Date,Open,High,Low,Close,Adj Close,Volume
2021-08-16,13.510000228881836,13.640000343322754,13.130000114440918,13.359999656677246,13.359999656677246,12915784
2021-08-17,13.40999984741211,13.75,13.010000228881836,13.140000343322754,13.140000343322754,12534734
2021-08-18,13.130000114440918,14.180000305175781,13.109999656677246,13.779999732971191,13.779999732971191,21090800
2021-08-19,13.779999732971191,13.869999885559082,12.75,13.279999732971191,13.279999732971191,15661896
2021-08-20,13.15999984741211,13.770000457763672,12.609999656677246,13.449999809265137,13.449999809265137,12914650
2021-08-23,13.6899995803833,13.9399995803833,13.300000190734863,13.460000038146973,13.460000038146973,13759595
2021-08-24,13.470000267028809,13.569999694824219,13.210000038146973,13.319999694824219,13.319999694824219,10444120
2021-08-25,13.319999694824219,13.619999885559082,13.0,13.619999885559082,13.619999885559082,11198166
2021-08-26,13.75,13.869999885559082,13.260000228881836,13.380000114440918,13.380000114440918,12436150
2021-08-27,13.489999771118164,14.720000267028809,13.109999656677246,14.720000267028809,14.720000267028809,30793084
2021-08-30,14.84000015258789,15.5,14.300000190734863,14.569999694824219,14.569999694824219,34390366
2021-08-31,14.65999984741211,14.720000267028809,14.0,14.279999732971191,14.279999732971191,23769576
2021-09-01,14.350000381469727,14.670000076293945,12.850000381469727,12.850000381469727,12.850000381469727,31828688
2021-09-02,12.5,13.640000343322754,12.380000114440918,13.539999961853027,13.539999961853027,22779608
2021-09-03,13.65999984741211,14.890000343322754,13.649999618530273,14.300000190734863,14.300000190734863,39688582
2021-09-06,14.300000190734863,14.390000343322754,12.949999809265137,13.460000038146973,13.460000038146973,26788326
2021-09-07,13.619999885559082,14.8100004196167,13.600000381469727,14.8100004196167,14.8100004196167,22374215
2021-09-08,15.369999885559082,16.290000915527344,15.220000267028809,16.290000915527344,16.290000915527344,44139578
2021-09-09,16.299999237060547,17.56999969482422,16.299999237060547,16.59000015258789,16.59000015258789,45854804
2021-09-10,16.799999237060547,17.219999313354492,16.290000915527344,16.489999771118164,16.489999771118164,27983756
2021-09-13,16.510000228881836,17.040000915527344,16.149999618530273,16.8700008392334,16.8700008392334,26640408
2021-09-14,16.600000381469727,16.649999618530273,15.640000343322754,16.139999389648438,16.139999389648438,21846724
2021-09-15,16.149999618530273,16.979999542236328,15.949999809265137,16.729999542236328,16.729999542236328,24673184
2021-09-16,17.280000686645508,18.139999389648438,16.690000534057617,16.799999237060547,16.799999237060547,29980993
2021-09-17,16.600000381469727,17.350000381469727,15.710000038146973,16.360000610351562,16.360000610351562,21915143
2021-09-22,16.399999618530273,17.65999984741211,16.34000015258789,17.65999984741211,17.65999984741211,22555223
2021-09-23,17.649999618530273,18.299999237060547,16.600000381469727,17.34000015258789,17.34000015258789,25032485
2021-09-24,17.360000610351562,17.5,15.65999984741211,15.760000228881836,15.760000228881836,20173711
2021-09-27,16.09000015258789,16.280000686645508,14.180000305175781,14.180000305175781,14.180000305175781,18434700
2021-09-28,13.920000076293945,15.279999732971191,13.920000076293945,14.760000228881836,14.760000228881836,18154900
2021-09-29,14.899999618530273,15.34000015258789,14.130000114440918,14.140000343322754,14.140000343322754,14434406
2021-09-30,14.300000190734863,15.119999885559082,14.15999984741211,14.770000457763672,14.770000457763672,11001218
2021-10-08,15.0,15.069999694824219,13.850000381469727,14.020000457763672,14.020000457763672,16658505
2021-10-11,14.140000343322754,14.260000228881836,12.630000114440918,13.770000457763672,13.770000457763672,12971806
2021-10-12,13.9399995803833,14.180000305175781,12.880000114440918,13.15999984741211,13.15999984741211,12380083
2021-10-13,13.0,13.25,12.25,12.630000114440918,12.630000114440918,11913700
2021-10-14,11.680000305175781,11.949999809265137,11.369999885559082,11.720000267028809,11.720000267028809,25162200
2021-10-15,11.65999984741211,11.720000267028809,11.1899995803833,11.1899995803833,11.1899995803833,14447297
2021-10-18,11.300000190734863,11.760000228881836,10.949999809265137,11.670000076293945,11.670000076293945,13063893
2021-10-19,11.649999618530273,12.65999984741211,11.5,12.300000190734863,12.300000190734863,17248207
2021-10-20,12.270000457763672,12.289999961853027,11.619999885559082,11.880000114440918,11.880000114440918,13026500
2021-10-21,11.970000267028809,12.399999618530273,11.760000228881836,11.970000267028809,11.970000267028809,13409029
2021-10-22,11.880000114440918,12.0600004196167,11.399999618530273,11.420000076293945,11.420000076293945,11202721
2021-10-25,11.420000076293945,11.779999732971191,11.319999694824219,11.550000190734863,11.550000190734863,8311793
2021-10-26,11.779999732971191,12.039999961853027,11.5,11.880000114440918,11.880000114440918,16143110
2021-10-27,11.569999694824219,11.65999984741211,11.15999984741211,11.369999885559082,11.369999885559082,15566031
2021-10-28,11.369999885559082,11.430000305175781,10.479999542236328,10.600000381469727,10.600000381469727,14555400
2021-10-29,10.4399995803833,10.880000114440918,10.4399995803833,10.609999656677246,10.609999656677246,9451444
2021-11-01,10.489999771118164,10.890000343322754,10.4399995803833,10.789999961853027,10.789999961853027,8489200
2021-11-02,10.75,10.850000381469727,10.09000015258789,10.260000228881836,10.260000228881836,11365736
2021-11-03,10.289999961853027,10.380000114440918,10.0,10.329999923706055,10.329999923706055,8618635
2021-11-04,10.359999656677246,10.539999961853027,10.260000228881836,10.520000457763672,10.520000457763672,8296900
2021-11-05,10.420000076293945,10.479999542236328,10.0600004196167,10.069999694824219,10.069999694824219,7342180
2021-11-08,10.170000076293945,10.40999984741211,10.020000457763672,10.380000114440918,10.380000114440918,6740598
2021-11-09,10.380000114440918,10.539999961853027,10.300000190734863,10.449999809265137,10.449999809265137,8139750
2021-11-10,10.359999656677246,10.489999771118164,10.09000015258789,10.399999618530273,10.399999618530273,9118555
2021-11-11,10.350000381469727,10.680000305175781,10.3100004196167,10.600000381469727,10.600000381469727,11193094
2021-11-12,10.550000190734863,10.600000381469727,10.319999694824219,10.5,10.5,8261200
2021-11-15,10.430000305175781,10.479999542236328,10.25,10.399999618530273,10.399999618530273,7460800
2021-11-16,10.390000343322754,10.390000343322754,10.0600004196167,10.069999694824219,10.069999694824219,9908000
2021-11-17,10.050000190734863,10.279999732971191,10.039999961853027,10.270000457763672,10.270000457763672,6415801
2021-11-18,10.359999656677246,11.09000015258789,10.279999732971191,10.979999542236328,10.979999542236328,21853985
2021-11-19,10.899999618530273,12.079999923706055,10.649999618530273,12.079999923706055,12.079999923706055,32706464
2021-11-22,12.399999618530273,12.579999923706055,12.079999923706055,12.180000305175781,12.180000305175781,37056753
2021-11-23,12.180000305175781,12.390000343322754,11.779999732971191,12.170000076293945,12.170000076293945,20507900
2021-11-24,12.130000114440918,12.390000343322754,11.880000114440918,12.300000190734863,12.300000190734863,17440526
2021-11-25,12.220000267028809,12.279999732971191,11.850000381469727,11.979999542236328,11.979999542236328,11925270
2021-11-26,11.949999809265137,12.109999656677246,11.800000190734863,12.0,12.0,9077766
2021-11-29,11.760000228881836,12.649999618530273,11.529999732971191,12.550000190734863,12.550000190734863,21686429
2021-11-30,12.600000381469727,12.84000015258789,12.300000190734863,12.479999542236328,12.479999542236328,17227355
2021-12-01,12.479999542236328,13.359999656677246,12.289999961853027,13.239999771118164,13.239999771118164,23391840
2021-12-02,13.100000381469727,14.300000190734863,12.960000038146973,13.279999732971191,13.279999732971191,28056205
2021-12-03,13.279999732971191,13.479999542236328,12.859999656677246,13.010000228881836,13.010000228881836,16274929
2021-12-06,13.010000228881836,13.010000228881836,12.449999809265137,12.479999542236328,12.479999542236328,15880641
2021-12-07,12.6899995803833,12.770000457763672,12.140000343322754,12.289999961853027,12.289999961853027,12438486
2021-12-08,12.279999732971191,12.449999809265137,12.1899995803833,12.359999656677246,12.359999656677246,8065901
2021-12-09,12.260000228881836,12.369999885559082,12.109999656677246,12.119999885559082,12.119999885559082,8670303
2021-12-10,12.180000305175781,12.550000190734863,12.109999656677246,12.289999961853027,12.289999961853027,9401078
2021-12-13,12.180000305175781,12.460000038146973,12.130000114440918,12.4399995803833,12.4399995803833,8931543
2021-12-14,12.300000190734863,13.170000076293945,12.15999984741211,13.0600004196167,13.0600004196167,18168700
2021-12-15,13.039999961853027,13.130000114440918,12.729999542236328,12.829999923706055,12.829999923706055,10870100
2021-12-16,12.75,13.300000190734863,12.729999542236328,13.25,13.25,13646062
2021-12-17,13.0600004196167,13.270000457763672,12.699999809265137,12.720000267028809,12.720000267028809,11798500
2021-12-20,12.619999885559082,12.8100004196167,12.210000038146973,12.220000267028809,12.220000267028809,9088800
2021-12-21,12.180000305175781,12.359999656677246,12.0600004196167,12.3100004196167,12.3100004196167,6236500
2021-12-22,12.300000190734863,12.479999542236328,12.210000038146973,12.380000114440918,12.380000114440918,5488659
2021-12-23,12.1899995803833,12.479999542236328,12.100000381469727,12.3100004196167,12.3100004196167,6798868
2021-12-24,12.229999542236328,12.300000190734863,11.329999923706055,11.369999885559082,11.369999885559082,13330901
2021-12-27,11.359999656677246,11.789999961853027,11.119999885559082,11.600000381469727,11.600000381469727,6335800
2021-12-28,11.569999694824219,11.579999923706055,11.369999885559082,11.5600004196167,11.5600004196167,4238878
2021-12-29,11.59000015258789,11.979999542236328,11.550000190734863,11.670000076293945,11.670000076293945,8499300
2021-12-30,11.779999732971191,11.859999656677246,11.600000381469727,11.779999732971191,11.779999732971191,6204359
2021-12-31,12.020000457763672,12.020000457763672,11.6899995803833,11.8100004196167,11.8100004196167,6014800
2022-01-04,11.770000457763672,11.989999771118164,11.710000038146973,11.930000305175781,11.930000305175781,6858200
2022-01-05,11.899999618530273,11.90999984741211,11.470000267028809,11.59000015258789,11.59000015258789,6107701
2022-01-06,11.579999923706055,11.920000076293945,11.460000038146973,11.819999694824219,11.819999694824219,5809800
2022-01-07,11.8100004196167,11.8100004196167,11.420000076293945,11.4399995803833,11.4399995803833,6144671
2022-01-10,11.510000228881836,11.670000076293945,11.40999984741211,11.5600004196167,11.5600004196167,3807926
2022-01-11,11.5600004196167,11.75,11.529999732971191,11.59000015258789,11.59000015258789,4248288
2022-01-12,11.59000015258789,11.90999984741211,11.550000190734863,11.880000114440918,11.880000114440918,7263001
2022-01-13,11.859999656677246,11.869999885559082,11.630000114440918,11.65999984741211,11.65999984741211,4832008
2022-01-14,11.630000114440918,11.75,11.3100004196167,11.34000015258789,11.34000015258789,5219508
2022-01-17,11.350000381469727,11.479999542236328,11.329999923706055,11.420000076293945,11.420000076293945,3555559
2022-01-18,11.359999656677246,11.5,11.130000114440918,11.220000267028809,11.220000267028809,5032200
2022-01-19,11.220000267028809,11.3100004196167,11.079999923706055,11.25,11.25,3496801
2022-01-20,11.229999542236328,11.289999961853027,10.65999984741211,10.670000076293945,10.670000076293945,6218001
2022-01-21,10.699999809265137,10.819999694824219,10.539999961853027,10.720000267028809,10.720000267028809,2643773
2022-01-24,10.649999618530273,10.760000228881836,10.4399995803833,10.619999885559082,10.619999885559082,2683800
2022-01-25,10.619999885559082,10.760000228881836,10.180000305175781,10.239999771118164,10.239999771118164,3711800
2022-01-26,9.220000267028809,9.34000015258789,9.220000267028809,9.220000267028809,9.220000267028809,3979410
2022-01-27,8.640000343322754,9.010000228881836,8.640000343322754,8.779999732971191,8.779999732971191,9205701
2022-01-28,8.800000190734863,9.350000381469727,8.75,9.170000076293945,9.170000076293945,8542201
2022-02-07,9.380000114440918,9.630000114440918,9.239999771118164,9.430000305175781,9.430000305175781,4940453
2022-02-08,9.550000190734863,9.729999542236328,8.489999771118164,9.680000305175781,9.680000305175781,6839418
2022-02-09,9.739999771118164,9.800000190734863,9.539999961853027,9.770000457763672,9.770000457763672,4187217
2022-02-10,9.75,9.899999618530273,9.699999809265137,9.800000190734863,9.800000190734863,3207501
2022-02-11,9.75,9.819999694824219,9.479999542236328,9.5600004196167,9.5600004196167,4314801
2022-02-14,9.550000190734863,9.710000038146973,9.390000343322754,9.460000038146973,9.460000038146973,2653702
2022-02-15,9.569999694824219,9.579999923706055,9.279999732971191,9.369999885559082,9.369999885559082,3176300
2022-02-16,9.470000267028809,9.75,9.420000076293945,9.670000076293945,9.670000076293945,4594400
2022-02-17,9.779999732971191,9.789999961853027,9.529999732971191,9.550000190734863,9.550000190734863,3179200
2022-02-18,9.5600004196167,9.670000076293945,9.479999542236328,9.640000343322754,9.640000343322754,2885800
2022-02-21,9.640000343322754,9.770000457763672,9.59000015258789,9.760000228881836,9.760000228881836,2942000
2022-02-22,9.6899995803833,9.75,9.520000457763672,9.59000015258789,9.59000015258789,3480755
2022-02-23,9.59000015258789,9.829999923706055,9.5600004196167,9.760000228881836,9.760000228881836,3386400
2022-02-24,9.760000228881836,9.899999618530273,9.270000457763672,9.430000305175781,9.430000305175781,5682100
2022-02-25,9.460000038146973,9.789999961853027,9.350000381469727,9.359999656677246,9.359999656677246,4309200
2022-02-28,9.350000381469727,9.489999771118164,9.109999656677246,9.359999656677246,9.359999656677246,3776400
2022-03-01,9.399999618530273,9.600000381469727,9.390000343322754,9.520000457763672,9.520000457763672,4165700
2022-03-02,9.550000190734863,9.789999961853027,9.399999618530273,9.739999771118164,9.739999771118164,4929600
2022-03-03,9.800000190734863,9.819999694824219,9.65999984741211,9.739999771118164,9.739999771118164,4354600
2022-03-04,9.729999542236328,9.75,9.520000457763672,9.5600004196167,9.5600004196167,3932520
2022-03-07,9.5600004196167,9.720000267028809,9.460000038146973,9.529999732971191,9.529999732971191,4022800
2022-03-08,9.5,9.550000190734863,9.079999923706055,9.149999618530273,9.149999618530273,4457100
2022-03-09,9.140000343322754,9.210000038146973,8.40999984741211,8.819999694824219,8.819999694824219,6065900
2022-03-10,8.9399995803833,9.260000228881836,8.9399995803833,9.140000343322754,9.140000343322754,4659883
2022-03-11,9.149999618530273,9.25,8.850000381469727,9.239999771118164,9.239999771118164,3943700
2022-03-14,9.1899995803833,9.270000457763672,8.949999809265137,8.949999809265137,8.949999809265137,2707100
2022-03-15,8.9399995803833,8.9399995803833,8.489999771118164,8.5,8.5,4342700
2022-03-16,8.670000076293945,8.779999732971191,8.180000305175781,8.75,8.75,4427300
2022-03-17,8.760000228881836,8.930000305175781,8.640000343322754,8.699999809265137,8.699999809265137,3566600
2022-03-18,8.6899995803833,8.979999542236328,8.609999656677246,8.970000267028809,8.970000267028809,3948255
2022-03-21,8.949999809265137,9.100000381469727,8.859999656677246,8.960000038146973,8.960000038146973,3003500
2022-03-22,8.899999618530273,9.079999923706055,8.829999923706055,9.0600004196167,9.0600004196167,3418100
2022-03-23,9.279999732971191,9.65999984741211,9.140000343322754,9.300000190734863,9.300000190734863,10544157
2022-03-24,9.3100004196167,10.229999542236328,9.239999771118164,10.229999542236328,10.229999542236328,8577307
2022-03-25,10.199999809265137,11.25,9.859999656677246,10.649999618530273,10.649999618530273,30507283
2022-03-28,10.170000076293945,10.289999961853027,9.869999885559082,9.9399995803833,9.9399995803833,16085400
2022-03-29,9.949999809265137,10.5,9.720000267028809,10.470000267028809,10.470000267028809,17253100
2022-03-30,10.329999923706055,10.34000015258789,10.029999732971191,10.199999809265137,10.199999809265137,11495901
2022-03-31,10.100000381469727,10.220000267028809,9.829999923706055,9.979999542236328,9.979999542236328,9486100
2022-04-01,9.8100004196167,10.130000114440918,9.710000038146973,9.989999771118164,9.989999771118164,8437200
2022-04-06,9.800000190734863,10.989999771118164,9.75,10.710000038146973,10.710000038146973,16913984
2022-04-07,10.449999809265137,11.289999961853027,10.270000457763672,11.069999694824219,11.069999694824219,22403296
2022-04-08,11.0,11.65999984741211,10.600000381469727,11.079999923706055,11.079999923706055,19472896
2022-04-11,10.8100004196167,10.979999542236328,10.289999961853027,10.470000267028809,10.470000267028809,12672200
2022-04-12,10.430000305175781,10.600000381469727,10.119999885559082,10.449999809265137,10.449999809265137,9090155
2022-04-13,10.25,10.779999732971191,9.979999542236328,10.569999694824219,10.569999694824219,12076896
2022-04-14,10.5,10.710000038146973,10.260000228881836,10.520000457763672,10.520000457763672,9827596
2022-04-15,9.520000457763672,9.680000305175781,9.470000267028809,9.470000267028809,9.470000267028809,5474700
2022-04-18,8.539999961853027,8.90999984741211,8.539999961853027,8.59000015258789,8.59000015258789,12310800
2022-04-19,8.600000381469727,9.260000228881836,8.600000381469727,9.210000038146973,9.210000038146973,12233911
2022-04-20,9.149999618530273,9.300000190734863,8.710000038146973,8.869999885559082,8.869999885559082,7807420
2022-04-21,8.880000114440918,8.899999618530273,8.279999732971191,8.319999694824219,8.319999694824219,7664300
2022-04-22,8.449999809265137,8.449999809265137,8.0,8.279999732971191,8.279999732971191,5231510
2022-04-25,8.100000381469727,8.15999984741211,7.53000020980835,7.550000190734863,7.550000190734863,6490943
2022-04-26,7.550000190734863,7.639999866485596,7.230000019073486,7.25,7.25,4582910
2022-04-27,7.150000095367432,7.46999979019165,7.039999961853027,7.440000057220459,7.440000057220459,4483900
2022-04-28,7.349999904632568,7.5,7.099999904632568,7.199999809265137,7.199999809265137,3745598
2022-04-29,7.230000019073486,7.53000020980835,7.170000076293945,7.519999980926514,7.519999980926514,3589100
2022-05-05,7.5,7.789999961853027,7.5,7.690000057220459,7.690000057220459,3363240
2022-05-06,7.550000190734863,7.690000057220459,7.440000057220459,7.630000114440918,7.630000114440918,3237243
2022-05-09,7.599999904632568,7.849999904632568,7.570000171661377,7.739999771118164,7.739999771118164,2108800
2022-05-10,7.630000114440918,7.800000190734863,7.579999923706055,7.769999980926514,7.769999980926514,2246242
2022-05-11,7.75,7.96999979019165,7.71999979019165,7.739999771118164,7.739999771118164,3793600
2022-05-12,7.699999809265137,7.860000133514404,7.639999866485596,7.75,7.75,2170900
2022-05-13,7.860000133514404,7.920000076293945,7.730000019073486,7.800000190734863,7.800000190734863,1967100
2022-05-16,7.820000171661377,7.929999828338623,7.75,7.809999942779541,7.809999942779541,1632101
2022-05-17,7.860000133514404,7.860000133514404,7.599999904632568,7.730000019073486,7.730000019073486,2533720
2022-05-18,7.789999961853027,8.5,7.659999847412109,8.5,8.5,9094101
2022-05-19,8.489999771118164,9.350000381469727,8.359999656677246,9.350000381469727,9.350000381469727,16031293
2022-05-20,9.350000381469727,10.15999984741211,9.100000381469727,9.130000114440918,9.130000114440918,22440237
2022-05-23,9.109999656677246,9.329999923706055,8.899999618530273,9.0600004196167,9.0600004196167,14089143
2022-05-24,8.9399995803833,9.84000015258789,8.800000190734863,9.390000343322754,9.390000343322754,19246278
2022-05-25,9.0600004196167,9.760000228881836,9.020000457763672,9.520000457763672,9.520000457763672,15945785
2022-05-26,9.430000305175781,9.489999771118164,9.020000457763672,9.170000076293945,9.170000076293945,11593187
2022-05-27,9.180000305175781,10.09000015258789,9.079999923706055,10.09000015258789,10.09000015258789,19729863
2022-05-30,9.84000015258789,11.100000381469727,9.819999694824219,11.100000381469727,11.100000381469727,34919230
2022-05-31,12.0,12.210000038146973,11.25,12.210000038146973,12.210000038146973,56478689
2022-06-01,11.0,11.399999618530273,10.989999771118164,10.989999771118164,10.989999771118164,14728600
2022-06-02,9.890000343322754,10.4399995803833,9.890000343322754,10.09000015258789,10.09000015258789,40932294
2022-06-06,9.880000114440918,10.579999923706055,9.8100004196167,10.34000015258789,10.34000015258789,29717151
2022-06-07,10.15999984741211,10.15999984741211,9.8100004196167,9.920000076293945,9.920000076293945,19981800
2022-06-08,9.819999694824219,9.989999771118164,9.449999809265137,9.800000190734863,9.800000190734863,17534758
2022-06-09,9.720000267028809,9.869999885559082,9.529999732971191,9.550000190734863,9.550000190734863,12649300
2022-06-10,9.630000114440918,9.850000381469727,9.510000228881836,9.75,9.75,11007500
2022-06-13,9.6899995803833,9.960000038146973,9.5,9.779999732971191,9.779999732971191,10929800
2022-06-14,9.710000038146973,9.710000038146973,9.270000457763672,9.550000190734863,9.550000190734863,11041500
2022-06-15,9.550000190734863,9.619999885559082,9.319999694824219,9.329999923706055,9.329999923706055,9495400
2022-06-16,9.300000190734863,9.4399995803833,9.289999961853027,9.399999618530273,9.399999618530273,5967862
2022-06-17,9.359999656677246,9.5,9.130000114440918,9.460000038146973,9.460000038146973,9126315
2022-06-20,9.449999809265137,9.579999923706055,9.34000015258789,9.510000228881836,9.510000228881836,6592501
2022-06-21,9.529999732971191,9.649999618530273,9.239999771118164,9.260000228881836,9.260000228881836,7896200
2022-06-22,9.260000228881836,9.359999656677246,9.050000190734863,9.079999923706055,9.079999923706055,7619800
2022-06-23,9.180000305175781,9.300000190734863,8.970000267028809,9.270000457763672,9.270000457763672,6695400
2022-06-24,9.210000038146973,9.34000015258789,9.210000038146973,9.25,9.25,4898096
2022-06-27,9.279999732971191,9.40999984741211,9.220000267028809,9.399999618530273,9.399999618530273,6283930
2022-06-28,9.40999984741211,9.550000190734863,9.25,9.520000457763672,9.520000457763672,7938101
2022-06-29,9.520000457763672,9.539999961853027,9.229999542236328,9.229999542236328,9.229999542236328,6152500
2022-06-30,9.289999961853027,9.34000015258789,9.199999809265137,9.220000267028809,9.220000267028809,4168120
2022-07-01,9.229999542236328,9.3100004196167,9.130000114440918,9.1899995803833,9.1899995803833,3303500
2022-07-04,9.180000305175781,9.25,9.100000381469727,9.140000343322754,9.140000343322754,5136500
2022-07-05,9.149999618530273,9.420000076293945,9.09000015258789,9.239999771118164,9.239999771118164,7326500
2022-07-06,9.239999771118164,9.25,8.8100004196167,8.859999656677246,8.859999656677246,7108300
2022-07-07,8.819999694824219,9.15999984741211,8.819999694824219,9.050000190734863,9.050000190734863,4338521
2022-07-08,9.09000015258789,9.109999656677246,9.0,9.029999732971191,9.029999732971191,2762501
2022-07-11,8.989999771118164,9.020000457763672,8.850000381469727,8.920000076293945,8.920000076293945,2327321
2022-07-12,8.760000228881836,8.8100004196167,8.5,8.579999923706055,8.579999923706055,5835028
2022-07-13,8.510000228881836,8.829999923706055,8.510000228881836,8.829999923706055,8.829999923706055,4126238
2022-07-14,8.800000190734863,8.8100004196167,8.649999618530273,8.760000228881836,8.760000228881836,2255900
2022-07-15,8.8100004196167,8.819999694824219,8.470000267028809,8.470000267028809,8.470000267028809,3698401
2022-07-18,8.430000305175781,8.75,8.430000305175781,8.729999542236328,8.729999542236328,3414825
2022-07-19,8.75,8.90999984741211,8.670000076293945,8.890000343322754,8.890000343322754,3250621
2022-07-20,8.949999809265137,9.119999885559082,8.84000015258789,9.119999885559082,9.119999885559082,5061774
2022-07-21,9.119999885559082,9.350000381469727,9.010000228881836,9.069999694824219,9.069999694824219,5188374
2022-07-22,9.050000190734863,9.15999984741211,8.979999542236328,9.079999923706055,9.079999923706055,3605700
2022-07-25,9.140000343322754,9.140000343322754,8.869999885559082,8.899999618530273,8.899999618530273,2326300
2022-07-26,8.90999984741211,9.010000228881836,8.770000457763672,9.0,9.0,1994100
2022-07-27,8.880000114440918,9.050000190734863,8.880000114440918,9.050000190734863,9.050000190734863,2209100
2022-07-28,9.0600004196167,9.170000076293945,9.029999732971191,9.100000381469727,9.100000381469727,2738129
2022-07-29,9.069999694824219,10.010000228881836,9.069999694824219,10.010000228881836,10.010000228881836,31000064
2022-08-01,9.869999885559082,10.649999618530273,9.609999656677246,10.09000015258789,10.09000015258789,37290474
2022-08-02,9.989999771118164,10.079999923706055,9.399999618530273,9.5,9.5,19534841
2022-08-03,9.630000114440918,10.100000381469727,9.270000457763672,9.390000343322754,9.390000343322754,15796685
2022-08-04,9.449999809265137,10.329999923706055,9.420000076293945,10.329999923706055,10.329999923706055,13400392
2022-08-05,10.420000076293945,10.800000190734863,10.109999656677246,10.140000343322754,10.140000343322754,36135487
2022-08-08,10.029999732971191,10.399999618530273,9.9399995803833,10.25,10.25,18345506
2022-08-09,10.25,10.6899995803833,10.029999732971191,10.59000015258789,10.59000015258789,23758026
2022-08-10,10.510000228881836,10.75,10.289999961853027,10.5600004196167,10.5600004196167,17576920
2022-08-11,10.5600004196167,10.569999694824219,10.239999771118164,10.3100004196167,10.3100004196167,13840221
2022-08-12,10.300000190734863,10.380000114440918,10.100000381469727,10.170000076293945,10.170000076293945,10814021
2022-08-15,10.130000114440918,10.260000228881836,9.989999771118164,10.239999771118164,10.239999771118164,8708680
2022-08-16,10.289999961853027,10.289999961853027,10.079999923706055,10.1899995803833,10.1899995803833,7375600
2022-08-17,10.180000305175781,10.180000305175781,9.970000267028809,9.989999771118164,9.989999771118164,8329100
2022-08-18,10.0,10.649999618530273,9.869999885559082,10.180000305175781,10.180000305175781,12445920
2022-08-19,10.069999694824219,10.260000228881836,9.800000190734863,9.800000190734863,9.800000190734863,9276021
2022-08-22,9.710000038146973,9.9399995803833,9.680000305175781,9.880000114440918,9.880000114440918,5120608
2022-08-23,9.880000114440918,10.09000015258789,9.8100004196167,10.09000015258789,10.09000015258789,5901854
2022-08-24,10.100000381469727,10.130000114440918,9.649999618530273,9.680000305175781,9.680000305175781,7023188
2022-08-25,9.75,9.9399995803833,9.4399995803833,9.720000267028809,9.720000267028809,4936504
2022-08-26,9.699999809265137,10.6899995803833,9.569999694824219,10.319999694824219,10.319999694824219,29582283
2022-08-29,10.109999656677246,11.0,10.010000228881836,10.800000190734863,10.800000190734863,30322473
2022-08-30,10.5,10.640000343322754,10.279999732971191,10.350000381469727,10.350000381469727,17011892
2022-08-31,10.449999809265137,11.170000076293945,10.130000114440918,10.890000343322754,10.890000343322754,28104648
2022-09-01,10.649999618530273,10.84000015258789,10.260000228881836,10.699999809265137,10.699999809265137,18340039
2022-09-02,10.539999961853027,10.649999618530273,10.289999961853027,10.34000015258789,10.34000015258789,11672565
2022-09-05,10.300000190734863,10.649999618530273,10.149999618530273,10.390000343322754,10.390000343322754,10909301
2022-09-06,10.359999656677246,11.350000381469727,10.270000457763672,10.970000267028809,10.970000267028809,22927618
2022-09-07,10.800000190734863,11.0,10.710000038146973,10.770000457763672,10.770000457763672,17009027
2022-09-08,10.779999732971191,11.5600004196167,10.680000305175781,11.279999732971191,11.279999732971191,29273809
2022-09-09,11.319999694824219,11.319999694824219,10.960000038146973,11.029999732971191,11.029999732971191,16292329
2022-09-13,10.930000305175781,11.029999732971191,10.59000015258789,10.729999542236328,10.729999542236328,13016928
2022-09-14,10.460000038146973,10.619999885559082,9.850000381469727,10.050000190734863,10.050000190734863,16084320
2022-09-15,10.039999961853027,10.119999885559082,9.489999771118164,9.699999809265137,9.699999809265137,11495541
2022-09-16,9.640000343322754,9.670000076293945,9.220000267028809,9.229999542236328,9.229999542236328,8742600
2022-09-19,9.119999885559082,9.319999694824219,9.0,9.260000228881836,9.260000228881836,4211779
2022-09-20,9.25,9.399999618530273,9.25,9.279999732971191,9.279999732971191,3950300
2022-09-21,9.369999885559082,9.369999885559082,9.0,9.3100004196167,9.3100004196167,3912000
2022-09-22,9.199999809265137,9.470000267028809,9.149999618530273,9.399999618530273,9.399999618530273,4832900
2022-09-23,9.380000114440918,9.4399995803833,8.90999984741211,8.960000038146973,8.960000038146973,6132460
2022-09-26,8.90999984741211,9.069999694824219,8.720000267028809,8.960000038146973,8.960000038146973,4068460
2022-09-27,8.90999984741211,9.079999923706055,8.84000015258789,9.069999694824219,9.069999694824219,3275358
2022-09-28,9.050000190734863,9.050000190734863,8.600000381469727,8.600000381469727,8.600000381469727,4610819
2022-09-29,8.699999809265137,8.739999771118164,8.5600004196167,8.600000381469727,8.600000381469727,2565100
2022-09-30,8.600000381469727,8.720000267028809,8.539999961853027,8.65999984741211,8.65999984741211,2151497
2022-10-10,8.640000343322754,8.739999771118164,8.270000457763672,8.319999694824219,8.319999694824219,3297260
2022-10-11,8.300000190734863,8.449999809265137,8.199999809265137,8.399999618530273,8.399999618530273,2590000
2022-10-12,8.430000305175781,8.600000381469727,8.15999984741211,8.59000015258789,8.59000015258789,3886727
2022-10-13,8.569999694824219,8.680000305175781,8.449999809265137,8.619999885559082,8.619999885559082,2782658
2022-10-14,8.630000114440918,8.8100004196167,8.630000114440918,8.789999961853027,8.789999961853027,2975060
2022-10-17,8.819999694824219,8.930000305175781,8.670000076293945,8.90999984741211,8.90999984741211,3668941
2022-10-18,8.899999618530273,8.899999618530273,8.779999732971191,8.819999694824219,8.819999694824219,2979740
2022-10-19,8.770000457763672,8.880000114440918,8.710000038146973,8.710000038146973,8.710000038146973,2684360
2022-10-20,8.710000038146973,8.850000381469727,8.579999923706055,8.710000038146973,8.710000038146973,2684648
2022-10-21,8.6899995803833,8.789999961853027,8.640000343322754,8.739999771118164,8.739999771118164,2481760
2022-10-24,8.739999771118164,9.039999961853027,8.739999771118164,8.819999694824219,8.819999694824219,5736181
2022-10-25,8.789999961853027,8.789999961853027,8.399999618530273,8.65999984741211,8.65999984741211,3593480
2022-10-26,8.670000076293945,8.880000114440918,8.619999885559082,8.760000228881836,8.760000228881836,3243900
2022-10-27,8.479999542236328,8.550000190734863,8.170000076293945,8.220000267028809,8.220000267028809,8792500
2022-10-28,8.149999618530273,8.149999618530273,7.699999809265137,7.739999771118164,7.739999771118164,6312982
2022-10-31,7.739999771118164,8.100000381469727,7.639999866485596,7.909999847412109,7.909999847412109,4149201
2022-11-01,7.989999771118164,8.170000076293945,7.880000114440918,8.15999984741211,8.15999984741211,3475700
2022-11-02,8.180000305175781,8.260000228881836,8.140000343322754,8.1899995803833,8.1899995803833,2628762
2022-11-03,8.170000076293945,8.34000015258789,8.140000343322754,8.279999732971191,8.279999732971191,2268500
2022-11-04,8.289999961853027,8.460000038146973,8.289999961853027,8.4399995803833,8.4399995803833,2960300
2022-11-07,8.399999618530273,8.720000267028809,8.399999618530273,8.6899995803833,8.6899995803833,4170860
2022-11-08,8.739999771118164,8.789999961853027,8.600000381469727,8.729999542236328,8.729999542236328,2663400
2022-11-09,8.729999542236328,8.770000457763672,8.649999618530273,8.65999984741211,8.65999984741211,2024840
2022-11-10,8.609999656677246,8.699999809265137,8.600000381469727,8.630000114440918,8.630000114440918,2252600
2022-11-11,8.720000267028809,8.869999885559082,8.6899995803833,8.699999809265137,8.699999809265137,2866800
2022-11-14,8.770000457763672,8.930000305175781,8.569999694824219,8.630000114440918,8.630000114440918,3852034
2022-11-15,8.65999984741211,8.789999961853027,8.59000015258789,8.789999961853027,8.789999961853027,2757800
2022-11-16,8.800000190734863,8.930000305175781,8.770000457763672,8.84000015258789,8.84000015258789,2524783
2022-11-17,8.890000343322754,8.979999542236328,8.760000228881836,8.850000381469727,8.850000381469727,3055016
2022-11-18,8.880000114440918,8.90999984741211,8.609999656677246,8.640000343322754,8.640000343322754,3993000
2022-11-21,8.670000076293945,8.729999542236328,8.529999732971191,8.6899995803833,8.6899995803833,2071341
2022-11-22,8.6899995803833,8.960000038146973,8.630000114440918,8.699999809265137,8.699999809265137,4640100
2022-11-23,8.84000015258789,9.569999694824219,8.819999694824219,9.569999694824219,9.569999694824219,7591262
2022-11-24,9.859999656677246,10.239999771118164,9.4399995803833,9.460000038146973,9.460000038146973,31425012
2022-11-25,9.350000381469727,10.149999618530273,9.350000381469727,9.800000190734863,9.800000190734863,24684344
2022-11-28,9.40999984741211,10.100000381469727,9.210000038146973,9.699999809265137,9.699999809265137,19521413
2022-11-29,9.699999809265137,9.899999618530273,9.479999542236328,9.720000267028809,9.720000267028809,15463165
2022-11-30,9.579999923706055,9.850000381469727,9.449999809265137,9.680000305175781,9.680000305175781,11338451
2022-12-01,9.600000381469727,9.729999542236328,9.539999961853027,9.609999656677246,9.609999656677246,8042495
2022-12-02,9.59000015258789,9.729999542236328,9.460000038146973,9.640000343322754,9.640000343322754,9130081
2022-12-05,9.710000038146973,10.479999542236328,9.640000343322754,10.199999809265137,10.199999809265137,21898960
2022-12-06,10.039999961853027,10.039999961853027,9.75,9.779999732971191,9.779999732971191,12823174
2022-12-07,9.75,9.800000190734863,9.4399995803833,9.59000015258789,9.59000015258789,10221101
2022-12-08,9.510000228881836,9.619999885559082,9.420000076293945,9.539999961853027,9.539999961853027,7148700
2022-12-09,9.800000190734863,9.979999542236328,9.619999885559082,9.880000114440918,9.880000114440918,12980901
2022-12-12,9.699999809265137,9.710000038146973,9.479999542236328,9.539999961853027,9.539999961853027,8480301
2022-12-13,9.470000267028809,9.600000381469727,9.390000343322754,9.5600004196167,9.5600004196167,5901000
2022-12-14,9.5,9.510000228881836,9.09000015258789,9.130000114440918,9.130000114440918,8952900
2022-12-15,9.1899995803833,9.420000076293945,9.140000343322754,9.199999809265137,9.199999809265137,4704157
2022-12-16,9.100000381469727,9.279999732971191,9.079999923706055,9.140000343322754,9.140000343322754,3994400
2022-12-19,9.15999984741211,9.270000457763672,8.869999885559082,8.930000305175781,8.930000305175781,4310800
2022-12-20,8.920000076293945,9.170000076293945,8.880000114440918,9.029999732971191,9.029999732971191,3464400
2022-12-21,8.9399995803833,9.579999923706055,8.9399995803833,9.350000381469727,9.350000381469727,8743026
2022-12-22,9.229999542236328,9.680000305175781,9.109999656677246,9.220000267028809,9.220000267028809,8774700
2022-12-23,9.0,9.34000015258789,8.699999809265137,8.75,8.75,7514900
2022-12-26,8.890000343322754,9.220000267028809,8.779999732971191,9.1899995803833,9.1899995803833,6768400
2022-12-27,9.289999961853027,9.289999961853027,9.039999961853027,9.069999694824219,9.069999694824219,4062100
2022-12-28,9.069999694824219,9.069999694824219,8.8100004196167,8.869999885559082,8.869999885559082,2686767
2022-12-29,8.899999618530273,8.90999984741211,8.649999618530273,8.649999618530273,8.649999618530273,3155900
2022-12-30,8.729999542236328,8.770000457763672,8.600000381469727,8.65999984741211,8.65999984741211,2549800
2023-01-03,8.699999809265137,8.890000343322754,8.550000190734863,8.869999885559082,8.869999885559082,2633000
2023-01-04,8.829999923706055,8.930000305175781,8.760000228881836,8.850000381469727,8.850000381469727,2388500
2023-01-05,8.850000381469727,8.850000381469727,8.729999542236328,8.800000190734863,8.800000190734863,2148100
2023-01-06,8.760000228881836,8.949999809265137,8.760000228881836,8.819999694824219,8.819999694824219,3271700
2023-01-09,8.819999694824219,9.149999618530273,8.819999694824219,9.010000228881836,9.010000228881836,5222900
2023-01-10,8.960000038146973,8.989999771118164,8.760000228881836,8.789999961853027,8.789999961853027,3431100
2023-01-11,8.84000015258789,8.84000015258789,8.649999618530273,8.670000076293945,8.670000076293945,2577500
2023-01-12,8.670000076293945,8.729999542236328,8.59000015258789,8.6899995803833,8.6899995803833,2054100
2023-01-13,8.699999809265137,8.899999618530273,8.699999809265137,8.8100004196167,8.8100004196167,2651000
2023-01-16,8.789999961853027,8.930000305175781,8.760000228881836,8.890000343322754,8.890000343322754,2460502
2023-01-17,8.920000076293945,8.930000305175781,8.770000457763672,8.800000190734863,8.800000190734863,1832500
2023-01-18,8.760000228881836,8.899999618530273,8.75,8.890000343322754,8.890000343322754,1905001
2023-01-19,8.819999694824219,9.020000457763672,8.819999694824219,9.020000457763672,9.020000457763672,2941900
2023-01-20,8.779999732971191,9.050000190734863,8.760000228881836,9.039999961853027,9.039999961853027,4699500
2023-01-30,9.050000190734863,9.199999809265137,9.050000190734863,9.109999656677246,9.109999656677246,4421100
2023-01-31,9.119999885559082,9.220000267028809,9.020000457763672,9.210000038146973,9.210000038146973,3058400
2023-02-01,9.199999809265137,9.4399995803833,9.1899995803833,9.4399995803833,9.4399995803833,4983200
2023-02-02,9.4399995803833,9.5,9.350000381469727,9.40999984741211,9.40999984741211,3825030
2023-02-03,9.449999809265137,9.600000381469727,9.239999771118164,9.460000038146973,9.460000038146973,5262230
2023-02-06,9.399999618530273,9.600000381469727,9.380000114440918,9.59000015258789,9.59000015258789,4673071
2023-02-07,9.579999923706055,9.640000343322754,9.470000267028809,9.550000190734863,9.550000190734863,3408700
2023-02-08,9.520000457763672,9.680000305175781,9.470000267028809,9.479999542236328,9.479999542236328,3230600
2023-02-09,9.470000267028809,9.630000114440918,9.449999809265137,9.59000015258789,9.59000015258789,3119563
2023-02-10,9.600000381469727,9.760000228881836,9.5600004196167,9.640000343322754,9.640000343322754,3179700
2023-02-13,9.649999618530273,9.699999809265137,9.539999961853027,9.600000381469727,9.600000381469727,3014400
2023-02-14,9.600000381469727,10.5600004196167,9.550000190734863,10.5600004196167,10.5600004196167,13504002
2023-02-15,11.5,11.619999885559082,11.300000190734863,11.619999885559082,11.619999885559082,16421422
2023-02-16,11.779999732971191,12.779999732971191,11.020000457763672,12.449999809265137,12.449999809265137,72020610
2023-02-17,11.210000038146973,11.789999961853027,11.210000038146973,11.210000038146973,11.210000038146973,40650397
2023-02-20,10.779999732971191,11.329999923706055,10.479999542236328,11.149999618530273,11.149999618530273,31766175
2023-02-21,10.949999809265137,11.319999694824219,10.770000457763672,11.09000015258789,11.09000015258789,22372030
2023-02-22,10.949999809265137,11.649999618530273,10.819999694824219,11.359999656677246,11.359999656677246,30352802
2023-02-23,11.210000038146973,11.34000015258789,10.609999656677246,10.710000038146973,10.710000038146973,24266776
2023-02-24,10.789999961853027,11.050000190734863,10.380000114440918,10.479999542236328,10.479999542236328,17438300
2023-02-27,10.680000305175781,10.699999809265137,10.229999542236328,10.260000228881836,10.260000228881836,13779447
2023-02-28,10.380000114440918,10.399999618530273,10.109999656677246,10.229999542236328,10.229999542236328,10979800
2023-03-01,10.229999542236328,10.390000343322754,10.180000305175781,10.369999885559082,10.369999885559082,9304700
2023-03-02,10.529999732971191,10.779999732971191,10.460000038146973,10.640000343322754,10.640000343322754,21346554
2023-03-03,10.430000305175781,11.600000381469727,10.40999984741211,11.039999961853027,11.039999961853027,33547563
2023-03-06,10.989999771118164,11.279999732971191,10.800000190734863,10.9399995803833,10.9399995803833,21553099
2023-03-07,10.829999923706055,11.1899995803833,10.770000457763672,10.789999961853027,10.789999961853027,16555954
2023-03-08,10.630000114440918,10.829999923706055,10.550000190734863,10.699999809265137,10.699999809265137,10505754
2023-03-09,10.600000381469727,10.760000228881836,10.449999809265137,10.5600004196167,10.5600004196167,8535662
2023-03-10,10.510000228881836,10.510000228881836,10.270000457763672,10.329999923706055,10.329999923706055,7754543
2023-03-13,10.050000190734863,10.25,10.029999732971191,10.15999984741211,10.15999984741211,6231599
2023-03-14,10.270000457763672,10.289999961853027,9.899999618530273,9.930000305175781,9.930000305175781,7702600
2023-03-15,9.920000076293945,10.210000038146973,9.920000076293945,10.130000114440918,10.130000114440918,5705400
2023-03-16,10.100000381469727,10.100000381469727,9.770000457763672,9.800000190734863,9.800000190734863,6522209
2023-03-17,9.890000343322754,9.930000305175781,9.800000190734863,9.859999656677246,9.859999656677246,4611900
2023-03-20,9.920000076293945,9.930000305175781,9.729999542236328,9.869999885559082,9.869999885559082,5433000
2023-03-21,9.899999618530273,10.020000457763672,9.800000190734863,10.020000457763672,10.020000457763672,4671700
2023-03-22,10.050000190734863,10.069999694824219,9.850000381469727,9.90999984741211,9.90999984741211,5305700
2023-03-23,9.90999984741211,10.020000457763672,9.789999961853027,9.789999961853027,9.789999961853027,5232100
2023-03-24,9.789999961853027,9.899999618530273,9.779999732971191,9.899999618530273,9.899999618530273,3507401
2023-03-27,9.970000267028809,9.979999542236328,9.729999542236328,9.869999885559082,9.869999885559082,4652034
2023-03-28,9.930000305175781,9.930000305175781,9.75,9.779999732971191,9.779999732971191,3677400
2023-03-29,9.75,10.119999885559082,9.670000076293945,9.84000015258789,9.84000015258789,10333200
2023-03-30,9.760000228881836,9.829999923706055,9.489999771118164,9.520000457763672,9.520000457763672,7523400
2023-03-31,9.579999923706055,9.760000228881836,9.489999771118164,9.699999809265137,9.699999809265137,4455900
2023-04-03,9.670000076293945,9.829999923706055,9.640000343322754,9.770000457763672,9.770000457763672,3978600
2023-04-04,9.779999732971191,9.789999961853027,9.539999961853027,9.579999923706055,9.579999923706055,4909700
2023-04-06,9.579999923706055,9.619999885559082,9.449999809265137,9.449999809265137,9.449999809265137,3636400
2023-04-07,9.5,9.6899995803833,9.460000038146973,9.649999618530273,9.649999618530273,3529500
2023-04-10,9.640000343322754,9.640000343322754,9.3100004196167,9.34000015258789,9.34000015258789,5507900
2023-04-11,9.3100004196167,9.4399995803833,9.149999618530273,9.40999984741211,9.40999984741211,2807300
2023-04-12,9.399999618530273,9.5600004196167,9.380000114440918,9.529999732971191,9.529999732971191,2909121
2023-04-13,9.550000190734863,9.680000305175781,9.479999542236328,9.59000015258789,9.59000015258789,3164700
2023-04-14,9.600000381469727,9.789999961853027,9.470000267028809,9.739999771118164,9.739999771118164,5518500
2023-04-17,9.75,9.850000381469727,9.710000038146973,9.779999732971191,9.779999732971191,3601200
2023-04-18,9.800000190734863,10.25,9.710000038146973,9.9399995803833,9.9399995803833,13704000
2023-04-19,9.9399995803833,10.079999923706055,9.760000228881836,9.970000267028809,9.970000267028809,7414600
2023-04-20,9.949999809265137,9.960000038146973,9.630000114440918,9.680000305175781,9.680000305175781,5586301
2023-04-21,9.680000305175781,9.680000305175781,9.260000228881836,9.260000228881836,9.260000228881836,5073300
2023-04-24,9.260000228881836,9.279999732971191,8.979999542236328,9.069999694824219,9.069999694824219,4459200
2023-04-25,8.859999656677246,9.029999732971191,8.229999542236328,8.40999984741211,8.40999984741211,8991110
2023-04-26,8.470000267028809,8.819999694824219,8.40999984741211,8.760000228881836,8.760000228881836,5025200
2023-04-27,8.819999694824219,8.819999694824219,8.619999885559082,8.65999984741211,8.65999984741211,3616400
2023-04-28,8.720000267028809,9.029999732971191,8.6899995803833,9.020000457763672,9.020000457763672,3851660
2023-05-04,9.010000228881836,9.100000381469727,8.850000381469727,9.010000228881836,9.010000228881836,3015600
2023-05-05,8.960000038146973,9.010000228881836,8.84000015258789,8.899999618530273,8.899999618530273,2869400
2023-05-08,8.880000114440918,9.079999923706055,8.880000114440918,9.0,9.0,3520600
2023-05-09,9.0,9.140000343322754,8.890000343322754,8.899999618530273,8.899999618530273,3942700
2023-05-10,8.899999618530273,8.979999542236328,8.789999961853027,8.9399995803833,8.9399995803833,3390900
2023-05-11,8.930000305175781,9.149999618530273,8.859999656677246,9.119999885559082,9.119999885559082,3072458
2023-05-12,9.079999923706055,9.15999984741211,8.90999984741211,8.930000305175781,8.930000305175781,2425009
2023-05-15,8.899999618530273,9.0600004196167,8.880000114440918,9.050000190734863,9.050000190734863,2442600
2023-05-16,9.039999961853027,9.039999961853027,8.90999984741211,8.949999809265137,8.949999809265137,1703700
2023-05-17,8.960000038146973,9.010000228881836,8.880000114440918,8.9399995803833,8.9399995803833,2142100
2023-05-18,8.979999542236328,9.0,8.899999618530273,8.930000305175781,8.930000305175781,1783088
2023-05-19,8.920000076293945,8.979999542236328,8.819999694824219,8.9399995803833,8.9399995803833,1933100
2023-05-22,8.930000305175781,9.0,8.84000015258789,8.90999984741211,8.90999984741211,2114900
2023-05-23,8.960000038146973,8.989999771118164,8.729999542236328,8.739999771118164,8.739999771118164,2316152
2023-05-24,8.739999771118164,8.819999694824219,8.670000076293945,8.760000228881836,8.760000228881836,1510959
2023-05-25,8.8100004196167,8.8100004196167,8.609999656677246,8.729999542236328,8.729999542236328,2171619
2023-05-26,8.680000305175781,8.75,8.550000190734863,8.680000305175781,8.680000305175781,1732300
2023-05-29,8.680000305175781,8.789999961853027,8.5,8.510000228881836,8.510000228881836,2435400
2023-05-30,8.510000228881836,8.569999694824219,8.380000114440918,8.5600004196167,8.5600004196167,2100300
2023-05-31,8.539999961853027,8.630000114440918,8.479999542236328,8.529999732971191,8.529999732971191,1687830
2023-06-01,8.529999732971191,8.59000015258789,8.390000343322754,8.5,8.5,2295200
2023-06-02,8.5,8.739999771118164,8.460000038146973,8.720000267028809,8.720000267028809,2748330
2023-06-05,8.720000267028809,8.789999961853027,8.670000076293945,8.739999771118164,8.739999771118164,1853800
2023-06-06,8.720000267028809,8.760000228881836,8.460000038146973,8.470000267028809,8.470000267028809,2526300
2023-06-07,8.449999809265137,8.5,8.3100004196167,8.350000381469727,8.350000381469727,2395200
2023-06-08,8.350000381469727,8.380000114440918,8.25,8.300000190734863,8.300000190734863,1714200
2023-06-09,8.369999885559082,8.369999885559082,8.239999771118164,8.289999961853027,8.289999961853027,2028600
2023-06-12,8.289999961853027,8.520000457763672,8.180000305175781,8.4399995803833,8.4399995803833,2414100
2023-06-13,8.399999618530273,8.5,8.380000114440918,8.460000038146973,8.460000038146973,1940480
2023-06-14,8.460000038146973,8.550000190734863,8.390000343322754,8.529999732971191,8.529999732971191,1648300
2023-06-15,8.520000457763672,8.5600004196167,8.449999809265137,8.489999771118164,8.489999771118164,1375900
2023-06-16,8.5600004196167,9.029999732971191,8.5600004196167,8.75,8.75,9208946
2023-06-19,8.75,9.180000305175781,8.699999809265137,8.899999618530273,8.899999618530273,8051626
2023-06-20,8.880000114440918,8.899999618530273,8.65999984741211,8.65999984741211,8.65999984741211,4362400
2023-06-21,8.600000381469727,8.859999656677246,8.600000381469727,8.699999809265137,8.699999809265137,3428410
2023-06-26,8.59000015258789,8.829999923706055,8.520000457763672,8.550000190734863,8.550000190734863,3431786
2023-06-27,8.579999923706055,9.40999984741211,8.579999923706055,9.40999984741211,9.40999984741211,9613530
2023-06-28,9.729999542236328,10.350000381469727,9.520000457763672,9.699999809265137,9.699999809265137,35843478
2023-06-29,9.600000381469727,10.010000228881836,9.399999618530273,9.420000076293945,9.420000076293945,20844988
2023-06-30,9.4399995803833,9.59000015258789,9.319999694824219,9.40999984741211,9.40999984741211,14235774
2023-07-03,9.4399995803833,9.84000015258789,9.40999984741211,9.630000114440918,9.630000114440918,16208084
2023-07-04,9.489999771118164,9.569999694824219,9.350000381469727,9.449999809265137,9.449999809265137,10058217
2023-07-05,9.4399995803833,9.550000190734863,9.350000381469727,9.420000076293945,9.420000076293945,8012529
2023-07-06,9.380000114440918,9.4399995803833,9.170000076293945,9.289999961853027,9.289999961853027,9304200
2023-07-07,9.199999809265137,9.350000381469727,9.170000076293945,9.25,9.25,5704700
2023-07-10,9.229999542236328,9.350000381469727,9.210000038146973,9.270000457763672,9.270000457763672,4374200
2023-07-11,9.289999961853027,9.289999961853027,9.180000305175781,9.25,9.25,4549855
2023-07-12,9.270000457763672,9.579999923706055,9.1899995803833,9.380000114440918,9.380000114440918,10025654
2023-07-13,9.3100004196167,9.34000015258789,9.180000305175781,9.229999542236328,9.229999542236328,6421200
2023-07-14,9.260000228881836,9.279999732971191,9.15999984741211,9.270000457763672,9.270000457763672,3703700
2023-07-17,9.029999732971191,9.109999656677246,8.649999618530273,9.09000015258789,9.09000015258789,7963831
2023-07-18,9.15999984741211,9.3100004196167,8.979999542236328,9.270000457763672,9.270000457763672,6351673
2023-07-19,9.270000457763672,9.359999656677246,9.149999618530273,9.229999542236328,9.229999542236328,3554600
2023-07-20,9.229999542236328,9.319999694824219,9.130000114440918,9.149999618530273,9.149999618530273,3623900
2023-07-21,9.119999885559082,9.270000457763672,9.079999923706055,9.170000076293945,9.170000076293945,3317400
2023-07-24,9.140000343322754,9.430000305175781,9.140000343322754,9.1899995803833,9.1899995803833,4208300
2023-07-25,9.25,9.319999694824219,9.149999618530273,9.319999694824219,9.319999694824219,5899000
2023-07-26,9.329999923706055,9.430000305175781,9.229999542236328,9.270000457763672,9.270000457763672,3336686
2023-07-27,9.239999771118164,9.34000015258789,9.15999984741211,9.199999809265137,9.199999809265137,3317850
2023-07-28,9.1899995803833,9.260000228881836,9.010000228881836,9.180000305175781,9.180000305175781,4319600
2023-07-31,9.170000076293945,9.329999923706055,9.15999984741211,9.270000457763672,9.270000457763672,3571699
2023-08-01,9.260000228881836,9.380000114440918,9.229999542236328,9.300000190734863,9.300000190734863,2761400
2023-08-02,9.359999656677246,9.460000038146973,9.229999542236328,9.270000457763672,9.270000457763672,4668000
2023-08-03,9.270000457763672,9.300000190734863,9.119999885559082,9.180000305175781,9.180000305175781,2956200
2023-08-04,9.1899995803833,9.279999732971191,9.079999923706055,9.09000015258789,9.09000015258789,3776969
2023-08-07,9.100000381469727,9.180000305175781,8.979999542236328,9.0,9.0,2984500
2023-08-08,8.989999771118164,9.170000076293945,8.800000190734863,9.130000114440918,9.130000114440918,4930700
2023-08-09,9.119999885559082,9.149999618530273,8.869999885559082,8.899999618530273,8.899999618530273,4314100
2023-08-10,8.869999885559082,8.970000267028809,8.859999656677246,8.890000343322754,8.890000343322754,2328800
2023-08-11,8.899999618530273,8.90999984741211,8.770000457763672,8.779999732971191,8.779999732971191,2289000
2023-08-14,8.779999732971191,8.789999961853027,8.630000114440918,8.760000228881836,8.760000228881836,2198600
2023-08-15,8.760000228881836,8.8100004196167,8.630000114440918,8.75,8.75,1487100
2023-08-16,8.75,8.789999961853027,8.65999984741211,8.680000305175781,8.680000305175781,1601500
2023-08-17,8.680000305175781,8.920000076293945,8.5600004196167,8.899999618530273,8.899999618530273,3446042
2023-08-18,8.9399995803833,8.949999809265137,8.75,8.75,8.75,2211200
2023-08-21,8.850000381469727,8.890000343322754,8.6899995803833,8.699999809265137,8.699999809265137,1685320
2023-08-22,8.720000267028809,8.789999961853027,8.449999809265137,8.619999885559082,8.619999885559082,2745620
2023-08-23,8.609999656677246,8.630000114440918,8.470000267028809,8.489999771118164,8.489999771118164,1634100
2023-08-24,8.479999542236328,8.579999923706055,8.359999656677246,8.460000038146973,8.460000038146973,1773200
2023-08-25,8.359999656677246,8.619999885559082,8.300000190734863,8.380000114440918,8.380000114440918,2884600
2023-08-28,8.800000190734863,8.829999923706055,8.59000015258789,8.630000114440918,8.630000114440918,4506000
2023-08-29,8.619999885559082,8.789999961853027,8.579999923706055,8.739999771118164,8.739999771118164,3010500
2023-08-30,8.729999542236328,8.800000190734863,8.640000343322754,8.65999984741211,8.65999984741211,2444900
2023-08-31,8.65999984741211,8.729999542236328,8.539999961853027,8.5600004196167,8.5600004196167,2144598
2023-09-01,8.5600004196167,8.619999885559082,8.470000267028809,8.569999694824219,8.569999694824219,1495400
2023-09-04,8.569999694824219,8.869999885559082,8.569999694824219,8.859999656677246,8.859999656677246,3401700
2023-09-05,8.890000343322754,8.890000343322754,8.770000457763672,8.819999694824219,8.819999694824219,1514000
2023-09-06,8.779999732971191,8.90999984741211,8.760000228881836,8.899999618530273,8.899999618530273,1563500
2023-09-07,8.880000114440918,8.920000076293945,8.779999732971191,8.779999732971191,8.779999732971191,1531300
2023-09-08,8.800000190734863,8.850000381469727,8.720000267028809,8.8100004196167,8.8100004196167,1426900
2023-09-11,8.8100004196167,8.90999984741211,8.770000457763672,8.880000114440918,8.880000114440918,2052200
2023-09-12,8.880000114440918,8.920000076293945,8.8100004196167,8.880000114440918,8.880000114440918,1482200
2023-09-13,8.869999885559082,8.9399995803833,8.779999732971191,8.859999656677246,8.859999656677246,1650900
2023-09-14,8.859999656677246,8.880000114440918,8.789999961853027,8.84000015258789,8.84000015258789,1726640
2023-09-15,8.899999618530273,8.899999618530273,8.729999542236328,8.760000228881836,8.760000228881836,2180400
2023-09-18,8.760000228881836,8.890000343322754,8.680000305175781,8.869999885559082,8.869999885559082,1863300
2023-09-19,8.829999923706055,8.9399995803833,8.800000190734863,8.829999923706055,8.829999923706055,1465650
2023-09-20,8.760000228881836,9.029999732971191,8.649999618530273,8.680000305175781,8.680000305175781,2908100
2023-09-21,8.680000305175781,8.680000305175781,8.5600004196167,8.59000015258789,8.59000015258789,1617500
2023-09-22,8.550000190734863,8.75,8.520000457763672,8.729999542236328,8.729999542236328,1521701
2023-09-25,8.819999694824219,8.819999694824219,8.550000190734863,8.59000015258789,8.59000015258789,1926700
2023-09-26,8.609999656677246,8.609999656677246,8.380000114440918,8.40999984741211,8.40999984741211,2312800
2023-09-27,8.390000343322754,8.510000228881836,8.350000381469727,8.449999809265137,8.449999809265137,1807300
2023-09-28,8.479999542236328,8.600000381469727,8.460000038146973,8.59000015258789,8.59000015258789,1744500
2023-10-09,8.760000228881836,8.760000228881836,8.479999542236328,8.5,8.5,2113031
2023-10-10,8.5,8.630000114440918,8.5,8.539999961853027,8.539999961853027,1624900
2023-10-11,8.539999961853027,8.59000015258789,8.479999542236328,8.489999771118164,8.489999771118164,1603800
2023-10-12,8.539999961853027,8.630000114440918,8.449999809265137,8.609999656677246,8.609999656677246,1807900
2023-10-13,8.609999656677246,8.609999656677246,8.449999809265137,8.460000038146973,8.460000038146973,1481100
2023-10-16,8.460000038146973,8.539999961853027,8.420000076293945,8.489999771118164,8.489999771118164,1611700
2023-10-17,8.529999732971191,8.779999732971191,8.460000038146973,8.569999694824219,8.569999694824219,2655600
2023-10-18,8.539999961853027,8.600000381469727,8.260000228881836,8.279999732971191,8.279999732971191,3113700
2023-10-19,8.279999732971191,8.449999809265137,8.199999809265137,8.289999961853027,8.289999961853027,2129901
2023-10-20,8.25,8.359999656677246,8.180000305175781,8.229999542236328,8.229999542236328,2217101
2023-10-23,8.210000038146973,8.350000381469727,7.980000019073486,8.020000457763672,8.020000457763672,2318000
2023-10-24,8.020000457763672,8.300000190734863,8.020000457763672,8.289999961853027,8.289999961853027,1853800
2023-10-25,8.34000015258789,8.5,8.319999694824219,8.470000267028809,8.470000267028809,1872399
2023-10-26,8.510000228881836,8.520000457763672,8.329999923706055,8.460000038146973,8.460000038146973,1823680
2023-10-27,8.489999771118164,8.609999656677246,8.359999656677246,8.59000015258789,8.59000015258789,2199900
2023-10-30,8.529999732971191,8.760000228881836,8.40999984741211,8.699999809265137,8.699999809265137,2480952
2023-10-31,8.680000305175781,8.789999961853027,8.600000381469727,8.710000038146973,8.710000038146973,2437700
2023-11-01,8.699999809265137,8.819999694824219,8.670000076293945,8.779999732971191,8.779999732971191,2339381
2023-11-02,8.8100004196167,8.850000381469727,8.680000305175781,8.75,8.75,2373100
2023-11-03,8.789999961853027,8.850000381469727,8.699999809265137,8.779999732971191,8.779999732971191,1775952
2023-11-06,8.829999923706055,8.890000343322754,8.760000228881836,8.819999694824219,8.819999694824219,1871340
2023-11-07,8.770000457763672,8.859999656677246,8.739999771118164,8.8100004196167,8.8100004196167,1821300
2023-11-08,8.819999694824219,8.890000343322754,8.800000190734863,8.819999694824219,8.819999694824219,1796000
2023-11-09,8.800000190734863,8.880000114440918,8.789999961853027,8.850000381469727,8.850000381469727,1900272
2023-11-10,8.84000015258789,8.920000076293945,8.779999732971191,8.90999984741211,8.90999984741211,2007100
2023-11-13,8.920000076293945,9.069999694824219,8.890000343322754,9.069999694824219,9.069999694824219,3250800
2023-11-14,9.010000228881836,9.050000190734863,8.949999809265137,8.979999542236328,8.979999542236328,2382800
2023-11-15,8.989999771118164,9.069999694824219,8.979999542236328,9.0,9.0,1839900
2023-11-16,9.039999961853027,9.039999961853027,8.9399995803833,8.960000038146973,8.960000038146973,1383800
2023-11-17,8.970000267028809,9.010000228881836,8.920000076293945,8.920000076293945,8.920000076293945,1833200
2023-11-20,8.989999771118164,9.050000190734863,8.930000305175781,9.020000457763672,9.020000457763672,1967980
2023-11-21,9.010000228881836,9.079999923706055,8.9399995803833,8.949999809265137,8.949999809265137,1876800
2023-11-22,8.989999771118164,9.069999694824219,8.9399995803833,8.960000038146973,8.960000038146973,1915700
2023-11-23,8.970000267028809,9.039999961853027,8.899999618530273,9.020000457763672,9.020000457763672,1634000
2023-11-24,9.020000457763672,9.050000190734863,8.880000114440918,8.899999618530273,8.899999618530273,1752300
2023-11-27,8.859999656677246,9.020000457763672,8.84000015258789,8.899999618530273,8.899999618530273,1938400
2023-11-28,8.890000343322754,9.050000190734863,8.890000343322754,9.039999961853027,9.039999961853027,2396255
2023-11-29,9.029999732971191,9.09000015258789,8.899999618530273,8.989999771118164,8.989999771118164,1902900
2023-11-30,9.0,9.029999732971191,8.789999961853027,8.869999885559082,8.869999885559082,2439850
2023-12-01,8.880000114440918,9.0,8.770000457763672,8.920000076293945,8.920000076293945,2198851
2023-12-04,8.949999809265137,9.140000343322754,8.930000305175781,9.010000228881836,9.010000228881836,2667300
2023-12-05,9.0,9.09000015258789,8.930000305175781,8.949999809265137,8.949999809265137,2390500
2023-12-06,8.9399995803833,9.140000343322754,8.880000114440918,9.039999961853027,9.039999961853027,3699959
2023-12-07,9.020000457763672,9.119999885559082,8.899999618530273,8.899999618530273,8.899999618530273,2773700
2023-12-08,8.949999809265137,9.010000228881836,8.609999656677246,8.619999885559082,8.619999885559082,3194901
2023-12-11,8.640000343322754,8.800000190734863,8.569999694824219,8.770000457763672,8.770000457763672,3011201
2023-12-12,8.770000457763672,8.890000343322754,8.609999656677246,8.890000343322754,8.890000343322754,3005800
2023-12-13,8.890000343322754,9.149999618530273,8.829999923706055,9.010000228881836,9.010000228881836,3682261
2023-12-14,8.989999771118164,9.680000305175781,8.970000267028809,9.319999694824219,9.319999694824219,15545527
2023-12-15,9.40999984741211,9.850000381469727,9.1899995803833,9.279999732971191,9.279999732971191,18730326
2023-12-18,9.3100004196167,9.3100004196167,8.899999618530273,9.130000114440918,9.130000114440918,12828033
2023-12-19,9.09000015258789,9.09000015258789,8.699999809265137,8.850000381469727,8.850000381469727,9244150
2023-12-20,8.789999961853027,8.890000343322754,8.680000305175781,8.699999809265137,8.699999809265137,5321400
2023-12-21,8.649999618530273,8.949999809265137,8.520000457763672,8.920000076293945,8.920000076293945,6554200
2023-12-22,8.920000076293945,8.9399995803833,8.75,8.789999961853027,8.789999961853027,4200997
2023-12-25,8.729999542236328,8.880000114440918,8.529999732971191,8.600000381469727,8.600000381469727,3882101
2023-12-26,8.600000381469727,8.819999694824219,8.569999694824219,8.609999656677246,8.609999656677246,4001356
2023-12-27,8.619999885559082,8.670000076293945,8.449999809265137,8.619999885559082,8.619999885559082,3033751
2023-12-28,8.59000015258789,8.84000015258789,8.579999923706055,8.819999694824219,8.819999694824219,4017088
2023-12-29,8.8100004196167,9.050000190734863,8.8100004196167,8.970000267028809,8.970000267028809,3408200
2024-01-02,9.0,9.210000038146973,8.970000267028809,9.170000076293945,9.170000076293945,5160400
2024-01-03,9.380000114440918,9.380000114440918,9.050000190734863,9.239999771118164,9.239999771118164,6914024
2024-01-04,10.149999618530273,10.15999984741211,10.149999618530273,10.15999984741211,10.15999984741211,8260577
2024-01-05,10.15999984741211,10.15999984741211,9.170000076293945,9.210000038146973,9.210000038146973,36591115
2024-01-08,8.800000190734863,9.4399995803833,8.800000190734863,9.220000267028809,9.220000267028809,22284222
2024-01-09,9.15999984741211,9.449999809265137,9.140000343322754,9.25,9.25,15517500
2024-01-10,9.149999618530273,9.420000076293945,9.010000228881836,9.260000228881836,9.260000228881836,11238827
2024-01-11,9.25,9.789999961853027,9.199999809265137,9.449999809265137,9.449999809265137,12169018
2024-01-12,9.380000114440918,9.770000457763672,9.359999656677246,9.430000305175781,9.430000305175781,10422700
2024-01-15,9.279999732971191,9.460000038146973,9.239999771118164,9.300000190734863,9.300000190734863,7990201
2024-01-16,9.260000228881836,9.300000190734863,8.979999542236328,9.210000038146973,9.210000038146973,6097218
2024-01-17,9.210000038146973,9.25,8.960000038146973,8.979999542236328,8.979999542236328,4298400
2024-01-18,8.859999656677246,9.880000114440918,8.520000457763672,9.880000114440918,9.880000114440918,18642354
2024-01-19,10.229999542236328,10.869999885559082,10.199999809265137,10.869999885559082,10.869999885559082,30069078
2024-01-22,10.800000190734863,11.600000381469727,9.90999984741211,10.010000228881836,10.010000228881836,65514430
2024-01-23,9.569999694824219,9.779999732971191,9.010000228881836,9.010000228881836,9.010000228881836,41531647
2024-01-24,8.569999694824219,9.34000015258789,8.5600004196167,9.069999694824219,9.069999694824219,41091040
2024-01-25,8.90999984741211,9.779999732971191,8.630000114440918,9.520000457763672,9.520000457763672,39835864
2024-01-26,9.640000343322754,10.399999618530273,9.609999656677246,9.609999656677246,9.609999656677246,29568633
2024-01-29,9.65999984741211,9.880000114440918,9.130000114440918,9.180000305175781,9.180000305175781,22934966
2024-01-30,9.130000114440918,9.279999732971191,8.710000038146973,8.710000038146973,8.710000038146973,14987300
2024-01-31,8.619999885559082,9.050000190734863,7.889999866485596,7.929999828338623,7.929999828338623,19040400
2024-02-01,7.889999866485596,7.900000095367432,7.230000019073486,7.25,7.25,16821900
2024-02-02,7.300000190734863,7.75,6.75,7.039999961853027,7.039999961853027,16599100
2024-02-05,6.929999828338623,7.0,6.340000152587891,6.340000152587891,6.340000152587891,10850850
2024-02-06,5.849999904632568,6.079999923706055,5.710000038146973,5.75,5.75,21522580
2024-02-07,5.699999809265137,5.71999979019165,5.179999828338623,5.179999828338623,5.179999828338623,20184800
2024-02-08,4.980000019073486,5.630000114440918,4.800000190734863,5.5,5.5,23887752
2024-02-19,5.559999942779541,6.050000190734863,5.400000095367432,6.050000190734863,6.050000190734863,19046400
2024-02-20,6.0,6.170000076293945,5.840000152587891,6.099999904632568,6.099999904632568,13045900
2024-02-21,6.0,6.590000152587891,5.929999828338623,6.329999923706055,6.329999923706055,12858377
2024-02-22,6.329999923706055,6.960000038146973,6.329999923706055,6.960000038146973,6.960000038146973,14184100
2024-02-23,7.0,7.230000019073486,6.800000190734863,7.139999866485596,7.139999866485596,18909000
2024-02-26,7.059999942779541,7.260000228881836,7.0,7.179999828338623,7.179999828338623,14688800
2024-02-27,7.099999904632568,7.289999961853027,7.03000020980835,7.289999961853027,7.289999961853027,11479797
2024-02-28,7.260000228881836,8.020000457763672,7.260000228881836,8.020000457763672,8.020000457763672,38942602
2024-02-29,7.860000133514404,8.819999694824219,7.510000228881836,8.729999542236328,8.729999542236328,55346519
2024-03-01,8.279999732971191,8.470000267028809,7.860000133514404,7.920000076293945,7.920000076293945,40526947
2024-03-04,7.800000190734863,7.820000171661377,7.260000228881836,7.5,7.5,24878044
2024-03-05,7.400000095367432,7.480000019073486,7.119999885559082,7.170000076293945,7.170000076293945,17978744
2024-03-06,7.079999923706055,7.28000020980835,7.079999923706055,7.230000019073486,7.230000019073486,13303000
2024-03-07,7.260000228881836,7.28000020980835,7.050000190734863,7.079999923706055,7.079999923706055,10870452
2024-03-08,7.079999923706055,7.150000095367432,7.0,7.150000095367432,7.150000095367432,8151153
2024-03-11,7.150000095367432,7.309999942779541,7.099999904632568,7.300000190734863,7.300000190734863,9457700
2024-03-12,7.380000114440918,7.409999847412109,7.21999979019165,7.389999866485596,7.389999866485596,9744901
2024-03-13,7.400000095367432,7.420000076293945,7.239999771118164,7.320000171661377,7.320000171661377,7214289
2024-03-14,7.309999942779541,7.349999904632568,7.070000171661377,7.179999828338623,7.179999828338623,7443830
2024-03-15,7.139999866485596,7.260000228881836,7.090000152587891,7.25,7.25,5259000
2024-03-18,7.25,7.400000095367432,7.25,7.380000114440918,7.380000114440918,8812045
2024-03-19,7.380000114440918,7.489999771118164,7.360000133514404,7.400000095367432,7.400000095367432,9449582
2024-03-20,7.400000095367432,7.550000190734863,7.369999885559082,7.5,7.5,8500400
2024-03-21,7.449999809265137,7.690000057220459,7.449999809265137,7.659999847412109,7.659999847412109,14340600
2024-03-22,7.650000095367432,7.650000095367432,7.420000076293945,7.460000038146973,7.460000038146973,10919308
2024-03-25,7.369999885559082,7.599999904632568,7.230000019073486,7.28000020980835,7.28000020980835,9983100
2024-03-26,7.260000228881836,7.380000114440918,7.070000171661377,7.28000020980835,7.28000020980835,8291823
2024-03-27,7.260000228881836,7.289999961853027,6.940000057220459,6.949999809265137,6.949999809265137,6536273
2024-03-28,6.909999847412109,7.260000228881836,6.909999847412109,7.190000057220459,7.190000057220459,7119575
2024-03-29,7.210000038146973,7.380000114440918,7.190000057220459,7.340000152587891,7.340000152587891,3796600
2024-04-01,7.389999866485596,7.53000020980835,7.340000152587891,7.53000020980835,7.53000020980835,7492200
2024-04-02,7.570000171661377,7.679999828338623,7.510000228881836,7.630000114440918,7.630000114440918,8597304
2024-04-03,7.619999885559082,7.670000076293945,7.429999828338623,7.5,7.5,6224801
2024-04-08,7.519999980926514,7.53000020980835,7.230000019073486,7.25,7.25,5276700
2024-04-09,7.210000038146973,7.579999923706055,7.210000038146973,7.539999961853027,7.539999961853027,6953031
2024-04-10,7.550000190734863,7.550000190734863,7.239999771118164,7.309999942779541,7.309999942779541,5264701
2024-04-11,7.300000190734863,7.429999828338623,7.21999979019165,7.320000171661377,7.320000171661377,4349320
2024-04-12,7.309999942779541,7.389999866485596,7.199999809265137,7.25,7.25,4367000
2024-04-15,7.21999979019165,7.239999771118164,6.53000020980835,6.670000076293945,6.670000076293945,12396371
2024-04-16,6.53000020980835,6.579999923706055,6.0,6.0,6.0,9739452
2024-04-17,6.0,6.460000038146973,6.0,6.460000038146973,6.460000038146973,8146892
2024-04-18,6.510000228881836,6.570000171661377,6.300000190734863,6.429999828338623,6.429999828338623,6050086
2024-04-19,6.409999847412109,6.550000190734863,6.309999942779541,6.449999809265137,6.449999809265137,5298142
2024-04-22,6.53000020980835,6.53000020980835,6.159999847412109,6.21999979019165,6.21999979019165,4552800
2024-04-23,6.230000019073486,6.349999904632568,6.199999809265137,6.300000190734863,6.300000190734863,3252000
2024-04-24,6.28000020980835,6.409999847412109,6.28000020980835,6.349999904632568,6.349999904632568,3123510
2024-04-25,6.320000171661377,6.829999923706055,6.320000171661377,6.46999979019165,6.46999979019165,8974774
2024-04-26,6.349999904632568,6.53000020980835,6.260000228881836,6.519999980926514,6.519999980926514,6842071
2024-04-29,6.699999809265137,6.849999904632568,6.409999847412109,6.840000152587891,6.840000152587891,7858300
2024-04-30,6.840000152587891,7.190000057220459,6.760000228881836,6.829999923706055,6.829999923706055,6375000
2024-05-06,6.900000095367432,7.150000095367432,6.860000133514404,7.090000152587891,7.090000152587891,6524200
2024-05-07,7.090000152587891,7.300000190734863,7.059999942779541,7.289999961853027,7.289999961853027,7021200
2024-05-08,7.230000019073486,7.5,7.170000076293945,7.179999828338623,7.179999828338623,10590900
2024-05-09,7.179999828338623,7.260000228881836,7.099999904632568,7.179999828338623,7.179999828338623,5373100
2024-05-10,7.179999828338623,7.269999980926514,7.019999980926514,7.090000152587891,7.090000152587891,4177400
2024-05-13,7.059999942779541,7.090000152587891,6.849999904632568,6.900000095367432,6.900000095367432,3694301
2024-05-14,6.920000076293945,7.079999923706055,6.920000076293945,6.96999979019165,6.96999979019165,2695900
2024-05-15,6.96999979019165,7.059999942779541,6.900000095367432,6.949999809265137,6.949999809265137,2773700
2024-05-16,6.949999809265137,7.050000190734863,6.949999809265137,7.010000228881836,7.010000228881836,2969600
2024-05-17,7.090000152587891,7.099999904632568,6.980000019073486,7.070000171661377,7.070000171661377,3238701
2024-05-20,7.099999904632568,7.260000228881836,7.079999923706055,7.139999866485596,7.139999866485596,3760500
2024-05-21,7.139999866485596,7.159999847412109,7.010000228881836,7.03000020980835,7.03000020980835,3430500
2024-05-22,7.0,7.099999904632568,6.960000038146973,7.010000228881836,7.010000228881836,2883574
2024-05-23,7.0,7.0,6.75,6.840000152587891,6.840000152587891,3908100
2024-05-24,6.900000095367432,7.349999904632568,6.78000020980835,6.800000190734863,6.800000190734863,8773585
2024-05-27,6.75,6.940000057220459,6.619999885559082,6.900000095367432,6.900000095367432,5832101
2024-05-28,6.909999847412109,7.090000152587891,6.760000228881836,6.769999980926514,6.769999980926514,4144300
2024-05-29,6.730000019073486,6.840000152587891,6.699999809265137,6.769999980926514,6.769999980926514,3264984
2024-05-30,6.760000228881836,6.980000019073486,6.710000038146973,6.75,6.75,4784242
2024-05-31,6.75,6.769999980926514,6.630000114440918,6.670000076293945,6.670000076293945,3404642
2024-06-03,6.619999885559082,6.650000095367432,6.369999885559082,6.460000038146973,6.460000038146973,5258200
2024-06-04,6.400000095367432,6.409999847412109,6.210000038146973,6.309999942779541,6.309999942779541,4452200
2024-06-05,6.28000020980835,6.300000190734863,6.130000114440918,6.150000095367432,6.150000095367432,3821400
2024-06-06,6.150000095367432,6.21999979019165,5.75,5.829999923706055,5.829999923706055,6617445
2024-06-07,5.840000152587891,6.210000038146973,5.840000152587891,6.190000057220459,6.190000057220459,4894239
2024-06-11,6.190000057220459,6.21999979019165,5.960000038146973,6.059999942779541,6.059999942779541,3551974
2024-06-12,6.059999942779541,6.199999809265137,6.019999980926514,6.179999828338623,6.179999828338623,2965300
2024-06-13,6.179999828338623,6.21999979019165,6.070000171661377,6.090000152587891,6.090000152587891,2656300
2024-06-14,6.079999923706055,6.130000114440918,5.960000038146973,6.090000152587891,6.090000152587891,1818500
2024-06-17,6.070000171661377,6.159999847412109,5.989999771118164,6.150000095367432,6.150000095367432,2478000
2024-06-18,6.150000095367432,6.269999980926514,6.119999885559082,6.179999828338623,6.179999828338623,3062600
2024-06-19,6.210000038146973,6.269999980926514,6.130000114440918,6.170000076293945,6.170000076293945,2039000
2024-06-20,6.159999847412109,6.199999809265137,5.96999979019165,5.989999771118164,5.989999771118164,2093400
2024-06-21,5.980000019073486,6.039999961853027,5.889999866485596,5.96999979019165,5.96999979019165,1850200
2024-06-24,5.900000095367432,6.050000190734863,5.690000057220459,5.75,5.75,3513900
2024-06-25,5.820000171661377,5.929999828338623,5.760000228881836,5.849999904632568,5.849999904632568,2526600
2024-06-26,5.849999904632568,6.0,5.760000228881836,6.0,6.0,2236600
2024-06-27,5.949999809265137,6.059999942779541,5.880000114440918,5.900000095367432,5.900000095367432,1998752
2024-06-28,5.920000076293945,5.980000019073486,5.820000171661377,5.849999904632568,5.849999904632568,2056300
2024-07-01,5.820000171661377,5.920000076293945,5.75,5.900000095367432,5.900000095367432,1999500
2024-07-02,5.889999866485596,6.059999942779541,5.869999885559082,6.010000228881836,6.010000228881836,2489845
2024-07-03,5.880000114440918,6.119999885559082,5.880000114440918,6.010000228881836,6.010000228881836,2243600
2024-07-04,6.010000228881836,6.059999942779541,5.78000020980835,5.800000190734863,5.800000190734863,2165100
2024-07-05,5.800000190734863,5.920000076293945,5.769999980926514,5.900000095367432,5.900000095367432,1552400
2024-07-08,5.909999847412109,5.909999847412109,5.690000057220459,5.699999809265137,5.699999809265137,2207900
2024-07-09,5.699999809265137,5.739999771118164,5.510000228881836,5.730000019073486,5.730000019073486,2221800
2024-07-10,5.730000019073486,5.78000020980835,5.559999942779541,5.590000152587891,5.590000152587891,2019400
2024-07-11,5.710000038146973,5.980000019073486,5.670000076293945,5.929999828338623,5.929999828338623,4396500
2024-07-12,5.949999809265137,6.03000020980835,5.860000133514404,5.889999866485596,5.889999866485596,2248300
2024-07-15,5.840000152587891,5.889999866485596,5.699999809265137,5.730000019073486,5.730000019073486,1854700
2024-07-16,5.730000019073486,5.769999980926514,5.670000076293945,5.739999771118164,5.739999771118164,1521400
2024-07-17,5.760000228881836,5.829999923706055,5.599999904632568,5.619999885559082,5.619999885559082,2330200
2024-07-18,5.619999885559082,5.670000076293945,5.449999809265137,5.570000171661377,5.570000171661377,2349740
2024-07-19,5.570000171661377,5.639999866485596,5.460000038146973,5.610000133514404,5.610000133514404,1676500
2024-07-22,5.550000190734863,5.679999828338623,5.53000020980835,5.639999866485596,5.639999866485596,1460400
2024-07-23,5.619999885559082,5.769999980926514,5.590000152587891,5.590000152587891,5.590000152587891,2171800
2024-07-24,5.559999942779541,5.639999866485596,5.449999809265137,5.5,5.5,2131900
2024-07-25,5.5,5.579999923706055,5.420000076293945,5.519999980926514,5.519999980926514,2041700
2024-07-26,5.519999980926514,5.699999809265137,5.519999980926514,5.690000057220459,5.690000057220459,2438500
2024-07-29,5.760000228881836,5.829999923706055,5.650000095367432,5.769999980926514,5.769999980926514,2318500
2024-07-30,5.800000190734863,5.909999847412109,5.730000019073486,5.869999885559082,5.869999885559082,2562152
2024-07-31,5.880000114440918,6.010000228881836,5.849999904632568,6.0,6.0,3123700
2024-08-01,6.099999904632568,6.099999904632568,5.989999771118164,6.039999961853027,6.039999961853027,3339310
2024-08-02,6.019999980926514,6.119999885559082,5.980000019073486,6.03000020980835,6.03000020980835,2434952
2024-08-05,6.03000020980835,6.179999828338623,5.929999828338623,5.960000038146973,5.960000038146973,2936200
2024-08-06,5.980000019073486,6.139999866485596,5.980000019073486,6.119999885559082,6.119999885559082,2911300
2024-08-07,6.119999885559082,6.199999809265137,6.059999942779541,6.159999847412109,6.159999847412109,1977700
2024-08-08,6.170000076293945,6.210000038146973,6.070000171661377,6.179999828338623,6.179999828338623,2989700
2024-08-09,6.179999828338623,6.269999980926514,6.130000114440918,6.159999847412109,6.159999847412109,2661014
2024-08-12,6.179999828338623,6.210000038146973,6.059999942779541,6.119999885559082,6.119999885559082,2069701
2024-08-13,6.150000095367432,6.170000076293945,6.0,6.119999885559082,6.119999885559082,1877600
2024-08-14,6.170000076293945,6.210000038146973,6.039999961853027,6.050000190734863,6.050000190734863,1594700
2024-08-15,6.070000171661377,6.099999904632568,5.980000019073486,6.050000190734863,6.050000190734863,2030431
2024-08-16,6.079999923706055,6.090000152587891,5.929999828338623,5.960000038146973,5.960000038146973,1890800
2024-08-19,5.949999809265137,5.989999771118164,5.900000095367432,5.909999847412109,5.909999847412109,1434400
2024-08-20,5.920000076293945,5.980000019073486,5.800000190734863,5.829999923706055,5.829999923706055,1947323
2024-08-21,5.889999866485596,5.909999847412109,5.78000020980835,5.829999923706055,5.829999923706055,2186800
2024-08-22,5.840000152587891,5.869999885559082,5.699999809265137,5.710000038146973,5.710000038146973,1935450
2024-08-23,5.71999979019165,5.760000228881836,5.599999904632568,5.690000057220459,5.690000057220459,1963700
2024-08-26,5.659999847412109,5.900000095367432,5.659999847412109,5.860000133514404,5.860000133514404,2767300
2024-08-27,5.869999885559082,5.920000076293945,5.78000020980835,5.78000020980835,5.78000020980835,1840501
2024-08-28,5.75,5.960000038146973,5.730000019073486,5.849999904632568,5.849999904632568,2569701
2024-08-29,5.820000171661377,5.909999847412109,5.760000228881836,5.880000114440918,5.880000114440918,2939801
2024-08-30,5.949999809265137,6.019999980926514,5.880000114440918,5.960000038146973,5.960000038146973,3311600
2024-09-02,5.909999847412109,6.059999942779541,5.889999866485596,5.960000038146973,5.960000038146973,2630000
2024-09-03,5.960000038146973,6.039999961853027,5.900000095367432,5.940000057220459,5.940000057220459,1798501
2024-09-04,5.96999979019165,5.96999979019165,5.75,5.78000020980835,5.78000020980835,3167800
2024-09-05,5.840000152587891,5.840000152587891,5.710000038146973,5.760000228881836,5.760000228881836,2040600
2024-09-06,5.760000228881836,5.800000190734863,5.659999847412109,5.670000076293945,5.670000076293945,2035900
2024-09-09,5.670000076293945,5.78000020980835,5.590000152587891,5.769999980926514,5.769999980926514,2339731
2024-09-10,5.760000228881836,5.840000152587891,5.699999809265137,5.820000171661377,5.820000171661377,2623300
2024-09-11,5.820000171661377,5.880000114440918,5.710000038146973,5.71999979019165,5.71999979019165,1650200
2024-09-12,5.71999979019165,5.820000171661377,5.710000038146973,5.71999979019165,5.71999979019165,1758500
2024-09-13,5.739999771118164,5.829999923706055,5.670000076293945,5.739999771118164,5.739999771118164,2657000
2024-09-18,5.679999828338623,5.789999961853027,5.53000020980835,5.630000114440918,5.630000114440918,2643200
2024-09-19,5.639999866485596,5.869999885559082,5.639999866485596,5.840000152587891,5.840000152587891,3454400
2024-09-20,5.840000152587891,5.869999885559082,5.78000020980835,5.840000152587891,5.840000152587891,1937400
2024-09-23,5.849999904632568,5.949999809265137,5.769999980926514,5.929999828338623,5.929999828338623,2851300
2024-09-24,5.929999828338623,6.130000114440918,5.909999847412109,6.110000133514404,6.110000133514404,3580001
2024-09-25,6.179999828338623,6.340000152587891,6.179999828338623,6.239999771118164,6.239999771118164,4243732
2024-09-26,6.21999979019165,6.309999942779541,6.159999847412109,6.309999942779541,6.309999942779541,4199101
2024-09-27,6.420000076293945,6.619999885559082,6.269999980926514,6.5,6.5,6252755
2024-09-30,6.699999809265137,7.03000020980835,6.53000020980835,7.0,7.0,10930749
2024-10-08,7.590000152587891,7.650000095367432,6.940000057220459,7.210000038146973,7.210000038146973,17057228
2024-10-09,7.010000228881836,7.039999961853027,6.510000228881836,6.510000228881836,6.510000228881836,9470303
2024-10-10,6.610000133514404,6.849999904632568,6.53000020980835,6.679999828338623,6.679999828338623,6833500
2024-10-11,6.670000076293945,6.699999809265137,6.369999885559082,6.429999828338623,6.429999828338623,4843100
2024-10-14,6.550000190734863,6.699999809265137,6.480000019073486,6.679999828338623,6.679999828338623,4826301
2024-10-15,6.75,6.75,6.570000171661377,6.590000152587891,6.590000152587891,3301100
2024-10-16,6.570000171661377,6.739999771118164,6.519999980926514,6.679999828338623,6.679999828338623,3934499
2024-10-17,6.690000057220459,6.869999885559082,6.639999866485596,6.659999847412109,6.659999847412109,4514917
2024-10-18,6.710000038146973,6.809999942779541,6.619999885559082,6.730000019073486,6.730000019073486,6145618
2024-10-21,6.760000228881836,6.860000133514404,6.730000019073486,6.809999942779541,6.809999942779541,5360455
2024-10-22,6.849999904632568,6.920000076293945,6.809999942779541,6.920000076293945,6.920000076293945,4614714
2024-10-23,6.929999828338623,7.070000171661377,6.889999866485596,6.960000038146973,6.960000038146973,5788700
2024-10-24,6.929999828338623,7.050000190734863,6.860000133514404,7.0,7.0,4151788
2024-10-25,7.0,7.550000190734863,7.0,7.440000057220459,7.440000057220459,16063292
2024-10-28,7.489999771118164,8.180000305175781,7.489999771118164,8.180000305175781,8.180000305175781,25177895
2024-10-29,8.5,9.0,8.279999732971191,8.609999656677246,8.609999656677246,38207664
2024-10-30,8.949999809265137,9.270000457763672,8.520000457763672,8.859999656677246,8.859999656677246,34184580
2024-10-31,8.510000228881836,9.199999809265137,8.0,8.739999771118164,8.739999771118164,35971033
2024-11-01,8.789999961853027,9.550000190734863,8.350000381469727,8.850000381469727,8.850000381469727,35276442
2024-11-04,9.09000015258789,9.739999771118164,8.960000038146973,9.739999771118164,9.739999771118164,32275864
2024-11-05,10.0,10.640000343322754,9.510000228881836,9.8100004196167,9.8100004196167,41035361
2024-11-06,9.699999809265137,9.789999961853027,9.199999809265137,9.279999732971191,9.279999732971191,29216228
2024-11-07,9.300000190734863,9.579999923706055,9.029999732971191,9.239999771118164,9.239999771118164,20304075
2024-11-08,9.800000190734863,10.15999984741211,9.800000190734863,10.15999984741211,10.15999984741211,10989656
2024-11-11,10.15999984741211,10.539999961853027,9.699999809265137,10.270000457763672,10.270000457763672,32737831
2024-11-12,9.979999542236328,10.239999771118164,9.819999694824219,10.140000343322754,10.140000343322754,21897332
2024-11-13,10.050000190734863,10.109999656677246,9.609999656677246,9.819999694824219,9.819999694824219,12359801
2024-11-14,9.710000038146973,9.819999694824219,9.300000190734863,9.369999885559082,9.369999885559082,10828600
2024-11-15,9.329999923706055,9.449999809265137,8.90999984741211,8.949999809265137,8.949999809265137,9764902
2024-11-18,9.039999961853027,9.180000305175781,8.40999984741211,8.460000038146973,8.460000038146973,9136112
2024-11-19,8.460000038146973,8.579999923706055,8.220000267028809,8.539999961853027,8.539999961853027,8275699
2024-11-20,8.529999732971191,8.9399995803833,8.460000038146973,8.800000190734863,8.800000190734863,8685878
2024-11-21,8.800000190734863,9.050000190734863,8.399999618530273,8.539999961853027,8.539999961853027,13743974
2024-11-22,8.59000015258789,8.800000190734863,8.289999961853027,8.319999694824219,8.319999694824219,11158200
2024-11-25,8.399999618530273,8.399999618530273,8.119999885559082,8.319999694824219,8.319999694824219,6858800
2024-11-26,8.369999885559082,8.430000305175781,8.220000267028809,8.270000457763672,8.270000457763672,4810900
2024-11-27,8.289999961853027,8.289999961853027,7.900000095367432,8.279999732971191,8.279999732971191,7205174
2024-11-28,8.430000305175781,8.680000305175781,8.180000305175781,8.40999984741211,8.40999984741211,10634101
2024-11-29,8.329999923706055,8.449999809265137,8.1899995803833,8.430000305175781,8.430000305175781,6603703
2024-12-02,8.4399995803833,8.680000305175781,8.399999618530273,8.619999885559082,8.619999885559082,8454468
2024-12-03,8.619999885559082,8.739999771118164,8.510000228881836,8.699999809265137,8.699999809265137,6675611
2024-12-04,8.699999809265137,8.699999809265137,8.350000381469727,8.399999618530273,8.399999618530273,5806800
2024-12-05,8.390000343322754,8.5,8.369999885559082,8.489999771118164,8.489999771118164,4512600
2024-12-06,8.430000305175781,8.609999656677246,8.359999656677246,8.569999694824219,8.569999694824219,5164205
2024-12-09,8.630000114440918,8.710000038146973,8.449999809265137,8.579999923706055,8.579999923706055,4699801
2024-12-10,8.770000457763672,8.850000381469727,8.510000228881836,8.520000457763672,8.520000457763672,6824400
2024-12-11,8.630000114440918,8.729999542236328,8.550000190734863,8.680000305175781,8.680000305175781,5321547
2024-12-12,8.739999771118164,9.050000190734863,8.579999923706055,8.880000114440918,8.880000114440918,10360147
2024-12-13,8.880000114440918,8.899999618530273,8.550000190734863,8.569999694824219,8.569999694824219,7929000
2024-12-16,8.569999694824219,8.720000267028809,8.529999732971191,8.600000381469727,8.600000381469727,6029000
2024-12-17,8.630000114440918,8.699999809265137,8.149999618530273,8.170000076293945,8.170000076293945,6888901
2024-12-18,8.4399995803833,8.989999771118164,8.399999618530273,8.989999771118164,8.989999771118164,8998664
2024-12-19,9.020000457763672,9.890000343322754,8.970000267028809,9.210000038146973,9.210000038146973,36554463
2024-12-20,9.029999732971191,9.100000381469727,8.670000076293945,8.869999885559082,8.869999885559082,20647237
2024-12-23,8.8100004196167,9.479999542236328,8.430000305175781,9.380000114440918,9.380000114440918,29613024
2024-12-24,9.100000381469727,9.649999618530273,9.0,9.220000267028809,9.220000267028809,21884221
2024-12-25,9.0600004196167,9.109999656677246,8.300000190734863,8.3100004196167,8.3100004196167,18445408
2024-12-26,8.100000381469727,8.489999771118164,8.010000228881836,8.109999656677246,8.109999656677246,12942550
2024-12-27,8.069999694824219,8.399999618530273,7.920000076293945,8.15999984741211,8.15999984741211,10524447
2024-12-30,8.210000038146973,8.25,7.809999942779541,7.869999885559082,7.869999885559082,9730066
2024-12-31,7.880000114440918,8.010000228881836,7.739999771118164,7.78000020980835,7.78000020980835,6869288
2025-01-02,7.829999923706055,7.949999809265137,7.559999942779541,7.690000057220459,7.690000057220459,7718547
2025-01-03,7.71999979019165,7.760000228881836,7.210000038146973,7.21999979019165,7.21999979019165,7058464
2025-01-06,7.190000057220459,7.449999809265137,6.849999904632568,7.429999828338623,7.429999828338623,7311900
2025-01-07,7.449999809265137,7.559999942779541,7.309999942779541,7.489999771118164,7.489999771118164,4448663
2025-01-08,7.519999980926514,7.590000152587891,7.309999942779541,7.559999942779541,7.559999942779541,4989200
2025-01-09,7.559999942779541,7.760000228881836,7.5,7.519999980926514,7.519999980926514,4932752
2025-01-10,7.519999980926514,7.579999923706055,7.199999809265137,7.210000038146973,7.210000038146973,4465200
2025-01-13,6.989999771118164,7.380000114440918,6.980000019073486,7.269999980926514,7.269999980926514,4051700
2025-01-14,7.28000020980835,7.639999866485596,7.28000020980835,7.610000133514404,7.610000133514404,5191027
2025-01-15,7.639999866485596,7.739999771118164,7.519999980926514,7.71999979019165,7.71999979019165,4639200
2025-01-16,7.789999961853027,7.820000171661377,7.650000095367432,7.739999771118164,7.739999771118164,5736600
2025-01-17,7.75,7.869999885559082,7.610000133514404,7.78000020980835,7.78000020980835,3685800
2025-01-20,7.760000228881836,7.900000095367432,7.460000038146973,7.699999809265137,7.699999809265137,3994800
2025-01-21,7.78000020980835,7.78000020980835,7.5,7.539999961853027,7.539999961853027,3982100
2025-01-22,7.539999961853027,7.570000171661377,7.400000095367432,7.420000076293945,7.420000076293945,2987600
2025-01-23,7.53000020980835,7.730000019073486,7.429999828338623,7.429999828338623,7.429999828338623,4163700
2025-01-24,7.429999828338623,7.53000020980835,7.340000152587891,7.489999771118164,7.489999771118164,3015000
2025-01-27,7.610000133514404,7.769999980926514,7.489999771118164,7.53000020980835,7.53000020980835,3881800
2025-02-05,7.650000095367432,7.690000057220459,7.519999980926514,7.679999828338623,7.679999828338623,4026700
2025-02-06,7.679999828338623,7.800000190734863,7.550000190734863,7.78000020980835,7.78000020980835,3791400
2025-02-07,7.78000020980835,7.900000095367432,7.739999771118164,7.820000171661377,7.820000171661377,4285500
2025-02-10,7.880000114440918,8.050000190734863,7.860000133514404,8.050000190734863,8.050000190734863,5078300
2025-02-11,8.0600004196167,8.0600004196167,7.78000020980835,7.840000152587891,7.840000152587891,4465821
2025-02-12,7.880000114440918,7.980000019073486,7.829999923706055,7.940000057220459,7.940000057220459,4058402
2025-02-13,7.929999828338623,7.949999809265137,7.78000020980835,7.800000190734863,7.800000190734863,3846504
2025-02-14,7.860000133514404,7.869999885559082,7.659999847412109,7.699999809265137,7.699999809265137,4294800
2025-02-17,7.75,7.949999809265137,7.710000038146973,7.880000114440918,7.880000114440918,5074913
2025-02-18,7.900000095367432,7.940000057220459,7.619999885559082,7.650000095367432,7.650000095367432,3992401
2025-02-19,7.650000095367432,7.869999885559082,7.630000114440918,7.78000020980835,7.78000020980835,4319100
2025-02-20,7.860000133514404,8.180000305175781,7.730000019073486,7.849999904632568,7.849999904632568,8057613
2025-02-21,7.849999904632568,7.880000114440918,7.619999885559082,7.690000057220459,7.690000057220459,6571400
2025-02-24,7.650000095367432,7.789999961853027,7.619999885559082,7.710000038146973,7.710000038146973,5590800
2025-02-25,7.679999828338623,7.739999771118164,7.610000133514404,7.619999885559082,7.619999885559082,3820200
2025-02-26,7.619999885559082,7.760000228881836,7.619999885559082,7.730000019073486,7.730000019073486,4062313
2025-02-27,7.760000228881836,7.820000171661377,7.519999980926514,7.670000076293945,7.670000076293945,5248100
2025-02-28,7.650000095367432,7.71999979019165,7.53000020980835,7.559999942779541,7.559999942779541,4826200
2025-03-03,7.559999942779541,7.849999904632568,7.559999942779541,7.630000114440918,7.630000114440918,5717600
2025-03-04,7.650000095367432,7.789999961853027,7.550000190734863,7.760000228881836,7.760000228881836,4318400
2025-03-05,7.769999980926514,7.789999961853027,7.550000190734863,7.679999828338623,7.679999828338623,4583001
2025-03-06,7.699999809265137,7.769999980926514,7.630000114440918,7.71999979019165,7.71999979019165,4263100
2025-03-07,7.679999828338623,7.840000152587891,7.659999847412109,7.699999809265137,7.699999809265137,4775100
2025-03-10,7.710000038146973,7.880000114440918,7.710000038146973,7.789999961853027,7.789999961853027,4825801
2025-03-11,7.760000228881836,7.900000095367432,7.699999809265137,7.900000095367432,7.900000095367432,4693100
2025-03-12,7.920000076293945,8.050000190734863,7.869999885559082,8.029999732971191,8.029999732971191,5914601
2025-03-13,8.020000457763672,8.050000190734863,7.739999771118164,7.889999866485596,7.889999866485596,6189900
2025-03-14,7.880000114440918,8.020000457763672,7.880000114440918,8.010000228881836,8.010000228881836,5553601
2025-03-17,8.020000457763672,8.149999618530273,7.949999809265137,8.050000190734863,8.050000190734863,4482300
2025-03-18,8.079999923706055,8.100000381469727,7.940000057220459,7.980000019073486,7.980000019073486,3386301
2025-03-19,8.010000228881836,8.020000457763672,7.920000076293945,7.949999809265137,7.949999809265137,2777900
2025-03-20,7.949999809265137,8.079999923706055,7.909999847412109,8.039999961853027,8.039999961853027,3736652
2025-03-21,8.039999961853027,8.100000381469727,7.909999847412109,7.960000038146973,7.960000038146973,3955252
2025-03-24,7.960000038146973,8.020000457763672,7.659999847412109,7.820000171661377,7.820000171661377,7336100
2025-03-25,7.809999942779541,8.149999618530273,7.760000228881836,8.079999923706055,8.079999923706055,7593660
2025-03-26,8.09000015258789,8.319999694824219,8.010000228881836,8.260000228881836,8.260000228881836,7856701
2025-03-27,8.270000457763672,8.470000267028809,8.130000114440918,8.34000015258789,8.34000015258789,9411800
2025-03-28,8.3100004196167,8.34000015258789,8.050000190734863,8.079999923706055,8.079999923706055,5741000
2025-03-31,8.039999961853027,8.079999923706055,7.739999771118164,7.880000114440918,7.880000114440918,4971200
2025-04-01,7.880000114440918,8.109999656677246,7.880000114440918,8.039999961853027,8.039999961853027,4141499
2025-04-02,8.010000228881836,8.180000305175781,7.96999979019165,7.989999771118164,7.989999771118164,3582600
2025-04-03,7.96999979019165,8.199999809265137,7.909999847412109,8.1899995803833,8.1899995803833,4928720
2025-04-07,7.909999847412109,7.909999847412109,7.369999885559082,7.369999885559082,7.369999885559082,7874600
2025-04-08,7.179999828338623,7.519999980926514,7.03000020980835,7.199999809265137,7.199999809265137,7019902
2025-04-09,7.110000133514404,7.420000076293945,6.75,7.369999885559082,7.369999885559082,5208552
2025-04-10,7.429999828338623,7.619999885559082,7.400000095367432,7.510000228881836,7.510000228881836,3892152
2025-04-11,7.420000076293945,7.71999979019165,7.420000076293945,7.71999979019165,7.71999979019165,3314800
2025-04-14,7.75,7.929999828338623,7.75,7.920000076293945,7.920000076293945,2949901
2025-04-15,7.920000076293945,8.140000343322754,7.849999904632568,7.989999771118164,7.989999771118164,3255001
2025-04-16,7.949999809265137,7.96999979019165,7.599999904632568,7.800000190734863,7.800000190734863,4396101
2025-04-17,7.789999961853027,8.0,7.71999979019165,7.949999809265137,7.949999809265137,3547000
2025-04-18,7.880000114440918,7.949999809265137,7.809999942779541,7.880000114440918,7.880000114440918,2319801
2025-04-21,7.849999904632568,8.0600004196167,7.849999904632568,7.989999771118164,7.989999771118164,3054801
2025-04-22,7.940000057220459,8.029999732971191,7.880000114440918,7.96999979019165,7.96999979019165,2327200
2025-04-23,7.949999809265137,8.079999923706055,7.900000095367432,8.010000228881836,8.010000228881836,2527400
2025-04-24,8.0,8.100000381469727,7.909999847412109,7.929999828338623,7.929999828338623,3044700
2025-04-25,7.880000114440918,8.069999694824219,7.880000114440918,7.940000057220459,7.940000057220459,3283200
2025-04-28,7.869999885559082,7.949999809265137,7.679999828338623,7.800000190734863,7.800000190734863,3457400
2025-04-29,7.809999942779541,8.079999923706055,7.769999980926514,8.029999732971191,8.029999732971191,4464904
2025-04-30,8.130000114440918,8.130000114440918,7.909999847412109,8.0,8.0,3652100
2025-05-06,8.0,8.109999656677246,8.0,8.109999656677246,8.109999656677246,3839600
2025-05-07,8.180000305175781,8.319999694824219,8.119999885559082,8.300000190734863,8.300000190734863,4985001
2025-05-08,8.329999923706055,8.380000114440918,8.170000076293945,8.1899995803833,8.1899995803833,5563004
2025-05-09,8.229999542236328,8.300000190734863,8.119999885559082,8.15999984741211,8.15999984741211,4572601
2025-05-12,8.220000267028809,8.220000267028809,8.079999923706055,8.1899995803833,8.1899995803833,3446200
2025-05-13,8.279999732971191,8.289999961853027,8.079999923706055,8.15999984741211,8.15999984741211,3746183
2025-05-14,8.140000343322754,8.239999771118164,8.100000381469727,8.239999771118164,8.239999771118164,3768784
2025-05-15,8.210000038146973,9.0600004196167,8.199999809265137,8.579999923706055,8.579999923706055,27662267
2025-05-16,8.520000457763672,8.569999694824219,8.300000190734863,8.390000343322754,8.390000343322754,15456700
2025-05-19,8.529999732971191,9.050000190734863,8.449999809265137,8.800000190734863,8.800000190734863,20005202
2025-05-20,8.760000228881836,8.989999771118164,8.6899995803833,8.800000190734863,8.800000190734863,13579201
2025-05-21,8.789999961853027,9.319999694824219,8.649999618530273,9.0600004196167,9.0600004196167,18100701
2025-05-22,9.039999961853027,9.039999961853027,8.640000343322754,8.6899995803833,8.6899995803833,13260301
2025-05-23,8.649999618530273,8.65999984741211,8.5,8.510000228881836,8.510000228881836,7884499
2025-05-26,8.470000267028809,8.779999732971191,8.470000267028809,8.640000343322754,8.640000343322754,7431300
2025-05-27,8.640000343322754,8.699999809265137,8.529999732971191,8.6899995803833,8.6899995803833,5827083
2025-05-28,8.699999809265137,8.710000038146973,8.460000038146973,8.529999732971191,8.529999732971191,6463084
2025-05-29,8.520000457763672,8.609999656677246,8.40999984741211,8.550000190734863,8.550000190734863,4701900
2025-05-30,8.550000190734863,8.600000381469727,8.329999923706055,8.380000114440918,8.380000114440918,4880801
2025-06-03,8.25,8.520000457763672,8.25,8.420000076293945,8.420000076293945,4394002
2025-06-04,8.430000305175781,8.550000190734863,8.369999885559082,8.4399995803833,8.4399995803833,3872401
2025-06-05,8.4399995803833,8.470000267028809,8.289999961853027,8.329999923706055,8.329999923706055,4096025
2025-06-06,8.34000015258789,8.529999732971191,8.34000015258789,8.489999771118164,8.489999771118164,4771031
2025-06-09,8.479999542236328,8.569999694824219,8.449999809265137,8.5600004196167,8.5600004196167,3880700
2025-06-10,8.569999694824219,8.609999656677246,8.3100004196167,8.479999542236328,8.479999542236328,4757901
2025-06-11,8.430000305175781,8.579999923706055,8.420000076293945,8.539999961853027,8.539999961853027,3373044
2025-06-12,8.520000457763672,8.899999618530273,8.420000076293945,8.739999771118164,8.739999771118164,11554118
2025-06-13,8.630000114440918,8.699999809265137,8.489999771118164,8.510000228881836,8.510000228881836,9203400
2025-06-16,8.479999542236328,8.670000076293945,8.479999542236328,8.5600004196167,8.5600004196167,4706685
2025-06-17,8.609999656677246,8.84000015258789,8.600000381469727,8.65999984741211,8.65999984741211,6121147
2025-06-18,8.65999984741211,8.779999732971191,8.5600004196167,8.75,8.75,5878600
2025-06-19,8.75,8.75,8.430000305175781,8.5600004196167,8.5600004196167,5184100
2025-06-20,8.479999542236328,8.6899995803833,8.4399995803833,8.489999771118164,8.489999771118164,4092200
2025-06-23,8.479999542236328,8.630000114440918,8.34000015258789,8.619999885559082,8.619999885559082,4216100
2025-06-24,8.619999885559082,8.75,8.529999732971191,8.75,8.75,5246118
2025-06-25,8.75,8.890000343322754,8.65999984741211,8.800000190734863,8.800000190734863,5093748
2025-06-26,8.779999732971191,8.880000114440918,8.710000038146973,8.770000457763672,8.770000457763672,3829200
2025-06-27,8.75,8.819999694824219,8.729999542236328,8.789999961853027,8.789999961853027,4105000
2025-06-30,8.800000190734863,9.010000228881836,8.720000267028809,8.869999885559082,8.869999885559082,5890785
2025-07-01,8.899999618530273,9.0,8.859999656677246,8.960000038146973,8.960000038146973,5150796
2025-07-02,8.960000038146973,8.960000038146973,8.880000114440918,8.960000038146973,8.960000038146973,3869685
2025-07-03,9.010000228881836,9.069999694824219,8.90999984741211,8.979999542236328,8.979999542236328,4910000
2025-07-04,9.039999961853027,9.15999984741211,8.880000114440918,8.90999984741211,8.90999984741211,6870200
2025-07-07,8.880000114440918,9.079999923706055,8.880000114440918,9.0600004196167,9.0600004196167,4831500
2025-07-08,9.069999694824219,9.130000114440918,8.979999542236328,9.0600004196167,9.0600004196167,3621100
2025-07-09,9.050000190734863,9.119999885559082,9.010000228881836,9.029999732971191,9.029999732971191,3579600
2025-07-10,9.050000190734863,9.930000305175781,8.979999542236328,9.930000305175781,9.930000305175781,15037170
2025-07-11,10.0600004196167,10.270000457763672,9.380000114440918,9.569999694824219,9.569999694824219,43681291
2025-07-14,9.520000457763672,9.569999694824219,9.300000190734863,9.319999694824219,9.319999694824219,22008374
2025-07-15,9.430000305175781,9.430000305175781,9.069999694824219,9.170000076293945,9.170000076293945,14430201
2025-07-16,9.130000114440918,9.15999984741211,8.979999542236328,8.989999771118164,8.989999771118164,12308100
2025-07-17,8.979999542236328,9.020000457763672,8.880000114440918,8.930000305175781,8.930000305175781,10026120
2025-07-18,8.90999984741211,9.0,8.90999984741211,9.0,9.0,7496100
2025-07-21,9.0,9.180000305175781,8.979999542236328,9.180000305175781,9.180000305175781,10963320
2025-07-22,9.180000305175781,9.25,9.010000228881836,9.239999771118164,9.239999771118164,10777720
2025-07-23,9.229999542236328,9.4399995803833,9.15999984741211,9.260000228881836,9.260000228881836,14097700
2025-07-24,9.300000190734863,9.359999656677246,9.220000267028809,9.359999656677246,9.359999656677246,9347733
2025-07-25,9.359999656677246,9.390000343322754,9.199999809265137,9.220000267028809,9.220000267028809,7303400
2025-07-28,9.1899995803833,9.300000190734863,9.100000381469727,9.289999961853027,9.289999961853027,6533900
2025-07-29,9.279999732971191,9.279999732971191,9.010000228881836,9.109999656677246,9.109999656677246,6696750
2025-07-30,9.0600004196167,9.149999618530273,8.960000038146973,9.050000190734863,9.050000190734863,6879500
2025-07-31,9.050000190734863,9.0600004196167,8.8100004196167,8.850000381469727,8.850000381469727,8273830
2025-08-01,8.90999984741211,9.0,8.859999656677246,9.0,9.0,5085630
2025-08-04,8.970000267028809,9.149999618530273,8.880000114440918,9.109999656677246,9.109999656677246,5064400
2025-08-05,9.09000015258789,9.199999809265137,9.079999923706055,9.170000076293945,9.170000076293945,5105300
2025-08-06,9.199999809265137,9.239999771118164,9.069999694824219,9.109999656677246,9.109999656677246,5186301
2025-08-07,9.109999656677246,9.15999984741211,9.010000228881836,9.100000381469727,9.100000381469727,5032901
2025-08-08,9.140000343322754,9.260000228881836,9.0600004196167,9.229999542236328,9.229999542236328,7561301
2025-08-11,9.25,9.479999542236328,9.109999656677246,9.40999984741211,9.40999984741211,8754568
2025-08-12,9.399999618530273,9.430000305175781,9.25,9.34000015258789,9.34000015258789,5129548
2025-08-13,9.300000190734863,9.369999885559082,9.130000114440918,9.180000305175781,9.180000305175781,6508047
2025-08-14,9.1899995803833,9.229999542236328,8.930000305175781,8.9399995803833,8.9399995803833,6453639
2025-08-15,8.989999771118164,9.069999694824219,8.930000305175781,8.960000038146973,8.960000038146973,5191415
2025-08-18,8.960000038146973,9.100000381469727,8.949999809265137,9.0,9.0,5919918
2025-08-19,9.0,9.1899995803833,8.960000038146973,9.119999885559082,9.119999885559082,6660209
2025-08-20,9.119999885559082,9.289999961853027,9.100000381469727,9.199999809265137,9.199999809265137,7248000
2025-08-21,9.1899995803833,9.329999923706055,9.170000076293945,9.3100004196167,9.3100004196167,7901957
2025-08-22,9.25,9.34000015258789,9.100000381469727,9.1899995803833,9.1899995803833,7317770
2025-08-25,9.1899995803833,9.239999771118164,9.039999961853027,9.079999923706055,9.079999923706055,8273668
2025-08-26,9.079999923706055,9.220000267028809,9.039999961853027,9.140000343322754,9.140000343322754,6644121
2025-08-27,9.25,9.25,8.819999694824219,8.819999694824219,8.819999694824219,11081500
2025-08-28,8.800000190734863,8.960000038146973,8.4399995803833,8.789999961853027,8.789999961853027,9346760
2025-08-29,8.760000228881836,8.819999694824219,8.6899995803833,8.710000038146973,8.710000038146973,4928050
2025-09-01,8.6899995803833,8.84000015258789,8.609999656677246,8.75,8.75,4503701
2025-09-02,8.789999961853027,8.789999961853027,8.59000015258789,8.6899995803833,8.6899995803833,4712200
2025-09-03,8.6899995803833,8.739999771118164,8.380000114440918,8.399999618530273,8.399999618530273,5301300
2025-09-04,8.420000076293945,8.670000076293945,8.369999885559082,8.460000038146973,8.460000038146973,5030031
2025-09-05,8.460000038146973,8.619999885559082,8.4399995803833,8.569999694824219,8.569999694824219,3986000
2025-09-08,8.600000381469727,8.800000190734863,8.569999694824219,8.710000038146973,8.710000038146973,4144400
2025-09-09,8.710000038146973,8.779999732971191,8.640000343322754,8.720000267028809,8.720000267028809,3442948
2025-09-10,8.699999809265137,8.760000228881836,8.640000343322754,8.739999771118164,8.739999771118164,2199180
2025-09-11,8.720000267028809,8.75,8.609999656677246,8.720000267028809,8.720000267028809,3047130
2025-09-12,8.710000038146973,8.75,8.65999984741211,8.699999809265137,8.699999809265137,2876306
2025-09-15,8.640000343322754,8.710000038146973,8.5,8.600000381469727,8.600000381469727,3978950
2025-09-16,8.699999809265137,8.710000038146973,8.5600004196167,8.630000114440918,8.630000114440918,3413152
2025-09-17,8.630000114440918,8.670000076293945,8.5600004196167,8.59000015258789,8.59000015258789,3092505
2025-09-18,8.630000114440918,8.630000114440918,8.329999923706055,8.359999656677246,8.359999656677246,5822200
2025-09-19,8.369999885559082,8.4399995803833,8.279999732971191,8.380000114440918,8.380000114440918,3474950
2025-09-22,8.380000114440918,8.420000076293945,8.199999809265137,8.25,8.25,3342300
2025-09-23,8.289999961853027,8.289999961853027,7.909999847412109,8.130000114440918,8.130000114440918,4433550
2025-09-24,8.140000343322754,8.350000381469727,8.140000343322754,8.319999694824219,8.319999694824219,2977550
2025-09-25,8.260000228881836,8.350000381469727,8.15999984741211,8.15999984741211,8.15999984741211,2360400
2025-09-26,8.109999656677246,8.319999694824219,8.100000381469727,8.260000228881836,8.260000228881836,3036100
2025-09-29,8.270000457763672,8.359999656677246,8.119999885559082,8.359999656677246,8.359999656677246,2575780
2025-09-30,8.390000343322754,8.399999618530273,8.3100004196167,8.34000015258789,8.34000015258789,2459800
2025-10-09,8.399999618530273,8.399999618530273,8.210000038146973,8.3100004196167,8.3100004196167,3113000
2025-10-10,8.3100004196167,8.460000038146973,8.270000457763672,8.420000076293945,8.420000076293945,3591300
2025-10-13,8.300000190734863,8.40999984741211,8.0,8.399999618530273,8.399999618530273,4417620
2025-10-14,8.399999618530273,8.489999771118164,8.329999923706055,8.380000114440918,8.380000114440918,3598004
2025-10-15,8.380000114440918,8.65999984741211,8.359999656677246,8.470000267028809,8.470000267028809,5182900
2025-10-16,8.520000457763672,8.520000457763672,8.350000381469727,8.350000381469727,8.350000381469727,2960300
2025-10-17,8.350000381469727,8.4399995803833,8.279999732971191,8.319999694824219,8.319999694824219,2681900
2025-10-20,8.369999885559082,8.460000038146973,8.319999694824219,8.449999809265137,8.449999809265137,2295424
2025-10-21,8.479999542236328,8.630000114440918,8.40999984741211,8.609999656677246,8.609999656677246,4018100
2025-10-22,8.5600004196167,8.710000038146973,8.550000190734863,8.649999618530273,8.649999618530273,3973500
2025-10-23,8.600000381469727,8.819999694824219,8.600000381469727,8.800000190734863,8.800000190734863,5692700
2025-10-24,8.760000228881836,8.850000381469727,8.65999984741211,8.670000076293945,8.670000076293945,4544916
2025-10-27,8.75,8.779999732971191,8.550000190734863,8.670000076293945,8.670000076293945,4607724
2025-10-28,8.649999618530273,8.800000190734863,8.640000343322754,8.649999618530273,8.649999618530273,2929200
2025-10-29,8.619999885559082,8.680000305175781,8.479999542236328,8.579999923706055,8.579999923706055,3660000
2025-10-30,8.59000015258789,8.979999542236328,8.510000228881836,8.699999809265137,8.699999809265137,8708554
2025-10-31,8.75,8.760000228881836,8.5600004196167,8.65999984741211,8.65999984741211,5103691
2025-11-03,8.670000076293945,8.84000015258789,8.640000343322754,8.829999923706055,8.829999923706055,4960290
2025-11-04,8.800000190734863,8.920000076293945,8.75,8.869999885559082,8.869999885559082,3742000
2025-11-05,8.819999694824219,8.989999771118164,8.760000228881836,8.920000076293945,8.920000076293945,4027800
2025-11-06,8.949999809265137,8.979999542236328,8.84000015258789,8.930000305175781,8.930000305175781,3190400
2025-11-07,8.970000267028809,9.130000114440918,8.930000305175781,9.119999885559082,9.119999885559082,6642820
2025-11-10,9.119999885559082,9.210000038146973,9.050000190734863,9.069999694824219,9.069999694824219,5217200
2025-11-11,9.0600004196167,9.25,9.050000190734863,9.220000267028809,9.220000267028809,5947486
2025-11-12,9.260000228881836,9.270000457763672,9.119999885559082,9.1899995803833,9.1899995803833,4312500
2025-11-13,9.210000038146973,9.329999923706055,9.109999656677246,9.329999923706055,9.329999923706055,6051600
2025-11-14,9.319999694824219,9.449999809265137,9.25,9.319999694824219,9.319999694824219,4101921
2025-11-17,9.34000015258789,9.479999542236328,9.289999961853027,9.40999984741211,9.40999984741211,5245900
2025-11-18,9.380000114440918,9.430000305175781,9.170000076293945,9.350000381469727,9.350000381469727,5604000
2025-11-19,9.25,10.289999961853027,9.25,10.289999961853027,10.289999961853027,15367947
2025-11-20,10.399999618530273,10.600000381469727,9.4399995803833,9.5,9.5,41654041
2025-11-21,9.270000457763672,9.300000190734863,8.640000343322754,8.670000076293945,8.670000076293945,25603874
2025-11-24,8.899999618530273,8.949999809265137,8.680000305175781,8.770000457763672,8.770000457763672,14587268
2025-11-25,8.859999656677246,8.930000305175781,8.720000267028809,8.829999923706055,8.829999923706055,9625300
2025-11-26,8.829999923706055,8.930000305175781,8.789999961853027,8.789999961853027,8.789999961853027,7468200
2025-11-27,8.75,8.920000076293945,8.739999771118164,8.869999885559082,8.869999885559082,5850800
2025-11-28,8.850000381469727,9.760000228881836,8.800000190734863,9.210000038146973,9.210000038146973,25678301
2025-12-01,9.399999618530273,9.579999923706055,9.220000267028809,9.239999771118164,9.239999771118164,22287901
2025-12-02,9.260000228881836,9.319999694824219,9.140000343322754,9.289999961853027,9.289999961853027,11227300
2025-12-03,9.329999923706055,9.40999984741211,9.180000305175781,9.270000457763672,9.270000457763672,9442700
2025-12-04,9.369999885559082,9.729999542236328,9.229999542236328,9.65999984741211,9.65999984741211,22405901
2025-12-05,9.489999771118164,9.869999885559082,9.489999771118164,9.789999961853027,9.789999961853027,15342606
2025-12-08,9.800000190734863,9.850000381469727,9.359999656677246,9.470000267028809,9.470000267028809,14236206
2025-12-09,9.449999809265137,9.65999984741211,9.300000190734863,9.520000457763672,9.520000457763672,11877800
2025-12-10,9.420000076293945,9.5600004196167,9.390000343322754,9.520000457763672,9.520000457763672,7002350
2025-12-11,9.449999809265137,9.899999618530273,9.449999809265137,9.779999732971191,9.779999732971191,15724800
2025-12-12,9.829999923706055,9.850000381469727,9.460000038146973,9.489999771118164,9.489999771118164,11728800
2025-12-15,9.489999771118164,9.710000038146973,9.350000381469727,9.649999618530273,9.649999618530273,6947800
2025-12-16,9.600000381469727,9.649999618530273,9.359999656677246,9.430000305175781,9.430000305175781,6850200
2025-12-17,9.40999984741211,9.59000015258789,9.25,9.5,9.5,7758300
2025-12-18,9.529999732971191,9.539999961853027,9.359999656677246,9.390000343322754,9.390000343322754,4442100
2025-12-19,9.460000038146973,9.640000343322754,9.350000381469727,9.619999885559082,9.619999885559082,5226600
2025-12-22,9.609999656677246,9.680000305175781,9.390000343322754,9.479999542236328,9.479999542236328,5924600
2025-12-23,9.479999542236328,9.569999694824219,9.25,9.369999885559082,9.369999885559082,6002600
2025-12-24,9.359999656677246,9.430000305175781,9.180000305175781,9.260000228881836,9.260000228881836,5705900
2025-12-25,9.300000190734863,9.329999923706055,9.069999694824219,9.140000343322754,9.140000343322754,4177990
2025-12-26,9.199999809265137,9.220000267028809,8.979999542236328,9.010000228881836,9.010000228881836,5845500
2025-12-29,9.100000381469727,9.34000015258789,8.970000267028809,9.199999809265137,9.199999809265137,7861400
2025-12-30,9.199999809265137,9.210000038146973,8.930000305175781,8.970000267028809,8.970000267028809,5571600
2025-12-31,8.970000267028809,9.020000457763672,8.829999923706055,8.890000343322754,8.890000343322754,4543900
2026-01-05,8.890000343322754,8.930000305175781,8.739999771118164,8.770000457763672,8.770000457763672,5616800
2026-01-06,8.779999732971191,9.09000015258789,8.779999732971191,9.010000228881836,9.010000228881836,6784400
2026-01-07,9.0,9.90999984741211,8.989999771118164,9.90999984741211,9.90999984741211,15780822
2026-01-08,9.880000114440918,10.390000343322754,9.640000343322754,9.829999923706055,9.829999923706055,34524360
2026-01-09,9.710000038146973,9.880000114440918,9.550000190734863,9.6899995803833,9.6899995803833,18236400
2026-01-12,9.65999984741211,9.800000190734863,9.600000381469727,9.729999542236328,9.729999542236328,11060800
2026-01-13,9.729999542236328,9.979999542236328,9.630000114440918,9.699999809265137,9.699999809265137,12810100
2026-01-14,9.699999809265137,9.960000038146973,9.65999984741211,9.869999885559082,9.869999885559082,12995813
2026-01-15,9.84000015258789,10.010000228881836,9.720000267028809,9.949999809265137,9.949999809265137,11058500
2026-01-16,9.949999809265137,10.069999694824219,9.630000114440918,9.760000228881836,9.760000228881836,9019700
2026-01-19,9.65999984741211,10.199999809265137,9.640000343322754,10.130000114440918,10.130000114440918,11627416
2026-01-20,10.0,10.0600004196167,9.850000381469727,10.050000190734863,10.050000190734863,9443200
2026-01-21,9.979999542236328,10.079999923706055,9.819999694824219,9.989999771118164,9.989999771118164,6293900
2026-01-22,9.9399995803833,10.279999732971191,9.9399995803833,10.220000267028809,10.220000267028809,8495260
2026-01-23,10.239999771118164,10.239999771118164,10.010000228881836,10.15999984741211,10.15999984741211,7486711
2026-01-26,10.15999984741211,10.489999771118164,10.09000015258789,10.180000305175781,10.180000305175781,9157111
2026-01-27,10.079999923706055,10.229999542236328,9.90999984741211,10.119999885559082,10.119999885559082,7892501
2026-01-28,10.170000076293945,10.460000038146973,10.079999923706055,10.289999961853027,10.289999961853027,10162397
2026-01-29,10.260000228881836,10.350000381469727,10.020000457763672,10.109999656677246,10.109999656677246,9457500
2026-01-30,10.0600004196167,10.25,9.8100004196167,10.210000038146973,10.210000038146973,9841300
2026-02-02,10.220000267028809,10.220000267028809,9.680000305175781,9.6899995803833,9.6899995803833,7954511
2026-02-03,9.859999656677246,9.9399995803833,9.59000015258789,9.899999618530273,9.899999618530273,6864000
2026-02-04,9.949999809265137,10.260000228881836,9.869999885559082,10.260000228881836,10.260000228881836,6952475
2026-02-05,10.15999984741211,10.260000228881836,9.970000267028809,10.020000457763672,10.020000457763672,5162200
2026-02-06,9.920000076293945,10.300000190734863,9.819999694824219,10.170000076293945,10.170000076293945,6149024
2026-02-09,10.220000267028809,10.300000190734863,10.109999656677246,10.220000267028809,10.220000267028809,5085879
2026-02-10,10.229999542236328,10.350000381469727,10.079999923706055,10.239999771118164,10.239999771118164,5216751
2026-02-11,10.300000190734863,10.390000343322754,10.100000381469727,10.140000343322754,10.140000343322754,7087800
2026-02-12,10.210000038146973,10.279999732971191,9.6899995803833,9.710000038146973,9.710000038146973,11747363
2026-02-13,9.720000267028809,9.84000015258789,9.59000015258789,9.720000267028809,9.720000267028809,8098600
2026-02-24,9.84000015258789,10.6899995803833,9.84000015258789,10.6899995803833,10.6899995803833,13729171
2026-02-25,10.699999809265137,10.869999885559082,10.399999618530273,10.699999809265137,10.699999809265137,24755400
2026-02-26,10.6899995803833,10.930000305175781,10.449999809265137,10.579999923706055,10.579999923706055,14232308
2026-02-27,10.65999984741211,10.65999984741211,9.739999771118164,9.960000038146973,9.960000038146973,32558795
2026-03-02,10.130000114440918,10.699999809265137,9.819999694824219,9.989999771118164,9.989999771118164,33606610
2026-03-03,10.180000305175781,10.180000305175781,8.989999771118164,8.989999771118164,8.989999771118164,32958200
2026-03-04,8.84000015258789,9.050000190734863,8.09000015258789,8.949999809265137,8.949999809265137,14520244
2026-03-05,9.140000343322754,9.170000076293945,8.800000190734863,8.989999771118164,8.989999771118164,11473082
2026-03-06,8.90999984741211,9.720000267028809,8.90999984741211,9.510000228881836,9.510000228881836,22967991
2026-03-09,9.699999809265137,9.989999771118164,9.329999923706055,9.369999885559082,9.369999885559082,20136437
2026-03-10,9.300000190734863,9.390000343322754,9.15999984741211,9.239999771118164,9.239999771118164,12230067
2026-03-11,9.260000228881836,9.380000114440918,9.050000190734863,9.329999923706055,9.329999923706055,12942979
2026-03-12,9.479999542236328,9.6899995803833,9.270000457763672,9.279999732971191,9.279999732971191,15121504
2026-03-13,9.430000305175781,9.489999771118164,9.210000038146973,9.229999542236328,9.229999542236328,11836200
2026-03-16,9.25,9.489999771118164,9.069999694824219,9.239999771118164,9.239999771118164,11099207
2026-03-17,9.260000228881836,9.359999656677246,9.0600004196167,9.069999694824219,9.069999694824219,9048366
2026-03-18,9.069999694824219,9.15999984741211,8.869999885559082,9.0,9.0,7374856
2026-03-19,8.979999542236328,9.0,8.670000076293945,8.710000038146973,8.710000038146973,7589130
2026-03-20,8.710000038146973,8.760000228881836,8.319999694824219,8.34000015258789,8.34000015258789,9127988
2026-03-23,8.1899995803833,8.40999984741211,7.840000152587891,7.869999885559082,7.869999885559082,12804971
2026-03-24,8.100000381469727,8.260000228881836,7.829999923706055,8.25,8.25,10291371
2026-03-25,8.239999771118164,8.640000343322754,8.199999809265137,8.529999732971191,8.529999732971191,8415440
2026-03-26,8.529999732971191,8.630000114440918,8.380000114440918,8.579999923706055,8.579999923706055,7914268
2026-03-27,8.470000267028809,9.050000190734863,8.460000038146973,8.949999809265137,8.949999809265137,12364168
2026-03-30,8.920000076293945,9.170000076293945,8.75,8.859999656677246,8.859999656677246,11620883
2026-03-31,8.800000190734863,8.880000114440918,8.539999961853027,8.550000190734863,8.550000190734863,8024656
2026-04-01,8.729999542236328,8.75,8.470000267028809,8.569999694824219,8.569999694824219,5036101
2026-04-02,8.550000190734863,8.59000015258789,8.350000381469727,8.449999809265137,8.449999809265137,4348300
2026-04-03,8.470000267028809,8.489999771118164,8.0,8.079999923706055,8.079999923706055,8013200
2026-04-07,8.199999809265137,8.390000343322754,8.079999923706055,8.319999694824219,8.319999694824219,7019900
2026-04-08,8.380000114440918,8.520000457763672,8.25,8.470000267028809,8.470000267028809,6519700
2026-04-09,8.470000267028809,8.510000228881836,8.220000267028809,8.279999732971191,8.279999732971191,10300933
2026-04-10,8.279999732971191,8.449999809265137,8.239999771118164,8.329999923706055,8.329999923706055,7340758
2026-04-13,8.359999656677246,8.390000343322754,8.0,8.270000457763672,8.270000457763672,4984307
2026-04-14,8.289999961853027,8.350000381469727,8.140000343322754,8.279999732971191,8.279999732971191,4930900
2026-04-15,8.329999923706055,8.359999656677246,8.010000228881836,8.050000190734863,8.050000190734863,7415500
2026-04-16,8.050000190734863,8.220000267028809,8.050000190734863,8.1899995803833,8.1899995803833,5671900
2026-04-17,8.180000305175781,8.300000190734863,8.069999694824219,8.119999885559082,8.119999885559082,4146000
2026-04-20,8.119999885559082,8.270000457763672,8.029999732971191,8.25,8.25,5079200
2026-04-21,8.100000381469727,8.149999618530273,7.900000095367432,8.050000190734863,8.050000190734863,7521613
2026-04-22,8.050000190734863,8.119999885559082,8.010000228881836,8.039999961853027,8.039999961853027,5643698
2026-04-23,8.079999923706055,8.100000381469727,7.849999904632568,7.900000095367432,7.900000095367432,7598024
2026-04-24,7.909999847412109,8.130000114440918,7.849999904632568,8.039999961853027,8.039999961853027,6705370
2026-04-27,7.989999771118164,8.170000076293945,7.849999904632568,8.130000114440918,8.130000114440918,7331800
2026-04-28,8.119999885559082,8.15999984741211,7.989999771118164,8.149999618530273,8.149999618530273,4903210
2026-04-29,8.140000343322754,8.3100004196167,8.039999961853027,8.25,8.25,7345936
2026-04-30,8.239999771118164,8.34000015258789,8.15999984741211,8.15999984741211,8.15999984741211,5065467
2026-05-06,8.229999542236328,8.260000228881836,8.109999656677246,8.1899995803833,8.1899995803833,5717700
2026-05-07,8.180000305175781,8.25,8.0600004196167,8.119999885559082,8.119999885559082,6003867
2026-05-08,8.130000114440918,8.5,8.09000015258789,8.399999618530273,8.399999618530273,9221600
2026-05-11,8.390000343322754,8.449999809265137,8.180000305175781,8.279999732971191,8.279999732971191,7500567
2026-05-12,8.270000457763672,8.270000457763672,7.940000057220459,8.020000457763672,8.020000457763672,8451404
2026-05-13,8.09000015258789,8.180000305175781,8.0,8.09000015258789,8.09000015258789,5958400
2026-05-14,8.109999656677246,8.149999618530273,7.980000019073486,8.010000228881836,8.010000228881836,5021421
2026-05-15,7.989999771118164,8.300000190734863,7.96999979019165,8.020000457763672,8.020000457763672,7788172
2026-05-18,8.010000228881836,8.010000228881836,7.75,7.920000076293945,7.920000076293945,8629765
2026-05-19,7.920000076293945,7.980000019073486,7.769999980926514,7.880000114440918,7.880000114440918,5732000
2026-05-20,7.829999923706055,7.840000152587891,7.650000095367432,7.690000057220459,7.690000057220459,5176700
2026-05-21,7.690000057220459,7.789999961853027,7.289999961853027,7.329999923706055,7.329999923706055,6762800
2026-05-22,7.400000095367432,7.550000190734863,7.309999942779541,7.519999980926514,7.519999980926514,6515700
2026-05-25,7.510000228881836,7.769999980926514,7.340000152587891,7.380000114440918,7.380000114440918,7334000
2026-05-26,7.380000114440918,7.389999866485596,7.070000171661377,7.199999809265137,7.199999809265137,6023600
2026-05-27,7.269999980926514,7.269999980926514,6.920000076293945,7.03000020980835,7.03000020980835,5946400
2026-05-28,7.03000020980835,7.159999847412109,6.929999828338623,7.130000114440918,7.130000114440918,4607700
2026-05-29,7.139999866485596,7.210000038146973,6.940000057220459,6.960000038146973,6.960000038146973,5166200
2026-06-01,6.929999828338623,7.369999885559082,6.900000095367432,7.329999923706055,7.329999923706055,7832605
2026-06-02,7.329999923706055,7.449999809265137,7.0,7.119999885559082,7.119999885559082,6593668
2026-06-03,7.110000133514404,7.150000095367432,6.96999979019165,7.059999942779541,7.059999942779541,5711410
2026-06-04,7.050000190734863,7.099999904632568,6.860000133514404,6.909999847412109,6.909999847412109,4546042
2026-06-05,6.909999847412109,7.099999904632568,6.78000020980835,6.980000019073486,6.980000019073486,5993000
2026-06-08,6.809999942779541,6.96999979019165,6.599999904632568,6.739999771118164,6.739999771118164,6537562
2026-06-09,6.789999961853027,7.059999942779541,6.619999885559082,6.909999847412109,6.909999847412109,11729368
2026-06-10,6.78000020980835,6.920000076293945,6.670000076293945,6.730000019073486,6.730000019073486,8148124
2026-06-11,6.730000019073486,7.389999866485596,6.539999961853027,7.150000095367432,7.150000095367432,22181824
2026-06-12,7.079999923706055,7.199999809265137,6.679999828338623,6.880000114440918,6.880000114440918,15769700
2026-06-15,6.920000076293945,7.139999866485596,6.769999980926514,6.829999923706055,6.829999923706055,11328902
2026-06-16,6.840000152587891,7.090000152587891,6.639999866485596,7.010000228881836,7.010000228881836,9902043
2026-06-17,6.989999771118164,7.019999980926514,6.670000076293945,6.739999771118164,6.739999771118164,9785600
2026-06-18,6.75,6.75,6.519999980926514,6.53000020980835,6.53000020980835,6206204
2026-06-22,6.53000020980835,6.730000019073486,6.369999885559082,6.699999809265137,6.699999809265137,8025010
2026-06-23,6.619999885559082,6.869999885559082,6.610000133514404,6.630000114440918,6.630000114440918,7379108
2026-06-24,6.570000171661377,6.670000076293945,6.28000020980835,6.369999885559082,6.369999885559082,7662162
2026-06-25,6.300000190734863,6.480000019073486,6.179999828338623,6.300000190734863,6.300000190734863,6400982
2026-06-26,6.239999771118164,6.650000095367432,6.090000152587891,6.28000020980835,6.28000020980835,9094620
2026-06-29,6.329999923706055,6.329999923706055,5.96999979019165,6.130000114440918,6.130000114440918,7588550
2026-06-30,6.170000076293945,6.199999809265137,5.980000019073486,6.039999961853027,6.039999961853027,5288533
2026-07-01,6.039999961853027,6.260000228881836,5.949999809265137,6.170000076293945,6.170000076293945,5333467
2026-07-02,6.150000095367432,6.510000228881836,6.099999904632568,6.269999980926514,6.269999980926514,8742610
2026-07-03,6.25,6.349999904632568,6.159999847412109,6.190000057220459,6.190000057220459,6794362
2026-07-06,6.190000057220459,6.360000133514404,6.130000114440918,6.21999979019165,6.21999979019165,5486600
2026-07-07,6.190000057220459,6.190000057220459,5.989999771118164,6.159999847412109,6.159999847412109,5318562
2026-07-08,6.159999847412109,6.199999809265137,6.010000228881836,6.019999980926514,6.019999980926514,4118300
2026-07-09,5.980000019073486,6.059999942779541,5.820000171661377,5.940000057220459,5.940000057220459,5015880
2026-07-10,5.940000057220459,6.190000057220459,5.849999904632568,6.03000020980835,6.03000020980835,5686000
2026-07-13,6.03000020980835,6.050000190734863,5.769999980926514,5.78000020980835,5.78000020980835,5118900
2026-07-14,5.769999980926514,5.909999847412109,5.710000038146973,5.889999866485596,5.889999866485596,4827661
2026-07-15,5.829999923706055,6.090000152587891,5.829999923706055,6.0,6.0,4319409
2026-07-16,6.0,6.119999885559082,5.869999885559082,6.050000190734863,6.050000190734863,4110661
2026-07-17,6.050000190734863,6.239999771118164,5.880000114440918,5.949999809265137,5.949999809265137,5385700
2026-07-20,5.960000038146973,6.21999979019165,5.809999942779541,5.909999847412109,5.909999847412109,7266900
2026-07-21,5.920000076293945,5.929999828338623,5.599999904632568,5.800000190734863,5.800000190734863,7957863
2026-07-22,5.71999979019165,5.900000095367432,5.699999809265137,5.809999942779541,5.809999942779541,4449920
2026-07-23,5.75,6.110000133514404,5.75,6.070000171661377,6.070000171661377,6361600
2026-07-24,6.070000171661377,6.130000114440918,5.860000133514404,5.869999885559082,5.869999885559082,4108200
2026-07-27,5.809999942779541,6.050000190734863,5.809999942779541,6.03000020980835,6.03000020980835,4463800
2026-07-28,6.03000020980835,6.119999885559082,5.96999979019165,6.039999961853027,6.039999961853027,4036900
2026-07-29,5.980000019073486,6.260000228881836,5.980000019073486,6.139999866485596,6.139999866485596,4563205
2026-07-30,6.139999866485596,6.21999979019165,6.019999980926514,6.070000171661377,6.070000171661377,3963400
2026-07-31,6.159999847412109,6.179999828338623,6.039999961853027,6.170000076293945,6.170000076293945,4144671
2026-08-03,6.130000114440918,6.440000057220459,6.130000114440918,6.440000057220459,6.440000057220459,5967601
2026-08-04,6.440000057220459,6.510000228881836,6.360000133514404,6.420000076293945,6.420000076293945,3358300
2026-08-05,6.429999828338623,6.5,6.360000133514404,6.440000057220459,6.440000057220459,3284100
2026-08-06,6.409999847412109,6.510000228881836,6.369999885559082,6.5,6.5,4872858
2026-08-07,6.590000152587891,6.599999904632568,6.309999942779541,6.389999866485596,6.389999866485596,5666400
2026-08-10,6.400000095367432,6.579999923706055,6.360000133514404,6.559999942779541,6.559999942779541,6016025
2026-08-11,6.570000171661377,6.570000171661377,6.449999809265137,6.5,6.5,3840000
2026-08-12,6.5,6.579999923706055,6.480000019073486,6.53000020980835,6.53000020980835,3565911
2026-08-13,6.539999961853027,6.550000190734863,6.409999847412109,6.420000076293945,6.420000076293945,3915101
2026-08-14,6.420000076293945,6.489999771118164,6.320000171661377,6.389999866485596,6.389999866485596,3919516
