Date,Open,High,Low,Close,Adj Close,Volume
2021-08-16,11.40999984741211,11.489999771118164,11.300000190734863,11.3100004196167,10.79511547088623,3901843
2021-08-17,11.319999694824219,11.34000015258789,11.010000228881836,11.039999961853027,10.537406921386719,4881524
2021-08-18,11.039999961853027,11.479999542236328,11.029999732971191,11.390000343322754,10.871474266052246,5559113
2021-08-19,11.390000343322754,11.4399995803833,11.199999809265137,11.279999732971191,10.7664794921875,3761205
2021-08-20,11.270000457763672,11.3100004196167,11.100000381469727,11.229999542236328,10.718754768371582,3289722
2021-08-23,11.25,11.550000190734863,11.25,11.520000457763672,10.99555492401123,6472848
2021-08-24,11.510000228881836,11.619999885559082,11.420000076293945,11.470000267028809,10.947831153869629,3747506
2021-08-25,11.470000267028809,11.75,11.390000343322754,11.630000114440918,11.100545883178711,5903651
2021-08-26,11.640000343322754,11.84000015258789,11.569999694824219,11.6899995803833,11.157814979553223,7854885
2021-08-27,11.59000015258789,11.609999656677246,11.210000038146973,11.319999694824219,10.804658889770508,7883979
2021-08-30,11.229999542236328,11.359999656677246,11.180000305175781,11.229999542236328,10.718754768371582,4527078
2021-08-31,11.199999809265137,11.350000381469727,11.109999656677246,11.270000457763672,10.75693416595459,4177980
2021-09-01,11.279999732971191,11.670000076293945,11.229999542236328,11.539999961853027,11.014643669128418,8195411
2021-09-02,11.550000190734863,11.890000343322754,11.479999542236328,11.880000114440918,11.339165687561035,10956397
2021-09-03,12.15999984741211,12.75,12.0,12.34000015258789,11.778223991394043,23265583
2021-09-06,12.319999694824219,13.100000381469727,12.199999809265137,12.710000038146973,12.131379127502441,18278105
2021-09-07,12.600000381469727,12.829999923706055,12.40999984741211,12.710000038146973,12.131379127502441,15040326
2021-09-08,12.550000190734863,13.390000343322754,12.550000190734863,13.0600004196167,12.465446472167969,20664116
2021-09-09,12.890000343322754,13.0,12.710000038146973,12.970000267028809,12.37954330444336,12501587
2021-09-10,12.869999885559082,12.970000267028809,12.5,12.539999961853027,11.969120025634766,15778847
2021-09-13,12.760000228881836,13.380000114440918,12.5600004196167,13.279999732971191,12.67542839050293,20402161
2021-09-14,13.279999732971191,13.279999732971191,12.649999618530273,12.6899995803833,12.112289428710938,15980244
2021-09-15,12.699999809265137,12.920000076293945,12.59000015258789,12.800000190734863,12.21728229522705,9169559
2021-09-16,12.850000381469727,13.25,12.5,12.5600004196167,11.988208770751953,15282272
2021-09-17,12.5600004196167,13.029999732971191,12.449999809265137,12.829999923706055,12.245916366577148,11276262
2021-09-22,12.75,14.109999656677246,12.630000114440918,13.869999885559082,13.238570213317871,30533032
2021-09-23,13.880000114440918,14.010000228881836,13.470000267028809,13.579999923706055,12.961772918701172,20301565
2021-09-24,13.550000190734863,14.34000015258789,13.510000228881836,13.579999923706055,12.961772918701172,19869528
2021-09-27,13.729999542236328,14.149999618530273,12.899999618530273,13.130000114440918,12.532259941101074,18036627
2021-09-28,13.09000015258789,13.569999694824219,12.989999771118164,13.460000038146973,12.847236633300781,11390147
2021-09-29,13.100000381469727,13.970000267028809,12.829999923706055,13.470000267028809,12.856782913208008,17454520
2021-09-30,13.5600004196167,13.819999694824219,12.899999618530273,13.579999923706055,12.961772918701172,15538830
2021-10-08,13.539999961853027,13.869999885559082,13.140000343322754,13.3100004196167,12.704065322875977,15973259
2021-10-11,13.3100004196167,13.3100004196167,11.979999542236328,11.989999771118164,11.444156646728516,22087221
2021-10-12,11.899999618530273,11.970000267028809,11.399999618530273,11.59000015258789,11.06236743927002,12546501
2021-10-13,11.569999694824219,11.569999694824219,11.270000457763672,11.5,10.976465225219727,6163214
2021-10-14,11.489999771118164,11.65999984741211,11.319999694824219,11.59000015258789,11.06236743927002,5181155
2021-10-15,11.680000305175781,11.680000305175781,11.300000190734863,11.359999656677246,10.8428373336792,5085198
2021-10-18,11.399999618530273,11.579999923706055,11.380000114440918,11.5,10.976465225219727,3589569
2021-10-19,11.5,11.670000076293945,11.449999809265137,11.569999694824219,11.0432767868042,5051246
2021-10-20,11.550000190734863,11.739999771118164,11.390000343322754,11.670000076293945,11.138724327087402,4648312
2021-10-21,11.680000305175781,11.729999542236328,11.4399995803833,11.460000038146973,10.938284873962402,5271104
2021-10-22,11.460000038146973,11.569999694824219,11.3100004196167,11.4399995803833,10.919196128845215,4333796
2021-10-25,11.4399995803833,11.579999923706055,11.3100004196167,11.5,10.976465225219727,3567200
2021-10-26,11.460000038146973,11.510000228881836,11.380000114440918,11.390000343322754,10.871474266052246,3175225
2021-10-27,11.430000305175781,11.609999656677246,11.380000114440918,11.539999961853027,11.014643669128418,5393631
2021-10-28,11.529999732971191,11.529999732971191,10.699999809265137,10.819999694824219,10.327422142028809,10210180
2021-10-29,10.819999694824219,11.100000381469727,10.680000305175781,11.010000228881836,10.508772850036621,4579502
2021-11-01,11.0,11.380000114440918,10.949999809265137,11.25,10.737845420837402,4634135
2021-11-02,11.270000457763672,11.630000114440918,11.15999984741211,11.369999885559082,10.852383613586426,6530918
2021-11-03,11.359999656677246,11.739999771118164,11.359999656677246,11.699999809265137,11.1673583984375,8923532
2021-11-04,11.6899995803833,11.819999694824219,11.5600004196167,11.8100004196167,11.272354125976562,8094484
2021-11-05,11.789999961853027,11.8100004196167,11.609999656677246,11.699999809265137,11.1673583984375,4321593
2021-11-08,11.699999809265137,11.789999961853027,11.579999923706055,11.720000267028809,11.18644905090332,3856643
2021-11-09,11.739999771118164,11.850000381469727,11.720000267028809,11.779999732971191,11.2437162399292,4475950
2021-11-10,11.770000457763672,11.84000015258789,11.649999618530273,11.819999694824219,11.281896591186523,4263206
2021-11-11,11.819999694824219,12.149999618530273,11.770000457763672,12.109999656677246,11.558692932128906,7350017
2021-11-12,12.119999885559082,12.470000267028809,12.039999961853027,12.34000015258789,11.778223991394043,6992158
2021-11-15,12.609999656677246,13.239999771118164,12.609999656677246,13.119999885559082,12.522713661193848,16681957
2021-11-16,13.0600004196167,13.899999618530273,12.819999694824219,13.380000114440918,12.770878791809082,21258955
2021-11-17,13.380000114440918,13.479999542236328,13.010000228881836,13.329999923706055,12.723154067993164,10469975
2021-11-18,13.329999923706055,13.520000457763672,13.25,13.329999923706055,12.723154067993164,8093395
2021-11-19,13.350000381469727,13.380000114440918,13.130000114440918,13.229999542236328,12.627704620361328,5634254
2021-11-22,13.4399995803833,13.619999885559082,13.170000076293945,13.270000457763672,12.665884971618652,7189600
2021-11-23,13.300000190734863,14.029999732971191,13.289999961853027,13.850000381469727,13.219482421875,17078810
2021-11-24,13.850000381469727,14.0600004196167,13.710000038146973,13.989999771118164,13.353107452392578,12555028
2021-11-25,14.0600004196167,15.289999961853027,13.920000076293945,15.09000015258789,14.403029441833496,24907029
2021-11-26,14.979999542236328,14.979999542236328,14.449999809265137,14.6899995803833,14.021240234375,17167839
2021-11-29,14.510000228881836,15.149999618530273,14.399999618530273,14.880000114440918,14.202590942382812,13352842
2021-11-30,14.970000267028809,16.329999923706055,14.789999961853027,15.90999984741211,15.185699462890625,25940560
2021-12-01,15.899999618530273,16.059999465942383,15.579999923706055,15.800000190734863,15.080709457397461,12151466
2021-12-02,15.789999961853027,16.18000030517578,15.569999694824219,15.739999771118164,15.023438453674316,10778564
2021-12-03,15.729999542236328,16.06999969482422,15.609999656677246,15.859999656677246,15.137975692749023,11784198
2021-12-06,15.859999656677246,16.149999618530273,15.270000457763672,15.329999923706055,14.63210391998291,15846511
2021-12-07,15.329999923706055,15.329999923706055,15.329999923706055,15.329999923706055,14.63210391998291,0
2021-12-08,15.329999923706055,15.329999923706055,15.329999923706055,15.329999923706055,14.63210391998291,0
2021-12-09,15.329999923706055,15.329999923706055,15.329999923706055,15.329999923706055,14.63210391998291,0
2021-12-10,15.329999923706055,15.329999923706055,15.329999923706055,15.329999923706055,14.63210391998291,0
2021-12-13,15.329999923706055,15.329999923706055,15.329999923706055,15.329999923706055,14.63210391998291,0
2021-12-14,15.100000381469727,15.100000381469727,13.800000190734863,13.8100004196167,13.181303977966309,42644519
2021-12-15,13.5,14.069999694824219,13.289999961853027,13.449999809265137,12.837690353393555,31858078
2021-12-16,13.350000381469727,13.619999885559082,13.180000305175781,13.619999885559082,12.999950408935547,18397633
2021-12-17,13.5600004196167,14.489999771118164,13.420000076293945,14.300000190734863,13.648995399475098,31743846
2021-12-20,14.380000114440918,15.729999542236328,14.380000114440918,15.210000038146973,14.517566680908203,45738591
2021-12-21,14.829999923706055,16.280000686645508,14.579999923706055,16.020000457763672,15.290692329406738,36495091
2021-12-22,15.890000343322754,15.989999771118164,15.300000190734863,15.449999809265137,14.746642112731934,18041805
2021-12-23,15.680000305175781,16.8799991607666,15.600000381469727,16.520000457763672,15.767928123474121,29437747
2021-12-24,16.229999542236328,16.739999771118164,15.65999984741211,15.800000190734863,15.080709457397461,20636593
2021-12-27,15.90999984741211,17.06999969482422,15.90999984741211,16.690000534057617,15.930191993713379,23007162
2021-12-28,16.600000381469727,16.670000076293945,16.270000457763672,16.5,15.748841285705566,10650935
2021-12-29,16.479999542236328,16.479999542236328,15.600000381469727,15.819999694824219,15.099797248840332,15526193
2021-12-30,15.529999732971191,16.110000610351562,15.510000228881836,15.569999694824219,14.861178398132324,12778162
2021-12-31,15.630000114440918,16.280000686645508,15.600000381469727,15.720000267028809,15.004349708557129,11003484
2022-01-04,15.979999542236328,15.989999771118164,14.640000343322754,14.75,14.078507423400879,22780120
2022-01-05,14.770000457763672,14.850000381469727,14.050000190734863,14.140000343322754,13.4962797164917,20978609
2022-01-06,14.260000228881836,15.550000190734863,14.079999923706055,15.550000190734863,14.842089653015137,22417764
2022-01-07,16.799999237060547,17.110000610351562,14.90999984741211,15.0600004196167,14.374396324157715,52454379
2022-01-10,14.5,15.069999694824219,14.40999984741211,14.520000457763672,13.858981132507324,22157888
2022-01-11,14.600000381469727,14.9399995803833,14.180000305175781,14.25,13.60127067565918,14080747
2022-01-12,14.359999656677246,14.5600004196167,14.260000228881836,14.479999542236328,13.82080078125,6697901
2022-01-13,14.569999694824219,14.680000305175781,13.949999809265137,13.989999771118164,13.353107452392578,12602630
2022-01-14,13.859999656677246,14.279999732971191,13.859999656677246,14.119999885559082,13.477190017700195,7491396
2022-01-17,14.15999984741211,14.800000190734863,14.100000381469727,14.600000381469727,13.935338020324707,14694904
2022-01-18,14.699999809265137,14.779999732971191,14.199999809265137,14.270000457763672,13.620360374450684,10180400
2022-01-19,14.199999809265137,14.380000114440918,14.0,14.050000190734863,13.410375595092773,6612402
2022-01-20,14.039999961853027,14.149999618530273,13.460000038146973,13.510000228881836,12.894960403442383,9479990
2022-01-21,13.399999618530273,13.699999809265137,13.229999542236328,13.270000457763672,12.665884971618652,6041041
2022-01-24,13.279999732971191,13.770000457763672,13.210000038146973,13.510000228881836,12.894960403442383,5703630
2022-01-25,13.649999618530273,13.649999618530273,12.75,12.75,12.169559478759766,6982556
2022-01-26,12.760000228881836,13.119999885559082,12.760000228881836,12.9399995803833,12.350908279418945,4806412
2022-01-27,12.9399995803833,13.039999961853027,12.569999694824219,12.600000381469727,12.026388168334961,4229172
2022-01-28,12.600000381469727,13.029999732971191,12.390000343322754,12.960000038146973,12.369999885559082,4984380
2022-02-07,13.199999809265137,13.520000457763672,13.119999885559082,13.300000190734863,12.6945219039917,5904401
2022-02-08,13.300000190734863,13.380000114440918,13.069999694824219,13.380000114440918,12.770878791809082,4704781
2022-02-09,13.380000114440918,13.460000038146973,13.199999809265137,13.460000038146973,12.847236633300781,4714484
2022-02-10,13.449999809265137,13.489999771118164,13.180000305175781,13.289999961853027,12.684974670410156,4736712
2022-02-11,13.289999961853027,13.3100004196167,12.880000114440918,12.9399995803833,12.350908279418945,5782001
2022-02-14,13.109999656677246,13.149999618530273,12.90999984741211,12.949999809265137,12.360453605651855,3685185
2022-02-15,12.949999809265137,13.069999694824219,12.869999885559082,12.989999771118164,12.398633003234863,2770272
2022-02-16,13.050000190734863,13.1899995803833,12.979999542236328,13.170000076293945,12.570438385009766,4754459
2022-02-17,13.149999618530273,13.149999618530273,12.789999961853027,12.84000015258789,12.255460739135742,6773487
2022-02-18,12.779999732971191,12.850000381469727,12.65999984741211,12.770000457763672,12.188648223876953,4934236
2022-02-21,12.760000228881836,12.979999542236328,12.710000038146973,12.979999542236328,12.389087677001953,4288978
2022-02-22,12.90999984741211,12.9399995803833,12.680000305175781,12.75,12.169559478759766,4389860
2022-02-23,12.729999542236328,12.920000076293945,12.729999542236328,12.90999984741211,12.322275161743164,3783493
2022-02-24,12.859999656677246,13.029999732971191,12.40999984741211,12.539999961853027,11.969120025634766,7697148
2022-02-25,12.789999961853027,13.119999885559082,12.6899995803833,13.020000457763672,12.427267074584961,9419413
2022-02-28,13.109999656677246,13.40999984741211,12.869999885559082,13.229999542236328,12.627704620361328,8671247
2022-03-01,13.279999732971191,13.789999961853027,13.109999656677246,13.699999809265137,13.076310157775879,13926290
2022-03-02,13.649999618530273,14.390000343322754,13.520000457763672,14.069999694824219,13.429466247558594,22458290
2022-03-03,14.100000381469727,15.479999542236328,14.020000457763672,14.9399995803833,14.259859085083008,38174298
2022-03-04,14.9399995803833,15.579999923706055,14.380000114440918,14.949999809265137,14.269405364990234,26242040
2022-03-07,14.890000343322754,14.890000343322754,14.050000190734863,14.210000038146973,13.563092231750488,17153300
2022-03-08,14.300000190734863,15.050000190734863,13.609999656677246,13.720000267028809,13.095399856567383,27869021
2022-03-09,13.979999542236328,15.09000015258789,13.600000381469727,14.859999656677246,14.183502197265625,62465754
2022-03-10,14.5,14.649999618530273,14.109999656677246,14.220000267028809,13.572636604309082,44176607
2022-03-11,13.829999923706055,14.119999885559082,13.119999885559082,13.960000038146973,13.32447338104248,29859470
2022-03-14,13.6899995803833,14.140000343322754,13.079999923706055,13.109999656677246,12.513169288635254,20046604
2022-03-15,12.979999542236328,13.199999809265137,12.15999984741211,12.15999984741211,11.606417655944824,20439866
2022-03-16,12.40999984741211,12.4399995803833,11.789999961853027,12.380000114440918,11.816402435302734,18518670
2022-03-17,12.380000114440918,12.850000381469727,12.260000228881836,12.5600004196167,11.988208770751953,20225375
2022-03-18,12.350000381469727,12.619999885559082,12.229999542236328,12.449999809265137,11.88321590423584,10641255
2022-03-21,12.420000076293945,12.569999694824219,12.260000228881836,12.529999732971191,11.959574699401855,10938351
2022-03-22,12.460000038146973,12.5,12.3100004196167,12.380000114440918,11.816402435302734,7159765
2022-03-23,12.489999771118164,12.739999771118164,12.470000267028809,12.550000190734863,11.97866439819336,11509915
2022-03-24,12.430000305175781,12.430000305175781,12.149999618530273,12.210000038146973,11.654141426086426,9159363
2022-03-25,12.210000038146973,12.300000190734863,12.069999694824219,12.069999694824219,11.520514488220215,7283038
2022-03-28,12.050000190734863,12.149999618530273,11.710000038146973,12.039999961853027,11.491880416870117,7315623
2022-03-29,12.050000190734863,12.25,11.84000015258789,11.930000305175781,11.386890411376953,7192120
2022-03-30,11.930000305175781,12.149999618530273,11.930000305175781,12.109999656677246,11.558692932128906,6439814
2022-03-31,12.029999732971191,12.149999618530273,11.899999618530273,11.949999809265137,11.405978202819824,5939393
2022-04-01,11.859999656677246,11.960000038146973,11.8100004196167,11.920000076293945,11.377345085144043,4117364
2022-04-06,11.899999618530273,12.039999961853027,11.859999656677246,12.010000228881836,11.46324634552002,5787900
2022-04-07,11.949999809265137,12.130000114440918,11.779999732971191,11.8100004196167,11.272354125976562,7097896
2022-04-08,11.770000457763672,11.84000015258789,11.550000190734863,11.670000076293945,11.138724327087402,5092438
2022-04-11,11.619999885559082,11.619999885559082,11.300000190734863,11.319999694824219,10.804658889770508,5546014
2022-04-12,11.319999694824219,11.699999809265137,11.289999961853027,11.6899995803833,11.157814979553223,5075714
2022-04-13,11.6899995803833,11.6899995803833,11.5,11.529999732971191,11.005098342895508,3055231
2022-04-14,11.5600004196167,11.970000267028809,11.529999732971191,11.869999885559082,11.329620361328125,7661405
2022-04-15,11.859999656677246,12.390000343322754,11.770000457763672,12.220000267028809,11.663686752319336,9709310
2022-04-18,12.220000267028809,12.6899995803833,12.109999656677246,12.579999923706055,12.007299423217773,12674907
2022-04-19,12.550000190734863,13.4399995803833,12.550000190734863,13.239999771118164,12.637249946594238,18712092
2022-04-20,13.3100004196167,13.350000381469727,12.739999771118164,12.970000267028809,12.37954330444336,14133588
2022-04-21,12.59000015258789,12.59000015258789,11.670000076293945,11.670000076293945,11.138724327087402,28798981
2022-04-22,11.34000015258789,11.739999771118164,11.329999923706055,11.420000076293945,10.900108337402344,12183651
2022-04-25,11.0,11.279999732971191,10.319999694824219,10.380000114440918,9.907452583312988,15597216
2022-04-26,10.359999656677246,10.489999771118164,9.539999961853027,9.680000305175781,9.23931884765625,14174582
2022-04-27,9.300000190734863,9.65999984741211,8.899999618530273,9.609999656677246,9.172506332397461,15645408
2022-04-28,9.470000267028809,9.59000015258789,8.960000038146973,9.069999694824219,8.657089233398438,10585680
2022-04-29,9.270000457763672,9.84000015258789,9.210000038146973,9.720000267028809,9.277498245239258,10757652
2022-05-05,9.720000267028809,10.039999961853027,9.539999961853027,9.880000114440918,9.430215835571289,8962990
2022-05-06,9.649999618530273,9.680000305175781,9.449999809265137,9.550000190734863,9.115239143371582,6672702
2022-05-09,9.59000015258789,9.880000114440918,9.489999771118164,9.720000267028809,9.277498245239258,4571408
2022-05-10,9.640000343322754,9.850000381469727,9.569999694824219,9.84000015258789,9.392037391662598,4601200
2022-05-11,9.880000114440918,10.130000114440918,9.779999732971191,9.829999923706055,9.382492065429688,6676700
2022-05-12,9.800000190734863,10.0,9.640000343322754,9.890000343322754,9.4397611618042,5044229
2022-05-13,9.920000076293945,9.989999771118164,9.699999809265137,9.850000381469727,9.401581764221191,5206480
2022-05-16,9.880000114440918,9.979999542236328,9.779999732971191,9.850000381469727,9.401581764221191,4844777
2022-05-17,9.819999694824219,9.84000015258789,9.569999694824219,9.739999771118164,9.296587944030762,4443115
2022-05-18,9.75,9.859999656677246,9.710000038146973,9.819999694824219,9.372945785522461,4452959
2022-05-19,9.75,9.880000114440918,9.649999618530273,9.84000015258789,9.392037391662598,4901996
2022-05-20,9.84000015258789,10.130000114440918,9.819999694824219,10.039999961853027,9.582930564880371,7421588
2022-05-23,10.100000381469727,10.380000114440918,10.039999961853027,10.300000190734863,9.831093788146973,6892708
2022-05-24,10.300000190734863,10.369999885559082,9.779999732971191,9.800000190734863,9.353856086730957,7319941
2022-05-25,9.800000190734863,10.15999984741211,9.6899995803833,10.130000114440918,9.668832778930664,5241116
2022-05-26,10.199999809265137,10.399999618530273,10.0600004196167,10.329999923706055,9.859728813171387,6987204
2022-05-27,10.350000381469727,10.710000038146973,10.260000228881836,10.59000015258789,10.107891082763672,10032850
2022-05-30,10.800000190734863,11.430000305175781,10.569999694824219,11.170000076293945,10.661486625671387,17561508
2022-05-31,11.40999984741211,11.449999809265137,10.899999618530273,10.949999809265137,10.451501846313477,13215800
2022-06-01,10.899999618530273,11.1899995803833,10.859999656677246,11.09000015258789,10.585131645202637,7989102
2022-06-02,10.970000267028809,11.069999694824219,10.869999885559082,11.0,10.499227523803711,4965194
2022-06-06,10.930000305175781,11.119999885559082,10.930000305175781,11.039999961853027,10.537406921386719,6198737
2022-06-07,11.069999694824219,11.229999542236328,10.859999656677246,11.180000305175781,10.671031951904297,8449552
2022-06-08,11.300000190734863,12.0,11.149999618530273,11.430000305175781,10.909652709960938,18377635
2022-06-09,11.25,11.539999961853027,11.0,11.050000190734863,10.546951293945312,10806532
2022-06-10,11.039999961853027,11.279999732971191,10.819999694824219,11.25,10.737845420837402,7658533
2022-06-13,11.289999961853027,11.430000305175781,11.039999961853027,11.149999618530273,10.642396926879883,6935617
2022-06-14,11.050000190734863,11.140000343322754,10.770000457763672,11.109999656677246,10.604219436645508,7188372
2022-06-15,11.109999656677246,11.1899995803833,10.989999771118164,11.029999732971191,10.527861595153809,7406002
2022-06-16,11.029999732971191,11.100000381469727,10.880000114440918,10.970000267028809,10.470593452453613,5396882
2022-06-17,10.850000381469727,11.0600004196167,10.819999694824219,10.979999542236328,10.480137825012207,4817455
2022-06-20,11.050000190734863,11.119999885559082,10.949999809265137,11.079999923706055,10.57558536529541,5779198
2022-06-21,11.100000381469727,11.149999618530273,10.890000343322754,10.989999771118164,10.489683151245117,5892400
2022-06-22,11.0,11.0,10.770000457763672,10.770000457763672,10.279698371887207,5298111
2022-06-23,10.779999732971191,11.119999885559082,10.770000457763672,11.09000015258789,10.585131645202637,6479871
2022-06-24,11.109999656677246,11.399999618530273,11.09000015258789,11.140000343322754,10.632855415344238,6262577
2022-06-27,11.140000343322754,11.239999771118164,11.069999694824219,11.15999984741211,10.651942253112793,4377081
2022-06-28,11.180000305175781,11.390000343322754,11.029999732971191,11.319999694824219,10.804658889770508,7566127
2022-06-29,11.3100004196167,11.34000015258789,10.979999542236328,11.0,10.499227523803711,7613755
2022-06-30,11.050000190734863,11.100000381469727,10.899999618530273,11.0,10.499227523803711,5300370
2022-07-01,11.0,11.09000015258789,10.930000305175781,11.020000457763672,10.518317222595215,4570583
2022-07-04,11.029999732971191,11.449999809265137,10.960000038146973,11.210000038146973,10.699666976928711,8327795
2022-07-05,11.210000038146973,11.319999694824219,10.899999618530273,11.0,10.499227523803711,7556002
2022-07-06,11.069999694824219,11.529999732971191,10.949999809265137,11.220000267028809,10.709211349487305,12857466
2022-07-07,11.100000381469727,11.420000076293945,11.010000228881836,11.329999923706055,10.814204216003418,9360297
2022-07-08,11.329999923706055,11.640000343322754,11.3100004196167,11.359999656677246,10.8428373336792,7909160
2022-07-11,11.329999923706055,11.399999618530273,11.079999923706055,11.170000076293945,10.661486625671387,5157378
2022-07-12,11.1899995803833,11.319999694824219,11.0600004196167,11.130000114440918,10.623309135437012,5954207
2022-07-13,11.09000015258789,11.399999618530273,11.09000015258789,11.369999885559082,10.852383613586426,7280171
2022-07-14,11.359999656677246,11.390000343322754,11.180000305175781,11.25,10.737845420837402,5638400
2022-07-15,11.199999809265137,11.25,10.789999961853027,10.800000190734863,10.308333396911621,8390011
2022-07-18,10.800000190734863,11.279999732971191,10.760000228881836,11.270000457763672,10.75693416595459,8755382
2022-07-19,11.289999961853027,11.3100004196167,11.100000381469727,11.210000038146973,10.699666976928711,4986802
2022-07-20,11.180000305175781,11.430000305175781,11.119999885559082,11.40999984741211,10.98265552520752,8914245
2022-07-21,11.430000305175781,11.5,11.239999771118164,11.289999961853027,10.867149353027344,5340200
2022-07-22,11.300000190734863,11.369999885559082,11.100000381469727,11.25,10.828648567199707,5055000
2022-07-25,11.25,11.319999694824219,11.010000228881836,11.039999961853027,10.626513481140137,5179202
2022-07-26,11.109999656677246,11.119999885559082,10.859999656677246,11.069999694824219,10.655388832092285,3830672
2022-07-27,11.079999923706055,11.149999618530273,11.0,11.140000343322754,10.722769737243652,4429429
2022-07-28,11.180000305175781,11.350000381469727,11.130000114440918,11.149999618530273,10.732392311096191,4644500
2022-07-29,11.15999984741211,11.300000190734863,11.09000015258789,11.119999885559082,10.703516960144043,4457118
2022-08-01,11.140000343322754,11.170000076293945,10.970000267028809,11.079999923706055,10.66501522064209,4899764
2022-08-02,11.029999732971191,11.029999732971191,10.180000305175781,10.390000343322754,10.000858306884766,11618283
2022-08-03,10.390000343322754,10.829999923706055,10.34000015258789,10.430000305175781,10.039360046386719,7919813
2022-08-04,10.520000457763672,10.59000015258789,10.390000343322754,10.550000190734863,10.154865264892578,3763624
2022-08-05,10.59000015258789,10.630000114440918,10.399999618530273,10.59000015258789,10.193367004394531,4065806
2022-08-08,10.579999923706055,10.8100004196167,10.470000267028809,10.800000190734863,10.395503044128418,4915519
2022-08-09,10.880000114440918,10.880000114440918,10.6899995803833,10.770000457763672,10.366626739501953,3063700
2022-08-10,10.789999961853027,10.869999885559082,10.670000076293945,10.819999694824219,10.414752960205078,3167083
2022-08-11,10.899999618530273,10.989999771118164,10.819999694824219,10.970000267028809,10.559135437011719,4218683
2022-08-12,11.020000457763672,11.09000015258789,10.960000038146973,11.0,10.588011741638184,3884211
2022-08-15,10.949999809265137,11.100000381469727,10.890000343322754,10.989999771118164,10.578386306762695,3311200
2022-08-16,10.989999771118164,11.199999809265137,10.949999809265137,11.1899995803833,10.770894050598145,6088819
2022-08-17,11.149999618530273,11.520000457763672,11.149999618530273,11.399999618530273,10.973029136657715,8783461
2022-08-18,11.399999618530273,11.600000381469727,11.34000015258789,11.390000343322754,10.96340560913086,7584974
2022-08-19,11.399999618530273,11.489999771118164,11.279999732971191,11.359999656677246,10.934527397155762,5375335
2022-08-22,11.289999961853027,11.390000343322754,11.130000114440918,11.329999923706055,10.905652046203613,4535459
2022-08-23,11.260000228881836,11.449999809265137,11.239999771118164,11.420000076293945,10.992280960083008,3746728
2022-08-24,11.489999771118164,11.550000190734863,11.069999694824219,11.100000381469727,10.684266090393066,5759477
2022-08-25,11.149999618530273,11.25,10.880000114440918,11.09000015258789,10.674641609191895,5755800
2022-08-26,11.140000343322754,11.319999694824219,11.079999923706055,11.119999885559082,10.703516960144043,5103301
2022-08-29,11.020000457763672,11.449999809265137,10.880000114440918,11.380000114440918,10.953779220581055,7170529
2022-08-30,11.34000015258789,11.59000015258789,11.279999732971191,11.369999885559082,10.944153785705566,6893551
2022-08-31,11.390000343322754,11.449999809265137,10.930000305175781,11.039999961853027,10.626513481140137,8076153
2022-09-01,11.039999961853027,11.149999618530273,10.739999771118164,10.789999961853027,10.38587760925293,6351881
2022-09-02,10.800000190734863,11.180000305175781,10.800000190734863,11.130000114440918,10.713143348693848,5017448
2022-09-05,11.100000381469727,11.470000267028809,11.100000381469727,11.3100004196167,10.886401176452637,7672433
2022-09-06,11.329999923706055,11.380000114440918,11.229999542236328,11.350000381469727,10.924903869628906,4190161
2022-09-07,11.319999694824219,11.630000114440918,11.25,11.609999656677246,11.175164222717285,10115239
2022-09-08,11.6899995803833,12.770000457763672,11.550000190734863,12.770000457763672,12.291719436645508,26944686
2022-09-09,12.800000190734863,12.979999542236328,12.0600004196167,12.15999984741211,11.704565048217773,41172156
2022-09-13,12.239999771118164,12.329999923706055,12.0,12.260000228881836,11.800820350646973,21306116
2022-09-14,11.899999618530273,12.140000343322754,11.829999923706055,12.029999732971191,11.579435348510742,15412932
2022-09-15,13.229999542236328,13.229999542236328,12.59000015258789,12.65999984741211,12.18583869934082,68916411
2022-09-16,12.210000038146973,12.25,11.420000076293945,11.420000076293945,10.992280960083008,45349995
2022-09-19,11.109999656677246,11.319999694824219,10.880000114440918,10.949999809265137,10.53988265991211,21564898
2022-09-20,11.029999732971191,11.149999618530273,10.9399995803833,11.09000015258789,10.674641609191895,13385644
2022-09-21,11.010000228881836,11.4399995803833,10.619999885559082,11.289999961853027,10.867149353027344,17485487
2022-09-22,11.15999984741211,11.449999809265137,11.069999694824219,11.239999771118164,10.819022178649902,14379317
2022-09-23,11.229999542236328,11.5,10.930000305175781,10.960000038146973,10.549509048461914,12042036
2022-09-26,10.90999984741211,10.920000076293945,10.289999961853027,10.369999885559082,9.981607437133789,13338305
2022-09-27,10.40999984741211,10.529999732971191,10.279999732971191,10.510000228881836,10.116363525390625,7173160
2022-09-28,10.420000076293945,10.460000038146973,9.960000038146973,9.960000038146973,9.58696174621582,9917927
2022-09-29,10.09000015258789,10.130000114440918,9.829999923706055,9.890000343322754,9.519584655761719,7526538
2022-09-30,9.890000343322754,9.989999771118164,9.75,9.760000228881836,9.394454002380371,5258118
2022-10-10,9.760000228881836,9.9399995803833,9.59000015258789,9.649999618530273,9.28857421875,4777062
2022-10-11,9.649999618530273,9.829999923706055,9.399999618530273,9.800000190734863,9.432955741882324,6409200
2022-10-12,9.800000190734863,10.069999694824219,9.6899995803833,10.0600004196167,9.683218002319336,5439885
2022-10-13,9.979999542236328,10.109999656677246,9.9399995803833,9.979999542236328,9.606212615966797,5921849
2022-10-14,10.050000190734863,10.199999809265137,10.039999961853027,10.140000343322754,9.760221481323242,5910500
2022-10-17,10.100000381469727,10.420000076293945,10.069999694824219,10.369999885559082,9.981607437133789,6068710
2022-10-18,10.460000038146973,10.5,10.319999694824219,10.329999923706055,9.94310474395752,5886860
2022-10-19,10.3100004196167,10.4399995803833,10.220000267028809,10.260000228881836,9.875726699829102,5624882
2022-10-20,10.210000038146973,10.399999618530273,10.119999885559082,10.329999923706055,9.94310474395752,4728628
2022-10-21,10.34000015258789,10.59000015258789,10.289999961853027,10.3100004196167,9.923853874206543,5443900
2022-10-24,10.3100004196167,10.5600004196167,10.1899995803833,10.3100004196167,9.923853874206543,6038158
2022-10-25,10.270000457763672,10.399999618530273,10.069999694824219,10.369999885559082,9.981607437133789,5069100
2022-10-26,10.399999618530273,10.529999732971191,10.3100004196167,10.449999809265137,10.058609962463379,5344547
2022-10-27,10.460000038146973,10.489999771118164,10.270000457763672,10.270000457763672,9.885353088378906,5934940
2022-10-28,10.25,10.270000457763672,9.829999923706055,9.859999656677246,9.490708351135254,6825889
2022-10-31,9.850000381469727,10.100000381469727,9.729999542236328,10.039999961853027,9.66396713256836,4385364
2022-11-01,10.069999694824219,10.579999923706055,10.0600004196167,10.520000457763672,10.125988960266113,8732148
2022-11-02,10.359999656677246,10.8100004196167,10.359999656677246,10.59000015258789,10.193367004394531,8997149
2022-11-03,10.529999732971191,10.579999923706055,10.40999984741211,10.5600004196167,10.164490699768066,4777149
2022-11-04,10.59000015258789,10.699999809265137,10.539999961853027,10.649999618530273,10.251118659973145,5902668
2022-11-07,10.649999618530273,10.789999961853027,10.5600004196167,10.6899995803833,10.28962230682373,4912283
2022-11-08,10.720000267028809,10.720000267028809,10.569999694824219,10.670000076293945,10.27037239074707,3471384
2022-11-09,10.6899995803833,10.720000267028809,10.579999923706055,10.609999656677246,10.212616920471191,3521200
2022-11-10,10.550000190734863,10.649999618530273,10.5,10.520000457763672,10.125988960266113,3291999
2022-11-11,10.699999809265137,10.800000190734863,10.5600004196167,10.59000015258789,10.193367004394531,6570804
2022-11-14,10.59000015258789,10.6899995803833,10.460000038146973,10.539999961853027,10.14523983001709,4341171
2022-11-15,10.539999961853027,10.90999984741211,10.479999542236328,10.819999694824219,10.414752960205078,7644730
2022-11-16,10.819999694824219,11.0,10.75,10.800000190734863,10.395503044128418,5864294
2022-11-17,10.75,10.800000190734863,10.680000305175781,10.800000190734863,10.395503044128418,4001096
2022-11-18,10.779999732971191,10.899999618530273,10.739999771118164,10.829999923706055,10.424378395080566,5612102
2022-11-21,10.819999694824219,11.100000381469727,10.680000305175781,11.020000457763672,10.60726261138916,7830899
2022-11-22,10.949999809265137,11.329999923706055,10.920000076293945,11.020000457763672,10.60726261138916,10911670
2022-11-23,10.960000038146973,11.59000015258789,10.949999809265137,11.479999542236328,11.050033569335938,22524200
2022-11-24,11.220000267028809,11.40999984741211,11.109999656677246,11.329999923706055,10.905652046203613,13373511
2022-11-25,11.319999694824219,11.390000343322754,11.050000190734863,11.079999923706055,10.66501522064209,9830256
2022-11-28,10.970000267028809,11.199999809265137,10.729999542236328,11.0600004196167,10.645764350891113,9026782
2022-11-29,11.010000228881836,11.199999809265137,10.920000076293945,11.069999694824219,10.655388832092285,9035317
2022-11-30,11.050000190734863,11.15999984741211,10.859999656677246,11.0,10.588011741638184,9340170
2022-12-01,11.039999961853027,11.199999809265137,11.010000228881836,11.130000114440918,10.713143348693848,8178683
2022-12-02,11.0600004196167,11.199999809265137,11.050000190734863,11.079999923706055,10.66501522064209,5609924
2022-12-05,11.180000305175781,11.59000015258789,11.149999618530273,11.5600004196167,11.12703800201416,17126833
2022-12-06,11.489999771118164,11.5,11.260000228881836,11.300000190734863,10.876775741577148,9820211
2022-12-07,11.220000267028809,11.329999923706055,11.079999923706055,11.109999656677246,10.693891525268555,8346440
2022-12-08,11.119999885559082,11.180000305175781,11.050000190734863,11.140000343322754,10.722769737243652,4753743
2022-12-09,11.100000381469727,11.140000343322754,10.9399995803833,10.970000267028809,10.559135437011719,6119671
2022-12-12,10.949999809265137,11.029999732971191,10.880000114440918,10.960000038146973,10.549509048461914,4718328
2022-12-13,11.020000457763672,11.9399995803833,10.989999771118164,11.430000305175781,11.001907348632812,18715545
2022-12-14,11.5,11.539999961853027,11.140000343322754,11.199999809265137,10.78052043914795,10331090
2022-12-15,11.050000190734863,11.15999984741211,11.0,11.100000381469727,10.684266090393066,5542703
2022-12-16,11.010000228881836,11.020000457763672,10.760000228881836,10.789999961853027,10.38587760925293,6612863
2022-12-19,10.859999656677246,10.859999656677246,10.300000190734863,10.380000114440918,9.991231918334961,6490711
2022-12-20,10.380000114440918,10.489999771118164,10.3100004196167,10.420000076293945,10.029733657836914,2709537
2022-12-21,10.420000076293945,10.460000038146973,10.300000190734863,10.3100004196167,9.923853874206543,2420987
2022-12-22,10.399999618530273,10.430000305175781,10.100000381469727,10.15999984741211,9.779472351074219,2911117
2022-12-23,10.100000381469727,10.25,10.050000190734863,10.1899995803833,9.808347702026367,1712988
2022-12-26,10.109999656677246,10.34000015258789,10.109999656677246,10.34000015258789,9.952730178833008,1912546
2022-12-27,10.34000015258789,10.390000343322754,10.289999961853027,10.369999885559082,9.981607437133789,1717300
2022-12-28,10.369999885559082,10.449999809265137,10.270000457763672,10.329999923706055,9.94310474395752,2534532
2022-12-29,10.34000015258789,10.369999885559082,10.25,10.279999732971191,9.894976615905762,1497159
2022-12-30,10.279999732971191,10.369999885559082,10.260000228881836,10.369999885559082,9.981607437133789,1737945
2023-01-03,10.359999656677246,10.630000114440918,10.34000015258789,10.539999961853027,10.14523983001709,3123300
2023-01-04,10.569999694824219,10.600000381469727,10.489999771118164,10.539999961853027,10.14523983001709,2234900
2023-01-05,10.5600004196167,10.649999618530273,10.5,10.630000114440918,10.231868743896484,2591553
2023-01-06,10.600000381469727,10.75,10.5600004196167,10.640000343322754,10.241494178771973,3379942
2023-01-09,10.640000343322754,10.680000305175781,10.569999694824219,10.579999923706055,10.18374252319336,2579660
2023-01-10,10.5600004196167,10.600000381469727,10.430000305175781,10.4399995803833,10.04898452758789,2541400
2023-01-11,10.4399995803833,10.5,10.350000381469727,10.359999656677246,9.9719820022583,2078247
2023-01-12,10.449999809265137,10.649999618530273,10.380000114440918,10.539999961853027,10.14523983001709,3176199
2023-01-13,10.489999771118164,10.640000343322754,10.479999542236328,10.550000190734863,10.154865264892578,1907926
2023-01-16,10.550000190734863,10.6899995803833,10.5,10.670000076293945,10.27037239074707,3441442
2023-01-17,10.65999984741211,10.680000305175781,10.5600004196167,10.579999923706055,10.18374252319336,2168680
2023-01-18,10.59000015258789,10.680000305175781,10.59000015258789,10.670000076293945,10.27037239074707,2257699
2023-01-19,10.640000343322754,10.739999771118164,10.630000114440918,10.720000267028809,10.318497657775879,3205181
2023-01-20,10.739999771118164,10.899999618530273,10.710000038146973,10.880000114440918,10.472506523132324,4296440
2023-01-30,11.010000228881836,11.100000381469727,10.899999618530273,11.050000190734863,10.636138916015625,5975797
2023-01-31,11.050000190734863,11.210000038146973,10.979999542236328,11.15999984741211,10.742018699645996,5072661
2023-02-01,11.220000267028809,11.289999961853027,11.130000114440918,11.270000457763672,10.847899436950684,6269494
2023-02-02,11.279999732971191,11.380000114440918,11.15999984741211,11.25,10.828648567199707,6966429
2023-02-03,11.25,11.260000228881836,11.050000190734863,11.199999809265137,10.78052043914795,6275440
2023-02-06,11.25,11.359999656677246,11.199999809265137,11.270000457763672,10.847899436950684,4515201
2023-02-07,11.270000457763672,11.350000381469727,11.1899995803833,11.329999923706055,10.905652046203613,4374794
2023-02-08,11.350000381469727,11.359999656677246,11.180000305175781,11.199999809265137,10.78052043914795,3558468
2023-02-09,11.149999618530273,11.329999923706055,11.140000343322754,11.319999694824219,10.896025657653809,4053257
2023-02-10,11.319999694824219,11.479999542236328,11.279999732971191,11.399999618530273,10.973029136657715,5295056
2023-02-13,11.40999984741211,11.569999694824219,11.399999618530273,11.569999694824219,11.136661529541016,5626400
2023-02-14,11.520000457763672,11.619999885559082,11.489999771118164,11.609999656677246,11.175164222717285,4881701
2023-02-15,11.609999656677246,11.680000305175781,11.539999961853027,11.680000305175781,11.24254322052002,5404270
2023-02-16,11.710000038146973,11.720000267028809,11.239999771118164,11.329999923706055,10.905652046203613,9241786
2023-02-17,11.380000114440918,11.510000228881836,11.270000457763672,11.319999694824219,10.896025657653809,4777901
2023-02-20,11.3100004196167,11.539999961853027,11.220000267028809,11.510000228881836,11.078909873962402,5227681
2023-02-21,11.520000457763672,11.710000038146973,11.510000228881836,11.649999618530273,11.213665962219238,5982156
2023-02-22,11.630000114440918,11.710000038146973,11.550000190734863,11.640000343322754,11.204041481018066,4075511
2023-02-23,11.640000343322754,11.779999732971191,11.5600004196167,11.600000381469727,11.16554069519043,4338970
2023-02-24,11.649999618530273,11.6899995803833,11.539999961853027,11.640000343322754,11.204041481018066,3439180
2023-02-27,11.609999656677246,11.710000038146973,11.539999961853027,11.59000015258789,11.155913352966309,4525562
2023-02-28,11.609999656677246,11.800000190734863,11.579999923706055,11.800000190734863,11.358048439025879,5985025
2023-03-01,11.789999961853027,11.819999694824219,11.670000076293945,11.789999961853027,11.348422050476074,5025204
2023-03-02,11.75,12.010000228881836,11.6899995803833,11.770000457763672,11.329172134399414,6458243
2023-03-03,11.75,12.15999984741211,11.739999771118164,12.069999694824219,11.617935180664062,12473532
2023-03-06,12.149999618530273,12.5,12.050000190734863,12.319999694824219,11.858572959899902,16833535
2023-03-07,12.220000267028809,12.300000190734863,11.859999656677246,11.880000114440918,11.435051918029785,13055103
2023-03-08,11.84000015258789,12.4399995803833,11.800000190734863,12.210000038146973,11.752692222595215,10357178
2023-03-09,12.25,12.260000228881836,11.930000305175781,12.09000015258789,11.637187004089355,6174917
2023-03-10,11.960000038146973,12.199999809265137,11.890000343322754,11.890000343322754,11.444677352905273,6547800
2023-03-13,11.890000343322754,12.050000190734863,11.65999984741211,11.960000038146973,11.512055397033691,8555400
2023-03-14,11.899999618530273,11.90999984741211,11.539999961853027,11.699999809265137,11.26179313659668,8590746
2023-03-15,11.779999732971191,12.210000038146973,11.770000457763672,12.130000114440918,11.675688743591309,11184339
2023-03-16,11.979999542236328,12.369999885559082,11.970000267028809,12.079999923706055,11.62756061553955,10230415
2023-03-17,12.100000381469727,12.229999542236328,12.0,12.119999885559082,11.66606330871582,7666433
2023-03-20,12.09000015258789,12.199999809265137,11.920000076293945,11.960000038146973,11.512055397033691,6822411
2023-03-21,12.039999961853027,12.170000076293945,11.979999542236328,12.100000381469727,11.646812438964844,5834060
2023-03-22,12.140000343322754,12.210000038146973,11.949999809265137,12.010000228881836,11.56018352508545,6288201
2023-03-23,12.020000457763672,12.029999732971191,11.880000114440918,12.020000457763672,11.56981086730957,4420388
2023-03-24,11.979999542236328,11.979999542236328,11.710000038146973,11.739999771118164,11.300294876098633,7241624
2023-03-27,11.8100004196167,11.8100004196167,11.470000267028809,11.649999618530273,11.213665962219238,5489705
2023-03-28,11.670000076293945,11.739999771118164,11.479999542236328,11.510000228881836,11.078909873962402,3754200
2023-03-29,11.529999732971191,11.5600004196167,11.34000015258789,11.390000343322754,10.96340560913086,3905700
2023-03-30,11.460000038146973,11.6899995803833,11.369999885559082,11.510000228881836,11.078909873962402,5409070
2023-03-31,11.510000228881836,11.6899995803833,11.449999809265137,11.680000305175781,11.24254322052002,3909000
2023-04-03,11.680000305175781,11.8100004196167,11.600000381469727,11.760000228881836,11.319546699523926,3740300
2023-04-04,11.739999771118164,11.789999961853027,11.609999656677246,11.75,11.309920310974121,4208313
2023-04-06,11.75,11.75,11.5,11.550000190734863,11.117412567138672,4698000
2023-04-07,11.630000114440918,11.819999694824219,11.569999694824219,11.789999961853027,11.348422050476074,4924649
2023-04-10,11.800000190734863,12.109999656677246,11.729999542236328,11.8100004196167,11.36767578125,6655900
2023-04-11,11.869999885559082,11.869999885559082,11.479999542236328,11.59000015258789,11.155913352966309,5618500
2023-04-12,11.550000190734863,11.779999732971191,11.550000190734863,11.720000267028809,11.281045913696289,4307168
2023-04-13,11.680000305175781,12.199999809265137,11.680000305175781,11.960000038146973,11.512055397033691,9733881
2023-04-14,11.880000114440918,12.15999984741211,11.859999656677246,12.079999923706055,11.62756061553955,6702948
2023-04-17,12.079999923706055,12.140000343322754,11.930000305175781,12.09000015258789,11.637187004089355,5251259
2023-04-18,12.180000305175781,12.199999809265137,12.020000457763672,12.079999923706055,11.62756061553955,5331881
2023-04-19,12.050000190734863,12.140000343322754,11.960000038146973,12.010000228881836,11.56018352508545,4484602
2023-04-20,12.050000190734863,12.050000190734863,11.800000190734863,11.9399995803833,11.492804527282715,4000992
2023-04-21,11.930000305175781,12.079999923706055,11.710000038146973,11.800000190734863,11.358048439025879,5670202
2023-04-24,11.800000190734863,11.829999923706055,11.25,11.329999923706055,10.905652046203613,8133585
2023-04-25,11.300000190734863,11.390000343322754,10.649999618530273,10.899999618530273,10.491756439208984,8775633
2023-04-26,10.90999984741211,11.229999542236328,10.8100004196167,11.140000343322754,10.722769737243652,4674868
2023-04-27,11.25,11.65999984741211,11.149999618530273,11.600000381469727,11.16554069519043,8618212
2023-04-28,11.600000381469727,11.989999771118164,11.510000228881836,11.979999542236328,11.531306266784668,7143224
2023-05-04,11.930000305175781,12.329999923706055,11.899999618530273,12.279999732971191,11.82007122039795,11313373
2023-05-05,12.289999961853027,12.289999961853027,11.949999809265137,12.130000114440918,11.675688743591309,6044149
2023-05-08,12.140000343322754,12.6899995803833,12.100000381469727,12.5,12.031829833984375,14728543
2023-05-09,12.600000381469727,12.800000190734863,12.380000114440918,12.460000038146973,11.993330001831055,13136280
2023-05-10,12.449999809265137,12.5600004196167,12.380000114440918,12.479999542236328,12.012579917907715,6256180
2023-05-11,12.569999694824219,12.579999923706055,12.319999694824219,12.359999656677246,11.897073745727539,5537458
2023-05-12,12.300000190734863,12.390000343322754,12.1899995803833,12.220000267028809,11.762317657470703,4594700
2023-05-15,12.260000228881836,13.210000038146973,12.260000228881836,13.09000015258789,12.599733352661133,21068081
2023-05-16,12.979999542236328,13.020000457763672,12.729999542236328,12.800000190734863,12.320594787597656,11590271
2023-05-17,12.75,12.880000114440918,12.550000190734863,12.850000381469727,12.368722915649414,7461174
2023-05-18,12.729999542236328,12.829999923706055,12.630000114440918,12.729999542236328,12.253214836120605,6202262
2023-05-19,12.670000076293945,12.680000305175781,12.470000267028809,12.520000457763672,12.051081657409668,5534149
2023-05-22,12.510000228881836,12.800000190734863,12.430000305175781,12.619999885559082,12.14733600616455,5976909
2023-05-23,12.579999923706055,12.760000228881836,12.380000114440918,12.390000343322754,11.92595100402832,4864386
2023-05-24,12.359999656677246,13.020000457763672,12.319999694824219,12.550000190734863,12.07995891571045,8754227
2023-05-25,12.619999885559082,13.4399995803833,12.5600004196167,13.210000038146973,12.715240478515625,21695213
2023-05-26,13.020000457763672,13.069999694824219,12.550000190734863,12.829999923706055,12.349470138549805,13617107
2023-05-29,12.779999732971191,12.890000343322754,12.5600004196167,12.739999771118164,12.26284122467041,6940127
2023-05-30,12.649999618530273,12.850000381469727,12.529999732971191,12.710000038146973,12.233965873718262,7171163
2023-05-31,12.739999771118164,12.75,12.470000267028809,12.5600004196167,12.089585304260254,5381345
2023-06-01,12.5600004196167,12.640000343322754,12.399999618530273,12.460000038146973,11.993330001831055,6349716
2023-06-02,12.460000038146973,12.5600004196167,12.3100004196167,12.449999809265137,11.98370361328125,5027727
2023-06-05,12.449999809265137,12.609999656677246,12.359999656677246,12.479999542236328,12.012579917907715,4065905
2023-06-06,12.510000228881836,12.510000228881836,12.09000015258789,12.09000015258789,11.637187004089355,6863376
2023-06-07,12.09000015258789,12.25,12.0,12.15999984741211,11.704565048217773,3671700
2023-06-08,12.170000076293945,12.170000076293945,11.710000038146973,11.979999542236328,11.531306266784668,5167389
2023-06-09,11.9399995803833,12.8100004196167,11.920000076293945,12.640000343322754,12.166586875915527,12824672
2023-06-12,12.720000267028809,12.779999732971191,12.4399995803833,12.569999694824219,12.099209785461426,5686614
2023-06-13,12.579999923706055,12.800000190734863,12.510000228881836,12.6899995803833,12.214714050292969,7547479
2023-06-14,12.890000343322754,12.899999618530273,12.619999885559082,12.739999771118164,12.26284122467041,6859470
2023-06-15,12.770000457763672,12.859999656677246,12.550000190734863,12.630000114440918,12.156961441040039,4621200
2023-06-16,12.619999885559082,13.069999694824219,12.619999885559082,12.989999771118164,12.503478050231934,9719845
2023-06-19,12.979999542236328,13.199999809265137,12.9399995803833,13.079999923706055,12.590107917785645,7309396
2023-06-20,13.039999961853027,13.119999885559082,12.880000114440918,12.989999771118164,12.503478050231934,4918317
2023-06-21,12.920000076293945,13.300000190734863,12.829999923706055,12.970000267028809,12.484227180480957,7162725
2023-06-26,12.850000381469727,13.1899995803833,12.670000076293945,12.729999542236328,12.253214836120605,6238474
2023-06-27,12.729999542236328,13.3100004196167,12.609999656677246,13.289999961853027,12.792242050170898,8822309
2023-06-28,13.289999961853027,13.350000381469727,12.899999618530273,13.319999694824219,12.821118354797363,8923316
2023-06-29,13.239999771118164,13.850000381469727,13.1899995803833,13.5600004196167,13.052129745483398,12994968
2023-06-30,13.579999923706055,13.800000190734863,13.430000305175781,13.489999771118164,12.984753608703613,7543141
2023-07-03,13.5600004196167,13.630000114440918,13.34000015258789,13.470000267028809,12.965502738952637,7604554
2023-07-04,13.369999885559082,13.880000114440918,13.369999885559082,13.6899995803833,13.177261352539062,8700491
2023-07-05,13.609999656677246,13.850000381469727,13.5,13.529999732971191,13.023252487182617,7022361
2023-07-06,13.579999923706055,13.579999923706055,13.350000381469727,13.390000343322754,12.888496398925781,4090350
2023-07-07,13.399999618530273,13.5600004196167,13.210000038146973,13.380000114440918,12.87887191772461,4658195
2023-07-10,13.4399995803833,13.65999984741211,13.369999885559082,13.430000305175781,12.927000045776367,5327535
2023-07-11,13.510000228881836,13.630000114440918,13.319999694824219,13.59000015258789,13.081007957458496,4271705
2023-07-12,13.600000381469727,13.720000267028809,13.4399995803833,13.470000267028809,12.965502738952637,5732500
2023-07-13,13.449999809265137,13.649999618530273,13.399999618530273,13.600000381469727,13.090633392333984,6072335
2023-07-14,13.899999618530273,14.850000381469727,13.850000381469727,14.449999809265137,13.908797264099121,26800102
2023-07-17,14.40999984741211,14.630000114440918,14.149999618530273,14.399999618530273,13.860669136047363,10944174
2023-07-18,14.460000038146973,14.479999542236328,14.130000114440918,14.220000267028809,13.687411308288574,6830020
2023-07-19,14.210000038146973,14.25,13.859999656677246,13.970000267028809,13.44677448272705,6239903
2023-07-20,13.979999542236328,14.100000381469727,13.850000381469727,13.90999984741211,13.389021873474121,5986400
2023-07-21,14.1899995803833,14.40999984741211,13.850000381469727,13.90999984741211,13.389021873474121,9517706
2023-07-24,13.920000076293945,15.279999732971191,13.850000381469727,14.960000038146973,14.399696350097656,24822279
2023-07-25,14.779999732971191,14.84000015258789,14.390000343322754,14.699999809265137,14.264809608459473,16119295
2023-07-26,14.6899995803833,14.739999771118164,14.25,14.3100004196167,13.886356353759766,10244200
2023-07-27,14.350000381469727,15.109999656677246,14.350000381469727,14.779999732971191,14.34244155883789,15879593
2023-07-28,14.65999984741211,14.829999923706055,14.359999656677246,14.710000038146973,14.274513244628906,10067288
2023-07-31,14.579999923706055,15.039999961853027,14.489999771118164,14.9399995803833,14.497705459594727,13347186
2023-08-01,14.9399995803833,14.9399995803833,13.710000038146973,13.779999732971191,13.372045516967773,27223103
2023-08-02,13.84000015258789,13.979999542236328,13.319999694824219,13.640000343322754,13.236191749572754,15266880
2023-08-03,13.59000015258789,13.75,13.5,13.619999885559082,13.216782569885254,5417005
2023-08-04,13.640000343322754,13.899999618530273,13.5600004196167,13.829999923706055,13.42056655883789,7576558
2023-08-07,13.779999732971191,13.880000114440918,13.65999984741211,13.829999923706055,13.42056655883789,4586522
2023-08-08,13.880000114440918,14.199999809265137,13.850000381469727,14.0600004196167,13.643758773803711,7935740
2023-08-09,13.949999809265137,14.050000190734863,13.710000038146973,13.760000228881836,13.352639198303223,4245700
2023-08-10,13.779999732971191,13.890000343322754,13.649999618530273,13.699999809265137,13.294414520263672,3121492
2023-08-11,13.699999809265137,13.880000114440918,13.350000381469727,13.359999656677246,12.964479446411133,6888329
2023-08-14,13.300000190734863,13.739999771118164,13.029999732971191,13.65999984741211,13.255599021911621,7950369
2023-08-15,13.699999809265137,13.770000457763672,13.479999542236328,13.630000114440918,13.226487159729004,3781385
2023-08-16,13.619999885559082,13.739999771118164,13.4399995803833,13.449999809265137,13.0518159866333,3762796
2023-08-17,13.420000076293945,13.899999618530273,13.350000381469727,13.850000381469727,13.439974784851074,7245953
2023-08-18,13.829999923706055,14.199999809265137,13.729999542236328,13.739999771118164,13.333230972290039,6413511
2023-08-21,13.710000038146973,14.079999923706055,13.630000114440918,13.6899995803833,13.284709930419922,5495729
2023-08-22,13.699999809265137,13.84000015258789,13.40999984741211,13.680000305175781,13.275008201599121,4324100
2023-08-23,13.670000076293945,13.75,13.289999961853027,13.300000190734863,12.906257629394531,5189202
2023-08-24,13.300000190734863,13.550000190734863,13.270000457763672,13.369999885559082,12.9741849899292,6242493
2023-08-25,13.34000015258789,13.34000015258789,12.699999809265137,12.819999694824219,12.440465927124023,9150664
2023-08-28,13.979999542236328,13.979999542236328,13.279999732971191,13.34000015258789,12.945073127746582,11668993
2023-08-29,13.300000190734863,13.899999618530273,13.270000457763672,13.779999732971191,13.372045516967773,9414988
2023-08-30,13.869999885559082,13.869999885559082,13.649999618530273,13.729999542236328,13.323525428771973,5967002
2023-08-31,13.75,13.779999732971191,13.600000381469727,13.649999618530273,13.245894432067871,3591434
2023-09-01,13.630000114440918,13.720000267028809,13.600000381469727,13.649999618530273,13.245894432067871,3351083
2023-09-04,13.699999809265137,13.8100004196167,13.40999984741211,13.510000228881836,13.110040664672852,7304492
2023-09-05,13.460000038146973,13.550000190734863,13.380000114440918,13.430000305175781,13.032408714294434,3413934
2023-09-06,13.359999656677246,13.520000457763672,13.300000190734863,13.390000343322754,12.993592262268066,3894743
2023-09-07,13.380000114440918,13.489999771118164,12.920000076293945,12.960000038146973,12.576323509216309,4931097
2023-09-08,12.949999809265137,13.350000381469727,12.890000343322754,13.229999542236328,12.83832836151123,6006964
2023-09-11,13.210000038146973,13.5,13.130000114440918,13.399999618530273,13.0032958984375,5100821
2023-09-12,13.350000381469727,13.390000343322754,13.210000038146973,13.220000267028809,12.828625679016113,2794292
2023-09-13,13.199999809265137,13.329999923706055,12.90999984741211,12.989999771118164,12.60543441772461,3678600
2023-09-14,12.989999771118164,13.15999984741211,12.760000228881836,12.890000343322754,12.508395195007324,2652357
2023-09-15,12.869999885559082,13.069999694824219,12.699999809265137,12.829999923706055,12.450170516967773,3678100
2023-09-18,12.8100004196167,12.930000305175781,12.6899995803833,12.8100004196167,12.43076229095459,2909200
2023-09-19,12.8100004196167,12.8100004196167,12.630000114440918,12.699999809265137,12.324019432067871,3650268
2023-09-20,12.710000038146973,12.850000381469727,12.609999656677246,12.699999809265137,12.324019432067871,3507700
2023-09-21,12.640000343322754,12.760000228881836,12.529999732971191,12.600000381469727,12.226980209350586,2960498
2023-09-22,12.539999961853027,12.859999656677246,12.539999961853027,12.850000381469727,12.46958065032959,3836818
2023-09-25,12.850000381469727,12.960000038146973,12.720000267028809,12.729999542236328,12.353131294250488,3338196
2023-09-26,12.6899995803833,12.859999656677246,12.600000381469727,12.770000457763672,12.391947746276855,3185505
2023-09-27,12.760000228881836,13.0600004196167,12.699999809265137,13.020000457763672,12.634546279907227,4373549
2023-09-28,13.0,13.289999961853027,12.960000038146973,13.229999542236328,12.83832836151123,5085038
2023-10-09,13.239999771118164,13.470000267028809,13.220000267028809,13.430000305175781,13.032408714294434,6059726
2023-10-10,13.430000305175781,13.470000267028809,13.029999732971191,13.210000038146973,12.818921089172363,5572485
2023-10-11,13.180000305175781,13.390000343322754,13.119999885559082,13.15999984741211,12.770401954650879,2921432
2023-10-12,13.239999771118164,13.279999732971191,13.09000015258789,13.140000343322754,12.750992774963379,3125825
2023-10-13,13.100000381469727,13.239999771118164,12.930000305175781,13.029999732971191,12.64424991607666,3118000
2023-10-16,13.079999923706055,13.130000114440918,12.90999984741211,13.079999923706055,12.692770004272461,4113105
2023-10-17,13.109999656677246,13.15999984741211,12.899999618530273,12.970000267028809,12.586027145385742,3031207
2023-10-18,12.920000076293945,13.0,12.640000343322754,12.649999618530273,12.275500297546387,3073814
2023-10-19,12.609999656677246,12.829999923706055,12.539999961853027,12.579999923706055,12.207572937011719,3194222
2023-10-20,12.5,12.729999542236328,12.40999984741211,12.449999809265137,12.081421852111816,3109964
2023-10-23,12.550000190734863,12.609999656677246,12.170000076293945,12.260000228881836,11.897046089172363,3849725
2023-10-24,12.25,12.5,12.25,12.420000076293945,12.052308082580566,2860030
2023-10-25,12.600000381469727,12.739999771118164,12.470000267028809,12.619999885559082,12.24638843536377,3007700
2023-10-26,12.550000190734863,12.829999923706055,12.40999984741211,12.819999694824219,12.440465927124023,3425300
2023-10-27,12.779999732971191,12.789999961853027,12.3100004196167,12.65999984741211,12.285204887390137,8041342
2023-10-30,12.75,13.039999961853027,12.619999885559082,13.0,12.61513900756836,7958810
2023-10-31,12.949999809265137,13.09000015258789,12.729999542236328,12.800000190734863,12.421058654785156,5819900
2023-11-01,12.8100004196167,12.930000305175781,12.710000038146973,12.789999961853027,12.411355972290039,3567775
2023-11-02,12.789999961853027,12.84000015258789,12.630000114440918,12.640000343322754,12.265796661376953,3246102
2023-11-03,12.630000114440918,12.880000114440918,12.619999885559082,12.739999771118164,12.362834930419922,4130202
2023-11-06,12.789999961853027,12.859999656677246,12.630000114440918,12.75,12.372539520263672,6626702
2023-11-07,12.6899995803833,12.770000457763672,12.59000015258789,12.739999771118164,12.362834930419922,4565700
2023-11-08,12.739999771118164,13.010000228881836,12.649999618530273,12.84000015258789,12.459874153137207,5693473
2023-11-09,12.84000015258789,12.989999771118164,12.710000038146973,12.779999732971191,12.401651382446289,3302100
2023-11-10,12.850000381469727,12.890000343322754,12.579999923706055,12.84000015258789,12.459874153137207,3883000
2023-11-13,12.84000015258789,13.199999809265137,12.789999961853027,13.109999656677246,12.721880912780762,7615625
2023-11-14,13.149999618530273,13.279999732971191,13.039999961853027,13.109999656677246,12.721880912780762,4276902
2023-11-15,13.210000038146973,13.260000228881836,13.079999923706055,13.119999885559082,12.731585502624512,2993897
2023-11-16,13.119999885559082,13.15999984741211,12.960000038146973,12.960000038146973,12.576323509216309,3408601
2023-11-17,12.90999984741211,13.100000381469727,12.90999984741211,13.079999923706055,12.692770004272461,2715600
2023-11-20,13.140000343322754,13.220000267028809,13.039999961853027,13.180000305175781,12.789810180664062,4566342
2023-11-21,13.1899995803833,13.289999961853027,13.039999961853027,13.069999694824219,12.683066368103027,3716700
2023-11-22,13.069999694824219,13.100000381469727,12.90999984741211,12.920000076293945,12.537508010864258,2902400
2023-11-23,12.979999542236328,13.140000343322754,12.859999656677246,13.109999656677246,12.721880912780762,5389799
2023-11-24,13.109999656677246,13.149999618530273,12.890000343322754,12.989999771118164,12.60543441772461,3767997
2023-11-27,12.979999542236328,13.079999923706055,12.930000305175781,13.020000457763672,12.634546279907227,3563157
2023-11-28,13.020000457763672,13.109999656677246,12.949999809265137,13.09000015258789,12.702474594116211,2862012
2023-11-29,13.149999618530273,13.180000305175781,12.970000267028809,12.979999542236328,12.59572982788086,2929782
2023-11-30,13.050000190734863,13.0600004196167,12.789999961853027,12.890000343322754,12.508395195007324,3328718
2023-12-01,12.930000305175781,13.109999656677246,12.789999961853027,13.039999961853027,12.653953552246094,3759550
2023-12-04,13.039999961853027,13.350000381469727,13.039999961853027,13.3100004196167,12.915961265563965,7637044
2023-12-05,13.289999961853027,13.460000038146973,13.170000076293945,13.239999771118164,12.84803295135498,9177241
2023-12-06,13.1899995803833,13.489999771118164,13.149999618530273,13.34000015258789,12.945073127746582,6751236
2023-12-07,13.239999771118164,13.380000114440918,13.149999618530273,13.329999923706055,12.935368537902832,5742711
2023-12-08,13.3100004196167,13.430000305175781,12.949999809265137,12.949999809265137,12.566618919372559,6249584
2023-12-11,12.920000076293945,13.229999542236328,12.5,13.210000038146973,12.818921089172363,6842213
2023-12-12,13.199999809265137,13.579999923706055,13.149999618530273,13.579999923706055,13.17796802520752,7701160
2023-12-13,13.539999961853027,13.739999771118164,13.5,13.640000343322754,13.236191749572754,7331086
2023-12-14,13.640000343322754,13.710000038146973,13.529999732971191,13.5600004196167,13.15855884552002,4278600
2023-12-15,13.510000228881836,13.600000381469727,13.4399995803833,13.5,13.100336074829102,3626638
2023-12-18,13.5,14.100000381469727,13.399999618530273,13.899999618530273,13.488492965698242,15435789
2023-12-19,13.899999618530273,13.899999618530273,13.550000190734863,13.850000381469727,13.439974784851074,8888207
2023-12-20,13.800000190734863,14.0,13.569999694824219,13.569999694824219,13.168262481689453,6019956
2023-12-21,13.630000114440918,13.720000267028809,13.3100004196167,13.699999809265137,13.294414520263672,6245830
2023-12-22,13.630000114440918,13.819999694824219,13.4399995803833,13.520000457763672,13.119744300842285,5616962
2023-12-25,13.5,13.829999923706055,13.420000076293945,13.829999923706055,13.42056655883789,6586646
2023-12-26,13.84000015258789,14.020000457763672,13.710000038146973,13.90999984741211,13.498197555541992,8341526
2023-12-27,13.850000381469727,14.09000015258789,13.789999961853027,14.079999923706055,13.663165092468262,7957855
2023-12-28,14.09000015258789,14.130000114440918,13.84000015258789,13.989999771118164,13.57582950592041,7912911
2023-12-29,14.020000457763672,14.600000381469727,13.970000267028809,14.539999961853027,14.109546661376953,13018689
2024-01-02,14.960000038146973,14.989999771118164,14.5,14.569999694824219,14.13865852355957,18531311
2024-01-03,14.430000305175781,15.59000015258789,14.359999656677246,15.329999923706055,14.876158714294434,26007000
2024-01-04,15.149999618530273,15.15999984741211,14.800000190734863,14.979999542236328,14.536520004272461,14831650
2024-01-05,14.9399995803833,15.770000457763672,14.680000305175781,15.09000015258789,14.643263816833496,20791726
2024-01-08,14.800000190734863,15.0600004196167,14.520000457763672,14.619999885559082,14.187180519104004,13199691
2024-01-09,14.550000190734863,14.9399995803833,14.399999618530273,14.520000457763672,14.090139389038086,10406929
2024-01-10,14.479999542236328,14.890000343322754,14.239999771118164,14.510000228881836,14.080435752868652,9642191
2024-01-11,14.5,15.039999961853027,14.399999618530273,14.760000228881836,14.323034286499023,8517892
2024-01-12,14.75,15.09000015258789,14.619999885559082,14.630000114440918,14.196884155273438,8273997
2024-01-15,14.600000381469727,14.779999732971191,14.4399995803833,14.520000457763672,14.090139389038086,6595002
2024-01-16,14.5,14.649999618530273,14.300000190734863,14.550000190734863,14.119251251220703,6330533
2024-01-17,14.5,14.600000381469727,14.119999885559082,14.149999618530273,13.731093406677246,5811728
2024-01-18,14.079999923706055,14.149999618530273,13.399999618530273,13.84000015258789,13.430270195007324,11696774
2024-01-19,13.84000015258789,14.050000190734863,13.600000381469727,13.890000343322754,13.478791236877441,6011372
2024-01-22,13.789999961853027,13.800000190734863,12.729999542236328,12.84000015258789,12.459874153137207,8051015
2024-01-23,12.75,12.819999694824219,12.34000015258789,12.6899995803833,12.314315795898438,8705569
2024-01-24,12.6899995803833,13.529999732971191,12.449999809265137,13.4399995803833,13.04211139678955,12007568
2024-01-25,13.399999618530273,14.4399995803833,13.380000114440918,14.350000381469727,13.925172805786133,13413540
2024-01-26,14.350000381469727,14.800000190734863,14.270000457763672,14.399999618530273,13.973691940307617,10895839
2024-01-29,14.380000114440918,14.800000190734863,14.1899995803833,14.199999809265137,13.77961254119873,11545204
2024-01-30,13.899999618530273,14.34000015258789,13.770000457763672,13.779999732971191,13.372045516967773,7806951
2024-01-31,13.710000038146973,13.819999694824219,13.050000190734863,13.3100004196167,12.915961265563965,11296849
2024-02-01,13.239999771118164,13.260000228881836,12.800000190734863,12.84000015258789,12.459874153137207,9464711
2024-02-02,12.720000267028809,13.380000114440918,11.90999984741211,12.479999542236328,12.1105318069458,11021810
2024-02-05,12.300000190734863,12.300000190734863,11.229999542236328,11.239999771118164,10.907241821289062,14524317
2024-02-06,11.109999656677246,12.300000190734863,10.579999923706055,12.119999885559082,11.761190414428711,11238812
2024-02-07,12.039999961853027,12.619999885559082,11.680000305175781,11.989999771118164,11.635038375854492,9291907
2024-02-08,12.050000190734863,12.979999542236328,11.970000267028809,12.789999961853027,12.411355972290039,8795410
2024-02-19,12.880000114440918,13.109999656677246,12.600000381469727,13.050000190734863,12.663658142089844,7054006
2024-02-20,13.0,13.229999542236328,12.720000267028809,13.029999732971191,12.64424991607666,4853950
2024-02-21,12.850000381469727,13.5,12.800000190734863,13.25,12.85773754119873,6691381
2024-02-22,13.119999885559082,13.520000457763672,13.079999923706055,13.449999809265137,13.0518159866333,6190470
2024-02-23,13.359999656677246,13.640000343322754,13.229999542236328,13.579999923706055,13.17796802520752,6399619
2024-02-26,13.600000381469727,13.739999771118164,13.430000305175781,13.539999961853027,13.139152526855469,6022960
2024-02-27,13.489999771118164,13.829999923706055,13.350000381469727,13.800000190734863,13.39145565032959,8349848
2024-02-28,13.770000457763672,14.039999961853027,13.149999618530273,13.149999618530273,12.760696411132812,9834760
2024-02-29,13.170000076293945,13.989999771118164,13.149999618530273,13.920000076293945,13.507902145385742,8173646
2024-03-01,14.050000190734863,14.149999618530273,13.8100004196167,13.920000076293945,13.507902145385742,6883775
2024-03-04,13.970000267028809,14.34000015258789,13.65999984741211,14.329999923706055,13.90576457977295,9288824
2024-03-05,14.239999771118164,14.289999961853027,13.899999618530273,13.949999809265137,13.537013053894043,7237452
2024-03-06,13.899999618530273,14.800000190734863,13.850000381469727,14.4399995803833,14.012507438659668,14281364
2024-03-07,14.399999618530273,14.569999694824219,14.229999542236328,14.300000190734863,13.8766508102417,9572865
2024-03-08,14.260000228881836,14.390000343322754,14.119999885559082,14.3100004196167,13.886356353759766,5824362
2024-03-11,14.300000190734863,14.430000305175781,14.170000076293945,14.420000076293945,13.9931001663208,6616446
2024-03-12,14.4399995803833,14.520000457763672,14.199999809265137,14.260000228881836,13.837836265563965,6874809
2024-03-13,14.229999542236328,14.550000190734863,14.149999618530273,14.229999542236328,13.808724403381348,8196892
2024-03-14,14.300000190734863,14.4399995803833,14.15999984741211,14.319999694824219,13.8960599899292,6179420
2024-03-15,14.300000190734863,14.359999656677246,14.100000381469727,14.359999656677246,13.934876441955566,5678100
2024-03-18,14.369999885559082,14.569999694824219,14.329999923706055,14.5600004196167,14.128955841064453,6494600
2024-03-19,14.579999923706055,14.630000114440918,14.380000114440918,14.40999984741211,13.98339557647705,7834394
2024-03-20,14.489999771118164,15.850000381469727,14.489999771118164,15.850000381469727,15.380765914916992,18796014
2024-03-21,16.170000076293945,17.440000534057617,16.110000610351562,16.68000030517578,16.18619155883789,52449170
2024-03-22,16.610000610351562,17.280000686645508,16.280000686645508,16.459999084472656,15.972705841064453,36384392
2024-03-25,16.309999465942383,16.790000915527344,15.520000457763672,15.619999885559082,15.157573699951172,27521561
2024-03-26,15.59000015258789,15.75,14.979999542236328,15.34000015258789,14.885863304138184,17266670
2024-03-27,15.279999732971191,15.579999923706055,15.079999923706055,15.279999732971191,14.82763957977295,17530773
2024-03-28,15.100000381469727,15.729999542236328,15.050000190734863,15.460000038146973,15.002310752868652,15212185
2024-03-29,15.479999542236328,16.420000076293945,15.4399995803833,16.290000915527344,15.807738304138184,15564875
2024-04-01,16.31999969482422,16.729999542236328,15.989999771118164,16.43000030517578,15.94359302520752,20267513
2024-04-02,16.40999984741211,16.899999618530273,16.200000762939453,16.579999923706055,16.089155197143555,17402914
2024-04-03,16.459999084472656,16.5,15.970000267028809,16.190000534057617,15.710700035095215,12101237
2024-04-08,15.920000076293945,16.68000030517578,15.859999656677246,16.270000457763672,15.788330078125,13684429
2024-04-09,16.299999237060547,16.31999969482422,15.779999732971191,15.9399995803833,15.468099594116211,9323441
2024-04-10,15.930000305175781,16.079999923706055,15.3100004196167,15.59000015258789,15.128462791442871,10632911
2024-04-11,15.520000457763672,15.989999771118164,15.350000381469727,15.680000305175781,15.215798377990723,8760048
2024-04-12,15.680000305175781,15.989999771118164,15.5,15.5600004196167,15.099350929260254,9807532
2024-04-15,15.4399995803833,16.350000381469727,14.949999809265137,16.229999542236328,15.74951457977295,20655388
2024-04-16,16.420000076293945,17.850000381469727,16.239999771118164,17.850000381469727,17.321557998657227,36913730
2024-04-17,18.389999389648438,19.59000015258789,18.18000030517578,19.06999969482422,18.50543785095215,66771266
2024-04-18,18.790000915527344,19.229999542236328,18.389999389648438,18.450000762939453,17.90379524230957,46457636
2024-04-19,18.149999618530273,19.75,18.100000381469727,18.799999237060547,18.243431091308594,52496469
2024-04-22,19.229999542236328,20.68000030517578,19.059999465942383,20.68000030517578,20.067773818969727,29007962
2024-04-23,20.709999084472656,21.360000610351562,18.610000610351562,18.700000762939453,18.146392822265625,76258767
2024-04-24,18.200000762939453,19.549999237060547,17.600000381469727,19.450000762939453,18.874187469482422,58973557
2024-04-25,18.899999618530273,19.010000228881836,17.719999313354492,17.920000076293945,17.389482498168945,53602612
2024-04-26,17.850000381469727,18.639999389648438,17.829999923706055,18.3700008392334,17.826162338256836,35364811
2024-04-29,18.149999618530273,18.59000015258789,18.0,18.40999984741211,17.864978790283203,28032732
2024-04-30,18.420000076293945,19.18000030517578,18.239999771118164,18.5,17.952312469482422,39328205
2024-05-06,18.520000457763672,19.149999618530273,18.170000076293945,19.110000610351562,18.544254302978516,31780831
2024-05-07,18.940000534057617,19.329999923706055,18.65999984741211,18.850000381469727,18.29195213317871,23694404
2024-05-08,18.649999618530273,18.649999618530273,17.940000534057617,18.049999237060547,17.515634536743164,23909585
2024-05-09,18.040000915527344,18.450000762939453,18.0,18.350000381469727,17.806753158569336,15003727
2024-05-10,18.639999389648438,19.1200008392334,18.329999923706055,19.059999465942383,18.4957332611084,34750891
2024-05-13,18.68000030517578,18.850000381469727,18.280000686645508,18.520000457763672,17.971721649169922,20043027
2024-05-14,18.549999237060547,19.06999969482422,18.530000686645508,18.670000076293945,18.117279052734375,20410817
2024-05-15,18.43000030517578,18.440000534057617,17.059999465942383,17.100000381469727,16.593759536743164,37480244
2024-05-16,17.3799991607666,17.799999237060547,17.15999984741211,17.469999313354492,16.952804565429688,21812175
2024-05-17,17.360000610351562,17.8799991607666,17.200000762939453,17.469999313354492,16.952804565429688,14790517
2024-05-20,17.360000610351562,17.860000610351562,17.299999237060547,17.780000686645508,17.25362777709961,15010900
2024-05-21,17.65999984741211,18.040000915527344,17.5,17.809999465942383,17.282739639282227,11240695
2024-05-22,17.860000610351562,18.030000686645508,17.190000534057617,17.309999465942383,16.79754066467285,15590166
2024-05-23,17.299999237060547,17.299999237060547,16.700000762939453,16.770000457763672,16.273529052734375,14183006
2024-05-24,16.709999084472656,17.110000610351562,16.709999084472656,16.809999465942383,16.312345504760742,8741800
2024-05-27,16.90999984741211,17.239999771118164,16.5,16.959999084472656,16.457902908325195,10136404
2024-05-28,16.950000762939453,18.540000915527344,16.719999313354492,17.81999969482422,17.292444229125977,31607242
2024-05-29,17.700000762939453,18.049999237060547,17.219999313354492,17.700000762939453,17.175996780395508,18496019
2024-05-30,17.540000915527344,17.8700008392334,17.459999084472656,17.56999969482422,17.049842834472656,10821031
2024-05-31,17.75,17.84000015258789,17.100000381469727,17.1299991607666,16.62286949157715,13301070
2024-06-03,17.0,17.360000610351562,16.81999969482422,17.030000686645508,16.52583122253418,10923301
2024-06-04,17.030000686645508,17.139999389648438,16.440000534057617,17.1200008392334,16.61316680908203,13448993
2024-06-05,17.299999237060547,17.34000015258789,16.100000381469727,16.219999313354492,15.739810943603516,18980563
2024-06-06,16.0,16.200000762939453,15.670000076293945,15.8100004196167,15.341949462890625,15348748
2024-06-07,15.949999809265137,16.049999237060547,15.619999885559082,15.960000038146973,15.487507820129395,9168904
2024-06-11,15.829999923706055,16.079999923706055,15.680000305175781,16.040000915527344,15.565140724182129,7341800
2024-06-12,15.930000305175781,16.43000030517578,15.920000076293945,16.34000015258789,15.856258392333984,8623200
2024-06-13,16.34000015258789,16.559999465942383,16.09000015258789,16.190000534057617,15.710700035095215,7804040
2024-06-14,16.100000381469727,16.260000228881836,16.020000457763672,16.18000030517578,15.700995445251465,5833240
2024-06-17,16.0,16.25,15.880000114440918,15.979999542236328,15.506916046142578,5650440
2024-06-18,15.920000076293945,16.540000915527344,15.779999732971191,16.299999237060547,15.8174409866333,10562203
2024-06-19,16.280000686645508,16.299999237060547,15.869999885559082,15.880000114440918,15.40987777709961,6739802
2024-06-20,15.869999885559082,15.869999885559082,15.25,15.289999961853027,14.8373441696167,9959903
2024-06-21,15.25,15.520000457763672,15.210000038146973,15.350000381469727,14.895567893981934,5204142
2024-06-24,15.350000381469727,15.350000381469727,14.850000381469727,14.960000038146973,14.517114639282227,7755300
2024-06-25,15.0,15.300000190734863,14.949999809265137,15.09000015258789,14.643263816833496,5709015
2024-06-26,15.09000015258789,15.329999923706055,14.8100004196167,15.270000457763672,14.817935943603516,6576700
2024-06-27,15.199999809265137,15.25,14.819999694824219,14.829999923706055,14.390962600708008,6495200
2024-06-28,14.829999923706055,15.489999771118164,14.770000457763672,15.279999732971191,14.82763957977295,9184259
2024-07-01,15.140000343322754,15.600000381469727,15.119999885559082,15.489999771118164,15.031421661376953,6508293
2024-07-02,15.449999809265137,15.449999809265137,15.0,15.069999694824219,14.623856544494629,6809863
2024-07-03,15.0,15.039999961853027,14.510000228881836,14.600000381469727,14.167770385742188,8682807
2024-07-04,14.720000267028809,14.829999923706055,14.449999809265137,14.640000343322754,14.206586837768555,5905500
2024-07-05,14.649999618530273,14.800000190734863,14.420000076293945,14.779999732971191,14.34244155883789,5427319
2024-07-08,14.600000381469727,14.770000457763672,14.380000114440918,14.520000457763672,14.090139389038086,6389399
2024-07-09,14.520000457763672,15.029999732971191,14.1899995803833,14.899999618530273,14.45888900756836,10360900
2024-07-10,14.90999984741211,14.90999984741211,14.430000305175781,14.479999542236328,14.051322937011719,7238820
2024-07-11,14.510000228881836,14.829999923706055,14.329999923706055,14.819999694824219,14.569411277770996,8882312
2024-07-12,14.789999961853027,15.1899995803833,14.649999618530273,14.75,14.500596046447754,10505645
2024-07-15,14.8100004196167,14.819999694824219,14.460000038146973,14.529999732971191,14.284316062927246,4508275
2024-07-16,14.420000076293945,14.5600004196167,14.319999694824219,14.539999961853027,14.294146537780762,4430400
2024-07-17,14.510000228881836,14.510000228881836,13.90999984741211,13.970000267028809,13.733784675598145,9868983
2024-07-18,13.869999885559082,14.220000267028809,13.720000267028809,14.140000343322754,13.900911331176758,7023127
2024-07-19,14.09000015258789,14.1899995803833,13.949999809265137,13.989999771118164,13.753446578979492,4956060
2024-07-22,14.010000228881836,14.010000228881836,13.65999984741211,13.960000038146973,13.723954200744629,5373257
2024-07-23,13.920000076293945,14.0,13.449999809265137,13.479999542236328,13.252070426940918,7185400
2024-07-24,13.470000267028809,13.9399995803833,13.359999656677246,13.579999923706055,13.350379943847656,7414200
2024-07-25,13.420000076293945,13.890000343322754,13.420000076293945,13.670000076293945,13.438857078552246,5113700
2024-07-26,13.699999809265137,14.220000267028809,13.699999809265137,14.100000381469727,13.861587524414062,9320000
2024-07-29,14.140000343322754,14.449999809265137,14.100000381469727,14.140000343322754,13.900911331176758,6773200
2024-07-30,13.979999542236328,14.1899995803833,13.920000076293945,14.09000015258789,13.851755142211914,4508500
2024-07-31,14.09000015258789,14.680000305175781,14.039999961853027,14.65999984741211,14.412117958068848,10284309
2024-08-01,14.65999984741211,15.010000228881836,14.600000381469727,14.800000190734863,14.549749374389648,8794000
2024-08-02,14.65999984741211,15.0,14.510000228881836,14.59000015258789,14.343300819396973,8274600
2024-08-05,14.460000038146973,14.949999809265137,14.279999732971191,14.329999923706055,14.08769702911377,9676500
2024-08-06,14.430000305175781,14.819999694824219,14.399999618530273,14.770000457763672,14.520258903503418,7769400
2024-08-07,14.729999542236328,14.920000076293945,14.630000114440918,14.75,14.500596046447754,4957502
2024-08-08,14.609999656677246,14.869999885559082,14.449999809265137,14.819999694824219,14.569411277770996,5109073
2024-08-09,14.699999809265137,15.850000381469727,14.699999809265137,15.350000381469727,15.09045124053955,18787029
2024-08-12,15.300000190734863,16.010000228881836,15.300000190734863,15.449999809265137,15.188759803771973,16358215
2024-08-13,15.520000457763672,15.550000190734863,15.210000038146973,15.430000305175781,15.169096946716309,7888157
2024-08-14,15.479999542236328,15.520000457763672,15.15999984741211,15.329999923706055,15.070788383483887,7709755
2024-08-15,15.489999771118164,16.209999084472656,15.350000381469727,16.110000610351562,15.837600708007812,17735275
2024-08-16,16.100000381469727,16.170000076293945,15.819999694824219,15.869999885559082,15.601658821105957,10029400
2024-08-19,15.859999656677246,16.149999618530273,15.720000267028809,15.970000267028809,15.699968338012695,8840400
2024-08-20,16.010000228881836,16.09000015258789,14.369999885559082,14.789999961853027,14.53991985321045,26165217
2024-08-21,14.449999809265137,14.550000190734863,13.890000343322754,13.989999771118164,13.753446578979492,17615217
2024-08-22,13.970000267028809,14.109999656677246,13.649999618530273,14.0,13.763278007507324,10427740
2024-08-23,13.949999809265137,14.079999923706055,13.630000114440918,13.989999771118164,13.753446578979492,9635820
2024-08-26,13.979999542236328,14.109999656677246,13.699999809265137,13.800000190734863,13.566659927368164,5547602
2024-08-27,13.779999732971191,13.789999961853027,13.319999694824219,13.390000343322754,13.163591384887695,6920200
2024-08-28,13.359999656677246,13.850000381469727,13.350000381469727,13.640000343322754,13.409364700317383,7677700
2024-08-29,13.699999809265137,14.039999961853027,13.4399995803833,13.880000114440918,13.645306587219238,9814955
2024-08-30,13.880000114440918,14.510000228881836,13.760000228881836,14.170000076293945,13.930402755737305,13071234
2024-09-02,14.109999656677246,14.170000076293945,13.40999984741211,13.4399995803833,13.212745666503906,10557700
2024-09-03,13.4399995803833,13.850000381469727,13.40999984741211,13.75,13.517504692077637,7179400
2024-09-04,13.569999694824219,13.760000228881836,13.489999771118164,13.550000190734863,13.320886611938477,5227402
2024-09-05,13.5600004196167,13.65999984741211,13.399999618530273,13.460000038146973,13.23240852355957,5245102
2024-09-06,13.5,13.520000457763672,13.0,13.020000457763672,12.799847602844238,7710500
2024-09-09,12.949999809265137,13.130000114440918,12.880000114440918,13.039999961853027,12.819509506225586,4225841
2024-09-10,13.029999732971191,13.109999656677246,12.760000228881836,13.039999961853027,12.819509506225586,4251800
2024-09-11,13.0,13.039999961853027,12.899999618530273,12.949999809265137,12.731032371520996,2673900
2024-09-12,12.989999771118164,13.140000343322754,12.899999618530273,12.90999984741211,12.691707611083984,2946100
2024-09-13,12.869999885559082,13.039999961853027,12.779999732971191,12.789999961853027,12.573737144470215,2958500
2024-09-18,12.789999961853027,13.050000190734863,12.710000038146973,12.989999771118164,12.770356178283691,3481620
2024-09-19,13.130000114440918,13.300000190734863,13.020000457763672,13.1899995803833,12.966973304748535,6365100
2024-09-20,13.15999984741211,13.199999809265137,12.789999961853027,12.970000267028809,12.750694274902344,5386000
2024-09-23,12.960000038146973,13.109999656677246,12.899999618530273,13.069999694824219,12.849002838134766,4473540
2024-09-24,13.069999694824219,13.59000015258789,13.010000228881836,13.59000015258789,13.360211372375488,8625411
2024-09-25,13.65999984741211,13.960000038146973,13.569999694824219,13.579999923706055,13.350379943847656,11344600
2024-09-26,13.600000381469727,14.0,13.529999732971191,14.0,13.763278007507324,8799900
2024-09-27,14.300000190734863,14.9399995803833,14.069999694824219,14.699999809265137,14.451440811157227,14923031
2024-09-30,15.390000343322754,16.059999465942383,14.890000343322754,16.040000915527344,15.768784523010254,24676380
2024-10-08,17.639999389648438,17.639999389648438,16.0,16.719999313354492,16.437284469604492,37724161
2024-10-09,16.399999618530273,16.399999618530273,15.359999656677246,15.430000305175781,15.169096946716309,22341758
2024-10-10,15.430000305175781,16.790000915527344,15.399999618530273,16.06999969482422,15.798276901245117,23998415
2024-10-11,16.170000076293945,16.18000030517578,15.079999923706055,15.34000015258789,15.080619812011719,14844363
2024-10-14,15.34000015258789,15.979999542236328,15.34000015258789,15.829999923706055,15.562334060668945,12729987
2024-10-15,15.720000267028809,16.1200008392334,15.479999542236328,15.640000343322754,15.3755464553833,11545365
2024-10-16,15.59000015258789,15.899999618530273,15.449999809265137,15.699999809265137,15.434532165527344,8012368
2024-10-17,16.420000076293945,16.8700008392334,16.200000762939453,16.290000915527344,16.014556884765625,27530487
2024-10-18,15.930000305175781,16.969999313354492,15.819999694824219,16.540000915527344,16.260330200195312,26833325
2024-10-21,16.65999984741211,17.0,16.520000457763672,16.709999084472656,16.427453994750977,21378037
2024-10-22,16.68000030517578,18.3799991607666,16.65999984741211,18.3799991607666,18.0692138671875,41362508
2024-10-23,18.75,18.799999237060547,17.6299991607666,17.729999542236328,17.430208206176758,43075524
2024-10-24,17.610000610351562,17.920000076293945,17.309999465942383,17.450000762939453,17.154943466186523,17964736
2024-10-25,17.110000610351562,18.299999237060547,16.969999313354492,17.940000534057617,17.63665771484375,33988791
2024-10-28,17.8799991607666,19.5,17.6299991607666,19.290000915527344,18.96383285522461,35531290
2024-10-29,19.450000762939453,19.65999984741211,18.329999923706055,18.399999618530273,18.088876724243164,30384536
2024-10-30,18.100000381469727,18.459999084472656,18.030000686645508,18.200000762939453,17.892261505126953,15575351
2024-10-31,18.110000610351562,18.790000915527344,17.850000381469727,18.420000076293945,18.10854148864746,25779108
2024-11-01,18.280000686645508,18.799999237060547,17.43000030517578,17.459999084472656,17.164772033691406,22628793
2024-11-04,17.350000381469727,17.829999923706055,17.209999084472656,17.579999923706055,17.282745361328125,14000284
2024-11-05,17.579999923706055,18.15999984741211,17.5,18.06999969482422,17.76445770263672,15249012
2024-11-06,18.09000015258789,18.360000610351562,17.809999465942383,18.0,17.69564437866211,15994709
2024-11-07,18.0,19.40999984741211,17.81999969482422,19.0,18.678733825683594,29562939
2024-11-08,19.200000762939453,19.25,18.5,18.559999465942383,18.246173858642578,19626607
2024-11-11,18.440000534057617,19.84000015258789,18.440000534057617,19.260000228881836,18.93433952331543,24094937
2024-11-12,19.100000381469727,19.40999984741211,18.290000915527344,18.719999313354492,18.403467178344727,21527391
2024-11-13,18.530000686645508,18.8799991607666,18.239999771118164,18.709999084472656,18.39363670349121,11725743
2024-11-14,18.530000686645508,18.65999984741211,17.719999313354492,17.829999923706055,17.52851676940918,11229622
2024-11-15,17.790000915527344,18.020000457763672,17.40999984741211,17.43000030517578,17.135282516479492,9348758
2024-11-18,17.530000686645508,17.600000381469727,16.600000381469727,16.75,16.466781616210938,13526997
2024-11-19,16.700000762939453,17.489999771118164,16.700000762939453,17.399999618530273,17.10578727722168,13210259
2024-11-20,17.020000457763672,17.420000076293945,16.959999084472656,17.3799991607666,17.086124420166016,9101975
2024-11-21,17.5,18.65999984741211,17.469999313354492,18.34000015258789,18.029891967773438,23956497
2024-11-22,18.8799991607666,18.969999313354492,17.469999313354492,17.469999313354492,17.174604415893555,19543153
2024-11-25,17.3700008392334,17.559999465942383,16.729999542236328,17.139999389648438,16.850181579589844,13767700
2024-11-26,17.149999618530273,17.219999313354492,16.81999969482422,16.850000381469727,16.58443832397461,6784100
2024-11-27,16.799999237060547,17.1299991607666,16.40999984741211,17.110000610351562,16.840341567993164,8076632
2024-11-28,17.049999237060547,17.329999923706055,16.84000015258789,16.899999618530273,16.633651733398438,7854500
2024-11-29,16.799999237060547,17.639999389648438,16.719999313354492,17.239999771118164,16.968292236328125,10861210
2024-12-02,17.239999771118164,18.31999969482422,17.239999771118164,18.1299991607666,17.84426498413086,17173874
2024-12-03,18.010000228881836,18.450000762939453,17.75,17.950000762939453,17.667102813720703,8615612
2024-12-04,17.950000762939453,18.049999237060547,17.540000915527344,17.700000762939453,17.421043395996094,8221334
2024-12-05,17.530000686645508,17.969999313354492,17.450000762939453,17.770000457763672,17.489940643310547,6297520
2024-12-06,17.780000686645508,17.950000762939453,17.6200008392334,17.90999984741211,17.62773323059082,6514230
2024-12-09,17.8799991607666,18.399999618530273,17.75,18.020000457763672,17.736000061035156,10570570
2024-12-10,18.420000076293945,18.540000915527344,17.84000015258789,17.90999984741211,17.62773323059082,10140362
2024-12-11,17.75,18.049999237060547,17.75,18.040000915527344,17.755685806274414,5394601
2024-12-12,18.100000381469727,18.190000534057617,17.950000762939453,18.079999923706055,17.795053482055664,6031502
2024-12-13,18.06999969482422,18.079999923706055,17.700000762939453,17.719999313354492,17.44072723388672,6410592
2024-12-16,17.700000762939453,17.850000381469727,17.3799991607666,17.479999542236328,17.204509735107422,5579710
2024-12-17,17.360000610351562,17.530000686645508,16.809999465942383,16.93000030517578,16.663179397583008,7376400
2024-12-18,16.799999237060547,17.110000610351562,16.799999237060547,16.860000610351562,16.594282150268555,5951610
2024-12-19,16.75,17.0,16.5,16.899999618530273,16.633651733398438,7014012
2024-12-20,16.90999984741211,17.25,16.719999313354492,17.020000457763672,16.751760482788086,5394972
2024-12-23,17.059999465942383,17.18000030517578,16.389999389648438,16.459999084472656,16.200584411621094,8549728
2024-12-24,16.450000762939453,17.06999969482422,16.450000762939453,17.0,16.732074737548828,8450667
2024-12-25,17.049999237060547,17.100000381469727,16.549999237060547,16.780000686645508,16.51554298400879,5746900
2024-12-26,16.68000030517578,17.799999237060547,16.68000030517578,17.450000762939453,17.17498207092285,12321900
2024-12-27,17.709999084472656,18.15999984741211,17.579999923706055,18.06999969482422,17.78521156311035,16518298
2024-12-30,18.06999969482422,18.06999969482422,18.06999969482422,18.06999969482422,17.78521156311035,0
2024-12-31,18.06999969482422,18.06999969482422,18.06999969482422,18.06999969482422,17.78521156311035,0
2025-01-02,18.06999969482422,18.06999969482422,18.06999969482422,18.06999969482422,17.78521156311035,0
2025-01-03,18.06999969482422,18.06999969482422,18.06999969482422,18.06999969482422,17.78521156311035,0
2025-01-06,18.06999969482422,18.06999969482422,18.06999969482422,18.06999969482422,17.78521156311035,0
2025-01-07,18.06999969482422,18.06999969482422,18.06999969482422,18.06999969482422,17.78521156311035,0
2025-01-08,18.06999969482422,18.06999969482422,18.06999969482422,18.06999969482422,17.78521156311035,0
2025-01-09,18.06999969482422,18.06999969482422,18.06999969482422,18.06999969482422,17.78521156311035,0
2025-01-10,18.06999969482422,18.06999969482422,18.06999969482422,18.06999969482422,17.78521156311035,0
2025-01-13,18.06999969482422,18.06999969482422,18.06999969482422,18.06999969482422,17.78521156311035,0
2025-01-14,19.8799991607666,19.8799991607666,19.8799991607666,19.8799991607666,19.566686630249023,6136496
2025-01-15,21.0,21.0,18.18000030517578,18.649999618530273,18.35607147216797,58974292
2025-01-16,17.889999389648438,18.3700008392334,17.649999618530273,18.059999465942383,17.775367736816406,35846669
2025-01-17,17.770000457763672,17.829999923706055,17.530000686645508,17.56999969482422,17.2930908203125,19170981
2025-01-20,17.5,17.850000381469727,17.350000381469727,17.40999984741211,17.1356143951416,15739684
2025-01-21,17.549999237060547,17.6299991607666,17.219999313354492,17.489999771118164,17.214351654052734,11846160
2025-01-22,17.489999771118164,17.899999618530273,17.329999923706055,17.59000015258789,17.312776565551758,13116779
2025-01-23,17.68000030517578,17.93000030517578,17.350000381469727,17.350000381469727,17.07655906677246,15516266
2025-01-24,17.43000030517578,17.43000030517578,16.84000015258789,17.100000381469727,16.83049964904785,12456939
2025-01-27,17.139999389648438,17.290000915527344,16.709999084472656,16.709999084472656,16.446643829345703,9031819
2025-02-05,16.790000915527344,17.09000015258789,16.579999923706055,17.030000686645508,16.7616024017334,8800911
2025-02-06,17.030000686645508,17.18000030517578,16.860000610351562,17.18000030517578,16.909238815307617,9149622
2025-02-07,17.18000030517578,17.450000762939453,16.90999984741211,17.229999542236328,16.95844841003418,13688866
2025-02-10,17.25,17.889999389648438,17.239999771118164,17.809999465942383,17.529308319091797,19942845
2025-02-11,17.790000915527344,17.790000915527344,17.399999618530273,17.649999618530273,17.371829986572266,9691020
2025-02-12,17.649999618530273,17.989999771118164,17.559999465942383,17.850000381469727,17.568679809570312,11254733
2025-02-13,17.850000381469727,17.8799991607666,17.290000915527344,17.290000915527344,17.017505645751953,11407425
2025-02-14,17.299999237060547,17.299999237060547,17.0,17.040000915527344,16.771446228027344,9217020
2025-02-17,17.040000915527344,17.239999771118164,17.010000228881836,17.149999618530273,16.879711151123047,8650280
2025-02-18,17.149999618530273,17.149999618530273,16.75,16.829999923706055,16.56475257873535,8581583
2025-02-19,16.81999969482422,17.40999984741211,16.760000228881836,17.260000228881836,16.987977981567383,10238636
2025-02-20,17.270000457763672,17.389999389648438,17.059999465942383,17.299999237060547,17.027347564697266,9324361
2025-02-21,17.299999237060547,17.360000610351562,17.100000381469727,17.31999969482422,17.04703140258789,8424900
2025-02-24,17.25,17.489999771118164,17.100000381469727,17.350000381469727,17.07655906677246,8609121
2025-02-25,17.219999313354492,18.68000030517578,17.1200008392334,18.309999465942383,18.021427154541016,30607140
2025-02-26,18.149999618530273,18.700000762939453,18.049999237060547,18.420000076293945,18.12969398498535,19644097
2025-02-27,18.450000762939453,18.510000228881836,17.809999465942383,18.010000228881836,17.726158142089844,12866727
2025-02-28,17.979999542236328,18.280000686645508,17.700000762939453,17.84000015258789,17.558835983276367,12527373
2025-03-03,18.290000915527344,18.8799991607666,18.100000381469727,18.190000534057617,17.9033203125,23007973
2025-03-04,17.899999618530273,18.389999389648438,17.81999969482422,18.270000457763672,17.9820613861084,12360944
2025-03-05,18.149999618530273,18.790000915527344,18.149999618530273,18.469999313354492,18.17890739440918,15847052
2025-03-06,18.5,18.860000610351562,18.360000610351562,18.600000381469727,18.306859970092773,18259992
2025-03-07,18.610000610351562,18.780000686645508,18.260000228881836,18.399999618530273,18.110010147094727,13264094
2025-03-10,18.40999984741211,18.65999984741211,18.309999465942383,18.610000610351562,18.316701889038086,12093469
2025-03-11,18.399999618530273,18.719999313354492,18.25,18.479999542236328,18.188749313354492,9426540
2025-03-12,18.649999618530273,18.780000686645508,18.459999084472656,18.579999923706055,18.287174224853516,12110601
2025-03-13,18.700000762939453,18.709999084472656,18.209999084472656,18.389999389648438,18.100168228149414,12165010
2025-03-14,18.299999237060547,18.6200008392334,18.1200008392334,18.489999771118164,18.198593139648438,9413793
2025-03-17,18.549999237060547,19.479999542236328,18.459999084472656,18.93000030517578,18.631656646728516,16554663
2025-03-18,18.899999618530273,19.030000686645508,18.670000076293945,18.829999923706055,18.533233642578125,9064061
2025-03-19,18.709999084472656,19.049999237060547,18.649999618530273,18.760000228881836,18.464338302612305,8934918
2025-03-20,18.670000076293945,19.229999542236328,18.520000457763672,18.959999084472656,18.661184310913086,12427731
2025-03-21,18.940000534057617,19.200000762939453,18.610000610351562,18.639999389648438,18.346227645874023,13680300
2025-03-24,18.549999237060547,18.729999542236328,17.540000915527344,17.940000534057617,17.65726089477539,15209024
2025-03-25,17.899999618530273,19.59000015258789,17.889999389648438,18.790000915527344,18.493864059448242,32114781
2025-03-26,18.479999542236328,18.959999084472656,18.34000015258789,18.5,18.20843505859375,17861444
2025-03-27,18.3700008392334,18.420000076293945,17.729999542236328,17.81999969482422,17.53915023803711,14973902
2025-03-28,17.8799991607666,18.209999084472656,17.260000228881836,17.420000076293945,17.145456314086914,15435520
2025-03-31,17.25,17.290000915527344,16.899999618530273,17.149999618530273,16.879711151123047,8967948
2025-04-01,17.149999618530273,18.299999237060547,17.149999618530273,18.040000915527344,17.755685806274414,20709774
2025-04-02,17.889999389648438,17.950000762939453,17.540000915527344,17.6200008392334,17.342304229736328,10022922
2025-04-03,17.459999084472656,18.440000534057617,17.420000076293945,17.579999923706055,17.302932739257812,11943902
2025-04-07,16.75,16.860000610351562,15.819999694824219,15.819999694824219,15.570672035217285,14776100
2025-04-08,15.65999984741211,15.989999771118164,15.020000457763672,15.369999885559082,15.127764701843262,15017259
2025-04-09,15.369999885559082,16.149999618530273,14.5,15.899999618530273,15.64941120147705,13851693
2025-04-10,16.079999923706055,16.40999984741211,16.020000457763672,16.049999237060547,15.797046661376953,11520200
2025-04-11,16.020000457763672,16.34000015258789,15.890000343322754,16.190000534057617,15.934840202331543,7978955
2025-04-14,16.260000228881836,16.799999237060547,16.260000228881836,16.600000381469727,16.33837890625,10673308
2025-04-15,16.65999984741211,16.690000534057617,16.25,16.450000762939453,16.19074249267578,6913100
2025-04-16,16.700000762939453,16.700000762939453,16.139999389648438,16.290000915527344,16.033266067504883,7655694
2025-04-17,16.350000381469727,16.940000534057617,16.219999313354492,16.690000534057617,16.42696189880371,9949097
2025-04-18,16.600000381469727,16.649999618530273,16.290000915527344,16.479999542236328,16.22026824951172,7234600
2025-04-21,16.469999313354492,16.68000030517578,16.350000381469727,16.670000076293945,16.407276153564453,6673116
2025-04-22,16.649999618530273,16.8700008392334,16.559999465942383,16.639999389648438,16.377748489379883,6807016
2025-04-23,16.709999084472656,17.200000762939453,16.639999389648438,16.8799991607666,16.61396598815918,8600378
2025-04-24,16.8799991607666,17.8700008392334,16.799999237060547,17.780000686645508,17.49978256225586,24660618
2025-04-25,17.600000381469727,17.899999618530273,17.43000030517578,17.68000030517578,17.401357650756836,10412475
2025-04-28,18.5,18.799999237060547,17.309999465942383,17.3799991607666,17.1060848236084,29365278
2025-04-29,17.25,17.329999923706055,16.899999618530273,16.950000762939453,16.682863235473633,14033578
2025-04-30,16.799999237060547,16.989999771118164,16.790000915527344,16.81999969482422,16.55491065979004,8547463
2025-05-06,16.979999542236328,17.6299991607666,16.940000534057617,17.59000015258789,17.312776565551758,13393994
2025-05-07,17.610000610351562,17.729999542236328,17.34000015258789,17.489999771118164,17.214351654052734,10621125
2025-05-08,17.40999984741211,17.979999542236328,17.350000381469727,17.729999542236328,17.45056915283203,13559651
2025-05-09,17.690000534057617,17.690000534057617,17.309999465942383,17.3799991607666,17.1060848236084,7189510
2025-05-12,17.469999313354492,17.799999237060547,17.40999984741211,17.65999984741211,17.38167381286621,8777600
2025-05-13,17.760000228881836,17.850000381469727,17.510000228881836,17.59000015258789,17.312776565551758,6343700
2025-05-14,17.510000228881836,17.75,17.459999084472656,17.6200008392334,17.342304229736328,5912800
2025-05-15,17.6200008392334,17.6299991607666,17.329999923706055,17.3799991607666,17.1060848236084,6364000
2025-05-16,17.329999923706055,18.079999923706055,17.329999923706055,17.889999389648438,17.608047485351562,15833348
2025-05-19,17.899999618530273,18.299999237060547,17.709999084472656,18.190000534057617,17.9033203125,13190348
2025-05-20,18.200000762939453,18.450000762939453,18.0,18.06999969482422,17.78521156311035,8984710
2025-05-21,18.139999389648438,18.139999389648438,17.81999969482422,17.899999618530273,17.617891311645508,5970027
2025-05-22,17.790000915527344,17.950000762939453,17.579999923706055,17.6200008392334,17.342304229736328,5958285
2025-05-23,18.3700008392334,18.479999542236328,18.059999465942383,18.09000015258789,17.804895401000977,24861127
2025-05-26,18.5,19.899999618530273,18.3799991607666,19.899999618530273,19.586368560791016,35745570
2025-05-27,20.06999969482422,21.84000015258789,19.68000030517578,20.43000030517578,20.108016967773438,72130906
2025-05-28,20.40999984741211,21.920000076293945,19.700000762939453,21.049999237060547,20.718246459960938,61341359
2025-05-29,20.530000686645508,21.459999084472656,20.350000381469727,20.639999389648438,20.314706802368164,51324643
2025-05-30,20.530000686645508,20.770000457763672,19.34000015258789,19.56999969482422,19.26156997680664,40245139
2025-06-03,19.239999771118164,19.65999984741211,18.940000534057617,19.469999313354492,19.16314697265625,24310402
2025-06-04,19.8700008392334,19.940000534057617,19.18000030517578,19.260000228881836,18.956457138061523,25714056
2025-06-05,19.200000762939453,19.3700008392334,19.040000915527344,19.18000030517578,18.877717971801758,17198992
2025-06-06,19.18000030517578,19.309999465942383,18.940000534057617,19.100000381469727,18.798978805541992,13793173
2025-06-09,19.469999313354492,19.739999771118164,19.299999237060547,19.510000228881836,19.202518463134766,22657637
2025-06-10,19.399999618530273,19.84000015258789,18.989999771118164,19.15999984741211,18.8580322265625,20441822
2025-06-11,19.100000381469727,19.5,18.899999618530273,19.260000228881836,18.956457138061523,13859924
2025-06-12,19.260000228881836,19.920000076293945,19.1200008392334,19.780000686645508,19.46826171875,30943325
2025-06-13,19.709999084472656,20.549999237060547,19.549999237060547,20.09000015258789,19.77337646484375,36614509
2025-06-16,20.280000686645508,20.280000686645508,19.65999984741211,19.799999237060547,19.487945556640625,22823610
2025-06-17,19.90999984741211,21.780000686645508,19.860000610351562,21.780000686645508,21.436742782592773,25068286
2025-06-18,22.780000686645508,23.959999084472656,22.5,23.360000610351562,22.991840362548828,100045629
2025-06-19,22.5,22.649999618530273,21.020000457763672,21.600000381469727,21.259578704833984,79756492
2025-06-20,21.010000228881836,21.149999618530273,20.600000381469727,20.899999618530273,20.57061004638672,37755182
2025-06-23,20.899999618530273,22.799999237060547,20.350000381469727,22.100000381469727,21.751699447631836,58568106
2025-06-24,21.299999237060547,21.549999237060547,21.100000381469727,21.25,20.915096282958984,44337215
2025-06-25,21.260000228881836,21.8700008392334,20.920000076293945,21.649999618530273,21.30879020690918,39593134
2025-06-26,21.399999618530273,21.950000762939453,21.049999237060547,21.239999771118164,20.90525245666504,30602523
2025-06-27,21.049999237060547,21.329999923706055,20.8799991607666,21.1200008392334,20.787145614624023,18397462
2025-06-30,21.1299991607666,22.18000030517578,21.100000381469727,21.989999771118164,21.6434326171875,34269935
2025-07-01,22.049999237060547,22.950000762939453,21.8700008392334,22.360000610351562,22.00760269165039,40710363
2025-07-02,22.100000381469727,23.219999313354492,21.899999618530273,21.920000076293945,21.574535369873047,35220232
2025-07-03,21.920000076293945,22.1299991607666,21.43000030517578,21.6200008392334,21.279264450073242,25597837
2025-07-04,21.5,21.850000381469727,21.299999237060547,21.40999984741211,21.072572708129883,24488000
2025-07-07,21.3799991607666,21.760000228881836,20.950000762939453,21.719999313354492,21.377687454223633,19833386
2025-07-08,20.25,20.59000015258789,19.90999984741211,20.329999923706055,20.171186447143555,44220326
2025-07-09,20.149999618530273,20.559999465942383,20.0,20.059999465942383,19.903295516967773,24435024
2025-07-10,19.93000030517578,20.040000915527344,19.739999771118164,19.940000534057617,19.78423309326172,20014420
2025-07-11,19.969999313354492,20.1200008392334,19.920000076293945,20.059999465942383,19.903295516967773,14178039
2025-07-14,22.06999969482422,22.06999969482422,22.049999237060547,22.06999969482422,21.897594451904297,22673479
2025-07-15,22.459999084472656,22.5,21.100000381469727,21.540000915527344,21.371736526489258,62304843
2025-07-16,21.40999984741211,21.489999771118164,20.940000534057617,21.18000030517578,21.01454734802246,25900236
2025-07-17,21.329999923706055,21.389999389648438,21.040000915527344,21.280000686645508,21.113765716552734,20075809
2025-07-18,21.229999542236328,21.350000381469727,20.950000762939453,21.1200008392334,20.955015182495117,17109838
2025-07-21,21.059999465942383,21.549999237060547,21.0,21.520000457763672,21.351890563964844,26177419
2025-07-22,21.520000457763672,22.6299991607666,21.399999618530273,22.450000762939453,22.274625778198242,48371000
2025-07-23,23.670000076293945,23.690000534057617,22.040000915527344,22.09000015258789,21.917436599731445,55727847
2025-07-24,22.040000915527344,22.299999237060547,21.8799991607666,22.1299991607666,21.957124710083008,27295842
2025-07-25,22.190000534057617,22.200000762939453,21.610000610351562,21.68000030517578,21.510639190673828,20643904
2025-07-28,21.600000381469727,21.850000381469727,21.530000686645508,21.799999237060547,21.629701614379883,15163400
2025-07-29,21.690000534057617,21.889999389648438,21.459999084472656,21.709999084472656,21.5404052734375,14720000
2025-07-30,21.889999389648438,21.889999389648438,20.940000534057617,21.09000015258789,20.925249099731445,20204303
2025-07-31,21.0,21.229999542236328,20.829999923706055,20.959999084472656,20.796262741088867,11194651
2025-08-01,20.959999084472656,21.030000686645508,20.739999771118164,20.8700008392334,20.706968307495117,9758678
2025-08-04,20.719999313354492,21.100000381469727,20.65999984741211,21.079999923706055,20.915327072143555,10201269
2025-08-05,21.1299991607666,21.149999618530273,20.899999618530273,21.020000457763672,20.855796813964844,8315648
2025-08-06,21.09000015258789,21.3799991607666,20.989999771118164,21.299999237060547,21.133607864379883,14428460
2025-08-07,21.31999969482422,21.389999389648438,20.950000762939453,21.31999969482422,21.153451919555664,12629459
2025-08-08,21.360000610351562,21.68000030517578,21.200000762939453,21.420000076293945,21.25267219543457,13643935
2025-08-11,21.420000076293945,21.479999542236328,21.149999618530273,21.3799991607666,21.212982177734375,10500819
2025-08-12,21.290000915527344,21.459999084472656,20.90999984741211,21.40999984741211,21.242748260498047,14987847
2025-08-13,21.34000015258789,21.459999084472656,21.219999313354492,21.260000228881836,21.093921661376953,12330184
2025-08-14,21.190000534057617,21.260000228881836,20.829999923706055,20.829999923706055,20.667280197143555,12763823
2025-08-15,20.729999542236328,21.110000610351562,20.700000762939453,21.049999237060547,20.885560989379883,9763428
2025-08-18,21.030000686645508,21.350000381469727,21.0,21.25,21.083999633789062,13694044
2025-08-19,21.25,21.280000686645508,20.969999313354492,21.030000686645508,20.865718841552734,10894545
2025-08-20,21.0,21.15999984741211,20.799999237060547,21.149999618530273,20.984779357910156,12210648
2025-08-21,21.149999618530273,21.420000076293945,21.09000015258789,21.219999313354492,21.054231643676758,16235768
2025-08-22,21.219999313354492,21.290000915527344,20.93000030517578,21.280000686645508,21.113765716552734,13475687
2025-08-25,21.299999237060547,21.809999465942383,21.25,21.809999465942383,21.639623641967773,28993469
2025-08-26,21.799999237060547,21.81999969482422,21.459999084472656,21.549999237060547,21.381654739379883,14999827
2025-08-27,21.510000228881836,21.690000534057617,20.850000381469727,20.860000610351562,20.697046279907227,19856029
2025-08-28,20.75,20.75,19.760000228881836,20.309999465942383,20.15134048461914,28248585
2025-08-29,20.149999618530273,20.459999084472656,20.100000381469727,20.200000762939453,20.04220199584961,10374557
2025-09-01,20.190000534057617,20.290000915527344,19.989999771118164,20.1299991607666,19.972747802734375,8419601
2025-09-02,20.1299991607666,20.170000076293945,19.6200008392334,19.690000534057617,19.53618621826172,12758196
2025-09-03,19.700000762939453,19.889999389648438,19.389999389648438,19.530000686645508,19.3774356842041,10369973
2025-09-04,19.40999984741211,19.579999923706055,18.770000457763672,19.059999465942383,18.91110610961914,10362510
2025-09-05,19.1299991607666,19.510000228881836,19.100000381469727,19.5,19.347671508789062,7638716
2025-09-08,19.719999313354492,20.030000686645508,19.489999771118164,19.969999313354492,19.813997268676758,11724649
2025-09-09,19.90999984741211,20.049999237060547,19.520000457763672,19.59000015258789,19.436965942382812,8481100
2025-09-10,19.59000015258789,19.68000030517578,19.299999237060547,19.399999618530273,19.248451232910156,6288597
2025-09-11,19.329999923706055,19.670000076293945,19.200000762939453,19.670000076293945,19.516342163085938,8591074
2025-09-12,19.709999084472656,20.1200008392334,19.600000381469727,19.829999923706055,19.675090789794922,12240675
2025-09-15,19.790000915527344,19.950000762939453,19.479999542236328,19.65999984741211,19.506420135498047,9393808
2025-09-16,19.709999084472656,19.799999237060547,19.440000534057617,19.489999771118164,19.33774757385254,9076172
2025-09-17,19.450000762939453,19.520000457763672,19.280000686645508,19.420000076293945,19.268295288085938,7166649
2025-09-18,19.40999984741211,19.6299991607666,19.170000076293945,19.280000686645508,19.129390716552734,9348122
2025-09-19,19.190000534057617,19.360000610351562,19.100000381469727,19.15999984741211,19.010326385498047,6363180
2025-09-22,19.1200008392334,19.350000381469727,19.100000381469727,19.299999237060547,19.14923095703125,6041156
2025-09-23,19.299999237060547,19.639999389648438,19.100000381469727,19.559999465942383,19.40719985961914,12002939
2025-09-24,19.389999389648438,19.469999313354492,19.209999084472656,19.40999984741211,19.258373260498047,7301000
2025-09-25,19.459999084472656,19.889999389648438,19.459999084472656,19.68000030517578,19.526264190673828,13765553
2025-09-26,19.700000762939453,19.700000762939453,19.270000457763672,19.290000915527344,19.139310836791992,8615961
2025-09-29,19.219999313354492,19.290000915527344,19.1200008392334,19.209999084472656,19.059934616088867,6327502
2025-09-30,19.299999237060547,19.31999969482422,19.1299991607666,19.15999984741211,19.010326385498047,6504384
2025-10-09,20.1299991607666,21.079999923706055,20.1299991607666,21.079999923706055,20.915327072143555,32721123
2025-10-10,21.09000015258789,21.899999618530273,20.670000076293945,21.450000762939453,21.282438278198242,63441949
2025-10-13,20.799999237060547,22.100000381469727,20.649999618530273,21.90999984741211,21.73884391784668,47673663
2025-10-14,21.979999542236328,22.489999771118164,21.350000381469727,21.579999923706055,21.411420822143555,43574011
2025-10-15,21.260000228881836,22.170000076293945,21.219999313354492,21.940000534057617,21.76861000061035,35096813
2025-10-16,21.780000686645508,21.84000015258789,21.0,21.06999969482422,20.905405044555664,23673725
2025-10-17,21.280000686645508,21.329999923706055,20.399999618530273,20.459999084472656,20.3001708984375,18023707
2025-10-20,20.719999313354492,20.760000228881836,20.299999237060547,20.5,20.33985710144043,11313975
2025-10-21,20.530000686645508,20.790000915527344,20.450000762939453,20.610000610351562,20.448999404907227,12069532
2025-10-22,20.479999542236328,20.90999984741211,20.200000762939453,20.6200008392334,20.458921432495117,15423726
2025-10-23,20.420000076293945,21.959999084472656,19.729999542236328,21.93000030517578,21.75868797302246,36241564
2025-10-24,22.219999313354492,22.219999313354492,21.229999542236328,21.84000015258789,21.669389724731445,37965274
2025-10-27,22.149999618530273,22.190000534057617,21.600000381469727,21.790000915527344,21.619781494140625,31694389
2025-10-28,21.610000610351562,22.149999618530273,21.520000457763672,21.760000228881836,21.590015411376953,20565433
2025-10-29,21.520000457763672,22.5,21.5,22.270000457763672,22.096031188964844,35028412
2025-10-30,21.969999313354492,22.049999237060547,21.559999465942383,21.670000076293945,21.50071907043457,22531430
2025-10-31,21.700000762939453,21.700000762939453,21.010000228881836,21.049999237060547,20.885560989379883,16944317
2025-11-03,22.0,23.15999984741211,21.709999084472656,23.15999984741211,22.97907829284668,54296940
2025-11-04,23.8799991607666,25.479999542236328,23.639999389648438,24.389999389648438,24.1994686126709,106437037
2025-11-05,24.09000015258789,25.389999389648438,23.600000381469727,23.84000015258789,23.653766632080078,75895239
2025-11-06,23.6299991607666,24.799999237060547,23.3700008392334,24.389999389648438,24.1994686126709,67252924
2025-11-07,24.0,25.229999542236328,23.700000762939453,24.40999984741211,24.219314575195312,63046417
2025-11-10,23.899999618530273,23.989999771118164,23.399999618530273,23.979999542236328,23.792673110961914,40647489
2025-11-11,23.709999084472656,25.149999618530273,23.440000534057617,24.889999389648438,24.69556427001953,59872085
2025-11-12,24.649999618530273,24.649999618530273,23.479999542236328,24.020000457763672,23.832361221313477,35094762
2025-11-13,24.0,24.290000915527344,23.530000686645508,24.15999984741211,23.99224281311035,29565246
2025-11-14,23.81999969482422,24.200000762939453,22.700000762939453,22.770000457763672,22.611894607543945,36084949
2025-11-17,22.299999237060547,22.520000457763672,21.760000228881836,21.989999771118164,21.837310791015625,27536843
2025-11-18,21.959999084472656,21.959999084472656,21.450000762939453,21.579999923706055,21.430156707763672,17095862
2025-11-19,21.549999237060547,21.8799991607666,21.399999618530273,21.600000381469727,21.45001983642578,14976068
2025-11-20,21.75,21.799999237060547,21.149999618530273,21.209999084472656,21.062725067138672,12732373
2025-11-21,21.010000228881836,21.15999984741211,20.079999923706055,20.100000381469727,19.960433959960938,19676957
2025-11-24,20.299999237060547,20.709999084472656,20.040000915527344,20.540000915527344,20.39737892150879,12602006
2025-11-25,20.610000610351562,20.920000076293945,20.450000762939453,20.579999923706055,20.437101364135742,12794842
2025-11-26,20.530000686645508,20.549999237060547,20.18000030517578,20.209999084472656,20.069669723510742,11490242
2025-11-27,20.3799991607666,20.65999984741211,20.219999313354492,20.309999465942383,20.168975830078125,12291916
2025-11-28,20.329999923706055,20.579999923706055,20.219999313354492,20.579999923706055,20.437101364135742,8967652
2025-12-01,20.59000015258789,20.770000457763672,20.520000457763672,20.709999084472656,20.566198348999023,9352711
2025-12-02,20.790000915527344,20.790000915527344,20.469999313354492,20.530000686645508,20.387449264526367,7618195
2025-12-03,20.920000076293945,20.989999771118164,20.34000015258789,20.40999984741211,20.268281936645508,11715531
2025-12-04,20.350000381469727,20.790000915527344,20.329999923706055,20.520000457763672,20.377517700195312,10301499
2025-12-05,20.549999237060547,21.350000381469727,20.549999237060547,21.229999542236328,21.08258819580078,19302991
2025-12-08,21.229999542236328,21.329999923706055,21.09000015258789,21.139999389648438,20.99321174621582,15293195
2025-12-09,21.0,21.110000610351562,20.65999984741211,20.68000030517578,20.536407470703125,10610832
2025-12-10,20.549999237060547,20.690000534057617,20.389999389648438,20.610000610351562,20.466894149780273,7764917
2025-12-11,20.65999984741211,20.899999618530273,20.579999923706055,20.690000534057617,20.546337127685547,11977168
2025-12-12,20.780000686645508,21.989999771118164,20.65999984741211,21.81999969482422,21.66849136352539,33917513
2025-12-15,21.75,21.920000076293945,21.309999465942383,21.350000381469727,21.20175552368164,17677428
2025-12-16,21.399999618530273,21.420000076293945,20.350000381469727,20.469999313354492,20.327863693237305,15881250
2025-12-17,20.43000030517578,20.65999984741211,19.899999618530273,20.610000610351562,20.466894149780273,12820994
2025-12-18,20.40999984741211,20.56999969482422,20.170000076293945,20.170000076293945,20.02994728088379,10414809
2025-12-19,20.649999618530273,21.079999923706055,20.56999969482422,20.860000610351562,20.71515655517578,18456371
2025-12-22,21.18000030517578,21.639999389648438,21.030000686645508,21.100000381469727,20.9534912109375,14247077
2025-12-23,21.030000686645508,21.049999237060547,20.799999237060547,20.920000076293945,20.77474021911621,8734662
2025-12-24,20.959999084472656,21.459999084472656,20.709999084472656,21.329999923706055,21.18189239501953,11176890
2025-12-25,21.329999923706055,23.459999084472656,21.18000030517578,23.459999084472656,23.297101974487305,48632327
2025-12-26,23.450000762939453,25.809999465942383,22.860000610351562,25.809999465942383,25.63078498840332,80005417
2025-12-29,27.0,28.3799991607666,26.420000076293945,26.600000381469727,26.415300369262695,96650400
2025-12-30,26.200000762939453,27.139999389648438,25.68000030517578,25.850000381469727,25.670509338378906,54223675
2025-12-31,26.0,26.31999969482422,25.299999237060547,25.850000381469727,25.670509338378906,36147952
2026-01-05,26.209999084472656,26.799999237060547,25.829999923706055,26.420000076293945,26.23655128479004,48680839
2026-01-06,26.270000457763672,26.690000534057617,25.68000030517578,26.299999237060547,26.117382049560547,37561218
2026-01-07,26.15999984741211,28.3799991607666,25.959999084472656,27.729999542236328,27.53745460510254,69310459
2026-01-08,27.5,29.559999465942383,27.3700008392334,28.34000015258789,28.143218994140625,63612089
2026-01-09,28.520000457763672,29.200000762939453,27.799999237060547,28.56999969482422,28.37162208557129,50162726
2026-01-12,29.010000228881836,31.290000915527344,29.010000228881836,30.860000610351562,30.645721435546875,56254606
2026-01-13,30.860000610351562,30.8799991607666,27.81999969482422,28.0,27.805580139160156,50539957
2026-01-14,27.81999969482422,29.770000457763672,27.81999969482422,28.389999389648438,28.19287109375,43000628
2026-01-15,28.0,28.100000381469727,26.799999237060547,27.610000610351562,27.418289184570312,32412320
2026-01-16,27.6299991607666,28.0,26.75,26.790000915527344,26.60398292541504,21617243
2026-01-19,27.809999465942383,29.110000610351562,27.540000915527344,27.649999618530273,27.458009719848633,30755148
2026-01-20,27.3700008392334,27.649999618530273,26.219999313354492,26.3700008392334,26.186899185180664,25071050
2026-01-21,26.0,26.559999465942383,25.81999969482422,26.270000457763672,26.08759307861328,14088108
2026-01-22,26.729999542236328,27.959999084472656,26.65999984741211,27.780000686645508,27.587108612060547,31725566
2026-01-23,27.93000030517578,27.93000030517578,26.959999084472656,27.059999465942383,26.872106552124023,26630631
2026-01-26,26.940000534057617,27.049999237060547,26.0,26.219999313354492,26.037939071655273,20531185
2026-01-27,25.899999618530273,26.1200008392334,25.100000381469727,25.860000610351562,25.680438995361328,17126986
2026-01-28,25.899999618530273,25.940000534057617,25.34000015258789,25.68000030517578,25.501689910888672,12275508
2026-01-29,25.59000015258789,25.829999923706055,25.100000381469727,25.239999771118164,25.064743041992188,13820482
2026-01-30,25.219999313354492,25.229999542236328,24.399999618530273,24.780000686645508,24.607938766479492,12991315
2026-02-02,25.040000915527344,25.540000915527344,24.690000534057617,24.760000228881836,24.588077545166016,13415707
2026-02-03,25.06999969482422,25.549999237060547,24.799999237060547,25.469999313354492,25.29314613342285,12322228
2026-02-04,25.469999313354492,25.969999313354492,25.260000228881836,25.540000915527344,25.362661361694336,11330728
2026-02-05,25.309999465942383,25.489999771118164,24.850000381469727,25.020000457763672,24.846271514892578,7804874
2026-02-06,24.81999969482422,25.299999237060547,24.719999313354492,24.8799991607666,24.707242965698242,8527854
2026-02-09,25.09000015258789,25.399999618530273,25.020000457763672,25.270000457763672,25.09453582763672,10774191
2026-02-10,25.280000686645508,25.3799991607666,24.899999618530273,25.040000915527344,24.866132736206055,7358896
2026-02-11,25.010000228881836,25.1200008392334,24.639999389648438,24.649999618530273,24.478839874267578,7767349
2026-02-12,24.600000381469727,25.34000015258789,24.510000228881836,25.1299991607666,24.955507278442383,10386600
2026-02-13,25.09000015258789,25.15999984741211,24.649999618530273,24.670000076293945,24.498701095581055,7586820
2026-02-24,24.950000762939453,25.350000381469727,24.899999618530273,25.260000228881836,25.084606170654297,9272737
2026-02-25,25.270000457763672,25.729999542236328,25.100000381469727,25.649999618530273,25.47189712524414,12900515
2026-02-26,25.600000381469727,26.34000015258789,25.440000534057617,26.31999969482422,26.137245178222656,22427442
2026-02-27,26.329999923706055,26.3799991607666,25.8700008392334,26.18000030517578,25.99821662902832,16075109
2026-03-02,25.979999542236328,26.3799991607666,25.559999465942383,25.75,25.571203231811523,23985072
2026-03-03,25.75,25.959999084472656,23.959999084472656,23.989999771118164,23.823423385620117,25507156
2026-03-04,23.799999237060547,25.059999465942383,23.790000915527344,24.5,24.32988166809082,15641093
2026-03-05,24.729999542236328,26.260000228881836,24.729999542236328,25.5,25.322938919067383,29480706
2026-03-06,25.360000610351562,25.700000762939453,24.90999984741211,25.329999923706055,25.15411949157715,15241589
2026-03-09,25.0,25.719999313354492,24.850000381469727,25.610000610351562,25.432174682617188,17733122
2026-03-10,25.729999542236328,26.229999542236328,25.6299991607666,25.979999542236328,25.799604415893555,16438791
2026-03-11,25.989999771118164,26.149999618530273,25.579999923706055,25.790000915527344,25.610925674438477,13159902
2026-03-12,25.729999542236328,25.729999542236328,24.56999969482422,25.100000381469727,24.925716400146484,21211820
2026-03-13,25.399999618530273,27.1200008392334,25.31999969482422,26.84000015258789,26.653635025024414,50945396
2026-03-16,26.850000381469727,27.190000534057617,26.010000228881836,26.700000762939453,26.514606475830078,38773487
2026-03-17,26.43000030517578,26.440000534057617,25.360000610351562,25.530000686645508,25.352731704711914,25091325
2026-03-18,25.5,25.75,24.239999771118164,24.81999969482422,24.647659301757812,21116999
2026-03-19,24.399999618530273,24.549999237060547,23.780000686645508,24.040000915527344,23.873077392578125,16391534
2026-03-20,24.059999465942383,24.280000686645508,22.8700008392334,22.899999618530273,22.740991592407227,17980765
2026-03-23,22.280000686645508,23.190000534057617,22.0,22.219999313354492,22.065711975097656,14906559
2026-03-24,22.559999465942383,22.790000915527344,22.059999465942383,22.68000030517578,22.522520065307617,10354487
2026-03-25,22.670000076293945,23.3700008392334,22.649999618530273,23.079999923706055,22.919742584228516,11355603
2026-03-26,23.0,23.149999618530273,22.299999237060547,22.450000762939453,22.294116973876953,9419713
2026-03-27,22.079999923706055,22.799999237060547,22.010000228881836,22.68000030517578,22.522520065307617,7222852
2026-03-30,22.399999618530273,22.889999389648438,22.25,22.65999984741211,22.50265884399414,5384000
2026-03-31,22.65999984741211,22.850000381469727,22.25,22.270000457763672,22.115365982055664,6021492
2026-04-01,22.600000381469727,22.719999313354492,22.399999618530273,22.649999618530273,22.492727279663086,6914169
2026-04-02,22.5,22.729999542236328,21.709999084472656,21.809999465942383,21.658559799194336,8802743
2026-04-03,21.90999984741211,22.0,21.25,21.350000381469727,21.20175552368164,6961908
2026-04-07,21.3700008392334,21.549999237060547,21.260000228881836,21.510000228881836,21.36064338684082,5036694
2026-04-08,22.0,22.600000381469727,22.0,22.600000381469727,22.44307518005371,9068007
2026-04-09,22.579999923706055,22.579999923706055,22.219999313354492,22.420000076293945,22.264324188232422,5767084
2026-04-10,22.520000457763672,22.84000015258789,22.520000457763672,22.579999923706055,22.423213958740234,6731143
2026-04-13,22.399999618530273,22.549999237060547,22.200000762939453,22.489999771118164,22.333839416503906,5570658
2026-04-14,22.670000076293945,22.719999313354492,22.40999984741211,22.690000534057617,22.53244972229004,7148522
2026-04-15,22.799999237060547,23.1299991607666,22.510000228881836,22.600000381469727,22.44307518005371,8821549
2026-04-16,22.59000015258789,22.75,22.510000228881836,22.670000076293945,22.512588500976562,6161912
2026-04-17,22.68000030517578,23.020000457763672,22.280000686645508,22.84000015258789,22.681407928466797,10014391
2026-04-20,22.850000381469727,23.34000015258789,22.709999084472656,23.200000762939453,23.038909912109375,11880413
2026-04-21,23.200000762939453,23.200000762939453,22.700000762939453,22.81999969482422,22.66154670715332,7405559
2026-04-22,22.81999969482422,22.84000015258789,22.1299991607666,22.34000015258789,22.18488121032715,14523921
2026-04-23,22.34000015258789,22.690000534057617,21.799999237060547,22.079999923706055,21.926685333251953,10015776
2026-04-24,21.90999984741211,22.100000381469727,21.75,21.8700008392334,21.7181453704834,6071357
2026-04-27,21.700000762939453,21.780000686645508,21.450000762939453,21.56999969482422,21.42022705078125,7107511
2026-04-28,20.799999237060547,20.799999237060547,19.459999084472656,19.56999969482422,19.434114456176758,25883494
2026-04-29,19.5,19.760000228881836,19.469999313354492,19.739999771118164,19.602933883666992,8411834
2026-04-30,19.700000762939453,19.8700008392334,19.579999923706055,19.860000610351562,19.72210121154785,6695594
2026-05-06,19.850000381469727,20.0,19.799999237060547,19.81999969482422,19.6823787689209,10130543
2026-05-07,19.84000015258789,20.3799991607666,19.84000015258789,20.31999969482422,20.178905487060547,11530335
2026-05-08,20.200000762939453,20.440000534057617,20.049999237060547,20.420000076293945,20.27821159362793,7904568
2026-05-11,20.450000762939453,20.940000534057617,20.450000762939453,20.649999618530273,20.506614685058594,10666309
2026-05-12,20.670000076293945,20.790000915527344,20.299999237060547,20.389999389648438,20.2484188079834,7906783
2026-05-13,20.360000610351562,20.600000381469727,20.25,20.389999389648438,20.2484188079834,7710888
2026-05-14,20.3799991607666,20.43000030517578,19.719999313354492,19.729999542236328,19.593002319335938,8858041
2026-05-15,19.829999923706055,20.059999465942383,19.530000686645508,19.6200008392334,19.483768463134766,8067125
2026-05-18,19.600000381469727,19.670000076293945,19.200000762939453,19.440000534057617,19.305017471313477,6368892
2026-05-19,19.450000762939453,19.5,19.059999465942383,19.389999389648438,19.25536346435547,6922427
2026-05-20,19.309999465942383,19.350000381469727,18.739999771118164,18.8799991607666,18.748905181884766,10826632
2026-05-21,18.899999618530273,19.1299991607666,18.329999923706055,18.350000381469727,18.222585678100586,8161703
2026-05-22,18.40999984741211,18.700000762939453,18.1299991607666,18.559999465942383,18.43112564086914,6007526
2026-05-25,18.579999923706055,18.93000030517578,18.450000762939453,18.700000762939453,18.57015609741211,5706306
2026-05-26,18.700000762939453,18.700000762939453,17.770000457763672,18.059999465942383,17.934598922729492,9108574
2026-05-27,17.950000762939453,18.260000228881836,17.790000915527344,17.84000015258789,17.716127395629883,7651701
2026-05-28,17.799999237060547,18.670000076293945,17.760000228881836,18.530000686645508,18.401336669921875,12403345
2026-05-29,18.5,18.510000228881836,17.579999923706055,17.6299991607666,17.507583618164062,9697007
2026-06-01,17.520000457763672,17.8700008392334,17.360000610351562,17.65999984741211,17.537376403808594,5634461
2026-06-02,17.65999984741211,17.75,17.020000457763672,17.309999465942383,17.18980598449707,6829427
2026-06-03,17.309999465942383,17.600000381469727,17.18000030517578,17.399999618530273,17.2791805267334,5824500
2026-06-04,17.270000457763672,17.3700008392334,16.899999618530273,17.110000610351562,16.991195678710938,7023912
2026-06-05,17.649999618530273,17.8799991607666,17.219999313354492,17.219999313354492,17.100431442260742,10619981
2026-06-08,16.829999923706055,17.1200008392334,16.350000381469727,16.6200008392334,16.50459861755371,8225835
2026-06-09,16.65999984741211,17.0,16.56999969482422,16.75,16.633695602416992,5901180
2026-06-10,16.6299991607666,16.709999084472656,16.139999389648438,16.200000762939453,16.087514877319336,5723023
2026-06-11,16.0,16.290000915527344,15.90999984741211,16.0,15.88890266418457,4962077
2026-06-12,16.149999618530273,16.709999084472656,16.100000381469727,16.420000076293945,16.305986404418945,8104116
2026-06-15,16.43000030517578,18.059999465942383,16.43000030517578,18.059999465942383,17.934598922729492,9466277
2026-06-16,19.8700008392334,19.8700008392334,19.8700008392334,19.8700008392334,19.732032775878906,4601561
2026-06-17,21.860000610351562,21.860000610351562,20.719999313354492,21.860000610351562,21.708213806152344,79128622
2026-06-18,20.450000762939453,20.780000686645508,19.670000076293945,19.670000076293945,19.53342056274414,54044810
2026-06-22,18.81999969482422,19.3799991607666,18.399999618530273,19.1200008392334,18.987239837646484,43541315
2026-06-23,18.799999237060547,19.09000015258789,17.969999313354492,18.110000610351562,17.9842529296875,28327014
2026-06-24,17.950000762939453,17.950000762939453,17.020000457763672,17.540000915527344,17.418210983276367,22073084
2026-06-25,17.579999923706055,17.670000076293945,16.809999465942383,17.0,16.881959915161133,18077094
2026-06-26,16.959999084472656,17.469999313354492,16.75,16.799999237060547,16.683347702026367,19961259
2026-06-29,17.40999984741211,18.479999542236328,17.40999984741211,18.479999542236328,18.351682662963867,13071333
2026-06-30,18.479999542236328,19.549999237060547,17.81999969482422,19.540000915527344,19.40432357788086,43575526
2026-07-01,18.979999542236328,19.350000381469727,18.5,18.889999389648438,18.758834838867188,29521412
2026-07-02,18.5,19.049999237060547,18.479999542236328,18.84000015258789,18.709182739257812,17277423
2026-07-03,18.65999984741211,19.549999237060547,18.649999618530273,18.850000381469727,18.719114303588867,18592655
2026-07-06,18.760000228881836,18.940000534057617,17.68000030517578,17.68000030517578,17.55723762512207,18697050
2026-07-07,18.100000381469727,18.1299991607666,17.25,17.299999237060547,17.179874420166016,11437697
2026-07-08,17.479999542236328,17.5,16.799999237060547,16.90999984741211,16.792583465576172,10045007
2026-07-09,16.889999389648438,16.950000762939453,16.15999984741211,16.950000762939453,16.832307815551758,12087528
2026-07-10,16.799999237060547,17.459999084472656,16.639999389648438,17.010000228881836,16.891889572143555,12234825
2026-07-13,17.0,17.0,16.170000076293945,16.18000030517578,16.06765365600586,9626028
2026-07-14,16.190000534057617,16.25,15.510000228881836,16.1299991607666,16.01799964904785,9081478
2026-07-15,16.100000381469727,16.329999923706055,15.850000381469727,16.139999389648438,16.139999389648438,5958747
2026-07-16,16.0,16.190000534057617,15.720000267028809,16.049999237060547,16.049999237060547,5377340
2026-07-17,16.1299991607666,16.59000015258789,16.0,16.31999969482422,16.31999969482422,12398442
2026-07-20,16.260000228881836,17.100000381469727,16.1200008392334,17.020000457763672,17.020000457763672,13615407
2026-07-21,16.899999618530273,16.93000030517578,16.399999618530273,16.809999465942383,16.809999465942383,10834460
2026-07-22,16.860000610351562,16.8799991607666,16.18000030517578,16.209999084472656,16.209999084472656,8604412
2026-07-23,16.079999923706055,16.489999771118164,15.899999618530273,16.420000076293945,16.420000076293945,7343167
2026-07-24,16.25,16.959999084472656,16.110000610351562,16.6299991607666,16.6299991607666,11776923
2026-07-27,16.299999237060547,17.270000457763672,16.139999389648438,17.15999984741211,17.15999984741211,12556023
2026-07-28,16.850000381469727,17.75,16.760000228881836,17.0,17.0,14485772
2026-07-29,16.950000762939453,17.5,16.760000228881836,17.260000228881836,17.260000228881836,12001837
2026-07-30,17.15999984741211,17.389999389648438,16.8700008392334,17.06999969482422,17.06999969482422,9782892
2026-07-31,17.09000015258789,17.350000381469727,17.09000015258789,17.190000534057617,17.190000534057617,7951771
2026-08-03,17.399999618530273,18.90999984741211,17.239999771118164,18.399999618530273,18.399999618530273,28337940
2026-08-04,18.020000457763672,18.299999237060547,17.770000457763672,18.25,18.25,20857099
2026-08-05,18.34000015258789,18.959999084472656,18.010000228881836,18.700000762939453,18.700000762939453,23461092
2026-08-06,18.360000610351562,18.420000076293945,17.899999618530273,17.969999313354492,17.969999313354492,17258446
2026-08-07,17.979999542236328,18.079999923706055,17.510000228881836,17.75,17.75,11002964
2026-08-10,17.709999084472656,17.969999313354492,17.6200008392334,17.90999984741211,17.90999984741211,7650143
2026-08-11,17.829999923706055,17.84000015258789,17.56999969482422,17.610000610351562,17.610000610351562,7017601
2026-08-12,17.579999923706055,17.799999237060547,17.549999237060547,17.719999313354492,17.719999313354492,5949411
2026-08-13,17.729999542236328,17.93000030517578,17.600000381469727,17.6200008392334,17.6200008392334,7951802
2026-08-14,17.600000381469727,17.690000534057617,17.5,17.639999389648438,17.639999389648438,5039346
