Date,Open,High,Low,Close,Adj Close,Volume
2021-08-16,3.130000114440918,3.1600000858306885,3.109999895095825,3.130000114440918,3.08605694770813,7823766
2021-08-17,3.130000114440918,3.130000114440918,3.049999952316284,3.069999933242798,3.026899099349976,10165298
2021-08-18,3.059999942779541,3.0999999046325684,3.049999952316284,3.0999999046325684,3.0564780235290527,6925609
2021-08-19,3.109999895095825,3.150000095367432,3.0999999046325684,3.109999895095825,3.0663375854492188,9018585
2021-08-20,3.0999999046325684,3.109999895095825,3.039999961853028,3.059999942779541,3.0170395374298096,6811469
2021-08-23,3.059999942779541,3.0999999046325684,3.059999942779541,3.0799999237060547,3.0367586612701416,7164866
2021-08-24,3.0799999237060547,3.0899999141693115,3.039999961853028,3.059999942779541,3.0170395374298096,8819900
2021-08-25,3.059999942779541,3.0999999046325684,3.039999961853028,3.0799999237060547,3.0367586612701416,8272714
2021-08-26,3.069999933242798,3.0799999237060547,3.039999961853028,3.049999952316284,3.007179975509644,6360412
2021-08-27,3.049999952316284,3.049999952316284,2.990000009536743,2.990000009536743,2.9480223655700684,12142300
2021-08-30,2.970000028610229,3.009999990463257,2.950000047683716,2.9800000190734863,2.9381628036499023,11758200
2021-08-31,2.970000028610229,3.0299999713897705,2.950000047683716,3.0,2.9578819274902344,9049112
2021-09-01,3.0199999809265137,3.299999952316284,3.0,3.190000057220459,3.145214557647705,36459143
2021-09-02,3.150000095367432,3.180000066757202,3.069999933242798,3.140000104904175,3.095916509628296,23853183
2021-09-03,3.0899999141693115,3.3399999141693115,3.0899999141693115,3.200000047683716,3.155074119567871,42120220
2021-09-06,3.25,3.4200000762939453,3.2300000190734863,3.319999933242798,3.273389339447021,53627606
2021-09-07,3.2699999809265137,3.3299999237060547,3.2300000190734863,3.309999942779541,3.2635297775268555,36020599
2021-09-08,3.2799999713897705,3.9600000381469727,3.2799999713897705,3.690000057220459,3.6381947994232178,108312795
2021-09-09,3.509999990463257,3.559999942779541,3.359999895095825,3.369999885559082,3.3226873874664307,77856035
2021-09-10,3.369999885559082,3.430000066757202,3.2799999713897705,3.2799999713897705,3.2339508533477783,39621692
2021-09-13,3.319999933242798,3.470000028610229,3.259999990463257,3.4100000858306885,3.362125873565674,48911183
2021-09-14,3.4100000858306885,3.4600000381469727,3.259999990463257,3.2799999713897705,3.2339508533477783,30896284
2021-09-15,3.289999961853028,3.3399999141693115,3.2699999809265137,3.299999952316284,3.2536699771881104,16268524
2021-09-16,3.299999952316284,3.359999895095825,3.2300000190734863,3.2300000190734863,3.184652805328369,21137060
2021-09-17,3.2300000190734863,3.25,3.140000104904175,3.180000066757202,3.135354995727539,17996131
2021-09-22,3.140000104904175,3.200000047683716,3.119999885559082,3.180000066757202,3.135354995727539,9471904
2021-09-23,3.2100000381469727,3.259999990463257,3.200000047683716,3.240000009536743,3.1945126056671143,12826892
2021-09-24,3.240000009536743,3.2699999809265137,3.1600000858306885,3.180000066757202,3.135354995727539,12652192
2021-09-27,3.1600000858306885,3.1600000858306885,3.039999961853028,3.069999933242798,3.026899099349976,18394405
2021-09-28,3.069999933242798,3.0899999141693115,3.049999952316284,3.0799999237060547,3.0367586612701416,7171084
2021-09-29,3.069999933242798,3.069999933242798,3.0199999809265137,3.0199999809265137,2.9776010513305664,9622200
2021-09-30,3.0199999809265137,3.0799999237060547,3.0199999809265137,3.0799999237060547,3.0367586612701416,6070392
2021-10-08,3.180000066757202,3.200000047683716,3.130000114440918,3.150000095367432,3.105776071548462,10561798
2021-10-11,3.130000114440918,3.1700000762939453,3.0999999046325684,3.140000104904175,3.095916509628296,8526600
2021-10-12,3.119999885559082,3.150000095367432,3.059999942779541,3.119999885559082,3.0761971473693848,10022721
2021-10-13,3.119999885559082,3.140000104904175,3.069999933242798,3.109999895095825,3.0663375854492188,8664900
2021-10-14,3.109999895095825,3.109999895095825,3.069999933242798,3.0799999237060547,3.0367586612701416,7650505
2021-10-15,3.0899999141693115,3.119999885559082,3.039999961853028,3.049999952316284,3.007179975509644,8443600
2021-10-18,3.059999942779541,3.0899999141693115,3.0299999713897705,3.0799999237060547,3.0367586612701416,5522800
2021-10-19,3.0799999237060547,3.0999999046325684,3.059999942779541,3.0799999237060547,3.0367586612701416,5772000
2021-10-20,3.0799999237060547,3.0799999237060547,3.0299999713897705,3.039999961853028,2.997320413589477,8325280
2021-10-21,3.049999952316284,3.049999952316284,3.0199999809265137,3.0199999809265137,2.9776010513305664,7226040
2021-10-22,3.0199999809265137,3.119999885559082,3.009999990463257,3.0999999046325684,3.0564780235290527,17209966
2021-10-25,3.0799999237060547,3.0899999141693115,3.039999961853028,3.069999933242798,3.026899099349976,8681180
2021-10-26,3.059999942779541,3.069999933242798,3.0299999713897705,3.049999952316284,3.007179975509644,6333100
2021-10-27,3.0199999809265137,3.0299999713897705,2.990000009536743,3.0,2.9578819274902344,8235800
2021-10-28,2.9600000381469727,3.0199999809265137,2.950000047683716,2.990000009536743,2.9480223655700684,8532641
2021-10-29,3.0,3.0999999046325684,2.970000028610229,3.0799999237060547,3.0367586612701416,11674100
2021-11-01,3.0999999046325684,3.150000095367432,3.059999942779541,3.0999999046325684,3.0564780235290527,12637974
2021-11-02,3.0999999046325684,3.119999885559082,3.0199999809265137,3.049999952316284,3.007179975509644,12417600
2021-11-03,3.049999952316284,3.150000095367432,3.049999952316284,3.130000114440918,3.08605694770813,19193452
2021-11-04,3.109999895095825,3.25,3.0799999237060547,3.220000028610229,3.174793243408203,29556185
2021-11-05,3.2300000190734863,3.4800000190734863,3.200000047683716,3.309999942779541,3.2635297775268555,69356905
2021-11-08,3.4600000381469727,3.5199999809265137,3.319999933242798,3.380000114440918,3.332547187805176,64109242
2021-11-09,3.359999895095825,3.650000095367432,3.359999895095825,3.380000114440918,3.332547187805176,74944694
2021-11-10,3.400000095367432,3.5,3.400000095367432,3.4600000381469727,3.411423921585083,57319026
2021-11-11,3.400000095367432,3.5899999141693115,3.390000104904175,3.5299999713897705,3.480441093444824,60800680
2021-11-12,3.509999990463257,3.690000057220459,3.470000028610229,3.5999999046325684,3.549458265304565,60011407
2021-11-15,3.569999933242798,3.640000104904175,3.490000009536743,3.609999895095825,3.5593178272247314,41301600
2021-11-16,3.5799999237060547,3.75,3.569999933242798,3.619999885559082,3.569177389144897,43507951
2021-11-17,3.5899999141693115,3.799999952316284,3.549999952316284,3.7100000381469727,3.65791392326355,50336566
2021-11-18,3.680000066757202,3.7100000381469727,3.549999952316284,3.5899999141693115,3.5395987033843994,40021221
2021-11-19,3.5799999237060547,3.660000085830689,3.5299999713897705,3.569999933242798,3.5198793411254883,28346800
2021-11-22,3.5999999046325684,3.5999999046325684,3.4800000190734863,3.539999961853028,3.4903006553649902,26796000
2021-11-23,3.549999952316284,3.549999952316284,3.450000047683716,3.5,3.450862169265747,24489105
2021-11-24,3.549999952316284,3.5799999237060547,3.4600000381469727,3.539999961853028,3.4903006553649902,20186166
2021-11-25,3.5299999713897705,3.559999942779541,3.400000095367432,3.4200000762939453,3.37198543548584,24163000
2021-11-26,3.4200000762939453,3.4200000762939453,3.3299999237060547,3.3399999141693115,3.293108463287353,20312456
2021-11-29,3.3499999046325684,3.359999895095825,3.2300000190734863,3.25,3.2043721675872803,21417600
2021-11-30,3.2799999713897705,3.309999942779541,3.259999990463257,3.2799999713897705,3.2339508533477783,21346966
2021-12-01,3.289999961853028,3.3299999237060547,3.2300000190734863,3.319999933242798,3.273389339447021,25674100
2021-12-02,3.319999933242798,3.319999933242798,3.2100000381469727,3.2100000381469727,3.164933681488037,27764300
2021-12-03,3.220000028610229,3.240000009536743,3.1700000762939453,3.1700000762939453,3.125495433807373,19199486
2021-12-06,3.1600000858306885,3.190000057220459,3.119999885559082,3.119999885559082,3.0761971473693848,24038300
2021-12-07,3.150000095367432,3.150000095367432,3.0799999237060547,3.0999999046325684,3.0564780235290527,23947900
2021-12-08,3.119999885559082,3.1600000858306885,3.0799999237060547,3.130000114440918,3.08605694770813,25108500
2021-12-09,3.130000114440918,3.1600000858306885,3.109999895095825,3.130000114440918,3.08605694770813,26847362
2021-12-10,3.119999885559082,3.2699999809265137,3.0999999046325684,3.2100000381469727,3.164933681488037,57359900
2021-12-13,3.25,3.400000095367432,3.2100000381469727,3.369999885559082,3.3226873874664307,65454000
2021-12-14,3.359999895095825,3.630000114440918,3.3299999237060547,3.539999961853028,3.4903006553649902,89733787
2021-12-15,3.5299999713897705,3.539999961853028,3.400000095367432,3.450000047683716,3.401564359664917,71460733
2021-12-16,3.470000028610229,3.5199999809265137,3.4200000762939453,3.450000047683716,3.401564359664917,55967233
2021-12-17,3.440000057220459,3.569999933242798,3.430000066757202,3.490000009536743,3.441002607345581,51595954
2021-12-20,3.5,3.630000114440918,3.440000057220459,3.450000047683716,3.401564359664917,40029545
2021-12-21,3.440000057220459,3.7200000286102295,3.440000057220459,3.650000095367432,3.5987565517425537,72181460
2021-12-22,3.640000104904175,3.799999952316284,3.5799999237060547,3.680000066757202,3.628335237503052,71583500
2021-12-23,3.640000104904175,3.660000085830689,3.5199999809265137,3.5199999809265137,3.470581531524658,50958575
2021-12-24,3.559999942779541,3.5799999237060547,3.400000095367432,3.440000057220459,3.391704797744751,37958731
2021-12-27,3.440000057220459,3.4800000190734863,3.3399999141693115,3.369999885559082,3.3226873874664307,29858100
2021-12-28,3.400000095367432,3.4600000381469727,3.3299999237060547,3.390000104904175,3.342406749725342,28143775
2021-12-29,3.390000104904175,3.4200000762939453,3.299999952316284,3.359999895095825,3.312827587127685,26509420
2021-12-30,3.369999885559082,3.930000066757202,3.3499999046325684,3.640000104904175,3.5888967514038086,107094035
2021-12-31,3.619999885559082,3.690000057220459,3.559999942779541,3.630000114440918,3.5790371894836426,63597330
2022-01-04,3.680000066757202,3.819999933242798,3.630000114440918,3.7300000190734863,3.677633285522461,60271786
2022-01-05,3.880000114440918,4.480000019073486,3.819999933242798,4.480000019073486,4.41710376739502,70576122
2022-01-06,4.840000152587891,4.949999809265137,4.269999980926514,4.340000152587891,4.279069423675537,233600476
2022-01-07,4.409999847412109,5.039999961853027,4.190000057220459,4.75,4.683312892913818,246021513
2022-01-10,4.53000020980835,4.690000057220459,4.329999923706055,4.449999809265137,4.3875250816345215,155264281
2022-01-11,4.409999847412109,4.449999809265137,4.099999904632568,4.170000076293945,4.111455917358398,132656422
2022-01-12,4.110000133514404,4.269999980926514,4.039999961853027,4.239999771118164,4.1804728507995605,102551655
2022-01-13,4.179999828338623,4.480000019073486,4.179999828338623,4.25,4.190332889556885,116401808
2022-01-14,4.059999942779541,4.289999961853027,4.010000228881836,4.150000095367432,4.091736316680908,95095526
2022-01-17,4.130000114440918,4.369999885559082,4.079999923706055,4.300000190734863,4.239631175994873,92829054
2022-01-18,4.380000114440918,4.380000114440918,4.0,4.050000190734863,3.993140459060669,104172046
2022-01-19,4.150000095367432,4.860000133514404,4.150000095367432,4.860000133514404,4.791769027709961,190714487
2022-01-20,4.760000228881836,4.760000228881836,4.440000057220459,4.510000228881836,4.446682453155518,192120217
2022-01-21,4.380000114440918,4.480000019073486,4.199999809265137,4.199999809265137,4.1410346031188965,106601679
2022-01-24,4.170000076293945,4.25,4.050000190734863,4.099999904632568,4.042438507080078,70956840
2022-01-25,3.7799999713897705,3.7799999713897705,3.4600000381469727,3.490000009536743,3.441002607345581,109247622
2022-01-26,3.5299999713897705,3.670000076293945,3.4800000190734863,3.569999933242798,3.5198793411254883,77197270
2022-01-27,3.569999933242798,3.630000114440918,3.450000047683716,3.4800000190734863,3.431143045425415,57124482
2022-01-28,3.539999961853028,3.660000085830689,3.440000057220459,3.5799999237060547,3.5297391414642334,47757795
2022-02-07,3.640000104904175,3.640000104904175,3.470000028610229,3.509999990463257,3.460721969604492,35622140
2022-02-08,3.509999990463257,3.619999885559082,3.4600000381469727,3.609999895095825,3.5593178272247314,48851950
2022-02-09,3.5999999046325684,3.759999990463257,3.569999933242798,3.670000076293945,3.6184756755828857,58119360
2022-02-10,3.660000085830689,3.740000009536743,3.619999885559082,3.7200000286102295,3.667773723602295,51463704
2022-02-11,3.700000047683716,3.7300000190734863,3.549999952316284,3.569999933242798,3.5198793411254883,55635300
2022-02-14,3.509999990463257,3.660000085830689,3.5,3.5999999046325684,3.549458265304565,40079080
2022-02-15,3.700000047683716,4.150000095367432,3.700000047683716,3.7300000190734863,3.677633285522461,101554325
2022-02-16,3.7300000190734863,3.7699999809265137,3.619999885559082,3.680000066757202,3.628335237503052,63200280
2022-02-17,3.619999885559082,3.75,3.549999952316284,3.559999942779541,3.5100197792053223,55993502
2022-02-18,3.539999961853028,3.5899999141693115,3.509999990463257,3.569999933242798,3.5198793411254883,34260000
2022-02-21,3.5299999713897705,3.7200000286102295,3.5199999809265137,3.690000057220459,3.6381947994232178,50077270
2022-02-22,3.650000095367432,3.660000085830689,3.5199999809265137,3.549999952316284,3.500160217285156,43256000
2022-02-23,3.5799999237060547,3.5999999046325684,3.5299999713897705,3.5799999237060547,3.5297391414642334,34991000
2022-02-24,3.539999961853028,3.539999961853028,3.2799999713897705,3.3499999046325684,3.3029680252075195,67653000
2022-02-25,3.380000114440918,3.4200000762939453,3.309999942779541,3.319999933242798,3.273389339447021,34143060
2022-02-28,3.309999942779541,3.3299999237060547,3.200000047683716,3.2799999713897705,3.2339508533477783,30367520
2022-03-01,3.299999952316284,3.3299999237060547,3.2699999809265137,3.319999933242798,3.273389339447021,22312000
2022-03-02,3.2799999713897705,3.359999895095825,3.2699999809265137,3.3399999141693115,3.293108463287353,24052700
2022-03-03,3.3499999046325684,3.369999885559082,3.289999961853028,3.319999933242798,3.273389339447021,25393500
2022-03-04,3.309999942779541,3.4200000762939453,3.2799999713897705,3.3499999046325684,3.3029680252075195,39588320
2022-03-07,3.3299999237060547,3.490000009536743,3.2300000190734863,3.430000066757202,3.381844997406006,64607990
2022-03-08,3.400000095367432,3.4100000858306885,3.240000009536743,3.25,3.2043721675872803,42389480
2022-03-09,3.309999942779541,3.319999933242798,3.0199999809265137,3.150000095367432,3.105776071548462,39211800
2022-03-10,3.2100000381469727,3.25,3.150000095367432,3.1700000762939453,3.125495433807373,24672494
2022-03-11,3.0999999046325684,3.220000028610229,3.069999933242798,3.200000047683716,3.155074119567871,26647194
2022-03-14,3.180000066757202,3.220000028610229,3.0899999141693115,3.0999999046325684,3.0564780235290527,25148710
2022-03-15,3.059999942779541,3.0999999046325684,2.940000057220459,2.9600000381469727,2.918443441390991,30980636
2022-03-16,3.009999990463257,3.0799999237060547,2.940000057220459,3.069999933242798,3.026899099349976,29594839
2022-03-17,3.0899999141693115,3.2100000381469727,3.0899999141693115,3.140000104904175,3.095916509628296,32865446
2022-03-18,3.130000114440918,3.200000047683716,3.109999895095825,3.190000057220459,3.145214557647705,21787800
2022-03-21,3.190000057220459,3.220000028610229,3.150000095367432,3.190000057220459,3.145214557647705,19699600
2022-03-22,3.180000066757202,3.240000009536743,3.150000095367432,3.220000028610229,3.174793243408203,22022321
2022-03-23,3.2100000381469727,3.380000114440918,3.190000057220459,3.309999942779541,3.2635297775268555,42669170
2022-03-24,3.25,3.259999990463257,3.1600000858306885,3.200000047683716,3.155074119567871,32769240
2022-03-25,3.180000066757202,3.319999933242798,3.180000066757202,3.240000009536743,3.1945126056671143,30997800
2022-03-28,3.240000009536743,3.3499999046325684,3.220000028610229,3.2699999809265137,3.2240912914276123,30921447
2022-03-29,3.2799999713897705,3.3299999237060547,3.220000028610229,3.240000009536743,3.1945126056671143,24443900
2022-03-30,3.25,3.2699999809265137,3.190000057220459,3.240000009536743,3.1945126056671143,25447660
2022-03-31,3.220000028610229,3.289999961853028,3.2100000381469727,3.220000028610229,3.174793243408203,20045360
2022-04-01,3.2100000381469727,3.4200000762939453,3.1700000762939453,3.380000114440918,3.332547187805176,60299021
2022-04-06,3.390000104904175,3.5,3.390000104904175,3.400000095367432,3.352266311645508,56937900
2022-04-07,3.4200000762939453,3.440000057220459,3.2699999809265137,3.2799999713897705,3.2339508533477783,35534600
2022-04-08,3.259999990463257,3.299999952316284,3.1700000762939453,3.180000066757202,3.135354995727539,28913200
2022-04-11,3.200000047683716,3.200000047683716,3.069999933242798,3.0899999141693115,3.046618223190308,22640600
2022-04-12,3.299999952316284,3.400000095367432,3.1600000858306885,3.2100000381469727,3.164933681488037,71598733
2022-04-13,3.1600000858306885,3.180000066757202,3.059999942779541,3.059999942779541,3.0170395374298096,48944183
2022-04-14,3.0999999046325684,3.130000114440918,3.059999942779541,3.059999942779541,3.0170395374298096,29947900
2022-04-15,3.039999961853028,3.049999952316284,2.950000047683716,2.950000047683716,2.908583879470825,31996700
2022-04-18,2.9600000381469727,2.9600000381469727,2.859999895095825,2.940000057220459,2.898724317550659,19666999
2022-04-19,2.930000066757202,2.9600000381469727,2.890000104904175,2.950000047683716,2.908583879470825,21399601
2022-04-20,2.950000047683716,2.990000009536743,2.890000104904175,2.9100000858306885,2.869145631790161,17970400
2022-04-21,2.880000114440918,2.900000095367432,2.759999990463257,2.7699999809265137,2.7311110496521,26385440
2022-04-22,2.75,2.789999961853028,2.680000066757202,2.7100000381469727,2.6719534397125244,22947240
2022-04-25,2.650000095367432,2.650000095367432,2.440000057220459,2.440000057220459,2.4057440757751465,32331438
2022-04-26,2.450000047683716,2.509999990463257,2.369999885559082,2.380000114440918,2.3465864658355717,21068088
2022-04-27,2.309999942779541,2.470000028610229,2.289999961853028,2.4600000381469727,2.4254631996154785,21694192
2022-04-28,2.4200000762939453,2.509999990463257,2.4200000762939453,2.470000028610229,2.4353227615356445,21227600
2022-04-29,2.490000009536743,2.6600000858306885,2.490000009536743,2.650000095367432,2.612795829772949,28728000
2022-05-05,2.5999999046325684,2.700000047683716,2.5799999237060547,2.6600000858306885,2.6226553916931152,19323041
2022-05-06,2.5799999237060547,2.680000066757202,2.569999933242798,2.630000114440918,2.593076705932617,13823900
2022-05-09,2.650000095367432,2.759999990463257,2.640000104904175,2.720000028610229,2.6818130016326904,18353500
2022-05-10,2.680000066757202,2.7300000190734863,2.6700000762939453,2.7100000381469727,2.6719534397125244,14637816
2022-05-11,2.7300000190734863,2.7699999809265137,2.650000095367432,2.650000095367432,2.612795829772949,19138700
2022-05-12,2.650000095367432,2.740000009536743,2.650000095367432,2.7100000381469727,2.6719534397125244,17948200
2022-05-13,2.75,2.75,2.690000057220459,2.7300000190734863,2.6916725635528564,10274200
2022-05-16,2.75,2.890000104904175,2.7100000381469727,2.799999952316284,2.7606897354125977,27887300
2022-05-17,2.740000009536743,2.819999933242798,2.690000057220459,2.759999990463257,2.7212514877319336,21547000
2022-05-18,2.740000009536743,2.8499999046325684,2.740000009536743,2.819999933242798,2.7804088592529297,22326600
2022-05-19,2.7699999809265137,2.869999885559082,2.7300000190734863,2.859999895095825,2.819847345352173,22730575
2022-05-20,2.869999885559082,2.9200000762939453,2.8299999237060547,2.880000114440918,2.839566707611084,16816900
2022-05-23,2.9100000858306885,2.9800000190734863,2.900000095367432,2.940000057220459,2.898724317550659,18026022
2022-05-24,2.930000066757202,2.940000057220459,2.7699999809265137,2.7799999713897705,2.7409706115722656,21560663
2022-05-25,2.7799999713897705,2.890000104904175,2.7699999809265137,2.859999895095825,2.819847345352173,14418900
2022-05-26,2.890000104904175,2.940000057220459,2.819999933242798,2.9200000762939453,2.879005193710327,19308262
2022-05-27,2.9100000858306885,2.930000066757202,2.8399999141693115,2.869999885559082,2.829706907272339,17721940
2022-05-30,2.890000104904175,2.890000104904175,2.8299999237060547,2.8399999141693115,2.800128221511841,11050720
2022-05-31,2.8499999046325684,2.880000114440918,2.799999952316284,2.859999895095825,2.819847345352173,13685000
2022-06-01,2.8499999046325684,2.930000066757202,2.8299999237060547,2.8499999046325684,2.809987783432007,15183300
2022-06-02,2.8399999141693115,2.869999885559082,2.799999952316284,2.8299999237060547,2.790268659591675,13111400
2022-06-06,2.809999942779541,2.880000114440918,2.789999961853028,2.859999895095825,2.819847345352173,15591000
2022-06-07,2.880000114440918,2.890000104904175,2.789999961853028,2.809999942779541,2.770549297332764,14416193
2022-06-08,2.8399999141693115,2.900000095367432,2.740000009536743,2.8299999237060547,2.790268659591675,21226507
2022-06-09,2.799999952316284,2.809999942779541,2.75,2.75,2.7113916873931885,14929807
2022-06-10,2.7300000190734863,2.809999942779541,2.720000028610229,2.7799999713897705,2.7409706115722656,11523100
2022-06-13,2.759999990463257,2.8499999046325684,2.759999990463257,2.809999942779541,2.770549297332764,14272266
2022-06-14,2.809999942779541,2.819999933242798,2.740000009536743,2.809999942779541,2.770549297332764,13004413
2022-06-15,2.819999933242798,2.880000114440918,2.809999942779541,2.8499999046325684,2.809987783432007,16004000
2022-06-16,2.859999895095825,3.009999990463257,2.8499999046325684,2.990000009536743,2.9480223655700684,36038062
2022-06-17,2.950000047683716,3.0,2.869999885559082,2.9100000858306885,2.869145631790161,30132380
2022-06-20,2.9100000858306885,2.9200000762939453,2.869999885559082,2.900000095367432,2.859286069869995,18086776
2022-06-21,2.9100000858306885,3.009999990463257,2.880000114440918,2.9600000381469727,2.918443441390991,31506540
2022-06-22,2.950000047683716,2.970000028610229,2.890000104904175,2.900000095367432,2.859286069869995,18252600
2022-06-23,2.890000104904175,2.9200000762939453,2.859999895095825,2.9200000762939453,2.879005193710327,13014000
2022-06-24,2.930000066757202,2.930000066757202,2.880000114440918,2.9100000858306885,2.869145631790161,14064900
2022-06-27,2.9100000858306885,3.009999990463257,2.900000095367432,2.990000009536743,2.9480223655700684,28810521
2022-06-28,2.990000009536743,3.069999933242798,2.950000047683716,3.049999952316284,3.007179975509644,22666927
2022-06-29,3.0299999713897705,3.0799999237060547,2.9600000381469727,2.9600000381469727,2.918443441390991,17149300
2022-06-30,2.9800000190734863,3.049999952316284,2.950000047683716,3.0,2.9578819274902344,19327269
2022-07-01,2.9800000190734863,3.0299999713897705,2.950000047683716,3.0,2.9578819274902344,17031800
2022-07-04,3.009999990463257,3.0199999809265137,2.940000057220459,2.950000047683716,2.908583879470825,11795000
2022-07-05,2.940000057220459,2.9800000190734863,2.869999885559082,2.9100000858306885,2.869145631790161,16333182
2022-07-06,2.890000104904175,2.930000066757202,2.8499999046325684,2.880000114440918,2.839566707611084,11502800
2022-07-07,2.880000114440918,2.940000057220459,2.869999885559082,2.9100000858306885,2.869145631790161,13423800
2022-07-08,2.9200000762939453,3.109999895095825,2.900000095367432,3.039999961853028,2.997320413589477,47116382
2022-07-11,3.0199999809265137,3.049999952316284,2.940000057220459,2.9800000190734863,2.9381628036499023,24462500
2022-07-12,2.9600000381469727,2.970000028610229,2.869999885559082,2.869999885559082,2.829706907272339,20595800
2022-07-13,2.930000066757202,3.440000057220459,2.930000066757202,3.190000057220459,3.145214557647705,134048386
2022-07-14,3.140000104904175,3.289999961853028,3.0799999237060547,3.190000057220459,3.145214557647705,96084825
2022-07-15,3.150000095367432,3.180000066757202,3.039999961853028,3.039999961853028,2.997320413589477,47903348
2022-07-18,3.049999952316284,3.130000114440918,3.0199999809265137,3.109999895095825,3.0663375854492188,44121188
2022-07-19,3.0999999046325684,3.1700000762939453,3.069999933242798,3.150000095367432,3.105776071548462,40650027
2022-07-20,3.1700000762939453,3.180000066757202,3.119999885559082,3.130000114440918,3.08605694770813,30557904
2022-07-21,3.130000114440918,3.299999952316284,3.119999885559082,3.190000057220459,3.145214557647705,57736577
2022-07-22,3.140000104904175,3.190000057220459,3.0899999141693115,3.109999895095825,3.0663375854492188,31910000
2022-07-25,3.0899999141693115,3.1700000762939453,3.059999942779541,3.0899999141693115,3.046618223190308,21552566
2022-07-26,3.0899999141693115,3.130000114440918,3.069999933242798,3.119999885559082,3.0761971473693848,16181912
2022-07-27,3.109999895095825,3.150000095367432,3.069999933242798,3.0799999237060547,3.0367586612701416,17602700
2022-07-28,3.109999895095825,3.1700000762939453,3.0899999141693115,3.130000114440918,3.08605694770813,25503999
2022-07-29,3.119999885559082,3.140000104904175,3.049999952316284,3.0799999237060547,3.0367586612701416,22375210
2022-08-01,3.069999933242798,3.0799999237060547,3.009999990463257,3.0299999713897705,2.9874608516693115,17881200
2022-08-02,3.0299999713897705,3.0299999713897705,2.8399999141693115,2.880000114440918,2.839566707611084,28561800
2022-08-03,2.880000114440918,2.950000047683716,2.819999933242798,2.8299999237060547,2.790268659591675,19966200
2022-08-04,2.8499999046325684,2.9100000858306885,2.8299999237060547,2.9100000858306885,2.869145631790161,14339401
2022-08-05,2.930000066757202,2.950000047683716,2.890000104904175,2.950000047683716,2.908583879470825,14291519
2022-08-08,2.930000066757202,2.990000009536743,2.9200000762939453,2.970000028610229,2.9283032417297363,14709900
2022-08-09,2.950000047683716,2.9800000190734863,2.930000066757202,2.940000057220459,2.898724317550659,10480781
2022-08-10,2.940000057220459,2.950000047683716,2.880000114440918,2.9100000858306885,2.869145631790161,13405400
2022-08-11,2.9200000762939453,3.009999990463257,2.9200000762939453,2.9800000190734863,2.9381628036499023,15341981
2022-08-12,3.009999990463257,3.039999961853028,2.9600000381469727,3.0299999713897705,2.9874608516693115,19194600
2022-08-15,3.0199999809265137,3.059999942779541,2.990000009536743,3.049999952316284,3.007179975509644,14614060
2022-08-16,3.049999952316284,3.0899999141693115,3.0299999713897705,3.049999952316284,3.007179975509644,14893700
2022-08-17,3.119999885559082,3.1700000762939453,3.049999952316284,3.109999895095825,3.0663375854492188,28425280
2022-08-18,3.0899999141693115,3.140000104904175,3.039999961853028,3.069999933242798,3.026899099349976,18451260
2022-08-19,3.0799999237060547,3.1700000762939453,3.059999942779541,3.0899999141693115,3.046618223190308,25284180
2022-08-22,3.069999933242798,3.180000066757202,3.059999942779541,3.150000095367432,3.105776071548462,28917114
2022-08-23,3.130000114440918,3.180000066757202,3.109999895095825,3.150000095367432,3.105776071548462,25087340
2022-08-24,3.1600000858306885,3.180000066757202,3.0799999237060547,3.0899999141693115,3.046618223190308,21554300
2022-08-25,3.119999885559082,3.119999885559082,3.0,3.069999933242798,3.026899099349976,15054420
2022-08-26,3.0899999141693115,3.109999895095825,3.0299999713897705,3.039999961853028,2.997320413589477,11582400
2022-08-29,3.039999961853028,3.1700000762939453,2.990000009536743,3.1600000858306885,3.115635633468628,28226300
2022-08-30,3.1600000858306885,3.259999990463257,3.140000104904175,3.2300000190734863,3.184652805328369,35757002
2022-08-31,3.200000047683716,3.289999961853028,3.150000095367432,3.1600000858306885,3.115635633468628,31093182
2022-09-01,3.1600000858306885,3.2100000381469727,3.109999895095825,3.119999885559082,3.0761971473693848,22893200
2022-09-02,3.119999885559082,3.2300000190734863,3.109999895095825,3.2100000381469727,3.164933681488037,29195100
2022-09-05,3.190000057220459,3.2300000190734863,3.119999885559082,3.140000104904175,3.095916509628296,19076718
2022-09-06,3.180000066757202,3.190000057220459,3.109999895095825,3.150000095367432,3.105776071548462,17625007
2022-09-07,3.1600000858306885,3.1700000762939453,3.049999952316284,3.069999933242798,3.026899099349976,24799600
2022-09-08,3.0899999141693115,3.119999885559082,3.0,3.009999990463257,2.9677414894104004,23132400
2022-09-09,3.009999990463257,3.039999961853028,2.990000009536743,3.0199999809265137,2.9776010513305664,13698200
2022-09-13,3.0199999809265137,3.109999895095825,3.009999990463257,3.069999933242798,3.026899099349976,24016300
2022-09-14,3.039999961853028,3.2100000381469727,3.039999961853028,3.109999895095825,3.0663375854492188,36692107
2022-09-15,3.109999895095825,3.180000066757202,3.039999961853028,3.069999933242798,3.026899099349976,21212482
2022-09-16,3.069999933242798,3.130000114440918,3.009999990463257,3.0299999713897705,2.9874608516693115,19594200
2022-09-19,3.0199999809265137,3.039999961853028,2.8399999141693115,2.9200000762939453,2.879005193710327,28673366
2022-09-20,2.940000057220459,3.0199999809265137,2.940000057220459,2.9800000190734863,2.9381628036499023,19896100
2022-09-21,2.990000009536743,3.059999942779541,2.9100000858306885,3.039999961853028,2.997320413589477,18586580
2022-09-22,3.069999933242798,3.069999933242798,2.930000066757202,2.9600000381469727,2.918443441390991,23010982
2022-09-23,2.9600000381469727,2.9600000381469727,2.799999952316284,2.819999933242798,2.7804088592529297,26885400
2022-09-26,2.789999961853028,2.789999961853028,2.700000047683716,2.7100000381469727,2.6719534397125244,18321591
2022-09-27,2.7100000381469727,2.890000104904175,2.7100000381469727,2.869999885559082,2.829706907272339,20059591
2022-09-28,2.869999885559082,2.9100000858306885,2.799999952316284,2.809999942779541,2.770549297332764,17220300
2022-09-29,2.8499999046325684,2.869999885559082,2.7300000190734863,2.75,2.7113916873931885,12293784
2022-09-30,2.759999990463257,2.799999952316284,2.720000028610229,2.759999990463257,2.7212514877319336,10353356
2022-10-10,2.7699999809265137,2.7799999713897705,2.650000095367432,2.6700000762939453,2.632514953613281,12892200
2022-10-11,2.680000066757202,2.7699999809265137,2.619999885559082,2.75,2.7113916873931885,15496025
2022-10-12,2.75,2.809999942779541,2.7100000381469727,2.789999961853028,2.750830173492432,18615330
2022-10-13,2.7699999809265137,2.819999933242798,2.759999990463257,2.789999961853028,2.750830173492432,11460580
2022-10-14,2.809999942779541,2.869999885559082,2.799999952316284,2.8299999237060547,2.790268659591675,11955280
2022-10-17,2.8299999237060547,2.9600000381469727,2.809999942779541,2.9200000762939453,2.879005193710327,23728680
2022-10-18,2.930000066757202,2.970000028610229,2.9100000858306885,2.9200000762939453,2.879005193710327,15352300
2022-10-19,2.9100000858306885,2.9200000762939453,2.869999885559082,2.880000114440918,2.839566707611084,11957596
2022-10-20,2.869999885559082,2.9800000190734863,2.869999885559082,2.9100000858306885,2.869145631790161,21886523
2022-10-21,2.9100000858306885,2.9600000381469727,2.890000104904175,2.940000057220459,2.898724317550659,17152600
2022-10-24,2.9600000381469727,3.009999990463257,2.8499999046325684,2.859999895095825,2.819847345352173,22211200
2022-10-25,2.880000114440918,2.9100000858306885,2.789999961853028,2.8399999141693115,2.800128221511841,18731500
2022-10-26,2.8499999046325684,2.930000066757202,2.8299999237060547,2.890000104904175,2.84942626953125,15684100
2022-10-27,2.9100000858306885,2.970000028610229,2.9100000858306885,2.940000057220459,2.898724317550659,16084346
2022-10-28,2.9200000762939453,2.9200000762939453,2.7799999713897705,2.789999961853028,2.750830173492432,22046173
2022-10-31,2.759999990463257,2.869999885559082,2.75,2.8499999046325684,2.809987783432007,19296142
2022-11-01,2.8399999141693115,2.900000095367432,2.819999933242798,2.900000095367432,2.859286069869995,14584440
2022-11-02,2.9600000381469727,3.0199999809265137,2.9600000381469727,3.009999990463257,2.9677414894104004,38071398
2022-11-03,3.0,3.0199999809265137,2.940000057220459,2.970000028610229,2.9283032417297363,23427778
2022-11-04,2.970000028610229,3.0199999809265137,2.940000057220459,3.009999990463257,2.9677414894104004,24597610
2022-11-07,3.009999990463257,3.289999961853028,2.990000009536743,3.2799999713897705,3.2339508533477783,75382543
2022-11-08,3.259999990463257,3.319999933242798,3.200000047683716,3.289999961853028,3.2438104152679443,66230860
2022-11-09,3.289999961853028,3.450000047683716,3.259999990463257,3.369999885559082,3.3226873874664307,64325591
2022-11-10,3.3299999237060547,3.539999961853028,3.309999942779541,3.4800000190734863,3.431143045425415,80168503
2022-11-11,3.4600000381469727,3.539999961853028,3.380000114440918,3.400000095367432,3.352266311645508,73545330
2022-11-14,3.359999895095825,3.430000066757202,3.3299999237060547,3.359999895095825,3.312827587127685,48200267
2022-11-15,3.359999895095825,3.440000057220459,3.299999952316284,3.369999885559082,3.3226873874664307,41904004
2022-11-16,3.380000114440918,3.4800000190734863,3.380000114440918,3.430000066757202,3.381844997406006,40014764
2022-11-17,3.7899999618530273,3.9800000190734863,3.450000047683716,3.549999952316284,3.500160217285156,134760587
2022-11-18,3.569999933242798,3.690000057220459,3.450000047683716,3.4600000381469727,3.411423921585083,106544810
2022-11-21,3.549999952316284,3.630000114440918,3.3399999141693115,3.359999895095825,3.312827587127685,98201710
2022-11-22,3.390000104904175,3.539999961853028,3.3399999141693115,3.400000095367432,3.352266311645508,66888740
2022-11-23,3.319999933242798,3.319999933242798,3.140000104904175,3.180000066757202,3.135354995727539,67928403
2022-11-24,3.150000095367432,3.2100000381469727,3.0999999046325684,3.119999885559082,3.0761971473693848,35820160
2022-11-25,3.119999885559082,3.150000095367432,3.059999942779541,3.0799999237060547,3.0367586612701416,28576815
2022-11-28,3.039999961853028,3.0999999046325684,3.009999990463257,3.0899999141693115,3.046618223190308,28961000
2022-11-29,3.0899999141693115,3.140000104904175,3.0799999237060547,3.130000114440918,3.08605694770813,30393860
2022-11-30,3.119999885559082,3.1600000858306885,3.109999895095825,3.130000114440918,3.08605694770813,25106000
2022-12-01,3.119999885559082,3.190000057220459,3.119999885559082,3.140000104904175,3.095916509628296,23782600
2022-12-02,3.119999885559082,3.200000047683716,3.109999895095825,3.1700000762939453,3.125495433807373,22335317
2022-12-05,3.180000066757202,3.2300000190734863,3.140000104904175,3.1700000762939453,3.125495433807373,23129500
2022-12-06,3.150000095367432,3.1700000762939453,3.0999999046325684,3.119999885559082,3.0761971473693848,22128100
2022-12-07,3.0999999046325684,3.1700000762939453,3.069999933242798,3.150000095367432,3.105776071548462,22874717
2022-12-08,3.130000114440918,3.1600000858306885,3.0799999237060547,3.0999999046325684,3.0564780235290527,19169311
2022-12-09,3.0999999046325684,3.119999885559082,3.049999952316284,3.049999952316284,3.007179975509644,19116900
2022-12-12,3.0199999809265137,3.0899999141693115,3.009999990463257,3.0299999713897705,2.9874608516693115,16874160
2022-12-13,3.0199999809265137,3.0899999141693115,3.0199999809265137,3.049999952316284,3.007179975509644,19659730
2022-12-14,3.0299999713897705,3.109999895095825,3.0199999809265137,3.0799999237060547,3.0367586612701416,22489441
2022-12-15,3.069999933242798,3.0999999046325684,3.049999952316284,3.059999942779541,3.0170395374298096,16386700
2022-12-16,3.039999961853028,3.069999933242798,2.990000009536743,2.990000009536743,2.9480223655700684,19382200
2022-12-19,3.009999990463257,3.0299999713897705,2.9100000858306885,2.9200000762939453,2.879005193710327,19417000
2022-12-20,2.930000066757202,2.9600000381469727,2.880000114440918,2.900000095367432,2.859286069869995,13292800
2022-12-21,2.890000104904175,2.9200000762939453,2.869999885559082,2.900000095367432,2.859286069869995,15185840
2022-12-22,2.9100000858306885,2.950000047683716,2.869999885559082,2.880000114440918,2.839566707611084,13770800
2022-12-23,2.869999885559082,2.9600000381469727,2.8399999141693115,2.9200000762939453,2.879005193710327,16127100
2022-12-26,2.9200000762939453,2.950000047683716,2.890000104904175,2.9200000762939453,2.879005193710327,13445320
2022-12-27,2.9200000762939453,2.930000066757202,2.869999885559082,2.900000095367432,2.859286069869995,13082600
2022-12-28,2.880000114440918,2.950000047683716,2.8499999046325684,2.9100000858306885,2.869145631790161,20349400
2022-12-29,2.930000066757202,3.0299999713897705,2.900000095367432,2.900000095367432,2.859286069869995,27534100
2022-12-30,2.890000104904175,2.990000009536743,2.880000114440918,2.970000028610229,2.9283032417297363,23345401
2023-01-03,2.990000009536743,3.049999952316284,2.950000047683716,3.039999961853028,2.997320413589477,19024500
2023-01-04,3.0899999141693115,3.119999885559082,3.039999961853028,3.0899999141693115,3.046618223190308,24201600
2023-01-05,3.0899999141693115,3.119999885559082,3.039999961853028,3.0999999046325684,3.0564780235290527,24671360
2023-01-06,3.0999999046325684,3.130000114440918,3.0199999809265137,3.0299999713897705,2.9874608516693115,15833500
2023-01-09,3.049999952316284,3.059999942779541,3.0,3.009999990463257,2.9677414894104004,10611300
2023-01-10,3.0299999713897705,3.039999961853028,2.9800000190734863,3.0199999809265137,2.9776010513305664,11162100
2023-01-11,3.0,3.0199999809265137,2.950000047683716,2.9600000381469727,2.918443441390991,14102300
2023-01-12,2.9800000190734863,2.990000009536743,2.9200000762939453,2.940000057220459,2.898724317550659,9981800
2023-01-13,2.970000028610229,2.970000028610229,2.900000095367432,2.940000057220459,2.898724317550659,10439600
2023-01-16,2.940000057220459,2.9800000190734863,2.9200000762939453,2.970000028610229,2.9283032417297363,12212500
2023-01-17,2.970000028610229,2.970000028610229,2.880000114440918,2.890000104904175,2.84942626953125,15110400
2023-01-18,2.900000095367432,2.9600000381469727,2.900000095367432,2.940000057220459,2.898724317550659,12000510
2023-01-19,2.930000066757202,2.950000047683716,2.9100000858306885,2.940000057220459,2.898724317550659,9337200
2023-01-20,2.9600000381469727,3.0,2.9200000762939453,2.990000009536743,2.9480223655700684,13522500
2023-01-30,2.990000009536743,3.0299999713897705,2.970000028610229,3.0199999809265137,2.9776010513305664,23505520
2023-01-31,3.0,3.0299999713897705,2.970000028610229,3.0199999809265137,2.9776010513305664,16818500
2023-02-01,3.0299999713897705,3.119999885559082,3.009999990463257,3.119999885559082,3.0761971473693848,31758600
2023-02-02,3.109999895095825,3.180000066757202,3.0899999141693115,3.150000095367432,3.105776071548462,35122639
2023-02-03,3.119999885559082,3.190000057220459,3.119999885559082,3.180000066757202,3.135354995727539,26351120
2023-02-06,3.190000057220459,3.200000047683716,3.140000104904175,3.1600000858306885,3.115635633468628,23501600
2023-02-07,3.190000057220459,3.25,3.1600000858306885,3.25,3.2043721675872803,38354920
2023-02-08,3.2300000190734863,3.25,3.140000104904175,3.150000095367432,3.105776071548462,33436300
2023-02-09,3.1600000858306885,3.200000047683716,3.119999885559082,3.190000057220459,3.145214557647705,22307500
2023-02-10,3.180000066757202,3.2799999713897705,3.1700000762939453,3.220000028610229,3.174793243408203,29907700
2023-02-13,3.2100000381469727,3.240000009536743,3.1700000762939453,3.2300000190734863,3.184652805328369,25047920
2023-02-14,3.2300000190734863,3.240000009536743,3.150000095367432,3.1700000762939453,3.125495433807373,23638098
2023-02-15,3.200000047683716,3.240000009536743,3.180000066757202,3.2300000190734863,3.184652805328369,24925287
2023-02-16,3.2300000190734863,3.369999885559082,3.190000057220459,3.220000028610229,3.174793243408203,58808447
2023-02-17,3.2300000190734863,3.3499999046325684,3.180000066757202,3.289999961853028,3.2438104152679443,77480086
2023-02-20,3.259999990463257,3.390000104904175,3.240000009536743,3.380000114440918,3.332547187805176,95448659
2023-02-21,3.3499999046325684,3.3499999046325684,3.220000028610229,3.2699999809265137,3.2240912914276123,72602462
2023-02-22,3.2300000190734863,3.2799999713897705,3.1600000858306885,3.25,3.2043721675872803,51038305
2023-02-23,3.259999990463257,3.2699999809265137,3.150000095367432,3.180000066757202,3.135354995727539,33034000
2023-02-24,3.1600000858306885,3.220000028610229,3.140000104904175,3.1700000762939453,3.125495433807373,23581962
2023-02-27,3.150000095367432,3.190000057220459,3.0899999141693115,3.109999895095825,3.0663375854492188,28153073
2023-02-28,3.109999895095825,3.150000095367432,3.069999933242798,3.140000104904175,3.095916509628296,24586153
2023-03-01,3.130000114440918,3.259999990463257,3.119999885559082,3.259999990463257,3.2142317295074463,42476783
2023-03-02,3.289999961853028,3.3299999237060547,3.240000009536743,3.299999952316284,3.2536699771881104,51425024
2023-03-03,3.309999942779541,3.319999933242798,3.220000028610229,3.259999990463257,3.2142317295074463,35481782
2023-03-06,3.259999990463257,3.259999990463257,3.150000095367432,3.180000066757202,3.135354995727539,29926720
2023-03-07,3.1700000762939453,3.190000057220459,3.0799999237060547,3.0799999237060547,3.0367586612701416,27214820
2023-03-08,3.069999933242798,3.140000104904175,3.059999942779541,3.140000104904175,3.095916509628296,20462940
2023-03-09,3.1600000858306885,3.1700000762939453,3.0899999141693115,3.1600000858306885,3.115635633468628,22197520
2023-03-10,3.140000104904175,3.2100000381469727,3.130000114440918,3.1700000762939453,3.125495433807373,24148909
2023-03-13,3.150000095367432,3.180000066757202,3.069999933242798,3.180000066757202,3.135354995727539,24919100
2023-03-14,3.1700000762939453,3.2300000190734863,3.130000114440918,3.150000095367432,3.105776071548462,24071000
2023-03-15,3.1600000858306885,3.180000066757202,3.0999999046325684,3.119999885559082,3.0761971473693848,18675800
2023-03-16,3.0899999141693115,3.140000104904175,3.059999942779541,3.0899999141693115,3.046618223190308,25802400
2023-03-17,3.109999895095825,3.220000028610229,3.109999895095825,3.220000028610229,3.174793243408203,37467900
2023-03-20,3.2300000190734863,3.450000047683716,3.2300000190734863,3.319999933242798,3.273389339447021,70337196
2023-03-21,3.3499999046325684,3.539999961853028,3.2799999713897705,3.4600000381469727,3.411423921585083,81419818
2023-03-22,3.450000047683716,3.5199999809265137,3.369999885559082,3.470000028610229,3.421283483505249,56658575
2023-03-23,3.440000057220459,3.450000047683716,3.380000114440918,3.4100000858306885,3.362125873565674,38216721
2023-03-24,3.4100000858306885,3.5299999713897705,3.380000114440918,3.509999990463257,3.460721969604492,66341200
2023-03-27,3.5999999046325684,3.609999895095825,3.4100000858306885,3.490000009536743,3.441002607345581,76077825
2023-03-28,3.450000047683716,3.559999942779541,3.4100000858306885,3.470000028610229,3.421283483505249,42543921
2023-03-29,3.470000028610229,3.539999961853028,3.440000057220459,3.4800000190734863,3.431143045425415,35953200
2023-03-30,3.4600000381469727,3.5,3.380000114440918,3.400000095367432,3.352266311645508,35590402
2023-03-31,3.4100000858306885,3.549999952316284,3.369999885559082,3.5299999713897705,3.480441093444824,46858900
2023-04-03,3.5199999809265137,3.819999933242798,3.490000009536743,3.7899999618530273,3.736790895462036,83240774
2023-04-04,3.799999952316284,3.819999933242798,3.5799999237060547,3.609999895095825,3.5593178272247314,79600300
2023-04-06,3.569999933242798,3.619999885559082,3.450000047683716,3.5,3.450862169265747,54134199
2023-04-07,3.509999990463257,3.7200000286102295,3.4100000858306885,3.680000066757202,3.628335237503052,72650140
2023-04-10,3.660000085830689,3.700000047683716,3.4600000381469727,3.490000009536743,3.441002607345581,59075900
2023-04-11,3.509999990463257,3.700000047683716,3.430000066757202,3.650000095367432,3.5987565517425537,59179400
2023-04-12,3.670000076293945,3.859999895095825,3.640000104904175,3.809999942779541,3.756510019302368,85212254
2023-04-13,3.829999923706055,4.360000133514404,3.829999923706055,4.090000152587891,4.032578945159912,179386966
2023-04-14,4.050000190734863,4.489999771118164,3.930000066757202,4.019999980926514,3.963561773300171,151843067
2023-04-17,4.03000020980835,4.099999904632568,3.7699999809265137,3.809999942779541,3.756510019302368,99797700
2023-04-18,3.7699999809265137,3.849999904632568,3.670000076293945,3.7699999809265137,3.717071533203125,70947065
2023-04-19,3.75,3.9800000190734863,3.7200000286102295,3.829999923706055,3.7762291431427,88030445
2023-04-20,3.799999952316284,3.950000047683716,3.7200000286102295,3.910000085830689,3.8551061153411865,77976673
2023-04-21,4.239999771118164,4.599999904632568,4.050000190734863,4.099999904632568,4.042438507080078,222728240
2023-04-24,4.050000190734863,4.920000076293945,4.050000190734863,4.920000076293945,4.850926399230957,235221638
2023-04-25,4.929999828338623,4.960000038146973,4.489999771118164,4.679999828338623,4.614295482635498,278047762
2023-04-26,4.699999809265137,5.489999771118164,4.519999980926514,5.260000228881836,5.186153411865234,308743905
2023-04-27,5.0,5.139999866485596,4.75,4.869999885559082,4.801628589630127,197830611
2023-04-28,4.800000190734863,5.380000114440918,4.739999771118164,5.050000190734863,4.979101181030273,227224852
2023-05-04,5.070000171661377,5.510000228881836,4.78000020980835,5.349999904632568,5.2748894691467285,213060798
2023-05-05,5.119999885559082,5.25,4.900000095367432,4.920000076293945,4.850926399230957,138580666
2023-05-08,4.900000095367432,5.019999980926514,4.579999923706055,4.699999809265137,4.634015083312988,133368216
2023-05-09,4.599999904632568,4.630000114440918,4.260000228881836,4.340000152587891,4.279069423675537,134158424
2023-05-10,4.289999961853027,4.460000038146973,4.139999866485596,4.230000019073486,4.1706132888793945,91831103
2023-05-11,4.130000114440918,4.460000038146973,4.119999885559082,4.320000171661377,4.259350299835205,106411406
2023-05-12,4.300000190734863,4.320000171661377,4.059999942779541,4.059999942779541,4.003000259399414,81535325
2023-05-15,4.079999923706055,4.090000152587891,3.799999952316284,3.9600000381469727,3.904404163360596,80014120
2023-05-16,3.9800000190734863,4.0,3.7699999809265137,3.7799999713897705,3.72693133354187,55718700
2023-05-17,3.7899999618530273,3.920000076293945,3.759999990463257,3.819999933242798,3.766369581222534,45953481
2023-05-18,3.7899999618530273,3.940000057220459,3.7300000190734863,3.890000104904175,3.8353869915008554,62243642
2023-05-19,3.890000104904175,4.039999961853027,3.809999942779541,3.829999923706055,3.7762291431427,54756402
2023-05-22,3.819999933242798,3.829999923706055,3.680000066757202,3.740000009536743,3.687492847442627,45761602
2023-05-23,3.740000009536743,3.829999923706055,3.640000104904175,3.680000066757202,3.628335237503052,40402000
2023-05-24,3.660000085830689,3.75,3.640000104904175,3.700000047683716,3.648054361343384,37794182
2023-05-25,3.670000076293945,3.75,3.5199999809265137,3.609999895095825,3.5593178272247314,54387650
2023-05-26,3.5899999141693115,3.670000076293945,3.539999961853028,3.619999885559082,3.569177389144897,35504600
2023-05-29,3.619999885559082,3.759999990463257,3.549999952316284,3.690000057220459,3.6381947994232178,68928374
2023-05-30,3.650000095367432,3.900000095367432,3.539999961853028,3.849999904632568,3.7959485054016113,100069974
2023-05-31,3.7799999713897705,3.900000095367432,3.759999990463257,3.829999923706055,3.7762291431427,66838160
2023-06-01,3.819999933242798,4.03000020980835,3.7899999618530273,3.9700000286102295,3.9142637252807617,81091136
2023-06-02,4.0,4.03000020980835,3.930000066757202,4.010000228881836,3.953702211380005,68169860
2023-06-05,3.9800000190734863,4.110000133514404,3.910000085830689,4.079999923706055,4.022719383239746,67575400
2023-06-06,4.050000190734863,4.28000020980835,4.039999961853027,4.099999904632568,4.042438507080078,95777901
2023-06-07,4.050000190734863,4.269999980926514,3.930000066757202,4.269999980926514,4.210052013397217,108039545
2023-06-08,4.380000114440918,4.590000152587891,4.090000152587891,4.119999885559082,4.06215763092041,122750800
2023-06-09,4.130000114440918,4.349999904632568,4.019999980926514,4.28000020980835,4.219911575317383,131607912
2023-06-12,4.309999942779541,4.53000020980835,4.28000020980835,4.440000057220459,4.377665519714356,117790168
2023-06-13,4.369999885559082,4.570000171661377,4.309999942779541,4.409999847412109,4.348086357116699,85399300
2023-06-14,4.349999904632568,4.599999904632568,4.340000152587891,4.409999847412109,4.348086357116699,91248140
2023-06-15,4.369999885559082,4.460000038146973,4.269999980926514,4.309999942779541,4.249490737915039,69696000
2023-06-16,4.269999980926514,4.380000114440918,4.170000076293945,4.300000190734863,4.239631175994873,52277675
2023-06-19,4.300000190734863,4.449999809265137,4.239999771118164,4.28000020980835,4.219911575317383,61521540
2023-06-20,4.269999980926514,4.650000095367432,4.230000019073486,4.53000020980835,4.46640157699585,143711176
2023-06-21,4.449999809265137,4.480000019073486,4.139999866485596,4.170000076293945,4.111455917358398,99602136
2023-06-26,4.150000095367432,4.300000190734863,3.839999914169312,3.890000104904175,3.8353869915008554,84668451
2023-06-27,3.859999895095825,4.039999961853027,3.819999933242798,3.9600000381469727,3.904404163360596,55561376
2023-06-28,3.920000076293945,3.9700000286102295,3.700000047683716,3.829999923706055,3.7762291431427,75066180
2023-06-29,3.7899999618530273,3.890000104904175,3.75,3.819999933242798,3.766369581222534,50270100
2023-06-30,3.839999914169312,3.869999885559082,3.7100000381469727,3.7300000190734863,3.677633285522461,58532536
2023-07-03,3.7100000381469727,3.740000009536743,3.4800000190734863,3.559999942779541,3.5100197792053223,61019136
2023-07-04,3.559999942779541,3.569999933242798,3.440000057220459,3.490000009536743,3.441002607345581,51951280
2023-07-05,3.4800000190734863,3.490000009536743,3.4100000858306885,3.4200000762939453,3.37198543548584,47161998
2023-07-06,3.430000066757202,3.5299999713897705,3.4200000762939453,3.440000057220459,3.391704797744751,48172455
2023-07-07,3.4200000762939453,3.4800000190734863,3.319999933242798,3.440000057220459,3.391704797744751,46624055
2023-07-10,3.450000047683716,3.5199999809265137,3.4200000762939453,3.509999990463257,3.460721969604492,45712600
2023-07-11,3.490000009536743,3.549999952316284,3.4200000762939453,3.470000028610229,3.421283483505249,37883100
2023-07-12,3.470000028610229,3.5999999046325684,3.380000114440918,3.380000114440918,3.332547187805176,53231300
2023-07-13,3.4100000858306885,3.509999990463257,3.3499999046325684,3.5,3.450862169265747,47801863
2023-07-14,3.5,3.5899999141693115,3.490000009536743,3.5299999713897705,3.480441093444824,47656697
2023-07-17,3.5199999809265137,3.5199999809265137,3.430000066757202,3.4600000381469727,3.411423921585083,28853400
2023-07-18,3.470000028610229,3.4800000190734863,3.4100000858306885,3.4200000762939453,3.37198543548584,27720703
2023-07-19,3.4100000858306885,3.490000009536743,3.400000095367432,3.430000066757202,3.381844997406006,23561303
2023-07-20,3.4200000762939453,3.4600000381469727,3.369999885559082,3.390000104904175,3.342406749725342,27903600
2023-07-21,3.380000114440918,3.4800000190734863,3.369999885559082,3.430000066757202,3.381844997406006,33416700
2023-07-24,3.430000066757202,3.470000028610229,3.390000104904175,3.400000095367432,3.352266311645508,23696800
2023-07-25,3.430000066757202,3.5199999809265137,3.4100000858306885,3.5199999809265137,3.470581531524658,46657720
2023-07-26,3.490000009536743,3.509999990463257,3.4100000858306885,3.4200000762939453,3.37198543548584,35536800
2023-07-27,3.4100000858306885,3.440000057220459,3.3499999046325684,3.359999895095825,3.312827587127685,27679100
2023-07-28,3.3299999237060547,3.4200000762939453,3.299999952316284,3.390000104904175,3.342406749725342,29483775
2023-07-31,3.390000104904175,3.990000009536743,3.359999895095825,3.7699999809265137,3.717071533203125,133680416
2023-08-01,3.7799999713897705,3.890000104904175,3.700000047683716,3.819999933242798,3.766369581222534,101834137
2023-08-02,3.7899999618530273,3.839999914169312,3.680000066757202,3.7699999809265137,3.717071533203125,72123140
2023-08-03,3.7300000190734863,3.809999942779541,3.630000114440918,3.660000085830689,3.60861611366272,49016440
2023-08-04,3.630000114440918,3.7200000286102295,3.619999885559082,3.680000066757202,3.628335237503052,47939355
2023-08-07,3.700000047683716,3.900000095367432,3.680000066757202,3.7799999713897705,3.72693133354187,96284678
2023-08-08,3.859999895095825,3.869999885559082,3.7200000286102295,3.7300000190734863,3.677633285522461,54875300
2023-08-09,3.690000057220459,3.7300000190734863,3.569999933242798,3.5999999046325684,3.549458265304565,43267300
2023-08-10,3.569999933242798,3.700000047683716,3.559999942779541,3.630000114440918,3.5790371894836426,37500300
2023-08-11,3.640000104904175,3.690000057220459,3.5,3.509999990463257,3.460721969604492,34159300
2023-08-14,3.490000009536743,3.5899999141693115,3.4600000381469727,3.5899999141693115,3.5395987033843994,31342800
2023-08-15,3.5799999237060547,3.619999885559082,3.4800000190734863,3.5299999713897705,3.480441093444824,23836900
2023-08-16,3.5299999713897705,3.670000076293945,3.430000066757202,3.549999952316284,3.500160217285156,43393403
2023-08-17,3.5199999809265137,3.5999999046325684,3.470000028610229,3.5799999237060547,3.5297391414642334,28467737
2023-08-18,3.559999942779541,3.5799999237060547,3.4100000858306885,3.4100000858306885,3.362125873565674,36716500
2023-08-21,3.430000066757202,3.509999990463257,3.4100000858306885,3.430000066757202,3.381844997406006,18996200
2023-08-22,3.440000057220459,3.5,3.380000114440918,3.5,3.450862169265747,27547300
2023-08-23,3.470000028610229,3.4800000190734863,3.400000095367432,3.400000095367432,3.352266311645508,22426700
2023-08-24,3.4100000858306885,3.549999952316284,3.4100000858306885,3.5,3.450862169265747,38889000
2023-08-25,3.4800000190734863,3.490000009536743,3.3299999237060547,3.3399999141693115,3.293108463287353,36344239
2023-08-28,3.5,3.549999952316284,3.299999952316284,3.319999933242798,3.273389339447021,46043700
2023-08-29,3.309999942779541,3.450000047683716,3.259999990463257,3.440000057220459,3.391704797744751,37955959
2023-08-30,3.400000095367432,3.4800000190734863,3.380000114440918,3.4600000381469727,3.411423921585083,36348720
2023-08-31,3.450000047683716,3.4600000381469727,3.390000104904175,3.4200000762939453,3.37198543548584,27681120
2023-09-01,3.430000066757202,3.4600000381469727,3.3499999046325684,3.380000114440918,3.332547187805176,24164600
2023-09-04,3.400000095367432,3.470000028610229,3.369999885559082,3.470000028610229,3.421283483505249,24008300
2023-09-05,3.450000047683716,3.509999990463257,3.4200000762939453,3.5,3.450862169265747,26134300
2023-09-06,3.4800000190734863,3.4800000190734863,3.390000104904175,3.4200000762939453,3.37198543548584,31261300
2023-09-07,3.559999942779541,4.099999904632568,3.559999942779541,3.7699999809265137,3.717071533203125,177218058
2023-09-08,3.5899999141693115,3.690000057220459,3.4600000381469727,3.5799999237060547,3.5297391414642334,130429000
2023-09-11,3.5799999237060547,3.740000009536743,3.549999952316284,3.609999895095825,3.5593178272247314,95348581
2023-09-12,3.569999933242798,3.5999999046325684,3.470000028610229,3.490000009536743,3.441002607345581,67303863
2023-09-13,3.440000057220459,3.450000047683716,3.3299999237060547,3.359999895095825,3.312827587127685,54258913
2023-09-14,3.359999895095825,3.400000095367432,3.319999933242798,3.380000114440918,3.332547187805176,32667647
2023-09-15,3.359999895095825,3.400000095367432,3.3399999141693115,3.390000104904175,3.342406749725342,24275266
2023-09-18,3.390000104904175,3.4200000762939453,3.3499999046325684,3.4100000858306885,3.362125873565674,27524147
2023-09-19,3.4200000762939453,3.4200000762939453,3.309999942779541,3.3399999141693115,3.293108463287353,27886303
2023-09-20,3.319999933242798,3.3499999046325684,3.309999942779541,3.3299999237060547,3.2832489013671875,16596800
2023-09-21,3.3399999141693115,3.359999895095825,3.2699999809265137,3.2799999713897705,3.2339508533477783,17874300
2023-09-22,3.25,3.380000114440918,3.240000009536743,3.380000114440918,3.332547187805176,34907303
2023-09-25,3.3499999046325684,3.380000114440918,3.2799999713897705,3.309999942779541,3.2635297775268555,26556003
2023-09-26,3.309999942779541,3.369999885559082,3.289999961853028,3.299999952316284,3.2536699771881104,21966900
2023-09-27,3.289999961853028,3.319999933242798,3.2799999713897705,3.289999961853028,3.2438104152679443,21279300
2023-09-28,3.289999961853028,3.3399999141693115,3.289999961853028,3.3299999237060547,3.2832489013671875,19391903
2023-10-09,3.319999933242798,3.319999933242798,3.2300000190734863,3.25,3.2043721675872803,25433900
2023-10-10,3.259999990463257,3.309999942779541,3.259999990463257,3.2699999809265137,3.2240912914276123,16264220
2023-10-11,3.259999990463257,3.3299999237060547,3.2100000381469727,3.289999961853028,3.2438104152679443,23626342
2023-10-12,3.2799999713897705,3.289999961853028,3.25,3.2799999713897705,3.2339508533477783,16746500
2023-10-13,3.259999990463257,3.2799999713897705,3.220000028610229,3.2300000190734863,3.184652805328369,17232000
2023-10-16,3.25,3.289999961853028,3.2100000381469727,3.2300000190734863,3.184652805328369,14532900
2023-10-17,3.2300000190734863,3.25,3.2100000381469727,3.240000009536743,3.1945126056671143,10756700
2023-10-18,3.220000028610229,3.2300000190734863,3.0799999237060547,3.0799999237060547,3.0367586612701416,31775424
2023-10-19,3.059999942779541,3.140000104904175,3.039999961853028,3.069999933242798,3.026899099349976,18551141
2023-10-20,3.059999942779541,3.109999895095825,3.0199999809265137,3.059999942779541,3.0170395374298096,24050642
2023-10-23,3.380000114440918,3.470000028610229,3.200000047683716,3.259999990463257,3.2142317295074463,81722181
2023-10-24,3.200000047683716,3.3499999046325684,3.180000066757202,3.2799999713897705,3.2339508533477783,60886200
2023-10-25,3.25,3.3399999141693115,3.25,3.309999942779541,3.2635297775268555,38806785
2023-10-26,3.2699999809265137,3.319999933242798,3.25,3.309999942779541,3.2635297775268555,25784042
2023-10-27,3.309999942779541,3.450000047683716,3.289999961853028,3.440000057220459,3.391704797744751,61436700
2023-10-30,3.4200000762939453,3.490000009536743,3.390000104904175,3.4800000190734863,3.431143045425415,46550800
2023-10-31,3.4800000190734863,3.569999933242798,3.4600000381469727,3.509999990463257,3.460721969604492,50602800
2023-11-01,3.490000009536743,3.609999895095825,3.470000028610229,3.559999942779541,3.5100197792053223,49620213
2023-11-02,3.5299999713897705,3.890000104904175,3.5299999713897705,3.690000057220459,3.6381947994232178,108982106
2023-11-03,3.680000066757202,3.700000047683716,3.5799999237060547,3.609999895095825,3.5593178272247314,62297700
2023-11-06,3.5999999046325684,3.7899999618530273,3.5899999141693115,3.7799999713897705,3.72693133354187,68204378
2023-11-07,3.7699999809265137,3.849999904632568,3.7200000286102295,3.7699999809265137,3.717071533203125,66106959
2023-11-08,3.7300000190734863,4.039999961853027,3.7300000190734863,3.930000066757202,3.8748254776000977,93471642
2023-11-09,3.900000095367432,3.930000066757202,3.7799999713897705,3.809999942779541,3.756510019302368,52868132
2023-11-10,3.7899999618530273,3.819999933242798,3.7300000190734863,3.740000009536743,3.687492847442627,36455200
2023-11-13,3.759999990463257,3.829999923706055,3.740000009536743,3.7799999713897705,3.72693133354187,35306519
2023-11-14,3.740000009536743,3.809999942779541,3.7300000190734863,3.7799999713897705,3.72693133354187,28573500
2023-11-15,3.799999952316284,3.839999914169312,3.7300000190734863,3.740000009536743,3.687492847442627,29756600
2023-11-16,3.759999990463257,3.950000047683716,3.75,3.869999885559082,3.815667629241944,69647832
2023-11-17,3.900000095367432,3.920000076293945,3.809999942779541,3.880000114440918,3.825527429580689,45255500
2023-11-20,3.849999904632568,3.910000085830689,3.829999923706055,3.900000095367432,3.845246553421021,36490600
2023-11-21,3.890000104904175,4.010000228881836,3.890000104904175,3.920000076293945,3.864965915679932,52730936
2023-11-22,3.900000095367432,3.9700000286102295,3.869999885559082,3.890000104904175,3.8353869915008554,44393204
2023-11-23,3.880000114440918,3.910000085830689,3.809999942779541,3.859999895095825,3.805808067321777,45420878
2023-11-24,3.839999914169312,3.890000104904175,3.7799999713897705,3.799999952316284,3.746650457382202,33638100
2023-11-27,3.7899999618530273,3.829999923706055,3.7699999809265137,3.799999952316284,3.746650457382202,29976800
2023-11-28,3.7899999618530273,3.809999942779541,3.7200000286102295,3.7799999713897705,3.72693133354187,28860987
2023-11-29,3.759999990463257,3.799999952316284,3.7200000286102295,3.75,3.697352409362793,15869640
2023-11-30,3.75,3.799999952316284,3.7200000286102295,3.7699999809265137,3.717071533203125,19637066
2023-12-01,3.7799999713897705,4.070000171661377,3.7699999809265137,4.010000228881836,3.953702211380005,72154166
2023-12-04,4.010000228881836,4.090000152587891,3.990000009536743,4.03000020980835,3.973421335220337,63260690
2023-12-05,4.0,4.039999961853027,3.890000104904175,3.900000095367432,3.845246553421021,39114300
2023-12-06,3.880000114440918,4.199999809265137,3.809999942779541,4.050000190734863,3.993140459060669,76875314
2023-12-07,4.079999923706055,4.28000020980835,4.03000020980835,4.090000152587891,4.032578945159912,75619652
2023-12-08,4.070000171661377,4.090000152587891,3.950000047683716,3.990000009536743,3.933983087539673,55204282
2023-12-11,3.9700000286102295,4.070000171661377,3.940000057220459,4.050000190734863,3.993140459060669,52939982
2023-12-12,4.050000190734863,4.25,4.03000020980835,4.079999923706055,4.022719383239746,69741671
2023-12-13,4.050000190734863,4.139999866485596,3.9800000190734863,4.010000228881836,3.953702211380005,54869800
2023-12-14,4.010000228881836,4.090000152587891,3.9800000190734863,3.990000009536743,3.933983087539673,41796400
2023-12-15,4.010000228881836,4.119999885559082,3.940000057220459,4.059999942779541,4.003000259399414,58233400
2023-12-18,4.039999961853027,4.090000152587891,3.950000047683716,3.9700000286102295,3.9142637252807617,45709400
2023-12-19,3.9600000381469727,4.070000171661377,3.940000057220459,4.010000228881836,3.953702211380005,37763081
2023-12-20,4.03000020980835,4.130000114440918,3.920000076293945,3.940000057220459,3.884685039520264,40937700
2023-12-21,3.900000095367432,4.010000228881836,3.890000104904175,3.990000009536743,3.933983087539673,39614800
2023-12-22,3.9800000190734863,4.0,3.5899999141693115,3.630000114440918,3.5790371894836426,95655691
2023-12-25,3.650000095367432,3.7100000381469727,3.5,3.5799999237060547,3.5297391414642334,59636630
2023-12-26,3.609999895095825,3.640000104904175,3.4600000381469727,3.470000028610229,3.421283483505249,34721800
2023-12-27,3.5199999809265137,3.609999895095825,3.470000028610229,3.490000009536743,3.441002607345581,34488676
2023-12-28,3.490000009536743,3.549999952316284,3.390000104904175,3.5199999809265137,3.470581531524658,33877701
2023-12-29,3.5199999809265137,3.809999942779541,3.509999990463257,3.7100000381469727,3.65791392326355,57505300
2024-01-02,3.799999952316284,3.849999904632568,3.7200000286102295,3.7300000190734863,3.677633285522461,39315166
2024-01-03,3.700000047683716,3.809999942779541,3.640000104904175,3.759999990463257,3.707211971282959,37268900
2024-01-04,3.740000009536743,3.759999990463257,3.670000076293945,3.740000009536743,3.687492847442627,25793533
2024-01-05,3.759999990463257,3.759999990463257,3.619999885559082,3.660000085830689,3.60861611366272,29774020
2024-01-08,3.640000104904175,3.700000047683716,3.609999895095825,3.640000104904175,3.5888967514038086,29558400
2024-01-09,3.630000114440918,3.7200000286102295,3.5999999046325684,3.650000095367432,3.5987565517425537,29668338
2024-01-10,3.619999885559082,3.619999885559082,3.5199999809265137,3.5199999809265137,3.470581531524658,27256200
2024-01-11,3.5199999809265137,3.609999895095825,3.4800000190734863,3.5999999046325684,3.549458265304565,28323704
2024-01-12,3.5899999141693115,3.619999885559082,3.509999990463257,3.5199999809265137,3.470581531524658,23944200
2024-01-15,3.5,3.5299999713897705,3.450000047683716,3.5,3.450862169265747,22901700
2024-01-16,3.5,3.5,3.380000114440918,3.450000047683716,3.401564359664917,29780400
2024-01-17,3.450000047683716,3.4800000190734863,3.369999885559082,3.380000114440918,3.332547187805176,24102200
2024-01-18,3.369999885559082,3.4100000858306885,3.2300000190734863,3.359999895095825,3.312827587127685,29867900
2024-01-19,3.380000114440918,3.4800000190734863,3.369999885559082,3.4100000858306885,3.362125873565674,31344002
2024-01-22,3.4100000858306885,3.440000057220459,3.130000114440918,3.150000095367432,3.105776071548462,37823300
2024-01-23,3.150000095367432,3.319999933242798,3.0999999046325684,3.25,3.2043721675872803,38659000
2024-01-24,3.2699999809265137,3.309999942779541,3.119999885559082,3.289999961853028,3.2438104152679443,38095424
2024-01-25,3.289999961853028,3.369999885559082,3.2100000381469727,3.359999895095825,3.312827587127685,36917566
2024-01-26,3.359999895095825,3.490000009536743,3.3399999141693115,3.390000104904175,3.342406749725342,36213522
2024-01-29,3.359999895095825,3.4100000858306885,3.200000047683716,3.2100000381469727,3.164933681488037,32406600
2024-01-30,3.200000047683716,3.200000047683716,3.049999952316284,3.069999933242798,3.026899099349976,28035700
2024-01-31,3.009999990463257,3.0999999046325684,2.880000114440918,2.890000104904175,2.84942626953125,45592300
2024-02-01,2.8499999046325684,2.9100000858306885,2.759999990463257,2.809999942779541,2.770549297332764,43960800
2024-02-02,2.819999933242798,2.950000047683716,2.569999933242798,2.6700000762939453,2.632514953613281,51953700
2024-02-05,2.619999885559082,2.650000095367432,2.25,2.2699999809265137,2.238130569458008,89224200
2024-02-06,2.1600000858306885,2.4100000858306885,2.049999952316284,2.3299999237060547,2.297288179397583,79002839
2024-02-07,2.3499999046325684,2.3499999046325684,2.150000095367432,2.220000028610229,2.1888327598571777,67567843
2024-02-08,2.240000009536743,2.450000047683716,2.190000057220459,2.440000057220459,2.4057440757751465,74942816
2024-02-19,2.509999990463257,2.609999895095825,2.5,2.569999933242798,2.533918857574463,70884700
2024-02-20,2.569999933242798,2.75,2.509999990463257,2.680000066757202,2.6423745155334477,58690306
2024-02-21,2.650000095367432,2.859999895095825,2.609999895095825,2.75,2.7113916873931885,60318955
2024-02-22,2.7300000190734863,2.819999933242798,2.720000028610229,2.809999942779541,2.770549297332764,43574400
2024-02-23,2.819999933242798,2.950000047683716,2.799999952316284,2.950000047683716,2.908583879470825,47736771
2024-02-26,2.940000057220459,3.039999961853028,2.890000104904175,2.9800000190734863,2.9381628036499023,48440513
2024-02-27,2.9600000381469727,3.069999933242798,2.930000066757202,3.069999933242798,3.026899099349976,38404402
2024-02-28,3.0899999141693115,3.190000057220459,2.819999933242798,2.8399999141693115,2.800128221511841,72954901
2024-02-29,2.7699999809265137,2.950000047683716,2.7699999809265137,2.950000047683716,2.908583879470825,53100400
2024-03-01,2.970000028610229,3.059999942779541,2.940000057220459,3.0299999713897705,2.9874608516693115,48664300
2024-03-04,3.049999952316284,3.059999942779541,2.890000104904175,3.009999990463257,2.9677414894104004,44825002
2024-03-05,2.990000009536743,3.009999990463257,2.880000114440918,2.900000095367432,2.859286069869995,36678100
2024-03-06,2.880000114440918,2.950000047683716,2.859999895095825,2.9200000762939453,2.879005193710327,32535341
2024-03-07,2.930000066757202,2.9600000381469727,2.8499999046325684,2.8499999046325684,2.809987783432007,30602940
2024-03-08,2.859999895095825,2.890000104904175,2.809999942779541,2.869999885559082,2.829706907272339,22848040
2024-03-11,2.859999895095825,2.950000047683716,2.8399999141693115,2.950000047683716,2.908583879470825,27315700
2024-03-12,2.940000057220459,3.0299999713897705,2.940000057220459,3.0299999713897705,2.9874608516693115,36323100
2024-03-13,3.0299999713897705,3.200000047683716,3.009999990463257,3.150000095367432,3.105776071548462,68895400
2024-03-14,3.0999999046325684,3.119999885559082,3.0,3.049999952316284,3.007179975509644,45184600
2024-03-15,3.0299999713897705,3.119999885559082,3.0,3.0799999237060547,3.0367586612701416,34144100
2024-03-18,3.0899999141693115,3.140000104904175,3.059999942779541,3.140000104904175,3.095916509628296,37526665
2024-03-19,3.119999885559082,3.190000057220459,3.109999895095825,3.130000114440918,3.08605694770813,38544600
2024-03-20,3.119999885559082,3.25,3.109999895095825,3.2300000190734863,3.184652805328369,40746400
2024-03-21,3.259999990463257,3.359999895095825,3.240000009536743,3.259999990463257,3.2142317295074463,43744700
2024-03-22,3.240000009536743,3.299999952316284,3.150000095367432,3.2699999809265137,3.2240912914276123,51567100
2024-03-25,3.299999952316284,3.3299999237060547,3.0999999046325684,3.130000114440918,3.08605694770813,42881546
2024-03-26,3.109999895095825,3.1700000762939453,3.039999961853028,3.0999999046325684,3.0564780235290527,32828400
2024-03-27,3.0899999141693115,3.119999885559082,2.9100000858306885,2.940000057220459,2.898724317550659,37919400
2024-03-28,2.930000066757202,3.069999933242798,2.9200000762939453,3.039999961853028,2.997320413589477,31912600
2024-03-29,3.0299999713897705,3.049999952316284,2.950000047683716,3.0199999809265137,2.9776010513305664,17301300
2024-04-01,3.0199999809265137,3.130000114440918,3.0199999809265137,3.130000114440918,3.08605694770813,29863840
2024-04-02,3.130000114440918,3.140000104904175,3.0299999713897705,3.059999942779541,3.0170395374298096,30528200
2024-04-03,3.059999942779541,3.059999942779541,2.950000047683716,2.970000028610229,2.9283032417297363,24101600
2024-04-08,2.9600000381469727,2.970000028610229,2.859999895095825,2.880000114440918,2.839566707611084,25440000
2024-04-09,2.880000114440918,2.970000028610229,2.880000114440918,2.940000057220459,2.898724317550659,23342990
2024-04-10,2.9100000858306885,2.930000066757202,2.819999933242798,2.8499999046325684,2.809987783432007,25827000
2024-04-11,2.8499999046325684,2.9200000762939453,2.819999933242798,2.890000104904175,2.84942626953125,23509200
2024-04-12,2.869999885559082,2.9100000858306885,2.8299999237060547,2.8399999141693115,2.800128221511841,19123700
2024-04-15,2.8399999141693115,2.8499999046325684,2.609999895095825,2.650000095367432,2.612795829772949,36894000
2024-04-16,2.619999885559082,2.630000114440918,2.430000066757202,2.430000066757202,2.3958845138549805,40701820
2024-04-17,2.470000028610229,2.690000057220459,2.470000028610229,2.680000066757202,2.6423745155334477,35826186
2024-04-18,2.650000095367432,2.6600000858306885,2.569999933242798,2.5899999141693115,2.553637981414795,28270198
2024-04-19,2.5799999237060547,2.650000095367432,2.549999952316284,2.569999933242798,2.533918857574463,19770000
2024-04-22,2.549999952316284,2.5999999046325684,2.4800000190734863,2.539999961853028,2.5043399333953857,17193400
2024-04-23,2.549999952316284,2.609999895095825,2.539999961853028,2.5999999046325684,2.563497543334961,18898647
2024-04-24,2.619999885559082,2.690000057220459,2.569999933242798,2.690000057220459,2.6522343158721924,24280650
2024-04-25,2.6600000858306885,2.7100000381469727,2.630000114440918,2.6700000762939453,2.632514953613281,20016991
2024-04-26,2.6600000858306885,2.759999990463257,2.650000095367432,2.75,2.7113916873931885,26115889
2024-04-29,2.7100000381469727,2.789999961853028,2.650000095367432,2.759999990463257,2.7212514877319336,47332601
2024-04-30,2.75,2.759999990463257,2.5799999237060547,2.609999895095825,2.573357105255127,53766169
2024-05-06,2.650000095367432,2.6700000762939453,2.5999999046325684,2.640000104904175,2.602936267852783,38167900
2024-05-07,2.640000104904175,2.690000057220459,2.619999885559082,2.640000104904175,2.602936267852783,27468911
2024-05-08,2.619999885559082,2.630000114440918,2.5299999713897705,2.539999961853028,2.5043399333953857,29128505
2024-05-09,2.549999952316284,2.5999999046325684,2.509999990463257,2.5799999237060547,2.543778419494629,20516200
2024-05-10,2.5899999141693115,2.5999999046325684,2.490000009536743,2.509999990463257,2.474761247634888,24295100
2024-05-13,2.5,2.5,2.4100000858306885,2.430000066757202,2.3958845138549805,24856487
2024-05-14,2.4800000190734863,2.5799999237060547,2.470000028610229,2.539999961853028,2.5043399333953857,36379320
2024-05-15,2.789999961853028,3.049999952316284,2.789999961853028,2.819999933242798,2.7804088592529297,187134110
2024-05-16,2.789999961853028,3.3399999141693115,2.700000047683716,3.140000104904175,3.095916509628296,237242480
2024-05-17,3.0,3.039999961853028,2.8299999237060547,2.900000095367432,2.859286069869995,181132223
2024-05-20,2.789999961853028,2.8299999237060547,2.690000057220459,2.7300000190734863,2.6916725635528564,119097672
2024-05-21,2.7300000190734863,2.869999885559082,2.7300000190734863,2.789999961853028,2.750830173492432,99298599
2024-05-22,2.7100000381469727,2.75,2.6600000858306885,2.7300000190734863,2.6916725635528564,80833028
2024-05-23,2.690000057220459,2.690000057220459,2.5799999237060547,2.5899999141693115,2.553637981414795,63231446
2024-05-24,2.559999942779541,2.609999895095825,2.549999952316284,2.549999952316284,2.514199495315552,38603700
2024-05-27,2.5799999237060547,2.5899999141693115,2.490000009536743,2.549999952316284,2.514199495315552,32459170
2024-05-28,2.539999961853028,2.539999961853028,2.4800000190734863,2.490000009536743,2.455042123794556,27386645
2024-05-29,2.5,2.5299999713897705,2.470000028610229,2.5199999809265137,2.4846208095550537,25473400
2024-05-30,2.490000009536743,2.509999990463257,2.450000047683716,2.4600000381469727,2.4254631996154785,25404100
2024-05-31,2.470000028610229,2.5299999713897705,2.4600000381469727,2.509999990463257,2.474761247634888,28935000
2024-06-03,2.509999990463257,2.509999990463257,2.4100000858306885,2.430000066757202,2.3958845138549805,29817500
2024-06-04,2.4200000762939453,2.4200000762939453,2.309999942779541,2.369999885559082,2.336726665496826,29791189
2024-06-05,2.3399999141693115,2.3499999046325684,2.2699999809265137,2.2799999713897705,2.247990131378174,34264300
2024-06-06,2.289999961853028,2.319999933242798,2.1600000858306885,2.180000066757202,2.1493942737579346,39178600
2024-06-07,2.220000028610229,2.299999952316284,2.220000028610229,2.2699999809265137,2.238130569458008,27459993
2024-06-11,2.25,2.289999961853028,2.2100000381469727,2.2799999713897705,2.247990131378174,21687400
2024-06-12,2.289999961853028,2.3499999046325684,2.2699999809265137,2.3399999141693115,2.307147741317749,23126594
2024-06-13,2.3399999141693115,2.369999885559082,2.2799999713897705,2.289999961853028,2.257849931716919,22495700
2024-06-14,2.289999961853028,2.319999933242798,2.2699999809265137,2.309999942779541,2.277569055557251,14881700
2024-06-17,2.289999961853028,2.299999952316284,2.25,2.2799999713897705,2.247990131378174,16346000
2024-06-18,2.2699999809265137,2.299999952316284,2.259999990463257,2.299999952316284,2.267709493637085,14001700
2024-06-19,2.289999961853028,2.309999942779541,2.2699999809265137,2.2799999713897705,2.247990131378174,14522600
2024-06-20,2.259999990463257,2.2799999713897705,2.190000057220459,2.190000057220459,2.1592538356781006,17504300
2024-06-21,2.1700000762939453,2.220000028610229,2.150000095367432,2.220000028610229,2.1888327598571777,13319736
2024-06-24,2.4600000381469727,2.6600000858306885,2.3499999046325684,2.6600000858306885,2.6226553916931152,181689648
2024-06-25,2.5299999713897705,2.680000066757202,2.400000095367432,2.4600000381469727,2.4254631996154785,146374565
2024-06-26,2.400000095367432,2.5199999809265137,2.3299999237060547,2.4600000381469727,2.4254631996154785,118471064
2024-06-27,2.390000104904175,2.4800000190734863,2.3499999046325684,2.3499999046325684,2.317007541656494,77195101
2024-06-28,2.309999942779541,2.359999895095825,2.259999990463257,2.2799999713897705,2.247990131378174,63470391
2024-07-01,2.2699999809265137,2.3399999141693115,2.240000009536743,2.319999933242798,2.287428617477417,42450400
2024-07-02,2.299999952316284,2.440000057220459,2.289999961853028,2.369999885559082,2.336726665496826,63225000
2024-07-03,2.3499999046325684,2.400000095367432,2.309999942779541,2.3499999046325684,2.317007541656494,35382455
2024-07-04,2.3499999046325684,2.359999895095825,2.240000009536743,2.25,2.218411445617676,34813060
2024-07-05,2.25,2.430000066757202,2.220000028610229,2.359999895095825,2.32686710357666,50062300
2024-07-08,2.3399999141693115,2.3399999141693115,2.2300000190734863,2.240000009536743,2.2085518836975098,31796000
2024-07-09,2.240000009536743,2.2699999809265137,2.150000095367432,2.259999990463257,2.228271007537842,34838700
2024-07-10,2.240000009536743,2.259999990463257,2.200000047683716,2.220000028610229,2.1888327598571777,21931464
2024-07-11,2.2699999809265137,2.289999961853028,2.2300000190734863,2.289999961853028,2.257849931716919,27210890
2024-07-12,2.2799999713897705,2.319999933242798,2.25,2.2699999809265137,2.238130569458008,22761954
2024-07-15,2.2799999713897705,2.359999895095825,2.240000009536743,2.299999952316284,2.267709493637085,33879940
2024-07-16,2.2699999809265137,2.289999961853028,2.240000009536743,2.2699999809265137,2.238130569458008,22453400
2024-07-17,2.240000009536743,2.299999952316284,2.240000009536743,2.25,2.218411445617676,24257900
2024-07-18,2.2100000381469727,2.240000009536743,2.1700000762939453,2.2300000190734863,2.198692321777344,23404100
2024-07-19,2.2100000381469727,2.25,2.200000047683716,2.25,2.218411445617676,17385320
2024-07-22,2.240000009536743,2.450000047683716,2.220000028610229,2.3299999237060547,2.297288179397583,49310762
2024-07-23,2.3399999141693115,2.369999885559082,2.259999990463257,2.2799999713897705,2.247990131378174,33094762
2024-07-24,2.259999990463257,2.2799999713897705,2.2100000381469727,2.220000028610229,2.1888327598571777,21095400
2024-07-25,2.200000047683716,2.259999990463257,2.190000057220459,2.259999990463257,2.228271007537842,19502090
2024-07-26,2.259999990463257,2.359999895095825,2.240000009536743,2.3299999237060547,2.297288179397583,35633921
2024-07-29,2.319999933242798,2.3499999046325684,2.259999990463257,2.319999933242798,2.287428617477417,30521020
2024-07-30,2.3299999237060547,2.380000114440918,2.319999933242798,2.3499999046325684,2.317007541656494,33335500
2024-07-31,2.3399999141693115,2.4200000762939453,2.299999952316284,2.4200000762939453,2.3860249519348145,48838400
2024-08-01,2.4200000762939453,2.430000066757202,2.359999895095825,2.380000114440918,2.3465864658355717,29065100
2024-08-02,2.3499999046325684,2.400000095367432,2.3299999237060547,2.3399999141693115,2.307147741317749,28477640
2024-08-05,2.319999933242798,2.470000028610229,2.309999942779541,2.390000104904175,2.3564460277557373,65309700
2024-08-06,2.369999885559082,2.5199999809265137,2.359999895095825,2.470000028610229,2.4353227615356445,71045526
2024-08-07,2.440000057220459,2.4600000381469727,2.380000114440918,2.400000095367432,2.3663055896759038,45926100
2024-08-08,2.369999885559082,2.450000047683716,2.3399999141693115,2.4200000762939453,2.3860249519348145,40472300
2024-08-09,2.4100000858306885,2.430000066757202,2.3499999046325684,2.359999895095825,2.32686710357666,28365000
2024-08-12,2.3399999141693115,2.359999895095825,2.2699999809265137,2.2799999713897705,2.247990131378174,24862500
2024-08-13,2.289999961853028,2.319999933242798,2.25,2.309999942779541,2.277569055557251,16459300
2024-08-14,2.319999933242798,2.4800000190734863,2.299999952316284,2.4100000858306885,2.3761651515960693,64492000
2024-08-15,2.390000104904175,2.690000057220459,2.369999885559082,2.5899999141693115,2.553637981414795,115417747
2024-08-16,2.539999961853028,2.609999895095825,2.490000009536743,2.509999990463257,2.474761247634888,86353200
2024-08-19,2.4800000190734863,2.650000095367432,2.4800000190734863,2.5799999237060547,2.543778419494629,87531100
2024-08-20,2.5199999809265137,2.619999885559082,2.470000028610229,2.549999952316284,2.514199495315552,73209050
2024-08-21,2.539999961853028,2.5899999141693115,2.450000047683716,2.4600000381469727,2.4254631996154785,57522680
2024-08-22,2.440000057220459,2.4800000190734863,2.3399999141693115,2.359999895095825,2.32686710357666,41390142
2024-08-23,2.3399999141693115,2.380000114440918,2.2799999713897705,2.359999895095825,2.32686710357666,30832800
2024-08-26,2.359999895095825,2.369999885559082,2.299999952316284,2.3499999046325684,2.317007541656494,22702300
2024-08-27,2.3399999141693115,2.380000114440918,2.25,2.259999990463257,2.228271007537842,30351400
2024-08-28,2.25,2.299999952316284,2.2100000381469727,2.2799999713897705,2.247990131378174,24425500
2024-08-29,2.259999990463257,2.299999952316284,2.2300000190734863,2.2799999713897705,2.247990131378174,20779000
2024-08-30,2.25,2.740000009536743,2.25,2.740000009536743,2.7015321254730225,198763538
2024-09-02,2.690000057220459,2.720000028610229,2.569999933242798,2.5799999237060547,2.543778419494629,132983199
2024-09-03,2.5999999046325684,2.650000095367432,2.5199999809265137,2.559999942779541,2.524059295654297,66694768
2024-09-04,2.559999942779541,2.559999942779541,2.4800000190734863,2.509999990463257,2.474761247634888,44913880
2024-09-05,2.5199999809265137,2.5899999141693115,2.5,2.539999961853028,2.5043399333953857,65814301
2024-09-06,2.509999990463257,2.5999999046325684,2.5,2.5,2.4649016857147217,54141200
2024-09-09,2.4800000190734863,2.5299999713897705,2.4600000381469727,2.490000009536743,2.455042123794556,31804800
2024-09-10,2.490000009536743,2.509999990463257,2.4100000858306885,2.4800000190734863,2.4451823234558105,37624100
2024-09-11,2.4600000381469727,2.4600000381469727,2.4100000858306885,2.450000047683716,2.4156036376953125,23589658
2024-09-12,2.450000047683716,2.490000009536743,2.430000066757202,2.440000057220459,2.4057440757751465,23227200
2024-09-13,2.4600000381469727,2.4600000381469727,2.380000114440918,2.380000114440918,2.3465864658355717,25288400
2024-09-18,2.380000114440918,2.400000095367432,2.299999952316284,2.359999895095825,2.32686710357666,20452400
2024-09-19,2.390000104904175,2.4800000190734863,2.359999895095825,2.4600000381469727,2.4254631996154785,32480500
2024-09-20,2.4600000381469727,2.470000028610229,2.400000095367432,2.440000057220459,2.4057440757751465,22885900
2024-09-23,2.430000066757202,2.450000047683716,2.4100000858306885,2.4200000762939453,2.3860249519348145,18793312
2024-09-24,2.430000066757202,2.5999999046325684,2.430000066757202,2.559999942779541,2.524059295654297,67937442
2024-09-25,2.569999933242798,2.6700000762939453,2.5199999809265137,2.5899999141693115,2.553637981414795,90670330
2024-09-26,2.559999942779541,2.640000104904175,2.559999942779541,2.630000114440918,2.593076705932617,55050400
2024-09-27,2.6600000858306885,2.789999961853028,2.640000104904175,2.7100000381469727,2.6719534397125244,103988770
2024-09-30,2.809999942779541,3.150000095367432,2.759999990463257,3.109999895095825,3.0663375854492188,135764740
2024-10-08,3.690000057220459,3.700000047683716,3.200000047683716,3.490000009536743,3.441002607345581,137943991
2024-10-09,3.309999942779541,3.319999933242798,2.9600000381469727,2.9600000381469727,2.918443441390991,96956848
2024-10-10,3.0299999713897705,3.109999895095825,2.9100000858306885,3.0,2.9578819274902344,58607535
2024-10-11,2.970000028610229,2.970000028610229,2.7799999713897705,2.8399999141693115,2.800128221511841,52579140
2024-10-14,2.8399999141693115,2.9200000762939453,2.7699999809265137,2.9100000858306885,2.869145631790161,46202136
2024-10-15,2.880000114440918,3.0999999046325684,2.8399999141693115,2.950000047683716,2.908583879470825,79948000
2024-10-16,2.880000114440918,3.0899999141693115,2.859999895095825,3.039999961853028,2.997320413589477,77648079
2024-10-17,3.0299999713897705,3.140000104904175,3.0,3.049999952316284,3.007179975509644,75895562
2024-10-18,3.009999990463257,3.190000057220459,2.950000047683716,3.0999999046325684,3.0564780235290527,72479907
2024-10-21,3.0899999141693115,3.259999990463257,3.069999933242798,3.2300000190734863,3.184652805328369,82396264
2024-10-22,3.200000047683716,3.380000114440918,3.190000057220459,3.259999990463257,3.2142317295074463,96878196
2024-10-23,3.2300000190734863,3.2300000190734863,3.119999885559082,3.150000095367432,3.105776071548462,78134382
2024-10-24,3.109999895095825,3.130000114440918,3.069999933242798,3.0999999046325684,3.0564780235290527,35667920
2024-10-25,3.109999895095825,3.220000028610229,3.0999999046325684,3.190000057220459,3.145214557647705,50238108
2024-10-28,3.190000057220459,3.3499999046325684,3.1700000762939453,3.3399999141693115,3.293108463287353,68030277
2024-10-29,3.390000104904175,3.4200000762939453,3.1700000762939453,3.190000057220459,3.145214557647705,61184300
2024-10-30,3.0999999046325684,3.180000066757202,3.0799999237060547,3.140000104904175,3.095916509628296,54351457
2024-10-31,3.130000114440918,3.289999961853028,3.130000114440918,3.259999990463257,3.2142317295074463,53402361
2024-11-01,3.259999990463257,3.289999961853028,2.990000009536743,3.0199999809265137,2.9776010513305664,63023961
2024-11-04,3.0299999713897705,3.119999885559082,2.990000009536743,3.059999942779541,3.0170395374298096,33960308
2024-11-05,3.049999952316284,3.200000047683716,3.0299999713897705,3.200000047683716,3.155074119567871,60344640
2024-11-06,3.220000028610229,3.400000095367432,3.150000095367432,3.309999942779541,3.2635297775268555,81307300
2024-11-07,3.2699999809265137,3.5899999141693115,3.240000009536743,3.539999961853028,3.4903006553649902,111859220
2024-11-08,3.539999961853028,3.609999895095825,3.450000047683716,3.470000028610229,3.421283483505249,80814942
2024-11-11,3.440000057220459,3.640000104904175,3.4200000762939453,3.5899999141693115,3.5395987033843994,72598760
2024-11-12,3.559999942779541,3.5799999237060547,3.380000114440918,3.4200000762939453,3.37198543548584,66931202
2024-11-13,3.4100000858306885,3.4800000190734863,3.3299999237060547,3.440000057220459,3.391704797744751,44957900
2024-11-14,3.4100000858306885,3.5299999713897705,3.309999942779541,3.3299999237060547,3.2832489013671875,46153760
2024-11-15,3.3499999046325684,3.490000009536743,3.299999952316284,3.299999952316284,3.2536699771881104,68331700
2024-11-18,3.319999933242798,3.369999885559082,3.059999942779541,3.119999885559082,3.0761971473693848,62072680
2024-11-19,3.119999885559082,3.180000066757202,3.059999942779541,3.180000066757202,3.135354995727539,36367784
2024-11-20,3.180000066757202,3.680000066757202,3.150000095367432,3.509999990463257,3.460721969604492,139166682
2024-11-21,3.4800000190734863,3.7799999713897705,3.4100000858306885,3.5899999141693115,3.5395987033843994,157282580
2024-11-22,3.470000028610229,4.309999942779541,3.4600000381469727,3.839999914169312,3.786088705062866,333893189
2024-11-25,4.0,4.610000133514404,3.660000085830689,4.610000133514404,4.545278549194336,325274271
2024-11-26,4.980000019073486,5.53000020980835,4.670000076293945,4.769999980926514,4.703032493591309,478032512
2024-11-27,4.5,5.21999979019165,4.289999961853027,5.159999847412109,5.087556838989258,381531647
2024-11-28,4.860000133514404,5.110000133514404,4.679999828338623,4.679999828338623,4.614295482635498,311819295
2024-11-29,4.420000076293945,4.570000171661377,4.150000095367432,4.389999866485596,4.328367233276367,249643756
2024-12-02,4.400000095367432,4.599999904632568,4.320000171661377,4.449999809265137,4.3875250816345215,212089486
2024-12-03,4.429999828338623,4.739999771118164,4.230000019073486,4.519999980926514,4.456542015075684,242114024
2024-12-04,4.400000095367432,4.449999809265137,4.130000114440918,4.159999847412109,4.101596355438232,177714664
2024-12-05,4.179999828338623,4.360000133514404,4.170000076293945,4.309999942779541,4.249490737915039,133915040
2024-12-06,4.289999961853027,4.599999904632568,4.260000228881836,4.46999979019165,4.4072442054748535,169094264
2024-12-09,4.5,4.579999923706055,4.289999961853027,4.369999885559082,4.308648109436035,119022660
2024-12-10,4.5,4.699999809265137,4.389999866485596,4.559999942779541,4.495980262756348,183111721
2024-12-11,4.480000019073486,4.880000114440918,4.440000057220459,4.809999942779541,4.742470741271973,209499227
2024-12-12,4.829999923706055,5.769999980926514,4.699999809265137,5.429999828338623,5.353766441345215,378785851
2024-12-13,5.079999923706055,6.070000171661377,5.079999923706055,5.53000020980835,5.452362537384033,366888641
2024-12-16,5.53000020980835,5.53000020980835,5.050000190734863,5.159999847412109,5.087556838989258,215733338
2024-12-17,5.46999979019165,5.949999809265137,4.880000114440918,5.070000171661377,4.9988203048706055,267599996
2024-12-18,4.849999904632568,5.460000038146973,4.639999866485596,5.289999961853027,5.215732097625732,242666208
2024-12-19,5.050000190734863,5.099999904632568,4.809999942779541,4.920000076293945,4.850926399230957,162038923
2024-12-20,4.900000095367432,5.150000095367432,4.829999923706055,4.96999979019165,4.900224685668945,130619822
2024-12-23,4.860000133514404,4.880000114440918,4.349999904632568,4.360000133514404,4.298788547515869,142065269
2024-12-24,4.380000114440918,4.440000057220459,4.090000152587891,4.199999809265137,4.1410346031188965,109673026
2024-12-25,4.199999809265137,4.199999809265137,3.869999885559082,3.9600000381469727,3.904404163360596,96703654
2024-12-26,4.03000020980835,4.139999866485596,3.9700000286102295,4.0,3.943842649459839,73507245
2024-12-27,4.0,4.199999809265137,3.940000057220459,4.059999942779541,4.003000259399414,81844535
2024-12-30,4.0,4.03000020980835,3.799999952316284,3.859999895095825,3.805808067321777,83033800
2024-12-31,3.900000095367432,3.910000085830689,3.619999885559082,3.640000104904175,3.5888967514038086,80732389
2025-01-02,3.660000085830689,3.740000009536743,3.559999942779541,3.619999885559082,3.569177389144897,62820400
2025-01-03,3.650000095367432,3.690000057220459,3.359999895095825,3.380000114440918,3.332547187805176,77731057
2025-01-06,3.380000114440918,3.400000095367432,3.2100000381469727,3.3299999237060547,3.2832489013671875,57861463
2025-01-07,3.3499999046325684,3.4800000190734863,3.3399999141693115,3.470000028610229,3.421283483505249,62306700
2025-01-08,3.4600000381469727,3.5199999809265137,3.3299999237060547,3.4800000190734863,3.431143045425415,74864296
2025-01-09,3.490000009536743,3.619999885559082,3.450000047683716,3.539999961853028,3.4903006553649902,83270899
2025-01-10,3.650000095367432,3.9600000381469727,3.5999999046325684,3.630000114440918,3.5790371894836426,154848443
2025-01-13,3.4100000858306885,3.740000009536743,3.319999933242798,3.650000095367432,3.5987565517425537,95561600
2025-01-14,3.650000095367432,3.880000114440918,3.5999999046325684,3.880000114440918,3.825527429580689,125752284
2025-01-15,3.940000057220459,4.25,3.910000085830689,4.110000133514404,4.052298069000244,163326614
2025-01-16,4.03000020980835,4.179999828338623,3.9800000190734863,4.050000190734863,3.993140459060669,131372437
2025-01-17,3.9800000190734863,3.9800000190734863,3.7200000286102295,3.75,3.697352409362793,109099698
2025-01-20,3.680000066757202,3.740000009536743,3.5199999809265137,3.630000114440918,3.5790371894836426,89224117
2025-01-21,3.700000047683716,4.360000133514404,3.700000047683716,4.110000133514404,4.052298069000244,215562118
2025-01-22,3.890000104904175,3.940000057220459,3.640000104904175,3.660000085830689,3.60861611366272,149000540
2025-01-23,3.7300000190734863,3.819999933242798,3.619999885559082,3.650000095367432,3.5987565517425537,89548719
2025-01-24,3.700000047683716,3.829999923706055,3.650000095367432,3.799999952316284,3.746650457382202,92548819
2025-01-27,3.829999923706055,3.920000076293945,3.7300000190734863,3.740000009536743,3.687492847442627,72350601
2025-02-05,3.809999942779541,3.930000066757202,3.75,3.869999885559082,3.815667629241944,96970100
2025-02-06,3.849999904632568,4.019999980926514,3.7699999809265137,4.019999980926514,3.963561773300171,106246079
2025-02-07,3.9800000190734863,4.110000133514404,3.940000057220459,4.039999961853027,3.983280897140503,117634500
2025-02-10,4.019999980926514,4.25,3.9700000286102295,4.230000019073486,4.1706132888793945,134113301
2025-02-11,4.230000019073486,4.429999828338623,4.190000057220459,4.329999923706055,4.269209861755371,163207900
2025-02-12,4.420000076293945,4.46999979019165,4.21999979019165,4.309999942779541,4.249490737915039,130498778
2025-02-13,4.239999771118164,4.449999809265137,4.119999885559082,4.309999942779541,4.249490737915039,147155836
2025-02-14,4.210000038146973,4.369999885559082,4.099999904632568,4.300000190734863,4.239631175994873,120497999
2025-02-17,4.309999942779541,4.519999980926514,4.210000038146973,4.440000057220459,4.377665519714356,140661701
2025-02-18,4.53000020980835,4.599999904632568,4.130000114440918,4.179999828338623,4.1213154792785645,137809457
2025-02-19,4.099999904632568,4.25,4.039999961853027,4.239999771118164,4.1804728507995605,91894400
2025-02-20,4.199999809265137,4.320000171661377,4.130000114440918,4.210000038146973,4.150894165039063,85024705
2025-02-21,4.199999809265137,4.269999980926514,4.090000152587891,4.190000057220459,4.1311750411987305,84728409
2025-02-24,4.179999828338623,4.28000020980835,4.079999923706055,4.269999980926514,4.210052013397217,96527423
2025-02-25,4.190000057220459,4.380000114440918,4.110000133514404,4.28000020980835,4.219911575317383,101855523
2025-02-26,4.320000171661377,4.449999809265137,4.210000038146973,4.239999771118164,4.1804728507995605,99927913
2025-02-27,4.230000019073486,4.480000019073486,4.190000057220459,4.369999885559082,4.308648109436035,131361414
2025-02-28,4.300000190734863,4.300000190734863,3.9600000381469727,4.0,3.943842649459839,110371200
2025-03-03,3.9800000190734863,4.170000076293945,3.900000095367432,4.039999961853027,3.983280897140503,62405349
2025-03-04,3.9800000190734863,4.059999942779541,3.940000057220459,4.039999961853027,3.983280897140503,45686399
2025-03-05,4.0,4.03000020980835,3.900000095367432,3.950000047683716,3.8945446014404297,48729726
2025-03-06,3.9800000190734863,4.150000095367432,3.9600000381469727,4.119999885559082,4.06215763092041,77295939
2025-03-07,4.130000114440918,4.199999809265137,4.03000020980835,4.059999942779541,4.003000259399414,67987914
2025-03-10,4.03000020980835,4.050000190734863,3.9800000190734863,4.019999980926514,3.963561773300171,41097673
2025-03-11,3.950000047683716,4.099999904632568,3.920000076293945,4.059999942779541,4.003000259399414,35734637
2025-03-12,4.059999942779541,4.659999847412109,4.050000190734863,4.289999961853027,4.229771614074707,183009199
2025-03-13,4.239999771118164,4.28000020980835,4.010000228881836,4.090000152587891,4.032578945159912,121192179
2025-03-14,4.090000152587891,4.409999847412109,4.03000020980835,4.400000095367432,4.338226795196533,168005612
2025-03-17,4.480000019073486,4.690000057220459,4.369999885559082,4.389999866485596,4.328367233276367,141255598
2025-03-18,4.369999885559082,4.440000057220459,4.260000228881836,4.289999961853027,4.229771614074707,90735999
2025-03-19,4.28000020980835,4.289999961853027,4.139999866485596,4.170000076293945,4.111455917358398,71911500
2025-03-20,4.159999847412109,4.239999771118164,4.099999904632568,4.110000133514404,4.052298069000244,61305565
2025-03-21,4.090000152587891,4.119999885559082,4.03000020980835,4.03000020980835,3.973421335220337,63219550
2025-03-24,4.010000228881836,4.059999942779541,3.799999952316284,3.940000057220459,3.884685039520264,68225100
2025-03-25,3.920000076293945,3.920000076293945,3.819999933242798,3.839999914169312,3.786088705062866,34924500
2025-03-26,3.829999923706055,3.890000104904175,3.819999933242798,3.849999904632568,3.7959485054016113,24611297
2025-03-27,3.849999904632568,3.890000104904175,3.7799999713897705,3.849999904632568,3.7959485054016113,33388700
2025-03-28,3.849999904632568,3.890000104904175,3.809999942779541,3.849999904632568,3.7959485054016113,29437600
2025-03-31,3.809999942779541,3.819999933242798,3.640000104904175,3.7200000286102295,3.667773723602295,37197800
2025-04-01,3.740000009536743,3.7799999713897705,3.680000066757202,3.690000057220459,3.6381947994232178,20247200
2025-04-02,3.690000057220459,3.7699999809265137,3.670000076293945,3.7300000190734863,3.677633285522461,23289920
2025-04-03,3.680000066757202,3.759999990463257,3.660000085830689,3.700000047683716,3.648054361343384,23487620
2025-04-07,3.4600000381469727,3.4600000381469727,2.9600000381469727,2.9600000381469727,2.918443441390991,62816320
2025-04-08,3.0,3.1600000858306885,3.0,3.0899999141693115,3.046618223190308,48590900
2025-04-09,3.0199999809265137,3.220000028610229,2.75,3.180000066757202,3.135354995727539,59110461
2025-04-10,3.259999990463257,3.359999895095825,3.220000028610229,3.2799999713897705,3.2339508533477783,44150554
2025-04-11,3.259999990463257,3.4200000762939453,3.220000028610229,3.3399999141693115,3.293108463287353,47422720
2025-04-14,3.359999895095825,3.539999961853028,3.359999895095825,3.4100000858306885,3.362125873565674,49413820
2025-04-15,3.400000095367432,3.839999914169312,3.400000095367432,3.559999942779541,3.5100197792053223,72787442
2025-04-16,3.470000028610229,3.5199999809265137,3.369999885559082,3.430000066757202,3.381844997406006,51243533
2025-04-17,3.400000095367432,3.4800000190734863,3.3399999141693115,3.4100000858306885,3.362125873565674,35714299
2025-04-18,3.380000114440918,3.440000057220459,3.3399999141693115,3.430000066757202,3.381844997406006,29060699
2025-04-21,3.4600000381469727,3.4800000190734863,3.369999885559082,3.470000028610229,3.421283483505249,28280799
2025-04-22,3.5,3.549999952316284,3.4200000762939453,3.470000028610229,3.421283483505249,29643600
2025-04-23,3.470000028610229,3.509999990463257,3.430000066757202,3.450000047683716,3.401564359664917,24909299
2025-04-24,3.440000057220459,3.450000047683716,3.319999933242798,3.3299999237060547,3.2832489013671875,30965497
2025-04-25,3.319999933242798,3.380000114440918,3.299999952316284,3.309999942779541,3.2635297775268555,30009821
2025-04-28,3.289999961853028,3.450000047683716,3.2699999809265137,3.380000114440918,3.332547187805176,49840894
2025-04-29,3.3499999046325684,3.4800000190734863,3.309999942779541,3.400000095367432,3.352266311645508,39937299
2025-04-30,3.440000057220459,3.5199999809265137,3.400000095367432,3.509999990463257,3.460721969604492,43664199
2025-05-06,3.5199999809265137,3.650000095367432,3.490000009536743,3.650000095367432,3.5987565517425537,37798739
2025-05-07,3.670000076293945,3.7100000381469727,3.569999933242798,3.609999895095825,3.5593178272247314,39755682
2025-05-08,3.680000066757202,3.75,3.630000114440918,3.700000047683716,3.648054361343384,44925040
2025-05-09,3.670000076293945,3.700000047683716,3.5999999046325684,3.609999895095825,3.5593178272247314,31876800
2025-05-12,3.660000085830689,3.700000047683716,3.5899999141693115,3.630000114440918,3.5790371894836426,30040746
2025-05-13,3.680000066757202,3.7100000381469727,3.609999895095825,3.619999885559082,3.569177389144897,30854560
2025-05-14,3.5999999046325684,3.660000085830689,3.559999942779541,3.640000104904175,3.5888967514038086,26817520
2025-05-15,3.630000114440918,3.640000104904175,3.549999952316284,3.569999933242798,3.5198793411254883,23151793
2025-05-16,3.569999933242798,3.619999885559082,3.5199999809265137,3.5999999046325684,3.549458265304565,22069100
2025-05-19,3.5799999237060547,3.670000076293945,3.549999952316284,3.660000085830689,3.60861611366272,31646300
2025-05-20,3.640000104904175,3.869999885559082,3.619999885559082,3.819999933242798,3.766369581222534,71520538
2025-05-21,3.7699999809265137,3.819999933242798,3.7300000190734863,3.759999990463257,3.707211971282959,48628900
2025-05-22,3.7300000190734863,3.809999942779541,3.670000076293945,3.7699999809265137,3.717071533203125,47203600
2025-05-23,3.680000066757202,3.690000057220459,3.5799999237060547,3.5799999237060547,3.5297391414642334,47580599
2025-05-26,3.630000114440918,3.7899999618530273,3.619999885559082,3.759999990463257,3.707211971282959,63347099
2025-05-27,3.759999990463257,3.839999914169312,3.700000047683716,3.7899999618530273,3.736790895462036,49263713
2025-05-28,3.7899999618530273,3.839999914169312,3.690000057220459,3.75,3.697352409362793,39325600
2025-05-29,3.7200000286102295,3.890000104904175,3.690000057220459,3.859999895095825,3.805808067321777,57948118
2025-05-30,3.829999923706055,3.920000076293945,3.7300000190734863,3.740000009536743,3.687492847442627,57266718
2025-06-03,3.7100000381469727,3.9700000286102295,3.7100000381469727,3.849999904632568,3.7959485054016113,77684080
2025-06-04,3.859999895095825,4.099999904632568,3.809999942779541,4.010000228881836,3.953702211380005,118472199
2025-06-05,4.019999980926514,4.730000019073486,3.9700000286102295,4.369999885559082,4.308648109436035,264859764
2025-06-06,4.210000038146973,4.289999961853027,4.039999961853027,4.099999904632568,4.042438507080078,192200519
2025-06-09,4.059999942779541,4.489999771118164,4.059999942779541,4.400000095367432,4.338226795196533,197256470
2025-06-10,4.320000171661377,5.130000114440918,4.320000171661377,4.840000152587891,4.772049903869629,312420799
2025-06-11,4.829999923706055,5.599999904632568,4.739999771118164,5.489999771118164,5.412923812866211,341749300
2025-06-12,5.210000038146973,5.420000076293945,5.03000020980835,5.110000133514404,5.038259029388428,281470853
2025-06-13,4.880000114440918,4.900000095367432,4.519999980926514,4.550000190734863,4.486120700836182,231397839
2025-06-16,4.679999828338623,5.429999828338623,4.579999923706055,5.190000057220459,5.117135524749756,292765812
2025-06-17,5.210000038146973,5.269999980926514,4.860000133514404,4.880000114440918,4.811488151550293,248970453
2025-06-18,4.909999847412109,5.070000171661377,4.690000057220459,4.760000228881836,4.693172931671143,144615486
2025-06-19,4.630000114440918,4.860000133514404,4.489999771118164,4.550000190734863,4.486120700836182,147059101
2025-06-20,4.650000095367432,4.690000057220459,4.360000133514404,4.420000076293945,4.357945919036865,116473133
2025-06-23,4.309999942779541,4.599999904632568,4.309999942779541,4.539999961853027,4.476261138916016,130570601
2025-06-24,4.550000190734863,4.829999923706055,4.510000228881836,4.619999885559082,4.555138111114502,142964548
2025-06-25,4.559999942779541,4.619999885559082,4.46999979019165,4.599999904632568,4.53541898727417,112096600
2025-06-26,4.539999961853027,4.71999979019165,4.460000038146973,4.599999904632568,4.53541898727417,112584872
2025-06-27,4.539999961853027,4.650000095367432,4.510000228881836,4.579999923706055,4.515699863433838,84487704
2025-06-30,4.579999923706055,4.980000019073486,4.579999923706055,4.840000152587891,4.772049903869629,172222600
2025-07-01,4.860000133514404,5.079999923706055,4.809999942779541,5.079999923706055,5.008679866790772,198685852
2025-07-02,5.079999923706055,5.53000020980835,5.010000228881836,5.110000133514404,5.038259029388428,258830401
2025-07-03,4.909999847412109,5.010000228881836,4.769999980926514,4.849999904632568,4.781909465789795,177191824
2025-07-04,4.860000133514404,5.190000057220459,4.820000171661377,4.900000095367432,4.831207275390625,175264125
2025-07-07,4.829999923706055,5.099999904632568,4.769999980926514,4.869999885559082,4.801628589630127,124593005
2025-07-08,4.809999942779541,5.150000095367432,4.760000228881836,4.980000019073486,4.910084247589111,150293090
2025-07-09,4.949999809265137,4.989999771118164,4.809999942779541,4.829999923706055,4.762189865112305,123526626
2025-07-10,4.800000190734863,5.079999923706055,4.78000020980835,4.920000076293945,4.850926399230957,141616988
2025-07-11,4.860000133514404,4.920000076293945,4.710000038146973,4.880000114440918,4.811488151550293,117060120
2025-07-14,4.840000152587891,4.840000152587891,4.690000057220459,4.699999809265137,4.634015083312988,89112603
2025-07-15,4.789999961853027,5.050000190734863,4.789999961853027,4.869999885559082,4.801628589630127,162385020
2025-07-16,4.829999923706055,5.0,4.699999809265137,4.730000019073486,4.663593769073486,127052102
2025-07-17,4.690000057220459,4.730000019073486,4.590000152587891,4.639999866485596,4.574857234954834,88514899
2025-07-18,4.639999866485596,4.659999847412109,4.550000190734863,4.579999923706055,4.515699863433838,61455899
2025-07-21,4.579999923706055,4.670000076293945,4.559999942779541,4.610000133514404,4.545278549194336,58091150
2025-07-22,4.550000190734863,4.590000152587891,4.449999809265137,4.510000228881836,4.446682453155518,67851015
2025-07-23,4.5,4.53000020980835,4.449999809265137,4.449999809265137,4.397274971008301,41602196
2025-07-24,4.440000057220459,4.539999961853027,4.429999828338623,4.539999961853027,4.486208438873291,44190344
2025-07-25,4.539999961853027,4.619999885559082,4.5,4.610000133514404,4.555379390716553,65208200
2025-07-28,4.590000152587891,4.659999847412109,4.53000020980835,4.630000114440918,4.57514238357544,49770513
2025-07-29,4.679999828338623,4.769999980926514,4.550000190734863,4.71999979019165,4.66407585144043,85871900
2025-07-30,4.639999866485596,4.809999942779541,4.619999885559082,4.800000190734863,4.743128299713135,110652730
2025-07-31,4.789999961853027,4.789999961853027,4.559999942779541,4.570000171661377,4.515853404998779,86348314
2025-08-01,4.559999942779541,4.590000152587891,4.480000019073486,4.550000190734863,4.496090412139893,52541199
2025-08-04,4.5,4.579999923706055,4.429999828338623,4.559999942779541,4.505971431732178,46239300
2025-08-05,4.570000171661377,4.659999847412109,4.539999961853027,4.639999866485596,4.585023403167725,60346697
2025-08-06,4.610000133514404,4.789999961853027,4.610000133514404,4.71999979019165,4.66407585144043,76797298
2025-08-07,4.71999979019165,4.71999979019165,4.619999885559082,4.630000114440918,4.57514238357544,49848800
2025-08-08,4.630000114440918,4.659999847412109,4.539999961853027,4.579999923706055,4.5257344245910645,52841020
2025-08-11,4.610000133514404,4.679999828338623,4.559999942779541,4.639999866485596,4.585023403167725,45141666
2025-08-12,4.619999885559082,4.650000095367432,4.550000190734863,4.559999942779541,4.505971431732178,42878300
2025-08-13,4.570000171661377,4.599999904632568,4.519999980926514,4.570000171661377,4.515853404998779,43059200
2025-08-14,4.579999923706055,4.679999828338623,4.460000038146973,4.489999771118164,4.436800956726074,64462400
2025-08-15,4.46999979019165,4.579999923706055,4.460000038146973,4.53000020980835,4.476327419281006,47805612
2025-08-18,4.579999923706055,4.739999771118164,4.559999942779541,4.690000057220459,4.6344313621521,94665322
2025-08-19,4.659999847412109,4.75,4.630000114440918,4.699999809265137,4.644312858581543,59914300
2025-08-20,4.699999809265137,4.760000228881836,4.670000076293945,4.760000228881836,4.703602313995361,68040900
2025-08-21,4.75,4.809999942779541,4.690000057220459,4.78000020980835,4.723365306854248,74551700
2025-08-22,4.769999980926514,4.829999923706055,4.739999771118164,4.809999942779541,4.75300931930542,59391761
2025-08-25,4.809999942779541,4.889999866485596,4.75,4.880000114440918,4.822180271148682,70928080
2025-08-26,4.860000133514404,5.099999904632568,4.809999942779541,4.989999771118164,4.930876731872559,122755459
2025-08-27,4.989999771118164,5.010000228881836,4.769999980926514,4.78000020980835,4.723365306854248,95153819
2025-08-28,4.800000190734863,4.960000038146973,4.699999809265137,4.960000038146973,4.9012322425842285,86598100
2025-08-29,5.349999904632568,5.440000057220459,5.170000076293945,5.25,5.187796115875244,225979309
2025-09-01,5.269999980926514,5.460000038146973,5.21999979019165,5.409999847412109,5.345900535583496,163783417
2025-09-02,5.360000133514404,5.400000095367432,5.159999847412109,5.239999771118164,5.177914619445801,115053200
2025-09-03,5.21999979019165,5.369999885559082,5.099999904632568,5.139999866485596,5.079099655151367,94696400
2025-09-04,5.110000133514404,5.21999979019165,4.929999828338623,5.019999980926514,4.960521221160889,89713216
2025-09-05,5.099999904632568,5.320000171661377,5.0,5.300000190734863,5.237204074859619,102590931
2025-09-08,5.230000019073486,5.5,5.199999809265137,5.449999809265137,5.3854265213012695,116372998
2025-09-09,5.400000095367432,5.53000020980835,5.260000228881836,5.300000190734863,5.237204074859619,82958600
2025-09-10,5.28000020980835,5.869999885559082,5.269999980926514,5.789999961853027,5.72139835357666,210252060
2025-09-11,5.699999809265137,5.789999961853027,5.480000019073486,5.739999771118164,5.671990394592285,159311884
2025-09-12,5.699999809265137,5.760000228881836,5.550000190734863,5.550000190734863,5.484241962432861,105722261
2025-09-15,5.559999942779541,6.659999847412109,5.550000190734863,6.659999847412109,6.581089973449707,237674927
2025-09-16,6.880000114440918,7.989999771118164,6.829999923706055,7.71999979019165,7.628530502319336,404688274
2025-09-17,8.069999694824219,8.1899995803833,7.599999904632568,7.699999809265137,7.608767509460449,262583810
2025-09-18,7.489999771118164,7.590000152587891,7.059999942779541,7.170000076293945,7.085047721862793,206618950
2025-09-19,7.199999809265137,7.309999942779541,6.949999809265137,6.989999771118164,6.907179832458496,119429714
2025-09-22,7.0,7.079999923706055,6.760000228881836,6.909999847412109,6.828127861022949,90647605
2025-09-23,6.920000076293945,6.949999809265137,6.539999961853027,6.739999771118164,6.660141944885254,94156200
2025-09-24,6.659999847412109,6.739999771118164,6.570000171661377,6.690000057220459,6.610734939575195,76645600
2025-09-25,6.730000019073486,7.539999961853027,6.679999828338623,7.03000020980835,6.946706295013428,266148641
2025-09-26,6.909999847412109,6.960000038146973,6.5,6.510000228881836,6.432867527008057,163753475
2025-09-29,6.510000228881836,6.610000133514404,6.429999828338623,6.53000020980835,6.452630519866943,76862488
2025-09-30,6.579999923706055,6.710000038146973,6.53000020980835,6.659999847412109,6.581089973449707,79851600
2025-10-09,6.75,6.920000076293945,6.46999979019165,6.71999979019165,6.640378952026367,104809802
2025-10-10,6.690000057220459,6.739999771118164,6.539999961853027,6.579999923706055,6.50203800201416,67621400
2025-10-13,6.25,6.619999885559082,6.190000057220459,6.489999771118164,6.413104057312012,65126348
2025-10-14,6.550000190734863,6.789999961853027,6.380000114440918,6.420000076293945,6.343933582305908,82309980
2025-10-15,6.559999942779541,6.699999809265137,6.400000095367432,6.659999847412109,6.581089973449707,70342300
2025-10-16,6.559999942779541,6.699999809265137,6.389999866485596,6.440000057220459,6.363696575164795,63345345
2025-10-17,6.400000095367432,6.489999771118164,6.139999866485596,6.170000076293945,6.096895694732666,55994505
2025-10-20,6.28000020980835,6.340000152587891,6.179999828338623,6.230000019073486,6.156185150146484,37805100
2025-10-21,6.21999979019165,6.28000020980835,6.179999828338623,6.210000038146973,6.13642168045044,53780320
2025-10-22,6.21999979019165,6.400000095367432,6.210000038146973,6.380000114440918,6.304407596588135,63280200
2025-10-23,6.449999809265137,6.460000038146973,5.849999904632568,6.059999942779541,5.988199234008789,102968718
2025-10-24,6.059999942779541,6.119999885559082,5.949999809265137,6.0,5.928910255432129,69728510
2025-10-27,6.050000190734863,6.159999847412109,5.940000057220459,6.059999942779541,5.988199234008789,51874600
2025-10-28,6.059999942779541,6.170000076293945,5.949999809265137,6.079999923706055,6.007962226867676,48243900
2025-10-29,6.090000152587891,6.28000020980835,6.079999923706055,6.260000228881836,6.185829639434815,77085800
2025-10-30,6.360000133514404,6.489999771118164,6.059999942779541,6.090000152587891,6.017843723297119,112259920
2025-10-31,6.130000114440918,6.380000114440918,6.130000114440918,6.239999771118164,6.1660661697387695,96877677
2025-11-03,6.360000133514404,6.909999847412109,6.360000133514404,6.820000171661377,6.739194393157959,195505620
2025-11-04,6.670000076293945,6.78000020980835,6.53000020980835,6.650000095367432,6.571208477020264,120802113
2025-11-05,6.550000190734863,6.78000020980835,6.46999979019165,6.599999904632568,6.521800994873047,106411899
2025-11-06,6.53000020980835,6.579999923706055,6.199999809265137,6.340000152587891,6.264881610870361,95819169
2025-11-07,6.300000190734863,6.329999923706055,6.159999847412109,6.159999847412109,6.087014198303223,64121120
2025-11-10,6.210000038146973,6.420000076293945,6.150000095367432,6.269999980926514,6.195711135864258,79998290
2025-11-11,6.269999980926514,6.329999923706055,6.139999866485596,6.159999847412109,6.087014198303223,59261000
2025-11-12,6.190000057220459,6.239999771118164,6.050000190734863,6.099999904632568,6.0277252197265625,49249520
2025-11-13,6.090000152587891,6.199999809265137,6.03000020980835,6.190000057220459,6.116658687591553,43211709
2025-11-14,6.110000133514404,6.210000038146973,6.070000171661377,6.070000171661377,5.998080730438232,38880500
2025-11-17,6.039999961853027,6.099999904632568,5.96999979019165,6.079999923706055,6.007962226867676,44776200
2025-11-18,6.059999942779541,6.150000095367432,5.96999979019165,6.150000095367432,6.077132701873779,63854311
2025-11-19,6.110000133514404,6.110000133514404,5.860000133514404,5.909999847412109,5.8399763107299805,66736600
2025-11-20,5.929999828338623,5.96999979019165,5.739999771118164,5.840000152587891,5.770805835723877,45467420
2025-11-21,5.71999979019165,5.920000076293945,5.670000076293945,5.710000038146973,5.642345905303955,48743500
2025-11-24,5.730000019073486,5.989999771118164,5.630000114440918,5.920000076293945,5.849857807159424,60838769
2025-11-25,5.710000038146973,6.119999885559082,5.679999828338623,5.980000019073486,5.909146785736084,108125540
2025-11-26,5.880000114440918,6.0,5.78000020980835,5.809999942779541,5.741161346435547,63316489
2025-11-27,5.75,5.820000171661377,5.639999866485596,5.650000095367432,5.583056926727295,45472776
2025-11-28,5.619999885559082,5.710000038146973,5.590000152587891,5.710000038146973,5.642345905303955,33987899
2025-12-01,5.710000038146973,5.949999809265137,5.690000057220459,5.909999847412109,5.8399763107299805,61912722
2025-12-02,5.909999847412109,5.96999979019165,5.78000020980835,5.840000152587891,5.770805835723877,39988332
2025-12-03,5.840000152587891,5.860000133514404,5.579999923706055,5.599999904632568,5.533649444580078,46482103
2025-12-04,5.590000152587891,5.630000114440918,5.53000020980835,5.550000190734863,5.484241962432861,30007019
2025-12-05,5.559999942779541,5.630000114440918,5.5,5.630000114440918,5.563293933868408,25458519
2025-12-08,5.639999866485596,5.889999866485596,5.619999885559082,5.829999923706055,5.760924339294434,50908200
2025-12-09,5.800000190734863,5.849999904632568,5.710000038146973,5.730000019073486,5.662108898162842,32943800
2025-12-10,5.699999809265137,5.78000020980835,5.650000095367432,5.739999771118164,5.671990394592285,27503685
2025-12-11,5.71999979019165,5.739999771118164,5.550000190734863,5.550000190734863,5.484241962432861,31318101
2025-12-12,5.559999942779541,5.679999828338623,5.5,5.639999866485596,5.573175430297852,31657000
2025-12-15,5.710000038146973,5.889999866485596,5.619999885559082,5.679999828338623,5.612701416015625,61013100
2025-12-16,5.630000114440918,5.71999979019165,5.460000038146973,5.550000190734863,5.484241962432861,57320190
2025-12-17,5.550000190734863,5.679999828338623,5.489999771118164,5.679999828338623,5.612701416015625,48206100
2025-12-18,5.610000133514404,5.909999847412109,5.610000133514404,5.78000020980835,5.711516857147217,62171700
2025-12-19,5.900000095367432,6.079999923706055,5.78000020980835,5.980000019073486,5.909146785736084,100241800
2025-12-22,6.0,6.010000228881836,5.880000114440918,5.929999828338623,5.859739303588867,55160449
2025-12-23,5.889999866485596,5.96999979019165,5.840000152587891,5.920000076293945,5.849857807159424,43842699
2025-12-24,5.869999885559082,5.880000114440918,5.78000020980835,5.880000114440918,5.81033182144165,37198900
2025-12-25,5.860000133514404,6.059999942779541,5.820000171661377,5.869999885559082,5.800450325012207,51260674
2025-12-26,5.840000152587891,5.840000152587891,5.730000019073486,5.75,5.6818718910217285,51050820
2025-12-29,5.710000038146973,5.730000019073486,5.610000133514404,5.630000114440918,5.563293933868408,34275670
2025-12-30,5.650000095367432,5.75,5.610000133514404,5.670000076293945,5.602819919586182,36459399
2025-12-31,5.639999866485596,5.710000038146973,5.570000171661377,5.650000095367432,5.583056926727295,35753744
2026-01-05,5.690000057220459,6.039999961853027,5.679999828338623,6.0,5.928910255432129,98306014
2026-01-06,5.980000019073486,6.039999961853027,5.940000057220459,6.019999980926514,5.948673248291016,60860300
2026-01-07,6.019999980926514,6.269999980926514,5.960000038146973,6.050000190734863,5.978317737579346,71683410
2026-01-08,6.010000228881836,6.190000057220459,5.949999809265137,6.139999866485596,6.067251205444336,54096300
2026-01-09,6.099999904632568,6.349999904632568,6.079999923706055,6.349999904632568,6.274763107299805,103246600
2026-01-12,6.449999809265137,6.710000038146973,6.360000133514404,6.679999828338623,6.600852966308594,155489989
2026-01-13,6.809999942779541,7.710000038146973,6.539999961853027,7.0,6.917061805725098,239858456
2026-01-14,6.889999866485596,7.349999904632568,6.869999885559082,7.010000228881836,6.926943302154541,210334387
2026-01-15,6.940000057220459,7.170000076293945,6.699999809265137,6.809999942779541,6.729312896728516,122744500
2026-01-16,6.760000228881836,6.78000020980835,6.409999847412109,6.489999771118164,6.413104057312012,95663124
2026-01-19,6.489999771118164,6.619999885559082,6.349999904632568,6.489999771118164,6.413104057312012,59020204
2026-01-20,6.489999771118164,6.610000133514404,6.360000133514404,6.429999828338623,6.353815078735352,58402400
2026-01-21,6.519999980926514,6.75,6.46999979019165,6.630000114440918,6.551445484161377,98903455
2026-01-22,6.559999942779541,6.630000114440918,6.489999771118164,6.550000190734863,6.47239351272583,61107960
2026-01-23,6.550000190734863,6.699999809265137,6.5,6.679999828338623,6.600852966308594,70144194
2026-01-26,6.619999885559082,6.670000076293945,6.300000190734863,6.429999828338623,6.353815078735352,78093696
2026-01-27,6.429999828338623,6.519999980926514,6.21999979019165,6.380000114440918,6.304407596588135,49348104
2026-01-28,6.349999904632568,6.46999979019165,6.28000020980835,6.289999961853027,6.2154741287231445,44334600
2026-01-29,6.230000019073486,6.730000019073486,6.130000114440918,6.460000038146973,6.38346004486084,103830432
2026-01-30,6.400000095367432,6.800000190734863,6.25,6.71999979019165,6.640378952026367,148819803
2026-02-02,6.679999828338623,6.880000114440918,6.570000171661377,6.579999923706055,6.50203800201416,121947606
2026-02-03,6.699999809265137,6.869999885559082,6.659999847412109,6.849999904632568,6.768838882446289,123501800
2026-02-04,6.71999979019165,6.820000171661377,6.46999979019165,6.639999866485596,6.56132698059082,102191104
2026-02-05,6.53000020980835,6.880000114440918,6.5,6.730000019073486,6.650260925292969,100352733
2026-02-06,6.619999885559082,6.840000152587891,6.360000133514404,6.71999979019165,6.640378952026367,99511170
2026-02-09,6.840000152587891,7.03000020980835,6.71999979019165,7.03000020980835,6.946706295013428,131975817
2026-02-10,7.110000133514404,7.949999809265137,6.929999828338623,7.519999980926514,7.430900573730469,242039801
2026-02-11,7.420000076293945,7.480000019073486,7.050000190734863,7.059999942779541,6.976350784301758,158736856
2026-02-12,6.96999979019165,7.019999980926514,6.679999828338623,6.75,6.670023918151856,117242645
2026-02-13,6.75,6.800000190734863,6.599999904632568,6.599999904632568,6.521800994873047,70397300
2026-02-24,6.650000095367432,6.659999847412109,6.400000095367432,6.460000038146973,6.38346004486084,63358497
2026-02-25,6.449999809265137,6.519999980926514,6.429999828338623,6.46999979019165,6.393341064453125,46375100
2026-02-26,6.5,6.550000190734863,6.349999904632568,6.369999885559082,6.294526100158691,54947300
2026-02-27,6.340000152587891,6.420000076293945,6.309999942779541,6.400000095367432,6.3241705894470215,38208348
2026-03-02,6.239999771118164,6.269999980926514,6.0,6.019999980926514,5.948673248291016,67861316
2026-03-03,6.0,6.050000190734863,5.769999980926514,5.78000020980835,5.711516857147217,53485208
2026-03-04,5.659999847412109,5.800000190734863,5.659999847412109,5.739999771118164,5.671990394592285,32018599
2026-03-05,5.960000038146973,5.989999771118164,5.809999942779541,5.869999885559082,5.800450325012207,37390820
2026-03-06,5.809999942779541,5.900000095367432,5.809999942779541,5.900000095367432,5.830094814300537,25164499
2026-03-09,5.789999961853027,5.940000057220459,5.679999828338623,5.920000076293945,5.849857807159424,38783999
2026-03-10,5.980000019073486,6.039999961853027,5.880000114440918,6.010000228881836,5.938791751861572,41707838
2026-03-11,6.010000228881836,6.150000095367432,5.960000038146973,6.070000171661377,5.998080730438232,45528346
2026-03-12,6.050000190734863,6.050000190734863,5.889999866485596,5.920000076293945,5.849857807159424,31215220
2026-03-13,5.989999771118164,6.019999980926514,5.849999904632568,5.869999885559082,5.800450325012207,29203300
2026-03-16,5.809999942779541,6.019999980926514,5.78000020980835,6.0,5.928910255432129,32686439
2026-03-17,6.010000228881836,6.090000152587891,5.900000095367432,5.909999847412109,5.8399763107299805,30913400
2026-03-18,5.920000076293945,5.96999979019165,5.840000152587891,5.949999809265137,5.879502296447754,23769700
2026-03-19,5.889999866485596,5.900000095367432,5.75,5.78000020980835,5.711516857147217,27886400
2026-03-20,5.800000190734863,5.829999923706055,5.599999904632568,5.599999904632568,5.533649444580078,31381899
2026-03-23,5.440000057220459,5.53000020980835,5.25,5.300000190734863,5.237204074859619,42723200
2026-03-24,5.409999847412109,5.46999979019165,5.320000171661377,5.449999809265137,5.3854265213012695,40975396
2026-03-25,5.460000038146973,5.650000095367432,5.460000038146973,5.639999866485596,5.573175430297852,30603123
2026-03-26,5.610000133514404,5.659999847412109,5.449999809265137,5.46999979019165,5.405189514160156,26848100
2026-03-27,5.400000095367432,5.650000095367432,5.389999866485596,5.639999866485596,5.573175430297852,25250840
2026-03-30,5.559999942779541,5.650000095367432,5.519999980926514,5.639999866485596,5.573175430297852,22412100
2026-03-31,5.590000152587891,5.650000095367432,5.409999847412109,5.420000076293945,5.35578203201294,41956359
2026-04-01,5.559999942779541,5.639999866485596,5.489999771118164,5.639999866485596,5.573175430297852,38381800
2026-04-02,5.639999866485596,5.690000057220459,5.480000019073486,5.53000020980835,5.464478969573975,31842544
2026-04-03,5.550000190734863,5.550000190734863,5.28000020980835,5.289999961853027,5.227322101593018,27613559
2026-04-07,5.300000190734863,5.460000038146973,5.300000190734863,5.449999809265137,5.3854265213012695,25444900
2026-04-08,5.579999923706055,5.760000228881836,5.579999923706055,5.760000228881836,5.69175386428833,43604500
2026-04-09,5.659999847412109,5.690000057220459,5.53000020980835,5.559999942779541,5.494123458862305,33717200
2026-04-10,5.599999904632568,5.690000057220459,5.579999923706055,5.619999885559082,5.553412437438965,24911800
2026-04-13,5.550000190734863,5.570000171661377,5.460000038146973,5.489999771118164,5.424952507019043,26967300
2026-04-14,5.570000171661377,5.610000133514404,5.46999979019165,5.539999961853027,5.47435998916626,24529200
2026-04-15,5.590000152587891,5.619999885559082,5.5,5.510000228881836,5.444715976715088,27192960
2026-04-16,5.539999961853027,5.699999809265137,5.53000020980835,5.670000076293945,5.602819919586182,40472000
2026-04-17,5.619999885559082,5.659999847412109,5.550000190734863,5.630000114440918,5.563293933868408,27683700
2026-04-20,5.610000133514404,5.710000038146973,5.579999923706055,5.699999809265137,5.632464408874512,26415820
2026-04-21,5.670000076293945,6.0,5.659999847412109,5.880000114440918,5.81033182144165,68279929
2026-04-22,5.800000190734863,5.829999923706055,5.650000095367432,5.769999980926514,5.701634883880615,43986395
2026-04-23,5.71999979019165,5.980000019073486,5.659999847412109,5.940000057220459,5.869620800018311,61972783
2026-04-24,5.840000152587891,6.010000228881836,5.739999771118164,5.989999771118164,5.919028282165527,62226399
2026-04-27,5.949999809265137,6.190000057220459,5.880000114440918,6.170000076293945,6.096895694732666,66082821
2026-04-28,6.110000133514404,6.210000038146973,5.989999771118164,6.039999961853027,5.968436241149902,54709900
2026-04-29,5.980000019073486,6.130000114440918,5.920000076293945,5.96999979019165,5.899265289306641,47645000
2026-04-30,5.920000076293945,5.989999771118164,5.820000171661377,5.849999904632568,5.78068733215332,41213354
2026-05-06,5.929999828338623,5.929999828338623,5.849999904632568,5.869999885559082,5.800450325012207,35212320
2026-05-07,5.849999904632568,6.03000020980835,5.809999942779541,6.019999980926514,5.948673248291016,46898026
2026-05-08,5.980000019073486,6.159999847412109,5.960000038146973,5.960000038146973,5.889383792877197,62862306
2026-05-11,5.989999771118164,6.050000190734863,5.820000171661377,5.849999904632568,5.78068733215332,47674773
2026-05-12,5.849999904632568,5.849999904632568,5.639999866485596,5.659999847412109,5.592938423156738,42485298
2026-05-13,5.619999885559082,5.730000019073486,5.619999885559082,5.699999809265137,5.632464408874512,27888616
2026-05-14,5.699999809265137,5.829999923706055,5.429999828338623,5.440000057220459,5.375545024871826,43107700
2026-05-15,5.449999809265137,5.539999961853027,5.400000095367432,5.440000057220459,5.375545024871826,28664173
2026-05-18,5.449999809265137,5.5,5.409999847412109,5.480000019073486,5.4150710105896,24950700
2026-05-19,5.449999809265137,5.559999942779541,5.420000076293945,5.53000020980835,5.464478969573975,27249418
2026-05-20,5.5,5.510000228881836,5.21999979019165,5.25,5.187796115875244,37277304
2026-05-21,5.269999980926514,5.340000152587891,5.0,5.03000020980835,4.97040319442749,36001909
2026-05-22,5.070000171661377,5.119999885559082,4.949999809265137,5.039999961853027,4.980284214019775,24797400
2026-05-25,5.039999961853027,5.050000190734863,4.699999809265137,4.809999942779541,4.75300931930542,48801600
2026-05-26,4.769999980926514,4.820000171661377,4.679999828338623,4.75,4.69372034072876,30860770
2026-05-27,4.78000020980835,4.900000095367432,4.699999809265137,4.730000019073486,4.673957347869873,32849500
2026-05-28,4.710000038146973,4.809999942779541,4.650000095367432,4.769999980926514,4.713483333587647,27149160
2026-05-29,4.769999980926514,4.820000171661377,4.679999828338623,4.710000038146973,4.654194355010986,28062184
2026-06-01,4.78000020980835,4.949999809265137,4.75,4.909999847412109,4.851824760437012,40383209
2026-06-02,4.889999866485596,4.900000095367432,4.71999979019165,4.769999980926514,4.713483333587647,27419216
2026-06-03,4.800000190734863,4.800000190734863,4.610000133514404,4.639999866485596,4.585023403167725,26595827
2026-06-04,4.619999885559082,4.639999866485596,4.480000019073486,4.539999961853027,4.486208438873291,29644298
2026-06-05,4.53000020980835,4.679999828338623,4.53000020980835,4.599999904632568,4.545497417449951,31728900
2026-06-08,4.460000038146973,4.690000057220459,4.429999828338623,4.510000228881836,4.456564426422119,26587100
2026-06-09,4.550000190734863,4.610000133514404,4.449999809265137,4.53000020980835,4.476327419281006,23416100
2026-06-10,4.489999771118164,4.789999961853027,4.460000038146973,4.739999771118164,4.683838844299316,56814960
2026-06-11,4.659999847412109,4.670000076293945,4.46999979019165,4.5,4.446682453155518,39560460
2026-06-12,4.519999980926514,4.550000190734863,4.329999923706055,4.449999809265137,4.397274971008301,40496861
2026-06-15,4.460000038146973,4.53000020980835,4.440000057220459,4.489999771118164,4.436800956726074,27009601
2026-06-16,4.46999979019165,4.46999979019165,4.340000152587891,4.400000095367432,4.347867488861084,31738300
2026-06-17,4.369999885559082,4.380000114440918,4.190000057220459,4.210000038146973,4.160118579864502,40136540
2026-06-18,4.190000057220459,4.28000020980835,4.130000114440918,4.239999771118164,4.189763069152832,27440100
2026-06-22,4.179999828338623,4.360000133514404,4.159999847412109,4.349999904632568,4.298459529876709,36985200
2026-06-23,4.300000190734863,4.389999866485596,4.25,4.28000020980835,4.229289531707764,29352900
2026-06-24,4.260000228881836,4.320000171661377,4.139999866485596,4.199999809265137,4.1502366065979,27329619
2026-06-25,4.210000038146973,4.300000190734863,4.179999828338623,4.21999979019165,4.170000076293945,31815538
2026-06-26,4.150000095367432,4.170000076293945,3.950000047683716,4.010000228881836,4.010000228881836,36478020
2026-06-29,4.079999923706055,4.349999904632568,4.059999942779541,4.210000038146973,4.210000038146973,61467190
2026-06-30,4.179999828338623,4.389999866485596,4.130000114440918,4.349999904632568,4.349999904632568,43122290
2026-07-01,4.360000133514404,4.449999809265137,4.300000190734863,4.420000076293945,4.420000076293945,35242601
2026-07-02,4.480000019073486,4.539999961853027,4.349999904632568,4.400000095367432,4.400000095367432,42842488
2026-07-03,4.429999828338623,4.5,4.289999961853027,4.369999885559082,4.369999885559082,36930589
2026-07-06,4.389999866485596,4.559999942779541,4.329999923706055,4.53000020980835,4.53000020980835,59390510
2026-07-07,4.599999904632568,5.440000057220459,4.53000020980835,5.170000076293945,5.170000076293945,175716715
2026-07-08,5.079999923706055,5.360000133514404,4.960000038146973,5.349999904632568,5.349999904632568,167928489
2026-07-09,5.269999980926514,5.400000095367432,5.019999980926514,5.289999961853027,5.289999961853027,117333030
2026-07-10,5.239999771118164,5.809999942779541,5.190000057220459,5.800000190734863,5.800000190734863,168910525
2026-07-13,5.380000114440918,5.440000057220459,4.809999942779541,4.809999942779541,4.809999942779541,139215200
2026-07-14,4.789999961853027,4.789999961853027,4.380000114440918,4.670000076293945,4.670000076293945,107860955
2026-07-15,4.599999904632568,5.199999809265137,4.559999942779541,4.909999847412109,4.909999847412109,105181714
2026-07-16,4.829999923706055,4.989999771118164,4.75,4.840000152587891,4.840000152587891,83943407
2026-07-17,4.78000020980835,4.889999866485596,4.5,4.5,4.5,78933817
2026-07-20,4.590000152587891,4.679999828338623,4.329999923706055,4.429999828338623,4.429999828338623,65997560
2026-07-21,4.389999866485596,4.5,4.210000038146973,4.5,4.5,59949300
2026-07-22,4.440000057220459,4.460000038146973,4.329999923706055,4.369999885559082,4.369999885559082,46475600
2026-07-23,4.360000133514404,4.460000038146973,4.320000171661377,4.460000038146973,4.460000038146973,38450265
2026-07-24,4.380000114440918,4.389999866485596,4.230000019073486,4.269999980926514,4.269999980926514,35949000
2026-07-27,4.239999771118164,4.420000076293945,4.230000019073486,4.400000095367432,4.400000095367432,30922819
2026-07-28,4.400000095367432,4.5,4.360000133514404,4.420000076293945,4.420000076293945,32186987
2026-07-29,4.409999847412109,4.769999980926514,4.409999847412109,4.679999828338623,4.679999828338623,73474960
2026-07-30,4.599999904632568,4.829999923706055,4.489999771118164,4.5,4.5,64016214
2026-07-31,4.449999809265137,4.880000114440918,4.440000057220459,4.760000228881836,4.760000228881836,76673200
2026-08-03,4.75,4.860000133514404,4.699999809265137,4.789999961853027,4.789999961853027,49642914
2026-08-04,4.78000020980835,4.949999809265137,4.760000228881836,4.949999809265137,4.949999809265137,61146469
2026-08-05,4.880000114440918,4.980000019073486,4.849999904632568,4.940000057220459,4.940000057220459,50659522
2026-08-06,4.909999847412109,5.059999942779541,4.800000190734863,4.869999885559082,4.869999885559082,55576878
2026-08-07,4.829999923706055,4.840000152587891,4.670000076293945,4.809999942779541,4.809999942779541,42348419
2026-08-10,4.880000114440918,4.920000076293945,4.730000019073486,4.909999847412109,4.909999847412109,34629000
2026-08-11,4.900000095367432,4.980000019073486,4.840000152587891,4.869999885559082,4.869999885559082,28751900
2026-08-12,4.880000114440918,4.949999809265137,4.829999923706055,4.900000095367432,4.900000095367432,26075588
2026-08-13,4.909999847412109,4.980000019073486,4.78000020980835,4.789999961853027,4.789999961853027,38460084
2026-08-14,4.789999961853027,4.829999923706055,4.670000076293945,4.820000171661377,4.820000171661377,32428600
