Date,Open,High,Low,Close,Adj Close,Volume
2021-08-16,11.720000267028809,12.010000228881836,11.609999656677246,11.960000038146973,11.80791473388672,7612843
2021-08-17,11.949999809265137,12.300000190734863,11.850000381469728,11.989999771118164,11.837532997131348,9952247
2021-08-18,11.899999618530272,12.279999732971191,11.779999732971191,12.25,12.094226837158203,9218522
2021-08-19,12.260000228881836,13.350000381469728,12.1899995803833,13.15999984741211,12.99265480041504,23653870
2021-08-20,12.93000030517578,15.699999809265137,12.899999618530272,15.31999969482422,15.125187873840332,46094471
2021-08-23,15.8100004196167,16.440000534057617,14.880000114440918,16.200000762939453,15.993998527526855,39999919
2021-08-24,15.850000381469728,16.670000076293945,15.710000038146973,16.3799991607666,16.171709060668945,28022023
2021-08-25,16.200000762939453,18.850000381469727,16.010000228881836,18.549999237060547,18.31411361694336,39916569
2021-08-26,18.170000076293945,18.26000022888184,17.260000228881836,17.540000915527344,17.316959381103516,25431952
2021-08-27,17.280000686645508,17.969999313354492,17.049999237060547,17.450000762939453,17.228103637695312,20570608
2021-08-30,17.0,19.399999618530277,16.989999771118164,18.13999938964844,17.90932846069336,30648166
2021-08-31,18.739999771118164,19.18000030517578,18.18000030517578,18.84000015258789,18.60042762756348,26313496
2021-09-01,19.25,19.57999992370605,17.950000762939453,18.350000381469727,18.11665916442871,19103916
2021-09-02,18.1200008392334,19.299999237060547,18.06999969482422,19.200000762939453,18.95585060119629,18807717
2021-09-03,19.65999984741211,22.670000076293945,19.520000457763672,21.790000915527344,21.512914657592773,38857235
2021-09-06,21.780000686645508,23.0,20.799999237060547,22.36000061035156,22.075666427612305,23681761
2021-09-07,22.09000015258789,22.479999542236328,21.15999984741211,21.530000686645508,21.256221771240234,14881091
2021-09-08,21.5,22.299999237060547,20.82999992370605,22.21999931335449,21.93744659423828,15884378
2021-09-09,22.270000457763672,22.920000076293945,21.5,21.690000534057617,21.414186477661133,12992614
2021-09-10,21.96999931335449,23.1299991607666,21.459999084472656,22.850000381469727,22.55943489074707,17714833
2021-09-13,23.280000686645508,23.399999618530277,21.440000534057617,21.790000915527344,21.512914657592773,22256818
2021-09-14,21.209999084472656,22.63999938964844,21.149999618530277,21.709999084472656,21.433931350708008,18780918
2021-09-15,21.600000381469727,23.82999992370605,21.530000686645508,23.0,22.70752716064453,19826854
2021-09-16,23.0,23.0,19.399999618530277,19.670000076293945,19.419872283935547,30607645
2021-09-17,20.11000061035156,21.09000015258789,19.75,19.96999931335449,19.71605682373047,22165858
2021-09-22,19.65999984741211,22.3799991607666,19.51000022888184,21.84000015258789,21.562278747558597,21461097
2021-09-23,22.239999771118164,22.25,20.96999931335449,21.229999542236328,20.96003532409668,10114932
2021-09-24,21.229999542236328,21.690000534057617,20.65999984741211,20.81999969482422,20.555248260498047,6693715
2021-09-27,20.81999969482422,21.15999984741211,18.799999237060547,19.440000534057617,19.192798614501957,11678024
2021-09-28,19.690000534057617,20.09000015258789,19.290000915527344,19.799999237060547,19.548219680786133,6370434
2021-09-29,19.700000762939453,20.0,18.799999237060547,18.940000534057617,18.69915580749512,9003629
2021-09-30,19.25,19.940000534057617,18.90999984741211,19.71999931335449,19.469236373901367,7015891
2021-10-08,20.100000381469727,20.93000030517578,19.43000030517578,19.61000061035156,19.36063575744629,8527762
2021-10-11,19.690000534057617,19.88999938964844,18.75,18.90999984741211,18.66953659057617,7589229
2021-10-12,19.280000686645508,19.350000381469727,18.34000015258789,18.530000686645508,18.29437065124512,7930800
2021-10-13,18.8799991607666,18.8799991607666,18.07999992370605,18.100000381469727,17.869836807250977,5214036
2021-10-14,18.059999465942383,18.540000915527344,17.690000534057617,17.950000762939453,17.721744537353516,5510001
2021-10-15,18.0,18.030000686645508,17.5,17.6200008392334,17.39594268798828,7260673
2021-10-18,17.700000762939453,18.59000015258789,17.6200008392334,18.209999084472656,17.978437423706055,5996500
2021-10-19,18.21999931335449,19.18000030517578,18.21999931335449,18.399999618530277,18.1660213470459,7942151
2021-10-20,18.34000015258789,18.549999237060547,18.0,18.489999771118164,18.2548770904541,7217768
2021-10-21,18.40999984741211,18.559999465942383,18.100000381469727,18.450000762939453,18.21538734436035,3748822
2021-10-22,18.399999618530277,18.57999992370605,17.81999969482422,17.8799991607666,17.652633666992188,6678796
2021-10-25,18.100000381469727,19.100000381469727,17.479999542236328,18.15999984741211,17.929073333740234,7845700
2021-10-26,19.989999771118164,20.149999618530277,19.1299991607666,19.8700008392334,19.61733055114746,19676035
2021-10-27,20.040000915527344,20.57999992370605,19.690000534057617,19.93000030517578,19.67656707763672,12119618
2021-10-28,19.309999465942383,20.06999969482422,18.5,18.5,18.26475143432617,11962369
2021-10-29,18.36000061035156,18.82999992370605,17.229999542236328,18.489999771118164,18.2548770904541,17804321
2021-11-01,18.43000030517578,20.280000686645508,18.280000686645508,19.96999931335449,19.71605682373047,12649211
2021-11-02,20.1299991607666,20.57999992370605,19.440000534057617,19.799999237060547,19.548219680786133,12503906
2021-11-03,19.850000381469727,20.200000762939453,18.899999618530277,19.399999618530277,19.153305053710938,6707206
2021-11-04,19.209999084472656,21.729999542236328,19.209999084472656,21.57999992370605,21.305583953857425,11225251
2021-11-05,21.51000022888184,21.600000381469727,20.649999618530277,20.75,20.48613929748535,8882124
2021-11-08,20.8700008392334,21.420000076293945,20.299999237060547,21.190000534057617,20.92054557800293,6357966
2021-11-09,21.190000534057617,21.809999465942383,20.68000030517578,21.6200008392334,21.34507751464844,8300758
2021-11-10,21.979999542236328,23.36000061035156,21.899999618530277,22.420000076293945,22.13490295410156,15164685
2021-11-11,22.420000076293945,22.739999771118164,21.81999969482422,22.420000076293945,22.13490295410156,9145900
2021-11-12,22.479999542236328,24.729999542236328,21.940000534057617,24.0,23.694812774658203,14188757
2021-11-15,24.01000022888184,26.350000381469727,23.100000381469727,26.049999237060547,25.71874237060547,16903038
2021-11-16,25.8700008392334,26.34000015258789,25.600000381469727,26.030000686645508,25.698999404907227,10165118
2021-11-17,25.8799991607666,26.36000061035156,25.399999618530277,26.299999237060547,25.965564727783203,8712850
2021-11-18,26.0,28.8799991607666,25.81999969482422,27.979999542236328,27.62420082092285,10754682
2021-11-19,27.06999969482422,28.899999618530277,26.200000762939453,27.899999618530277,27.54521751403809,20632531
2021-11-22,28.11000061035156,28.3700008392334,26.920000076293945,27.100000381469727,26.75539207458496,11894718
2021-11-23,27.09000015258789,28.8799991607666,26.63999938964844,28.3700008392334,28.00924301147461,8901567
2021-11-24,28.299999237060547,28.5,27.13999938964844,27.270000457763672,26.92323112487793,8662185
2021-11-25,27.450000762939453,28.399999618530277,26.989999771118164,27.21999931335449,26.87386512756348,9152820
2021-11-26,27.31999969482422,27.399999618530277,26.200000762939453,26.90999984741211,26.56780815124512,9208057
2021-11-29,26.88999938964844,27.700000762939453,26.350000381469727,26.530000686645508,26.19264030456543,7757400
2021-11-30,26.43000030517578,26.700000762939453,24.790000915527344,24.850000381469727,24.53400421142578,14992708
2021-12-01,25.020000457763672,25.18000030517578,23.68000030517578,24.1200008392334,23.81328582763672,10341980
2021-12-02,24.11000061035156,24.5,23.71999931335449,23.899999618530277,23.59608268737793,7070084
2021-12-03,24.57999992370605,26.920000076293945,23.979999542236328,25.51000022888184,25.185609817504883,12710257
2021-12-06,25.489999771118164,27.899999618530277,24.93000030517578,27.61000061035156,27.258907318115234,12558037
2021-12-07,27.68000030517578,27.88999938964844,25.729999542236328,26.649999618530277,26.311113357543945,9640197
2021-12-08,26.5,27.799999237060547,26.100000381469727,26.549999237060547,26.212385177612305,6317091
2021-12-09,26.309999465942383,27.11000061035156,25.149999618530277,26.18000030517578,25.847091674804688,8505374
2021-12-10,26.43000030517578,27.09000015258789,25.649999618530277,26.63999938964844,26.301240921020508,5968029
2021-12-13,26.57999992370605,28.3799991607666,25.82999992370605,28.190000534057617,27.831531524658203,11446421
2021-12-14,28.100000381469727,29.649999618530277,27.63999938964844,29.25,28.8780517578125,11662719
2021-12-15,29.309999465942383,31.350000381469727,29.290000915527344,30.3799991607666,29.99368095397949,15130084
2021-12-16,30.100000381469727,32.0,29.950000762939453,30.65999984741211,30.27012252807617,9725536
2021-12-17,30.200000762939453,31.549999237060547,29.82999992370605,30.81999969482422,30.42808723449707,7087260
2021-12-20,30.600000381469727,31.049999237060547,29.229999542236328,29.5,29.1248722076416,6194579
2021-12-21,29.809999465942383,31.18000030517578,29.049999237060547,31.059999465942383,30.66503524780273,5582942
2021-12-22,31.600000381469727,32.86000061035156,30.700000762939453,31.07999992370605,30.68478202819824,7126377
2021-12-23,30.71999931335449,30.86000061035156,30.0,30.71999931335449,30.32935905456543,4813512
2021-12-24,30.3700008392334,32.5,30.350000381469727,31.450000762939453,31.05007743835449,6774062
2021-12-27,31.09000015258789,32.09000015258789,30.700000762939453,31.56999969482422,31.168550491333008,4103977
2021-12-28,33.0,33.45000076293945,30.8700008392334,31.700000762939453,31.296897888183597,7012797
2021-12-29,31.700000762939453,31.700000762939453,29.01000022888184,30.649999618530277,30.2602481842041,12125020
2021-12-30,30.190000534057617,31.100000381469727,26.549999237060547,26.790000915527344,26.4493350982666,19389393
2021-12-31,27.5,29.3700008392334,27.26000022888184,28.26000022888184,27.9006404876709,18828097
2022-01-04,28.649999618530277,28.649999618530277,26.0,26.059999465942383,25.72861671447754,8861286
2022-01-05,26.059999465942383,26.280000686645508,24.5,25.690000534057617,25.36332130432129,8606179
2022-01-06,25.350000381469727,27.049999237060547,25.15999984741211,26.76000022888184,26.419715881347656,6741212
2022-01-07,26.700000762939453,27.06999969482422,25.700000762939453,25.8700008392334,25.54103279113769,4136082
2022-01-10,25.61000061035156,26.979999542236328,25.270000457763672,26.200000762939453,25.86683654785156,6724500
2022-01-11,26.420000076293945,26.82999992370605,25.3700008392334,25.790000915527344,25.46205139160156,4019810
2022-01-12,26.0,26.549999237060547,24.489999771118164,24.76000022888184,24.445148468017575,10086500
2022-01-13,24.350000381469727,24.700000762939453,22.979999542236328,23.299999237060547,23.003711700439453,12879126
2022-01-14,23.200000762939453,23.38999938964844,22.399999618530277,22.899999618530277,22.60879898071289,12651269
2022-01-17,22.63999938964844,24.68000030517578,22.450000762939453,24.479999542236328,24.1687068939209,10471586
2022-01-18,24.100000381469727,26.559999465942383,24.01000022888184,25.280000686645508,24.95853614807129,10293578
2022-01-19,25.280000686645508,25.790000915527344,24.239999771118164,24.38999938964844,24.07985115051269,5736755
2022-01-20,24.18000030517578,24.479999542236328,23.40999984741211,23.59000015258789,23.29002571105957,8183014
2022-01-21,23.65999984741211,23.86000061035156,23.0,23.18000030517578,22.885238647460938,4711287
2022-01-24,23.18000030517578,23.8799991607666,22.739999771118164,23.100000381469727,22.806257247924805,7967740
2022-01-25,23.18000030517578,23.350000381469727,21.850000381469727,21.90999984741211,21.63138771057129,6449958
2022-01-26,20.0,22.989999771118164,20.0,22.11000061035156,21.828845977783203,13405508
2022-01-27,22.299999237060547,25.440000534057617,22.0,22.8700008392334,22.579181671142575,17029195
2022-01-28,22.709999084472656,24.399999618530277,21.68000030517578,24.100000381469727,23.793540954589844,10046073
2022-02-07,24.1200008392334,24.270000457763672,21.899999618530277,22.13999938964844,21.85846328735352,10895651
2022-02-08,22.06999969482422,24.790000915527344,22.06999969482422,23.61000061035156,23.30977249145508,11349149
2022-02-09,23.350000381469727,25.790000915527344,22.799999237060547,24.90999984741211,24.59324073791504,10235617
2022-02-10,25.0,25.26000022888184,23.709999084472656,24.020000457763672,23.71455764770508,4905287
2022-02-11,24.149999618530277,24.170000076293945,22.799999237060547,23.06999969482422,22.77663803100586,5456530
2022-02-14,22.61000061035156,23.399999618530277,22.229999542236328,22.700000762939453,22.41134452819824,3469061
2022-02-15,22.559999465942383,23.850000381469727,22.190000534057617,23.799999237060547,23.49735450744629,3843582
2022-02-16,23.770000457763672,25.790000915527344,23.709999084472656,25.36000061035156,25.037517547607425,5313688
2022-02-17,25.780000686645508,27.8799991607666,25.32999992370605,26.200000762939453,25.86683654785156,7167775
2022-02-18,26.0,27.520000457763672,25.799999237060547,26.0,25.66938018798828,4952090
2022-02-21,26.1200008392334,26.57999992370605,25.09000015258789,25.76000022888184,25.432432174682617,5759304
2022-02-22,25.600000381469727,26.57999992370605,25.0,25.90999984741211,25.58052444458008,6131273
2022-02-23,25.86000061035156,26.3700008392334,25.21999931335449,25.40999984741211,25.08688163757324,4566693
2022-02-24,25.18000030517578,25.690000534057617,24.0,24.36000061035156,24.050233840942383,5716463
2022-02-25,24.68000030517578,26.8700008392334,24.280000686645508,25.96999931335449,25.639760971069336,8962932
2022-02-28,26.0,29.07999992370605,25.920000076293945,28.68000030517578,28.31529998779297,10096071
2022-03-01,28.76000022888184,28.950000762939453,27.190000534057617,28.790000915527344,28.42390251159668,9984505
2022-03-02,28.790000915527344,28.989999771118164,27.86000061035156,28.46999931335449,28.107969284057617,4239513
2022-03-03,28.989999771118164,28.989999771118164,27.799999237060547,28.030000686645508,27.673566818237305,3006070
2022-03-04,27.729999542236328,28.93000030517578,27.18000030517578,28.459999084472656,28.09809684753418,5255401
2022-03-07,28.350000381469727,29.170000076293945,28.0,28.68000030517578,28.31529998779297,5999006
2022-03-08,28.600000381469727,29.479999542236328,27.93000030517578,28.670000076293945,28.30542755126953,9763016
2022-03-09,28.71999931335449,29.280000686645508,25.65999984741211,27.40999984741211,27.06144905090332,7921193
2022-03-10,27.959999084472656,29.3799991607666,27.40999984741211,28.09000015258789,27.73280334472656,5210021
2022-03-11,28.0,28.0,26.59000015258789,27.030000686645508,26.686283111572266,6149492
2022-03-14,27.309999465942383,27.309999465942383,24.6299991607666,24.700000762939453,24.38591194152832,8974035
2022-03-15,24.399999618530277,25.56999969482422,24.200000762939453,24.200000762939453,23.892269134521484,5910367
2022-03-16,24.739999771118164,26.399999618530277,23.690000534057617,25.799999237060547,25.471921920776367,7138759
2022-03-17,26.56999969482422,27.489999771118164,26.100000381469727,26.690000534057617,26.350605010986328,5079760
2022-03-18,26.51000022888184,26.86000061035156,25.729999542236328,26.049999237060547,25.71874237060547,3132857
2022-03-21,26.18000030517578,26.420000076293945,24.959999084472656,26.0,25.66938018798828,3294989
2022-03-22,25.989999771118164,26.790000915527344,25.31999969482422,26.020000457763672,25.68912506103516,3766109
2022-03-23,26.0,26.38999938964844,25.700000762939453,26.0,25.66938018798828,2223804
2022-03-24,26.100000381469727,26.149999618530277,24.850000381469727,25.5,25.175737380981445,2277564
2022-03-25,25.65999984741211,26.06999969482422,24.670000076293945,24.770000457763672,24.455020904541016,2289684
2022-03-28,24.440000534057617,24.8700008392334,24.229999542236328,24.649999618530277,24.336545944213867,1842234
2022-03-29,24.989999771118164,25.06999969482422,23.56999969482422,23.899999618530277,23.59608268737793,2558582
2022-03-30,23.950000762939453,24.229999542236328,23.280000686645508,23.63999938964844,23.33938980102539,2698888
2022-03-31,23.1200008392334,23.780000686645508,22.700000762939453,23.290000915527344,22.99384117126465,3622534
2022-04-01,23.030000686645508,24.299999237060547,23.030000686645508,24.0,23.694812774658203,2569267
2022-04-06,23.899999618530277,23.899999618530277,22.40999984741211,22.96999931335449,22.677907943725582,4244584
2022-04-07,22.96999931335449,22.96999931335449,21.770000457763672,21.88999938964844,21.61164283752441,3984246
2022-04-08,22.149999618530277,22.75,21.770000457763672,21.88999938964844,21.61164283752441,2776780
2022-04-11,21.700000762939453,22.299999237060547,20.25,20.549999237060547,20.28868103027344,4321258
2022-04-12,20.6299991607666,20.709999084472656,19.90999984741211,20.26000022888184,20.002370834350582,5697871
2022-04-13,20.11000061035156,20.1299991607666,19.200000762939453,19.21999931335449,18.97559356689453,3993798
2022-04-14,19.31999969482422,21.32999992370605,19.31999969482422,21.020000457763672,20.75270652770996,9988995
2022-04-15,21.18000030517578,22.100000381469727,19.899999618530277,20.100000381469727,19.844406127929688,5638368
2022-04-18,20.1200008392334,20.399999618530277,19.040000915527344,19.8799991607666,19.627201080322266,2763185
2022-04-19,20.0,21.0,19.56999969482422,20.21999931335449,19.962879180908203,2976178
2022-04-20,20.0,20.350000381469727,19.520000457763672,19.65999984741211,19.40999984741211,2763534
2022-04-21,19.36000061035156,19.850000381469727,18.68000030517578,19.100000381469727,18.857120513916016,5376736
2022-04-22,18.559999465942383,19.200000762939453,18.540000915527344,18.670000076293945,18.432588577270508,2905356
2022-04-25,18.270000457763672,18.290000915527344,16.729999542236328,16.81999969482422,16.60611343383789,7381718
2022-04-26,16.75,17.190000534057617,15.510000228881836,16.0,15.796541213989258,8622389
2022-04-27,15.9399995803833,16.920000076293945,14.899999618530272,16.399999618530273,16.19145393371582,13764598
2022-04-28,16.149999618530273,16.6200008392334,15.5,16.5,16.290184020996094,6642884
2022-04-29,16.899999618530273,18.18000030517578,16.670000076293945,18.07999992370605,17.8500919342041,6941451
2022-05-05,17.6200008392334,18.399999618530277,17.6200008392334,17.920000076293945,17.69212532043457,3829684
2022-05-06,16.850000381469727,18.020000457763672,15.18000030517578,18.020000457763672,17.790855407714844,2685438
2022-05-09,17.889999389648438,18.270000457763672,17.280000686645508,17.579999923706055,17.356449127197266,3156800
2022-05-10,17.719999313354492,19.0,17.049999237060547,18.729999542236328,18.49182510375977,6454240
2022-05-11,18.850000381469727,20.100000381469727,18.59000015258789,19.049999237060547,18.807756423950195,6234713
2022-05-12,18.700000762939453,19.59000015258789,18.700000762939453,19.07999992370605,18.83737564086914,2496901
2022-05-13,19.479999542236328,19.68000030517578,18.520000457763672,18.950000762939453,18.709030151367188,2748772
2022-05-16,18.799999237060547,19.290000915527344,18.5,18.88999938964844,18.649791717529297,2730677
2022-05-17,18.989999771118164,19.770000457763672,18.559999465942383,19.549999237060547,19.3013973236084,2837045
2022-05-18,19.68000030517578,20.649999618530277,19.299999237060547,20.149999618530277,19.893768310546875,3481066
2022-05-19,20.030000686645508,22.940000534057617,19.770000457763672,22.88999938964844,22.598926544189453,7366605
2022-05-20,22.6299991607666,24.01000022888184,22.549999237060547,23.040000915527344,22.747020721435547,5662251
2022-05-23,23.049999237060547,23.1200008392334,22.0,22.190000534057617,21.90782928466797,4454140
2022-05-24,22.299999237060547,22.530000686645508,21.200000762939453,21.26000022888184,20.989654541015625,2884777
2022-05-25,21.399999618530277,21.950000762939453,21.100000381469727,21.799999237060547,21.52278709411621,2342901
2022-05-26,21.76000022888184,22.799999237060547,21.5,22.0,21.72024345397949,2276613
2022-05-27,22.200000762939453,22.6299991607666,21.3799991607666,21.51000022888184,21.236474990844727,1516181
2022-05-30,21.270000457763672,23.5,21.0,23.0,22.70752716064453,4545814
2022-05-31,23.3799991607666,23.3799991607666,22.21999931335449,22.920000076293945,22.6285457611084,3064416
2022-06-01,22.899999618530277,24.0,22.63999938964844,23.100000381469727,22.806257247924805,2490528
2022-06-02,23.100000381469727,23.75,22.18000030517578,23.13999938964844,22.845746994018555,4511304
2022-06-06,23.280000686645508,23.770000457763672,22.75,23.61000061035156,23.30977249145508,2381678
2022-06-07,23.549999237060547,23.690000534057617,22.65999984741211,23.31999969482422,23.02345848083496,2015494
2022-06-08,23.01000022888184,24.200000762939453,22.700000762939453,23.790000915527344,23.487483978271484,3335935
2022-06-09,23.6299991607666,23.81999969482422,22.25,22.559999465942383,22.273122787475582,4678411
2022-06-10,22.46999931335449,22.71999931335449,21.8799991607666,22.100000381469727,21.81897354125977,4193364
2022-06-13,22.100000381469727,23.26000022888184,22.100000381469727,23.209999084472656,22.91485595703125,3111167
2022-06-14,22.959999084472656,23.11000061035156,21.229999542236328,21.75,21.47342300415039,5354823
2022-06-15,21.75,23.299999237060547,21.38999938964844,22.8799991607666,22.589052200317383,4503299
2022-06-16,22.920000076293945,24.07999992370605,22.350000381469727,22.76000022888184,22.4705810546875,4714573
2022-06-17,22.770000457763672,23.6299991607666,22.600000381469727,23.36000061035156,23.062950134277344,3269172
2022-06-20,23.68000030517578,24.450000762939453,23.420000076293945,24.15999984741211,23.8527774810791,3640886
2022-06-21,24.15999984741211,24.15999984741211,22.350000381469727,22.90999984741211,22.618671417236328,6382032
2022-06-22,22.899999618530277,23.549999237060547,22.649999618530277,22.90999984741211,22.618671417236328,3109033
2022-06-23,23.149999618530277,25.229999542236328,22.799999237060547,25.21999931335449,24.8992977142334,6090810
2022-06-24,25.979999542236328,27.1200008392334,25.290000915527344,26.43000030517578,26.09391212463379,7542531
2022-06-27,27.1299991607666,27.1299991607666,24.34000015258789,25.100000381469727,24.780824661254883,13932308
2022-06-28,24.90999984741211,24.90999984741211,23.549999237060547,24.0,23.694812774658203,8949386
2022-06-29,24.040000915527344,24.790000915527344,23.63999938964844,23.770000457763672,23.467737197875977,6212845
2022-06-30,23.700000762939453,24.709999084472656,23.700000762939453,24.040000915527344,23.734304428100582,4695869
2022-07-01,24.299999237060547,24.61000061035156,23.200000762939453,23.8700008392334,23.566465377807617,4834600
2022-07-04,23.809999465942383,25.600000381469727,23.36000061035156,25.25,24.928916931152344,6125697
2022-07-05,25.25,25.549999237060547,24.790000915527344,24.989999771118164,24.67222213745117,3554349
2022-07-06,24.899999618530277,25.6299991607666,24.40999984741211,24.850000381469727,24.53400421142578,2836949
2022-07-07,25.020000457763672,25.100000381469727,24.309999465942383,24.86000061035156,24.54387664794922,2655768
2022-07-08,24.899999618530277,25.770000457763672,24.51000022888184,25.200000762939453,24.879552841186523,3397412
2022-07-11,24.93000030517578,26.3700008392334,24.68000030517578,25.76000022888184,25.432432174682617,3794093
2022-07-12,25.979999542236328,25.979999542236328,25.01000022888184,25.21999931335449,24.8992977142334,3186699
2022-07-13,25.100000381469727,26.68000030517578,24.799999237060547,26.280000686645508,25.945819854736328,4437026
2022-07-14,26.280000686645508,26.799999237060547,25.649999618530277,26.649999618530277,26.311113357543945,4276473
2022-07-15,26.32999992370605,26.799999237060547,25.700000762939453,26.030000686645508,25.698999404907227,2838941
2022-07-18,26.030000686645508,26.8799991607666,25.82999992370605,26.799999237060547,26.459205627441406,3910744
2022-07-19,26.65999984741211,28.989999771118164,26.31999969482422,27.270000457763672,26.92323112487793,13294580
2022-07-20,26.540000915527344,29.200000762939453,25.989999771118164,28.649999618530277,28.285680770874023,11012332
2022-07-21,28.399999618530277,28.950000762939453,27.729999542236328,27.81999969482422,27.466236114501957,4573071
2022-07-22,28.0,28.729999542236328,26.899999618530277,26.979999542236328,26.63691711425781,3952339
2022-07-25,27.25,27.520000457763672,26.57999992370605,27.020000457763672,26.676408767700195,3530280
2022-07-26,27.0,28.11000061035156,26.82999992370605,27.31999969482422,26.97259330749512,2408112
2022-07-27,27.34000015258789,28.8799991607666,27.0,28.36000061035156,27.99937057495117,3665419
2022-07-28,28.649999618530277,28.940000534057617,28.149999618530277,28.459999084472656,28.09809684753418,2415631
2022-07-29,28.40999984741211,28.75,27.5,27.739999771118164,27.387252807617188,3478979
2022-08-01,27.32999992370605,28.1200008392334,27.049999237060547,27.940000534057617,27.5847110748291,2550360
2022-08-02,27.399999618530277,27.780000686645508,26.559999465942383,27.049999237060547,26.706026077270508,3868812
2022-08-03,26.899999618530277,28.13999938964844,25.989999771118164,26.520000457763672,26.182767868041992,2830993
2022-08-04,26.729999542236328,26.93000030517578,25.36000061035156,26.07999992370605,25.74836158752441,4344460
2022-08-05,26.190000534057617,26.68000030517578,25.600000381469727,26.18000030517578,25.847091674804688,3459070
2022-08-08,26.049999237060547,28.170000076293945,26.049999237060547,27.75,27.397125244140625,5264343
2022-08-09,27.43000030517578,28.459999084472656,26.440000534057617,26.709999084472656,26.370349884033203,4288630
2022-08-10,26.979999542236328,27.799999237060547,26.049999237060547,27.530000686645508,27.17992401123047,3880195
2022-08-11,27.5,29.170000076293945,27.270000457763672,28.770000457763672,28.40415573120117,5029183
2022-08-12,29.0,30.100000381469727,28.729999542236328,29.309999465942383,28.93728828430176,4656878
2022-08-15,29.0,30.020000457763672,28.479999542236328,28.71999931335449,28.35479164123535,2811750
2022-08-16,29.600000381469727,30.059999465942383,28.38999938964844,29.56999969482422,29.19398307800293,4065144
2022-08-17,29.51000022888184,30.18000030517578,28.709999084472656,28.989999771118164,28.621356964111328,2595075
2022-08-18,28.950000762939453,29.200000762939453,28.280000686645508,28.8700008392334,28.502885818481445,2417744
2022-08-19,28.649999618530277,29.06999969482422,27.5,27.989999771118164,27.63407325744629,3565478
2022-08-22,27.979999542236328,29.239999771118164,27.36000061035156,28.65999984741211,28.295555114746094,3773330
2022-08-23,28.299999237060547,30.0,28.299999237060547,28.950000762939453,28.581867218017575,3221286
2022-08-24,28.520000457763672,29.549999237060547,27.649999618530277,27.8700008392334,27.515600204467773,4047181
2022-08-25,28.229999542236328,28.729999542236328,27.34000015258789,28.149999618530277,27.79203987121582,4797656
2022-08-26,28.190000534057617,29.440000534057617,27.8799991607666,28.11000061035156,27.75254821777344,3843743
2022-08-29,27.770000457763672,30.149999618530277,27.770000457763672,29.350000381469727,28.97677993774414,6869446
2022-08-30,28.5,30.100000381469727,26.90999984741211,29.700000762939453,29.32233047485352,9417202
2022-08-31,28.5,29.8799991607666,28.200000762939453,28.989999771118164,28.621356964111328,5275442
2022-09-01,29.059999465942383,30.13999938964844,28.6200008392334,29.899999618530277,29.5197868347168,5401701
2022-09-02,29.899999618530277,29.90999984741211,28.200000762939453,28.65999984741211,28.295555114746094,4412266
2022-09-05,28.68000030517578,29.76000022888184,28.299999237060547,29.32999992370605,28.957035064697266,3839793
2022-09-06,29.799999237060547,29.799999237060547,28.270000457763672,28.979999542236328,28.61148452758789,3538532
2022-09-07,28.6200008392334,29.450000762939453,28.209999084472656,28.21999931335449,27.86114883422852,4461236
2022-09-08,28.36000061035156,28.450000762939453,27.0,27.299999237060547,26.95284843444824,4176762
2022-09-09,27.36000061035156,27.899999618530277,27.01000022888184,27.540000915527344,27.18979835510254,2068044
2022-09-13,27.51000022888184,27.799999237060547,26.799999237060547,27.51000022888184,27.160179138183597,3631698
2022-09-14,27.200000762939453,28.440000534057617,26.799999237060547,27.8799991607666,27.52547264099121,4394670
2022-09-15,28.190000534057617,28.190000534057617,26.309999465942383,27.07999992370605,26.735645294189453,4589690
2022-09-16,27.5,28.5,26.809999465942383,27.520000457763672,27.17005157470703,3215565
2022-09-19,27.51000022888184,27.799999237060547,26.81999969482422,27.43000030517578,27.081195831298828,2933136
2022-09-20,27.059999465942383,27.93000030517578,27.059999465942383,27.549999237060547,27.199668884277344,2124411
2022-09-21,27.600000381469727,27.780000686645508,27.06999969482422,27.450000762939453,27.100942611694336,1190174
2022-09-22,27.149999618530277,27.489999771118164,26.71999931335449,27.26000022888184,26.91335678100586,1096796
2022-09-23,27.190000534057617,27.290000915527344,26.26000022888184,26.26000022888184,25.92607307434082,3248224
2022-09-26,26.299999237060547,28.25,25.96999931335449,27.57999992370605,27.22928810119629,4895938
2022-09-27,27.96999931335449,30.520000457763672,27.5,30.280000686645508,29.894954681396484,11001398
2022-09-28,30.3799991607666,30.739999771118164,28.71999931335449,29.200000762939453,28.82868766784668,5010321
2022-09-29,29.280000686645508,32.060001373291016,29.280000686645508,30.6299991607666,30.240503311157227,11156136
2022-09-30,31.25,31.790000915527344,30.18000030517578,30.75,30.35897827148437,4983044
2022-10-10,31.01000022888184,31.899999618530277,30.0,30.520000457763672,30.13190269470215,4489380
2022-10-11,31.0,33.0,30.15999984741211,31.670000076293945,31.26727867126465,8428988
2022-10-12,31.600000381469727,34.150001525878906,30.350000381469727,33.33000183105469,32.90616989135742,9860982
2022-10-13,33.20000076293945,36.34000015258789,32.540000915527344,34.900001525878906,34.456207275390625,12962323
2022-10-14,35.16999816894531,38.31999969482422,34.65999984741211,37.93999862670898,37.45754623413086,15736690
2022-10-17,39.900001525878906,41.27999877929688,37.09999847412109,38.20000076293945,37.71424102783203,20660832
2022-10-18,37.97999954223633,42.20000076293945,37.630001068115234,41.970001220703125,41.436302185058594,19619649
2022-10-19,42.40999984741211,42.880001068115234,39.56999969482422,41.20000076293945,40.67609405517578,19539419
2022-10-20,40.84000015258789,42.650001525878906,39.77999877929688,41.20000076293945,40.67609405517578,9039709
2022-10-21,41.68999862670898,43.0099983215332,40.0099983215332,41.310001373291016,40.78469467163086,12378076
2022-10-24,41.47999954223633,41.79999923706055,37.34000015258789,37.54999923706055,37.07250595092773,21697031
2022-10-25,36.88999938964844,38.20000076293945,36.29999923706055,36.70000076293945,36.23331832885742,17215474
2022-10-26,37.02999877929688,39.58000183105469,36.900001525878906,37.84000015258789,37.35882186889648,17829667
2022-10-27,37.79999923706055,39.0,35.959999084472656,36.7599983215332,36.29255294799805,15162033
2022-10-28,36.7599983215332,41.20000076293945,36.400001525878906,39.0,38.50407028198242,23389954
2022-10-31,38.79999923706055,39.38999938964844,37.13999938964844,38.59999847412109,38.109153747558594,11752383
2022-11-01,38.61000061035156,40.29999923706055,37.52999877929688,38.59999847412109,38.109153747558594,9691745
2022-11-02,38.04999923706055,39.09000015258789,36.65999984741211,37.25,36.77632141113281,14275278
2022-11-03,37.27999877929688,40.18000030517578,37.27999877929688,37.619998931884766,37.14161682128906,12361479
2022-11-04,37.36000061035156,39.08000183105469,36.90999984741211,37.79999923706055,37.31932830810547,8657934
2022-11-07,38.0099983215332,38.16999816894531,34.709999084472656,34.79999923706055,34.35747528076172,19503746
2022-11-08,34.939998626708984,36.060001373291016,34.29999923706055,35.650001525878906,35.19667053222656,9830867
2022-11-09,35.88999938964844,37.4900016784668,34.790000915527344,36.400001525878906,35.9371337890625,10336654
2022-11-10,36.400001525878906,36.72999954223633,33.95000076293945,34.18000030517578,33.745361328125,9850012
2022-11-11,34.9900016784668,36.0099983215332,33.81999969482422,35.27000045776367,34.821502685546875,10348357
2022-11-14,34.45000076293945,35.439998626708984,32.72999954223633,35.209999084472656,34.762264251708984,12386858
2022-11-15,35.209999084472656,38.29999923706055,34.29999923706055,37.20000076293945,36.726959228515625,11414138
2022-11-16,37.20000076293945,37.5,36.11000061035156,36.68999862670898,36.22344207763672,4945724
2022-11-17,36.560001373291016,37.400001525878906,35.560001373291016,37.150001525878906,36.67759704589844,6678077
2022-11-18,37.0,39.58000183105469,36.70000076293945,37.540000915527344,37.06263732910156,9937186
2022-11-21,36.880001068115234,37.79999923706055,36.09999847412109,37.2599983215332,36.78619384765625,4281584
2022-11-22,36.970001220703125,37.18999862670898,35.0,35.349998474121094,34.900482177734375,5966415
2022-11-23,35.65999984741211,36.59999847412109,34.400001525878906,36.29999923706055,35.838401794433594,4706250
2022-11-24,36.95000076293945,37.41999816894531,35.709999084472656,36.040000915527344,35.58171081542969,3498322
2022-11-25,36.54999923706055,36.54999923706055,33.779998779296875,34.25,33.81447219848633,7579834
2022-11-28,33.5,34.29999923706055,32.900001525878906,33.84000015258789,33.40968322753906,7660932
2022-11-29,34.310001373291016,34.33000183105469,31.700000762939453,32.400001525878906,31.98799705505371,11819430
2022-11-30,32.27000045776367,32.790000915527344,31.229999542236328,32.560001373291016,32.14596176147461,7650093
2022-12-01,32.619998931884766,33.97999954223633,32.02000045776367,33.400001525878906,32.97528076171875,8061298
2022-12-02,33.0099983215332,35.0,32.95000076293945,33.83000183105469,33.39981460571289,6103802
2022-12-05,33.83000183105469,33.97999954223633,32.810001373291016,33.09000015258789,32.66922378540039,3654200
2022-12-06,32.61000061035156,33.2400016784668,32.11000061035156,32.83000183105469,32.41252899169922,4092329
2022-12-07,32.81999969482422,33.880001068115234,32.41999816894531,33.310001373291016,32.88642501831055,5276832
2022-12-08,33.04999923706055,34.119998931884766,32.720001220703125,32.9900016784668,32.57049560546875,4675835
2022-12-09,32.9900016784668,34.18000030517578,32.689998626708984,33.58000183105469,33.15299224853516,6471021
2022-12-12,33.5,35.0,32.4900016784668,34.27000045776367,33.8342170715332,6352546
2022-12-13,34.0099983215332,34.880001068115234,32.70000076293945,32.779998779296875,32.363162994384766,4607638
2022-12-14,32.540000915527344,33.86000061035156,32.4900016784668,33.33000183105469,32.90616989135742,4308789
2022-12-15,33.060001373291016,33.7400016784668,32.81999969482422,33.099998474121094,32.67909240722656,2998672
2022-12-16,33.099998474121094,33.099998474121094,31.450000762939453,31.729999542236328,31.326515197753903,8202281
2022-12-19,31.729999542236328,33.279998779296875,31.71999931335449,32.369998931884766,31.958375930786133,6255023
2022-12-20,32.369998931884766,33.25,32.06999969482422,32.900001525878906,32.48163986206055,3916600
2022-12-21,32.939998626708984,33.2400016784668,32.41999816894531,33.04999923706055,32.629730224609375,3590625
2022-12-22,32.9900016784668,33.560001373291016,32.5,32.599998474121094,32.18545150756836,3617999
2022-12-23,32.27000045776367,33.2599983215332,31.350000381469727,31.86000061035156,31.45486259460449,3531771
2022-12-26,33.0,33.5,30.51000022888184,33.099998474121094,32.67909240722656,4423249
2022-12-27,33.099998474121094,34.939998626708984,33.099998474121094,34.650001525878906,34.20938491821289,5225188
2022-12-28,34.779998779296875,34.779998779296875,33.75,34.29999923706055,33.86383438110352,3111410
2022-12-29,34.150001525878906,34.880001068115234,33.66999816894531,33.9900016784668,33.55777740478516,3112682
2022-12-30,33.9900016784668,34.16999816894531,33.43000030517578,33.900001525878906,33.46892166137695,1949372
2023-01-03,33.900001525878906,35.0,33.38999938964844,34.5,34.0612907409668,4277537
2023-01-04,34.5099983215332,36.04999923706055,34.0099983215332,35.75,35.29539489746094,6018952
2023-01-05,35.72999954223633,38.18000030517578,35.599998474121094,37.66999816894531,37.19097900390625,9115966
2023-01-06,37.59999847412109,37.79999923706055,34.900001525878906,35.599998474121094,35.14730453491211,9433069
2023-01-09,35.2599983215332,35.9900016784668,34.59000015258789,35.02000045776367,34.57468032836914,4867505
2023-01-10,34.79999923706055,35.04999923706055,34.099998474121094,34.66999816894531,34.229129791259766,4147949
2023-01-11,34.95000076293945,35.29999923706055,34.220001220703125,34.5099983215332,34.071163177490234,2768838
2023-01-12,34.5099983215332,35.58000183105469,34.060001373291016,34.16999816894531,33.7354850769043,3719980
2023-01-13,34.0,34.720001220703125,33.36000061035156,34.349998474121094,33.9131965637207,2927450
2023-01-16,34.40999984741211,34.630001068115234,33.029998779296875,33.380001068115234,32.955535888671875,6704769
2023-01-17,33.38999938964844,34.43000030517578,32.88999938964844,33.72999954223633,33.301082611083984,3540392
2023-01-18,33.150001525878906,34.22999954223633,32.56999969482422,32.619998931884766,32.205196380615234,5824552
2023-01-19,32.20000076293945,34.75,31.8799991607666,34.5,34.0612907409668,7361025
2023-01-20,34.599998474121094,35.4900016784668,33.189998626708984,33.4900016784668,33.06413650512695,5531385
2023-01-30,33.29999923706055,34.689998626708984,32.70000076293945,34.630001068115234,34.189640045166016,10358814
2023-01-31,34.79999923706055,34.79999923706055,32.97999954223633,33.970001220703125,33.53803253173828,5862587
2023-02-01,33.65999984741211,35.790000915527344,33.43000030517578,35.59000015258789,35.13743209838867,6933744
2023-02-02,35.560001373291016,36.560001373291016,34.880001068115234,35.70000076293945,35.24603271484375,5061564
2023-02-03,35.709999084472656,36.060001373291016,34.90999984741211,35.650001525878906,35.19667053222656,4266087
2023-02-06,35.59000015258789,35.599998474121094,34.029998779296875,34.310001373291016,33.87371063232422,4255660
2023-02-07,34.290000915527344,35.5,34.130001068115234,34.689998626708984,34.24887466430664,5515447
2023-02-08,34.689998626708984,35.25,34.220001220703125,34.29999923706055,33.86383438110352,1613241
2023-02-09,34.099998474121094,34.380001068115234,33.61000061035156,33.880001068115234,33.44917678833008,3910281
2023-02-10,34.060001373291016,35.29999923706055,33.880001068115234,34.58000183105469,34.14027786254883,5346476
2023-02-13,34.59000015258789,35.0,33.54999923706055,33.70000076293945,33.27146530151367,4879167
2023-02-14,33.86000061035156,34.36000061035156,32.720001220703125,33.099998474121094,32.67909240722656,6302792
2023-02-15,32.97999954223633,33.099998474121094,30.3799991607666,30.68000030517578,30.289867401123047,13335813
2023-02-16,30.799999237060547,31.790000915527344,30.51000022888184,31.200000762939453,30.80325698852539,10155192
2023-02-17,30.8799991607666,31.149999618530277,29.489999771118164,30.729999542236328,30.339231491088867,8152295
2023-02-20,31.01000022888184,31.100000381469727,29.25,30.059999465942383,29.67775154113769,11773078
2023-02-21,30.059999465942383,32.20000076293945,29.309999465942383,31.68000030517578,31.27715110778809,12374943
2023-02-22,31.38999938964844,33.79999923706055,31.09000015258789,31.3700008392334,30.971094131469727,16107020
2023-02-23,31.0,32.220001220703125,30.520000457763672,31.950000762939453,31.54371833801269,8974747
2023-02-24,31.709999084472656,31.950000762939453,30.600000381469727,31.100000381469727,30.70452690124512,5553939
2023-02-27,31.190000534057617,31.350000381469727,30.09000015258789,30.5,30.11215591430664,5079350
2023-02-28,30.540000915527344,30.540000915527344,29.5,29.989999771118164,29.608642578125,4104124
2023-03-01,29.979999542236328,29.979999542236328,28.850000381469727,29.239999771118164,28.868179321289062,5777484
2023-03-02,29.020000457763672,31.770000457763672,28.25,31.26000022888184,30.86249351501465,14046380
2023-03-03,30.93000030517578,31.5,30.40999984741211,31.07999992370605,30.68478202819824,4664546
2023-03-06,31.170000076293945,33.0,30.739999771118164,32.630001068115234,32.21507263183594,7585309
2023-03-07,32.29999923706055,33.25,32.29999923706055,32.650001525878906,32.23481750488281,6761219
2023-03-08,32.7400016784668,33.790000915527344,32.11000061035156,33.04999923706055,32.629730224609375,6349623
2023-03-09,32.72999954223633,33.2400016784668,31.84000015258789,32.0099983215332,31.60295295715332,4529771
2023-03-10,32.0099983215332,32.54999923706055,31.68000030517578,31.96999931335449,31.56346321105957,3339075
2023-03-13,31.700000762939453,33.119998931884766,31.440000534057617,32.81999969482422,32.40265655517578,3767679
2023-03-14,32.95000076293945,32.95000076293945,31.700000762939453,32.040000915527344,31.6325740814209,4002142
2023-03-15,32.040000915527344,32.130001068115234,31.299999237060547,31.76000022888184,31.35613441467285,2652617
2023-03-16,31.76000022888184,31.88999938964844,31.38999938964844,31.63999938964844,31.237659454345703,1888010
2023-03-17,31.63999938964844,31.979999542236328,30.15999984741211,30.600000381469727,30.210886001586918,5639087
2023-03-20,30.790000915527344,30.799999237060547,29.200000762939453,29.989999771118164,29.608642578125,5691626
2023-03-21,29.940000534057617,30.38999938964844,29.399999618530277,30.059999465942383,29.67775154113769,3263330
2023-03-22,29.950000762939453,30.3799991607666,29.5,30.0,29.61851501464844,2497664
2023-03-23,30.01000022888184,30.01000022888184,28.989999771118164,29.32999992370605,28.957035064697266,5174516
2023-03-24,29.32999992370605,29.780000686645508,28.799999237060547,28.96999931335449,28.601612091064453,4627794
2023-03-27,28.989999771118164,29.190000534057617,25.420000076293945,25.93000030517578,25.600269317626957,20497871
2023-03-28,26.149999618530277,27.11000061035156,25.809999465942383,26.3799991607666,26.044546127319336,10969722
2023-03-29,26.3700008392334,26.5,25.450000762939453,25.96999931335449,25.639760971069336,7011400
2023-03-30,25.780000686645508,26.11000061035156,25.290000915527344,25.739999771118164,25.41268539428711,5107100
2023-03-31,25.690000534057617,27.3799991607666,25.690000534057617,26.489999771118164,26.153148651123047,7344771
2023-04-03,26.6200008392334,26.690000534057617,25.559999465942383,25.920000076293945,25.59039688110352,6886798
2023-04-04,25.799999237060547,26.540000915527344,25.440000534057617,25.6299991607666,25.3040828704834,5857632
2023-04-06,25.51000022888184,26.65999984741211,25.040000915527344,26.549999237060547,26.212385177612305,5254273
2023-04-07,26.38999938964844,27.770000457763672,26.26000022888184,27.299999237060547,26.95284843444824,7354774
2023-04-10,27.299999237060547,27.68000030517578,26.700000762939453,27.530000686645508,27.17992401123047,5424127
2023-04-11,27.559999465942383,28.459999084472656,26.940000534057617,27.020000457763672,26.676408767700195,6049204
2023-04-12,27.0,27.71999931335449,26.920000076293945,27.59000015258789,27.239160537719727,5198865
2023-04-13,27.43000030517578,27.84000015258789,26.350000381469727,26.46999931335449,26.13340187072754,8208398
2023-04-14,26.5,26.989999771118164,26.36000061035156,26.799999237060547,26.459205627441406,4887594
2023-04-17,26.61000061035156,27.0,26.07999992370605,26.31999969482422,25.98530960083008,4865016
2023-04-18,26.549999237060547,26.799999237060547,26.01000022888184,26.200000762939453,25.86683654785156,2882417
2023-04-19,26.200000762939453,26.399999618530277,25.440000534057617,25.959999084472656,25.629886627197266,4960199
2023-04-20,26.75,26.75,25.200000762939453,25.43000030517578,25.10662841796875,6200900
2023-04-21,25.38999938964844,25.489999771118164,24.399999618530277,24.68000030517578,24.36616516113281,6984955
2023-04-24,24.68000030517578,24.68000030517578,23.600000381469727,23.989999771118164,23.684938430786133,8769154
2023-04-25,24.31999969482422,24.479999542236328,22.600000381469727,22.8799991607666,22.589052200317383,11752688
2023-04-26,23.049999237060547,23.36000061035156,22.18000030517578,22.299999237060547,22.01642799377441,13195416
2023-04-27,22.299999237060547,24.350000381469727,21.90999984741211,23.90999984741211,23.60595703125,14420106
2023-04-28,23.790000915527344,25.100000381469727,23.600000381469727,24.100000381469727,23.793540954589844,13426212
2023-05-04,23.8700008392334,24.38999938964844,22.71999931335449,22.989999771118164,22.697654724121094,11037303
2023-05-05,23.01000022888184,23.38999938964844,22.549999237060547,22.84000015258789,22.549562454223636,6066262
2023-05-08,22.940000534057617,22.959999084472656,21.920000076293945,22.420000076293945,22.13490295410156,7507400
2023-05-09,22.59000015258789,22.6200008392334,21.65999984741211,21.770000457763672,21.4931697845459,6123194
2023-05-10,21.700000762939453,22.84000015258789,21.40999984741211,22.780000686645508,22.49032592773437,8386211
2023-05-11,22.729999542236328,23.0,21.96999931335449,22.479999542236328,22.19413948059082,5685408
2023-05-12,22.450000762939453,23.049999237060547,22.0,22.100000381469727,21.81897354125977,4639712
2023-05-15,22.200000762939453,22.8799991607666,21.780000686645508,22.780000686645508,22.49032592773437,5233847
2023-05-16,22.799999237060547,23.920000076293945,22.799999237060547,23.1299991607666,22.83587455749512,7533496
2023-05-17,23.0,23.40999984741211,22.75,23.3700008392334,23.07282447814941,3470770
2023-05-18,23.299999237060547,23.43000030517578,22.479999542236328,22.56999969482422,22.282995223999023,3821952
2023-05-19,22.549999237060547,23.0,22.11000061035156,22.6299991607666,22.34223175048828,4086981
2023-05-22,22.040000915527344,23.11000061035156,22.040000915527344,23.09000015258789,22.79638290405273,4563681
2023-05-23,22.88999938964844,23.200000762939453,22.51000022888184,22.540000915527344,22.25337791442871,4102112
2023-05-24,22.450000762939453,22.93000030517578,21.940000534057617,22.350000381469727,22.065793991088867,5638100
2023-05-25,22.209999084472656,22.799999237060547,21.959999084472656,22.6200008392334,22.33236122131348,5819332
2023-05-26,22.61000061035156,22.739999771118164,22.030000686645508,22.290000915527344,22.00655746459961,3673397
2023-05-29,22.290000915527344,22.84000015258789,22.09000015258789,22.200000762939453,21.917701721191406,4615981
2023-05-30,22.149999618530277,22.61000061035156,21.799999237060547,22.290000915527344,22.00655746459961,5267100
2023-05-31,22.299999237060547,22.5,21.540000915527344,21.75,21.47342300415039,3979501
2023-06-01,21.75,22.649999618530277,21.36000061035156,22.0,21.72024345397949,4633067
2023-06-02,21.979999542236328,22.63999938964844,21.920000076293945,22.600000381469727,22.31261444091797,5009838
2023-06-05,22.61000061035156,23.0,21.75,22.0,21.72024345397949,7490300
2023-06-06,22.040000915527344,22.200000762939453,21.280000686645508,21.3700008392334,21.098257064819336,5865326
2023-06-07,21.299999237060547,21.850000381469727,21.229999542236328,21.530000686645508,21.256221771240234,4353714
2023-06-08,21.31999969482422,21.670000076293945,20.88999938964844,21.1299991607666,20.86130714416504,5373778
2023-06-09,21.239999771118164,21.479999542236328,20.280000686645508,20.479999542236328,20.219572067260746,9848990
2023-06-12,20.38999938964844,20.770000457763672,20.100000381469727,20.520000457763672,20.259063720703125,6842300
2023-06-13,20.520000457763672,20.8799991607666,19.959999084472656,20.549999237060547,20.28868103027344,6425163
2023-06-14,20.549999237060547,21.350000381469727,20.290000915527344,21.0,20.732959747314453,6027438
2023-06-15,21.030000686645508,22.6299991607666,21.030000686645508,22.100000381469727,21.81897354125977,9984523
2023-06-16,22.07999992370605,22.270000457763672,21.229999542236328,21.440000534057617,21.16736602783203,7473100
2023-06-19,21.5,21.770000457763672,21.21999931335449,21.229999542236328,20.96003532409668,4461441
2023-06-20,21.209999084472656,21.459999084472656,20.75,21.18000030517578,20.91067123413086,5306026
2023-06-21,21.1299991607666,21.350000381469727,20.540000915527344,20.549999237060547,20.28868103027344,4280600
2023-06-26,20.600000381469727,20.65999984741211,19.96999931335449,20.21999931335449,19.962879180908203,5423810
2023-06-27,20.020000457763672,20.600000381469727,19.920000076293945,20.190000534057617,19.93326187133789,3517212
2023-06-28,20.299999237060547,20.299999237060547,19.690000534057617,19.899999618530277,19.646947860717773,4407362
2023-06-29,19.81999969482422,20.07999992370605,19.61000061035156,19.63999938964844,19.3902530670166,3252772
2023-06-30,19.729999542236328,20.549999237060547,19.520000457763672,20.270000457763672,20.012243270874023,5600872
2023-07-03,20.299999237060547,20.799999237060547,20.280000686645508,20.46999931335449,20.209699630737305,4382187
2023-07-04,20.479999542236328,20.56999969482422,19.940000534057617,20.36000061035156,20.101099014282227,4037869
2023-07-05,20.3700008392334,20.46999931335449,19.86000061035156,19.950000762939453,19.696313858032227,3654323
2023-07-06,20.059999465942383,20.059999465942383,18.6200008392334,19.299999237060547,19.054576873779297,9568689
2023-07-07,19.200000762939453,19.299999237060547,18.950000762939453,19.049999237060547,18.807756423950195,4617148
2023-07-10,19.0,19.15999984741211,18.59000015258789,18.82999992370605,18.59055519104004,6561288
2023-07-11,18.920000076293945,19.65999984741211,18.690000534057617,19.399999618530277,19.153305053710938,4826041
2023-07-12,19.399999618530277,19.6200008392334,19.07999992370605,19.15999984741211,18.916357040405277,3287669
2023-07-13,19.07999992370605,19.450000762939453,18.90999984741211,19.299999237060547,19.054576873779297,4508032
2023-07-14,19.299999237060547,19.399999618530277,18.86000061035156,19.049999237060547,18.807756423950195,4967990
2023-07-17,19.1299991607666,19.420000076293945,18.700000762939453,19.059999465942383,18.817628860473636,3814357
2023-07-18,19.15999984741211,19.93000030517578,18.940000534057617,19.479999542236328,19.232288360595703,4734913
2023-07-19,19.489999771118164,19.899999618530277,19.01000022888184,19.13999938964844,18.8966121673584,4040000
2023-07-20,19.190000534057617,19.34000015258789,18.88999938964844,18.989999771118164,18.748519897460938,3195700
2023-07-21,19.0,19.100000381469727,18.739999771118164,18.940000534057617,18.69915580749512,2434053
2023-07-24,18.940000534057617,19.0,18.700000762939453,18.82999992370605,18.59055519104004,2690400
2023-07-25,18.81999969482422,19.88999938964844,18.81999969482422,19.6200008392334,19.37051010131836,5075005
2023-07-26,19.6200008392334,19.989999771118164,19.43000030517578,19.549999237060547,19.3013973236084,2405200
2023-07-27,19.40999984741211,19.65999984741211,18.96999931335449,19.18000030517578,18.93610382080078,4175246
2023-07-28,19.170000076293945,19.270000457763672,18.700000762939453,19.170000076293945,18.926231384277344,3622800
2023-07-31,19.3799991607666,19.700000762939453,19.1299991607666,19.489999771118164,19.24216079711914,3780300
2023-08-01,21.8799991607666,22.489999771118164,19.790000915527344,20.100000381469727,19.844406127929688,27403969
2023-08-02,19.8700008392334,19.950000762939453,19.32999992370605,19.520000457763672,19.27178001403809,15765300
2023-08-03,19.51000022888184,19.600000381469727,19.06999969482422,19.26000022888184,19.015087127685547,8444522
2023-08-04,19.299999237060547,20.059999465942383,19.299999237060547,19.549999237060547,19.3013973236084,10091889
2023-08-07,19.420000076293945,19.56999969482422,18.86000061035156,18.979999542236328,18.7386474609375,9565484
2023-08-08,18.920000076293945,18.96999931335449,16.979999542236328,17.3700008392334,17.149120330810547,24514867
2023-08-09,17.270000457763672,17.520000457763672,17.049999237060547,17.15999984741211,16.941789627075195,8310118
2023-08-10,17.15999984741211,17.270000457763672,16.760000228881836,17.18000030517578,16.961536407470703,7727507
2023-08-11,17.200000762939453,17.420000076293945,17.049999237060547,17.25,17.0306453704834,6551300
2023-08-14,16.8799991607666,17.290000915527344,16.700000762939453,16.829999923706055,16.615985870361328,6255785
2023-08-15,16.719999313354492,16.899999618530273,16.020000457763672,16.1299991607666,15.924887657165527,11056908
2023-08-16,16.049999237060547,16.25,15.800000190734863,16.0,15.796541213989258,5662425
2023-08-17,15.949999809265137,16.479999542236328,15.81999969482422,16.399999618530273,16.19145393371582,6739333
2023-08-18,16.399999618530273,16.93000030517578,16.309999465942383,16.530000686645508,16.31980323791504,6137717
2023-08-21,16.530000686645508,16.799999237060547,16.31999969482422,16.420000076293945,16.211200714111328,4368358
2023-08-22,16.3799991607666,16.610000610351562,16.0,16.469999313354492,16.26056480407715,4827825
2023-08-23,16.09000015258789,16.469999313354492,15.979999542236328,16.0,15.796541213989258,5435376
2023-08-24,15.869999885559082,16.010000228881836,15.5,16.0,15.796541213989258,6184700
2023-08-25,16.290000915527344,16.670000076293945,15.829999923706056,15.890000343322754,15.68794059753418,8044800
2023-08-28,16.520000457763672,16.8700008392334,15.59000015258789,15.789999961853027,15.589211463928224,10098020
2023-08-29,15.800000190734863,16.649999618530273,15.619999885559082,16.3799991607666,16.171709060668945,9941698
2023-08-30,16.3700008392334,16.700000762939453,16.06999969482422,16.200000762939453,15.993998527526855,5816200
2023-08-31,16.110000610351562,16.190000534057617,15.579999923706056,15.670000076293944,15.47073745727539,9133969
2023-09-01,15.640000343322754,15.75,14.949999809265137,15.420000076293944,15.223917007446287,10847310
2023-09-04,15.380000114440918,16.920000076293945,15.3100004196167,16.739999771118164,16.527130126953125,20154204
2023-09-05,16.799999237060547,17.020000457763672,16.479999542236328,16.860000610351562,16.645605087280273,11542360
2023-09-06,16.780000686645508,17.219999313354492,16.639999389648438,17.1200008392334,16.902299880981445,10390651
2023-09-07,17.020000457763672,17.270000457763672,16.639999389648438,16.739999771118164,16.527130126953125,7825705
2023-09-08,16.649999618530273,17.459999084472656,16.6200008392334,17.15999984741211,16.941789627075195,8394567
2023-09-11,17.239999771118164,17.739999771118164,16.920000076293945,17.56999969482422,17.346576690673828,13286165
2023-09-12,17.600000381469727,17.75,17.43000030517578,17.579999923706055,17.356449127197266,6078350
2023-09-13,17.399999618530273,17.670000076293945,16.950000762939453,17.170000076293945,16.951663970947266,8542858
2023-09-14,17.110000610351562,17.25,16.549999237060547,16.690000534057617,16.477767944335938,6348600
2023-09-15,16.8799991607666,17.049999237060547,16.399999618530273,16.760000228881836,16.546876907348633,6307852
2023-09-18,16.770000457763672,16.950000762939453,16.34000015258789,16.420000076293945,16.211200714111328,6365500
2023-09-19,16.540000915527344,16.799999237060547,15.899999618530272,16.020000457763672,15.81628704071045,8372069
2023-09-20,16.170000076293945,16.170000076293945,15.399999618530272,15.460000038146973,15.263407707214355,8096301
2023-09-21,15.40999984741211,15.579999923706056,15.229999542236328,15.329999923706056,15.135061264038086,4957983
2023-09-22,15.350000381469728,15.59000015258789,15.210000038146973,15.539999961853027,15.34239101409912,4842058
2023-09-25,15.5600004196167,16.040000915527344,15.31999969482422,15.470000267028809,15.27328109741211,6705260
2023-09-26,15.5,17.969999313354492,15.43000030517578,17.1299991607666,16.91217041015625,21937087
2023-09-27,17.170000076293945,17.389999389648438,16.920000076293945,17.31999969482422,17.099756240844727,11824394
2023-09-28,17.31999969482422,17.450000762939453,16.649999618530273,16.770000457763672,16.55674934387207,8500900
2023-10-09,16.809999465942383,16.809999465942383,15.960000038146973,16.09000015258789,15.88539695739746,8717326
2023-10-10,16.06999969482422,16.610000610351562,16.010000228881836,16.110000610351562,15.905142784118652,7381261
2023-10-11,16.149999618530273,16.520000457763672,16.049999237060547,16.190000534057617,15.984126091003418,7296600
2023-10-12,16.299999237060547,16.979999542236328,15.979999542236328,16.0,15.796541213989258,8483538
2023-10-13,15.829999923706056,16.299999237060547,15.699999809265137,16.06999969482422,15.86565113067627,6361540
2023-10-16,16.0,16.030000686645508,15.449999809265137,15.720000267028809,15.520101547241213,6278613
2023-10-17,15.699999809265137,15.800000190734863,15.229999542236328,15.3100004196167,15.115315437316896,8040071
2023-10-18,15.300000190734863,15.34000015258789,15.020000457763672,15.199999809265137,15.0067138671875,5155245
2023-10-19,15.109999656677246,15.479999542236328,15.100000381469728,15.149999618530272,14.95734977722168,3951281
2023-10-20,15.170000076293944,15.239999771118164,14.800000190734863,14.920000076293944,14.73027515411377,8252237
2023-10-23,14.770000457763672,15.100000381469728,14.399999618530272,14.84000015258789,14.651291847229004,7801866
2023-10-24,14.989999771118164,15.539999961853027,14.739999771118164,15.449999809265137,15.253535270690918,6337400
2023-10-25,15.630000114440918,17.799999237060547,15.630000114440918,16.860000610351562,16.645605087280273,23277591
2023-10-26,16.770000457763672,16.770000457763672,15.640000343322754,15.9399995803833,15.737303733825684,12014013
2023-10-27,15.899999618530272,16.290000915527344,15.520000457763672,16.079999923706055,15.875523567199709,9405513
2023-10-30,16.34000015258789,18.200000762939453,16.34000015258789,17.690000534057617,17.465051651000977,18991313
2023-10-31,17.739999771118164,18.559999465942383,17.600000381469727,18.170000076293945,17.938947677612305,15892440
2023-11-01,18.010000228881836,19.020000457763672,18.010000228881836,18.65999984741211,18.42271614074707,15558939
2023-11-02,18.65999984741211,19.040000915527344,18.0,18.18000030517578,17.948820114135742,11130990
2023-11-03,18.190000534057617,18.3799991607666,17.770000457763672,17.90999984741211,17.682252883911133,6704000
2023-11-06,17.920000076293945,18.32999992370605,17.8799991607666,18.239999771118164,18.008056640625,8009212
2023-11-07,18.21999931335449,18.46999931335449,17.979999542236328,18.36000061035156,18.12653160095215,6144655
2023-11-08,18.3700008392334,19.290000915527344,17.959999084472656,19.239999771118164,18.99534034729004,11688252
2023-11-09,19.149999618530277,20.06999969482422,19.1200008392334,19.850000381469727,19.597583770751957,16244395
2023-11-10,19.68000030517578,20.01000022888184,19.3700008392334,19.729999542236328,19.479108810424805,8309014
2023-11-13,19.729999542236328,19.8700008392334,19.170000076293945,19.350000381469727,19.10394287109375,7061016
2023-11-14,19.25,19.59000015258789,19.06999969482422,19.3799991607666,19.133560180664062,6323635
2023-11-15,19.489999771118164,19.690000534057617,19.06999969482422,19.270000457763672,19.024959564208984,5321475
2023-11-16,19.280000686645508,19.38999938964844,18.8799991607666,19.01000022888184,18.768266677856445,4259269
2023-11-17,19.020000457763672,19.030000686645508,18.489999771118164,18.75,18.511571884155277,7410568
2023-11-20,18.790000915527344,19.059999465942383,18.459999084472656,18.950000762939453,18.709030151367188,5394294
2023-11-21,18.979999542236328,18.979999542236328,18.36000061035156,18.43000030517578,18.195640563964844,6167935
2023-11-22,18.459999084472656,18.549999237060547,18.18000030517578,18.229999542236328,17.998184204101562,3774600
2023-11-23,18.239999771118164,18.459999084472656,18.11000061035156,18.309999465942383,18.07716560363769,3290196
2023-11-24,18.32999992370605,18.350000381469727,17.68000030517578,17.860000610351562,17.632888793945312,5492100
2023-11-27,17.760000228881836,17.799999237060547,17.5,17.639999389648438,17.415685653686523,3787352
2023-11-28,17.65999984741211,17.899999618530273,17.40999984741211,17.850000381469727,17.623016357421875,4181551
2023-11-29,17.799999237060547,19.0,17.770000457763672,18.75,18.511571884155277,13138246
2023-11-30,18.739999771118164,19.649999618530277,18.63999938964844,19.489999771118164,19.24216079711914,15404255
2023-12-01,19.450000762939453,19.450000762939453,18.86000061035156,18.959999084472656,18.718900680541992,7423222
2023-12-04,18.86000061035156,19.01000022888184,18.270000457763672,18.479999542236328,18.245004653930664,6570709
2023-12-05,18.489999771118164,18.520000457763672,17.940000534057617,17.950000762939453,17.721744537353516,3879100
2023-12-06,17.959999084472656,18.07999992370605,17.65999984741211,17.959999084472656,17.731616973876953,3610489
2023-12-07,17.8799991607666,17.920000076293945,17.670000076293945,17.760000228881836,17.534160614013672,2735516
2023-12-08,17.889999389648438,18.149999618530277,16.920000076293945,17.290000915527344,17.070138931274414,7715846
2023-12-11,17.18000030517578,17.479999542236328,16.799999237060547,17.280000686645508,17.060264587402344,4937532
2023-12-12,17.440000534057617,17.440000534057617,16.760000228881836,16.969999313354492,16.75420570373535,5548921
2023-12-13,16.93000030517578,16.979999542236328,16.479999542236328,16.610000610351562,16.398784637451172,5722912
2023-12-14,16.6200008392334,16.979999542236328,16.329999923706055,16.56999969482422,16.35929298400879,6232175
2023-12-15,16.75,16.75,16.149999618530273,16.280000686645508,16.072980880737305,5002737
2023-12-18,16.219999313354492,16.3799991607666,15.979999542236328,16.09000015258789,15.88539695739746,4849200
2023-12-19,16.040000915527344,16.420000076293945,15.920000076293944,16.219999313354492,16.013742446899414,3697000
2023-12-20,16.360000610351562,16.360000610351562,15.699999809265137,15.779999732971191,15.579338073730469,4892500
2023-12-21,15.850000381469728,16.110000610351562,15.399999618530272,15.890000343322754,15.68794059753418,4831934
2023-12-22,15.890000343322754,15.970000267028809,15.5,15.619999885559082,15.42137336730957,4125900
2023-12-25,15.609999656677246,15.84000015258789,15.399999618530272,15.510000228881836,15.312772750854492,3297832
2023-12-26,15.510000228881836,15.65999984741211,15.350000381469728,15.43000030517578,15.233789443969728,2882352
2023-12-27,15.479999542236328,15.550000190734863,15.149999618530272,15.289999961853027,15.095569610595703,3095925
2023-12-28,15.25,15.899999618530272,15.18000030517578,15.619999885559082,15.42137336730957,6537165
2023-12-29,15.600000381469728,16.100000381469727,15.5600004196167,15.850000381469728,15.648448944091797,6460465
2024-01-02,15.9399995803833,15.960000038146973,14.93000030517578,14.989999771118164,14.799384117126465,9316040
2024-01-03,15.0,15.770000457763672,14.880000114440918,15.380000114440918,15.184425354003906,8628750
2024-01-04,15.4399995803833,15.449999809265137,15.06999969482422,15.149999618530272,14.95734977722168,3693100
2024-01-05,15.140000343322754,15.25,14.760000228881836,15.020000457763672,14.82900333404541,5051800
2024-01-08,14.979999542236328,15.5,14.84000015258789,15.359999656677246,15.164679527282717,7118876
2024-01-09,15.460000038146973,15.84000015258789,15.199999809265137,15.84000015258789,15.638575553894045,8504031
2024-01-10,15.699999809265137,16.309999465942383,15.119999885559082,15.8100004196167,15.608957290649414,11515153
2024-01-11,15.600000381469728,16.299999237060547,15.550000190734863,16.200000762939453,15.993998527526855,7543764
2024-01-12,16.280000686645508,16.399999618530273,15.649999618530272,15.75,15.54971981048584,6136300
2024-01-15,15.6899995803833,15.6899995803833,15.050000190734863,15.149999618530272,14.95734977722168,6902430
2024-01-16,15.170000076293944,15.18000030517578,14.220000267028809,14.920000076293944,14.73027515411377,13601291
2024-01-17,14.869999885559082,15.079999923706056,14.40999984741211,14.899999618530272,14.710528373718262,10806634
2024-01-18,14.789999961853027,15.229999542236328,14.34000015258789,15.119999885559082,14.92773151397705,7511890
2024-01-19,15.09000015258789,15.149999618530272,14.479999542236328,14.880000114440918,14.690783500671388,10624296
2024-01-22,14.729999542236328,14.880000114440918,14.4399995803833,14.869999885559082,14.680910110473633,9870069
2024-01-23,14.789999961853027,15.520000457763672,14.399999618530272,14.989999771118164,14.799384117126465,8714722
2024-01-24,14.989999771118164,15.109999656677246,14.619999885559082,14.890000343322754,14.70065689086914,8805771
2024-01-25,14.75,15.149999618530272,14.68000030517578,15.029999732971191,14.838875770568848,7649793
2024-01-26,14.979999542236328,15.050000190734863,14.579999923706056,14.859999656677246,14.671037673950195,10888419
2024-01-29,14.729999542236328,14.949999809265137,14.630000114440918,14.859999656677246,14.671037673950195,7925806
2024-01-30,14.649999618530272,14.760000228881836,13.550000190734863,13.550000190734863,13.37769603729248,10059211
2024-01-31,13.0600004196167,13.0600004196167,11.050000190734863,12.470000267028809,12.311429977416992,19238978
2024-02-01,12.1899995803833,12.550000190734863,11.68000030517578,11.90999984741211,11.758550643920898,10192281
2024-02-02,12.010000228881836,12.289999961853027,10.970000267028809,11.359999656677246,11.215543746948242,8305619
2024-02-05,11.130000114440918,11.40999984741211,9.5,9.5,9.379196166992188,14347107
2024-02-06,9.369999885559082,10.850000381469728,9.1899995803833,10.359999656677246,10.228260040283203,12556500
2024-02-07,10.479999542236328,10.8100004196167,10.06999969482422,10.329999923706056,10.198641777038574,10448184
2024-02-08,10.489999771118164,12.399999618530272,10.489999771118164,12.399999618530272,12.242319107055664,14114418
2024-02-19,12.399999618530272,12.81999969482422,11.800000190734863,12.09000015258789,11.936261177062988,14362706
2024-02-20,12.09000015258789,12.09000015258789,11.529999732971191,11.800000190734863,11.649949073791504,9735041
2024-02-21,11.630000114440918,12.399999618530272,11.5,11.979999542236328,11.827659606933594,13082188
2024-02-22,11.979999542236328,12.289999961853027,11.949999809265137,12.25,12.094226837158203,6725751
2024-02-23,12.380000114440918,12.550000190734863,12.229999542236328,12.489999771118164,12.331174850463867,8046451
2024-02-26,13.029999732971191,13.630000114440918,12.65999984741211,13.210000038146973,13.042019844055176,13423858
2024-02-27,13.0,13.279999732971191,12.890000343322754,13.279999732971191,13.111128807067873,8328670
2024-02-28,13.399999618530272,14.079999923706056,12.600000381469728,12.640000343322754,12.479268074035645,13535321
2024-02-29,12.520000457763672,13.170000076293944,12.520000457763672,13.15999984741211,12.99265480041504,9268600
2024-03-01,13.25,14.149999618530272,13.149999618530272,14.149999618530272,13.97006607055664,12573782
2024-03-04,14.109999656677246,14.380000114440918,13.460000038146973,13.81999969482422,13.644262313842772,14599500
2024-03-05,13.649999618530272,14.609999656677246,13.300000190734863,14.550000190734863,14.36497974395752,21622454
2024-03-06,14.18000030517578,14.4399995803833,13.760000228881836,14.18000030517578,13.999685287475586,14708462
2024-03-07,14.140000343322754,14.140000343322754,13.1899995803833,13.279999732971191,13.111128807067873,12812900
2024-03-08,13.380000114440918,13.550000190734863,13.09000015258789,13.40999984741211,13.239476203918455,7109600
2024-03-11,13.579999923706056,13.630000114440918,13.300000190734863,13.579999923706056,13.40731430053711,5224586
2024-03-12,13.81999969482422,15.100000381469728,13.729999542236328,14.720000267028809,14.532817840576172,25607316
2024-03-13,14.760000228881836,15.899999618530272,14.479999542236328,15.199999809265137,15.0067138671875,18249652
2024-03-14,15.489999771118164,16.389999389648438,15.300000190734863,15.640000343322754,15.441119194030762,16884788
2024-03-15,15.510000228881836,15.68000030517578,14.899999618530272,15.479999542236328,15.283153533935549,14137000
2024-03-18,15.539999961853027,15.869999885559082,15.300000190734863,15.399999618530272,15.20417022705078,10036817
2024-03-19,15.460000038146973,16.299999237060547,15.289999961853027,15.8100004196167,15.608957290649414,11380000
2024-03-20,15.779999732971191,16.06999969482422,15.399999618530272,15.600000381469728,15.401628494262695,7060092
2024-03-21,15.699999809265137,15.699999809265137,14.899999618530272,15.010000228881836,14.819130897521973,12649543
2024-03-22,15.010000228881836,15.09000015258789,14.380000114440918,14.5,14.3156156539917,9953322
2024-03-25,14.390000343322754,14.489999771118164,13.489999771118164,13.6899995803833,13.515914916992188,15221799
2024-03-26,13.670000076293944,13.75,13.100000381469728,13.529999732971191,13.357950210571287,8669474
2024-03-27,13.579999923706056,13.59000015258789,12.470000267028809,12.470000267028809,12.311429977416992,10313800
2024-03-28,12.5,13.100000381469728,12.460000038146973,12.880000114440918,12.716216087341309,9377700
2024-03-29,12.899999618530272,13.34000015258789,12.84000015258789,13.31999969482422,13.150620460510254,5087489
2024-04-01,13.390000343322754,14.010000228881836,13.380000114440918,13.920000076293944,13.742990493774414,10936345
2024-04-02,14.100000381469728,14.119999885559082,13.579999923706056,13.720000267028809,13.545534133911133,4562188
2024-04-03,13.770000457763672,13.770000457763672,13.300000190734863,13.460000038146973,13.288840293884276,5198657
2024-04-08,13.460000038146973,13.630000114440918,13.0,13.239999771118164,13.071637153625488,6734508
2024-04-09,13.210000038146973,13.40999984741211,12.869999885559082,13.1899995803833,13.022273063659668,5905457
2024-04-10,13.210000038146973,13.229999542236328,12.449999809265137,12.760000228881836,12.597742080688477,8076000
2024-04-11,12.699999809265137,12.979999542236328,12.5600004196167,12.600000381469728,12.439776420593262,6116147
2024-04-12,12.56999969482422,12.710000038146973,12.289999961853027,12.470000267028809,12.311429977416992,9693400
2024-04-15,12.40999984741211,12.489999771118164,10.979999542236328,11.25,11.106943130493164,20103118
2024-04-16,11.18000030517578,11.229999542236328,10.130000114440918,10.199999809265137,10.070294380187988,24507139
2024-04-17,10.449999809265137,11.020000457763672,10.449999809265137,10.800000190734863,10.662665367126465,19825918
2024-04-18,10.9399995803833,11.0,10.350000381469728,10.739999771118164,10.60342788696289,10303617
2024-04-19,10.68000030517578,10.720000267028809,10.34000015258789,10.479999542236328,10.346734046936035,10477492
2024-04-22,10.34000015258789,11.0,10.100000381469728,10.800000190734863,10.662665367126465,14905227
2024-04-23,10.789999961853027,11.470000267028809,10.699999809265137,11.199999809265137,11.057579040527344,12156631
2024-04-24,11.25,11.779999732971191,11.119999885559082,11.699999809265137,11.551220893859863,9107222
2024-04-25,11.760000228881836,12.149999618530272,11.630000114440918,11.880000114440918,11.72893238067627,8939500
2024-04-26,11.859999656677246,12.359999656677246,11.65999984741211,12.25,12.094226837158203,9569000
2024-04-29,12.3100004196167,12.829999923706056,12.3100004196167,12.449999809265137,12.291683197021484,12208700
2024-04-30,12.460000038146973,12.489999771118164,11.989999771118164,12.329999923706056,12.173209190368652,7237400
2024-05-06,12.630000114440918,12.850000381469728,12.550000190734863,12.649999618530272,12.489139556884766,8073200
2024-05-07,12.68000030517578,13.380000114440918,12.489999771118164,13.270000457763672,13.101256370544434,13362000
2024-05-08,13.380000114440918,13.380000114440918,12.779999732971191,12.850000381469728,12.68659782409668,5933300
2024-05-09,12.859999656677246,13.15999984741211,12.6899995803833,12.720000267028809,12.558250427246094,6753757
2024-05-10,12.949999809265137,12.960000038146973,12.199999809265137,12.300000190734863,12.143590927124023,10000100
2024-05-13,12.43000030517578,12.449999809265137,11.880000114440918,12.15999984741211,12.00537109375,7088211
2024-05-14,12.1899995803833,12.449999809265137,12.020000457763672,12.079999923706056,11.92638874053955,3871300
2024-05-15,12.18000030517578,12.18000030517578,11.859999656677246,11.9399995803833,11.788168907165527,5102058
2024-05-16,11.890000343322754,12.31999969482422,11.890000343322754,12.130000114440918,11.975752830505373,6848563
2024-05-17,12.109999656677246,12.31999969482422,12.0,12.220000267028809,12.064608573913574,4542900
2024-05-20,12.109999656677246,12.550000190734863,12.039999961853027,12.170000076293944,12.015244483947754,7372893
2024-05-21,12.100000381469728,12.239999771118164,11.850000381469728,11.970000267028809,11.817788124084473,5170300
2024-05-22,11.630000114440918,12.31999969482422,11.630000114440918,12.220000267028809,12.064608573913574,6998400
2024-05-23,12.229999542236328,12.34000015258789,11.880000114440918,11.90999984741211,11.758550643920898,6337011
2024-05-24,12.09000015258789,12.09000015258789,11.510000228881836,11.550000190734863,11.403128623962402,6941300
2024-05-27,11.5600004196167,11.6899995803833,11.210000038146973,11.380000114440918,11.23529052734375,7859424
2024-05-28,11.5,11.5,10.9399995803833,11.029999732971191,10.889739990234377,9702655
2024-05-29,11.109999656677246,11.25,10.649999618530272,10.829999923706056,10.692283630371094,12955294
2024-05-30,10.829999923706056,11.40999984741211,10.699999809265137,11.260000228881836,11.116816520690918,11770500
2024-05-31,11.15999984741211,11.609999656677246,11.09000015258789,11.229999542236328,11.087197303771973,7778057
2024-06-03,11.380000114440918,11.399999618530272,10.899999618530272,11.0600004196167,10.91935920715332,9833087
2024-06-04,11.149999618530272,11.149999618530272,10.550000190734863,10.829999923706056,10.692283630371094,13093102
2024-06-05,10.739999771118164,11.100000381469728,10.699999809265137,10.779999732971191,10.642919540405272,6059748
2024-06-06,10.760000228881836,10.850000381469728,10.390000343322754,10.609999656677246,10.47508144378662,9503200
2024-06-07,10.81999969482422,10.880000114440918,10.59000015258789,10.800000190734863,10.662665367126465,5767935
2024-06-11,10.699999809265137,11.079999923706056,10.460000038146973,10.989999771118164,10.850249290466309,6321121
2024-06-12,10.899999618530272,11.239999771118164,10.899999618530272,11.15999984741211,11.01808738708496,6556400
2024-06-13,11.119999885559082,11.380000114440918,10.90999984741211,11.210000038146973,11.06745147705078,5292174
2024-06-14,11.210000038146973,11.380000114440918,11.100000381469728,11.350000381469728,11.20567226409912,4450342
2024-06-17,11.300000190734863,11.59000015258789,11.170000076293944,11.4399995803833,11.294526100158691,5271400
2024-06-18,11.489999771118164,11.800000190734863,11.380000114440918,11.619999885559082,11.472237586975098,4426026
2024-06-19,11.68000030517578,11.699999809265137,11.260000228881836,11.329999923706056,11.185925483703612,5610234
2024-06-20,11.329999923706056,11.34000015258789,10.789999961853027,10.899999618530272,10.761393547058104,5169800
2024-06-21,10.81999969482422,10.949999809265137,10.619999885559082,10.760000228881836,10.623174667358398,6726200
2024-06-24,10.579999923706056,10.6899995803833,10.0600004196167,10.06999969482422,9.94194793701172,10376186
2024-06-25,10.079999923706056,10.470000267028809,10.079999923706056,10.220000267028809,10.090041160583496,5975178
2024-06-26,10.149999618530272,10.31999969482422,9.84000015258789,10.279999732971191,10.149277687072754,9671804
2024-06-27,10.199999809265137,10.260000228881836,9.869999885559082,9.949999809265137,9.823473930358888,7159100
2024-06-28,9.899999618530272,10.369999885559082,9.859999656677246,10.09000015258789,9.96169376373291,6294754
2024-07-01,10.09000015258789,10.460000038146973,9.90999984741211,10.300000190734863,10.169023513793944,6527877
2024-07-02,10.300000190734863,10.4399995803833,10.06999969482422,10.199999809265137,10.070294380187988,4381060
2024-07-03,10.149999618530272,10.4399995803833,10.130000114440918,10.229999542236328,10.099912643432615,4564697
2024-07-04,10.210000038146973,10.390000343322754,9.829999923706056,9.84000015258789,9.714873313903809,5617500
2024-07-05,9.850000381469728,10.390000343322754,9.68000030517578,10.260000228881836,10.129531860351562,8465460
2024-07-08,10.229999542236328,10.68000030517578,10.010000228881836,10.399999618530272,10.267751693725586,10671942
2024-07-09,10.43000030517578,10.729999542236328,9.960000038146973,10.720000267028809,10.583683013916016,11198420
2024-07-10,10.649999618530272,10.869999885559082,10.460000038146973,10.710000038146973,10.573809623718262,7719003
2024-07-11,10.75,11.050000190734863,10.699999809265137,11.029999732971191,10.889739990234377,7492300
2024-07-12,11.0,11.5,10.880000114440918,11.199999809265137,11.057579040527344,9666195
2024-07-15,11.130000114440918,11.31999969482422,11.020000457763672,11.109999656677246,10.96872329711914,7185274
2024-07-16,11.020000457763672,11.420000076293944,10.90999984741211,11.239999771118164,11.09706974029541,7291600
2024-07-17,11.260000228881836,11.529999732971191,11.140000343322754,11.1899995803833,11.04770565032959,5440223
2024-07-18,11.850000381469728,12.100000381469728,10.800000190734863,11.399999618530272,11.255035400390623,21552110
2024-07-19,11.109999656677246,12.039999961853027,10.979999542236328,11.890000343322754,11.738804817199709,17896453
2024-07-22,11.899999618530272,12.279999732971191,11.699999809265137,11.770000457763672,11.620330810546877,14500389
2024-07-23,11.779999732971191,12.170000076293944,11.550000190734863,11.579999923706056,11.432746887207031,8256834
2024-07-24,11.510000228881836,11.850000381469728,11.399999618530272,11.460000038146973,11.3142728805542,7452900
2024-07-25,11.43000030517578,11.829999923706056,11.25,11.649999618530272,11.501855850219728,6875500
2024-07-26,11.68000030517578,12.039999961853027,11.600000381469728,11.75,11.600584983825684,5868400
2024-07-29,11.789999961853027,11.8100004196167,11.600000381469728,11.65999984741211,11.51172924041748,3969460
2024-07-30,11.630000114440918,11.989999771118164,11.5600004196167,11.720000267028809,11.570966720581056,5996200
2024-07-31,11.699999809265137,12.270000457763672,11.609999656677246,12.119999885559082,11.965879440307615,9807600
2024-08-01,12.0600004196167,12.329999923706056,11.899999618530272,12.0,11.847406387329102,9245600
2024-08-02,11.90999984741211,12.260000228881836,11.859999656677246,11.970000267028809,11.817788124084473,7272800
2024-08-05,11.859999656677246,12.140000343322754,11.619999885559082,11.65999984741211,11.51172924041748,6796300
2024-08-06,11.770000457763672,11.949999809265137,11.609999656677246,11.859999656677246,11.709185600280762,4816000
2024-08-07,11.829999923706056,11.9399995803833,11.6899995803833,11.729999542236328,11.580839157104492,4294000
2024-08-08,11.760000228881836,11.84000015258789,11.579999923706056,11.720000267028809,11.570966720581056,3063900
2024-08-09,11.720000267028809,11.84000015258789,11.5,11.5,11.353763580322266,3757800
2024-08-12,11.59000015258789,11.920000076293944,11.56999969482422,11.68000030517578,11.531475067138672,5181074
2024-08-13,11.699999809265137,11.789999961853027,11.449999809265137,11.640000343322754,11.491984367370604,4349435
2024-08-14,11.720000267028809,11.800000190734863,11.5,11.619999885559082,11.472237586975098,4565200
2024-08-15,11.59000015258789,11.949999809265137,11.470000267028809,11.760000228881836,11.610458374023438,5811897
2024-08-16,11.779999732971191,11.880000114440918,11.600000381469728,11.630000114440918,11.482110977172852,3927900
2024-08-19,11.579999923706056,11.890000343322754,11.510000228881836,11.68000030517578,11.531475067138672,4319707
2024-08-20,11.609999656677246,11.710000038146973,11.460000038146973,11.520000457763672,11.373510360717772,2702400
2024-08-21,11.68000030517578,11.68000030517578,11.279999732971191,11.329999923706056,11.185925483703612,4137400
2024-08-22,11.329999923706056,11.4399995803833,11.06999969482422,11.09000015258789,10.94897747039795,3901001
2024-08-23,10.899999618530272,11.130000114440918,10.81999969482422,11.0,10.860121726989746,5095000
2024-08-26,11.029999732971191,11.18000030517578,10.93000030517578,11.010000228881836,10.8699951171875,4177100
2024-08-27,10.970000267028809,10.979999542236328,10.5,10.619999885559082,10.48495388031006,7383675
2024-08-28,10.789999961853027,11.199999809265137,10.449999809265137,10.869999885559082,10.731775283813477,8186536
2024-08-29,11.010000228881836,11.210000038146973,10.770000457763672,11.079999923706056,10.939105033874512,5347900
2024-08-30,10.960000038146973,11.449999809265137,10.960000038146973,11.31999969482422,11.176053047180176,6245203
2024-09-02,11.25,11.449999809265137,11.140000343322754,11.15999984741211,11.01808738708496,5699500
2024-09-03,11.109999656677246,11.289999961853027,11.050000190734863,11.170000076293944,11.027960777282717,3385802
2024-09-04,11.109999656677246,11.239999771118164,11.029999732971191,11.079999923706056,10.939105033874512,2680700
2024-09-05,11.050000190734863,11.390000343322754,11.050000190734863,11.300000190734863,11.156307220458984,3501800
2024-09-06,11.31999969482422,11.380000114440918,11.020000457763672,11.140000343322754,10.998342514038086,4096700
2024-09-09,11.109999656677246,11.520000457763672,11.050000190734863,11.239999771118164,11.09706974029541,6632411
2024-09-10,11.25,11.390000343322754,10.899999618530272,11.15999984741211,11.01808738708496,4340900
2024-09-11,11.029999732971191,11.229999542236328,11.029999732971191,11.1899995803833,11.04770565032959,2725300
2024-09-12,11.18000030517578,11.300000190734863,11.0,11.020000457763672,10.879868507385254,2712345
2024-09-13,11.0,11.06999969482422,10.829999923706056,10.84000015258789,10.702157020568848,2996100
2024-09-18,10.869999885559082,10.920000076293944,10.479999542236328,10.600000381469728,10.465209007263184,3957000
2024-09-19,10.729999542236328,10.949999809265137,10.56999969482422,10.68000030517578,10.544191360473633,5004072
2024-09-20,10.670000076293944,10.720000267028809,10.399999618530272,10.56999969482422,10.435589790344238,4769000
2024-09-23,10.510000228881836,10.739999771118164,10.449999809265137,10.600000381469728,10.465209007263184,3297687
2024-09-24,10.609999656677246,11.210000038146973,10.600000381469728,11.1899995803833,11.04770565032959,7369100
2024-09-25,11.210000038146973,11.640000343322754,11.210000038146973,11.350000381469728,11.20567226409912,6220446
2024-09-26,11.390000343322754,11.949999809265137,11.270000457763672,11.949999809265137,11.798041343688965,8022973
2024-09-27,12.300000190734863,13.800000190734863,12.199999809265137,13.220000267028809,13.051892280578612,21728822
2024-09-30,14.0,15.0,13.43000030517578,14.789999961853027,14.601927757263184,30911012
2024-10-08,17.299999237060547,17.75,15.119999885559082,17.75,17.524288177490234,57869741
2024-10-09,17.0,17.170000076293945,15.350000381469728,15.539999961853027,15.34239101409912,42212583
2024-10-10,16.079999923706055,17.40999984741211,16.059999465942383,16.440000534057617,16.230947494506836,34462678
2024-10-11,16.43000030517578,16.489999771118164,15.470000267028809,15.6899995803833,15.490483283996582,20923590
2024-10-14,16.950000762939453,17.110000610351562,15.399999618530272,16.709999084472656,16.49751091003418,34261800
2024-10-15,16.799999237060547,16.8700008392334,16.06999969482422,16.110000610351562,15.905142784118652,19666862
2024-10-16,15.989999771118164,16.719999313354492,15.800000190734863,16.350000381469727,16.142091751098633,12746875
2024-10-17,16.31999969482422,17.18000030517578,16.200000762939453,16.59000015258789,16.379039764404297,14916101
2024-10-18,16.59000015258789,18.239999771118164,16.389999389648438,17.559999465942383,17.33670425415039,28050453
2024-10-21,17.799999237060547,18.479999542236328,17.6200008392334,17.829999923706055,17.603271484375,21745077
2024-10-22,18.100000381469727,18.38999938964844,17.25,17.520000457763672,17.297212600708008,22687560
2024-10-23,17.420000076293945,17.579999923706055,16.959999084472656,17.100000381469727,16.882553100585938,13771568
2024-10-24,16.899999618530273,17.8700008392334,16.610000610351562,17.8700008392334,17.642763137817383,19283201
2024-10-25,18.479999542236328,18.479999542236328,17.290000915527344,17.549999237060547,17.32682991027832,16748894
2024-10-28,17.309999465942383,18.31999969482422,17.100000381469727,17.739999771118164,17.514415740966797,20592938
2024-10-29,17.739999771118164,18.100000381469727,17.3799991607666,17.420000076293945,17.198484420776367,11948200
2024-10-30,17.510000228881836,17.56999969482422,16.739999771118164,16.950000762939453,16.734460830688477,12750142
2024-10-31,17.110000610351562,17.889999389648438,16.549999237060547,17.610000610351562,17.38606834411621,19848950
2024-11-01,17.68000030517578,17.979999542236328,16.799999237060547,16.8799991607666,16.66534996032715,13815671
2024-11-04,16.989999771118164,18.299999237060547,16.760000228881836,17.709999084472656,17.48479652404785,21188101
2024-11-05,17.829999923706055,20.100000381469727,17.6299991607666,19.8700008392334,19.61733055114746,37590695
2024-11-06,19.8700008392334,20.420000076293945,19.5,19.86000061035156,19.607458114624023,26539548
2024-11-07,19.489999771118164,20.049999237060547,19.059999465942383,19.899999618530277,19.646947860717773,19448731
2024-11-08,19.93000030517578,20.450000762939453,19.46999931335449,19.559999465942383,19.31127166748047,14154464
2024-11-11,19.5,21.01000022888184,19.46999931335449,20.799999237060547,20.53550338745117,25328682
2024-11-12,20.709999084472656,20.899999618530277,19.190000534057617,19.399999618530277,19.153305053710938,23285200
2024-11-13,19.209999084472656,19.450000762939453,18.649999618530277,19.11000061035156,18.86699485778809,11434947
2024-11-14,19.1299991607666,19.649999618530277,18.530000686645508,18.8799991607666,18.639917373657227,15319100
2024-11-15,18.57999992370605,18.8700008392334,17.549999237060547,17.670000076293945,17.44530487060547,15229114
2024-11-18,17.65999984741211,17.770000457763672,16.799999237060547,17.3799991607666,17.158992767333984,12565227
2024-11-19,17.31999969482422,17.850000381469727,17.170000076293945,17.690000534057617,17.465051651000977,6465900
2024-11-20,17.530000686645508,18.600000381469727,17.3700008392334,18.0,17.771108627319336,11670451
2024-11-21,18.010000228881836,18.049999237060547,17.299999237060547,17.530000686645508,17.307086944580078,8225955
2024-11-22,17.479999542236328,17.68000030517578,16.75,16.770000457763672,16.55674934387207,8581434
2024-11-25,16.829999923706055,17.0,16.3799991607666,16.68000030517578,16.467893600463867,6331322
2024-11-26,16.68000030517578,16.850000381469727,16.299999237060547,16.450000762939453,16.240819931030273,4734200
2024-11-27,16.350000381469727,16.950000762939453,16.049999237060547,16.90999984741211,16.694969177246094,7019200
2024-11-28,16.93000030517578,17.34000015258789,16.59000015258789,16.90999984741211,16.694969177246094,6460100
2024-11-29,16.979999542236328,17.850000381469727,16.81999969482422,17.489999771118164,17.267593383789062,9833400
2024-12-02,17.65999984741211,17.65999984741211,16.799999237060547,17.0,16.783824920654297,18023001
2024-12-03,16.989999771118164,17.209999084472656,16.600000381469727,17.100000381469727,16.882553100585938,10353300
2024-12-04,17.190000534057617,17.5,16.649999618530273,16.799999237060547,16.586366653442383,9332701
2024-12-05,16.799999237060547,17.399999618530273,16.68000030517578,17.18000030517578,16.961536407470703,8551075
2024-12-06,18.32999992370605,19.299999237060547,17.920000076293945,18.1299991607666,17.89945411682129,29702641
2024-12-09,17.850000381469727,18.049999237060547,17.299999237060547,17.5,17.277467727661133,16943417
2024-12-10,18.0,18.63999938964844,17.799999237060547,17.989999771118164,17.7612361907959,20259427
2024-12-11,18.059999465942383,18.32999992370605,17.450000762939453,17.649999618530273,17.425559997558594,14692500
2024-12-12,17.649999618530273,17.979999542236328,17.280000686645508,17.8799991607666,17.652633666992188,13839628
2024-12-13,17.639999389648438,17.68000030517578,16.899999618530273,16.899999618530273,16.685096740722656,19175602
2024-12-16,16.889999389648438,17.149999618530273,16.700000762939453,16.850000381469727,16.635732650756836,9084710
2024-12-17,16.850000381469727,16.889999389648438,16.100000381469727,16.219999313354492,16.013742446899414,10287772
2024-12-18,16.299999237060547,16.469999313354492,16.0,16.15999984741211,15.954506874084473,6775500
2024-12-19,16.049999237060547,16.260000228881836,15.899999618530272,16.15999984741211,15.954506874084473,4764008
2024-12-20,16.3700008392334,16.3700008392334,15.93000030517578,16.079999923706055,15.875523567199709,10092772
2024-12-23,16.09000015258789,16.110000610351562,15.260000228881836,15.350000381469728,15.154807090759276,11112501
2024-12-24,15.380000114440918,15.65999984741211,15.06999969482422,15.3100004196167,15.115315437316896,8060988
2024-12-25,15.369999885559082,15.510000228881836,14.90999984741211,15.420000076293944,15.223917007446287,8037100
2024-12-26,15.479999542236328,15.739999771118164,15.34000015258789,15.5,15.302899360656738,5738346
2024-12-27,15.550000190734863,16.229999542236328,15.489999771118164,15.760000228881836,15.559593200683594,8497800
2024-12-30,15.68000030517578,15.829999923706056,15.3100004196167,15.59000015258789,15.39175510406494,5154800
2024-12-31,15.770000457763672,15.800000190734863,15.199999809265137,15.229999542236328,15.036332130432127,5076397
2025-01-02,15.229999542236328,15.359999656677246,14.600000381469728,14.8100004196167,14.621673583984377,6969742
2025-01-03,14.829999923706056,14.829999923706056,14.0,14.100000381469728,13.92070198059082,11628126
2025-01-06,14.0600004196167,14.3100004196167,13.609999656677246,14.0,13.82197380065918,5561000
2025-01-07,14.140000343322754,14.279999732971191,13.899999618530272,14.1899995803833,14.009556770324709,5198800
2025-01-08,14.100000381469728,14.380000114440918,13.720000267028809,14.210000038146973,14.029303550720217,5583888
2025-01-09,14.239999771118164,14.399999618530272,14.140000343322754,14.25,14.06879425048828,3571200
2025-01-10,14.239999771118164,14.640000343322754,13.880000114440918,13.899999618530272,13.723244667053224,4688955
2025-01-13,13.770000457763672,14.279999732971191,13.600000381469728,14.170000076293944,13.989811897277832,4516900
2025-01-14,14.289999961853027,15.710000038146973,14.18000030517578,15.399999618530272,15.20417022705078,10110055
2025-01-15,15.399999618530272,15.9399995803833,15.109999656677246,15.369999885559082,15.174551963806152,10743900
2025-01-16,15.600000381469728,17.06999969482422,15.510000228881836,16.850000381469727,16.635732650756836,28913184
2025-01-17,17.209999084472656,17.350000381469727,16.229999542236328,16.860000610351562,16.645605087280273,23880001
2025-01-20,16.860000610351562,17.229999542236328,16.440000534057617,17.059999465942383,16.843061447143555,16824900
2025-01-21,16.989999771118164,17.31999969482422,16.829999923706055,17.270000457763672,17.050392150878906,11918900
2025-01-22,17.079999923706055,17.530000686645508,17.06999969482422,17.43000030517578,17.208356857299805,11389582
2025-01-23,17.799999237060547,18.13999938964844,17.110000610351562,17.209999084472656,16.991153717041016,17538117
2025-01-24,17.209999084472656,17.399999618530273,17.0,17.139999389648438,16.92204475402832,9301401
2025-01-27,17.170000076293945,17.579999923706055,17.049999237060547,17.270000457763672,17.050392150878906,10242600
2025-02-05,17.280000686645508,17.540000915527344,16.93000030517578,17.049999237060547,16.833189010620117,7207520
2025-02-06,17.0,17.350000381469727,16.889999389648438,17.1200008392334,16.902299880981445,8828805
2025-02-07,17.100000381469727,17.450000762939453,16.8799991607666,17.190000534057617,16.97140884399414,11124601
2025-02-10,17.190000534057617,17.690000534057617,17.1200008392334,17.649999618530273,17.425559997558594,13389800
2025-02-11,17.639999389648438,17.690000534057617,17.059999465942383,17.100000381469727,16.882553100585938,10047000
2025-02-12,17.059999465942383,17.690000534057617,16.899999618530273,17.610000610351562,17.38606834411621,12398502
2025-02-13,17.520000457763672,17.889999389648438,17.110000610351562,17.15999984741211,16.941789627075195,7283917
2025-02-14,17.09000015258789,18.350000381469727,17.030000686645508,17.84000015258789,17.613143920898438,19315141
2025-02-17,17.850000381469727,19.01000022888184,17.68000030517578,18.979999542236328,18.7386474609375,23449475
2025-02-18,18.809999465942383,18.8700008392334,17.979999542236328,18.059999465942383,17.830345153808594,14286605
2025-02-19,18.020000457763672,18.59000015258789,18.020000457763672,18.290000915527344,18.057422637939453,9887410
2025-02-20,18.38999938964844,18.450000762939453,17.889999389648438,18.15999984741211,17.929073333740234,9564796
2025-02-21,18.1200008392334,18.18000030517578,17.540000915527344,17.670000076293945,17.44530487060547,16423581
2025-02-24,17.709999084472656,19.26000022888184,17.709999084472656,19.11000061035156,18.86699485778809,36984332
2025-02-25,18.8799991607666,19.149999618530277,18.51000022888184,18.76000022888184,18.52144432067871,14972317
2025-02-26,18.81999969482422,19.020000457763672,18.450000762939453,18.649999618530277,18.412843704223636,13206200
2025-02-27,18.75,18.82999992370605,18.299999237060547,18.559999465942383,18.32398796081543,10957997
2025-02-28,18.530000686645508,18.600000381469727,17.56999969482422,17.65999984741211,17.43543243408203,12989943
2025-03-03,17.709999084472656,17.969999313354492,17.010000228881836,17.229999542236328,17.010900497436523,12960200
2025-03-04,17.219999313354492,17.649999618530273,16.979999542236328,17.450000762939453,17.228103637695312,10190600
2025-03-05,17.450000762939453,17.8799991607666,17.100000381469727,17.549999237060547,17.32682991027832,9224800
2025-03-06,17.639999389648438,18.030000686645508,17.5,17.760000228881836,17.534160614013672,10832300
2025-03-07,17.75,18.38999938964844,17.520000457763672,17.829999923706055,17.603271484375,11782800
2025-03-10,17.600000381469727,17.75,17.270000457763672,17.59000015258789,17.366323471069336,7492648
2025-03-11,17.399999618530273,17.850000381469727,17.280000686645508,17.760000228881836,17.534160614013672,7775785
2025-03-12,17.84000015258789,18.520000457763672,17.799999237060547,18.18000030517578,17.948820114135742,12927967
2025-03-13,18.18000030517578,18.290000915527344,17.25,17.399999618530273,17.17873764038086,9688800
2025-03-14,17.5,17.6200008392334,17.15999984741211,17.6200008392334,17.39594268798828,7482695
2025-03-17,17.649999618530273,17.649999618530273,17.270000457763672,17.59000015258789,17.366323471069336,5777301
2025-03-18,17.670000076293945,17.809999465942383,17.3799991607666,17.65999984741211,17.43543243408203,6517400
2025-03-19,17.520000457763672,17.6200008392334,16.940000534057617,17.030000686645508,16.813444137573242,11786000
2025-03-20,17.100000381469727,17.15999984741211,16.8799991607666,16.940000534057617,16.72458839416504,5132601
2025-03-21,16.899999618530273,17.200000762939453,16.68000030517578,16.93000030517578,16.7147159576416,8340800
2025-03-24,16.809999465942383,17.190000534057617,16.260000228881836,16.59000015258789,16.379039764404297,8146565
2025-03-25,16.579999923706055,16.84000015258789,16.31999969482422,16.479999542236328,16.270437240600586,5139400
2025-03-26,16.420000076293945,16.75,16.3799991607666,16.639999389648438,16.428401947021484,4362700
2025-03-27,16.639999389648438,17.079999923706055,16.489999771118164,16.850000381469727,16.635732650756836,5401435
2025-03-28,17.0,17.489999771118164,16.729999542236328,16.90999984741211,16.694969177246094,10660600
2025-03-31,16.799999237060547,17.0,16.34000015258789,16.549999237060547,16.33954620361328,7500338
2025-04-01,16.649999618530273,17.149999618530273,16.600000381469727,16.829999923706055,16.615985870361328,7882100
2025-04-02,16.809999465942383,17.09000015258789,16.739999771118164,16.93000030517578,16.7147159576416,4611900
2025-04-03,16.899999618530273,17.5,16.670000076293945,17.290000915527344,17.070138931274414,12872411
2025-04-07,17.799999237060547,18.709999084472656,16.549999237060547,17.690000534057617,17.465051651000977,47213666
2025-04-08,18.100000381469727,18.8700008392334,17.510000228881836,18.729999542236328,18.49182510375977,50505658
2025-04-09,19.280000686645508,22.479999542236328,18.8799991607666,22.030000686645508,21.74986267089844,74245539
2025-04-10,20.700000762939453,23.65999984741211,20.26000022888184,22.76000022888184,22.4705810546875,70564359
2025-04-11,22.200000762939453,26.790000915527344,22.200000762939453,23.989999771118164,23.684938430786133,86905885
2025-04-14,24.68000030517578,25.81999969482422,23.25,23.850000381469727,23.546720504760746,71729682
2025-04-15,23.61000061035156,23.899999618530277,22.350000381469727,23.049999237060547,22.75689125061035,56894024
2025-04-16,22.959999084472656,24.0,22.299999237060547,22.920000076293945,22.6285457611084,48595656
2025-04-17,22.6200008392334,24.5,22.56999969482422,23.1200008392334,22.82600212097168,57425993
2025-04-18,23.399999618530277,23.600000381469727,22.21999931335449,22.40999984741211,22.125030517578125,45999522
2025-04-21,22.030000686645508,23.600000381469727,21.739999771118164,23.200000762939453,22.904985427856445,40868737
2025-04-22,23.239999771118164,24.209999084472656,23.190000534057617,23.56999969482422,23.270278930664062,46356822
2025-04-23,23.200000762939453,24.1200008392334,22.540000915527344,23.399999618530277,23.102441787719727,44973795
2025-04-24,23.32999992370605,24.280000686645508,22.75,22.979999542236328,22.687782287597656,35360465
2025-04-25,22.63999938964844,22.959999084472656,21.25,21.75,21.47342300415039,52796893
2025-04-28,21.690000534057617,22.809999465942383,21.690000534057617,21.920000076293945,21.64126205444336,29432866
2025-04-29,21.690000534057617,22.34000015258789,21.5,21.56999969482422,21.295711517333984,27557302
2025-04-30,21.700000762939453,21.920000076293945,20.790000915527344,20.799999237060547,20.53550338745117,31273778
2025-05-06,20.700000762939453,21.229999542236328,20.670000076293945,21.209999084472656,20.94028854370117,21626027
2025-05-07,21.5,21.739999771118164,20.780000686645508,21.1200008392334,20.8514347076416,20996499
2025-05-08,20.989999771118164,21.299999237060547,20.709999084472656,20.950000762939453,20.683597564697266,15729945
2025-05-09,20.899999618530277,21.25,20.459999084472656,20.61000061035156,20.347919464111328,16116141
2025-05-12,20.290000915527344,21.149999618530277,19.8700008392334,20.700000762939453,20.43677520751953,20530716
2025-05-13,20.5,20.68000030517578,20.030000686645508,20.61000061035156,20.347919464111328,20484589
2025-05-14,20.450000762939453,21.190000534057617,20.450000762939453,20.75,20.48613929748535,20356196
2025-05-15,20.729999542236328,20.790000915527344,19.81999969482422,19.959999084472656,19.70618438720703,18133456
2025-05-16,19.899999618530277,20.549999237060547,19.850000381469727,20.190000534057617,19.93326187133789,10839572
2025-05-19,20.21999931335449,20.399999618530277,20.01000022888184,20.25,19.99249839782715,9043700
2025-05-20,20.07999992370605,20.799999237060547,19.979999542236328,20.57999992370605,20.318300247192383,15808116
2025-05-21,20.56999969482422,20.57999992370605,20.209999084472656,20.280000686645508,20.022117614746094,7912589
2025-05-22,20.229999542236328,20.32999992370605,19.65999984741211,19.65999984741211,19.40999984741211,12208380
2025-05-23,19.809999465942383,20.31999969482422,19.709999084472656,19.71999931335449,19.71999931335449,16541000
2025-05-26,19.600000381469727,20.479999542236328,19.600000381469727,20.46999931335449,20.46999931335449,18192824
2025-05-27,20.36000061035156,20.700000762939453,20.309999465942383,20.399999618530277,20.399999618530277,12204710
2025-05-28,20.350000381469727,20.989999771118164,20.030000686645508,20.6200008392334,20.6200008392334,17055477
2025-05-29,20.5,21.170000076293945,20.299999237060547,20.65999984741211,20.65999984741211,18356016
2025-05-30,20.76000022888184,21.43000030517578,20.36000061035156,20.40999984741211,20.40999984741211,20946684
2025-06-03,20.200000762939453,21.3700008392334,20.200000762939453,21.239999771118164,21.239999771118164,22801802
2025-06-04,21.149999618530277,22.31999969482422,21.149999618530277,21.6299991607666,21.6299991607666,24208056
2025-06-05,21.920000076293945,23.170000076293945,21.700000762939453,22.850000381469727,22.850000381469727,34969300
2025-06-06,22.81999969482422,23.049999237060547,22.229999542236328,22.57999992370605,22.57999992370605,22734574
2025-06-09,22.780000686645508,24.059999465942383,22.5,23.530000686645508,23.530000686645508,25056045
2025-06-10,23.5,23.799999237060547,23.030000686645508,23.459999084472656,23.459999084472656,16143248
2025-06-11,23.170000076293945,23.6299991607666,22.600000381469727,23.270000457763672,23.270000457763672,14562850
2025-06-12,23.0,23.670000076293945,22.6200008392334,22.88999938964844,22.88999938964844,15830984
2025-06-13,22.88999938964844,23.170000076293945,22.36000061035156,22.479999542236328,22.479999542236328,12294551
2025-06-16,22.309999465942383,23.649999618530277,22.309999465942383,22.959999084472656,22.959999084472656,14475642
2025-06-17,22.899999618530277,23.0,22.38999938964844,22.549999237060547,22.549999237060547,9612170
2025-06-18,22.489999771118164,22.559999465942383,22.1200008392334,22.309999465942383,22.309999465942383,6110200
2025-06-19,22.149999618530277,22.649999618530277,21.520000457763672,21.65999984741211,21.65999984741211,11322931
2025-06-20,21.56999969482422,21.799999237060547,21.229999542236328,21.270000457763672,21.270000457763672,6009361
2025-06-23,21.170000076293945,21.850000381469727,21.149999618530277,21.530000686645508,21.530000686645508,6859601
2025-06-24,21.57999992370605,22.0,21.5,21.84000015258789,21.84000015258789,9387620
2025-06-25,22.01000022888184,22.549999237060547,21.649999618530277,21.86000061035156,21.86000061035156,11610276
2025-06-26,21.899999618530277,22.0,21.0,21.709999084472656,21.709999084472656,9868087
2025-06-27,21.799999237060547,21.989999771118164,21.57999992370605,21.600000381469727,21.600000381469727,6433100
2025-06-30,21.61000061035156,22.489999771118164,21.350000381469727,22.1299991607666,22.1299991607666,11084400
2025-07-01,22.13999938964844,22.559999465942383,21.850000381469727,22.280000686645508,22.280000686645508,12322915
2025-07-02,22.25,22.25,20.299999237060547,20.3700008392334,20.3700008392334,28300857
2025-07-03,20.61000061035156,20.71999931335449,20.21999931335449,20.57999992370605,20.57999992370605,10929000
2025-07-04,19.25,19.899999618530277,19.07999992370605,19.229999542236328,19.229999542236328,30928808
2025-07-07,19.21999931335449,19.739999771118164,19.09000015258789,19.530000686645508,19.530000686645508,12570300
2025-07-08,19.57999992370605,20.950000762939453,19.559999465942383,20.700000762939453,20.700000762939453,21282538
2025-07-09,20.479999542236328,21.11000061035156,20.34000015258789,20.43000030517578,20.43000030517578,13184536
2025-07-10,20.46999931335449,20.600000381469727,19.950000762939453,20.020000457763672,20.020000457763672,9447873
2025-07-11,19.950000762939453,20.25,19.780000686645508,20.149999618530277,20.149999618530277,8294900
2025-07-14,20.049999237060547,20.209999084472656,19.450000762939453,19.51000022888184,19.51000022888184,13209099
2025-07-15,19.549999237060547,19.57999992370605,18.71999931335449,19.170000076293945,19.170000076293945,15071100
2025-07-16,19.100000381469727,19.26000022888184,18.700000762939453,18.780000686645508,18.780000686645508,11249328
2025-07-17,18.76000022888184,18.950000762939453,18.71999931335449,18.93000030517578,18.93000030517578,7888800
2025-07-18,18.799999237060547,18.8700008392334,18.36000061035156,18.5,18.5,16798101
2025-07-21,18.530000686645508,18.850000381469727,18.399999618530277,18.559999465942383,18.559999465942383,11147600
2025-07-22,18.600000381469727,18.6200008392334,18.149999618530277,18.600000381469727,18.600000381469727,10635615
2025-07-23,18.65999984741211,19.350000381469727,18.65999984741211,19.13999938964844,19.13999938964844,25408258
2025-07-24,19.0,19.479999542236328,18.88999938964844,19.309999465942383,19.309999465942383,16156699
2025-07-25,19.209999084472656,20.239999771118164,19.0,19.82999992370605,19.82999992370605,25866236
2025-07-28,19.899999618530277,20.149999618530277,19.530000686645508,19.770000457763672,19.770000457763672,14867104
2025-07-29,19.6200008392334,19.8799991607666,19.56999969482422,19.75,19.75,11472609
2025-07-30,19.739999771118164,19.770000457763672,19.299999237060547,19.420000076293945,19.420000076293945,12666095
2025-07-31,19.420000076293945,19.57999992370605,19.07999992370605,19.09000015258789,19.09000015258789,11325445
2025-08-01,19.11000061035156,19.479999542236328,19.030000686645508,19.459999084472656,19.459999084472656,9652600
2025-08-04,19.479999542236328,19.65999984741211,19.030000686645508,19.280000686645508,19.280000686645508,9361047
2025-08-05,19.100000381469727,20.440000534057617,18.940000534057617,20.3799991607666,20.3799991607666,27709060
2025-08-06,20.209999084472656,20.46999931335449,20.100000381469727,20.32999992370605,20.32999992370605,15857403
2025-08-07,20.540000915527344,20.780000686645508,20.0,20.11000061035156,20.11000061035156,15641325
2025-08-08,20.040000915527344,20.559999465942383,19.729999542236328,20.270000457763672,20.270000457763672,17015591
2025-08-11,20.309999465942383,20.46999931335449,20.100000381469727,20.26000022888184,20.26000022888184,11534283
2025-08-12,20.26000022888184,20.3799991607666,19.76000022888184,20.09000015258789,20.09000015258789,14718837
2025-08-13,20.09000015258789,20.63999938964844,19.959999084472656,20.38999938964844,20.38999938964844,17484143
2025-08-14,20.309999465942383,20.479999542236328,19.36000061035156,19.61000061035156,19.61000061035156,26534811
2025-08-15,19.600000381469727,20.26000022888184,19.450000762939453,19.940000534057617,19.940000534057617,17238075
2025-08-18,19.989999771118164,21.06999969482422,19.959999084472656,20.6299991607666,20.6299991607666,24170076
2025-08-19,20.6299991607666,21.36000061035156,20.21999931335449,20.90999984741211,20.90999984741211,23651504
2025-08-20,21.0,21.239999771118164,20.700000762939453,21.239999771118164,21.239999771118164,14259760
2025-08-21,21.600000381469727,22.59000015258789,20.979999542236328,21.020000457763672,21.020000457763672,31894401
2025-08-22,20.8700008392334,21.270000457763672,20.770000457763672,21.01000022888184,21.01000022888184,14536309
2025-08-25,21.350000381469727,21.780000686645508,21.030000686645508,21.68000030517578,21.68000030517578,22447695
2025-08-26,21.690000534057617,21.799999237060547,20.84000015258789,21.3799991607666,21.3799991607666,19135948
2025-08-27,21.34000015258789,21.549999237060547,20.399999618530277,20.420000076293945,20.420000076293945,19232548
2025-08-28,20.59000015258789,21.18000030517578,20.5,21.15999984741211,21.15999984741211,16038072
2025-08-29,21.13999938964844,21.200000762939453,20.6299991607666,20.780000686645508,20.780000686645508,11141603
2025-09-01,21.11000061035156,21.65999984741211,21.0,21.25,21.25,16525215
2025-09-02,21.21999931335449,21.5,20.25,20.96999931335449,20.96999931335449,16368214
2025-09-03,20.709999084472656,20.88999938964844,18.940000534057617,19.18000030517578,19.18000030517578,29973186
2025-09-04,19.09000015258789,19.38999938964844,18.309999465942383,18.690000534057617,18.690000534057617,16173199
2025-09-05,18.670000076293945,19.36000061035156,18.5,19.1200008392334,19.1200008392334,10138267
2025-09-08,19.200000762939453,19.299999237060547,18.799999237060547,18.96999931335449,18.96999931335449,8477637
2025-09-09,18.899999618530277,19.0,18.200000762939453,18.31999969482422,18.31999969482422,11412682
2025-09-10,18.34000015258789,18.46999931335449,18.13999938964844,18.209999084472656,18.209999084472656,8030681
2025-09-11,18.13999938964844,18.51000022888184,17.84000015258789,18.3799991607666,18.3799991607666,10689471
2025-09-12,18.549999237060547,18.559999465942383,18.100000381469727,18.200000762939453,18.200000762939453,9570800
2025-09-15,18.399999618530277,18.989999771118164,18.399999618530277,18.68000030517578,18.68000030517578,13966290
2025-09-16,18.549999237060547,18.75,18.34000015258789,18.68000030517578,18.68000030517578,8706065
2025-09-17,18.8799991607666,19.26000022888184,18.690000534057617,18.93000030517578,18.93000030517578,11861659
2025-09-18,19.0,19.68000030517578,18.68000030517578,18.940000534057617,18.940000534057617,17241115
2025-09-19,19.18000030517578,20.170000076293945,18.8700008392334,19.600000381469727,19.600000381469727,29470487
2025-09-22,19.479999542236328,19.5,18.6200008392334,19.049999237060547,19.049999237060547,17313751
2025-09-23,18.770000457763672,18.8700008392334,17.850000381469727,18.25,18.25,18803451
2025-09-24,18.15999984741211,18.239999771118164,17.899999618530273,18.239999771118164,18.239999771118164,9281876
2025-09-25,18.200000762939453,18.239999771118164,17.899999618530273,18.059999465942383,18.059999465942383,9456600
2025-09-26,17.920000076293945,18.36000061035156,17.670000076293945,17.8799991607666,17.8799991607666,11266408
2025-09-29,17.950000762939453,17.979999542236328,17.15999984741211,17.729999542236328,17.729999542236328,10926965
2025-09-30,17.790000915527344,17.850000381469727,17.420000076293945,17.440000534057617,17.440000534057617,10316700
2025-10-09,17.700000762939453,17.989999771118164,17.479999542236328,17.799999237060547,17.799999237060547,12738903
2025-10-10,17.799999237060547,18.26000022888184,17.65999984741211,17.989999771118164,17.989999771118164,10136000
2025-10-13,17.600000381469727,19.43000030517578,17.600000381469727,18.799999237060547,18.799999237060547,35652357
2025-10-14,18.700000762939453,18.90999984741211,18.049999237060547,18.18000030517578,18.18000030517578,18597192
2025-10-15,18.36000061035156,18.420000076293945,17.559999465942383,18.13999938964844,18.13999938964844,11124291
2025-10-16,18.07999992370605,18.100000381469727,17.6200008392334,17.739999771118164,17.739999771118164,9634186
2025-10-17,17.700000762939453,17.84000015258789,17.43000030517578,17.440000534057617,17.440000534057617,8042086
2025-10-20,17.799999237060547,17.950000762939453,17.450000762939453,17.56999969482422,17.56999969482422,6395547
2025-10-21,17.510000228881836,18.149999618530277,17.420000076293945,17.8799991607666,17.8799991607666,9661118
2025-10-22,17.75,17.799999237060547,17.489999771118164,17.530000686645508,17.530000686645508,6109124
2025-10-23,17.549999237060547,17.579999923706055,17.18000030517578,17.489999771118164,17.489999771118164,6959803
2025-10-24,17.540000915527344,17.84000015258789,17.450000762939453,17.690000534057617,17.690000534057617,5589800
2025-10-27,17.850000381469727,18.020000457763672,17.639999389648438,17.899999618530273,17.899999618530273,8787178
2025-10-28,17.93000030517578,18.200000762939453,17.690000534057617,17.799999237060547,17.799999237060547,7513098
2025-10-29,17.700000762939453,18.0,17.610000610351562,17.739999771118164,17.739999771118164,7788100
2025-10-30,17.200000762939453,17.219999313354492,16.329999923706055,16.350000381469727,16.350000381469727,26671162
2025-10-31,16.3799991607666,16.6299991607666,15.989999771118164,16.600000381469727,16.600000381469727,10946179
2025-11-03,16.510000228881836,16.600000381469727,16.31999969482422,16.479999542236328,16.479999542236328,6721186
2025-11-04,16.579999923706055,16.829999923706055,16.290000915527344,16.479999542236328,16.479999542236328,7584420
2025-11-05,16.219999313354492,16.479999542236328,16.219999313354492,16.399999618530273,16.399999618530273,4214158
2025-11-06,16.389999389648438,16.68000030517578,16.309999465942383,16.530000686645508,16.530000686645508,6080427
2025-11-07,16.43000030517578,16.600000381469727,16.420000076293945,16.43000030517578,16.43000030517578,4697276
2025-11-10,16.440000534057617,16.559999465942383,16.059999465942383,16.40999984741211,16.40999984741211,8086316
2025-11-11,16.360000610351562,16.420000076293945,16.149999618530273,16.209999084472656,16.209999084472656,5454182
2025-11-12,16.139999389648438,16.190000534057617,15.619999885559082,15.880000114440918,15.880000114440918,10328761
2025-11-13,15.800000190734863,15.90999984741211,15.600000381469728,15.789999961853027,15.789999961853027,6043145
2025-11-14,15.65999984741211,15.93000030517578,15.600000381469728,15.729999542236328,15.729999542236328,4342295
2025-11-17,15.770000457763672,15.869999885559082,15.649999618530272,15.739999771118164,15.739999771118164,3711943
2025-11-18,15.739999771118164,15.75,15.399999618530272,15.520000457763672,15.520000457763672,6961605
2025-11-19,15.489999771118164,15.550000190734863,15.260000228881836,15.300000190734863,15.300000190734863,5474599
2025-11-20,15.34000015258789,15.43000030517578,15.029999732971191,15.149999618530272,15.149999618530272,6606267
2025-11-21,14.979999542236328,15.25,14.670000076293944,14.699999809265137,14.699999809265137,9153349
2025-11-24,14.699999809265137,15.359999656677246,14.699999809265137,15.220000267028809,15.220000267028809,8514984
2025-11-25,15.260000228881836,15.670000076293944,15.140000343322754,15.329999923706056,15.329999923706056,5711000
2025-11-26,15.40999984741211,15.630000114440918,15.239999771118164,15.420000076293944,15.420000076293944,5368967
2025-11-27,15.420000076293944,15.640000343322754,15.300000190734863,15.529999732971191,15.529999732971191,5353807
2025-11-28,15.59000015258789,15.600000381469728,15.170000076293944,15.359999656677246,15.359999656677246,4753249
2025-12-01,15.460000038146973,15.600000381469728,15.270000457763672,15.390000343322754,15.390000343322754,4116678
2025-12-02,15.43000030517578,15.720000267028809,15.359999656677246,15.4399995803833,15.4399995803833,5322837
2025-12-03,15.510000228881836,15.510000228881836,15.119999885559082,15.1899995803833,15.1899995803833,4741179
2025-12-04,15.25,15.25,14.81999969482422,14.9399995803833,14.9399995803833,4612936
2025-12-05,14.899999618530272,15.300000190734863,14.779999732971191,15.300000190734863,15.300000190734863,4713700
2025-12-08,15.479999542236328,15.529999732971191,15.3100004196167,15.380000114440918,15.380000114440918,5735830
2025-12-09,15.5,16.3700008392334,15.350000381469728,15.880000114440918,15.880000114440918,18508892
2025-12-10,15.720000267028809,15.869999885559082,15.369999885559082,15.5,15.5,9501440
2025-12-11,15.5,15.960000038146973,15.359999656677246,15.65999984741211,15.65999984741211,8923270
2025-12-12,15.65999984741211,15.850000381469728,15.510000228881836,15.800000190734863,15.800000190734863,7559481
2025-12-15,15.68000030517578,15.979999542236328,15.550000190734863,15.65999984741211,15.65999984741211,6019367
2025-12-16,15.699999809265137,15.960000038146973,15.359999656677246,15.68000030517578,15.68000030517578,9571200
2025-12-17,15.68000030517578,15.699999809265137,15.15999984741211,15.350000381469728,15.350000381469728,10560600
2025-12-18,15.359999656677246,15.779999732971191,15.300000190734863,15.550000190734863,15.550000190734863,9703159
2025-12-19,15.529999732971191,15.949999809265137,15.520000457763672,15.779999732971191,15.779999732971191,8594028
2025-12-22,15.760000228881836,16.15999984741211,15.760000228881836,15.93000030517578,15.93000030517578,8439798
2025-12-23,15.890000343322754,16.06999969482422,15.789999961853027,15.850000381469728,15.850000381469728,5302500
2025-12-24,15.890000343322754,16.479999542236328,15.890000343322754,16.299999237060547,16.299999237060547,12663682
2025-12-25,16.219999313354492,16.40999984741211,16.020000457763672,16.299999237060547,16.299999237060547,7086801
2025-12-26,16.399999618530273,16.690000534057617,16.290000915527344,16.440000534057617,16.440000534057617,9677665
2025-12-29,16.399999618530273,16.440000534057617,15.979999542236328,16.09000015258789,16.09000015258789,10094259
2025-12-30,16.110000610351562,16.139999389648438,15.729999542236328,15.869999885559082,15.869999885559082,8226561
2025-12-31,15.800000190734863,15.979999542236328,15.649999618530272,15.859999656677246,15.859999656677246,6650537
2026-01-05,15.859999656677246,16.149999618530273,15.850000381469728,16.0,16.0,9320810
2026-01-06,16.030000686645508,16.139999389648438,15.90999984741211,16.059999465942383,16.059999465942383,8217566
2026-01-07,16.09000015258789,16.440000534057617,16.020000457763672,16.239999771118164,16.239999771118164,11381500
2026-01-08,16.170000076293945,16.489999771118164,16.15999984741211,16.40999984741211,16.40999984741211,8604783
2026-01-09,16.399999618530273,16.690000534057617,16.270000457763672,16.420000076293945,16.420000076293945,10646640
2026-01-12,16.420000076293945,16.8799991607666,16.360000610351562,16.739999771118164,16.739999771118164,14041053
2026-01-13,16.799999237060547,16.829999923706055,16.25,16.25,16.25,12412192
2026-01-14,16.280000686645508,17.219999313354492,16.280000686645508,16.670000076293945,16.670000076293945,19400056
2026-01-15,16.559999465942383,16.649999618530273,16.299999237060547,16.469999313354492,16.469999313354492,10213200
2026-01-16,16.59000015258789,16.6200008392334,16.219999313354492,16.479999542236328,16.479999542236328,9159106
2026-01-19,16.40999984741211,16.649999618530273,16.299999237060547,16.459999084472656,16.459999084472656,6176215
2026-01-20,16.459999084472656,16.690000534057617,16.190000534057617,16.389999389648438,16.389999389648438,8313640
2026-01-21,16.270000457763672,16.729999542236328,16.170000076293945,16.559999465942383,16.559999465942383,9211700
2026-01-22,16.56999969482422,16.959999084472656,16.40999984741211,16.899999618530273,16.899999618530273,11104452
2026-01-23,16.81999969482422,17.149999618530273,16.81999969482422,16.8700008392334,16.8700008392334,9065034
2026-01-26,16.899999618530273,16.93000030517578,16.1299991607666,16.420000076293945,16.420000076293945,11550726
2026-01-27,16.3799991607666,16.389999389648438,15.65999984741211,16.15999984741211,16.15999984741211,10073849
2026-01-28,16.1299991607666,16.299999237060547,15.8100004196167,15.949999809265137,15.949999809265137,6724702
2026-01-29,15.8100004196167,15.979999542236328,15.56999969482422,15.720000267028809,15.720000267028809,6979743
2026-01-30,15.15999984741211,15.609999656677246,14.949999809265137,15.4399995803833,15.4399995803833,10908943
2026-02-02,15.34000015258789,15.489999771118164,15.050000190734863,15.09000015258789,15.09000015258789,8038550
2026-02-03,15.109999656677246,15.420000076293944,14.960000038146973,15.329999923706056,15.329999923706056,6511800
2026-02-04,15.3100004196167,15.369999885559082,15.15999984741211,15.270000457763672,15.270000457763672,4524234
2026-02-05,15.199999809265137,15.600000381469728,15.170000076293944,15.239999771118164,15.239999771118164,4620333
2026-02-06,15.149999618530272,16.1299991607666,15.149999618530272,15.90999984741211,15.90999984741211,13676805
2026-02-09,16.059999465942383,16.34000015258789,15.81999969482422,16.139999389648438,16.139999389648438,10286640
2026-02-10,16.209999084472656,16.31999969482422,15.93000030517578,15.970000267028809,15.970000267028809,7251723
2026-02-11,15.970000267028809,16.209999084472656,15.899999618530272,16.0,16.0,4173596
2026-02-12,16.010000228881836,16.1200008392334,15.829999923706056,15.93000030517578,15.93000030517578,4982410
2026-02-13,15.989999771118164,16.280000686645508,15.84000015258789,15.979999542236328,15.979999542236328,8591310
2026-02-24,16.1200008392334,16.270000457763672,15.93000030517578,16.110000610351562,16.110000610351562,5484104
2026-02-25,16.1200008392334,16.15999984741211,15.93000030517578,15.979999542236328,15.979999542236328,6296021
2026-02-26,16.0,16.139999389648438,15.710000038146973,16.059999465942383,16.059999465942383,8795485
2026-02-27,15.90999984741211,16.40999984741211,15.880000114440918,16.219999313354492,16.219999313354492,10956125
2026-03-02,16.0,16.25,15.600000381469728,15.6899995803833,15.6899995803833,9920748
2026-03-03,15.789999961853027,15.979999542236328,14.989999771118164,15.109999656677246,15.109999656677246,11260672
2026-03-04,14.84000015258789,15.149999618530272,14.5,14.869999885559082,14.869999885559082,8102294
2026-03-05,15.109999656677246,15.15999984741211,14.619999885559082,14.779999732971191,14.779999732971191,6663100
2026-03-06,14.640000343322754,14.970000267028809,14.600000381469728,14.859999656677246,14.859999656677246,4899001
2026-03-09,14.619999885559082,14.90999984741211,14.279999732971191,14.760000228881836,14.760000228881836,9129396
2026-03-10,14.880000114440918,15.09000015258789,14.880000114440918,14.899999618530272,14.899999618530272,5003588
2026-03-11,14.899999618530272,15.229999542236328,14.859999656677246,14.9399995803833,14.9399995803833,6942783
2026-03-12,14.920000076293944,15.15999984741211,14.6899995803833,14.75,14.75,5894687
2026-03-13,14.619999885559082,14.75,14.460000038146973,14.479999542236328,14.479999542236328,7232291
2026-03-16,14.40999984741211,14.600000381469728,14.359999656677246,14.529999732971191,14.529999732971191,4142712
2026-03-17,14.529999732971191,14.550000190734863,14.220000267028809,14.239999771118164,14.239999771118164,5282392
2026-03-18,14.239999771118164,14.43000030517578,14.149999618530272,14.34000015258789,14.34000015258789,4116216
2026-03-19,14.170000076293944,14.359999656677246,13.970000267028809,14.050000190734863,14.050000190734863,4883233
2026-03-20,14.050000190734863,14.109999656677246,13.59000015258789,13.609999656677246,13.609999656677246,6179071
2026-03-23,13.369999885559082,13.399999618530272,12.65999984741211,12.850000381469728,12.850000381469728,16696982
2026-03-24,13.100000381469728,13.390000343322754,12.890000343322754,13.31999969482422,13.31999969482422,16772851
2026-03-25,13.359999656677246,13.68000030517578,13.329999923706056,13.68000030517578,13.68000030517578,7809828
2026-03-26,13.619999885559082,13.829999923706056,13.359999656677246,13.390000343322754,13.390000343322754,5702500
2026-03-27,13.270000457763672,13.729999542236328,13.199999809265137,13.630000114440918,13.630000114440918,6264322
2026-03-30,13.43000030517578,13.960000038146973,13.43000030517578,13.729999542236328,13.729999542236328,5244126
2026-03-31,13.8100004196167,13.880000114440918,13.40999984741211,13.420000076293944,13.420000076293944,4255666
2026-04-01,13.699999809265137,13.729999542236328,13.449999809265137,13.6899995803833,13.6899995803833,3375451
2026-04-02,13.65999984741211,13.800000190734863,13.149999618530272,13.300000190734863,13.300000190734863,5942911
2026-04-03,13.380000114440918,13.489999771118164,13.18000030517578,13.239999771118164,13.239999771118164,4007633
2026-04-07,13.25,13.630000114440918,13.130000114440918,13.3100004196167,13.3100004196167,4710395
2026-04-08,13.59000015258789,13.949999809265137,13.550000190734863,13.829999923706056,13.829999923706056,6241188
2026-04-09,13.800000190734863,13.800000190734863,13.420000076293944,13.619999885559082,13.619999885559082,6011700
2026-04-10,13.6899995803833,14.079999923706056,13.609999656677246,13.779999732971191,13.779999732971191,6723527
2026-04-13,13.760000228881836,13.84000015258789,13.5,13.84000015258789,13.84000015258789,3769890
2026-04-14,13.8100004196167,14.050000190734863,13.609999656677246,13.770000457763672,13.770000457763672,5705918
2026-04-15,13.779999732971191,14.25,13.539999961853027,13.729999542236328,13.729999542236328,12349110
2026-04-16,13.989999771118164,13.989999771118164,13.5,13.789999961853027,13.789999961853027,6774532
2026-04-17,13.739999771118164,13.899999618530272,13.630000114440918,13.779999732971191,13.779999732971191,4061140
2026-04-20,13.779999732971191,13.989999771118164,13.710000038146973,13.81999969482422,13.81999969482422,5298894
2026-04-21,13.8100004196167,14.420000076293944,13.729999542236328,14.039999961853027,14.039999961853027,10505860
2026-04-22,14.0,15.010000228881836,13.920000076293944,14.579999923706056,14.579999923706056,22242428
2026-04-23,14.579999923706056,14.59000015258789,14.0,14.079999923706056,14.079999923706056,11826574
2026-04-24,14.510000228881836,14.609999656677246,13.829999923706056,13.920000076293944,13.920000076293944,10878516
2026-04-27,13.800000190734863,13.970000267028809,13.529999732971191,13.869999885559082,13.869999885559082,7182491
2026-04-28,13.81999969482422,14.15999984741211,13.720000267028809,13.869999885559082,13.869999885559082,7049400
2026-04-29,13.210000038146973,13.710000038146973,12.970000267028809,13.630000114440918,13.630000114440918,9876756
2026-04-30,13.630000114440918,13.859999656677246,13.470000267028809,13.600000381469728,13.600000381469728,7619193
2026-05-06,13.850000381469728,13.979999542236328,13.600000381469728,13.6899995803833,13.6899995803833,6987660
2026-05-07,13.6899995803833,14.800000190734863,13.5,14.220000267028809,14.220000267028809,23248724
2026-05-08,14.4399995803833,14.4399995803833,14.119999885559082,14.15999984741211,14.15999984741211,10289999
2026-05-11,14.100000381469728,14.270000457763672,13.90999984741211,13.979999542236328,13.979999542236328,11541821
2026-05-12,13.949999809265137,14.5600004196167,13.869999885559082,14.039999961853027,14.039999961853027,17131563
2026-05-13,13.960000038146973,14.0600004196167,13.510000228881836,13.770000457763672,13.770000457763672,15708323
2026-05-14,13.760000228881836,13.789999961853027,13.350000381469728,13.510000228881836,13.510000228881836,9401555
2026-05-15,13.5,13.75,13.3100004196167,13.5,13.5,8875861
2026-05-18,13.40999984741211,13.5,13.170000076293944,13.359999656677246,13.359999656677246,8697668
2026-05-19,13.329999923706056,14.029999732971191,13.300000190734863,13.850000381469728,13.850000381469728,13995593
2026-05-20,13.899999618530272,13.899999618530272,13.4399995803833,13.609999656677246,13.609999656677246,9471844
2026-05-21,13.68000030517578,16.329999923706055,13.609999656677246,15.609999656677246,15.609999656677246,66420567
2026-05-22,15.449999809265137,15.779999732971191,15.050000190734863,15.199999809265137,15.199999809265137,39231359
2026-05-25,15.329999923706056,15.5600004196167,14.899999618530272,15.079999923706056,15.079999923706056,29018968
2026-05-26,15.0,15.06999969482422,14.329999923706056,14.609999656677246,14.609999656677246,21291723
2026-05-27,14.539999961853027,14.550000190734863,13.300000190734863,13.5600004196167,13.5600004196167,31377700
2026-05-28,13.40999984741211,13.9399995803833,13.109999656677246,13.520000457763672,13.520000457763672,16722228
2026-05-29,13.5600004196167,13.869999885559082,12.220000267028809,12.449999809265137,12.449999809265137,23569262
2026-06-01,12.479999542236328,12.550000190734863,12.18000030517578,12.34000015258789,12.34000015258789,11629081
2026-06-02,12.300000190734863,12.859999656677246,11.960000038146973,12.600000381469728,12.600000381469728,15149525
2026-06-03,12.529999732971191,12.880000114440918,12.1899995803833,12.670000076293944,12.670000076293944,12987562
2026-06-04,12.579999923706056,12.8100004196167,12.380000114440918,12.489999771118164,12.489999771118164,6818824
2026-06-05,12.489999771118164,13.369999885559082,12.329999923706056,12.899999618530272,12.899999618530272,17057955
2026-06-08,12.489999771118164,12.829999923706056,12.06999969482422,12.289999961853027,12.289999961853027,13412443
2026-06-09,12.399999618530272,12.619999885559082,12.199999809265137,12.529999732971191,12.529999732971191,8657146
2026-06-10,12.380000114440918,12.6899995803833,12.279999732971191,12.489999771118164,12.489999771118164,8727081
2026-06-11,12.329999923706056,13.100000381469728,12.329999923706056,13.0,13.0,16439515
2026-06-12,13.329999923706056,13.329999923706056,12.529999732971191,12.539999961853027,12.539999961853027,15869800
2026-06-15,12.529999732971191,13.579999923706056,12.5,13.279999732971191,13.279999732971191,18231946
2026-06-16,13.279999732971191,14.119999885559082,13.039999961853027,13.800000190734863,13.800000190734863,19787893
2026-06-17,13.600000381469728,13.75,13.270000457763672,13.369999885559082,13.369999885559082,12359800
2026-06-18,13.260000228881836,13.380000114440918,12.890000343322754,13.050000190734863,13.050000190734863,12092651
2026-06-22,13.109999656677246,15.449999809265137,13.109999656677246,15.020000457763672,15.020000457763672,37478387
2026-06-23,15.0,15.399999618530272,14.6899995803833,14.739999771118164,14.739999771118164,21469000
2026-06-24,14.729999542236328,14.8100004196167,13.899999618530272,14.260000228881836,14.260000228881836,18698764
2026-06-25,14.81999969482422,14.81999969482422,13.770000457763672,13.890000343322754,13.890000343322754,15789215
2026-06-26,13.850000381469728,14.949999809265137,13.5600004196167,14.010000228881836,14.010000228881836,18190126
2026-06-29,14.119999885559082,14.449999809265137,13.260000228881836,13.510000228881836,13.510000228881836,19090200
2026-06-30,13.489999771118164,14.489999771118164,13.390000343322754,13.829999923706056,13.829999923706056,16524881
2026-07-01,13.8100004196167,14.43000030517578,13.75,14.0600004196167,14.0600004196167,16514299
2026-07-02,13.899999618530272,14.199999809265137,13.640000343322754,13.649999618530272,13.649999618530272,15340700
2026-07-03,13.729999542236328,13.729999542236328,12.979999542236328,13.100000381469728,13.100000381469728,15678764
2026-07-06,13.100000381469728,13.239999771118164,12.65999984741211,12.93000030517578,12.93000030517578,12294401
2026-07-07,12.880000114440918,13.449999809265137,12.640000343322754,12.989999771118164,12.989999771118164,11973884
2026-07-08,12.989999771118164,13.1899995803833,12.670000076293944,12.920000076293944,12.920000076293944,9387900
2026-07-09,12.920000076293944,13.149999618530272,12.289999961853027,12.630000114440918,12.630000114440918,14315100
2026-07-10,12.619999885559082,12.989999771118164,12.489999771118164,12.630000114440918,12.630000114440918,9497530
2026-07-13,12.550000190734863,12.729999542236328,12.010000228881836,12.100000381469728,12.100000381469728,11090771
2026-07-14,12.050000190734863,12.15999984741211,11.68000030517578,11.880000114440918,11.880000114440918,8306900
2026-07-15,11.880000114440918,12.100000381469728,11.760000228881836,11.979999542236328,11.979999542236328,5724900
2026-07-16,11.899999618530272,12.119999885559082,11.779999732971191,12.119999885559082,12.119999885559082,6213281
2026-07-17,12.010000228881836,12.020000457763672,11.119999885559082,11.609999656677246,11.609999656677246,13508887
2026-07-20,11.65999984741211,11.920000076293944,11.029999732971191,11.609999656677246,11.609999656677246,14539956
2026-07-21,11.479999542236328,11.770000457763672,11.279999732971191,11.68000030517578,11.68000030517578,13050099
2026-07-22,11.5,11.899999618530272,11.3100004196167,11.729999542236328,11.729999542236328,9995800
2026-07-23,11.649999618530272,11.770000457763672,11.40999984741211,11.619999885559082,11.619999885559082,5473600
2026-07-24,11.550000190734863,11.630000114440918,11.460000038146973,11.609999656677246,11.609999656677246,5601500
2026-07-27,11.579999923706056,11.699999809265137,11.5,11.630000114440918,11.630000114440918,6188026
2026-07-28,11.5600004196167,12.06999969482422,11.520000457763672,11.81999969482422,11.81999969482422,8156308
2026-07-29,11.800000190734863,11.869999885559082,11.5600004196167,11.8100004196167,11.8100004196167,6420200
2026-07-30,11.779999732971191,11.890000343322754,11.550000190734863,11.630000114440918,11.630000114440918,5646800
2026-07-31,11.800000190734863,11.949999809265137,11.75,11.829999923706056,11.829999923706056,5816123
2026-08-03,11.890000343322754,12.06999969482422,11.789999961853027,12.020000457763672,12.020000457763672,4618100
2026-08-04,12.039999961853027,12.579999923706056,11.979999542236328,12.489999771118164,12.489999771118164,8586589
2026-08-05,12.449999809265137,12.890000343322754,12.1899995803833,12.75,12.75,10345183
2026-08-06,12.619999885559082,13.050000190734863,12.479999542236328,12.619999885559082,12.619999885559082,7194047
2026-08-07,12.600000381469728,12.829999923706056,12.350000381469728,12.649999618530272,12.649999618530272,5430100
2026-08-10,12.699999809265137,12.84000015258789,12.479999542236328,12.720000267028809,12.720000267028809,3776542
2026-08-11,12.75,12.789999961853027,12.569999694824219,12.569999694824219,12.569999694824219,4507800
2026-08-12,12.609999656677246,12.9399995803833,12.510000228881836,12.779999732971191,12.779999732971191,4427800
2026-08-13,12.789999961853027,13.329999923706055,12.600000381469727,12.600000381469727,12.600000381469727,12156900
2026-08-14,12.789999961853027,12.960000038146973,12.59000015258789,12.899999618530273,12.899999618530273,8846448
