Date,Open,High,Low,Close,Adj Close,Volume
2021-08-16,51.31999969482422,52.380001068115234,49.52999877929688,52.22999954223633,50.788047790527344,5434971
2021-08-17,51.5,54.47999954223633,51.0099983215332,53.060001373291016,51.59513473510742,6145945
2021-08-18,52.08000183105469,53.70000076293945,49.65999984741211,50.720001220703125,49.31974029541016,4695537
2021-08-19,49.5,50.880001068115234,49.02999877929688,49.79999923706055,48.42513275146485,2467416
2021-08-20,49.09000015258789,49.79999923706055,47.34000015258789,49.150001525878906,47.79308319091797,2130310
2021-08-23,49.4900016784668,50.470001220703125,49.02999877929688,49.84999847412109,48.473751068115234,1729011
2021-08-24,50.04999923706055,50.27000045776367,47.77999877929688,47.880001068115234,46.558143615722656,3061066
2021-08-25,48.18000030517578,51.22999954223633,48.18000030517578,49.15999984741211,47.80280685424805,3127050
2021-08-26,48.900001525878906,49.34999847412109,45.79999923706055,46.20000076293945,44.92452621459961,3849004
2021-08-27,45.9900016784668,47.58000183105469,44.83000183105469,45.93999862670898,44.67169952392578,2025758
2021-08-30,46.52000045776367,46.93999862670898,45.0,45.130001068115234,43.88406753540039,1869642
2021-08-31,45.220001220703125,45.5,43.54999923706055,44.66999816894531,43.43676376342773,2106213
2021-09-01,45.22999954223633,47.72999954223633,44.38999938964844,46.900001525878906,45.605201721191406,3674988
2021-09-02,47.11000061035156,49.31999969482422,46.31999969482422,47.52999877929688,46.217803955078125,3043859
2021-09-03,47.54999923706055,50.86000061035156,46.38999938964844,50.790000915527344,49.3878059387207,4927174
2021-09-06,50.0,52.5,49.7599983215332,51.77999877929688,50.3504753112793,4596839
2021-09-07,51.7599983215332,51.77000045776367,50.52999877929688,50.86000061035156,49.45587158203125,2726361
2021-09-08,50.95000076293945,54.47999954223633,50.619998931884766,52.2599983215332,50.81721878051758,4649750
2021-09-09,51.72999954223633,51.900001525878906,50.0,50.810001373291016,49.40725326538086,3013450
2021-09-10,50.75,53.29999923706055,50.22999954223633,51.02999877929688,49.62117767333984,3152602
2021-09-13,51.5,52.5,49.900001525878906,51.54999923706055,50.12682342529297,2687855
2021-09-14,52.380001068115234,56.27999877929688,51.77999877929688,54.22999954223633,52.73283004760742,6782636
2021-09-15,53.900001525878906,57.33000183105469,53.5,57.27999877929688,55.69862747192383,6907956
2021-09-16,56.84999847412109,59.11000061035156,55.33000183105469,56.29999923706055,54.74568939208984,6641395
2021-09-17,56.45000076293945,59.06999969482422,55.68000030517578,57.81999969482422,56.22372055053711,4958002
2021-09-22,56.20000076293945,56.9900016784668,53.880001068115234,54.650001525878906,53.14124298095703,3645923
2021-09-23,54.34999847412109,55.470001220703125,52.380001068115234,52.5099983215332,51.0603141784668,4043240
2021-09-24,52.880001068115234,54.43000030517578,52.02999877929688,53.45000076293945,51.974369049072266,2600641
2021-09-27,53.4900016784668,57.59999847412109,51.58000183105469,57.400001525878906,55.81531524658203,5580633
2021-09-28,56.54999923706055,57.52999877929688,55.58000183105469,56.459999084472656,54.90126800537109,2886843
2021-09-29,55.79999923706055,58.68000030517578,53.20000076293945,54.5,52.99538040161133,4518987
2021-09-30,55.81999969482422,57.380001068115234,54.29999923706055,56.68999862670898,55.12492370605469,3129471
2021-10-08,57.66999816894531,58.68000030517578,56.060001373291016,58.310001373291016,56.7001953125,3508930
2021-10-11,58.79999923706055,61.5,55.880001068115234,56.0,54.45396423339844,4496604
2021-10-12,56.5,56.79999923706055,53.52000045776367,54.59999847412109,53.09261322021485,2844754
2021-10-13,54.29999923706055,54.59999847412109,51.7599983215332,53.72999954223633,52.24664306640625,3010655
2021-10-14,53.52000045776367,58.29999923706055,53.0099983215332,57.5,55.91255569458008,3982307
2021-10-15,56.900001525878906,58.18999862670898,56.29999923706055,56.68999862670898,55.12492370605469,2499432
2021-10-18,56.56999969482422,57.0,53.5,54.66999816894531,53.160682678222656,2456385
2021-10-19,54.79999923706055,58.0,54.25,57.36000061035156,55.77642440795898,4114837
2021-10-20,58.02999877929688,58.880001068115234,56.15999984741211,58.59000015258789,56.97246170043945,4661488
2021-10-21,58.97999954223633,62.65999984741211,57.5,61.95000076293945,60.23970413208008,8100713
2021-10-22,61.79999923706055,64.44000244140625,60.68999862670898,60.95000076293945,59.26731491088867,7824964
2021-10-25,60.45000076293945,61.9900016784668,59.72999954223633,60.810001373291016,59.13117599487305,3958429
2021-10-26,58.47999954223633,59.02999877929688,57.02999877929688,57.810001373291016,56.2140007019043,4847651
2021-10-27,58.9900016784668,59.060001373291016,57.02999877929688,57.27999877929688,55.69862747192383,2769390
2021-10-28,57.09999847412109,57.150001525878906,53.2599983215332,53.59000015258789,52.11050415039063,4142172
2021-10-29,54.7599983215332,56.81999969482422,53.9900016784668,56.29999923706055,54.74568939208984,3428919
2021-11-01,56.20000076293945,57.43000030517578,54.20000076293945,56.0,54.45396423339844,2742733
2021-11-02,55.900001525878906,57.20000076293945,54.59000015258789,56.380001068115234,54.82347869873047,2669583
2021-11-03,56.400001525878906,59.02000045776367,55.959999084472656,58.68000030517578,57.05997848510742,3584408
2021-11-04,58.70000076293945,59.18000030517578,57.70000076293945,58.220001220703125,56.6126823425293,2463595
2021-11-05,57.880001068115234,58.84999847412109,55.61000061035156,55.75,54.21087265014648,2872727
2021-11-08,55.0,55.209999084472656,53.54999923706055,54.4900016784668,52.98566055297852,2367687
2021-11-09,54.79999923706055,55.33000183105469,53.65999984741211,54.290000915527344,52.79117584228516,1650939
2021-11-10,54.5,54.70000076293945,51.880001068115234,52.27999877929688,50.83666610717773,3163816
2021-11-11,52.5099983215332,52.97999954223633,50.22999954223633,52.93999862670898,51.47844314575195,4047516
2021-11-12,52.58000183105469,53.369998931884766,51.75,52.11000061035156,50.671363830566406,2423774
2021-11-15,52.400001525878906,53.59999847412109,52.27999877929688,52.72999954223633,51.27424621582031,1824612
2021-11-16,53.34999847412109,53.86000061035156,51.09999847412109,51.2599983215332,49.844825744628906,2440021
2021-11-17,51.09999847412109,51.959999084472656,50.400001525878906,51.540000915527344,50.11709976196289,1254295
2021-11-18,52.09999847412109,52.70000076293945,50.79999923706055,51.369998931884766,49.95178985595703,1426458
2021-11-19,50.84999847412109,51.58000183105469,50.130001068115234,50.97999954223633,49.57256317138672,1650450
2021-11-22,50.310001373291016,51.91999816894531,50.310001373291016,50.79999923706055,49.39752578735352,2263458
2021-11-23,50.70000076293945,51.91999816894531,50.41999816894531,51.90999984741211,50.47688674926758,1952637
2021-11-24,51.52000045776367,52.27000045776367,51.09999847412109,52.060001373291016,50.622745513916016,1706626
2021-11-25,51.400001525878906,52.20000076293945,51.31999969482422,51.31999969482422,49.90317153930664,1159213
2021-11-26,51.18999862670898,51.59999847412109,50.150001525878906,50.15999984741211,48.77519607543945,1743926
2021-11-29,48.97999954223633,49.7400016784668,48.02000045776367,48.08000183105469,46.75262069702149,2848162
2021-11-30,48.31999969482422,49.130001068115234,48.130001068115234,48.20000076293945,46.86931228637695,1876814
2021-12-01,47.61000061035156,48.4900016784668,47.20000076293945,48.34999847412109,47.015167236328125,1350632
2021-12-02,48.36000061035156,48.72999954223633,47.20000076293945,47.22999954223633,45.92608642578125,1576922
2021-12-03,47.20000076293945,48.470001220703125,47.08000183105469,47.84999847412109,46.52896881103516,1467064
2021-12-06,47.93999862670898,49.130001068115234,47.20000076293945,48.52000045776367,47.180477142333984,1719042
2021-12-07,48.36000061035156,50.47999954223633,48.36000061035156,50.13999938964844,48.7557487487793,2738972
2021-12-08,50.459999084472656,50.47999954223633,49.2599983215332,49.970001220703125,48.59044647216797,1384667
2021-12-09,49.95000076293945,50.959999084472656,49.5,50.290000915527344,48.901611328125,1601026
2021-12-10,50.2599983215332,50.83000183105469,49.20000076293945,49.27999877929688,47.91949081420898,1348612
2021-12-13,49.5,50.220001220703125,49.08000183105469,49.59999847412109,48.230655670166016,1154355
2021-12-14,49.15999984741211,50.70000076293945,49.09999847412109,50.34999847412109,48.95995330810547,2062718
2021-12-15,50.09000015258789,50.58000183105469,49.36000061035156,49.45000076293945,48.08480072021485,1289551
2021-12-16,49.45000076293945,50.27999877929688,48.5,49.52999877929688,48.16259002685547,1474453
2021-12-17,49.70000076293945,49.84999847412109,47.84000015258789,47.91999816894531,46.59703826904297,1751166
2021-12-20,47.709999084472656,48.470001220703125,46.70000076293945,46.709999084472656,45.420448303222656,1326179
2021-12-21,46.84000015258789,50.77000045776367,46.77000045776367,49.9900016784668,48.60988998413086,4233334
2021-12-22,50.20000076293945,51.060001373291016,49.150001525878906,49.52999877929688,48.16259002685547,1903888
2021-12-23,48.63999938964844,48.79999923706055,48.209999084472656,48.310001373291016,46.97627258300781,1522602
2021-12-24,48.310001373291016,49.29999923706055,48.04999923706055,49.02999877929688,47.6763916015625,1438558
2021-12-27,48.880001068115234,49.650001525878906,48.29999923706055,48.75,47.40412521362305,1224541
2021-12-28,48.54999923706055,49.47999954223633,48.33000183105469,49.060001373291016,47.70557022094727,1005266
2021-12-29,48.72999954223633,49.040000915527344,47.29999923706055,47.5,46.18863296508789,1526489
2021-12-30,47.41999816894531,48.75,47.209999084472656,48.20000076293945,46.86931228637695,1079992
2021-12-31,48.29999923706055,50.38999938964844,48.29999923706055,49.0,47.64722442626953,1623431
2022-01-04,49.060001373291016,50.25,48.79999923706055,49.720001220703125,48.34734725952149,1585059
2022-01-05,49.58000183105469,50.79999923706055,49.5,50.20000076293945,48.81409454345703,2596971
2022-01-06,49.97999954223633,50.18000030517578,48.93000030517578,49.95000076293945,48.57099151611328,1348420
2022-01-07,49.9900016784668,50.5,48.04999923706055,48.11000061035156,46.78179550170898,1507784
2022-01-10,47.9900016784668,50.20000076293945,47.619998931884766,49.810001373291016,48.43486785888672,1822472
2022-01-11,50.20000076293945,50.75,48.59999847412109,49.220001220703125,47.86114883422852,1536721
2022-01-12,49.220001220703125,50.29999923706055,48.52000045776367,49.650001525878906,48.27927780151367,1183699
2022-01-13,49.900001525878906,49.900001525878906,48.380001068115234,48.47999954223633,47.14158248901367,1266753
2022-01-14,48.380001068115234,48.880001068115234,47.79999923706055,48.150001525878906,46.82069396972656,1238801
2022-01-17,48.29999923706055,48.959999084472656,48.20000076293945,48.59999847412109,47.258262634277344,969534
2022-01-18,48.61000061035156,49.09999847412109,46.880001068115234,48.900001525878906,47.54998397827149,2710851
2022-01-19,48.400001525878906,48.959999084472656,47.900001525878906,48.0099983215332,46.68455123901367,1039516
2022-01-20,48.0099983215332,48.20000076293945,47.0,47.18000030517578,45.8774642944336,960113
2022-01-21,47.02000045776367,47.18000030517578,45.060001373291016,46.02000045776367,44.74949645996094,1874955
2022-01-24,45.560001373291016,46.5,45.369998931884766,45.400001525878906,44.14661407470703,651653
2022-01-25,45.25,45.540000915527344,43.20000076293945,43.22999954223633,42.03651809692383,1507991
2022-01-26,43.16999816894531,45.400001525878906,42.65999984741211,44.75,43.51455307006836,1538449
2022-01-27,44.65999984741211,44.75,42.5,42.5,41.3266716003418,1012820
2022-01-28,43.0,43.58000183105469,42.40999984741211,42.70000076293945,41.52115249633789,668968
2022-02-07,43.540000915527344,44.290000915527344,43.2599983215332,43.7599983215332,42.55188751220703,834523
2022-02-08,43.70000076293945,44.93999862670898,43.09000015258789,43.88999938964844,42.67829513549805,900262
2022-02-09,43.9900016784668,44.5,43.70000076293945,43.97999954223633,42.765811920166016,749650
2022-02-10,44.2400016784668,44.400001525878906,43.119998931884766,43.38999938964844,42.19210433959961,717895
2022-02-11,43.52999877929688,43.84000015258789,42.5099983215332,42.54999923706055,41.37528610229492,664660
2022-02-14,42.470001220703125,42.56999969482422,41.56999969482422,42.119998931884766,40.957157135009766,700197
2022-02-15,42.119998931884766,42.43000030517578,41.70000076293945,42.43000030517578,41.25860595703125,482450
2022-02-16,42.47999954223633,43.22999954223633,42.47999954223633,42.7400016784668,41.5600471496582,588303
2022-02-17,42.38999938964844,42.54999923706055,41.75,41.7599983215332,40.60710525512695,929584
2022-02-18,41.650001525878906,41.68000030517578,40.09999847412109,40.81999969482422,39.69305419921875,1495756
2022-02-21,40.77999877929688,41.2599983215332,39.47999954223633,39.72999954223633,38.633148193359375,3614228
2022-02-22,39.58000183105469,39.59999847412109,38.09000015258789,38.59999847412109,37.53434371948242,1894304
2022-02-23,38.7400016784668,40.09000015258789,38.59999847412109,39.95000076293945,38.84707260131836,2251081
2022-02-24,39.75,40.04999923706055,37.59999847412109,38.040000915527344,36.98980331420898,2251013
2022-02-25,38.38999938964844,40.27999877929688,38.36000061035156,39.18999862670898,38.10805130004883,2146783
2022-02-28,39.22999954223633,39.5099983215332,38.40999984741211,39.04999923706055,37.97192001342773,1511075
2022-03-01,39.09000015258789,39.400001525878906,38.66999816894531,39.040000915527344,37.962196350097656,949651
2022-03-02,38.810001373291016,39.15999984741211,38.52000045776367,38.970001220703125,37.89412689208984,915822
2022-03-03,39.18000030517578,39.31999969482422,38.400001525878906,38.459999084472656,37.39820861816406,1130929
2022-03-04,38.58000183105469,38.86000061035156,37.79999923706055,38.2400016784668,37.18428421020508,1077903
2022-03-07,38.0,38.09000015258789,36.91999816894531,37.27999877929688,36.25078582763672,1347495
2022-03-08,37.84999847412109,37.97999954223633,36.29999923706055,36.33000183105469,35.32701110839844,1404868
2022-03-09,36.380001068115234,36.84999847412109,33.880001068115234,35.15999984741211,34.18931198120117,1393139
2022-03-10,36.209999084472656,36.47999954223633,35.09000015258789,35.130001068115234,34.16014099121094,1566555
2022-03-11,34.40999984741211,36.02000045776367,33.91999816894531,36.0099983215332,35.015838623046875,1510960
2022-03-14,36.45000076293945,36.45000076293945,34.93000030517578,35.02000045776367,34.05318069458008,1074499
2022-03-15,34.54999923706055,34.970001220703125,32.599998474121094,32.790000915527344,31.884742736816406,1745766
2022-03-16,32.91999816894531,33.77000045776367,31.3799991607666,33.61000061035156,32.68210220336914,1714655
2022-03-17,34.029998779296875,35.91999816894531,34.029998779296875,35.16999816894531,34.19903945922852,2601483
2022-03-18,34.77000045776367,35.43000030517578,34.54999923706055,34.7400016784668,33.780914306640625,1467958
2022-03-21,34.7400016784668,35.349998474121094,34.25,34.7400016784668,33.780914306640625,1670928
2022-03-22,34.5099983215332,35.400001525878906,33.86000061035156,34.72999954223633,33.771183013916016,1720035
2022-03-23,35.0099983215332,35.20000076293945,34.310001373291016,34.63999938964844,33.68367004394531,1572642
2022-03-24,34.72999954223633,34.72999954223633,33.709999084472656,33.900001525878906,32.9640998840332,1870303
2022-03-25,33.900001525878906,39.97999954223633,33.83000183105469,35.97999954223633,34.98667526245117,8729196
2022-03-28,35.25,35.41999816894531,33.22999954223633,33.72999954223633,32.79879379272461,5943486
2022-03-29,33.7599983215332,37.65999984741211,33.7599983215332,36.5,35.49231719970703,7992418
2022-03-30,36.0,39.0,35.66999816894531,38.790000915527344,37.71909713745117,10506244
2022-03-31,37.97999954223633,38.59000015258789,37.209999084472656,38.5099983215332,37.44682693481445,7557595
2022-04-01,38.20000076293945,38.4900016784668,37.290000915527344,37.77000045776367,36.72725677490234,4167868
2022-04-06,37.560001373291016,38.20000076293945,37.0,37.77000045776367,36.72725677490234,3438520
2022-04-07,37.75,37.790000915527344,35.810001373291016,35.810001373291016,34.82136535644531,3813300
2022-04-08,35.58000183105469,36.09999847412109,34.20000076293945,34.33000183105469,33.38222885131836,3734747
2022-04-11,34.34000015258789,36.25,33.779998779296875,34.720001220703125,33.76145935058594,3742103
2022-04-12,35.02000045776367,35.02000045776367,33.209999084472656,34.709999084472656,33.751739501953125,3042434
2022-04-13,34.33000183105469,36.08000183105469,33.5,34.849998474121094,33.88787078857422,3942892
2022-04-14,34.70000076293945,35.599998474121094,34.540000915527344,35.38999938964844,34.4129638671875,2871259
2022-04-15,34.900001525878906,36.869998931884766,34.900001525878906,35.900001525878906,34.90888214111328,3803600
2022-04-18,35.5,35.5,34.0,35.09000015258789,34.121246337890625,2670844
2022-04-19,35.29999923706055,36.060001373291016,34.25,34.77000045776367,33.81007766723633,2461551
2022-04-20,34.70000076293945,35.41999816894531,33.58000183105469,33.75,32.8182373046875,2705758
2022-04-21,33.310001373291016,33.689998626708984,31.90999984741211,32.36000061035156,31.46661758422852,3528748
2022-04-22,31.979999542236328,32.400001525878906,30.899999618530277,31.13999938964844,30.28029441833496,3106229
2022-04-25,30.799999237060547,30.88999938964844,27.700000762939453,27.84000015258789,27.071401596069336,3250692
2022-04-26,27.84000015258789,29.190000534057617,27.399999618530277,27.59000015258789,26.828304290771484,2973746
2022-04-27,26.25,28.059999465942383,26.1200008392334,27.899999618530277,27.129743576049805,3119596
2022-04-28,27.6299991607666,28.36000061035156,26.43000030517578,26.459999084472656,25.72949981689453,3352609
2022-04-29,26.13999938964844,31.75,26.13999938964844,31.75,30.87345314025879,9882831
2022-05-05,31.399999618530277,34.290000915527344,30.82999992370605,32.91999816894531,32.01115417480469,14309386
2022-05-06,30.600000381469727,34.40999984741211,30.5,32.09000015258789,31.204071044921875,10209666
2022-05-09,31.799999237060547,33.29999923706055,31.36000061035156,32.529998779296875,31.63192176818848,7686467
2022-05-10,31.299999237060547,33.5,31.280000686645508,32.650001525878906,31.748611450195312,6063528
2022-05-11,33.150001525878906,33.65999984741211,32.529998779296875,32.63999938964844,31.738882064819336,7616204
2022-05-12,32.0,34.29999923706055,31.86000061035156,33.34000015258789,32.419559478759766,7221206
2022-05-13,33.060001373291016,33.380001068115234,32.45000076293945,33.099998474121094,32.186180114746094,4336134
2022-05-16,33.22999954223633,35.31999969482422,32.90999984741211,34.88999938964844,33.9267692565918,9877025
2022-05-17,34.5,36.97999954223633,34.20000076293945,35.709999084472656,34.72412872314453,11023564
2022-05-18,36.59999847412109,37.18999862670898,34.33000183105469,34.5,33.54753112792969,9103466
2022-05-19,33.0,33.689998626708984,32.59000015258789,33.15999984741211,32.24452590942383,7136922
2022-05-20,33.4900016784668,35.849998474121094,33.18000030517578,35.06999969482422,34.1017951965332,8558616
2022-05-23,34.689998626708984,35.849998474121094,34.599998474121094,35.150001525878906,34.17958450317383,5972427
2022-05-24,34.810001373291016,35.470001220703125,33.08000183105469,33.08000183105469,32.16674041748047,6030425
2022-05-25,33.0,34.06999969482422,32.5,34.06999969482422,33.12940216064453,4383316
2022-05-26,34.2400016784668,34.779998779296875,32.900001525878906,33.38999938964844,32.46817779541016,4933091
2022-05-27,34.150001525878906,35.400001525878906,32.279998779296875,32.790000915527344,31.884742736816406,6199702
2022-05-30,32.400001525878906,33.369998931884766,31.57999992370605,32.650001525878906,31.748611450195312,5304267
2022-05-31,32.790000915527344,32.88999938964844,31.700000762939453,32.66999816894531,31.768054962158203,5172217
2022-06-01,32.380001068115234,33.880001068115234,32.279998779296875,33.869998931884766,32.9349250793457,7183871
2022-06-02,33.540000915527344,34.70000076293945,32.70000076293945,34.36000061035156,33.659847259521484,7903847
2022-06-06,34.34000015258789,35.439998626708984,34.0099983215332,35.04999923706055,34.33578872680664,7402724
2022-06-07,34.93000030517578,35.4900016784668,34.0,34.36000061035156,33.659847259521484,5961775
2022-06-08,34.02000045776367,36.02999877929688,34.02000045776367,35.58000183105469,34.85498809814453,9876527
2022-06-09,35.959999084472656,35.97999954223633,33.209999084472656,33.970001220703125,33.277793884277344,8089831
2022-06-10,33.5,34.0,33.29999923706055,33.709999084472656,33.023094177246094,5200861
2022-06-13,33.349998474121094,33.970001220703125,32.54999923706055,32.880001068115234,32.21000671386719,4783197
2022-06-14,32.279998779296875,32.400001525878906,31.36000061035156,32.25,31.59284210205078,4440169
2022-06-15,32.25,33.189998626708984,32.20000076293945,32.279998779296875,31.62223052978516,3908358
2022-06-16,32.59000015258789,34.52000045776367,32.31999969482422,34.5,33.796993255615234,8163443
2022-06-17,34.20000076293945,34.40999984741211,33.310001373291016,34.15999984741211,33.46392059326172,5378069
2022-06-20,34.5,34.5,33.560001373291016,33.70000076293945,33.0132942199707,4578018
2022-06-21,33.79999923706055,33.88999938964844,32.58000183105469,33.150001525878906,32.47450637817383,3901524
2022-06-22,33.130001068115234,33.470001220703125,31.739999771118164,31.76000022888184,31.11282730102539,4959543
2022-06-23,31.59000015258789,32.13999938964844,31.440000534057617,32.04999923706055,31.39691925048828,2937750
2022-06-24,32.04999923706055,32.310001373291016,31.81999969482422,31.899999618530277,31.249975204467773,3038688
2022-06-27,32.099998474121094,32.95000076293945,31.979999542236328,32.41999816894531,31.75937843322754,3472480
2022-06-28,32.47999954223633,32.47999954223633,31.670000076293945,32.31999969482422,31.661415100097656,3890550
2022-06-29,32.650001525878906,33.29999923706055,32.0099983215332,32.02000045776367,31.367528915405277,4986462
2022-06-30,32.099998474121094,32.65999984741211,31.809999465942383,32.34000015258789,31.68101119995117,3490098
2022-07-01,32.34000015258789,32.58000183105469,31.520000457763672,31.790000915527344,31.14221572875977,2751736
2022-07-04,31.75,31.75,30.81999969482422,31.40999984741211,30.76995849609375,2660368
2022-07-05,31.559999465942383,32.040000915527344,30.059999465942383,30.229999542236328,29.61400413513184,4329040
2022-07-06,30.229999542236328,30.450000762939453,29.68000030517578,29.76000022888184,29.15358161926269,2794323
2022-07-07,29.82999992370605,29.979999542236328,29.01000022888184,29.18000030517578,28.585399627685547,3209794
2022-07-08,29.170000076293945,30.170000076293945,29.06999969482422,29.690000534057617,29.08500862121582,3009974
2022-07-11,29.81999969482422,30.06999969482422,29.11000061035156,30.049999237060547,29.437673568725582,2076596
2022-07-12,30.01000022888184,30.040000915527344,29.200000762939453,29.32999992370605,28.73234367370605,2155047
2022-07-13,29.290000915527344,29.649999618530277,29.229999542236328,29.32999992370605,28.73234367370605,1446474
2022-07-14,29.32999992370605,29.799999237060547,29.1299991607666,29.5,28.89887809753418,1728063
2022-07-15,29.57999992370605,29.600000381469727,28.100000381469727,28.100000381469727,27.527406692504883,3504473
2022-07-18,28.200000762939453,29.57999992370605,28.200000762939453,29.09000015258789,28.497234344482425,2876739
2022-07-19,29.020000457763672,29.5,28.93000030517578,29.420000076293945,28.82051086425781,1784048
2022-07-20,29.51000022888184,30.34000015258789,29.34000015258789,30.09000015258789,29.47685813903809,3232409
2022-07-21,30.0,30.540000915527344,29.8700008392334,30.059999465942383,29.44746780395508,2070464
2022-07-22,30.0,30.36000061035156,29.170000076293945,29.51000022888184,28.908676147460938,2408700
2022-07-25,29.59000015258789,29.850000381469727,28.799999237060547,28.979999542236328,28.38947486877441,1533815
2022-07-26,28.90999984741211,29.299999237060547,28.700000762939453,29.13999938964844,28.54621315002441,1575735
2022-07-27,28.96999931335449,29.3700008392334,28.93000030517578,29.15999984741211,28.565807342529297,1702432
2022-07-28,29.31999969482422,30.270000457763672,29.31999969482422,29.93000030517578,29.32011604309082,2706574
2022-07-29,30.200000762939453,30.200000762939453,29.420000076293945,29.51000022888184,28.908676147460938,2246174
2022-08-01,29.61000061035156,29.61000061035156,28.82999992370605,28.979999542236328,28.38947486877441,2594625
2022-08-02,28.51000022888184,28.780000686645508,26.790000915527344,26.93000030517578,26.381248474121094,5019263
2022-08-03,26.979999542236328,27.559999465942383,26.700000762939453,26.729999542236328,26.18532371520996,2901362
2022-08-04,27.0,27.739999771118164,26.899999618530277,27.59000015258789,27.027801513671875,2681534
2022-08-05,27.65999984741211,28.8700008392334,27.5,28.790000915527344,28.20334815979004,3141100
2022-08-08,28.81999969482422,28.850000381469727,28.200000762939453,28.76000022888184,28.173959732055664,2062905
2022-08-09,28.65999984741211,28.86000061035156,28.26000022888184,28.76000022888184,28.173959732055664,1509728
2022-08-10,28.799999237060547,29.25,28.59000015258789,28.93000030517578,28.34049415588379,1700577
2022-08-11,28.989999771118164,29.530000686645508,28.93000030517578,29.399999618530277,28.80091667175293,2040011
2022-08-12,29.61000061035156,29.61000061035156,29.149999618530277,29.34000015258789,28.74213981628418,1617412
2022-08-15,29.5,29.5,28.809999465942383,29.18000030517578,28.585399627685547,1714941
2022-08-16,29.209999084472656,29.3700008392334,28.809999465942383,29.059999465942383,28.467845916748047,1443553
2022-08-17,29.049999237060547,29.3799991607666,28.700000762939453,29.299999237060547,28.702953338623047,1853376
2022-08-18,29.3700008392334,29.3700008392334,28.520000457763672,28.809999465942383,28.222938537597656,2142993
2022-08-19,28.899999618530277,29.6299991607666,28.549999237060547,28.549999237060547,27.968236923217773,2245582
2022-08-22,28.549999237060547,29.030000686645508,27.899999618530277,28.780000686645508,28.193552017211918,1645490
2022-08-23,28.68000030517578,28.93000030517578,28.32999992370605,28.479999542236328,27.899662017822266,1791157
2022-08-24,28.459999084472656,28.649999618530277,27.520000457763672,27.600000381469727,27.037595748901367,2177900
2022-08-25,27.670000076293945,28.399999618530277,27.15999984741211,28.200000762939453,27.6253719329834,2721862
2022-08-26,28.100000381469727,28.26000022888184,27.18000030517578,27.190000534057617,26.63595199584961,2359862
2022-08-29,26.440000534057617,27.65999984741211,26.13999938964844,27.3799991607666,26.822078704833984,1441072
2022-08-30,27.40999984741211,29.979999542236328,27.270000457763672,29.5,28.89887809753418,6715760
2022-08-31,29.200000762939453,29.729999542236328,28.600000381469727,28.729999542236328,28.144569396972656,5077360
2022-09-01,28.75,29.6299991607666,28.420000076293945,28.899999618530277,28.31110572814941,3661423
2022-09-02,28.75,29.3799991607666,28.31999969482422,28.5,27.91925621032715,3042150
2022-09-05,28.270000457763672,28.700000762939453,27.59000015258789,27.739999771118164,27.17474365234375,2402650
2022-09-06,27.989999771118164,28.26000022888184,27.56999969482422,27.799999237060547,27.2335205078125,1809907
2022-09-07,27.700000762939453,27.700000762939453,26.979999542236328,27.09000015258789,26.537988662719727,2167386
2022-09-08,27.15999984741211,27.600000381469727,26.90999984741211,26.950000762939453,26.400840759277344,1828225
2022-09-09,26.90999984741211,27.270000457763672,26.809999465942383,27.21999931335449,26.66533851623535,1121352
2022-09-13,27.21999931335449,28.25,27.059999465942383,27.770000457763672,27.204132080078125,2625750
2022-09-14,27.32999992370605,27.690000534057617,27.030000686645508,27.520000457763672,26.95922470092773,1770438
2022-09-15,27.700000762939453,29.07999992370605,27.51000022888184,28.18000030517578,27.60577774047852,5095478
2022-09-16,27.700000762939453,28.299999237060547,26.780000686645508,27.0,26.4498233795166,3945627
2022-09-19,26.68000030517578,26.959999084472656,25.5,25.8799991607666,25.352643966674805,2499069
2022-09-20,26.0,26.600000381469727,25.899999618530277,26.049999237060547,25.51917839050293,1969338
2022-09-21,26.100000381469727,27.270000457763672,25.799999237060547,26.90999984741211,26.361656188964844,3839796
2022-09-22,26.790000915527344,27.13999938964844,26.15999984741211,26.270000457763672,25.734699249267575,2133827
2022-09-23,26.350000381469727,26.43000030517578,25.600000381469727,25.6299991607666,25.107738494873047,2086950
2022-09-26,24.84000015258789,25.200000762939453,24.239999771118164,24.299999237060547,23.804838180541992,2545862
2022-09-27,24.489999771118164,26.26000022888184,24.450000762939453,26.25,25.71510505676269,4731115
2022-09-28,26.1299991607666,26.84000015258789,25.799999237060547,25.940000534057617,25.411420822143555,3724621
2022-09-29,25.979999542236328,27.1200008392334,25.86000061035156,25.8799991607666,25.352643966674805,3262559
2022-09-30,26.18000030517578,26.290000915527344,25.0,25.059999465942383,24.54935073852539,2472505
2022-10-10,25.229999542236328,25.459999084472656,23.809999465942383,23.959999084472656,23.47176742553711,2836840
2022-10-11,24.07999992370605,24.09000015258789,23.5,23.82999992370605,23.344417572021484,1698596
2022-10-12,23.799999237060547,24.36000061035156,22.90999984741211,24.350000381469727,23.853822708129883,2750870
2022-10-13,24.059999465942383,24.84000015258789,23.989999771118164,24.59000015258789,24.08893203735352,2204580
2022-10-14,24.76000022888184,26.270000457763672,24.68000030517578,25.940000534057617,25.411420822143555,4077708
2022-10-17,25.799999237060547,26.649999618530277,25.799999237060547,26.43000030517578,25.89143943786621,2782620
2022-10-18,26.600000381469727,27.270000457763672,26.040000915527344,26.600000381469727,26.057973861694336,3632901
2022-10-19,26.290000915527344,27.229999542236328,26.290000915527344,26.65999984741211,26.116748809814453,3104547
2022-10-20,26.540000915527344,27.729999542236328,26.450000762939453,26.65999984741211,26.116748809814453,4361450
2022-10-21,26.479999542236328,26.739999771118164,25.700000762939453,25.76000022888184,25.235090255737305,3014879
2022-10-24,25.93000030517578,26.450000762939453,24.770000457763672,24.93000030517578,24.42200088500977,2930982
2022-10-25,24.93000030517578,25.07999992370605,23.8700008392334,24.15999984741211,23.66769218444824,2850151
2022-10-26,24.270000457763672,27.18000030517578,24.270000457763672,26.59000015258789,26.048175811767575,6397621
2022-10-27,27.38999938964844,28.229999542236328,26.700000762939453,27.6299991607666,27.06698608398437,7114941
2022-10-28,27.40999984741211,28.530000686645508,27.290000915527344,27.450000762939453,26.89065170288086,6611904
2022-10-31,27.43000030517578,28.57999992370605,27.200000762939453,28.34000015258789,27.76251602172852,6311829
2022-11-01,28.399999618530277,28.989999771118164,27.809999465942383,28.309999465942383,27.73312759399414,6218811
2022-11-02,27.8799991607666,28.57999992370605,27.649999618530277,27.979999542236328,27.409852981567383,5415109
2022-11-03,27.799999237060547,28.549999237060547,27.40999984741211,28.26000022888184,27.68414688110352,4410315
2022-11-04,28.030000686645508,28.82999992370605,27.899999618530277,28.540000915527344,27.95844268798828,5345034
2022-11-07,28.350000381469727,28.790000915527344,28.01000022888184,28.489999771118164,27.909460067749023,4391882
2022-11-08,28.31999969482422,28.489999771118164,27.799999237060547,27.950000762939453,27.380464553833008,3149350
2022-11-09,28.049999237060547,28.229999542236328,27.5,27.899999618530277,27.33148002624512,2269122
2022-11-10,27.700000762939453,29.1299991607666,27.670000076293945,29.100000381469727,28.507030487060547,7423407
2022-11-11,29.530000686645508,29.700000762939453,27.68000030517578,27.68000030517578,27.115964889526367,8785452
2022-11-14,27.309999465942383,27.93000030517578,27.030000686645508,27.690000534057617,27.12576103210449,4182357
2022-11-15,27.520000457763672,28.43000030517578,27.520000457763672,28.399999618530277,27.821292877197266,3750971
2022-11-16,28.489999771118164,30.40999984741211,28.100000381469727,30.280000686645508,29.662986755371094,10866220
2022-11-17,29.809999465942383,30.049999237060547,29.25,29.68000030517578,29.07521247863769,7928058
2022-11-18,29.76000022888184,30.93000030517578,29.459999084472656,30.059999465942383,29.44746780395508,10460982
2022-11-21,29.96999931335449,30.309999465942383,28.850000381469727,29.280000686645508,28.68336296081543,6293385
2022-11-22,29.18000030517578,29.989999771118164,28.530000686645508,28.739999771118164,28.15436553955078,5369731
2022-11-23,28.350000381469727,28.51000022888184,26.950000762939453,27.59000015258789,27.027801513671875,5198808
2022-11-24,27.780000686645508,27.940000534057617,27.15999984741211,27.280000686645508,26.72411727905273,2828352
2022-11-25,27.280000686645508,28.15999984741211,27.280000686645508,27.399999618530277,26.841672897338867,3030281
2022-11-28,26.600000381469727,26.799999237060547,26.100000381469727,26.21999931335449,25.685714721679688,3433018
2022-11-29,26.3799991607666,27.57999992370605,26.3799991607666,27.46999931335449,26.91024398803711,4018348
2022-11-30,27.46999931335449,27.520000457763672,26.700000762939453,26.790000915527344,26.244102478027344,2883839
2022-12-01,27.200000762939453,27.899999618530277,27.15999984741211,27.32999992370605,26.773096084594727,2860500
2022-12-02,27.43000030517578,27.8799991607666,27.209999084472656,27.6200008392334,27.057188034057617,2282570
2022-12-05,28.100000381469727,28.3799991607666,27.5,28.07999992370605,27.507814407348636,3373608
2022-12-06,27.6299991607666,29.11000061035156,27.6299991607666,29.0,28.409069061279297,5430303
2022-12-07,29.0,30.420000076293945,28.700000762939453,29.540000915527344,28.938064575195312,7865008
2022-12-08,29.36000061035156,31.280000686645508,29.299999237060547,31.1299991607666,30.495664596557617,11898948
2022-12-09,31.0,31.100000381469727,30.030000686645508,30.489999771118164,29.86870574951172,8684660
2022-12-12,30.229999542236328,30.25,29.520000457763672,29.56999969482422,28.967453002929688,4876369
2022-12-13,29.690000534057617,30.770000457763672,29.25,30.3799991607666,29.760948181152344,6002099
2022-12-14,30.059999465942383,31.709999084472656,29.65999984741211,31.479999542236328,30.83853530883789,7771521
2022-12-15,31.0,31.5,30.51000022888184,30.75,30.123409271240234,5917112
2022-12-16,30.530000686645508,31.3799991607666,30.209999084472656,30.71999931335449,30.094018936157227,3806759
2022-12-19,30.979999542236328,31.350000381469727,29.59000015258789,29.729999542236328,29.124191284179688,5187268
2022-12-20,28.5,29.100000381469727,28.0,28.290000915527344,27.71353530883789,5676283
2022-12-21,28.59000015258789,28.59000015258789,27.68000030517578,28.06999969482422,27.498018264770508,3068335
2022-12-22,28.350000381469727,29.959999084472656,28.209999084472656,29.040000915527344,28.4482536315918,5476693
2022-12-23,28.6299991607666,29.459999084472656,28.34000015258789,28.81999969482422,28.23273468017578,3541899
2022-12-26,28.82999992370605,29.649999618530277,28.440000534057617,29.32999992370605,28.73234367370605,3533289
2022-12-27,29.299999237060547,29.399999618530277,28.350000381469727,28.959999084472656,28.369882583618164,3670706
2022-12-28,28.799999237060547,28.86000061035156,27.86000061035156,27.959999084472656,27.390260696411133,3857838
2022-12-29,27.799999237060547,28.190000534057617,27.420000076293945,27.459999084472656,26.900447845458984,3426920
2022-12-30,27.450000762939453,28.32999992370605,27.450000762939453,27.899999618530277,27.33148002624512,2519551
2023-01-03,27.68000030517578,28.450000762939453,27.51000022888184,28.34000015258789,27.76251602172852,3262543
2023-01-04,28.209999084472656,29.299999237060547,28.07999992370605,29.049999237060547,28.45804786682129,6061501
2023-01-05,29.26000022888184,30.18000030517578,28.76000022888184,29.38999938964844,28.79111862182617,6070946
2023-01-06,28.88999938964844,29.299999237060547,28.299999237060547,28.450000762939453,27.87027740478516,4780164
2023-01-09,28.40999984741211,28.559999465942383,28.0,28.149999618530277,27.576387405395508,3139844
2023-01-10,27.799999237060547,27.899999618530277,27.020000457763672,27.68000030517578,27.115964889526367,4362945
2023-01-11,27.56999969482422,27.68000030517578,26.690000534057617,26.75,26.204917907714844,3970069
2023-01-12,26.809999465942383,27.21999931335449,26.600000381469727,26.850000381469727,26.302881240844727,3006806
2023-01-13,26.96999931335449,27.049999237060547,26.61000061035156,26.959999084472656,26.41063499450684,2193350
2023-01-16,26.950000762939453,27.56999969482422,26.8799991607666,27.32999992370605,26.773096084594727,3002532
2023-01-17,27.459999084472656,27.479999542236328,26.899999618530277,27.030000686645508,26.479211807250977,1812602
2023-01-18,27.290000915527344,27.290000915527344,26.84000015258789,26.88999938964844,26.34206199645996,2001320
2023-01-19,26.88999938964844,27.229999542236328,26.68000030517578,27.170000076293945,26.616357803344727,1852265
2023-01-20,27.1299991607666,27.489999771118164,27.1200008392334,27.36000061035156,26.80248641967773,2045112
2023-01-30,27.649999618530277,28.270000457763672,27.57999992370605,27.940000534057617,27.370668411254883,4210332
2023-01-31,27.850000381469727,28.149999618530277,27.649999618530277,27.959999084472656,27.390260696411133,2108948
2023-02-01,27.950000762939453,28.770000457763672,27.86000061035156,28.729999542236328,28.144569396972656,3921902
2023-02-02,28.780000686645508,29.649999618530277,28.729999542236328,29.09000015258789,28.497234344482425,5671709
2023-02-03,28.96999931335449,29.81999969482422,28.8799991607666,29.809999465942383,29.20256233215332,5946664
2023-02-06,29.739999771118164,29.739999771118164,29.09000015258789,29.440000534057617,28.840103149414062,3631002
2023-02-07,31.440000534057617,35.18000030517578,30.61000061035156,33.68000030517578,32.99370574951172,21378903
2023-02-08,33.45000076293945,33.66999816894531,32.0,32.380001068115234,31.720195770263672,13063666
2023-02-09,31.979999542236328,32.849998474121094,31.6299991607666,32.709999084472656,32.0434684753418,9303294
2023-02-10,32.66999816894531,33.29999923706055,32.150001525878906,32.40999984741211,31.749584197998047,8402314
2023-02-13,32.31999969482422,32.36000061035156,31.6299991607666,31.899999618530277,31.249975204467773,6412249
2023-02-14,31.899999618530277,32.310001373291016,31.600000381469727,32.04999923706055,31.39691925048828,5040238
2023-02-15,32.130001068115234,33.099998474121094,31.899999618530277,32.880001068115234,32.21000671386719,9067646
2023-02-16,32.689998626708984,33.400001525878906,31.299999237060547,31.709999084472656,31.06384658813477,9350794
2023-02-17,31.899999618530277,32.529998779296875,31.43000030517578,31.63999938964844,30.995271682739254,5826547
2023-02-20,32.0099983215332,32.849998474121094,31.68000030517578,32.5,31.837751388549805,7687512
2023-02-21,32.58000183105469,32.58000183105469,31.459999084472656,31.88999938964844,31.24017906188965,6038478
2023-02-22,31.57999992370605,31.86000061035156,31.399999618530277,31.770000457763672,31.12262344360352,3256282
2023-02-23,31.63999938964844,31.780000686645508,30.88999938964844,31.350000381469727,30.711181640625,4372837
2023-02-24,31.399999618530277,31.86000061035156,31.399999618530277,31.51000022888184,30.867921829223636,3307660
2023-02-27,31.36000061035156,31.3700008392334,30.440000534057617,30.530000686645508,29.90789031982422,3481405
2023-02-28,30.8799991607666,31.100000381469727,30.46999931335449,30.90999984741211,30.280147552490234,2281771
2023-03-01,30.8799991607666,31.450000762939453,30.63999938964844,31.43000030517578,30.78955078125,3526178
2023-03-02,31.420000076293945,31.799999237060547,31.25,31.520000457763672,30.87771987915039,3699233
2023-03-03,31.5,31.65999984741211,30.780000686645508,31.21999931335449,30.583829879760746,3026994
2023-03-06,31.5,31.520000457763672,30.920000076293945,31.239999771118164,30.603424072265625,2589650
2023-03-07,31.440000534057617,31.440000534057617,30.399999618530277,30.399999618530277,29.780540466308597,3201963
2023-03-08,30.149999618530277,31.229999542236328,30.1299991607666,31.030000686645508,30.397703170776367,2778078
2023-03-09,31.100000381469727,32.279998779296875,30.82999992370605,31.950000762939453,31.2989559173584,6417736
2023-03-10,31.51000022888184,32.81999969482422,31.450000762939453,31.96999931335449,31.31854820251465,6661929
2023-03-13,31.61000061035156,33.790000915527344,31.299999237060547,33.18000030517578,32.5038948059082,9577795
2023-03-14,32.75,34.68000030517578,32.70000076293945,34.20000076293945,33.503108978271484,16246519
2023-03-15,33.88999938964844,34.779998779296875,33.18000030517578,33.33000183105469,32.650840759277344,8407387
2023-03-16,33.20000076293945,34.18000030517578,32.119998931884766,33.61000061035156,32.92512893676758,7947322
2023-03-17,34.33000183105469,37.959999084472656,34.33000183105469,36.84000015258789,36.089317321777344,20186563
2023-03-20,37.72999954223633,37.84000015258789,36.5,36.95000076293945,36.19707107543945,13609891
2023-03-21,36.56999969482422,39.97999954223633,36.29999923706055,38.68000030517578,37.89181900024414,17565596
2023-03-22,37.93000030517578,39.5,36.84999847412109,38.45000076293945,37.66650390625,13577720
2023-03-23,37.59000015258789,37.900001525878906,36.43999862670898,36.95000076293945,36.19707107543945,9659285
2023-03-24,36.79999923706055,38.09999847412109,36.20000076293945,37.15999984741211,36.40279006958008,12490411
2023-03-27,36.9900016784668,37.380001068115234,35.02000045776367,35.90999984741211,35.17826461791992,12832379
2023-03-28,35.7599983215332,35.88999938964844,34.349998474121094,34.400001525878906,33.699031829833984,7865116
2023-03-29,34.90999984741211,35.61000061035156,34.130001068115234,34.720001220703125,34.012508392333984,7831905
2023-03-30,34.540000915527344,34.97999954223633,33.84000015258789,33.90999984741211,33.219017028808594,5559746
2023-03-31,33.79999923706055,34.72999954223633,33.38999938964844,34.56999969482422,33.865570068359375,5937415
2023-04-03,34.599998474121094,35.099998474121094,33.79999923706055,34.95000076293945,34.237823486328125,10066114
2023-04-04,34.900001525878906,34.970001220703125,33.7400016784668,33.9900016784668,33.297386169433594,8246437
2023-04-06,33.5,33.75,32.70000076293945,32.849998474121094,32.18061447143555,8106916
2023-04-07,33.0099983215332,34.689998626708984,32.650001525878906,34.47999954223633,33.777400970458984,7848831
2023-04-10,34.599998474121094,35.400001525878906,33.29999923706055,33.41999816894531,32.73899459838867,6970737
2023-04-11,33.61000061035156,35.52000045776367,33.09000015258789,35.09000015258789,34.37497329711914,11301106
2023-04-12,35.279998779296875,36.2400016784668,34.93000030517578,36.0,35.26642608642578,12165833
2023-04-13,35.790000915527344,37.9900016784668,35.630001068115234,36.93999862670898,36.18727111816406,16110037
2023-04-14,36.93000030517578,36.93999862670898,34.58000183105469,35.34000015258789,34.619876861572266,12931754
2023-04-17,34.40999984741211,34.40999984741211,32.84000015258789,33.0099983215332,32.33735656738281,9213479
2023-04-18,33.0099983215332,33.20000076293945,32.0099983215332,32.040000915527344,31.38712310791016,7535856
2023-04-19,31.940000534057617,32.529998779296875,31.729999542236328,32.08000183105469,31.42630958557129,5725111
2023-04-20,31.979999542236328,32.4900016784668,31.799999237060547,31.940000534057617,31.289159774780277,5466470
2023-04-21,31.600000381469727,31.81999969482422,30.209999084472656,30.32999992370605,29.71196556091309,7291408
2023-04-24,30.31999969482422,31.280000686645508,30.020000457763672,30.8799991607666,30.250757217407227,4318258
2023-04-25,31.049999237060547,31.739999771118164,29.780000686645508,30.450000762939453,29.82952308654785,5567154
2023-04-26,30.549999237060547,31.549999237060547,30.190000534057617,30.700000762939453,30.07442855834961,5449093
2023-04-27,29.63999938964844,29.63999938964844,27.8799991607666,28.63999938964844,28.0564022064209,7160242
2023-04-28,28.700000762939453,30.07999992370605,28.700000762939453,30.030000686645508,29.418081283569336,6079726
2023-05-04,29.96999931335449,31.11000061035156,29.549999237060547,30.8799991607666,30.250757217407227,6214576
2023-05-05,30.729999542236328,31.549999237060547,30.270000457763672,31.020000457763672,30.38790702819824,5927551
2023-05-08,30.670000076293945,30.93000030517578,30.07999992370605,30.75,30.123409271240234,4354100
2023-05-09,30.6299991607666,31.88999938964844,30.34000015258789,30.88999938964844,30.260555267333984,6206668
2023-05-10,30.8799991607666,31.479999542236328,30.649999618530277,31.270000457763672,30.6328125,5162858
2023-05-11,31.030000686645508,33.70000076293945,31.01000022888184,33.29999923706055,32.6214485168457,12570060
2023-05-12,32.79999923706055,35.16999816894531,32.310001373291016,33.95000076293945,33.25820541381836,16218337
2023-05-15,33.29999923706055,33.5099983215332,31.6200008392334,31.84000015258789,31.19119644165039,11954930
2023-05-16,31.3799991607666,31.57999992370605,29.030000686645508,29.11000061035156,28.516826629638672,11830880
2023-05-17,29.0,31.40999984741211,28.82999992370605,30.149999618530277,29.535633087158203,10452946
2023-05-18,29.82999992370605,31.299999237060547,29.65999984741211,31.020000457763672,30.38790702819824,8068450
2023-05-19,30.799999237060547,31.01000022888184,29.75,30.399999618530277,29.780540466308597,6322404
2023-05-22,30.26000022888184,30.309999465942383,29.6299991607666,29.979999542236328,29.36909866333008,4239751
2023-05-23,29.86000061035156,31.8799991607666,29.3700008392334,31.530000686645508,30.887514114379883,11603319
2023-05-24,31.18000030517578,31.489999771118164,30.46999931335449,31.149999618530277,30.515256881713867,8935939
2023-05-25,30.76000022888184,31.450000762939453,29.600000381469727,30.25,29.63359642028809,7939507
2023-05-26,30.0,30.149999618530277,29.239999771118164,29.6200008392334,29.016435623168945,5332023
2023-05-29,29.75,30.399999618530277,29.459999084472656,30.020000457763672,29.408283233642575,5042109
2023-05-30,29.88999938964844,30.100000381469727,28.950000762939453,30.0,29.388690948486328,5412811
2023-05-31,29.709999084472656,30.700000762939453,29.57999992370605,30.5,29.878501892089844,6613835
2023-06-01,30.239999771118164,31.3700008392334,30.13999938964844,31.18000030517578,30.69560813903809,8295501
2023-06-02,31.25,32.18000030517578,31.11000061035156,31.540000915527344,31.05001449584961,9931062
2023-06-05,31.25,32.099998474121094,30.850000381469727,31.88999938964844,31.39457893371582,8241830
2023-06-06,31.81999969482422,31.81999969482422,30.799999237060547,31.030000686645508,30.54793930053711,6789451
2023-06-07,31.25,32.380001068115234,30.90999984741211,32.36000061035156,31.857276916503903,11055629
2023-06-08,32.220001220703125,32.220001220703125,31.030000686645508,31.420000076293945,30.93188095092773,7380154
2023-06-09,31.649999618530277,31.700000762939453,30.299999237060547,30.86000061035156,30.38058090209961,8400078
2023-06-12,30.8799991607666,31.489999771118164,30.670000076293945,31.229999542236328,30.74483108520508,5142588
2023-06-13,31.049999237060547,32.119998931884766,30.71999931335449,31.850000381469727,31.355199813842773,7851572
2023-06-14,31.84000015258789,32.15999984741211,31.690000534057617,31.8799991607666,31.384735107421875,5682292
2023-06-15,32.0,32.099998474121094,30.899999618530277,30.920000076293945,30.439647674560547,7752028
2023-06-16,30.709999084472656,30.989999771118164,30.18000030517578,30.6299991607666,30.154151916503903,5574150
2023-06-19,30.420000076293945,30.6299991607666,29.979999542236328,30.11000061035156,29.64223289489746,6108662
2023-06-20,29.950000762939453,30.520000457763672,29.709999084472656,29.93000030517578,29.46502685546875,4857377
2023-06-21,29.799999237060547,29.899999618530277,28.459999084472656,28.700000762939453,28.25413703918457,6993618
2023-06-26,28.31999969482422,28.600000381469727,27.190000534057617,27.280000686645508,26.85619735717773,5137003
2023-06-27,27.270000457763672,27.75,27.25,27.479999542236328,27.053089141845703,2491708
2023-06-28,27.299999237060547,27.299999237060547,26.3799991607666,26.86000061035156,26.44272232055664,3647863
2023-06-29,26.920000076293945,27.06999969482422,26.600000381469727,26.959999084472656,26.541166305541992,3128622
2023-06-30,26.899999618530277,27.61000061035156,26.700000762939453,27.56999969482422,27.141691207885746,3120328
2023-07-03,27.530000686645508,27.770000457763672,27.290000915527344,27.700000762939453,27.269672393798828,2583610
2023-07-04,27.690000534057617,27.690000534057617,27.3700008392334,27.61000061035156,27.18107032775879,2160600
2023-07-05,27.68000030517578,27.850000381469727,27.34000015258789,27.34000015258789,26.915264129638672,2009500
2023-07-06,27.51000022888184,27.96999931335449,27.25,27.3799991607666,26.95464134216309,2624103
2023-07-07,27.5,27.5,26.559999465942383,27.030000686645508,26.61008071899414,3117377
2023-07-10,27.200000762939453,27.38999938964844,26.989999771118164,27.020000457763672,26.600236892700195,1649220
2023-07-11,27.100000381469727,27.299999237060547,26.729999542236328,27.270000457763672,26.84635162353516,2280538
2023-07-12,27.100000381469727,27.280000686645508,26.530000686645508,26.559999465942383,26.147380828857425,2679911
2023-07-13,26.68000030517578,27.34000015258789,26.68000030517578,27.200000762939453,26.77743911743164,3347723
2023-07-14,27.15999984741211,27.549999237060547,27.15999984741211,27.290000915527344,26.86604118347168,3221403
2023-07-17,27.1200008392334,27.290000915527344,26.57999992370605,26.780000686645508,26.363964080810547,2332000
2023-07-18,26.850000381469727,26.86000061035156,26.36000061035156,26.399999618530277,25.989866256713867,2595636
2023-07-19,26.399999618530277,26.780000686645508,26.190000534057617,26.600000381469727,26.1867618560791,2523873
2023-07-20,26.75,28.100000381469727,26.690000534057617,27.82999992370605,27.39765167236328,8993293
2023-07-21,27.5,28.020000457763672,27.149999618530277,27.600000381469727,27.17122459411621,5598850
2023-07-24,27.399999618530277,27.530000686645508,26.899999618530277,27.0,26.580547332763672,3486300
2023-07-25,27.290000915527344,27.59000015258789,27.209999084472656,27.540000915527344,27.11215591430664,3303201
2023-07-26,27.520000457763672,27.56999969482422,27.18000030517578,27.479999542236328,27.053089141845703,2236003
2023-07-27,27.450000762939453,27.46999931335449,26.86000061035156,26.93000030517578,26.511632919311523,3019020
2023-07-28,26.81999969482422,27.63999938964844,26.76000022888184,27.600000381469727,27.17122459411621,3731851
2023-07-31,27.549999237060547,28.06999969482422,27.459999084472656,27.940000534057617,27.50594139099121,3826968
2023-08-01,27.850000381469727,27.899999618530277,27.600000381469727,27.700000762939453,27.269672393798828,2292300
2023-08-02,27.84000015258789,27.850000381469727,27.479999542236328,27.82999992370605,27.39765167236328,2160604
2023-08-03,27.600000381469727,27.729999542236328,27.399999618530277,27.540000915527344,27.11215591430664,1907174
2023-08-04,27.530000686645508,28.06999969482422,27.530000686645508,28.040000915527344,27.60439109802246,4017488
2023-08-07,28.040000915527344,28.040000915527344,27.61000061035156,27.729999542236328,27.299203872680664,2217316
2023-08-08,27.729999542236328,28.100000381469727,27.61000061035156,27.770000457763672,27.33858299255371,2195851
2023-08-09,27.61000061035156,27.96999931335449,27.21999931335449,27.229999542236328,26.806974411010746,2408500
2023-08-10,27.25,27.56999969482422,27.18000030517578,27.31999969482422,26.89557456970215,1509370
2023-08-11,27.399999618530277,27.399999618530277,26.479999542236328,26.549999237060547,26.137535095214844,2671330
2023-08-14,26.40999984741211,26.40999984741211,25.15999984741211,26.270000457763672,25.861888885498047,3372272
2023-08-15,26.200000762939453,26.420000076293945,25.65999984741211,25.989999771118164,25.58623695373535,2408032
2023-08-16,25.88999938964844,26.15999984741211,25.5,25.670000076293945,25.27120780944824,1975050
2023-08-17,25.690000534057617,25.88999938964844,25.34000015258789,25.82999992370605,25.4287223815918,2504550
2023-08-18,25.670000076293945,25.8700008392334,24.93000030517578,24.989999771118164,24.60177230834961,3041589
2023-08-21,24.920000076293945,25.43000030517578,24.84000015258789,24.84000015258789,24.454103469848636,1610700
2023-08-22,24.84000015258789,25.239999771118164,24.5,25.200000762939453,24.80850982666016,2691133
2023-08-23,25.0,25.43000030517578,24.75,24.76000022888184,24.37534523010254,2052500
2023-08-24,24.799999237060547,25.25,24.75,24.979999542236328,24.59192657470703,1802352
2023-08-25,24.82999992370605,24.8799991607666,24.040000915527344,24.200000762939453,23.824047088623047,2703153
2023-08-28,25.84000015258789,25.84000015258789,23.979999542236328,24.1299991607666,23.755130767822266,3101205
2023-08-29,23.989999771118164,25.280000686645508,23.899999618530277,25.200000762939453,24.80850982666016,3210001
2023-08-30,25.25,25.75,25.06999969482422,25.71999931335449,25.320430755615234,3348850
2023-08-31,25.51000022888184,25.84000015258789,25.25,25.600000381469727,25.202295303344727,2268450
2023-09-01,25.71999931335449,25.899999618530277,25.239999771118164,25.280000686645508,24.88726806640625,2160950
2023-09-04,25.31999969482422,25.489999771118164,25.13999938964844,25.450000762939453,25.05462646484375,1935828
2023-09-05,25.299999237060547,25.46999931335449,25.100000381469727,25.290000915527344,24.897111892700195,1942415
2023-09-06,25.18000030517578,25.479999542236328,24.899999618530277,25.46999931335449,25.074316024780277,1942235
2023-09-07,25.3700008392334,25.63999938964844,24.959999084472656,25.020000457763672,24.63130760192871,2096300
2023-09-08,24.90999984741211,25.059999465942383,24.520000457763672,24.729999542236328,24.34580993652344,1817800
2023-09-11,24.729999542236328,25.489999771118164,24.559999465942383,25.43000030517578,25.034936904907227,2457651
2023-09-12,25.270000457763672,25.440000534057617,25.07999992370605,25.15999984741211,24.76913070678711,1238251
2023-09-13,25.020000457763672,25.100000381469727,24.399999618530277,24.670000076293945,24.286745071411133,1960900
2023-09-14,24.790000915527344,24.790000915527344,24.0,24.100000381469727,23.72559928894043,1910192
2023-09-15,24.100000381469727,24.549999237060547,24.049999237060547,24.350000381469727,23.971715927124023,1543783
2023-09-18,24.190000534057617,24.8700008392334,24.15999984741211,24.799999237060547,24.414722442626957,2168800
2023-09-19,24.68000030517578,24.780000686645508,24.059999465942383,24.21999931335449,23.843732833862305,2131051
2023-09-20,24.100000381469727,24.34000015258789,24.01000022888184,24.030000686645508,23.656686782836918,1456100
2023-09-21,23.989999771118164,24.13999938964844,23.770000457763672,23.850000381469727,23.47948265075684,1444001
2023-09-22,23.799999237060547,24.979999542236328,23.709999084472656,24.920000076293945,24.532859802246094,3749600
2023-09-25,24.899999618530277,24.90999984741211,24.420000076293945,24.5,24.119384765625,1949350
2023-09-26,24.57999992370605,24.68000030517578,24.239999771118164,24.38999938964844,24.01109313964844,2269401
2023-09-27,24.36000061035156,25.290000915527344,24.26000022888184,25.06999969482422,24.680530548095703,3514741
2023-09-28,24.959999084472656,25.200000762939453,24.82999992370605,24.950000762939453,24.56239318847656,2678744
2023-10-09,24.6299991607666,24.790000915527344,24.170000076293945,24.280000686645508,23.902803421020508,2576169
2023-10-10,24.280000686645508,24.600000381469727,24.280000686645508,24.40999984741211,24.03078269958496,1723101
2023-10-11,24.530000686645508,25.11000061035156,24.299999237060547,24.86000061035156,24.47379302978516,3202051
2023-10-12,24.90999984741211,25.059999465942383,24.61000061035156,24.709999084472656,24.326120376586918,2194801
2023-10-13,24.57999992370605,24.57999992370605,24.170000076293945,24.21999931335449,23.843732833862305,2118501
2023-10-16,24.200000762939453,24.280000686645508,23.739999771118164,23.920000076293945,23.54839324951172,2536444
2023-10-17,23.899999618530277,24.36000061035156,23.899999618530277,24.25,23.873268127441406,1894553
2023-10-18,24.11000061035156,24.11000061035156,23.1299991607666,23.1299991607666,22.770666122436523,3587250
2023-10-19,23.0,23.68000030517578,22.90999984741211,23.06999969482422,22.71160125732422,2093501
2023-10-20,23.059999465942383,23.25,22.790000915527344,22.81999969482422,22.465484619140625,2141851
2023-10-23,22.850000381469727,22.940000534057617,21.96999931335449,22.11000061035156,21.76651382446289,2570830
2023-10-24,22.18000030517578,23.200000762939453,22.11000061035156,23.170000076293945,22.810047149658203,3687201
2023-10-25,23.01000022888184,23.299999237060547,22.8799991607666,23.030000686645508,22.67222213745117,2369160
2023-10-26,22.780000686645508,23.209999084472656,22.600000381469727,23.209999084472656,22.849422454833984,1893552
2023-10-27,23.01000022888184,23.6200008392334,22.799999237060547,23.530000686645508,23.164453506469727,3096052
2023-10-30,23.149999618530277,23.729999542236328,23.09000015258789,23.709999084472656,23.34165573120117,2691574
2023-10-31,23.709999084472656,23.8799991607666,23.26000022888184,23.729999542236328,23.36134529113769,2912501
2023-11-01,23.700000762939453,24.43000030517578,23.3799991607666,24.43000030517578,24.050472259521484,5981510
2023-11-02,24.100000381469727,24.34000015258789,23.81999969482422,23.90999984741211,23.538549423217773,4136201
2023-11-03,23.940000534057617,24.209999084472656,23.770000457763672,24.020000457763672,23.646841049194336,2972060
2023-11-06,24.020000457763672,24.84000015258789,23.979999542236328,24.700000762939453,24.3162784576416,4802596
2023-11-07,24.649999618530277,24.84000015258789,24.299999237060547,24.68000030517578,24.29658889770508,3443050
2023-11-08,24.65999984741211,25.280000686645508,24.600000381469727,25.1299991607666,24.739595413208008,4819450
2023-11-09,25.1200008392334,25.239999771118164,24.520000457763672,24.76000022888184,24.37534523010254,3600910
2023-11-10,24.559999465942383,24.71999931335449,24.309999465942383,24.459999084472656,24.080005645751957,2404602
2023-11-13,24.46999931335449,24.68000030517578,24.149999618530277,24.350000381469727,23.971715927124023,4381813
2023-11-14,24.450000762939453,24.6299991607666,24.200000762939453,24.600000381469727,24.217832565307617,3705535
2023-11-15,24.649999618530277,24.8799991607666,24.309999465942383,24.3799991607666,24.00124740600586,3265573
2023-11-16,24.40999984741211,24.770000457763672,24.11000061035156,24.399999618530277,24.020936965942383,3849062
2023-11-17,24.530000686645508,25.170000076293945,24.479999542236328,24.84000015258789,24.454103469848636,6544797
2023-11-20,24.68000030517578,24.75,24.26000022888184,24.68000030517578,24.29658889770508,4588704
2023-11-21,24.799999237060547,25.38999938964844,24.690000534057617,24.989999771118164,24.60177230834961,5859202
2023-11-22,24.770000457763672,25.290000915527344,24.709999084472656,25.149999618530277,24.759286880493164,5454629
2023-11-23,24.950000762939453,25.13999938964844,24.26000022888184,24.68000030517578,24.29658889770508,4447301
2023-11-24,24.51000022888184,24.84000015258789,23.88999938964844,23.940000534057617,23.56808280944824,4194550
2023-11-27,23.729999542236328,24.0,23.399999618530277,23.68000030517578,23.312124252319336,2644300
2023-11-28,23.68000030517578,23.959999084472656,23.399999618530277,23.90999984741211,23.538549423217773,2166150
2023-11-29,24.26000022888184,25.290000915527344,23.920000076293945,24.739999771118164,24.355653762817383,8475242
2023-11-30,24.700000762939453,25.809999465942383,24.520000457763672,24.8799991607666,24.493480682373047,10153772
2023-12-01,24.600000381469727,26.8700008392334,24.600000381469727,26.01000022888184,25.605926513671875,16880306
2023-12-04,25.57999992370605,26.0,25.440000534057617,25.61000061035156,25.212141036987305,10346303
2023-12-05,25.459999084472656,25.459999084472656,24.71999931335449,24.729999542236328,24.34580993652344,7376871
2023-12-06,24.51000022888184,25.61000061035156,23.8700008392334,25.209999084472656,24.8183536529541,8502171
2023-12-07,25.18000030517578,25.93000030517578,25.0,25.76000022888184,25.35980987548828,9155951
2023-12-08,25.649999618530277,25.649999618530277,25.01000022888184,25.07999992370605,24.69037437438965,6420571
2023-12-11,24.729999542236328,25.459999084472656,24.479999542236328,25.440000534057617,25.04478073120117,5587551
2023-12-12,25.5,26.07999992370605,25.46999931335449,25.75,25.349964141845703,6843073
2023-12-13,25.6200008392334,25.68000030517578,25.09000015258789,25.1299991607666,24.739595413208008,4268160
2023-12-14,25.31999969482422,27.11000061035156,25.190000534057617,26.149999618530277,25.743749618530277,12451419
2023-12-15,25.899999618530277,26.979999542236328,25.799999237060547,26.75,26.33443069458008,12613190
2023-12-18,26.6200008392334,27.25,25.920000076293945,26.229999542236328,25.822507858276367,10307912
2023-12-19,26.100000381469727,27.799999237060547,25.76000022888184,27.780000686645508,27.34842872619629,15373906
2023-12-20,27.5,27.600000381469727,26.799999237060547,27.040000915527344,26.61992645263672,10587083
2023-12-21,26.71999931335449,27.700000762939453,26.5,26.57999992370605,26.167070388793945,12605936
2023-12-22,26.36000061035156,26.600000381469727,24.31999969482422,24.600000381469727,24.217832565307617,12885195
2023-12-25,24.200000762939453,24.6200008392334,23.520000457763672,23.86000061035156,23.48932838439941,6222262
2023-12-26,23.770000457763672,23.799999237060547,22.8799991607666,23.0,22.64268684387207,5333550
2023-12-27,23.1200008392334,23.450000762939453,22.649999618530277,23.40999984741211,23.04631805419922,4240650
2023-12-28,23.209999084472656,23.780000686645508,22.950000762939453,23.57999992370605,23.21367645263672,4681601
2023-12-29,23.559999465942383,24.26000022888184,23.51000022888184,23.96999931335449,23.597618103027344,3994873
2024-01-02,23.979999542236328,24.149999618530277,23.600000381469727,23.649999618530277,23.282588958740234,3380257
2024-01-03,23.520000457763672,23.88999938964844,23.299999237060547,23.6200008392334,23.2530574798584,2678552
2024-01-04,23.59000015258789,23.59000015258789,23.059999465942383,23.15999984741211,22.800201416015625,2787647
2024-01-05,23.149999618530277,23.34000015258789,22.51000022888184,22.6200008392334,22.268590927124023,3340600
2024-01-08,22.57999992370605,22.709999084472656,22.059999465942383,22.100000381469727,21.756671905517575,2461021
2024-01-09,22.11000061035156,22.540000915527344,21.979999542236328,22.270000457763672,21.92403030395508,2357371
2024-01-10,22.18000030517578,22.3799991607666,21.649999618530277,22.299999237060547,21.953561782836918,2596075
2024-01-11,22.13999938964844,22.920000076293945,22.13999938964844,22.739999771118164,22.38672637939453,2763550
2024-01-12,22.63999938964844,22.729999542236328,22.34000015258789,22.3700008392334,22.022476196289062,1880550
2024-01-15,22.299999237060547,22.68000030517578,22.1200008392334,22.420000076293945,22.07169914245605,1738173
2024-01-16,22.32999992370605,22.43000030517578,21.709999084472656,22.170000076293945,21.825580596923828,2418300
2024-01-17,22.149999618530277,22.3799991607666,21.530000686645508,21.540000915527344,21.20536994934082,2264947
2024-01-18,21.450000762939453,21.600000381469727,20.6200008392334,21.420000076293945,21.08723258972168,3263684
2024-01-19,21.420000076293945,21.729999542236328,21.1299991607666,21.1299991607666,20.80173683166504,1703210
2024-01-22,21.290000915527344,21.290000915527344,19.229999542236328,19.479999542236328,19.17737197875977,4562692
2024-01-23,19.3799991607666,19.71999931335449,18.90999984741211,19.65999984741211,19.354576110839844,2815504
2024-01-24,19.809999465942383,20.700000762939453,19.56999969482422,20.38999938964844,20.07323265075684,3563620
2024-01-25,20.34000015258789,20.82999992370605,19.989999771118164,20.799999237060547,20.476863861083984,3501450
2024-01-26,20.799999237060547,20.90999984741211,20.36000061035156,20.399999618530277,20.08307838439941,2387301
2024-01-29,20.420000076293945,20.56999969482422,19.6299991607666,19.65999984741211,19.354576110839844,2437404
2024-01-30,19.5,19.700000762939453,18.899999618530277,18.979999542236328,18.685138702392575,2104801
2024-01-31,18.780000686645508,19.149999618530277,17.90999984741211,17.979999542236328,17.700674057006836,2896851
2024-02-01,17.68000030517578,18.399999618530277,17.479999542236328,17.899999618530273,17.621917724609375,2672650
2024-02-02,17.920000076293945,18.459999084472656,16.5,17.06999969482422,16.804813385009766,3243085
2024-02-05,16.889999389648438,16.899999618530273,14.949999809265137,15.529999732971191,15.288736343383787,4448659
2024-02-06,15.3100004196167,17.399999618530273,14.989999771118164,16.899999618530273,16.637453079223633,4473435
2024-02-07,16.989999771118164,17.649999618530273,16.700000762939453,17.25,16.98201560974121,4277931
2024-02-08,17.1299991607666,18.600000381469727,17.1299991607666,18.280000686645508,17.996015548706055,4358506
2024-02-19,18.479999542236328,18.979999542236328,18.229999542236328,18.75,18.458711624145508,4533016
2024-02-20,18.700000762939453,18.700000762939453,18.209999084472656,18.56999969482422,18.281509399414062,2851912
2024-02-21,18.3799991607666,19.299999237060547,18.13999938964844,18.63999938964844,18.350419998168945,4318830
2024-02-22,18.459999084472656,19.239999771118164,18.459999084472656,19.09000015258789,18.793432235717773,3672060
2024-02-23,19.190000534057617,19.8700008392334,18.899999618530277,19.76000022888184,19.453020095825195,4425177
2024-02-26,19.71999931335449,20.149999618530277,19.32999992370605,19.729999542236328,19.423486709594727,4066900
2024-02-27,19.559999465942383,20.46999931335449,19.459999084472656,20.450000762939453,20.13230323791504,4819410
2024-02-28,20.350000381469727,20.81999969482422,18.709999084472656,18.799999237060547,18.5079345703125,6878121
2024-02-29,18.65999984741211,19.63999938964844,18.6299991607666,19.6299991607666,19.325040817260746,4549661
2024-03-01,19.780000686645508,20.479999542236328,19.65999984741211,20.36000061035156,20.043701171875,4993654
2024-03-04,20.290000915527344,20.36000061035156,19.559999465942383,20.020000457763672,19.708984375,3790701
2024-03-05,20.040000915527344,20.040000915527344,19.299999237060547,19.520000457763672,19.21674919128418,3915920
2024-03-06,19.440000534057617,19.57999992370605,18.920000076293945,19.36000061035156,19.059234619140625,4120900
2024-03-07,19.36000061035156,19.540000915527344,18.790000915527344,18.809999465942383,18.51778030395508,3691361
2024-03-08,18.790000915527344,19.149999618530277,18.670000076293945,19.049999237060547,18.754053115844727,2806752
2024-03-11,18.90999984741211,19.420000076293945,18.86000061035156,19.399999618530277,19.098613739013672,2755010
2024-03-12,19.399999618530277,19.8799991607666,19.3799991607666,19.850000381469727,19.5416259765625,4005634
2024-03-13,19.81999969482422,20.440000534057617,19.6299991607666,20.21999931335449,19.905874252319336,4788052
2024-03-14,20.350000381469727,20.40999984741211,19.530000686645508,19.71999931335449,19.41364288330078,4274750
2024-03-15,19.729999542236328,19.899999618530277,19.40999984741211,19.899999618530277,19.59084701538086,2814650
2024-03-18,19.8700008392334,20.280000686645508,19.600000381469727,20.270000457763672,19.955101013183597,4286353
2024-03-19,20.25,20.450000762939453,20.0,20.209999084472656,19.89603042602539,4295702
2024-03-20,20.209999084472656,20.8799991607666,20.100000381469727,20.76000022888184,20.43748664855957,5306882
2024-03-21,20.75,21.0,20.32999992370605,20.540000915527344,20.22090530395508,4475240
2024-03-22,20.549999237060547,21.290000915527344,19.76000022888184,20.86000061035156,20.535934448242188,7392702
2024-03-25,20.850000381469727,20.950000762939453,19.770000457763672,19.770000457763672,19.462867736816406,5071280
2024-03-26,19.68000030517578,19.90999984741211,18.8700008392334,19.200000762939453,18.901721954345703,4582436
2024-03-27,19.200000762939453,19.350000381469727,18.25,18.299999237060547,18.015703201293945,4245911
2024-03-28,18.299999237060547,19.13999938964844,18.170000076293945,18.65999984741211,18.3701114654541,3443267
2024-03-29,18.549999237060547,18.709999084472656,18.209999084472656,18.540000915527344,18.25197410583496,1902008
2024-04-01,18.61000061035156,19.26000022888184,18.56999969482422,19.239999771118164,18.94110107421875,2992262
2024-04-02,19.1200008392334,19.209999084472656,18.700000762939453,18.920000076293945,18.62607192993164,2503103
2024-04-03,18.920000076293945,18.920000076293945,18.350000381469727,18.459999084472656,18.1732177734375,2633631
2024-04-08,18.479999542236328,18.479999542236328,17.700000762939453,17.709999084472656,17.43486785888672,2605091
2024-04-09,18.0,18.479999542236328,17.729999542236328,18.25,17.966482162475586,3076107
2024-04-10,18.100000381469727,18.170000076293945,17.530000686645508,17.700000762939453,17.425025939941406,2591200
2024-04-11,17.6299991607666,18.11000061035156,17.420000076293945,17.780000686645508,17.503782272338867,2532797
2024-04-12,17.690000534057617,17.950000762939453,17.40999984741211,17.520000457763672,17.247819900512695,2065750
2024-04-15,17.309999465942383,17.549999237060547,16.34000015258789,16.65999984741211,16.401182174682617,3821153
2024-04-16,16.559999465942383,16.670000076293945,15.550000190734863,15.649999618530272,15.406871795654297,3739503
2024-04-17,15.84000015258789,16.799999237060547,15.84000015258789,16.760000228881836,16.4996280670166,3801489
2024-04-18,16.75,16.959999084472656,16.260000228881836,16.610000610351562,16.351959228515625,2991740
2024-04-19,16.559999465942383,16.670000076293945,16.18000030517578,16.25,15.997552871704102,2608901
2024-04-22,16.010000228881836,16.420000076293945,15.699999809265137,16.229999542236328,15.977861404418944,2358026
2024-04-23,16.270000457763672,16.709999084472656,16.270000457763672,16.469999313354492,16.21413230895996,2211136
2024-04-24,16.43000030517578,16.940000534057617,16.3799991607666,16.940000534057617,16.676830291748047,2575061
2024-04-25,16.760000228881836,17.059999465942383,16.639999389648438,16.829999923706055,16.568540573120117,2336350
2024-04-26,16.65999984741211,17.290000915527344,16.65999984741211,17.200000762939453,16.93279266357422,2658652
2024-04-29,17.25,17.959999084472656,17.239999771118164,17.899999618530273,17.621917724609375,3440669
2024-04-30,17.950000762939453,18.040000915527344,17.649999618530273,17.8799991607666,17.60222816467285,2772060
2024-05-06,18.15999984741211,18.420000076293945,18.040000915527344,18.1299991607666,17.848342895507812,2448050
2024-05-07,18.34000015258789,19.0,18.309999465942383,18.40999984741211,18.123994827270508,4173621
2024-05-08,18.209999084472656,18.280000686645508,17.81999969482422,17.829999923706055,17.55300521850586,3225342
2024-05-09,17.799999237060547,18.26000022888184,17.799999237060547,18.18000030517578,17.897567749023438,2174871
2024-05-10,18.18000030517578,18.280000686645508,17.770000457763672,17.829999923706055,17.55300521850586,2408046
2024-05-13,17.700000762939453,17.829999923706055,17.170000076293945,17.309999465942383,17.04108238220215,2710451
2024-05-14,17.399999618530273,17.8700008392334,17.399999618530273,17.68000030517578,17.405336380004883,2174950
2024-05-15,17.65999984741211,17.829999923706055,17.510000228881836,17.549999237060547,17.277353286743164,1584220
2024-05-16,17.549999237060547,18.100000381469727,17.479999542236328,17.729999542236328,17.454557418823242,2517710
2024-05-17,17.729999542236328,18.0,17.600000381469727,18.0,17.72036361694336,2551500
2024-05-20,18.0,18.239999771118164,17.8700008392334,17.889999389648438,17.61207389831543,2477653
2024-05-21,18.0,18.0,17.579999923706055,17.75,17.474246978759766,2290682
2024-05-22,17.5,17.90999984741211,17.5,17.899999618530273,17.756969451904297,1807745
2024-05-23,17.899999618530273,17.969999313354492,17.260000228881836,17.31999969482422,17.181604385375977,2460940
2024-05-24,17.260000228881836,17.399999618530273,16.8799991607666,16.899999618530273,16.76496124267578,2245385
2024-05-27,17.40999984741211,19.600000381469727,17.40999984741211,19.229999542236328,19.076343536376957,17281449
2024-05-28,18.25,18.5,17.75,17.899999618530273,17.756969451904297,13107796
2024-05-29,17.610000610351562,18.68000030517578,17.40999984741211,18.489999771118164,18.342254638671875,10497929
2024-05-30,18.290000915527344,18.399999618530277,17.829999923706055,18.020000457763672,17.87601089477539,6381800
2024-05-31,18.0,18.190000534057617,17.81999969482422,17.899999618530273,17.756969451904297,4953569
2024-06-03,17.81999969482422,17.84000015258789,16.959999084472656,17.100000381469727,16.963363647460938,6240239
2024-06-04,16.950000762939453,16.950000762939453,16.299999237060547,16.829999923706055,16.695518493652344,3558748
2024-06-05,16.829999923706055,16.829999923706055,16.299999237060547,16.299999237060547,16.169755935668945,3455851
2024-06-06,16.239999771118164,16.530000686645508,15.640000343322754,15.779999732971191,15.65390968322754,4170544
2024-06-07,16.040000915527344,16.25,15.81999969482422,16.040000915527344,15.91183376312256,2614759
2024-06-11,15.880000114440918,16.219999313354492,15.609999656677246,16.219999313354492,16.09039306640625,2146268
2024-06-12,16.8799991607666,17.15999984741211,16.489999771118164,16.540000915527344,16.4078369140625,5158298
2024-06-13,16.440000534057617,16.729999542236328,16.280000686645508,16.59000015258789,16.45743751525879,3687346
2024-06-14,16.43000030517578,16.5,16.200000762939453,16.329999923706055,16.199514389038086,3659449
2024-06-17,16.260000228881836,16.260000228881836,15.890000343322754,15.93000030517578,15.802712440490724,3129673
2024-06-18,15.899999618530272,16.100000381469727,15.880000114440918,16.030000686645508,15.9019136428833,2452595
2024-06-19,16.079999923706055,16.1200008392334,15.75,15.75,15.624149322509766,2631700
2024-06-20,15.630000114440918,15.760000228881836,15.18000030517578,15.199999809265137,15.07854461669922,2887457
2024-06-21,15.1899995803833,15.270000457763672,14.949999809265137,15.1899995803833,15.068623542785645,1764509
2024-06-24,14.920000076293944,14.949999809265137,14.3100004196167,14.329999923706056,14.215496063232422,3087209
2024-06-25,14.359999656677246,14.56999969482422,14.1899995803833,14.380000114440918,14.265096664428713,2147951
2024-06-26,14.329999923706056,15.279999732971191,14.300000190734863,15.25,15.128145217895508,4552151
2024-06-27,15.25,15.56999969482422,15.119999885559082,15.229999542236328,15.108304023742676,3689850
2024-06-28,15.130000114440918,15.449999809265137,15.0,15.050000190734863,14.929743766784668,2711501
2024-07-01,15.010000228881836,15.279999732971191,14.699999809265137,15.210000038146973,15.088464736938477,2408651
2024-07-02,15.210000038146973,15.520000457763672,15.109999656677246,15.289999961853027,15.16782569885254,2259301
2024-07-03,15.210000038146973,15.489999771118164,15.18000030517578,15.359999656677246,15.237265586853027,2404883
2024-07-04,15.279999732971191,15.420000076293944,14.770000457763672,14.84000015258789,14.721421241760254,2270390
2024-07-05,14.729999542236328,15.1899995803833,14.579999923706056,15.140000343322754,15.019023895263672,1922250
2024-07-08,15.130000114440918,15.130000114440918,14.56999969482422,14.600000381469728,14.483339309692385,1776370
2024-07-09,14.5,14.989999771118164,14.100000381469728,14.850000381469728,14.731341361999512,2595501
2024-07-10,14.789999961853027,14.899999618530272,14.5600004196167,14.609999656677246,14.49325942993164,2174567
2024-07-11,14.880000114440918,15.600000381469728,14.880000114440918,15.43000030517578,15.306707382202148,4112530
2024-07-12,15.380000114440918,15.520000457763672,15.140000343322754,15.18000030517578,15.058704376220703,2465717
2024-07-15,15.199999809265137,15.270000457763672,14.859999656677246,14.949999809265137,14.830541610717772,1492400
2024-07-16,14.9399995803833,15.0600004196167,14.710000038146973,14.949999809265137,14.830541610717772,1283200
2024-07-17,14.880000114440918,15.119999885559082,14.770000457763672,14.949999809265137,14.830541610717772,1677600
2024-07-18,14.890000343322754,14.890000343322754,14.399999618530272,14.68000030517578,14.562700271606444,2017800
2024-07-19,14.609999656677246,15.050000190734863,14.56999969482422,14.989999771118164,14.870222091674805,1717301
2024-07-22,14.90999984741211,15.149999618530272,14.859999656677246,15.100000381469728,14.979344367980955,1601307
2024-07-23,15.100000381469728,15.1899995803833,14.699999809265137,14.710000038146973,14.592459678649902,1614551
2024-07-24,14.68000030517578,14.770000457763672,14.220000267028809,14.25,14.136136054992676,1938000
2024-07-25,14.199999809265137,14.699999809265137,14.119999885559082,14.520000457763672,14.40397834777832,1844225
2024-07-26,14.4399995803833,14.800000190734863,14.4399995803833,14.729999542236328,14.612298965454102,1371301
2024-07-29,14.760000228881836,14.829999923706056,14.449999809265137,14.760000228881836,14.642060279846191,1441300
2024-07-30,14.760000228881836,15.079999923706056,14.609999656677246,14.869999885559082,14.751181602478027,1878500
2024-07-31,14.84000015258789,15.43000030517578,14.84000015258789,15.399999618530272,15.27694606781006,3015041
2024-08-01,15.329999923706056,15.449999809265137,15.1899995803833,15.300000190734863,15.17774486541748,2126501
2024-08-02,15.149999618530272,15.390000343322754,15.010000228881836,15.06999969482422,14.949583053588867,1781368
2024-08-05,15.09000015258789,15.369999885559082,14.710000038146973,14.710000038146973,14.592459678649902,2626500
2024-08-06,14.920000076293944,15.199999809265137,14.90999984741211,15.1899995803833,15.068623542785645,2336923
2024-08-07,15.260000228881836,15.260000228881836,15.020000457763672,15.050000190734863,14.929743766784668,1496500
2024-08-08,15.079999923706056,15.5,14.770000457763672,15.1899995803833,15.068623542785645,2852368
2024-08-09,15.289999961853027,15.3100004196167,14.920000076293944,14.949999809265137,14.830541610717772,1964220
2024-08-12,14.90999984741211,14.9399995803833,14.5,14.789999961853027,14.671820640563965,1913200
2024-08-13,14.90999984741211,14.920000076293944,14.640000343322754,14.920000076293944,14.80078125,1298300
2024-08-14,14.829999923706056,15.050000190734863,14.739999771118164,14.949999809265137,14.830541610717772,1790876
2024-08-15,14.829999923706056,15.3100004196167,14.770000457763672,15.220000267028809,15.098384857177734,2369600
2024-08-16,15.300000190734863,15.380000114440918,15.079999923706056,15.260000228881836,15.138065338134766,2277001
2024-08-19,15.199999809265137,15.729999542236328,15.149999618530272,15.56999969482422,15.44558811187744,5085750
2024-08-20,15.550000190734863,16.0,15.4399995803833,15.56999969482422,15.44558811187744,6238422
2024-08-21,15.40999984741211,15.649999618530272,15.18000030517578,15.300000190734863,15.17774486541748,4497702
2024-08-22,15.15999984741211,15.380000114440918,14.5600004196167,14.56999969482422,14.453577995300291,3568200
2024-08-23,14.56999969482422,14.710000038146973,14.229999542236328,14.380000114440918,14.265096664428713,2468050
2024-08-26,14.289999961853027,14.779999732971191,14.210000038146973,14.579999923706056,14.463499069213867,2044770
2024-08-27,14.56999969482422,14.899999618530272,14.449999809265137,14.5,14.384138107299805,2410550
2024-08-28,14.380000114440918,14.899999618530272,14.149999618530272,14.770000457763672,14.651981353759766,2935701
2024-08-29,14.65999984741211,15.050000190734863,14.5600004196167,15.039999961853027,14.919822692871094,2425151
2024-08-30,15.039999961853027,15.529999732971191,14.970000267028809,15.420000076293944,15.296786308288574,3544800
2024-09-02,15.510000228881836,15.520000457763672,15.06999969482422,15.109999656677246,14.989262580871582,2112480
2024-09-03,15.109999656677246,15.460000038146973,15.109999656677246,15.31999969482422,15.197586059570312,2035300
2024-09-04,15.220000267028809,15.479999542236328,15.170000076293944,15.289999961853027,15.16782569885254,1690800
2024-09-05,15.390000343322754,16.100000381469727,15.390000343322754,15.710000038146973,15.58446979522705,6324421
2024-09-06,15.600000381469728,16.649999618530273,15.600000381469728,15.75,15.624149322509766,7630100
2024-09-09,15.550000190734863,15.979999542236328,15.449999809265137,15.710000038146973,15.58446979522705,3933267
2024-09-10,15.710000038146973,16.100000381469727,15.5600004196167,15.989999771118164,15.862231254577637,4299314
2024-09-11,15.779999732971191,15.850000381469728,15.609999656677246,15.699999809265137,15.574548721313477,3789276
2024-09-12,15.8100004196167,15.899999618530272,15.539999961853027,15.5600004196167,15.435667991638184,2533767
2024-09-13,15.630000114440918,15.649999618530272,15.260000228881836,15.289999961853027,15.16782569885254,2076500
2024-09-18,15.289999961853027,15.329999923706056,14.699999809265137,14.93000030517578,14.810702323913574,2194450
2024-09-19,14.970000267028809,15.520000457763672,14.899999618530272,15.489999771118164,15.36622714996338,2603770
2024-09-20,15.609999656677246,15.710000038146973,15.380000114440918,15.520000457763672,15.395987510681152,2365250
2024-09-23,15.449999809265137,15.800000190734863,15.329999923706056,15.649999618530272,15.524949073791504,1985626
2024-09-24,15.670000076293944,16.06999969482422,15.510000228881836,16.040000915527344,15.91183376312256,4107456
2024-09-25,16.1299991607666,17.81999969482422,16.100000381469727,16.959999084472656,16.824481964111328,11316223
2024-09-26,16.760000228881836,17.270000457763672,16.760000228881836,17.239999771118164,17.102243423461914,7380456
2024-09-27,17.399999618530273,18.36000061035156,17.1299991607666,18.010000228881836,17.866090774536133,9425636
2024-09-30,18.71999931335449,21.229999542236328,18.43000030517578,20.959999084472656,20.792518615722656,16840332
2024-10-08,24.799999237060547,24.799999237060547,21.209999084472656,23.68000030517578,23.490785598754883,19464374
2024-10-09,22.059999465942383,22.46999931335449,19.88999938964844,19.899999618530277,19.74098777770996,13238404
2024-10-10,20.149999618530277,21.600000381469727,19.82999992370605,20.84000015258789,20.673479080200195,11001589
2024-10-11,20.700000762939453,20.709999084472656,19.299999237060547,19.600000381469727,19.44338798522949,8796106
2024-10-14,19.799999237060547,20.5,19.11000061035156,20.239999771118164,20.078271865844727,8756074
2024-10-15,19.950000762939453,21.36000061035156,19.76000022888184,20.600000381469727,20.435396194458008,12269912
2024-10-16,20.0,20.600000381469727,19.780000686645508,20.170000076293945,20.008832931518555,7099988
2024-10-17,20.25,20.799999237060547,20.09000015258789,20.13999938964844,19.97907066345215,6847097
2024-10-18,19.96999931335449,21.200000762939453,19.809999465942383,20.709999084472656,20.54451560974121,9185030
2024-10-21,20.6200008392334,21.68000030517578,20.6200008392334,21.61000061035156,21.43732452392578,10543151
2024-10-22,21.280000686645508,22.25,21.280000686645508,21.530000686645508,21.35796546936035,10797813
2024-10-23,21.600000381469727,21.700000762939453,20.809999465942383,21.020000457763672,20.85204124450684,8728727
2024-10-24,20.780000686645508,20.90999984741211,20.399999618530277,20.479999542236328,20.316354751586918,5156274
2024-10-25,20.420000076293945,20.950000762939453,20.40999984741211,20.81999969482422,20.653636932373047,4941600
2024-10-28,20.790000915527344,21.459999084472656,20.709999084472656,21.459999084472656,21.288524627685547,6176950
2024-10-29,21.65999984741211,21.790000915527344,20.59000015258789,20.61000061035156,20.445316314697266,7372201
2024-10-30,20.520000457763672,20.6299991607666,19.940000534057617,20.31999969482422,20.15763282775879,5081799
2024-10-31,20.200000762939453,20.93000030517578,20.100000381469727,20.809999465942383,20.64371681213379,5310763
2024-11-01,20.6299991607666,20.96999931335449,19.709999084472656,19.739999771118164,19.58226776123047,6008630
2024-11-04,19.709999084472656,20.36000061035156,19.649999618530277,20.32999992370605,20.167552947998047,3317656
2024-11-05,20.5,21.209999084472656,20.43000030517578,21.209999084472656,21.0405216217041,6360316
2024-11-06,21.200000762939453,21.600000381469727,20.940000534057617,21.1299991607666,20.96116065979004,6924301
2024-11-07,20.81999969482422,21.8799991607666,20.809999465942383,21.799999237060547,21.62580680847168,9666328
2024-11-08,22.100000381469727,22.149999618530277,21.3799991607666,21.51000022888184,21.338123321533203,8183687
2024-11-11,21.200000762939453,22.239999771118164,21.1299991607666,22.15999984741211,21.98293113708496,9677454
2024-11-12,22.059999465942383,22.459999084472656,21.5,21.690000534057617,21.51668739318848,8580219
2024-11-13,21.6299991607666,23.299999237060547,21.5,22.57999992370605,22.39957427978516,15386120
2024-11-14,22.25,22.51000022888184,21.299999237060547,21.3799991607666,21.20916175842285,9261404
2024-11-15,21.18000030517578,22.440000534057617,21.18000030517578,21.239999771118164,21.070281982421875,9362335
2024-11-18,21.190000534057617,21.549999237060547,19.780000686645508,20.040000915527344,19.87987327575684,7817857
2024-11-19,20.01000022888184,20.3799991607666,19.71999931335449,20.3799991607666,20.217151641845703,4183688
2024-11-20,20.3799991607666,21.489999771118164,20.239999771118164,21.290000915527344,21.119882583618164,6805876
2024-11-21,21.290000915527344,22.049999237060547,21.07999992370605,21.649999618530277,21.477006912231445,7441555
2024-11-22,21.899999618530277,23.049999237060547,21.40999984741211,21.420000076293945,21.248842239379883,15724060
2024-11-25,21.96999931335449,22.32999992370605,20.899999618530277,22.229999542236328,22.052370071411133,13405442
2024-11-26,22.31999969482422,23.899999618530277,21.799999237060547,23.049999237060547,22.86581802368164,21907030
2024-11-27,22.01000022888184,23.100000381469727,21.07999992370605,23.06999969482422,22.88566017150879,15592805
2024-11-28,23.049999237060547,24.46999931335449,22.350000381469727,22.40999984741211,22.230932235717773,15402900
2024-11-29,22.799999237060547,24.25,22.690000534057617,23.549999237060547,23.3618221282959,21008178
2024-12-02,23.309999465942383,24.65999984741211,23.1200008392334,23.850000381469727,23.659427642822266,20760651
2024-12-03,23.68000030517578,23.86000061035156,22.700000762939453,22.979999542236328,22.79637718200684,12973601
2024-12-04,22.770000457763672,22.86000061035156,22.0,22.21999931335449,22.042449951171875,9368750
2024-12-05,22.520000457763672,26.61000061035156,22.299999237060547,24.899999618530277,24.70103645324707,28137313
2024-12-06,24.299999237060547,25.8799991607666,23.709999084472656,25.32999992370605,25.12760162353516,26073383
2024-12-09,25.07999992370605,25.200000762939453,24.229999542236328,24.600000381469727,24.40343475341797,14786651
2024-12-10,25.3700008392334,28.32999992370605,24.799999237060547,26.670000076293945,26.456892013549805,30123491
2024-12-11,25.950000762939453,26.709999084472656,25.950000762939453,26.229999542236328,26.020408630371094,16703041
2024-12-12,26.020000457763672,26.51000022888184,25.32999992370605,26.020000457763672,25.812088012695312,14480552
2024-12-13,25.049999237060547,26.86000061035156,24.850000381469727,25.6299991607666,25.425201416015625,15409527
2024-12-16,25.520000457763672,26.170000076293945,24.959999084472656,25.399999618530277,25.197040557861328,11402881
2024-12-17,25.11000061035156,25.15999984741211,23.489999771118164,23.57999992370605,23.391584396362305,12206018
2024-12-18,23.1299991607666,23.979999542236328,22.700000762939453,23.43000030517578,23.24278259277344,7960853
2024-12-19,23.040000915527344,25.75,22.649999618530277,25.75,25.54424476623535,14819983
2024-12-20,26.26000022888184,29.600000381469727,25.950000762939453,27.40999984741211,27.190980911254883,36690425
2024-12-23,27.170000076293945,27.489999771118164,25.36000061035156,25.670000076293945,25.46488571166992,22683774
2024-12-24,25.86000061035156,28.780000686645508,25.600000381469727,28.36000061035156,28.133390426635746,31416402
2024-12-25,27.600000381469727,27.790000915527344,26.5,27.190000534057617,26.97273826599121,21879615
2024-12-26,27.649999618530277,29.5,27.649999618530277,28.299999237060547,28.07386779785156,27097126
2024-12-27,27.8700008392334,28.149999618530277,26.36000061035156,26.450000762939453,26.23865127563477,22798327
2024-12-30,25.93000030517578,25.940000534057617,24.68000030517578,25.36000061035156,25.15736198425293,14883498
2024-12-31,25.350000381469727,25.56999969482422,23.989999771118164,24.0,23.808229446411133,11388228
2025-01-02,24.57999992370605,27.15999984741211,24.309999465942383,25.43000030517578,25.22680282592773,23379055
2025-01-03,25.299999237060547,25.5,22.600000381469727,22.729999542236328,22.548376083374023,17597702
2025-01-06,22.46999931335449,22.489999771118164,21.020000457763672,21.3700008392334,21.199243545532227,11571936
2025-01-07,21.61000061035156,22.450000762939453,21.15999984741211,22.440000534057617,22.26069450378418,10852102
2025-01-08,22.0,23.959999084472656,21.799999237060547,23.780000686645508,23.58998680114746,17288402
2025-01-09,23.350000381469727,24.65999984741211,23.299999237060547,23.75,23.560226440429688,16282567
2025-01-10,23.31999969482422,23.739999771118164,22.270000457763672,22.309999465942383,22.131732940673828,10358857
2025-01-13,21.93000030517578,22.15999984741211,21.049999237060547,21.76000022888184,21.58612632751465,7350546
2025-01-14,26.11000061035156,26.11000061035156,26.11000061035156,26.11000061035156,25.901369094848636,7331384
2025-01-15,31.32999992370605,31.32999992370605,31.32999992370605,31.32999992370605,31.07965850830078,5343103
2025-01-16,37.119998931884766,37.59999847412109,35.59000015258789,37.59999847412109,37.29955673217773,79246915
2025-01-17,37.220001220703125,37.59999847412109,32.47999954223633,32.65999984741211,32.39902877807617,64652685
2025-01-20,33.38999938964844,33.9900016784668,30.51000022888184,30.790000915527344,30.54397392272949,48477230
2025-01-21,30.989999771118164,31.190000534057617,29.209999084472656,30.309999465942383,30.06780815124512,42736029
2025-01-22,29.61000061035156,29.82999992370605,28.25,28.600000381469727,28.37147331237793,32377834
2025-01-23,28.61000061035156,29.239999771118164,27.959999084472656,27.989999771118164,27.766345977783203,30373776
2025-01-24,27.71999931335449,29.049999237060547,27.5,28.81999969482422,28.58971405029297,30317450
2025-01-27,28.90999984741211,29.209999084472656,27.1200008392334,27.32999992370605,27.111618041992188,22986551
2025-02-05,27.36000061035156,28.059999465942383,27.1200008392334,27.8700008392334,27.647306442260746,19784178
2025-02-06,27.51000022888184,28.56999969482422,27.450000762939453,28.43000030517578,28.202829360961918,22350942
2025-02-07,28.09000015258789,28.8799991607666,27.670000076293945,28.34000015258789,28.113550186157227,26970864
2025-02-10,28.11000061035156,28.799999237060547,28.07999992370605,28.770000457763672,28.54011344909668,21675449
2025-02-11,28.989999771118164,33.79999923706055,28.600000381469727,32.88999938964844,32.627193450927734,55506077
2025-02-12,30.989999771118164,32.400001525878906,30.76000022888184,31.790000915527344,31.535982131958008,36089248
2025-02-13,31.51000022888184,34.0,31.1299991607666,31.13999938964844,30.891176223754883,36240381
2025-02-14,30.290000915527344,32.119998931884766,29.51000022888184,31.51000022888184,31.25821876525879,32207086
2025-02-17,31.100000381469727,32.0,30.43000030517578,31.950000762939453,31.694704055786133,29711754
2025-02-18,31.31999969482422,31.459999084472656,28.420000076293945,28.51000022888184,28.28219223022461,26263820
2025-02-19,28.56999969482422,29.299999237060547,28.559999465942383,29.190000534057617,28.956758499145508,15661783
2025-02-20,29.07999992370605,29.399999618530277,28.700000762939453,29.13999938964844,28.907155990600582,13774483
2025-02-21,29.549999237060547,30.09000015258789,28.8700008392334,29.920000076293945,29.68092536926269,18823330
2025-02-24,29.5,29.51000022888184,28.780000686645508,29.100000381469727,28.867477416992188,15099851
2025-02-25,28.420000076293945,28.600000381469727,27.940000534057617,28.270000457763672,28.044109344482425,13450389
2025-02-26,28.38999938964844,28.5,27.920000076293945,28.270000457763672,28.044109344482425,11454438
2025-02-27,28.290000915527344,29.270000457763672,27.670000076293945,28.32999992370605,28.103628158569336,17142924
2025-02-28,28.049999237060547,28.049999237060547,25.700000762939453,25.989999771118164,25.78232765197754,16820224
2025-03-03,26.059999465942383,26.950000762939453,25.65999984741211,26.280000686645508,26.070011138916016,11188853
2025-03-04,25.86000061035156,26.43000030517578,25.729999542236328,26.40999984741211,26.19897079467773,7636800
2025-03-05,26.290000915527344,26.6299991607666,25.950000762939453,26.6299991607666,26.417211532592773,8307813
2025-03-06,27.36000061035156,28.440000534057617,27.36000061035156,28.170000076293945,27.944908142089844,20694840
2025-03-07,27.799999237060547,28.299999237060547,27.25,27.46999931335449,27.25050163269043,13350874
2025-03-10,27.209999084472656,27.350000381469727,26.770000457763672,27.25,27.03225898742676,8265150
2025-03-11,26.8799991607666,27.229999542236328,26.700000762939453,27.09000015258789,26.873538970947266,5737501
2025-03-12,27.239999771118164,27.76000022888184,27.190000534057617,27.440000534057617,27.220741271972656,8728634
2025-03-13,27.200000762939453,27.25,26.190000534057617,26.479999542236328,26.268409729003903,9226881
2025-03-14,26.399999618530277,27.420000076293945,26.25,27.32999992370605,27.111618041992188,9759512
2025-03-17,27.3799991607666,27.61000061035156,27.049999237060547,27.21999931335449,27.002498626708984,6726952
2025-03-18,27.38999938964844,27.57999992370605,27.030000686645508,27.420000076293945,27.20090103149414,6680222
2025-03-19,27.229999542236328,27.299999237060547,26.600000381469727,26.71999931335449,26.506492614746094,7425900
2025-03-20,26.75,26.920000076293945,26.26000022888184,26.280000686645508,26.070011138916016,5904500
2025-03-21,26.209999084472656,26.32999992370605,25.739999771118164,26.059999465942383,25.85176658630371,5781679
2025-03-24,26.190000534057617,26.190000534057617,24.61000061035156,25.40999984741211,25.206960678100582,7097450
2025-03-25,25.309999465942383,25.40999984741211,24.709999084472656,24.780000686645508,24.581995010375977,4490610
2025-03-26,24.68000030517578,25.200000762939453,24.61000061035156,25.040000915527344,24.839920043945312,3752348
2025-03-27,25.0,26.299999237060547,24.6299991607666,25.56999969482422,25.36568260192871,9615467
2025-03-28,25.5,26.57999992370605,25.059999465942383,26.38999938964844,26.17913055419922,13506171
2025-03-31,26.0,27.200000762939453,25.649999618530277,26.88999938964844,26.67513465881348,14406601
2025-04-01,26.8700008392334,26.8700008392334,26.100000381469727,26.200000762939453,25.99064826965332,8737322
2025-04-02,26.13999938964844,26.540000915527344,25.61000061035156,25.6200008392334,25.415285110473636,6136450
2025-04-03,24.989999771118164,26.68000030517578,24.8700008392334,26.31999969482422,26.10968971252441,8906251
2025-04-07,23.5,23.799999237060547,21.059999465942383,21.059999465942383,20.891719818115234,11808500
2025-04-08,21.13999938964844,21.88999938964844,20.26000022888184,21.190000534057617,21.020681381225582,10447185
2025-04-09,20.5,21.65999984741211,18.649999618530277,21.57999992370605,21.40756607055664,11727323
2025-04-10,22.11000061035156,23.100000381469727,22.11000061035156,22.5,22.320215225219727,10619907
2025-04-11,22.18000030517578,22.989999771118164,22.18000030517578,22.479999542236328,22.300373077392575,7369650
2025-04-14,22.989999771118164,26.600000381469727,22.989999771118164,25.01000022888184,24.81015968322754,24045600
2025-04-15,25.06999969482422,26.290000915527344,24.030000686645508,25.32999992370605,25.12760162353516,23649810
2025-04-16,25.34000015258789,26.979999542236328,24.920000076293945,26.299999237060547,26.0898494720459,24654206
2025-04-17,25.440000534057617,27.700000762939453,25.049999237060547,26.950000762939453,26.734657287597656,25153308
2025-04-18,26.32999992370605,26.690000534057617,25.26000022888184,25.290000915527344,25.08792304992676,16758498
2025-04-21,25.0,26.690000534057617,24.8700008392334,25.979999542236328,25.77240562438965,16225349
2025-04-22,26.040000915527344,26.68000030517578,25.559999465942383,25.57999992370605,25.37560272216797,15179080
2025-04-23,26.15999984741211,26.299999237060547,25.040000915527344,25.15999984741211,24.95895767211914,13029200
2025-04-24,25.07999992370605,25.07999992370605,23.799999237060547,24.059999465942383,23.867748260498047,12252380
2025-04-25,24.07999992370605,24.350000381469727,23.729999542236328,23.809999465942383,23.6197452545166,6530200
2025-04-28,24.049999237060547,24.770000457763672,23.780000686645508,23.86000061035156,23.669347763061523,8254880
2025-04-29,23.350000381469727,23.93000030517578,23.0,23.65999984741211,23.470945358276367,6023550
2025-04-30,23.920000076293945,24.600000381469727,23.809999465942383,24.07999992370605,23.88758850097656,7724910
2025-05-06,24.01000022888184,24.8799991607666,24.01000022888184,24.8700008392334,24.671276092529297,8624400
2025-05-07,25.34000015258789,25.38999938964844,24.559999465942383,25.190000534057617,24.988719940185547,12084200
2025-05-08,25.100000381469727,25.899999618530277,25.0,25.32999992370605,25.12760162353516,9378000
2025-05-09,25.200000762939453,25.209999084472656,24.57999992370605,24.6299991607666,24.433195114135746,6700051
2025-05-12,25.0,25.239999771118164,24.76000022888184,25.15999984741211,24.95895767211914,6416850
2025-05-13,25.780000686645508,26.649999618530277,25.229999542236328,25.40999984741211,25.206960678100582,13733300
2025-05-14,25.0,26.299999237060547,24.81999969482422,26.280000686645508,26.070011138916016,17185900
2025-05-15,26.15999984741211,27.13999938964844,25.65999984741211,25.799999237060547,25.59384536743164,16689700
2025-05-16,25.209999084472656,25.84000015258789,24.86000061035156,25.100000381469727,24.899438858032227,11180050
2025-05-19,24.90999984741211,26.51000022888184,24.32999992370605,26.38999938964844,26.17913055419922,16125480
2025-05-20,26.3799991607666,27.170000076293945,26.030000686645508,26.8700008392334,26.655296325683597,16284768
2025-05-21,26.56999969482422,26.799999237060547,26.280000686645508,26.399999618530277,26.18905067443848,8865588
2025-05-22,26.200000762939453,27.1200008392334,25.8799991607666,25.899999618530277,25.69304656982422,9405601
2025-05-23,24.850000381469727,24.920000076293945,24.149999618530277,24.18000030517578,23.98678970336914,14143002
2025-05-26,24.100000381469727,24.76000022888184,24.059999465942383,24.700000762939453,24.502635955810547,6091200
2025-05-27,24.700000762939453,25.229999542236328,24.3799991607666,24.780000686645508,24.581995010375977,5715000
2025-05-28,24.81999969482422,24.940000534057617,24.07999992370605,24.18000030517578,23.98678970336914,5664252
2025-05-29,24.18000030517578,24.780000686645508,24.059999465942383,24.700000762939453,24.502635955810547,5324700
2025-05-30,24.5,24.700000762939453,23.5,23.709999084472656,23.520544052124023,7068000
2025-06-03,23.450000762939453,24.21999931335449,23.3799991607666,24.07999992370605,23.88758850097656,3926010
2025-06-04,24.09000015258789,24.43000030517578,23.799999237060547,24.420000076293945,24.224872589111328,3575300
2025-06-05,24.3700008392334,24.739999771118164,24.280000686645508,24.6200008392334,24.423274993896484,4059198
2025-06-06,24.6200008392334,24.6200008392334,23.959999084472656,24.1200008392334,24.024852752685547,4513500
2025-06-09,24.11000061035156,25.170000076293945,24.11000061035156,25.11000061035156,25.010948181152344,7880159
2025-06-10,24.899999618530277,25.31999969482422,24.290000915527344,24.959999084472656,24.86153793334961,6640465
2025-06-11,25.09000015258789,26.07999992370605,25.0,25.75,25.648422241210938,10867657
2025-06-12,25.71999931335449,27.07999992370605,25.399999618530277,26.96999931335449,26.863609313964844,23444079
2025-06-13,26.25,26.600000381469727,24.90999984741211,25.0,24.90138053894043,16440798
2025-06-16,25.0,26.100000381469727,24.700000762939453,25.8799991607666,25.777908325195312,11408201
2025-06-17,25.82999992370605,26.100000381469727,25.26000022888184,25.38999938964844,25.28984260559082,8855101
2025-06-18,25.25,25.32999992370605,24.559999465942383,24.68000030517578,24.582643508911133,8470401
2025-06-19,24.5,24.729999542236328,24.07999992370605,24.18000030517578,24.08461570739746,5734448
2025-06-20,24.18000030517578,24.25,23.59000015258789,23.61000061035156,23.516864776611328,4854800
2025-06-23,23.6299991607666,24.31999969482422,23.43000030517578,24.26000022888184,24.1643009185791,4547620
2025-06-24,24.31999969482422,24.690000534057617,24.25,24.59000015258789,24.492998123168945,4929770
2025-06-25,24.799999237060547,24.93000030517578,24.31999969482422,24.850000381469727,24.75197410583496,5851000
2025-06-26,24.780000686645508,25.100000381469727,24.440000534057617,24.520000457763672,24.423274993896484,5940007
2025-06-27,24.530000686645508,24.76000022888184,24.36000061035156,24.40999984741211,24.313709259033203,4579120
2025-06-30,24.40999984741211,25.040000915527344,24.399999618530277,25.040000915527344,24.941225051879883,6016500
2025-07-01,25.01000022888184,25.01000022888184,24.440000534057617,24.71999931335449,24.62248420715332,4868700
2025-07-02,24.71999931335449,24.71999931335449,24.100000381469727,24.280000686645508,24.184221267700195,4696390
2025-07-03,24.280000686645508,24.520000457763672,24.149999618530277,24.34000015258789,24.24398422241211,2928701
2025-07-04,24.3799991607666,24.399999618530277,23.799999237060547,23.93000030517578,23.835601806640625,4896850
2025-07-07,23.940000534057617,24.520000457763672,23.84000015258789,24.290000915527344,24.19418334960937,4203501
2025-07-08,24.299999237060547,24.5,24.190000534057617,24.459999084472656,24.363510131835938,3565670
2025-07-09,24.420000076293945,24.850000381469727,24.3799991607666,24.700000762939453,24.60256576538086,6081601
2025-07-10,24.690000534057617,24.809999465942383,24.5,24.76000022888184,24.662328720092773,4388450
2025-07-11,24.71999931335449,25.299999237060547,24.38999938964844,25.11000061035156,25.010948181152344,7873750
2025-07-14,25.0,25.07999992370605,24.5,24.6299991607666,24.53284072875977,4826100
2025-07-15,24.600000381469727,24.71999931335449,24.13999938964844,24.700000762939453,24.60256576538086,4942823
2025-07-16,24.63999938964844,25.25,24.61000061035156,24.8700008392334,24.77189445495605,6085901
2025-07-17,24.86000061035156,25.200000762939453,24.799999237060547,25.15999984741211,25.06074905395508,5351050
2025-07-18,25.100000381469727,25.270000457763672,24.88999938964844,24.950000762939453,24.85157966613769,3762329
2025-07-21,24.88999938964844,25.01000022888184,24.670000076293945,24.809999465942383,24.712129592895508,5786313
2025-07-22,24.76000022888184,25.1200008392334,24.489999771118164,24.90999984741211,24.81173515319824,6300681
2025-07-23,24.709999084472656,25.25,24.700000762939453,24.81999969482422,24.722091674804688,6514420
2025-07-24,24.899999618530277,25.100000381469727,24.76000022888184,25.100000381469727,25.000986099243164,4884001
2025-07-25,25.209999084472656,25.290000915527344,25.020000457763672,25.100000381469727,25.000986099243164,7055350
2025-07-28,25.09000015258789,25.26000022888184,24.770000457763672,25.200000762939453,25.10059356689453,5087350
2025-07-29,25.100000381469727,25.190000534057617,24.700000762939453,25.0,24.90138053894043,5752151
2025-07-30,24.90999984741211,25.1200008392334,24.450000762939453,24.729999542236328,24.6324462890625,6065257
2025-07-31,24.61000061035156,25.899999618530277,24.61000061035156,25.3700008392334,25.269922256469727,17004432
2025-08-01,25.5,25.90999984741211,25.100000381469727,25.88999938964844,25.78787040710449,12070587
2025-08-04,25.549999237060547,25.770000457763672,25.350000381469727,25.739999771118164,25.63846206665039,6641735
2025-08-05,25.700000762939453,25.82999992370605,25.350000381469727,25.6299991607666,25.52889442443848,5781000
2025-08-06,25.5,25.93000030517578,25.32999992370605,25.82999992370605,25.728107452392575,6248372
2025-08-07,25.959999084472656,26.479999542236328,25.82999992370605,26.280000686645508,26.176332473754883,11568876
2025-08-08,26.209999084472656,26.209999084472656,25.32999992370605,25.6200008392334,25.51893615722656,8944521
2025-08-11,25.5,25.950000762939453,25.399999618530277,25.809999465942383,25.70818519592285,6727907
2025-08-12,25.899999618530277,26.670000076293945,25.82999992370605,26.34000015258789,26.2360954284668,11064062
2025-08-13,26.36000061035156,30.899999618530277,26.280000686645508,29.0,28.885602951049805,33114054
2025-08-14,29.21999931335449,29.3700008392334,27.84000015258789,28.43000030517578,28.31785011291504,20414442
2025-08-15,28.31999969482422,29.739999771118164,28.040000915527344,29.299999237060547,29.18441772460937,20151700
2025-08-18,29.200000762939453,29.209999084472656,28.709999084472656,28.899999618530277,28.78599548339844,16024161
2025-08-19,28.920000076293945,29.450000762939453,28.450000762939453,28.540000915527344,28.427417755126957,14044500
2025-08-20,28.5,28.649999618530277,28.09000015258789,28.6299991607666,28.517061233520508,8713391
2025-08-21,28.61000061035156,28.790000915527344,28.100000381469727,28.40999984741211,28.297929763793945,7390234
2025-08-22,28.270000457763672,28.6299991607666,28.15999984741211,28.57999992370605,28.46725845336914,6514055
2025-08-25,28.479999542236328,29.549999237060547,28.3799991607666,29.25,29.13461685180664,14066836
2025-08-26,29.350000381469727,30.46999931335449,29.09000015258789,30.07999992370605,29.96134185791016,17684608
2025-08-27,30.399999618530277,31.40999984741211,29.059999465942383,29.100000381469727,28.98520851135254,21664985
2025-08-28,28.790000915527344,29.56999969482422,28.100000381469727,29.399999618530277,29.28402328491211,15270499
2025-08-29,30.13999938964844,30.540000915527344,29.600000381469727,29.76000022888184,29.64260482788086,13519371
2025-09-01,29.959999084472656,31.280000686645508,29.86000061035156,30.5,30.379684448242188,12244039
2025-09-02,30.5,30.540000915527344,28.88999938964844,29.170000076293945,29.054931640625,10132151
2025-09-03,29.21999931335449,29.57999992370605,28.459999084472656,28.489999771118164,28.377613067626957,6844210
2025-09-04,28.5,29.07999992370605,27.420000076293945,28.11000061035156,27.999113082885746,8552422
2025-09-05,28.26000022888184,30.46999931335449,27.770000457763672,30.32999992370605,30.210355758666992,15338495
2025-09-08,29.290000915527344,30.32999992370605,29.18000030517578,30.149999618530277,30.031064987182617,11197900
2025-09-09,30.0,33.470001220703125,29.8799991607666,32.72999954223633,32.600887298583984,30148154
2025-09-10,32.11000061035156,33.79999923706055,32.0,32.220001220703125,32.092899322509766,20988663
2025-09-11,32.130001068115234,32.380001068115234,31.1299991607666,31.6200008392334,31.495267868041992,14632268
2025-09-12,31.65999984741211,32.599998474121094,30.899999618530277,31.11000061035156,30.987279891967773,13562650
2025-09-15,31.11000061035156,31.729999542236328,30.799999237060547,31.239999771118164,31.11676597595215,10872560
2025-09-16,31.26000022888184,32.939998626708984,30.88999938964844,32.900001525878906,32.77021789550781,21393828
2025-09-17,32.5,34.29999923706055,32.25,32.939998626708984,32.81005859375,19666294
2025-09-18,33.0,33.880001068115234,31.399999618530277,32.0,31.873767852783203,16319671
2025-09-19,31.82999992370605,32.9900016784668,31.670000076293945,32.650001525878906,32.52120590209961,14009840
2025-09-22,33.0099983215332,33.040000915527344,31.149999618530277,31.51000022888184,31.38570022583008,12887587
2025-09-23,31.030000686645508,31.459999084472656,29.6299991607666,30.3700008392334,30.25019836425781,11952904
2025-09-24,30.01000022888184,30.68000030517578,29.809999465942383,30.559999465942383,30.4394474029541,6846553
2025-09-25,30.59000015258789,36.66999816894531,30.540000915527344,34.45000076293945,34.31410217285156,48186273
2025-09-26,33.790000915527344,34.209999084472656,32.900001525878906,33.25,33.11883544921875,32162604
2025-09-29,33.0099983215332,34.650001525878906,32.720001220703125,34.34000015258789,34.20453643798828,24292670
2025-09-30,34.52000045776367,35.540000915527344,33.79999923706055,35.0,34.861934661865234,23006940
2025-10-09,34.619998931884766,35.0,33.75,34.2400016784668,34.10493469238281,15858414
2025-10-10,33.9900016784668,34.22999954223633,33.45000076293945,33.65999984741211,33.527217864990234,11339602
2025-10-13,31.459999084472656,33.45000076293945,31.09000015258789,32.540000915527344,32.41164016723633,12552751
2025-10-14,33.79999923706055,33.79999923706055,31.6200008392334,31.93000030517578,31.804044723510746,10024779
2025-10-15,31.959999084472656,34.68000030517578,31.959999084472656,34.41999816894531,34.284217834472656,19896786
2025-10-16,34.0,34.5,33.650001525878906,33.86000061035156,33.72643280029297,11875654
2025-10-17,33.86000061035156,35.0,32.5,32.70000076293945,32.571006774902344,13203925
2025-10-20,33.41999816894531,34.290000915527344,32.88999938964844,33.310001373291016,33.1786003112793,11489201
2025-10-21,33.54999923706055,33.65999984741211,30.399999618530277,31.059999465942383,30.937475204467773,22550927
2025-10-22,30.65999984741211,31.07999992370605,30.26000022888184,30.40999984741211,30.2900390625,9745198
2025-10-23,30.399999618530277,30.549999237060547,28.71999931335449,29.34000015258789,29.224260330200195,12971799
2025-10-24,29.489999771118164,29.68000030517578,29.270000457763672,29.600000381469727,29.48323631286621,7732148
2025-10-27,29.780000686645508,30.280000686645508,29.43000030517578,29.8700008392334,29.75217056274414,8215001
2025-10-28,29.770000457763672,30.6299991607666,29.559999465942383,30.0,29.88165664672852,9528652
2025-10-29,29.809999465942383,30.100000381469727,29.209999084472656,30.100000381469727,29.981264114379883,7827846
2025-10-30,30.149999618530277,30.200000762939453,29.209999084472656,29.21999931335449,29.104734420776367,6989600
2025-10-31,29.32999992370605,31.34000015258789,29.32999992370605,30.530000686645508,30.40956687927246,12832072
2025-11-03,30.61000061035156,30.950000762939453,30.229999542236328,30.700000762939453,30.57889747619629,8532980
2025-11-04,30.51000022888184,30.51000022888184,29.530000686645508,29.84000015258789,29.722288131713867,7307477
2025-11-05,29.43000030517578,29.780000686645508,29.100000381469727,29.6200008392334,29.503156661987305,5766427
2025-11-06,29.59000015258789,29.649999618530277,28.75,29.350000381469727,29.23422241210937,7080831
2025-11-07,29.190000534057617,29.190000534057617,28.399999618530277,28.65999984741211,28.54694366455078,6528350
2025-11-10,28.5,29.38999938964844,28.5,29.31999969482422,29.2043399810791,5582226
2025-11-11,29.18000030517578,29.309999465942383,28.5,28.71999931335449,28.60670661926269,5360650
2025-11-12,28.86000061035156,28.920000076293945,28.13999938964844,28.399999618530277,28.28796768188477,4639912
2025-11-13,28.489999771118164,29.979999542236328,28.13999938964844,29.709999084472656,29.59280014038086,10644550
2025-11-14,28.899999618530277,29.57999992370605,28.3799991607666,28.420000076293945,28.30788993835449,9622501
2025-11-17,28.11000061035156,28.950000762939453,27.809999465942383,28.86000061035156,28.74615478515625,7768500
2025-11-18,28.63999938964844,31.450000762939453,28.600000381469727,30.549999237060547,30.429487228393555,23853872
2025-11-19,31.0,31.76000022888184,29.959999084472656,31.059999465942383,30.937475204467773,20055963
2025-11-20,31.0,31.0,29.959999084472656,30.049999237060547,29.931459426879883,12569865
2025-11-21,29.38999938964844,30.96999931335449,28.700000762939453,30.100000381469727,29.981264114379883,16884045
2025-11-24,30.459999084472656,32.56999969482422,29.5,32.09000015258789,31.96341323852539,25818768
2025-11-25,32.099998474121094,33.38999938964844,32.0,32.560001373291016,32.43156051635742,25900828
2025-11-26,32.459999084472656,34.099998474121094,32.349998474121094,32.689998626708984,32.56104278564453,21937279
2025-11-27,32.5,32.689998626708984,31.3799991607666,31.459999084472656,31.33589744567871,13807870
2025-11-28,31.34000015258789,32.279998779296875,31.01000022888184,31.350000381469727,31.22633171081543,10059885
2025-12-01,31.26000022888184,31.290000915527344,30.32999992370605,30.649999618530277,30.52909278869629,10217850
2025-12-02,30.649999618530277,30.68000030517578,29.899999618530277,29.979999542236328,29.861736297607425,7166180
2025-12-03,29.8700008392334,29.96999931335449,28.739999771118164,29.020000457763672,28.9055233001709,8134400
2025-12-04,28.700000762939453,28.920000076293945,28.030000686645508,28.06999969482422,27.95927047729492,7600750
2025-12-05,28.0,28.540000915527344,27.71999931335449,28.440000534057617,28.32781219482422,6580951
2025-12-08,28.290000915527344,28.8799991607666,28.200000762939453,28.75,28.63658905029297,6557958
2025-12-09,28.57999992370605,28.979999542236328,28.31999969482422,28.40999984741211,28.297929763793945,5216700
2025-12-10,28.56999969482422,28.950000762939453,28.200000762939453,28.399999618530277,28.28796768188477,5858297
2025-12-11,28.450000762939453,28.68000030517578,27.3700008392334,27.3799991607666,27.271991729736328,6913700
2025-12-12,27.299999237060547,28.18000030517578,27.239999771118164,27.940000534057617,27.829784393310547,5727600
2025-12-15,27.71999931335449,27.88999938964844,27.309999465942383,27.38999938964844,27.281951904296875,4087300
2025-12-16,27.34000015258789,28.11000061035156,27.25,27.6299991607666,27.521005630493164,6718252
2025-12-17,27.31999969482422,27.989999771118164,26.770000457763672,27.989999771118164,27.87958526611328,5864606
2025-12-18,27.59000015258789,28.149999618530277,27.43000030517578,27.68000030517578,27.570810317993164,4295141
2025-12-19,27.809999465942383,28.649999618530277,27.690000534057617,28.3799991607666,28.268047332763672,6165391
2025-12-22,28.600000381469727,28.770000457763672,28.209999084472656,28.420000076293945,28.30788993835449,5854725
2025-12-23,28.280000686645508,28.290000915527344,27.5,27.59000015258789,27.481164932250977,5349458
2025-12-24,26.5,26.8700008392334,26.020000457763672,26.8700008392334,26.764005661010746,9808910
2025-12-25,26.799999237060547,27.18000030517578,26.739999771118164,27.1200008392334,27.013019561767575,4709468
2025-12-26,27.020000457763672,27.229999542236328,26.76000022888184,26.809999465942383,26.704240798950195,4749090
2025-12-29,26.700000762939453,26.950000762939453,26.5,26.6299991607666,26.52495002746582,4230182
2025-12-30,26.549999237060547,27.38999938964844,26.530000686645508,27.309999465942383,27.202268600463867,6620990
2025-12-31,27.31999969482422,28.479999542236328,27.309999465942383,28.309999465942383,28.19832420349121,9523738
2026-01-05,28.11000061035156,29.940000534057617,27.979999542236328,29.84000015258789,29.722288131713867,15201306
2026-01-06,29.61000061035156,29.950000762939453,29.350000381469727,29.59000015258789,29.47327423095703,7910115
2026-01-07,30.1299991607666,30.770000457763672,29.549999237060547,29.770000457763672,29.652565002441406,7150628
2026-01-08,29.65999984741211,34.20000076293945,29.489999771118164,33.0,32.86982345581055,23109740
2026-01-09,32.810001373291016,35.720001220703125,32.70000076293945,35.150001525878906,35.01134490966797,23732328
2026-01-12,37.2400016784668,42.18000030517578,37.0,42.18000030517578,42.01361083984375,36296407
2026-01-13,45.0099983215332,49.52000045776367,40.90999984741211,41.08000183105469,40.91794967651367,51875706
2026-01-14,40.40999984741211,49.29999923706055,40.40999984741211,49.29999923706055,49.10552215576172,52816647
2026-01-15,45.36000061035156,46.4900016784668,42.36000061035156,43.970001220703125,43.79655075073242,35490476
2026-01-16,43.880001068115234,46.40999984741211,41.400001525878906,45.52000045776367,45.34043502807617,39783361
2026-01-19,44.540000915527344,45.31999969482422,41.52999877929688,42.25,42.08333587646485,23887967
2026-01-20,42.25,42.95000076293945,40.02999877929688,41.130001068115234,40.96775436401367,20451053
2026-01-21,40.34000015258789,41.900001525878906,40.11000061035156,40.43999862670898,40.28047180175781,15000453
2026-01-22,39.900001525878906,41.47999954223633,39.880001068115234,41.06999969482422,40.907989501953125,12518477
2026-01-23,41.560001373291016,42.209999084472656,40.70000076293945,41.130001068115234,40.96775436401367,17569546
2026-01-26,41.72999954223633,42.380001068115234,39.90999984741211,40.630001068115234,40.4697265625,13345146
2026-01-27,40.7599983215332,41.65999984741211,39.59999847412109,40.900001525878906,40.73866271972656,14771702
2026-01-28,40.0099983215332,41.58000183105469,40.0099983215332,40.310001373291016,40.1509895324707,12656551
2026-01-29,39.900001525878906,46.43000030517578,39.5,42.68000030517578,42.51163864135742,31028499
2026-01-30,42.970001220703125,43.369998931884766,41.459999084472656,42.68999862670898,42.52159881591797,19084518
2026-02-02,42.47999954223633,44.93000030517578,41.91999816894531,44.40999984741211,44.23481369018555,21742620
2026-02-03,43.970001220703125,46.04999923706055,43.29999923706055,46.0,45.81854248046875,23343242
2026-02-04,45.0099983215332,45.02000045776367,40.650001525878906,42.060001373291016,41.89408493041992,19795575
2026-02-05,40.83000183105469,43.619998931884766,40.810001373291016,42.59000015258789,42.421993255615234,11460399
2026-02-06,41.25,43.97999954223633,39.97999954223633,42.2599983215332,42.093292236328125,11493093
2026-02-09,44.0,49.900001525878906,42.0,48.369998931884766,48.17919158935547,28810721
2026-02-10,47.02000045776367,51.59999847412109,46.02000045776367,49.45000076293945,49.25493240356445,26574228
2026-02-11,48.40999984741211,49.0,45.709999084472656,46.75,46.56558227539063,20381852
2026-02-12,46.09999847412109,49.38999938964844,45.56999969482422,48.9900016784668,48.79674911499024,18404299
2026-02-13,48.0,49.29999923706055,46.09999847412109,46.380001068115234,46.197044372558594,11861163
2026-02-24,46.02999877929688,46.02999877929688,41.68999862670898,42.400001525878906,42.23274230957031,11998547
2026-02-25,42.68000030517578,42.970001220703125,41.720001220703125,42.150001525878906,41.98373031616211,9207372
2026-02-26,42.13999938964844,42.380001068115234,40.68000030517578,40.810001373291016,40.649017333984375,12203863
2026-02-27,41.0,42.25,40.70000076293945,42.2400016784668,42.0733757019043,9726834
2026-03-02,41.79999923706055,42.970001220703125,41.02999877929688,41.869998931884766,41.70483016967773,9525877
2026-03-03,41.70000076293945,41.869998931884766,37.83000183105469,38.04999923706055,37.89990234375,13092206
2026-03-04,37.43999862670898,38.70000076293945,37.43999862670898,38.15999984741211,38.00946807861328,6022490
2026-03-05,38.95000076293945,39.11000061035156,37.88999938964844,38.27000045776367,38.11903381347656,5639251
2026-03-06,38.27000045776367,38.5,37.84999847412109,38.22999954223633,38.079193115234375,5336928
2026-03-09,37.54999923706055,39.68000030517578,37.5,39.33000183105469,39.17485427856445,8308278
2026-03-10,39.36000061035156,40.5,39.20000076293945,39.52000045776367,39.364105224609375,7588400
2026-03-11,39.68000030517578,39.7599983215332,38.45000076293945,38.86000061035156,38.70670700073242,6895601
2026-03-12,38.68000030517578,38.84000015258789,37.7400016784668,38.02000045776367,37.87002182006836,4923410
2026-03-13,37.810001373291016,38.13999938964844,36.959999084472656,37.150001525878906,37.00345230102539,4891350
2026-03-16,36.93999862670898,38.47999954223633,36.900001525878906,38.380001068115234,38.22859954833984,6427845
2026-03-17,38.400001525878906,38.560001373291016,37.16999816894531,37.310001373291016,37.16282272338867,3904985
2026-03-18,37.310001373291016,38.15999984741211,37.09999847412109,38.09000015258789,37.93974304199219,3648902
2026-03-19,37.75,37.86000061035156,36.880001068115234,37.43999862670898,37.29230880737305,4712000
2026-03-20,37.5099983215332,37.650001525878906,35.470001220703125,35.61000061035156,35.46952819824219,7603294
2026-03-23,34.970001220703125,35.08000183105469,32.91999816894531,33.060001373291016,32.929588317871094,8268602
2026-03-24,33.779998779296875,34.08000183105469,33.09000015258789,33.880001068115234,33.74635314941406,4932584
2026-03-25,33.900001525878906,34.68000030517578,33.81999969482422,34.58000183105469,34.4435920715332,4699081
2026-03-26,34.56999969482422,34.869998931884766,33.63999938964844,33.91999816894531,33.78619384765625,3958958
2026-03-27,33.25,34.279998779296875,33.20000076293945,34.0,33.86587905883789,4667784
2026-03-30,33.54999923706055,34.29999923706055,33.220001220703125,33.95000076293945,33.81607818603516,4183100
2026-03-31,33.900001525878906,34.650001525878906,33.619998931884766,33.68000030517578,33.547142028808594,4514950
2026-04-01,34.349998474121094,34.54999923706055,33.77000045776367,34.279998779296875,34.144771575927734,4509300
2026-04-02,34.0,34.689998626708984,33.290000915527344,33.470001220703125,33.33797073364258,4935981
2026-04-03,33.470001220703125,33.86000061035156,32.060001373291016,32.060001373291016,31.93353271484375,4729200
2026-04-07,32.72999954223633,35.11000061035156,32.72999954223633,34.650001525878906,34.5133171081543,12251000
2026-04-08,35.33000183105469,36.4900016784668,34.650001525878906,36.27000045776367,36.12692260742188,15428500
2026-04-09,35.599998474121094,35.72999954223633,34.72999954223633,35.060001373291016,34.92169952392578,8489854
2026-04-10,35.209999084472656,35.86000061035156,35.04999923706055,35.25,35.11094665527344,5876800
2026-04-13,34.95000076293945,35.099998474121094,34.529998779296875,34.95000076293945,34.812129974365234,5593106
2026-04-14,35.310001373291016,35.86000061035156,34.939998626708984,35.40999984741211,35.27031707763672,5360072
2026-04-15,35.68000030517578,35.68000030517578,34.56999969482422,34.790000915527344,34.65276336669922,5059171
2026-04-16,34.790000915527344,36.0,34.790000915527344,35.79999923706055,35.658775329589844,7281977
2026-04-17,35.77000045776367,35.95000076293945,35.2599983215332,35.70000076293945,35.559173583984375,5326170
2026-04-20,35.529998779296875,37.34999847412109,35.29999923706055,37.040000915527344,36.89388656616211,9117800
2026-04-21,36.52999877929688,37.0099983215332,35.869998931884766,36.18000030517578,36.03727722167969,5993295
2026-04-22,35.880001068115234,36.08000183105469,35.33000183105469,36.06999969482422,35.927711486816406,4488706
2026-04-23,35.83000183105469,36.47999954223633,35.209999084472656,35.650001525878906,35.50937271118164,5341159
2026-04-24,35.369998931884766,35.59000015258789,34.45000076293945,35.06999969482422,34.93165588378906,4724335
2026-04-27,35.20000076293945,35.33000183105469,34.13999938964844,35.099998474121094,34.9615364074707,4200127
2026-04-28,34.90999984741211,35.0,33.34000015258789,33.56999969482422,33.43757247924805,5840250
2026-04-29,33.79999923706055,34.880001068115234,33.380001068115234,34.38999938964844,34.25434112548828,4599075
2026-04-30,34.45000076293945,34.900001525878906,34.29999923706055,34.77000045776367,34.632843017578125,3778850
2026-05-06,35.0099983215332,36.08000183105469,34.970001220703125,35.4900016784668,35.35000228881836,6077487
2026-05-07,35.5,36.880001068115234,35.400001525878906,36.56999969482422,36.56999969482422,8372014
2026-05-08,36.68999862670898,37.84999847412109,36.20000076293945,36.400001525878906,36.400001525878906,11211716
2026-05-11,36.2599983215332,37.400001525878906,36.0,37.18000030517578,37.18000030517578,10229100
2026-05-12,37.380001068115234,37.79999923706055,36.25,36.34000015258789,36.34000015258789,6995501
2026-05-13,36.27999877929688,36.9900016784668,35.79999923706055,36.869998931884766,36.869998931884766,6716704
2026-05-14,37.119998931884766,37.54999923706055,35.08000183105469,35.11000061035156,35.11000061035156,7177200
2026-05-15,35.189998626708984,36.790000915527344,35.0,35.279998779296875,35.279998779296875,8295001
2026-05-18,34.880001068115234,37.79999923706055,34.54999923706055,37.02999877929688,37.02999877929688,10871300
2026-05-19,37.02999877929688,38.720001220703125,36.59999847412109,38.34000015258789,38.34000015258789,14111489
2026-05-20,37.77999877929688,38.27999877929688,37.130001068115234,37.31999969482422,37.31999969482422,8001030
2026-05-21,37.5,38.9900016784668,35.84000015258789,35.93000030517578,35.93000030517578,12204428
2026-05-22,36.0,36.43000030517578,34.630001068115234,35.380001068115234,35.380001068115234,8402626
2026-05-25,35.61000061035156,36.36000061035156,33.7400016784668,34.38999938964844,34.38999938964844,8161900
2026-05-26,34.040000915527344,34.20000076293945,32.20000076293945,32.720001220703125,32.720001220703125,7373316
2026-05-27,33.0,33.06999969482422,31.399999618530277,31.61000061035156,31.61000061035156,6312500
2026-05-28,31.690000534057617,31.8799991607666,30.40999984741211,31.399999618530277,31.399999618530277,5188400
2026-05-29,31.700000762939453,32.18000030517578,30.600000381469727,30.670000076293945,30.670000076293945,5857900
2026-06-01,31.190000534057617,36.79999923706055,30.709999084472656,35.65999984741211,35.65999984741211,20218914
2026-06-02,36.08000183105469,36.08000183105469,34.029998779296875,34.540000915527344,34.540000915527344,13854731
2026-06-03,34.099998474121094,35.040000915527344,33.2599983215332,33.59000015258789,33.59000015258789,9146240
2026-06-04,33.33000183105469,34.25,32.5,32.900001525878906,32.900001525878906,6640653
2026-06-05,33.36000061035156,33.560001373291016,31.799999237060547,32.52000045776367,32.52000045776367,6693691
2026-06-08,31.059999465942383,32.43000030517578,30.8799991607666,31.36000061035156,31.36000061035156,6030750
2026-06-09,31.6299991607666,31.790000915527344,30.5,31.3700008392334,31.3700008392334,5614200
2026-06-10,31.0,31.299999237060547,29.309999465942383,29.899999618530277,29.899999618530277,6199323
2026-06-11,29.520000457763672,29.63999938964844,28.399999618530277,28.82999992370605,28.82999992370605,5161752
2026-06-12,29.3700008392334,29.739999771118164,28.899999618530277,29.15999984741211,29.15999984741211,4079730
2026-06-15,29.5,30.25,29.399999618530277,29.959999084472656,29.959999084472656,4127950
2026-06-16,30.690000534057617,31.07999992370605,29.71999931335449,29.770000457763672,29.770000457763672,5093650
2026-06-17,29.6200008392334,29.68000030517578,29.1299991607666,29.32999992370605,29.32999992370605,3810458
2026-06-18,29.649999618530277,30.100000381469727,28.780000686645508,29.8799991607666,29.8799991607666,4641440
2026-06-22,29.799999237060547,30.46999931335449,28.88999938964844,30.450000762939453,30.450000762939453,5506491
2026-06-23,30.100000381469727,30.32999992370605,28.790000915527344,28.88999938964844,28.88999938964844,5814292
2026-06-24,28.690000534057617,29.06999969482422,28.049999237060547,28.309999465942383,28.309999465942383,5129051
2026-06-25,27.989999771118164,28.5,26.90999984741211,27.1299991607666,27.1299991607666,6857157
2026-06-26,26.729999542236328,27.100000381469727,25.200000762939453,25.3799991607666,25.3799991607666,9529499
2026-06-29,25.5,25.81999969482422,25.0,25.440000534057617,25.440000534057617,5287100
2026-06-30,25.600000381469727,26.3700008392334,25.25,25.940000534057617,25.940000534057617,4586300
2026-07-01,25.93000030517578,27.280000686645508,25.790000915527344,26.799999237060547,26.799999237060547,5501752
2026-07-02,27.34000015258789,28.5,26.299999237060547,26.51000022888184,26.51000022888184,8790368
2026-07-03,26.31999969482422,26.65999984741211,25.850000381469727,26.21999931335449,26.21999931335449,6339651
2026-07-06,25.989999771118164,26.459999084472656,25.31999969482422,25.3799991607666,25.3799991607666,4517251
2026-07-07,25.51000022888184,25.6299991607666,24.420000076293945,24.559999465942383,24.559999465942383,4082551
2026-07-08,24.65999984741211,24.780000686645508,24.0,24.0,24.0,6083902
2026-07-09,23.899999618530277,24.6200008392334,23.540000915527344,24.32999992370605,24.32999992370605,5240251
2026-07-10,24.299999237060547,25.8700008392334,23.81999969482422,24.950000762939453,24.950000762939453,7303440
2026-07-13,24.850000381469727,25.049999237060547,23.34000015258789,23.3700008392334,23.3700008392334,6174600
2026-07-14,23.299999237060547,23.530000686645508,22.3700008392334,22.799999237060547,22.799999237060547,6757651
2026-07-15,23.06999969482422,23.790000915527344,22.799999237060547,23.15999984741211,23.15999984741211,7346250
2026-07-16,22.899999618530277,24.06999969482422,22.81999969482422,23.729999542236328,23.729999542236328,7846600
2026-07-17,23.59000015258789,24.3700008392334,22.21999931335449,22.38999938964844,22.38999938964844,9114950
2026-07-20,22.440000534057617,23.200000762939453,21.540000915527344,22.15999984741211,22.15999984741211,7899729
2026-07-21,22.350000381469727,22.729999542236328,20.940000534057617,22.57999992370605,22.57999992370605,7706000
2026-07-22,22.18000030517578,22.540000915527344,21.770000457763672,21.8799991607666,21.8799991607666,4959697
2026-07-23,21.700000762939453,22.280000686645508,21.690000534057617,22.280000686645508,22.280000686645508,4540252
2026-07-24,22.01000022888184,22.149999618530277,21.34000015258789,21.420000076293945,21.420000076293945,4096700
2026-07-27,21.57999992370605,22.68000030517578,21.31999969482422,22.63999938964844,22.63999938964844,6045050
2026-07-28,22.600000381469727,23.270000457763672,22.36000061035156,22.86000061035156,22.86000061035156,4947400
2026-07-29,23.100000381469727,23.280000686645508,22.520000457763672,23.100000381469727,23.100000381469727,6125117
2026-07-30,23.25,23.68000030517578,22.6299991607666,22.75,22.75,7141794
2026-07-31,22.68000030517578,25.690000534057617,22.600000381469727,24.549999237060547,24.549999237060547,14882924
2026-08-03,24.600000381469727,25.09000015258789,24.200000762939453,24.270000457763672,24.270000457763672,11460657
2026-08-04,24.68000030517578,25.75,24.420000076293945,25.5,25.5,13891780
2026-08-05,25.06999969482422,26.25,25.06999969482422,25.899999618530277,25.899999618530277,12169500
2026-08-06,25.729999542236328,26.57999992370605,25.09000015258789,25.43000030517578,25.43000030517578,11571250
2026-08-07,25.309999465942383,25.479999542236328,24.46999931335449,25.239999771118164,25.239999771118164,9155000
2026-08-10,25.6200008392334,25.68000030517578,24.760000228881836,25.290000915527344,25.290000915527344,5960900
2026-08-11,25.31999969482422,25.489999771118164,24.850000381469727,25.0,25.0,4705600
2026-08-12,25.0,25.850000381469727,24.829999923706055,25.5,25.5,6844501
2026-08-13,25.389999389648438,26.110000610351562,24.979999542236328,25.0,25.0,7953400
2026-08-14,24.979999542236328,25.350000381469727,24.31999969482422,24.81999969482422,24.81999969482422,6407988
