Date,Open,High,Low,Close,Adj Close,Volume
2021-08-16,42.08333206176758,43.28703689575195,41.46296310424805,42.74536895751953,40.293357849121094,2051784
2021-08-17,42.71759033203125,42.72222137451172,41.703704833984375,41.71759033203125,39.32453536987305,1625335
2021-08-18,41.657405853271484,42.453704833984375,41.518516540527344,41.88888931274414,39.48600387573242,1069107
2021-08-19,41.666664123535156,41.94444274902344,41.3796272277832,41.48611068725586,39.10633087158203,902664
2021-08-20,41.435184478759766,41.60185241699219,40.546295166015625,40.7546272277832,38.416812896728516,1061363
2021-08-23,40.90277862548828,42.578704833984375,40.77777862548828,42.439815521240234,40.00532913208008,1767407
2021-08-24,41.921295166015625,41.921295166015625,40.935184478759766,41.25925827026367,38.892494201660156,2514371
2021-08-25,41.64814758300781,41.64814758300781,41.203704833984375,41.28703689575195,38.918678283691406,954072
2021-08-26,41.574073791503906,43.041664123535156,41.48147964477539,42.01388931274414,39.60383987426758,2130246
2021-08-27,41.98147964477539,42.5,41.324073791503906,41.643516540527344,39.25471115112305,1302773
2021-08-30,41.61574172973633,41.71759033203125,40.98611068725586,41.0,38.64810562133789,1145718
2021-08-31,41.0,41.38888931274414,40.53703689575195,40.76388931274414,38.425540924072266,775928
2021-09-01,40.6805534362793,42.5,40.435184478759766,41.550926208496094,39.16743087768555,1381536
2021-09-02,41.550926208496094,42.08333206176758,40.99536895751953,41.74074172973633,39.34635543823242,1085654
2021-09-03,41.532405853271484,42.00925827026367,41.50925827026367,41.578704833984375,39.1936149597168,943475
2021-09-06,41.666664123535156,41.98611068725586,41.518516540527344,41.88425827026367,39.48164367675781,918000
2021-09-07,41.88425827026367,42.27777862548828,41.77314758300781,42.046295166015625,39.63438034057617,1078773
2021-09-08,42.22222137451172,42.22222137451172,41.81944274902344,42.074073791503906,39.66056823730469,1193832
2021-09-09,42.08333206176758,42.7546272277832,41.949073791503906,42.546295166015625,40.1057014465332,1912464
2021-09-10,42.550926208496094,42.73147964477539,41.90277862548828,41.907405853271484,39.50345993041992,1420662
2021-09-13,41.85185241699219,42.19444274902344,41.85185241699219,41.91203689575195,39.50782775878906,803088
2021-09-14,41.85185241699219,42.1296272277832,41.157405853271484,41.16203689575195,38.80084991455078,1141560
2021-09-15,41.185184478759766,41.439815521240234,41.08333206176758,41.23147964477539,38.86630630493164,652536
2021-09-16,41.14814758300781,41.425926208496094,40.65277862548828,40.65277862548828,38.320804595947266,952614
2021-09-17,40.74074172973633,40.935184478759766,40.5555534362793,40.76388931274414,38.425540924072266,540885
2021-09-22,40.34259033203125,40.63425827026367,40.046295166015625,40.22222137451172,37.914947509765625,701136
2021-09-23,40.33796310424805,40.50925827026367,40.300926208496094,40.47685241699219,38.154964447021484,509133
2021-09-24,40.47685241699219,40.63888931274414,40.046295166015625,40.143516540527344,37.840755462646484,538915
2021-09-27,40.14814758300781,40.37036895751953,39.393516540527344,39.48147964477539,37.21669006347656,816259
2021-09-28,39.14814758300781,39.20833206176758,38.939815521240234,39.02314758300781,37.30964660644531,287712
2021-09-29,38.97685241699219,38.97685241699219,38.203704833984375,38.203704833984375,36.526187896728516,667224
2021-09-30,38.23611068725586,38.72222137451172,38.23611068725586,38.38425827026367,36.69881057739258,381240
2021-10-08,38.564815521240234,38.83333206176758,38.564815521240234,38.74074172973633,37.039642333984375,322920
2021-10-11,38.657405853271484,38.81944274902344,38.58796310424805,38.75,37.048492431640625,292256
2021-10-12,38.73611068725586,38.74536895751953,37.96759033203125,38.13888931274414,36.46421432495117,695100
2021-10-13,38.13888931274414,38.37036895751953,37.88425827026367,38.34259033203125,36.658973693847656,404246
2021-10-14,38.328704833984375,38.425926208496094,38.09722137451172,38.25,36.5704460144043,361899
2021-10-15,38.27777862548828,38.421295166015625,38.16203689575195,38.2546272277832,36.57487106323242,291699
2021-10-18,38.3796272277832,38.5555534362793,37.96296310424805,38.0555534362793,36.38453674316406,411264
2021-10-19,38.0555534362793,38.24074172973633,38.0555534362793,38.13425827026367,36.45978927612305,419675
2021-10-20,38.24074172973633,38.2546272277832,37.893516540527344,37.916664123535156,36.25175094604492,425736
2021-10-21,37.91203689575195,38.032405853271484,37.77777862548828,37.98611068725586,36.318145751953125,523229
2021-10-22,37.939815521240234,38.518516540527344,37.63425827026367,38.143516540527344,36.4686393737793,642461
2021-10-25,37.89814758300781,38.0,37.685184478759766,37.77777862548828,36.118961334228516,467069
2021-10-26,37.90277862548828,37.91203689575195,37.63888931274414,37.703704833984375,36.04813766479492,460296
2021-10-27,37.314815521240234,37.328704833984375,36.38888931274414,36.47685241699219,34.875160217285156,1101600
2021-10-28,36.203704833984375,36.40277862548828,34.95833206176758,35.03703689575195,33.49856948852539,1018012
2021-10-29,35.09722137451172,35.703704833984375,35.03703689575195,35.425926208496094,33.87037658691406,437400
2021-11-01,34.91203689575195,35.71759033203125,34.91203689575195,35.64814758300781,34.08284378051758,507168
2021-11-02,35.5,35.925926208496094,34.87036895751953,34.9305534362793,33.396759033203125,719712
2021-11-03,35.171295166015625,36.782405853271484,35.09722137451172,36.157405853271484,34.56973648071289,893449
2021-11-04,35.98147964477539,36.19444274902344,35.703704833984375,35.83796310424805,34.26432418823242,547560
2021-11-05,35.63425827026367,36.0046272277832,35.63425827026367,35.75,34.18022537231445,444528
2021-11-08,35.69444274902344,36.0046272277832,35.65277862548828,35.824073791503906,34.25104522705078,292248
2021-11-09,35.96296310424805,36.33333206176758,35.84259033203125,36.23611068725586,34.644989013671875,466886
2021-11-10,36.23611068725586,36.25925827026367,35.8796272277832,36.15277862548828,34.56531524658203,424656
2021-11-11,36.15277862548828,36.8055534362793,36.15277862548828,36.675926208496094,35.06549072265625,798552
2021-11-12,36.828704833984375,37.064815521240234,36.38425827026367,36.953704833984375,35.33107376098633,849960
2021-11-15,37.625,37.63888931274414,36.98611068725586,37.291664123535156,35.65419387817383,807408
2021-11-16,37.5,37.58796310424805,36.84259033203125,36.84259033203125,35.22483825683594,713664
2021-11-17,36.657405853271484,37.189815521240234,36.58333206176758,37.03703689575195,35.41074752807617,436536
2021-11-18,37.08796310424805,37.157405853271484,36.48611068725586,36.50925827026367,34.90614318847656,632016
2021-11-19,36.574073791503906,36.800926208496094,36.38888931274414,36.699073791503906,35.087623596191406,385560
2021-11-22,36.810184478759766,36.86111068725586,36.62036895751953,36.7546272277832,35.1407356262207,379617
2021-11-23,36.89814758300781,36.89814758300781,36.64814758300781,36.796295166015625,35.180572509765625,526824
2021-11-24,36.796295166015625,37.689815521240234,36.72222137451172,37.5555534362793,35.906497955322266,1304646
2021-11-25,37.875,37.875,37.27314758300781,37.46759033203125,35.822391510009766,662256
2021-11-26,37.41203689575195,37.46296310424805,37.199073791503906,37.22222137451172,35.587799072265625,590976
2021-11-29,36.8055534362793,37.21759033203125,36.58333206176758,37.032405853271484,35.406314849853516,503290
2021-11-30,37.157405853271484,37.6296272277832,37.046295166015625,37.546295166015625,35.89764404296875,867885
2021-12-01,37.449073791503906,37.810184478759766,37.26388931274414,37.60647964477539,35.95518493652344,606744
2021-12-02,37.6296272277832,37.949073791503906,37.041664123535156,37.064815521240234,35.43730545043945,700272
2021-12-03,37.074073791503906,37.47222137451172,36.94444274902344,37.31944274902344,35.68075180053711,517099
2021-12-06,37.26388931274414,37.314815521240234,36.94444274902344,37.032405853271484,35.406314849853516,492912
2021-12-07,37.03703689575195,37.199073791503906,36.75925827026367,36.94444274902344,35.32221984863281,497880
2021-12-08,37.01388931274414,37.01388931274414,36.72685241699219,36.935184478759766,35.3133659362793,446357
2021-12-09,36.916664123535156,37.175926208496094,36.824073791503906,37.050926208496094,35.42402648925781,551774
2021-12-10,37.02314758300781,37.77314758300781,36.94444274902344,37.5555534362793,35.906497955322266,1081296
2021-12-13,37.48611068725586,38.546295166015625,37.48611068725586,38.425926208496094,36.738651275634766,1973695
2021-12-14,38.27777862548828,38.564815521240234,37.96296310424805,38.300926208496094,36.619136810302734,900717
2021-12-15,38.421295166015625,38.810184478759766,38.203704833984375,38.518516540527344,36.82717514038086,886705
2021-12-16,38.518516540527344,38.63425827026367,38.28703689575195,38.425926208496094,36.738651275634766,723401
2021-12-17,38.31944274902344,38.657405853271484,37.791664123535156,37.810184478759766,36.14994430541992,741096
2021-12-20,37.72685241699219,38.425926208496094,37.541664123535156,38.21296310424805,36.535037994384766,683873
2021-12-21,37.657405853271484,38.5555534362793,37.47685241699219,38.3796272277832,36.69438171386719,756637
2021-12-22,38.3796272277832,38.97685241699219,38.157405853271484,38.578704833984375,36.88471984863281,1038854
2021-12-23,38.26388931274414,38.38425827026367,38.0,38.032405853271484,36.36241149902344,667872
2021-12-24,38.02777862548828,38.25,37.425926208496094,37.4305534362793,35.786983489990234,692496
2021-12-27,37.4305534362793,37.77777862548828,37.296295166015625,37.59722137451172,35.94633483886719,451656
2021-12-28,37.52314758300781,37.70833206176758,37.5,37.6296272277832,35.97731399536133,294408
2021-12-29,37.6296272277832,37.72685241699219,37.47685241699219,37.48147964477539,35.83567428588867,312292
2021-12-30,38.09259033203125,38.09259033203125,37.5046272277832,37.560184478759766,35.91092300415039,419256
2021-12-31,37.564815521240234,37.71759033203125,37.518516540527344,37.63425827026367,35.98174285888672,376272
2022-01-04,37.6296272277832,37.925926208496094,37.546295166015625,37.84722137451172,36.18535614013672,490773
2022-01-05,37.824073791503906,37.875,37.28703689575195,37.47222137451172,35.826820373535156,613656
2022-01-06,37.36574172973633,37.83333206176758,37.314815521240234,37.60185241699219,35.95076370239258,477619
2022-01-07,37.685184478759766,38.24074172973633,37.560184478759766,37.800926208496094,36.14109802246094,760536
2022-01-10,37.96296310424805,38.62036895751953,37.449073791503906,38.34259033203125,36.658973693847656,935910
2022-01-11,38.25,38.69444274902344,37.96296310424805,37.97222137451172,36.304866790771484,737378
2022-01-12,37.916664123535156,38.21296310424805,37.916664123535156,38.09259033203125,36.41994857788086,487622
2022-01-13,38.09259033203125,38.38425827026367,37.953704833984375,37.99536895751953,36.32699966430664,547776
2022-01-14,37.97685241699219,37.99536895751953,37.439815521240234,37.49536895751953,35.84895324707031,666576
2022-01-17,37.453704833984375,38.19444274902344,37.453704833984375,37.96296310424805,36.29601287841797,637977
2022-01-18,37.953704833984375,38.38425827026367,37.62036895751953,38.09259033203125,36.41994857788086,827150
2022-01-19,37.939815521240234,38.541664123535156,37.87036895751953,38.35185241699219,36.66783142089844,1164188
2022-01-20,38.300926208496094,38.310184478759766,37.453704833984375,37.453704833984375,35.80911636352539,1077086
2022-01-21,37.449073791503906,37.699073791503906,36.34259033203125,36.34259033203125,34.746795654296875,1146858
2022-01-24,36.314815521240234,36.50925827026367,36.166664123535156,36.25,34.658267974853516,352101
2022-01-25,36.314815521240234,36.416664123535156,35.31944274902344,35.34722137451172,33.795127868652344,728784
2022-01-26,35.185184478759766,35.85647964477539,35.185184478759766,35.5555534362793,33.99431610107422,323568
2022-01-27,35.550926208496094,35.62036895751953,34.949073791503906,34.96296310424805,33.4277458190918,589680
2022-01-28,35.19444274902344,35.50925827026367,34.88425827026367,35.125,33.58266830444336,373206
2022-02-07,35.416664123535156,36.73611068725586,35.393516540527344,36.518516540527344,34.91499328613281,1217160
2022-02-08,36.58333206176758,36.88425827026367,35.97222137451172,36.58796310424805,34.98139190673828,992262
2022-02-09,36.59722137451172,36.73147964477539,36.35185241699219,36.47222137451172,34.870731353759766,703728
2022-02-10,36.407405853271484,36.94444274902344,36.3796272277832,36.518516540527344,34.91499328613281,657936
2022-02-11,36.36574172973633,36.51388931274414,35.72685241699219,35.74536895751953,34.17579650878906,593568
2022-02-14,35.74536895751953,35.875,35.34722137451172,35.47685241699219,33.919071197509766,514944
2022-02-15,35.60185241699219,35.97685241699219,35.31944274902344,35.52777862548828,33.96775817871094,420336
2022-02-16,35.66203689575195,37.032405853271484,35.53703689575195,37.0046272277832,35.3797607421875,1595600
2022-02-17,36.83333206176758,37.0046272277832,36.2546272277832,36.3796272277832,34.78220748901367,997600
2022-02-18,36.11111068725586,37.143516540527344,36.02314758300781,37.02777862548828,35.401893615722656,963647
2022-02-21,36.97685241699219,37.03703689575195,36.60647964477539,36.88888931274414,35.269107818603516,569201
2022-02-22,36.61111068725586,36.77777862548828,36.11111068725586,36.296295166015625,34.70253372192383,715947
2022-02-23,36.27314758300781,36.44444274902344,36.1805534362793,36.38425827026367,34.7866325378418,537593
2022-02-24,36.20833206176758,36.666664123535156,35.21296310424805,35.37036895751953,33.8172607421875,958104
2022-02-25,35.814815521240234,36.09259033203125,35.64814758300781,35.65277862548828,34.08727264404297,463352
2022-02-28,35.560184478759766,35.560184478759766,35.11574172973633,35.375,33.82168960571289,471744
2022-03-01,35.291664123535156,35.74536895751953,35.291664123535156,35.666664123535156,34.10055160522461,395712
2022-03-02,35.49536895751953,35.97222137451172,35.328704833984375,35.84259033203125,34.26874542236328,331056
2022-03-03,36.018516540527344,36.046295166015625,35.768516540527344,35.89814758300781,34.321861267089844,433008
2022-03-04,35.814815521240234,35.99536895751953,35.66203689575195,35.77314758300781,34.20235061645508,384527
2022-03-07,35.74074172973633,35.85185241699219,35.435184478759766,35.550926208496094,33.989891052246094,316584
2022-03-08,35.50925827026367,35.671295166015625,34.72685241699219,34.73611068725586,33.21085739135742,522936
2022-03-09,34.72222137451172,35.13888931274414,32.60185241699219,33.689815521240234,32.21049880981445,656443
2022-03-10,34.203704833984375,34.328704833984375,33.796295166015625,33.796295166015625,32.31230545043945,386741
2022-03-11,33.060184478759766,33.657405853271484,32.64814758300781,33.58796310424805,32.11312484741211,440009
2022-03-14,33.35185241699219,33.5555534362793,32.921295166015625,32.953704833984375,31.506711959838867,380093
2022-03-15,32.949073791503906,33.28703689575195,31.851850509643555,31.851850509643555,30.45323944091797,585144
2022-03-16,32.22222137451172,32.40277862548828,31.476850509643555,32.282405853271484,30.86488914489746,577296
2022-03-17,32.5555534362793,32.99074172973633,32.5555534362793,32.56944274902344,31.139324188232422,482112
2022-03-18,32.41203689575195,33.657405853271484,32.300926208496094,33.48611068725586,32.01573944091797,827843
2022-03-21,33.40277862548828,33.58796310424805,33.157405853271484,33.39814758300781,31.931640625,519912
2022-03-22,33.189815521240234,33.60185241699219,33.032405853271484,33.34722137451172,31.882949829101562,370872
2022-03-23,33.38888931274414,33.550926208496094,33.0555534362793,33.171295166015625,31.71474838256836,333720
2022-03-24,32.907405853271484,32.916664123535156,32.5555534362793,32.58333206176758,31.15260124206543,417960
2022-03-25,32.87036895751953,32.87036895751953,32.328704833984375,32.328704833984375,30.909156799316406,423731
2022-03-28,32.439815521240234,32.51388931274414,31.796295166015625,32.314815521240234,30.895877838134766,277344
2022-03-29,32.282405853271484,32.439815521240234,31.958332061767578,31.981481552124023,30.577180862426758,341496
2022-03-30,32.171295166015625,32.37036895751953,32.03703689575195,32.324073791503906,30.904727935791016,289394
2022-03-31,32.310184478759766,33.24074172973633,32.1805534362793,32.675926208496094,31.241132736206055,624024
2022-04-01,32.453704833984375,32.72222137451172,32.34259033203125,32.65277862548828,31.2189998626709,356834
2022-04-06,32.421295166015625,33.08333206176758,32.407405853271484,32.800926208496094,31.360641479492188,358793
2022-04-07,31.935184478759766,31.935184478759766,31.101850509643555,31.115739822387695,29.749454498291016,1517724
2022-04-08,30.870370864868164,31.94444465637207,30.80092430114746,31.259258270263672,29.886669158935547,732458
2022-04-11,30.884258270263672,31.018518447875977,29.370370864868164,29.47222137451172,28.1781005859375,992952
2022-04-12,29.245370864868164,29.851850509643555,29.16666603088379,29.796295166015625,28.487945556640625,367487
2022-04-13,29.61111068725586,29.61111068725586,28.907407760620117,28.953702926635742,27.68235206604004,503928
2022-04-14,29.324073791503906,29.324073791503906,28.958332061767578,28.990739822387695,27.717761993408203,285336
2022-04-15,28.717592239379883,28.976850509643555,28.254629135131836,28.254629135131836,27.01397132873535,519585
2022-04-18,28.009258270263672,28.42592430114746,27.592592239379883,28.263887405395508,27.022825241088867,308283
2022-04-19,27.962961196899414,28.44444465637207,27.962961196899414,28.30092430114746,27.05823516845703,257904
2022-04-20,28.365739822387695,28.65277671813965,27.94444465637207,28.115739822387695,26.881181716918945,372816
2022-04-21,28.05555534362793,28.157407760620117,27.125,27.171295166015625,25.978208541870117,539352
2022-04-22,27.16666603088379,27.40277671813965,26.662036895751953,27.004629135131836,25.81886100769043,422435
2022-04-25,27.009258270263672,27.009258270263672,25.231481552124023,25.370370864868164,24.256362915039062,675216
2022-04-26,25.671295166015625,26.379629135131836,24.768518447875977,24.787036895751953,23.698640823364258,582984
2022-04-27,24.879629135131836,25.370370864868164,24.074073791503906,25.22222137451172,24.114717483520508,664634
2022-04-28,24.981481552124023,25.134258270263672,24.263887405395508,24.375,23.304697036743164,513235
2022-04-29,24.518518447875977,25.648147583007812,24.513887405395508,25.42592430114746,24.30947494506836,646704
2022-05-05,25.324073791503906,26.342592239379883,25.18055534362793,25.842592239379883,24.707849502563477,495720
2022-05-06,25.421295166015625,25.68055534362793,25.18055534362793,25.52777671813965,24.406858444213867,356616
2022-05-09,25.638887405395508,26.384258270263672,25.601850509643555,26.009258270263672,24.86719512939453,433080
2022-05-10,25.699073791503906,27.268518447875977,25.61111068725586,27.245370864868164,26.04903221130371,1317327
2022-05-11,27.263887405395508,27.56944465637207,26.990739822387695,27.023147583007812,25.836565017700195,1011873
2022-05-12,26.657407760620117,27.30555534362793,26.657407760620117,27.19444465637207,26.00033950805664,571104
2022-05-13,27.259258270263672,27.356481552124023,26.990739822387695,27.15277671813965,25.96050262451172,381540
2022-05-16,27.365739822387695,27.52777671813965,27.134258270263672,27.36111068725586,26.15968894958496,395928
2022-05-17,27.365739822387695,27.365739822387695,26.657407760620117,27.004629135131836,25.81886100769043,395064
2022-05-18,26.870370864868164,27.3148136138916,26.73611068725586,26.990739822387695,25.80558204650879,266112
2022-05-19,26.481481552124023,27.208332061767578,26.476850509643555,27.199073791503906,26.00476837158203,248052
2022-05-20,27.203702926635742,27.467592239379883,26.953702926635742,27.407407760620117,26.203950881958008,335664
2022-05-23,27.453702926635742,27.490739822387695,27.268518447875977,27.384258270263672,26.181819915771484,299376
2022-05-24,27.384258270263672,27.467592239379883,25.740739822387695,25.740739822387695,24.6104679107666,754915
2022-05-25,25.69444465637207,26.388887405395508,25.69444465637207,26.268518447875977,25.11507225036621,292896
2022-05-26,26.273147583007812,26.620370864868164,25.97222137451172,26.351850509643555,25.194746017456055,242585
2022-05-27,26.356481552124023,26.583332061767578,26.171295166015625,26.412036895751953,25.252288818359375,255528
2022-05-30,26.671295166015625,26.671295166015625,26.203702926635742,26.4398136138916,25.278844833374023,312768
2022-05-31,26.745370864868164,26.84722137451172,26.106481552124023,26.745370864868164,25.570987701416016,431784
2022-06-01,26.59722137451172,27.16666603088379,26.532407760620117,26.94444465637207,25.761320114135742,399762
2022-06-02,26.625,27.467592239379883,26.625,27.356481552124023,26.155263900756836,438838
2022-06-06,27.328702926635742,27.907407760620117,27.268518447875977,27.851850509643555,26.62887954711914,621162
2022-06-07,27.84722137451172,27.91666603088379,27.412036895751953,27.56944465637207,26.35887336730957,523368
2022-06-08,27.412036895751953,27.731481552124023,27.02777671813965,27.29166603088379,26.093294143676758,407592
2022-06-09,27.259258270263672,27.259258270263672,26.796295166015625,26.824073791503906,25.6462345123291,511704
2022-06-10,26.638887405395508,27.61111068725586,26.52777671813965,27.537036895751953,26.327890396118164,810216
2022-06-13,27.268518447875977,27.546295166015625,27.138887405395508,27.5,26.29248046875,764190
2022-06-14,27.68055534362793,28.30555534362793,26.703702926635742,27.481481552124023,26.2747745513916,1599268
2022-06-15,27.912036895751953,27.912036895751953,27.3148136138916,27.504629135131836,26.296905517578125,742497
2022-06-16,27.5,27.67592430114746,27.34722137451172,27.54166603088379,26.33231544494629,475670
2022-06-17,27.3148136138916,27.560184478759766,27.106481552124023,27.476850509643555,26.270347595214844,557928
2022-06-20,27.268518447875977,27.870370864868164,27.268518447875977,27.796295166015625,26.575763702392578,776669
2022-06-21,27.251850128173828,27.251850128173828,26.74814796447754,26.92592430114746,26.70432472229004,575856
2022-06-22,26.992591857910156,26.992591857910156,26.370370864868164,26.38518524169922,26.16803741455078,500986
2022-06-23,26.577777862548828,26.674074172973633,26.30370330810547,26.651851654052734,26.43250846862793,291741
2022-06-24,26.50370216369629,27.037036895751953,26.50370216369629,26.948148727416992,26.726367950439453,361692
2022-06-27,27.096296310424805,27.155555725097656,26.8148136138916,26.985185623168945,26.763099670410156,301941
2022-06-28,26.948148727416992,27.14073944091797,26.903703689575195,27.125925064086914,26.902679443359375,470232
2022-06-29,27.044443130493164,27.762962341308594,27.037036895751953,27.38518524169922,27.159807205200195,975483
2022-06-30,27.266666412353516,28.703702926635742,27.207406997680664,28.251850128173828,28.01934051513672,1590165
2022-07-01,28.414813995361328,28.63703727722168,27.592592239379883,27.703702926635742,27.4757022857666,645732
2022-07-04,27.792591094970703,27.792591094970703,27.17037010192871,27.540739059448242,27.3140811920166,366201
2022-07-05,27.422222137451172,27.762962341308594,27.185184478759766,27.348148345947266,27.123075485229492,427383
2022-07-06,27.214813232421875,27.459259033203125,26.844444274902344,27.0,26.77779197692871,352134
2022-07-07,26.8148136138916,27.177776336669922,26.740739822387695,26.851850509643555,26.630861282348633,314874
2022-07-08,26.866666793823242,27.311111450195312,26.792591094970703,26.91851806640625,26.696979522705078,271004
2022-07-11,26.888887405395508,26.89629554748535,26.414813995361328,26.66666603088379,26.447200775146484,289818
2022-07-12,26.66666603088379,26.8148136138916,26.177776336669922,26.177776336669922,25.96233558654785,456975
2022-07-13,26.125925064086914,26.540739059448242,26.125925064086914,26.399999618530273,26.182729721069336,205632
2022-07-14,26.370370864868164,26.414813995361328,26.185184478759766,26.207406997680664,25.99172019958496,260388
2022-07-15,25.970369338989258,26.266666412353516,25.511110305786133,25.525924682617188,25.315847396850586,447795
2022-07-18,25.429628372192383,26.27407455444336,25.429628372192383,26.259258270263672,26.04314613342285,377784
2022-07-19,25.92592430114746,26.437036514282227,25.785184860229492,26.296295166015625,26.079879760742188,506007
2022-07-20,26.333332061767578,26.429628372192383,26.237037658691406,26.370370864868164,26.153345108032227,342117
2022-07-21,26.348148345947266,26.466665267944336,26.103702545166016,26.155555725097656,25.940298080444336,338904
2022-07-22,26.155555725097656,26.355554580688477,25.58518409729004,25.8592586517334,25.646438598632812,307071
2022-07-25,25.9777774810791,26.074073791503906,25.481481552124023,25.570369720458984,25.359928131103516,213057
2022-07-26,25.592592239379883,25.822221755981445,25.318517684936523,25.75555419921875,25.543588638305664,314118
2022-07-27,25.762962341308594,25.874074935913086,25.592592239379883,25.851850509643555,25.63909149169922,246996
2022-07-28,25.703702926635742,26.125925064086914,25.703702926635742,26.00740623474121,25.793365478515625,341050
2022-07-29,26.05925941467285,26.177776336669922,25.592592239379883,25.63703727722168,25.42604637145996,263439
2022-08-01,25.496295928955078,25.69629669189453,25.200000762939453,25.525924682617188,25.315847396850586,227367
2022-08-02,25.407407760620117,25.407407760620117,24.11111068725586,24.36296272277832,24.162456512451172,834678
2022-08-03,24.36296272277832,24.75555419921875,24.051851272583008,24.133333206176758,23.934717178344727,543024
2022-08-04,24.266666412353516,24.311111450195312,24.074073791503906,24.237037658691406,24.037567138671875,266436
2022-08-05,24.237037658691406,24.64444351196289,24.229629516601562,24.607406616210938,24.404890060424805,334296
2022-08-08,24.629629135131836,24.72592544555664,24.459259033203125,24.688888549804688,24.485700607299805,248292
2022-08-09,24.681480407714844,24.80740737915039,24.548147201538086,24.64444351196289,24.441621780395508,248872
2022-08-10,24.64444351196289,24.77777671813965,24.488887786865234,24.711111068725586,24.507741928100586,233226
2022-08-11,24.718517303466797,25.096296310424805,24.718517303466797,25.037036895751953,24.830984115600586,375948
2022-08-12,25.133333206176758,25.133333206176758,24.74814796447754,24.881481170654297,24.676708221435547,508842
2022-08-15,24.89629554748535,25.037036895751953,24.488887786865234,24.674074172973633,24.47100830078125,395574
2022-08-16,24.607406616210938,24.933332443237305,24.55555534362793,24.72592544555664,24.522432327270508,210924
2022-08-17,24.674074172973633,24.881481170654297,24.540739059448242,24.77777671813965,24.5738582611084,255825
2022-08-18,24.607406616210938,24.80740737915039,24.548147201538086,24.600000381469727,24.397544860839844,290142
2022-08-19,24.548147201538086,24.8370361328125,24.39259147644043,24.422222137451172,24.221227645874023,354817
2022-08-22,24.377777099609375,24.50370216369629,24.185184478759766,24.45185089111328,24.250614166259766,203796
2022-08-23,24.459259033203125,24.459259033203125,24.200000762939453,24.28148078918457,24.081645965576172,293743
2022-08-24,24.340740203857422,24.370370864868164,23.799999237060547,23.822221755981445,23.62616729736328,464637
2022-08-25,23.77777671813965,23.844444274902344,23.459259033203125,23.629629135131836,23.435157775878906,331465
2022-08-26,23.629629135131836,23.74814796447754,23.466665267944336,23.511110305786133,23.317615509033203,191519
2022-08-29,23.074073791503906,23.681480407714844,23.074073791503906,23.66666603088379,23.471891403198242,239355
2022-08-30,23.61481475830078,23.844444274902344,23.488887786865234,23.592592239379883,23.398427963256836,219693
2022-08-31,23.496295928955078,23.77777671813965,23.096296310424805,23.096296310424805,22.90621566772461,430677
2022-09-01,23.103702545166016,23.407407760620117,23.103702545166016,23.118518829345703,22.928255081176758,273375
2022-09-02,24.851850509643555,24.851850509643555,23.251850128173828,23.94074058532715,23.743709564208984,934796
2022-09-05,23.56296157836914,25.592592239379883,23.422222137451172,24.9777774810791,24.772212982177734,1445288
2022-09-06,24.570369720458984,24.822221755981445,24.44444465637207,24.466665267944336,24.26530647277832,802936
2022-09-07,24.311111450195312,24.459259033203125,24.148147583007812,24.229629516601562,24.03022003173828,451622
2022-09-08,24.244443893432617,24.296295166015625,24.00740623474121,24.02962875366211,23.831865310668945,295515
2022-09-09,24.888887405395508,24.888887405395508,24.037036895751953,24.38518524169922,24.184497833251953,360676
2022-09-13,24.607406616210938,24.607406616210938,24.118518829345703,24.133333206176758,23.934717178344727,306354
2022-09-14,24.014814376831055,24.014814376831055,23.703702926635742,23.903703689575195,23.70697784423828,268926
2022-09-15,24.00740623474121,24.91851806640625,23.592592239379883,24.45185089111328,24.250614166259766,1049048
2022-09-16,24.185184478759766,24.577777862548828,23.355554580688477,23.355554580688477,23.163339614868164,813635
2022-09-19,23.259258270263672,23.333332061767578,22.47407341003418,22.681480407714844,22.494813919067383,440370
2022-09-20,22.681480407714844,23.148147583007812,22.592592239379883,22.674074172973633,22.487468719482422,274723
2022-09-21,22.629629135131836,22.844444274902344,22.259258270263672,22.703702926635742,22.51685333251953,178630
2022-09-22,22.688888549804688,22.8148136138916,22.55555534362793,22.592592239379883,22.40665626525879,196398
2022-09-23,22.888887405395508,23.540739059448242,22.72592544555664,22.92592430114746,22.737245559692383,543616
2022-09-26,22.74814796447754,22.75555419921875,22.014814376831055,22.02962875366211,21.84832763671875,420660
2022-09-27,22.02962875366211,22.36296272277832,21.91111183166504,22.318517684936523,22.134838104248047,283363
2022-09-28,22.318517684936523,22.318517684936523,21.866666793823242,21.888887405395508,21.708744049072266,270294
2022-09-29,22.30370330810547,22.370370864868164,21.496295928955078,21.496295928955078,21.31938362121582,263163
2022-09-30,21.525924682617188,21.69629669189453,21.355554580688477,21.355554580688477,21.179800033569336,177903
2022-10-10,21.325925827026367,21.8370361328125,21.066665649414062,21.14073944091797,20.966753005981445,199314
2022-10-11,21.17037010192871,21.28148078918457,20.785184860229492,21.05925941467285,20.885942459106445,155939
2022-10-12,21.103702545166016,21.377777099609375,20.785184860229492,21.355554580688477,21.179800033569336,199709
2022-10-13,21.325925827026367,21.688888549804688,21.259258270263672,21.496295928955078,21.31938362121582,262808
2022-10-14,21.592592239379883,22.08148193359375,21.592592239379883,21.80740737915039,21.627933502197266,296622
2022-10-17,21.80740737915039,22.177776336669922,21.77777671813965,22.103702545166016,21.921791076660156,275373
2022-10-18,22.185184478759766,22.259258270263672,21.955554962158203,22.00740623474121,21.82628631591797,281097
2022-10-19,22.00740623474121,22.096296310424805,21.629629135131836,21.72592544555664,21.547122955322266,240194
2022-10-20,21.592592239379883,21.903703689575195,21.540739059448242,21.799999237060547,21.620586395263672,182939
2022-10-21,21.785184860229492,21.970369338989258,21.711111068725586,21.75555419921875,21.576507568359375,157196
2022-10-24,21.92592430114746,22.074073791503906,21.19259262084961,21.237037658691406,21.062259674072266,229365
2022-10-25,21.14073944091797,21.200000762939453,20.703702926635742,20.762962341308594,20.592084884643555,351135
2022-10-26,20.703702926635742,21.340740203857422,20.703702926635742,21.08148193359375,20.907981872558594,275948
2022-10-27,21.096296310424805,21.525924682617188,21.096296310424805,21.207406997680664,21.03287124633789,316689
2022-10-28,21.155555725097656,21.155555725097656,20.681480407714844,20.733333587646484,20.562700271606445,399465
2022-10-31,20.66666603088379,20.985185623168945,20.44444465637207,20.91851806640625,20.746360778808594,232424
2022-11-01,21.066665649414062,21.333332061767578,20.94074058532715,21.333332061767578,21.157760620117188,274949
2022-11-02,23.377777099609375,23.377777099609375,21.407407760620117,22.02962875366211,21.84832763671875,642921
2022-11-03,21.874074935913086,22.037036895751953,21.822221755981445,21.851850509643555,21.67201042175293,279180
2022-11-04,22.037036895751953,22.177776336669922,21.874074935913086,21.948148727416992,21.76751708984375,449469
2022-11-07,22.103702545166016,22.14073944091797,21.962961196899414,22.14073944091797,21.958524703979492,344663
2022-11-08,22.14073944091797,22.296295166015625,21.94074058532715,22.207406997680664,22.024642944335938,311067
2022-11-09,22.185184478759766,22.66666603088379,22.148147583007812,22.496295928955078,22.311153411865234,466630
2022-11-10,22.318517684936523,22.437036514282227,22.096296310424805,22.311111450195312,22.127492904663086,271350
2022-11-11,22.651851654052734,22.711111068725586,22.45185089111328,22.607406616210938,22.421350479125977,549180
2022-11-14,22.607406616210938,22.874074935913086,22.488887786865234,22.55555534362793,22.369924545288086,322893
2022-11-15,22.488887786865234,22.740739822387695,22.422222137451172,22.72592544555664,22.53889274597168,388098
2022-11-16,22.733333587646484,22.799999237060547,22.548147201538086,22.58518409729004,22.399309158325195,358992
2022-11-17,22.47407341003418,22.844444274902344,22.459259033203125,22.740739822387695,22.553585052490234,363042
2022-11-18,22.733333587646484,22.874074935913086,22.518518447875977,22.518518447875977,22.333192825317383,361233
2022-11-21,22.518518447875977,22.518518447875977,22.162961959838867,22.333332061767578,22.1495304107666,245862
2022-11-22,22.318517684936523,23.148147583007812,22.318517684936523,22.459259033203125,22.2744197845459,402084
2022-11-23,22.30370330810547,22.459259033203125,22.118518829345703,22.185184478759766,22.002601623535156,314037
2022-11-24,22.296295166015625,22.496295928955078,22.118518829345703,22.19259262084961,22.00994873046875,245484
2022-11-25,22.200000762939453,22.340740203857422,22.14073944091797,22.162961959838867,21.980562210083008,257904
2022-11-28,22.148147583007812,22.207406997680664,21.851850509643555,21.851850509643555,21.67201042175293,367119
2022-11-29,22.066665649414062,22.888887405395508,22.044443130493164,22.711111068725586,22.524200439453125,710847
2022-11-30,22.592592239379883,22.75555419921875,22.47407341003418,22.518518447875977,22.333192825317383,322569
2022-12-01,22.600000381469727,22.703702926635742,22.525924682617188,22.53333282470703,22.347885131835938,351243
2022-12-02,22.466665267944336,22.651851654052734,22.45185089111328,22.600000381469727,22.414005279541016,263025
2022-12-05,22.600000381469727,22.866666793823242,22.600000381469727,22.844444274902344,22.656435012817383,422865
2022-12-06,22.8370361328125,22.8370361328125,22.629629135131836,22.64444351196289,22.458080291748047,311445
2022-12-07,22.762962341308594,22.77777671813965,22.540739059448242,22.66666603088379,22.480121612548828,256500
2022-12-08,22.540739059448242,22.674074172973633,22.525924682617188,22.651851654052734,22.46542739868164,241002
2022-12-09,22.600000381469727,22.75555419921875,22.53333282470703,22.55555534362793,22.369924545288086,295938
2022-12-12,22.63703727722168,22.63703727722168,22.229629516601562,22.377777099609375,22.1936092376709,302929
2022-12-13,22.370370864868164,22.370370864868164,22.148147583007812,22.36296272277832,22.178916931152344,254757
2022-12-14,22.229629516601562,22.370370864868164,22.229629516601562,22.244443893432617,22.061372756958008,169776
2022-12-15,22.185184478759766,22.355554580688477,22.148147583007812,22.155555725097656,21.973217010498047,199453
2022-12-16,22.148147583007812,22.244443893432617,21.888887405395508,21.970369338989258,21.789554595947266,232933
2022-12-19,22.05925941467285,22.05925941467285,21.22222137451172,21.22222137451172,21.047563552856445,343022
2022-12-20,21.22222137451172,21.311111450195312,20.888887405395508,21.185184478759766,21.010831832885742,265761
2022-12-21,21.185184478759766,21.229629516601562,20.792591094970703,20.92592430114746,20.753705978393555,174151
2022-12-22,21.125925064086914,21.125925064086914,20.63703727722168,20.785184860229492,20.614124298095703,271755
2022-12-23,20.58518409729004,20.851850509643555,20.540739059448242,20.63703727722168,20.46719741821289,210672
2022-12-26,20.66666603088379,20.851850509643555,20.592592239379883,20.851850509643555,20.68024253845215,143937
2022-12-27,20.770370483398438,20.970369338989258,20.762962341308594,20.94074058532715,20.768400192260742,239629
2022-12-28,20.94074058532715,20.94074058532715,20.61481475830078,20.63703727722168,20.46719741821289,205470
2022-12-29,20.45185089111328,20.740739822387695,20.45185089111328,20.518518447875977,20.349653244018555,178200
2022-12-30,20.518518447875977,20.792591094970703,20.518518447875977,20.629629135131836,20.459848403930664,179172
2023-01-03,20.488887786865234,20.962961196899414,20.488887786865234,20.888887405395508,20.71697235107422,279801
2023-01-04,20.8592586517334,21.066665649414062,20.82962989807129,21.00740623474121,20.834516525268555,249129
2023-01-05,20.970369338989258,21.02962875366211,20.91851806640625,21.014814376831055,20.84186363220215,179513
2023-01-06,21.044443130493164,21.148147583007812,20.970369338989258,21.0,20.827171325683594,200097
2023-01-09,20.9777774810791,21.125925064086914,20.933332443237305,20.933332443237305,20.76105308532715,164592
2023-01-10,21.0,21.02962875366211,20.874074935913086,20.9777774810791,20.805131912231445,194537
2023-01-11,21.014814376831055,21.466665267944336,20.9777774810791,21.096296310424805,20.92267608642578,499824
2023-01-12,21.037036895751953,21.251850128173828,20.74814796447754,20.770370483398438,20.59943199157715,285147
2023-01-13,20.770370483398438,20.91111183166504,20.718517303466797,20.874074935913086,20.702281951904297,144342
2023-01-16,20.874074935913086,21.08888816833496,20.8148136138916,21.051851272583008,20.878597259521484,219132
2023-01-17,20.962961196899414,21.133333206176758,20.91851806640625,20.9777774810791,20.805131912231445,162675
2023-01-18,21.074073791503906,21.207406997680664,20.933332443237305,21.103702545166016,20.930021286010742,213246
2023-01-19,21.237037658691406,21.237037658691406,21.096296310424805,21.17037010192871,20.996139526367188,191457
2023-01-20,21.177776336669922,21.325925827026367,21.177776336669922,21.318517684936523,21.143068313598633,283446
2023-01-30,21.481481552124023,21.570369720458984,21.414813995361328,21.429628372192383,21.253265380859375,325053
2023-01-31,21.481481552124023,21.548147201538086,21.399999618530273,21.548147201538086,21.370807647705078,253962
2023-02-01,21.577777862548828,22.0,21.540739059448242,21.970369338989258,21.789554595947266,485946
2023-02-02,21.970369338989258,22.822221755981445,21.92592430114746,22.61481475830078,22.42869758605957,1335104
2023-02-03,22.53333282470703,22.8148136138916,22.422222137451172,22.66666603088379,22.480121612548828,1132218
2023-02-06,22.651851654052734,22.740739822387695,22.44444465637207,22.58518409729004,22.399309158325195,378405
2023-02-07,22.64444351196289,23.096296310424805,22.466665267944336,23.074073791503906,22.88417625427246,637227
2023-02-08,23.0222225189209,23.237037658691406,22.89629554748535,23.200000762939453,23.00906753540039,696162
2023-02-09,23.185184478759766,23.185184478759766,22.985185623168945,23.11111068725586,22.920907974243164,373869
2023-02-10,23.11111068725586,23.133333206176758,22.91111183166504,23.05925941467285,22.869483947753906,455247
2023-02-13,23.05925941467285,23.11111068725586,22.888887405395508,23.02962875366211,22.840097427368164,482934
2023-02-14,23.037036895751953,23.118518829345703,22.962961196899414,23.051851272583008,22.86213493347168,317142
2023-02-15,22.970369338989258,23.207406997680664,22.970369338989258,23.11111068725586,22.920907974243164,384210
2023-02-16,23.11111068725586,23.207406997680664,22.63703727722168,22.866666793823242,22.678476333618164,780111
2023-02-17,22.80740737915039,23.237037658691406,22.740739822387695,23.037036895751953,22.847442626953125,473501
2023-02-20,22.962961196899414,23.044443130493164,22.82962989807129,22.89629554748535,22.707860946655273,284769
2023-02-21,23.00740623474121,23.00740623474121,22.75555419921875,22.888887405395508,22.70051383972168,368415
2023-02-22,22.703702926635742,22.948148727416992,22.703702926635742,22.8592586517334,22.671127319335938,258957
2023-02-23,22.8592586517334,23.02962875366211,22.75555419921875,22.888887405395508,22.70051383972168,352038
2023-02-24,22.955554962158203,22.955554962158203,22.740739822387695,22.874074935913086,22.685823440551758,202041
2023-02-27,22.933332443237305,22.992591857910156,22.72592544555664,22.881481170654297,22.69316864013672,342873
2023-02-28,22.955554962158203,23.525924682617188,22.762962341308594,23.103702545166016,22.91356086730957,1140006
2023-03-01,23.014814376831055,23.177776336669922,22.962961196899414,23.133333206176758,22.942947387695312,594675
2023-03-02,23.11111068725586,23.244443893432617,23.044443130493164,23.200000762939453,23.00906753540039,493587
2023-03-03,23.229629516601562,23.548147201538086,23.118518829345703,23.53333282470703,23.33965492248535,1106607
2023-03-06,23.607406616210938,23.651851654052734,23.318517684936523,23.45185089111328,23.25884246826172,598692
2023-03-07,23.45185089111328,24.133333206176758,23.355554580688477,23.592592239379883,23.398427963256836,1762614
2023-03-08,23.407407760620117,25.11111068725586,23.259258270263672,24.881481170654297,24.676708221435547,3649777
2023-03-09,24.63703727722168,26.370370864868164,24.370370864868164,26.214813232421875,25.999067306518555,4703232
2023-03-10,25.674074172973633,25.703702926635742,24.622222900390625,24.651851654052734,24.4489688873291,2909545
2023-03-13,24.39259147644043,24.703702926635742,23.8148136138916,24.133333206176758,23.934717178344727,1886531
2023-03-14,23.92592430114746,24.80740737915039,23.548147201538086,24.577777862548828,24.375505447387695,2217647
2023-03-15,24.407407760620117,24.58518409729004,24.074073791503906,24.200000762939453,24.000837326049805,1288143
2023-03-16,24.00740623474121,24.00740623474121,23.377777099609375,23.429628372192383,23.236804962158203,1104570
2023-03-17,23.466665267944336,23.82962989807129,23.459259033203125,23.58518409729004,23.391080856323242,835347
2023-03-20,23.64444351196289,23.64444351196289,22.822221755981445,22.822221755981445,22.634397506713867,1173430
2023-03-21,22.89629554748535,23.02962875366211,22.762962341308594,22.962961196899414,22.773977279663086,436087
2023-03-22,22.985185623168945,23.8148136138916,22.970369338989258,23.333332061767578,23.141300201416016,1135956
2023-03-23,23.22222137451172,23.459259033203125,23.214813232421875,23.459259033203125,23.266191482543945,570053
2023-03-24,23.407407760620117,23.47407341003418,23.17037010192871,23.266666412353516,23.075183868408203,490536
2023-03-27,23.36296272277832,23.399999618530273,23.044443130493164,23.251850128173828,23.060487747192383,540108
2023-03-28,23.333332061767578,23.496295928955078,23.08148193359375,23.14073944091797,22.950292587280273,428679
2023-03-29,23.074073791503906,23.311111450195312,22.740739822387695,22.74814796447754,22.560932159423828,583713
2023-03-30,22.762962341308594,22.89629554748535,22.674074172973633,22.733333587646484,22.546241760253906,435186
2023-03-31,22.703702926635742,22.881481170654297,22.703702926635742,22.8148136138916,22.627050399780273,288684
2023-04-03,22.822221755981445,23.333332061767578,22.822221755981445,23.22222137451172,23.031105041503906,450630
2023-04-04,23.681480407714844,23.681480407714844,23.0,23.037036895751953,22.847442626953125,678888
2023-04-06,22.992591857910156,23.02962875366211,22.711111068725586,22.733333587646484,22.546241760253906,524826
2023-04-07,22.80740737915039,22.955554962158203,22.762962341308594,22.881481170654297,22.69316864013672,315404
2023-04-10,22.82962989807129,23.185184478759766,22.82962989807129,23.08148193359375,22.891523361206055,398547
2023-04-11,22.970369338989258,23.11111068725586,22.851850509643555,23.08888816833496,22.898868560791016,298809
2023-04-12,23.096296310424805,23.27407455444336,23.074073791503906,23.207406997680664,23.01641273498535,365553
2023-04-13,23.133333206176758,23.92592430114746,23.133333206176758,23.91851806640625,23.72167205810547,1305753
2023-04-14,23.77777671813965,24.27407455444336,23.58518409729004,23.82962989807129,23.633512496948242,1002834
2023-04-17,23.933332443237305,23.9777774810791,23.488887786865234,23.703702926635742,23.508623123168945,556956
2023-04-18,23.770370483398438,23.770370483398438,23.355554580688477,23.548147201538086,23.354347229003906,385290
2023-04-19,23.548147201538086,23.55555534362793,23.333332061767578,23.459259033203125,23.266191482543945,297405
2023-04-20,23.459259033203125,23.459259033203125,22.82962989807129,23.014814376831055,22.82540512084961,469451
2023-04-21,23.00740623474121,23.148147583007812,22.429628372192383,22.429628372192383,22.24503517150879,484701
2023-04-24,22.296295166015625,22.481481552124023,22.02962875366211,22.200000762939453,22.017295837402344,356967
2023-04-25,22.200000762939453,22.377777099609375,21.399999618530273,21.518518447875977,21.34142303466797,547965
2023-04-26,21.47407341003418,22.14073944091797,21.399999618530273,22.14073944091797,21.958524703979492,425371
2023-04-27,21.92592430114746,22.333332061767578,21.711111068725586,22.11111068725586,21.92913818359375,315607
2023-04-28,22.0,22.711111068725586,21.874074935913086,22.607406616210938,22.421350479125977,449955
2023-05-04,22.45185089111328,22.851850509643555,22.325925827026367,22.785184860229492,22.59766387939453,438542
2023-05-05,22.600000381469727,23.66666603088379,22.600000381469727,23.288888931274414,23.09722328186035,950826
2023-05-08,23.333332061767578,23.851850509643555,23.207406997680664,23.496295928955078,23.30292320251465,687509
2023-05-09,23.47407341003418,23.80740737915039,23.22222137451172,23.244443893432617,23.053142547607422,743750
2023-05-10,23.333332061767578,23.518518447875977,23.08148193359375,23.296295166015625,23.104568481445312,410319
2023-05-11,23.45185089111328,23.651851654052734,23.39259147644043,23.511110305786133,23.317615509033203,423603
2023-05-12,23.607406616210938,23.703702926635742,23.44444465637207,23.548147201538086,23.354347229003906,390663
2023-05-15,23.44444465637207,23.681480407714844,23.162961959838867,23.53333282470703,23.33965492248535,402084
2023-05-16,23.53333282470703,23.61481475830078,23.214813232421875,23.340740203857422,23.14864730834961,240462
2023-05-17,23.19259262084961,23.66666603088379,23.19259262084961,23.63703727722168,23.4425048828125,397305
2023-05-18,23.429628372192383,23.80740737915039,23.429628372192383,23.56296157836914,23.36903953552246,305856
2023-05-19,23.429628372192383,23.56296157836914,23.185184478759766,23.44444465637207,23.251497268676758,335070
2023-05-22,23.370370864868164,23.466665267944336,23.096296310424805,23.14073944091797,22.950292587280273,306477
2023-05-23,23.244443893432617,23.244443893432617,22.985185623168945,23.185184478759766,22.99437141418457,377973
2023-05-24,23.259258270263672,24.622222900390625,23.00740623474121,24.622222900390625,24.41958236694336,3810430
2023-05-25,24.27407455444336,24.296295166015625,23.77777671813965,24.266666412353516,24.066953659057617,2257119
2023-05-26,24.22222137451172,24.422222137451172,23.792591094970703,24.00740623474121,23.80982780456543,1283011
2023-05-29,24.00740623474121,24.00740623474121,22.592592239379883,22.607406616210938,22.421350479125977,1965222
2023-05-30,22.53333282470703,22.8148136138916,22.22222137451172,22.45185089111328,22.267072677612305,832107
2023-05-31,22.511110305786133,22.56296157836914,22.30370330810547,22.399999618530273,22.215648651123047,384993
2023-06-01,22.518518447875977,22.55555534362793,22.251850128173828,22.36296272277832,22.178916931152344,508635
2023-06-02,22.481481552124023,22.66666603088379,22.355554580688477,22.56296157836914,22.377269744873047,375813
2023-06-05,22.592592239379883,22.64444351196289,22.50370216369629,22.622222900390625,22.436044692993164,311958
2023-06-06,22.55555534362793,23.074073791503906,22.488887786865234,22.629629135131836,22.554166793823242,760521
2023-06-07,22.72592544555664,23.185184478759766,22.162961959838867,22.688888549804688,22.61322784423828,643167
2023-06-08,22.681480407714844,26.651851654052734,22.600000381469727,25.607406616210938,25.52201271057129,6694193
2023-06-09,25.185184478759766,25.185184478759766,23.948148727416992,24.22222137451172,24.141447067260742,4582859
2023-06-12,24.185184478759766,24.19259262084961,23.63703727722168,24.074073791503906,23.993793487548828,2025446
2023-06-13,24.125925064086914,24.200000762939453,23.733333587646484,24.0222225189209,23.942115783691406,1384965
2023-06-14,23.962961196899414,24.577777862548828,23.74814796447754,23.785184860229492,23.705867767333984,1776598
2023-06-15,23.61481475830078,24.333332061767578,23.47407341003418,24.103702545166016,24.02332305908203,1604813
2023-06-16,23.992591857910156,24.437036514282227,23.82962989807129,24.0,23.919967651367188,1502072
2023-06-19,24.0,24.0,23.50370216369629,23.511110305786133,23.432706832885742,1138710
2023-06-20,23.69629669189453,23.69629669189453,22.970369338989258,22.9777774810791,22.901153564453125,1103441
2023-06-21,23.0222225189209,23.0222225189209,22.718517303466797,22.740739822387695,22.664905548095703,561668
2023-06-26,22.711111068725586,22.733333587646484,22.22222137451172,22.459259033203125,22.384363174438477,525015
2023-06-27,22.63703727722168,23.11111068725586,22.481481552124023,23.066665649414062,22.98974609375,559668
2023-06-28,23.051851272583008,23.051851272583008,22.55555534362793,22.874074935913086,22.79779624938965,451062
2023-06-29,22.874074935913086,23.162961959838867,22.8148136138916,23.05925941467285,22.982362747192383,549732
2023-06-30,23.05925941467285,23.333332061767578,23.037036895751953,23.22222137451172,23.14478302001953,457578
2023-07-03,23.399999618530273,23.55555534362793,23.185184478759766,23.259258270263672,23.18169593811035,491058
2023-07-04,23.237037658691406,23.288888931274414,23.096296310424805,23.251850128173828,23.174312591552734,546462
2023-07-05,23.244443893432617,23.370370864868164,23.014814376831055,23.05925941467285,22.982362747192383,419364
2023-07-06,23.02962875366211,23.162961959838867,22.94074058532715,23.0,22.923301696777344,308178
2023-07-07,23.155555725097656,23.155555725097656,22.8148136138916,22.92592430114746,22.84947395324707,257661
2023-07-10,22.955554962158203,23.14073944091797,22.948148727416992,23.08888816833496,23.01189422607422,205131
2023-07-11,23.207406997680664,23.38518524169922,23.051851272583008,23.38518524169922,23.30720329284668,496179
2023-07-12,23.370370864868164,23.399999618530273,22.903703689575195,22.91851806640625,22.842092514038086,475875
2023-07-13,23.037036895751953,23.28148078918457,22.962961196899414,23.177776336669922,23.10048484802246,430677
2023-07-14,23.177776336669922,23.333332061767578,23.096296310424805,23.200000762939453,23.122634887695312,423247
2023-07-17,23.237037658691406,23.570369720458984,23.0222225189209,23.399999618530273,23.32196807861328,592213
2023-07-18,23.399999618530273,23.53333282470703,23.244443893432617,23.466665267944336,23.388410568237305,481275
2023-07-19,23.518518447875977,23.962961196899414,23.407407760620117,23.888887405395508,23.80922508239746,1496959
2023-07-20,23.933332443237305,23.948148727416992,23.414813995361328,23.50370216369629,23.425323486328125,806220
2023-07-21,23.38518524169922,24.037036895751953,23.340740203857422,23.992591857910156,23.91258430480957,1328805
2023-07-24,24.407407760620117,24.8148136138916,23.851850509643555,24.08148193359375,24.001176834106445,2297246
2023-07-25,24.125925064086914,26.511110305786133,24.0222225189209,25.711111068725586,25.6253719329834,5886305
2023-07-26,25.11111068725586,30.437036514282227,25.11111068725586,28.962961196899414,28.866378784179688,12900139
2023-07-27,26.733333587646484,28.22222137451172,26.00740623474121,26.851850509643555,26.76230812072754,10192516
2023-07-28,26.688888549804688,27.377777099609375,26.207406997680664,26.259258270263672,26.17169189453125,6319466
2023-07-31,26.125925064086914,26.622222900390625,25.822221755981445,25.89629554748535,25.809938430786133,4830896
2023-08-01,25.903703689575195,26.185184478759766,25.200000762939453,25.370370864868164,25.285768508911133,3934695
2023-08-02,25.207406997680664,25.651851654052734,24.8148136138916,24.92592430114746,24.842803955078125,2569696
2023-08-03,24.955554962158203,25.037036895751953,24.50370216369629,24.58518409729004,24.50320053100586,1884951
2023-08-04,24.711111068725586,25.096296310424805,24.50370216369629,24.56296157836914,24.481050491333008,2417229
2023-08-07,24.651851654052734,24.651851654052734,24.037036895751953,24.266666412353516,24.185745239257812,1509354
2023-08-08,24.422222137451172,24.525924682617188,24.118518829345703,24.296295166015625,24.215274810791016,1031211
2023-08-09,24.370370864868164,24.75555419921875,24.155555725097656,24.47407341003418,24.392459869384766,1500867
2023-08-10,24.488887786865234,24.548147201538086,24.118518829345703,24.22222137451172,24.141447067260742,978912
2023-08-11,24.251850128173828,24.674074172973633,24.162961959838867,24.333332061767578,24.252187728881836,1368549
2023-08-14,24.370370864868164,24.399999618530273,23.607406616210938,24.00740623474121,23.927349090576172,1442662
2023-08-15,24.014814376831055,24.133333206176758,23.77777671813965,23.933332443237305,23.8535213470459,593109
2023-08-16,23.822221755981445,24.688888549804688,23.770370483398438,24.488887786865234,24.407224655151367,2029131
2023-08-17,24.318517684936523,24.45185089111328,23.8148136138916,24.333332061767578,24.252187728881836,1372572
2023-08-18,24.318517684936523,24.740739822387695,24.133333206176758,24.466665267944336,24.38507652282715,1686528
2023-08-21,24.592592239379883,25.148147583007812,24.518518447875977,24.851850509643555,24.76897621154785,1981368
2023-08-22,24.718517303466797,25.548147201538086,24.570369720458984,25.548147201538086,25.46295166015625,3419942
2023-08-23,25.518518447875977,25.518518447875977,24.548147201538086,24.69629669189453,24.613941192626953,2352834
2023-08-24,24.874074935913086,24.874074935913086,24.037036895751953,24.251850128173828,24.170976638793945,1522044
2023-08-25,24.074073791503906,25.27407455444336,24.074073791503906,24.733333587646484,24.650856018066406,2004804
2023-08-28,25.92592430114746,26.496295928955078,24.91111183166504,25.525924682617188,25.44080352783203,4647793
2023-08-29,25.548147201538086,26.592592239379883,25.466665267944336,26.45185089111328,26.3636417388916,4044814
2023-08-30,25.56296157836914,25.77777671813965,24.333332061767578,24.77777671813965,24.69515037536621,4705695
2023-08-31,24.703702926635742,24.888887405395508,24.08148193359375,24.11111068725586,24.03070640563965,2263477
2023-09-01,24.19259262084961,24.22222137451172,23.45185089111328,23.74814796447754,23.668954849243164,1772712
2023-09-04,23.844444274902344,24.037036895751953,23.74814796447754,24.00740623474121,23.927349090576172,1014822
2023-09-05,24.0,24.11111068725586,23.414813995361328,23.607406616210938,23.528682708740234,1212192
2023-09-06,23.607406616210938,23.8592586517334,23.407407760620117,23.792591094970703,23.71324920654297,810324
2023-09-07,23.799999237060547,24.14073944091797,23.45185089111328,23.47407341003418,23.395793914794922,1228338
2023-09-08,23.466665267944336,23.61481475830078,22.985185623168945,23.00740623474121,22.930683135986328,1199448
2023-09-11,22.962961196899414,23.22222137451172,22.866666793823242,23.19259262084961,23.115251541137695,606393
2023-09-12,23.185184478759766,23.311111450195312,23.044443130493164,23.27407455444336,23.196462631225586,425223
2023-09-13,23.259258270263672,23.540739059448242,23.207406997680664,23.38518524169922,23.30720329284668,712125
2023-09-14,23.38518524169922,23.407407760620117,23.0222225189209,23.162961959838867,23.08572006225586,522342
2023-09-15,23.244443893432617,23.481481552124023,23.096296310424805,23.355554580688477,23.27766990661621,432873
2023-09-18,23.407407760620117,23.518518447875977,23.148147583007812,23.459259033203125,23.38102912902832,416934
2023-09-19,23.348148345947266,23.688888549804688,23.207406997680664,23.311111450195312,23.233375549316406,608921
2023-09-20,23.318517684936523,23.36296272277832,22.970369338989258,23.037036895751953,22.960214614868164,364095
2023-09-21,23.133333206176758,23.318517684936523,22.822221755981445,22.822221755981445,22.746116638183594,250479
2023-09-22,22.91851806640625,23.311111450195312,22.75555419921875,23.237037658691406,23.159549713134766,548136
2023-09-25,23.214813232421875,23.288888931274414,22.63703727722168,22.799999237060547,22.723968505859375,783783
2023-09-26,22.799999237060547,22.8370361328125,22.496295928955078,22.688888549804688,22.61322784423828,297093
2023-09-27,22.651851654052734,23.02962875366211,22.651851654052734,22.770370483398438,22.694438934326172,499797
2023-09-28,22.851850509643555,22.992591857910156,22.77777671813965,22.948148727416992,22.871623992919922,265194
2023-10-09,22.881481170654297,22.948148727416992,22.237037658691406,22.237037658691406,22.162883758544922,892825
2023-10-10,22.229629516601562,22.466665267944336,22.155555725097656,22.27407455444336,22.199796676635742,279207
2023-10-11,22.28148078918457,22.629629135131836,22.237037658691406,22.496295928955078,22.42127799987793,507978
2023-10-12,22.496295928955078,22.58518409729004,22.185184478759766,22.348148345947266,22.273624420166016,593703
2023-10-13,22.27407455444336,22.27407455444336,21.77777671813965,21.851850509643555,21.778980255126953,571050
2023-10-16,22.037036895751953,22.14073944091797,21.688888549804688,21.785184860229492,21.71253776550293,313848
2023-10-17,21.688888549804688,21.881481170654297,21.607406616210938,21.799999237060547,21.72730255126953,317034
2023-10-18,21.733333587646484,21.733333587646484,21.185184478759766,21.185184478759766,21.114538192749023,502443
2023-10-19,21.11111068725586,21.64444351196289,20.91111183166504,21.311111450195312,21.24004554748535,491400
2023-10-20,21.155555725097656,21.61481475830078,21.155555725097656,21.237037658691406,21.166217803955078,278046
2023-10-23,21.125925064086914,21.251850128173828,20.592592239379883,20.74814796447754,20.678958892822266,518211
2023-10-24,20.955554962158203,21.481481552124023,20.8370361328125,21.377777099609375,21.306488037109375,652266
2023-10-25,21.851850509643555,22.488887786865234,21.844444274902344,22.437036514282227,22.362215042114258,1490861
2023-10-26,22.177776336669922,22.629629135131836,21.89629554748535,22.00740623474121,21.934017181396484,985014
2023-10-27,21.985185623168945,22.200000762939453,21.92592430114746,22.17037010192871,22.096439361572266,561141
2023-10-30,22.296295166015625,22.481481552124023,21.851850509643555,22.237037658691406,22.162883758544922,557064
2023-10-31,22.237037658691406,22.355554580688477,22.014814376831055,22.266666412353516,22.192413330078125,371277
2023-11-01,22.370370864868164,22.459259033203125,22.177776336669922,22.44444465637207,22.369598388671875,420822
2023-11-02,22.511110305786133,22.592592239379883,22.237037658691406,22.251850128173828,22.17764663696289,292642
2023-11-03,22.511110305786133,22.511110305786133,22.155555725097656,22.19259262084961,22.118587493896484,443340
2023-11-06,22.30370330810547,22.651851654052734,22.28148078918457,22.629629135131836,22.554166793823242,532683
2023-11-07,22.69629669189453,22.69629669189453,22.30370330810547,22.55555534362793,22.48033905029297,442719
2023-11-08,22.592592239379883,22.622222900390625,22.370370864868164,22.496295928955078,22.42127799987793,407052
2023-11-09,22.66666603088379,22.66666603088379,22.214813232421875,22.414813995361328,22.34006690979004,475767
2023-11-10,22.259258270263672,22.740739822387695,22.22222137451172,22.28148078918457,22.207178115844727,675594
2023-11-13,22.414813995361328,22.61481475830078,22.28148078918457,22.600000381469727,22.524635314941406,561276
2023-11-14,22.64444351196289,22.770370483398438,22.525924682617188,22.72592544555664,22.6501407623291,516842
2023-11-15,22.785184860229492,22.866666793823242,22.651851654052734,22.688888549804688,22.61322784423828,350406
2023-11-16,22.69629669189453,22.75555419921875,22.540739059448242,22.592592239379883,22.51725196838379,347031
2023-11-17,22.518518447875977,22.703702926635742,22.437036514282227,22.703702926635742,22.627992630004883,358749
2023-11-20,22.762962341308594,22.8148136138916,22.540739059448242,22.785184860229492,22.709203720092773,430974
2023-11-21,22.785184860229492,23.17037010192871,22.785184860229492,22.82962989807129,22.75349998474121,629775
2023-11-22,22.955554962158203,23.148147583007812,22.770370483398438,22.888887405395508,22.812559127807617,862407
2023-11-23,22.80740737915039,23.02962875366211,22.592592239379883,22.89629554748535,22.819942474365234,496125
2023-11-24,23.096296310424805,23.096296310424805,22.518518447875977,22.659259796142578,22.583698272705078,621540
2023-11-27,22.577777862548828,22.74814796447754,22.38518524169922,22.548147201538086,22.47295570373535,370710
2023-11-28,22.607406616210938,22.82962989807129,22.429628372192383,22.8148136138916,22.738733291625977,579285
2023-11-29,22.740739822387695,22.844444274902344,22.414813995361328,22.437036514282227,22.362215042114258,444214
2023-11-30,22.651851654052734,22.681480407714844,22.162961959838867,22.348148345947266,22.273624420166016,443421
2023-12-01,22.348148345947266,22.56296157836914,22.28148078918457,22.466665267944336,22.391746520996094,388962
2023-12-04,22.333332061767578,23.103702545166016,22.325925827026367,23.044443130493164,22.96759605407715,1101473
2023-12-05,23.044443130493164,23.14073944091797,22.8592586517334,22.962961196899414,22.88638687133789,961100
2023-12-06,22.851850509643555,23.074073791503906,22.822221755981445,22.9777774810791,22.901153564453125,558260
2023-12-07,22.948148727416992,22.955554962158203,22.703702926635742,22.888887405395508,22.812559127807617,450657
2023-12-08,23.044443130493164,23.044443130493164,22.659259796142578,22.851850509643555,22.775646209716797,976017
2023-12-11,22.844444274902344,22.94074058532715,22.429628372192383,22.874074935913086,22.79779624938965,952935
2023-12-12,22.955554962158203,22.955554962158203,22.688888549804688,22.92592430114746,22.84947395324707,516294
2023-12-13,22.8592586517334,22.94074058532715,22.66666603088379,22.703702926635742,22.627992630004883,336879
2023-12-14,22.874074935913086,23.0,22.703702926635742,22.822221755981445,22.746116638183594,537759
2023-12-15,22.89629554748535,22.89629554748535,22.674074172973633,22.77777671813965,22.701820373535156,468909
2023-12-18,22.77777671813965,22.933332443237305,22.518518447875977,22.607406616210938,22.53201675415039,464427
2023-12-19,22.607406616210938,22.72592544555664,22.45185089111328,22.61481475830078,22.53940200805664,465048
2023-12-20,22.681480407714844,22.903703689575195,22.592592239379883,22.674074172973633,22.59846305847168,584577
2023-12-21,22.688888549804688,22.688888549804688,22.133333206176758,22.629629135131836,22.554166793823242,788832
2023-12-22,22.622222900390625,22.80740737915039,22.39259147644043,22.607406616210938,22.53201675415039,691848
2023-12-25,22.377777099609375,22.518518447875977,22.11111068725586,22.370370864868164,22.295772552490234,511083
2023-12-26,22.407407760620117,22.44444465637207,21.92592430114746,22.103702545166016,22.029993057250977,465885
2023-12-27,22.17037010192871,22.50370216369629,21.874074935913086,22.466665267944336,22.391746520996094,329360
2023-12-28,22.58518409729004,22.711111068725586,22.244443893432617,22.56296157836914,22.487720489501953,774501
2023-12-29,22.56296157836914,22.711111068725586,22.518518447875977,22.688888549804688,22.61322784423828,508113
2024-01-02,22.8592586517334,22.8592586517334,22.525924682617188,22.66666603088379,22.591079711914062,748305
2024-01-03,22.66666603088379,22.80740737915039,22.53333282470703,22.75555419921875,22.679670333862305,528768
2024-01-04,22.851850509643555,23.155555725097656,22.600000381469727,22.607406616210938,22.53201675415039,974565
2024-01-05,22.607406616210938,22.844444274902344,22.333332061767578,22.407407760620117,22.332685470581055,677376
2024-01-08,22.355554580688477,22.74814796447754,22.11111068725586,22.177776336669922,22.10382080078125,1126751
2024-01-09,22.11111068725586,22.518518447875977,22.044443130493164,22.14073944091797,22.066905975341797,560790
2024-01-10,22.037036895751953,22.518518447875977,21.888887405395508,22.096296310424805,22.022611618041992,655668
2024-01-11,22.096296310424805,22.288888931274414,21.92592430114746,22.207406997680664,22.133352279663086,581958
2024-01-12,22.22222137451172,22.659259796142578,22.037036895751953,22.22222137451172,22.148117065429688,757333
2024-01-15,22.22222137451172,22.22222137451172,22.22222137451172,22.22222137451172,22.148117065429688,0
2024-01-16,22.02962875366211,22.148147583007812,21.66666603088379,21.992591857910156,21.919252395629883,577476
2024-01-17,21.992591857910156,22.0,21.47407341003418,21.61481475830078,21.542736053466797,509301
2024-01-18,21.466665267944336,21.607406616210938,20.77777671813965,21.251850128173828,21.180980682373047,1052892
2024-01-19,21.466665267944336,21.466665267944336,20.948148727416992,21.148147583007812,21.077625274658203,306018
2024-01-22,21.074073791503906,21.11111068725586,19.69629669189453,20.14073944091797,20.073575973510742,1095876
2024-01-23,20.11111068725586,20.496295928955078,19.64444351196289,20.148147583007812,20.08095932006836,603890
2024-01-24,20.0222225189209,20.36296272277832,19.56296157836914,20.148147583007812,20.08095932006836,779139
2024-01-25,20.148147583007812,21.185184478759766,20.11111068725586,20.962961196899414,20.893056869506836,1556894
2024-01-26,20.874074935913086,21.629629135131836,20.8370361328125,20.948148727416992,20.878292083740234,1210734
2024-01-29,20.948148727416992,21.08888816833496,20.38518524169922,20.407407760620117,20.33935546875,782676
2024-01-30,20.407407760620117,20.407407760620117,19.629629135131836,19.688888549804688,19.623231887817383,945405
2024-01-31,19.56296157836914,19.688888549804688,18.822221755981445,18.881481170654297,18.818517684936523,871479
2024-02-01,19.244443893432617,19.244443893432617,18.229629516601562,18.370370864868164,18.309110641479492,672395
2024-02-02,18.44444465637207,18.63703727722168,16.9777774810791,17.56296157836914,17.50439453125,736101
2024-02-05,17.27407455444336,17.64444351196289,15.51111125946045,15.822221755981445,15.76945972442627,990644
2024-02-06,15.711111068725586,16.266666412353516,14.822221755981445,15.488887786865234,15.437236785888672,1111320
2024-02-07,15.474074363708496,15.903702735900879,14.940739631652832,15.229628562927246,15.178842544555664,1041938
2024-02-08,15.185185432434082,16.11111068725586,14.96296215057373,15.992591857910156,15.939261436462402,1157751
2024-02-19,16.0,17.325925827026367,15.992591857910156,16.94074058532715,16.884248733520508,1028176
2024-02-20,17.11111068725586,17.237037658691406,16.44444465637207,17.066665649414062,17.009754180908203,638563
2024-02-21,16.955554962158203,17.50370216369629,16.77777671813965,17.133333206176758,17.07619857788086,1051218
2024-02-22,17.244443893432617,17.325925827026367,17.037036895751953,17.28148078918457,17.223852157592773,720827
2024-02-23,17.27407455444336,17.659259796142578,17.27407455444336,17.63703727722168,17.578222274780273,799351
2024-02-26,17.63703727722168,18.19259262084961,17.629629135131836,17.82962989807129,17.770174026489258,1147656
2024-02-27,17.822221755981445,18.266666412353516,17.651851654052734,18.22222137451172,18.161455154418945,807138
2024-02-28,18.28148078918457,18.63703727722168,17.118518829345703,17.14073944091797,17.083580017089844,1685718
2024-02-29,17.044443130493164,17.61481475830078,16.9777774810791,17.50370216369629,17.44533348083496,938034
2024-03-01,17.518518447875977,17.72592544555664,17.39259147644043,17.718517303466797,17.65943145751953,817236
2024-03-04,17.64444351196289,17.881481170654297,17.30370330810547,17.703702926635742,17.64466667175293,725895
2024-03-05,17.600000381469727,17.822221755981445,17.377777099609375,17.377777099609375,17.319828033447266,509490
2024-03-06,17.348148345947266,17.58518409729004,17.229629516601562,17.429628372192383,17.371505737304688,458298
2024-03-07,17.422222137451172,17.681480407714844,17.266666412353516,17.325925827026367,17.26814842224121,620082
2024-03-08,17.325925827026367,17.422222137451172,17.148147583007812,17.318517684936523,17.260765075683594,329103
2024-03-11,17.318517684936523,17.762962341308594,17.266666412353516,17.762962341308594,17.70372772216797,800365
2024-03-12,17.770370483398438,17.985185623168945,17.55555534362793,17.9777774810791,17.917827606201172,873504
2024-03-13,17.9777774810791,18.066665649414062,17.733333587646484,17.799999237060547,17.74064064025879,596297
2024-03-14,17.948148727416992,18.11111068725586,17.688888549804688,18.014814376831055,17.954740524291992,868698
2024-03-15,17.992591857910156,18.14073944091797,17.799999237060547,18.08148193359375,18.02118492126465,777357
2024-03-18,18.36296272277832,19.622222900390625,18.125925064086914,19.496295928955078,19.43128204345703,2446796
2024-03-19,19.496295928955078,19.629629135131836,18.89629554748535,18.992591857910156,18.929256439208984,1404729
2024-03-20,18.985185623168945,19.177776336669922,18.888887405395508,19.103702545166016,19.039997100830078,500607
2024-03-21,19.074073791503906,19.296295166015625,18.92592430114746,19.096296310424805,19.032615661621094,715284
2024-03-22,19.096296310424805,19.148147583007812,18.459259033203125,18.518518447875977,18.456764221191406,1074627
2024-03-25,18.459259033203125,18.55555534362793,18.096296310424805,18.103702545166016,18.043333053588867,669492
2024-03-26,18.096296310424805,18.377777099609375,17.948148727416992,18.177776336669922,18.117158889770508,475821
2024-03-27,18.229629516601562,18.318517684936523,17.903703689575195,17.91111183166504,17.851383209228516,507735
2024-03-28,18.0222225189209,18.414813995361328,17.91111183166504,18.333332061767578,18.27219581604004,689499
2024-03-29,18.481481552124023,18.792591094970703,18.36296272277832,18.64444351196289,18.5822696685791,423765
2024-04-01,18.8148136138916,18.92592430114746,18.64444351196289,18.8592586517334,18.796369552612305,596200
2024-04-02,18.851850509643555,19.037036895751953,18.8148136138916,18.8592586517334,18.796369552612305,355978
2024-04-03,18.651851654052734,18.933332443237305,18.540739059448242,18.703702926635742,18.64133071899414,457515
2024-04-08,18.518518447875977,18.69629669189453,17.992591857910156,18.0,17.93997573852539,643198
2024-04-09,18.037036895751953,18.288888931274414,17.792591094970703,18.214813232421875,18.154071807861328,519345
2024-04-10,18.125925064086914,18.459259033203125,17.496295928955078,17.64444351196289,17.585603713989258,726678
2024-04-11,17.518518447875977,18.066665649414062,17.377777099609375,17.77777671813965,17.71849250793457,545616
2024-04-12,17.762962341308594,17.91851806640625,17.36296272277832,17.399999618530273,17.341976165771484,575922
2024-04-15,17.14073944091797,17.518518447875977,16.318517684936523,16.548147201538086,16.492963790893555,864837
2024-04-16,16.466665267944336,16.466665267944336,15.496295928955078,15.518518447875977,15.466769218444824,742338
2024-04-17,15.585185050964355,16.785184860229492,15.585185050964355,16.75555419921875,16.69968032836914,934193
2024-04-18,16.72592544555664,17.00740623474121,16.355554580688477,16.50370216369629,16.448667526245117,427869
2024-04-19,16.44444465637207,17.348148345947266,16.237037658691406,16.703702926635742,16.648000717163086,1084695
2024-04-22,16.459259033203125,16.822221755981445,16.259258270263672,16.44444465637207,16.389606475830078,614844
2024-04-23,16.44444465637207,17.577777862548828,16.429628372192383,16.962961196899414,16.906394958496094,1200710
2024-04-24,16.740739822387695,17.711111068725586,16.592592239379883,17.570369720458984,17.511777877807617,1171044
2024-04-25,17.422222137451172,17.703702926635742,17.244443893432617,17.466665267944336,17.408418655395508,864054
2024-04-26,17.407407760620117,17.629629135131836,16.80740737915039,17.39259147644043,17.334592819213867,1071994
2024-04-29,17.177776336669922,17.540739059448242,17.051851272583008,17.496295928955078,17.437950134277344,753354
2024-04-30,17.348148345947266,17.496295928955078,17.037036895751953,17.155555725097656,17.098346710205078,968220
2024-05-06,17.348148345947266,17.82962989807129,17.318517684936523,17.688888549804688,17.629901885986328,698942
2024-05-07,17.69629669189453,18.066665649414062,17.570369720458984,17.770370483398438,17.711111068725586,781596
2024-05-08,17.770370483398438,17.970369338989258,17.518518447875977,17.58518409729004,17.52654266357422,458865
2024-05-09,17.437036514282227,17.94074058532715,17.437036514282227,17.844444274902344,17.78493881225586,726354
2024-05-10,17.762962341308594,17.92592430114746,17.50370216369629,17.89629554748535,17.83661651611328,794522
2024-05-13,17.72592544555664,17.851850509643555,17.45185089111328,17.66666603088379,17.60775375366211,620318
2024-05-14,17.8370361328125,17.89629554748535,17.740739822387695,17.75555419921875,17.69634437561035,606690
2024-05-15,17.64444351196289,17.903703689575195,17.600000381469727,17.600000381469727,17.541309356689453,430434
2024-05-16,17.53333282470703,18.481481552124023,17.53333282470703,18.266666412353516,18.205753326416016,1507896
2024-05-17,18.051851272583008,18.399999618530273,17.888887405395508,18.325925827026367,18.264814376831055,1185518
2024-05-20,18.229629516601562,18.333332061767578,17.962961196899414,17.992591857910156,17.932592391967773,1148203
2024-05-21,18.299999237060547,18.940000534057617,17.600000381469727,17.600000381469727,17.600000381469727,1538716
2024-05-22,17.700000762939453,18.90999984741211,17.700000762939453,18.639999389648438,18.639999389648438,2382889
2024-05-23,18.40999984741211,18.5,17.829999923706055,17.950000762939453,17.950000762939453,1467576
2024-05-24,17.809999465942383,17.850000381469727,17.520000457763672,17.670000076293945,17.670000076293945,649861
2024-05-27,17.520000457763672,17.65999984741211,17.06999969482422,17.280000686645508,17.280000686645508,740133
2024-05-28,17.3799991607666,17.479999542236328,17.110000610351562,17.18000030517578,17.18000030517578,668704
2024-05-29,17.079999923706055,17.450000762939453,17.030000686645508,17.219999313354492,17.219999313354492,407640
2024-05-30,17.229999542236328,17.31999969482422,17.010000228881836,17.1299991607666,17.1299991607666,416745
2024-05-31,17.280000686645508,17.299999237060547,16.959999084472656,17.059999465942383,17.059999465942383,479370
2024-06-03,16.920000076293945,17.049999237060547,16.520000457763672,16.729999542236328,16.729999542236328,428083
2024-06-04,16.899999618530273,16.899999618530273,16.25,16.40999984741211,16.40999984741211,488738
2024-06-05,16.549999237060547,16.549999237060547,15.930000305175781,15.930000305175781,15.930000305175781,497872
2024-06-06,15.890000343322754,15.970000267028809,14.800000190734863,14.90999984741211,14.90999984741211,1124772
2024-06-07,15.039999961853027,15.399999618530273,15.039999961853027,15.319999694824219,15.319999694824219,597414
2024-06-11,15.300000190734863,15.479999542236328,14.8100004196167,15.359999656677246,15.359999656677246,773705
2024-06-12,15.210000038146973,15.539999961853027,15.210000038146973,15.390000343322754,15.390000343322754,564424
2024-06-13,15.4399995803833,15.5600004196167,15.149999618530273,15.25,15.25,392827
2024-06-14,15.079999923706055,15.4399995803833,15.0,15.390000343322754,15.390000343322754,296895
2024-06-17,15.390000343322754,15.479999542236328,15.220000267028809,15.229999542236328,15.229999542236328,530546
2024-06-18,15.319999694824219,15.630000114440918,15.0600004196167,15.569999694824219,15.569999694824219,483965
2024-06-19,15.579999923706055,16.239999771118164,15.579999923706055,15.989999771118164,15.989999771118164,1105438
2024-06-20,15.920000076293945,16.0,15.529999732971191,15.579999923706055,15.579999923706055,744617
2024-06-21,15.579999923706055,16.06999969482422,15.359999656677246,15.970000267028809,15.970000267028809,825879
2024-06-24,15.819999694824219,15.90999984741211,14.989999771118164,15.010000228881836,15.010000228881836,785653
2024-06-25,14.979999542236328,15.579999923706055,14.899999618530273,15.270000457763672,15.270000457763672,572956
2024-06-26,15.319999694824219,16.030000686645508,15.0,15.989999771118164,15.989999771118164,826876
2024-06-27,15.960000038146973,16.149999618530273,15.710000038146973,15.720000267028809,15.720000267028809,588813
2024-06-28,15.600000381469727,15.979999542236328,15.600000381469727,15.680000305175781,15.680000305175781,443899
2024-07-01,15.680000305175781,16.040000915527344,15.680000305175781,15.970000267028809,15.970000267028809,606663
2024-07-02,15.899999618530273,16.079999923706055,15.8100004196167,15.869999885559082,15.869999885559082,328450
2024-07-03,15.880000114440918,15.90999984741211,15.579999923706055,15.600000381469727,15.600000381469727,281247
2024-07-04,15.510000228881836,15.649999618530273,14.970000267028809,15.0,15.0,447338
2024-07-05,15.0,15.220000267028809,14.819999694824219,15.180000305175781,15.180000305175781,190926
2024-07-08,15.1899995803833,15.1899995803833,14.670000076293945,14.670000076293945,14.670000076293945,386705
2024-07-09,14.65999984741211,15.210000038146973,14.270000457763672,15.180000305175781,15.180000305175781,668040
2024-07-10,15.140000343322754,15.399999618530273,15.050000190734863,15.119999885559082,15.119999885559082,366906
2024-07-11,15.319999694824219,15.40999984741211,15.15999984741211,15.279999732971191,15.279999732971191,458557
2024-07-12,15.279999732971191,15.539999961853027,15.260000228881836,15.270000457763672,15.270000457763672,351465
2024-07-15,15.350000381469727,15.350000381469727,14.760000228881836,14.779999732971191,14.779999732971191,376394
2024-07-16,14.760000228881836,14.949999809265137,14.680000305175781,14.739999771118164,14.739999771118164,206181
2024-07-17,14.84000015258789,14.90999984741211,14.699999809265137,14.699999809265137,14.699999809265137,164200
2024-07-18,14.680000305175781,14.680000305175781,14.329999923706055,14.539999961853027,14.539999961853027,248794
2024-07-19,14.569999694824219,14.729999542236328,14.449999809265137,14.710000038146973,14.710000038146973,281885
2024-07-22,14.65999984741211,14.949999809265137,14.569999694824219,14.800000190734863,14.800000190734863,344213
2024-07-23,14.770000457763672,14.920000076293945,14.5,14.510000228881836,14.510000228881836,282197
2024-07-24,14.479999542236328,14.5600004196167,14.279999732971191,14.430000305175781,14.430000305175781,300332
2024-07-25,14.350000381469727,14.649999618530273,14.3100004196167,14.5600004196167,14.5600004196167,196726
2024-07-26,14.539999961853027,14.760000228881836,14.539999961853027,14.720000267028809,14.720000267028809,251812
2024-07-29,14.770000457763672,14.90999984741211,14.520000457763672,14.760000228881836,14.760000228881836,219704
2024-07-30,14.65999984741211,15.010000228881836,14.65999984741211,14.920000076293945,14.920000076293945,302668
2024-07-31,15.029999732971191,15.289999961853027,14.720000267028809,15.210000038146973,15.210000038146973,544218
2024-08-01,15.390000343322754,15.859999656677246,15.260000228881836,15.3100004196167,15.3100004196167,759068
2024-08-02,15.210000038146973,15.539999961853027,14.880000114440918,15.220000267028809,15.220000267028809,519913
2024-08-05,15.109999656677246,15.75,15.010000228881836,15.359999656677246,15.359999656677246,1024653
2024-08-06,15.5,15.550000190734863,15.239999771118164,15.470000267028809,15.470000267028809,536117
2024-08-07,15.520000457763672,15.569999694824219,15.239999771118164,15.350000381469727,15.350000381469727,347824
2024-08-08,15.199999809265137,15.430000305175781,15.180000305175781,15.25,15.25,445094
2024-08-09,15.0,15.649999618530273,15.0,15.399999618530273,15.399999618530273,645202
2024-08-12,15.399999618530273,15.479999542236328,15.149999618530273,15.270000457763672,15.270000457763672,510247
2024-08-13,15.15999984741211,16.360000610351562,15.039999961853027,15.949999809265137,15.949999809265137,1376480
2024-08-14,15.970000267028809,17.059999465942383,15.850000381469727,15.850000381469727,15.850000381469727,2396381
2024-08-15,15.579999923706055,15.859999656677246,15.399999618530273,15.520000457763672,15.520000457763672,1519700
2024-08-16,15.579999923706055,15.579999923706055,15.199999809265137,15.199999809265137,15.199999809265137,763314
2024-08-19,15.199999809265137,15.300000190734863,14.9399995803833,15.079999923706055,15.079999923706055,463917
2024-08-20,15.130000114440918,15.229999542236328,14.65999984741211,14.6899995803833,14.6899995803833,499532
2024-08-21,14.6899995803833,14.890000343322754,14.59000015258789,14.720000267028809,14.720000267028809,293820
2024-08-22,14.680000305175781,14.760000228881836,14.460000038146973,14.489999771118164,14.489999771118164,337454
2024-08-23,14.399999618530273,14.520000457763672,14.279999732971191,14.359999656677246,14.359999656677246,296516
2024-08-26,14.510000228881836,14.890000343322754,14.369999885559082,14.789999961853027,14.789999961853027,421933
2024-08-27,14.600000381469727,15.229999542236328,14.579999923706055,15.109999656677246,15.109999656677246,832506
2024-08-28,15.0,15.0,14.609999656677246,14.710000038146973,14.710000038146973,619373
2024-08-29,14.699999809265137,14.729999542236328,14.449999809265137,14.720000267028809,14.720000267028809,543907
2024-08-30,14.710000038146973,15.010000228881836,14.609999656677246,14.859999656677246,14.859999656677246,507323
2024-09-02,14.859999656677246,14.970000267028809,14.529999732971191,14.529999732971191,14.529999732971191,444609
2024-09-03,14.460000038146973,14.770000457763672,14.420000076293945,14.5600004196167,14.5600004196167,284804
2024-09-04,14.529999732971191,14.600000381469727,14.399999618530273,14.510000228881836,14.510000228881836,296367
2024-09-05,14.59000015258789,14.779999732971191,14.5600004196167,14.760000228881836,14.760000228881836,295247
2024-09-06,14.729999542236328,14.84000015258789,14.510000228881836,14.569999694824219,14.569999694824219,324482
2024-09-09,14.510000228881836,14.65999984741211,14.350000381469727,14.579999923706055,14.579999923706055,212998
2024-09-10,14.579999923706055,14.710000038146973,14.420000076293945,14.640000343322754,14.640000343322754,234964
2024-09-11,14.649999618530273,14.90999984741211,14.550000190734863,14.670000076293945,14.670000076293945,270812
2024-09-12,14.670000076293945,14.979999542236328,14.640000343322754,14.890000343322754,14.890000343322754,400936
2024-09-13,14.869999885559082,15.279999732971191,14.729999542236328,14.829999923706055,14.829999923706055,630902
2024-09-18,14.729999542236328,14.8100004196167,14.210000038146973,14.449999809265137,14.449999809265137,464860
2024-09-19,14.449999809265137,15.039999961853027,14.449999809265137,15.010000228881836,15.010000228881836,611004
2024-09-20,14.869999885559082,16.350000381469727,14.869999885559082,15.5600004196167,15.5600004196167,1710547
2024-09-23,15.5600004196167,15.600000381469727,15.170000076293945,15.399999618530273,15.399999618530273,1001219
2024-09-24,15.399999618530273,15.6899995803833,15.220000267028809,15.619999885559082,15.619999885559082,772591
2024-09-25,15.720000267028809,16.0,15.640000343322754,15.6899995803833,15.6899995803833,1072608
2024-09-26,15.6899995803833,16.15999984741211,15.6899995803833,16.049999237060547,16.049999237060547,913418
2024-09-27,16.280000686645508,16.850000381469727,16.18000030517578,16.6200008392334,16.6200008392334,1442213
2024-09-30,17.3799991607666,18.979999542236328,16.90999984741211,18.8799991607666,18.8799991607666,3407437
2024-10-08,21.579999923706055,21.780000686645508,18.959999084472656,20.229999542236328,20.229999542236328,4225403
2024-10-09,19.31999969482422,19.649999618530273,18.15999984741211,18.15999984741211,18.15999984741211,2007242
2024-10-10,18.190000534057617,18.8799991607666,18.110000610351562,18.3700008392334,18.3700008392334,1125974
2024-10-11,18.3700008392334,18.440000534057617,17.6200008392334,17.81999969482422,17.81999969482422,875040
2024-10-14,17.93000030517578,18.3700008392334,17.690000534057617,18.270000457763672,18.270000457763672,828291
2024-10-15,18.020000457763672,18.389999389648438,17.81999969482422,17.989999771118164,17.989999771118164,1039050
2024-10-16,17.760000228881836,18.549999237060547,17.690000534057617,18.239999771118164,18.239999771118164,1095280
2024-10-17,18.75,18.899999618530273,18.309999465942383,18.34000015258789,18.34000015258789,1817520
2024-10-18,18.34000015258789,18.670000076293945,17.979999542236328,18.420000076293945,18.420000076293945,1784586
2024-10-21,18.299999237060547,18.790000915527344,18.290000915527344,18.56999969482422,18.56999969482422,1272825
2024-10-22,18.739999771118164,18.780000686645508,18.420000076293945,18.479999542236328,18.479999542236328,946832
2024-10-23,18.389999389648438,18.649999618530273,18.389999389648438,18.43000030517578,18.43000030517578,799163
2024-10-24,18.399999618530273,18.59000015258789,18.31999969482422,18.510000228881836,18.510000228881836,550737
2024-10-25,18.43000030517578,18.979999542236328,18.420000076293945,18.920000076293945,18.920000076293945,1122297
2024-10-28,19.0,20.149999618530273,18.81999969482422,19.860000610351562,19.860000610351562,2241564
2024-10-29,19.809999465942383,20.0,19.100000381469727,19.149999618530273,19.149999618530273,1261904
2024-10-30,18.8799991607666,19.09000015258789,18.399999618530273,18.559999465942383,18.559999465942383,1491511
2024-10-31,18.549999237060547,19.049999237060547,18.360000610351562,18.860000610351562,18.860000610351562,1084809
2024-11-01,18.850000381469727,18.969999313354492,18.31999969482422,18.329999923706055,18.329999923706055,1043872
2024-11-04,18.489999771118164,18.489999771118164,18.209999084472656,18.440000534057617,18.440000534057617,687111
2024-11-05,18.479999542236328,18.81999969482422,18.299999237060547,18.81999969482422,18.81999969482422,981031
2024-11-06,18.860000610351562,19.049999237060547,18.520000457763672,18.709999084472656,18.709999084472656,1224865
2024-11-07,18.600000381469727,19.1200008392334,18.600000381469727,19.110000610351562,19.110000610351562,1313373
2024-11-08,19.299999237060547,19.559999465942383,18.90999984741211,19.149999618530273,19.149999618530273,1775380
2024-11-11,19.25,19.649999618530273,19.09000015258789,19.479999542236328,19.479999542236328,1405047
2024-11-12,19.520000457763672,19.719999313354492,19.170000076293945,19.399999618530273,19.399999618530273,1366446
2024-11-13,19.399999618530273,19.75,19.059999465942383,19.43000030517578,19.43000030517578,995141
2024-11-14,19.5,19.56999969482422,18.959999084472656,18.989999771118164,18.989999771118164,791886
2024-11-15,18.8799991607666,19.309999465942383,18.780000686645508,18.860000610351562,18.860000610351562,698007
2024-11-18,18.850000381469727,19.25,18.639999389648438,18.790000915527344,18.790000915527344,974998
2024-11-19,18.850000381469727,19.200000762939453,18.6200008392334,19.190000534057617,19.190000534057617,1184026
2024-11-20,19.079999923706055,19.25,18.940000534057617,19.1299991607666,19.1299991607666,918263
2024-11-21,19.15999984741211,19.280000686645508,18.90999984741211,19.09000015258789,19.09000015258789,676353
2024-11-22,19.09000015258789,19.200000762939453,18.31999969482422,18.31999969482422,18.31999969482422,1319899
2024-11-25,18.329999923706055,18.829999923706055,18.329999923706055,18.709999084472656,18.709999084472656,903345
2024-11-26,18.709999084472656,19.100000381469727,18.540000915527344,18.559999465942383,18.559999465942383,636613
2024-11-27,18.559999465942383,18.600000381469727,17.8799991607666,18.559999465942383,18.559999465942383,903719
2024-11-28,18.559999465942383,19.06999969482422,18.549999237060547,18.90999984741211,18.90999984741211,1089962
2024-11-29,18.93000030517578,19.100000381469727,18.739999771118164,18.920000076293945,18.920000076293945,790022
2024-12-02,18.950000762939453,19.3799991607666,18.950000762939453,19.209999084472656,19.209999084472656,1338575
2024-12-03,19.200000762939453,19.299999237060547,18.959999084472656,19.219999313354492,19.219999313354492,918947
2024-12-04,19.219999313354492,19.290000915527344,18.75,18.809999465942383,18.809999465942383,958610
2024-12-05,18.729999542236328,19.09000015258789,18.700000762939453,19.030000686645508,19.030000686645508,598108
2024-12-06,19.200000762939453,19.299999237060547,19.0,19.299999237060547,19.299999237060547,1102050
2024-12-09,19.350000381469727,19.459999084472656,19.1200008392334,19.309999465942383,19.309999465942383,755688
2024-12-10,19.799999237060547,19.8799991607666,19.229999542236328,19.260000228881836,19.260000228881836,1472233
2024-12-11,19.260000228881836,19.5,19.260000228881836,19.40999984741211,19.40999984741211,833016
2024-12-12,19.389999389648438,21.579999923706055,19.329999923706055,20.920000076293945,20.920000076293945,5042802
2024-12-13,20.899999618530273,21.09000015258789,20.309999465942383,20.829999923706055,20.829999923706055,2392370
2024-12-16,20.829999923706055,21.079999923706055,20.459999084472656,20.6200008392334,20.6200008392334,1380019
2024-12-17,20.549999237060547,20.56999969482422,19.010000228881836,19.020000457763672,19.020000457763672,1814119
2024-12-18,19.459999084472656,19.459999084472656,18.760000228881836,18.860000610351562,18.860000610351562,933784
2024-12-19,18.729999542236328,18.920000076293945,18.559999465942383,18.700000762939453,18.700000762939453,871838
2024-12-20,18.549999237060547,18.93000030517578,18.549999237060547,18.84000015258789,18.84000015258789,830237
2024-12-23,18.84000015258789,18.850000381469727,17.90999984741211,17.979999542236328,17.979999542236328,1024721
2024-12-24,18.100000381469727,18.260000228881836,17.700000762939453,18.049999237060547,18.049999237060547,605828
2024-12-25,18.059999465942383,18.059999465942383,17.3700008392334,17.389999389648438,17.389999389648438,790863
2024-12-26,17.389999389648438,17.690000534057617,17.389999389648438,17.420000076293945,17.420000076293945,772841
2024-12-27,17.40999984741211,17.790000915527344,17.3799991607666,17.549999237060547,17.549999237060547,762081
2024-12-30,17.530000686645508,17.600000381469727,17.030000686645508,17.360000610351562,17.360000610351562,628175
2024-12-31,17.299999237060547,17.579999923706055,16.899999618530273,16.90999984741211,16.90999984741211,601992
2025-01-02,17.030000686645508,17.290000915527344,16.540000915527344,16.639999389648438,16.639999389648438,623406
2025-01-03,16.709999084472656,16.899999618530273,16.010000228881836,16.010000228881836,16.010000228881836,760214
2025-01-06,16.059999465942383,16.290000915527344,15.489999771118164,16.0,16.0,540197
2025-01-07,15.979999542236328,16.450000762939453,15.960000038146973,16.299999237060547,16.299999237060547,428908
2025-01-08,16.139999389648438,16.450000762939453,15.920000076293945,16.25,16.25,555675
2025-01-09,16.15999984741211,16.350000381469727,16.030000686645508,16.219999313354492,16.219999313354492,396204
2025-01-10,16.209999084472656,16.350000381469727,15.699999809265137,15.699999809265137,15.699999809265137,470350
2025-01-13,15.699999809265137,15.869999885559082,15.34000015258789,15.869999885559082,15.869999885559082,457393
2025-01-14,15.949999809265137,16.3799991607666,15.930000305175781,16.360000610351562,16.360000610351562,539505
2025-01-15,16.530000686645508,16.6299991607666,16.190000534057617,16.40999984741211,16.40999984741211,360071
2025-01-16,16.600000381469727,16.670000076293945,16.399999618530273,16.670000076293945,16.670000076293945,579109
2025-01-17,16.56999969482422,16.690000534057617,16.489999771118164,16.549999237060547,16.549999237060547,396813
2025-01-20,16.5,16.719999313354492,16.299999237060547,16.639999389648438,16.639999389648438,471434
2025-01-21,16.639999389648438,16.709999084472656,16.309999465942383,16.3700008392334,16.3700008392334,367427
2025-01-22,16.350000381469727,16.420000076293945,16.06999969482422,16.18000030517578,16.18000030517578,203022
2025-01-23,16.579999923706055,16.59000015258789,16.229999542236328,16.239999771118164,16.239999771118164,360595
2025-01-24,16.200000762939453,16.420000076293945,15.960000038146973,16.329999923706055,16.329999923706055,395810
2025-01-27,16.260000228881836,16.690000534057617,16.219999313354492,16.280000686645508,16.280000686645508,575875
2025-02-05,16.280000686645508,16.559999465942383,16.15999984741211,16.329999923706055,16.329999923706055,323791
2025-02-06,16.34000015258789,16.540000915527344,16.170000076293945,16.530000686645508,16.530000686645508,498024
2025-02-07,16.5,16.860000610351562,16.5,16.729999542236328,16.729999542236328,690764
2025-02-10,16.790000915527344,16.969999313354492,16.729999542236328,16.950000762939453,16.950000762939453,478763
2025-02-11,16.959999084472656,17.040000915527344,16.649999618530273,16.739999771118164,16.739999771118164,484909
2025-02-12,16.889999389648438,16.889999389648438,16.6200008392334,16.799999237060547,16.799999237060547,447933
2025-02-13,16.799999237060547,16.950000762939453,16.68000030517578,16.850000381469727,16.850000381469727,535589
2025-02-14,16.809999465942383,16.959999084472656,16.75,16.90999984741211,16.90999984741211,692652
2025-02-17,17.0,17.139999389648438,16.829999923706055,17.030000686645508,17.030000686645508,800778
2025-02-18,16.940000534057617,17.040000915527344,16.43000030517578,16.600000381469727,16.600000381469727,656119
2025-02-19,16.579999923706055,16.889999389648438,16.510000228881836,16.770000457763672,16.770000457763672,479518
2025-02-20,16.639999389648438,17.209999084472656,16.639999389648438,17.18000030517578,17.18000030517578,933425
2025-02-21,17.110000610351562,17.790000915527344,16.899999618530273,17.489999771118164,17.489999771118164,1624661
2025-02-24,17.5,18.989999771118164,17.34000015258789,18.75,18.75,3063238
2025-02-25,18.68000030517578,19.469999313354492,18.329999923706055,18.719999313354492,18.719999313354492,3580487
2025-02-26,18.690000534057617,19.3799991607666,18.079999923706055,18.1299991607666,18.1299991607666,2643024
2025-02-27,18.309999465942383,18.360000610351562,17.979999542236328,17.979999542236328,17.979999542236328,1075339
2025-02-28,17.979999542236328,18.09000015258789,17.579999923706055,17.59000015258789,17.59000015258789,772538
2025-03-03,17.979999542236328,17.979999542236328,17.40999984741211,17.540000915527344,17.540000915527344,830929
2025-03-04,17.399999618530273,17.65999984741211,17.399999618530273,17.649999618530273,17.649999618530273,614680
2025-03-05,17.690000534057617,17.729999542236328,17.3799991607666,17.559999465942383,17.559999465942383,587414
2025-03-06,17.56999969482422,17.940000534057617,17.56999969482422,17.8799991607666,17.8799991607666,807960
2025-03-07,17.850000381469727,17.899999618530273,17.6299991607666,17.809999465942383,17.809999465942383,507058
2025-03-10,17.899999618530273,18.229999542236328,17.780000686645508,18.18000030517578,18.18000030517578,1174334
2025-03-11,18.18000030517578,18.18000030517578,17.940000534057617,18.18000030517578,18.18000030517578,507045
2025-03-12,18.15999984741211,18.600000381469727,18.079999923706055,18.260000228881836,18.260000228881836,762112
2025-03-13,18.18000030517578,18.229999542236328,17.8799991607666,18.059999465942383,18.059999465942383,581571
2025-03-14,18.040000915527344,18.40999984741211,17.920000076293945,18.389999389648438,18.389999389648438,626301
2025-03-17,18.3799991607666,18.479999542236328,18.290000915527344,18.479999542236328,18.479999542236328,444595
2025-03-18,18.440000534057617,18.5,18.299999237060547,18.440000534057617,18.440000534057617,381668
2025-03-19,18.440000534057617,18.459999084472656,18.229999542236328,18.34000015258789,18.34000015258789,430569
2025-03-20,18.34000015258789,18.440000534057617,18.200000762939453,18.25,18.25,391974
2025-03-21,18.399999618530273,18.399999618530273,17.940000534057617,17.989999771118164,17.989999771118164,493606
2025-03-24,17.90999984741211,18.110000610351562,17.299999237060547,17.639999389648438,17.639999389648438,886832
2025-03-25,17.59000015258789,17.670000076293945,17.299999237060547,17.450000762939453,17.450000762939453,410400
2025-03-26,17.350000381469727,17.979999542236328,17.350000381469727,17.899999618530273,17.899999618530273,874957
2025-03-27,17.899999618530273,17.899999618530273,17.489999771118164,17.670000076293945,17.670000076293945,489463
2025-03-28,17.510000228881836,17.700000762939453,17.200000762939453,17.200000762939453,17.200000762939453,624680
2025-03-31,17.030000686645508,17.190000534057617,16.700000762939453,16.950000762939453,16.950000762939453,508719
2025-04-01,16.90999984741211,17.639999389648438,16.90999984741211,17.350000381469727,17.350000381469727,716574
2025-04-02,17.229999542236328,17.459999084472656,17.170000076293945,17.25,17.25,291117
2025-04-03,17.25,17.40999984741211,17.059999465942383,17.239999771118164,17.239999771118164,476813
2025-04-07,16.889999389648438,16.889999389648438,14.529999732971191,14.770000457763672,14.770000457763672,1460725
2025-04-08,14.90999984741211,15.649999618530273,14.90999984741211,15.609999656677246,15.609999656677246,1126551
2025-04-09,15.5,16.190000534057617,14.800000190734863,16.059999465942383,16.059999465942383,924511
2025-04-10,16.209999084472656,16.549999237060547,16.200000762939453,16.309999465942383,16.309999465942383,771366
2025-04-11,16.309999465942383,16.459999084472656,16.110000610351562,16.15999984741211,16.15999984741211,537302
2025-04-14,16.209999084472656,16.59000015258789,16.15999984741211,16.229999542236328,16.229999542236328,549819
2025-04-15,16.209999084472656,16.440000534057617,16.059999465942383,16.399999618530273,16.399999618530273,819829
2025-04-16,16.440000534057617,16.469999313354492,16.0,16.270000457763672,16.270000457763672,600652
2025-04-17,16.389999389648438,16.68000030517578,16.149999618530273,16.420000076293945,16.420000076293945,733350
2025-04-18,16.469999313354492,16.719999313354492,16.15999984741211,16.649999618530273,16.649999618530273,500927
2025-04-21,16.649999618530273,17.15999984741211,16.229999542236328,16.979999542236328,16.979999542236328,918036
2025-04-22,17.1200008392334,17.270000457763672,16.8799991607666,17.010000228881836,17.010000228881836,635485
2025-04-23,17.200000762939453,17.239999771118164,17.0,17.030000686645508,17.030000686645508,799555
2025-04-24,17.200000762939453,17.200000762939453,16.850000381469727,16.959999084472656,16.959999084472656,421749
2025-04-25,16.959999084472656,17.18000030517578,16.68000030517578,16.850000381469727,16.850000381469727,295772
2025-04-28,16.950000762939453,16.950000762939453,16.520000457763672,16.579999923706055,16.579999923706055,599358
2025-04-29,16.049999237060547,17.079999923706055,16.049999237060547,16.8700008392334,16.8700008392334,646349
2025-04-30,16.809999465942383,17.25,16.809999465942383,17.09000015258789,17.09000015258789,501420
2025-05-06,17.09000015258789,17.350000381469727,17.09000015258789,17.329999923706055,17.329999923706055,670582
2025-05-07,17.489999771118164,17.579999923706055,17.350000381469727,17.549999237060547,17.549999237060547,793390
2025-05-08,17.489999771118164,17.600000381469727,17.350000381469727,17.520000457763672,17.520000457763672,607196
2025-05-09,17.65999984741211,18.170000076293945,17.43000030517578,17.700000762939453,17.700000762939453,1371515
2025-05-12,17.979999542236328,18.280000686645508,17.540000915527344,17.770000457763672,17.770000457763672,1068410
2025-05-13,17.959999084472656,17.989999771118164,17.639999389648438,17.700000762939453,17.700000762939453,636295
2025-05-14,17.84000015258789,18.100000381469727,17.6299991607666,18.010000228881836,18.010000228881836,1260851
2025-05-15,18.049999237060547,18.299999237060547,17.770000457763672,18.030000686645508,18.030000686645508,1252959
2025-05-16,18.18000030517578,18.299999237060547,17.81999969482422,18.059999465942383,18.059999465942383,1100835
2025-05-19,18.049999237060547,18.75,17.700000762939453,18.459999084472656,18.459999084472656,1362602
2025-05-20,18.31999969482422,19.280000686645508,18.1299991607666,19.0,19.0,2050141
2025-05-21,18.989999771118164,19.489999771118164,18.809999465942383,19.399999618530273,19.399999618530273,1982994
2025-05-22,19.399999618530273,19.40999984741211,18.450000762939453,18.549999237060547,18.549999237060547,1599956
2025-05-23,18.299999237060547,18.34000015258789,18.100000381469727,18.18000030517578,18.18000030517578,897318
2025-05-26,18.260000228881836,18.799999237060547,18.020000457763672,18.399999618530273,18.399999618530273,708321
2025-05-27,18.420000076293945,18.68000030517578,18.420000076293945,18.6200008392334,18.6200008392334,480441
2025-05-28,18.639999389648438,18.860000610351562,18.510000228881836,18.690000534057617,18.690000534057617,378981
2025-05-29,18.770000457763672,19.68000030517578,18.649999618530273,19.6200008392334,19.6200008392334,1967564
2025-05-30,19.690000534057617,20.149999618530273,19.360000610351562,19.780000686645508,19.780000686645508,1865189
2025-06-03,20.18000030517578,20.18000030517578,19.43000030517578,19.75,19.75,1265378
2025-06-04,20.0,20.139999389648438,19.600000381469727,20.030000686645508,20.030000686645508,1412334
2025-06-05,20.030000686645508,20.1299991607666,19.5,19.540000915527344,19.540000915527344,1209313
2025-06-06,19.579999923706055,20.020000457763672,19.559999465942383,19.860000610351562,19.860000610351562,879132
2025-06-09,19.989999771118164,20.18000030517578,19.700000762939453,19.700000762939453,19.700000762939453,1157527
2025-06-10,19.700000762939453,19.809999465942383,19.149999618530273,19.350000381469727,19.350000381469727,1164089
2025-06-11,19.360000610351562,19.649999618530273,19.239999771118164,19.420000076293945,19.420000076293945,766164
2025-06-12,19.350000381469727,19.489999771118164,19.219999313354492,19.469999313354492,19.469999313354492,371605
2025-06-13,19.469999313354492,19.559999465942383,19.09000015258789,19.25,19.25,544864
2025-06-16,19.329999923706055,19.989999771118164,19.09000015258789,19.93000030517578,19.93000030517578,879602
2025-06-17,19.989999771118164,19.989999771118164,19.65999984741211,19.81999969482422,19.81999969482422,437310
2025-06-18,19.6200008392334,19.899999618530273,19.530000686645508,19.729999542236328,19.729999542236328,520487
2025-06-19,19.690000534057617,19.950000762939453,19.549999237060547,19.6299991607666,19.6299991607666,762202
2025-06-20,19.639999389648438,19.709999084472656,19.049999237060547,19.110000610351562,19.110000610351562,691462
2025-06-23,19.229999542236328,19.450000762939453,18.979999542236328,19.440000534057617,19.440000534057617,641217
2025-06-24,19.540000915527344,19.639999389648438,19.309999465942383,19.579999923706055,19.579999923706055,445343
2025-06-25,19.579999923706055,19.670000076293945,19.25,19.479999542236328,19.479999542236328,586358
2025-06-26,19.56999969482422,19.56999969482422,19.280000686645508,19.280000686645508,19.280000686645508,429042
2025-06-27,19.299999237060547,19.540000915527344,19.280000686645508,19.440000534057617,19.440000534057617,452703
2025-06-30,19.549999237060547,19.610000610351562,19.3799991607666,19.520000457763672,19.520000457763672,423655
2025-07-01,19.530000686645508,19.6200008392334,19.18000030517578,19.25,19.25,519736
2025-07-02,19.260000228881836,19.34000015258789,19.010000228881836,19.25,19.25,437459
2025-07-03,19.280000686645508,19.399999618530273,19.149999618530273,19.399999618530273,19.399999618530273,367556
2025-07-04,19.399999618530273,19.450000762939453,19.139999389648438,19.18000030517578,19.18000030517578,501430
2025-07-07,19.200000762939453,19.6299991607666,19.110000610351562,19.6299991607666,19.6299991607666,549606
2025-07-08,19.639999389648438,19.68000030517578,19.510000228881836,19.639999389648438,19.639999389648438,445477
2025-07-09,19.639999389648438,19.899999618530273,19.530000686645508,19.8799991607666,19.8799991607666,712059
2025-07-10,19.959999084472656,20.149999618530273,19.700000762939453,20.149999618530273,20.149999618530273,825721
2025-07-11,20.010000228881836,20.219999313354492,19.709999084472656,19.760000228881836,19.760000228881836,885674
2025-07-14,19.8700008392334,22.5,19.68000030517578,21.18000030517578,21.18000030517578,4569287
2025-07-15,20.959999084472656,21.09000015258789,20.260000228881836,21.09000015258789,21.09000015258789,3159028
2025-07-16,20.989999771118164,25.15999984741211,20.75,22.829999923706055,22.829999923706055,6077785
2025-07-17,22.0,22.84000015258789,21.700000762939453,22.799999237060547,22.799999237060547,4085721
2025-07-18,22.600000381469727,22.670000076293945,22.0,22.200000762939453,22.200000762939453,2809343
2025-07-21,22.200000762939453,22.8799991607666,21.899999618530273,22.020000457763672,22.020000457763672,2485849
2025-07-22,21.979999542236328,22.299999237060547,21.739999771118164,22.1200008392334,22.1200008392334,2158109
2025-07-23,21.93000030517578,22.280000686645508,21.600000381469727,21.729999542236328,21.729999542236328,1854266
2025-07-24,21.700000762939453,21.84000015258789,21.579999923706055,21.670000076293945,21.670000076293945,1053709
2025-07-25,21.8799991607666,21.989999771118164,21.639999389648438,21.969999313354492,21.969999313354492,1193997
2025-07-28,21.969999313354492,22.079999923706055,21.709999084472656,22.010000228881836,22.010000228881836,757018
2025-07-29,22.049999237060547,22.049999237060547,21.760000228881836,21.809999465942383,21.809999465942383,705330
2025-07-30,21.969999313354492,22.399999618530273,21.709999084472656,21.860000610351562,21.860000610351562,1410304
2025-07-31,21.729999542236328,21.8799991607666,21.270000457763672,21.299999237060547,21.299999237060547,1078352
2025-08-01,21.6200008392334,22.540000915527344,21.40999984741211,22.399999618530273,22.399999618530273,2777969
2025-08-04,22.209999084472656,22.40999984741211,21.860000610351562,22.260000228881836,22.260000228881836,1495966
2025-08-05,22.200000762939453,22.959999084472656,22.110000610351562,22.790000915527344,22.790000915527344,2274550
2025-08-06,22.700000762939453,22.790000915527344,22.399999618530273,22.520000457763672,22.520000457763672,1413937
2025-08-07,22.639999389648438,22.719999313354492,22.329999923706055,22.34000015258789,22.34000015258789,1025985
2025-08-08,22.360000610351562,22.649999618530273,22.219999313354492,22.549999237060547,22.549999237060547,1157714
2025-08-11,22.5,22.959999084472656,22.43000030517578,22.770000457763672,22.770000457763672,1656580
2025-08-12,22.68000030517578,22.8799991607666,22.59000015258789,22.850000381469727,22.850000381469727,1023041
2025-08-13,22.860000610351562,22.8799991607666,22.399999618530273,22.399999618530273,22.399999618530273,1204538
2025-08-14,22.399999618530273,22.59000015258789,21.829999923706055,21.860000610351562,21.860000610351562,1018213
2025-08-15,21.860000610351562,22.1200008392334,21.860000610351562,22.0,22.0,804106
2025-08-18,22.0,22.420000076293945,22.0,22.219999313354492,22.219999313354492,1126521
2025-08-19,22.219999313354492,22.31999969482422,22.020000457763672,22.200000762939453,22.200000762939453,663799
2025-08-20,22.200000762939453,22.3799991607666,22.040000915527344,22.360000610351562,22.360000610351562,576773
2025-08-21,22.360000610351562,23.3799991607666,22.290000915527344,23.15999984741211,23.15999984741211,2196502
2025-08-22,23.049999237060547,23.059999465942383,22.530000686645508,22.790000915527344,22.790000915527344,1467573
2025-08-25,22.799999237060547,22.90999984741211,22.600000381469727,22.799999237060547,22.799999237060547,1049953
2025-08-26,22.68000030517578,22.889999389648438,22.6200008392334,22.780000686645508,22.780000686645508,847371
2025-08-27,22.65999984741211,22.889999389648438,21.889999389648438,21.90999984741211,21.90999984741211,1181072
2025-08-28,21.899999618530273,22.139999389648438,21.0,21.690000534057617,21.690000534057617,1338716
2025-08-29,21.790000915527344,21.850000381469727,21.549999237060547,21.649999618530273,21.649999618530273,553377
2025-09-01,21.760000228881836,21.959999084472656,21.520000457763672,21.600000381469727,21.600000381469727,561505
2025-09-02,21.59000015258789,21.709999084472656,21.170000076293945,21.43000030517578,21.43000030517578,904522
2025-09-03,21.6299991607666,21.639999389648438,21.010000228881836,21.040000915527344,21.040000915527344,529394
2025-09-04,21.079999923706055,21.510000228881836,20.899999618530273,21.100000381469727,21.100000381469727,822678
2025-09-05,21.110000610351562,21.440000534057617,20.950000762939453,21.350000381469727,21.350000381469727,573169
2025-09-08,21.3799991607666,21.700000762939453,21.309999465942383,21.56999969482422,21.56999969482422,601091
2025-09-09,21.559999465942383,21.6200008392334,21.1200008392334,21.34000015258789,21.34000015258789,757818
2025-09-10,21.40999984741211,21.530000686645508,21.270000457763672,21.420000076293945,21.420000076293945,370248
2025-09-11,21.31999969482422,21.690000534057617,21.219999313354492,21.579999923706055,21.579999923706055,439344
2025-09-12,21.639999389648438,22.639999389648438,21.440000534057617,21.700000762939453,21.700000762939453,1788036
2025-09-15,21.610000610351562,23.75,21.530000686645508,23.25,23.25,3647888
2025-09-16,23.0,23.25,22.700000762939453,22.940000534057617,22.940000534057617,1618907
2025-09-17,23.0,23.06999969482422,22.489999771118164,22.549999237060547,22.549999237060547,1222520
2025-09-18,22.510000228881836,22.6299991607666,21.8799991607666,22.06999969482422,22.06999969482422,1116278
2025-09-19,21.979999542236328,22.190000534057617,21.670000076293945,21.81999969482422,21.81999969482422,705386
2025-09-22,21.799999237060547,22.549999237060547,21.479999542236328,22.049999237060547,22.049999237060547,985907
2025-09-23,21.950000762939453,22.469999313354492,21.719999313354492,22.43000030517578,22.43000030517578,1396041
2025-09-24,22.25,22.729999542236328,22.049999237060547,22.420000076293945,22.420000076293945,1030615
2025-09-25,22.389999389648438,22.670000076293945,21.899999618530273,21.940000534057617,21.940000534057617,723077
2025-09-26,21.899999618530273,22.299999237060547,21.670000076293945,22.149999618530273,22.149999618530273,700834
2025-09-29,22.149999618530273,22.690000534057617,21.90999984741211,22.690000534057617,22.690000534057617,1169712
2025-09-30,22.799999237060547,22.799999237060547,22.200000762939453,22.309999465942383,22.309999465942383,953322
2025-10-09,22.31999969482422,22.520000457763672,22.190000534057617,22.350000381469727,22.350000381469727,767969
2025-10-10,22.350000381469727,22.639999389648438,22.190000534057617,22.579999923706055,22.579999923706055,879002
2025-10-13,21.899999618530273,22.770000457763672,21.399999618530273,22.760000228881836,22.760000228881836,1242281
2025-10-14,22.729999542236328,22.8700008392334,22.260000228881836,22.549999237060547,22.549999237060547,836818
2025-10-15,22.559999465942383,23.0,22.389999389648438,22.65999984741211,22.65999984741211,922049
2025-10-16,22.549999237060547,24.239999771118164,22.459999084472656,23.6200008392334,23.6200008392334,3896436
2025-10-17,23.3799991607666,24.68000030517578,23.15999984741211,24.510000228881836,24.510000228881836,5105539
2025-10-20,24.25,24.3700008392334,23.43000030517578,23.889999389648438,23.889999389648438,3516199
2025-10-21,23.690000534057617,26.18000030517578,23.15999984741211,25.59000015258789,25.59000015258789,5566810
2025-10-22,24.579999923706055,25.450000762939453,24.43000030517578,25.270000457763672,25.270000457763672,4211817
2025-10-23,24.979999542236328,25.049999237060547,24.010000228881836,24.079999923706055,24.079999923706055,2751122
2025-10-24,24.0,24.469999313354492,23.489999771118164,23.540000915527344,23.540000915527344,2319082
2025-10-27,23.780000686645508,23.989999771118164,23.290000915527344,23.770000457763672,23.770000457763672,1745999
2025-10-28,23.56999969482422,23.81999969482422,23.43000030517578,23.520000457763672,23.520000457763672,1272878
2025-10-29,23.540000915527344,23.540000915527344,22.75,22.899999618530273,22.899999618530273,1750236
2025-10-30,22.889999389648438,23.100000381469727,22.68000030517578,22.739999771118164,22.739999771118164,1041315
2025-10-31,22.899999618530273,23.100000381469727,22.799999237060547,22.969999313354492,22.969999313354492,989171
2025-11-03,22.969999313354492,23.329999923706055,22.809999465942383,23.190000534057617,23.190000534057617,1037103
2025-11-04,23.219999313354492,23.329999923706055,22.81999969482422,22.93000030517578,22.93000030517578,904950
2025-11-05,22.579999923706055,23.219999313354492,22.579999923706055,23.1299991607666,23.1299991607666,1092843
2025-11-06,23.329999923706055,23.329999923706055,22.84000015258789,22.969999313354492,22.969999313354492,828423
2025-11-07,22.979999542236328,23.149999618530273,22.860000610351562,22.989999771118164,22.989999771118164,623767
2025-11-10,23.100000381469727,24.329999923706055,22.989999771118164,24.079999923706055,24.079999923706055,2612063
2025-11-11,24.079999923706055,24.829999923706055,23.75,24.459999084472656,24.459999084472656,2292711
2025-11-12,24.399999618530273,24.729999542236328,24.15999984741211,24.579999923706055,24.579999923706055,2041087
2025-11-13,24.579999923706055,25.0,24.3700008392334,24.950000762939453,24.950000762939453,1740994
2025-11-14,24.950000762939453,26.079999923706055,24.899999618530273,25.389999389648438,25.389999389648438,2971123
2025-11-17,25.389999389648438,25.709999084472656,24.950000762939453,25.59000015258789,25.59000015258789,1923801
2025-11-18,25.59000015258789,25.75,25.209999084472656,25.3799991607666,25.3799991607666,1778292
2025-11-19,25.459999084472656,26.1299991607666,25.229999542236328,25.920000076293945,25.920000076293945,2332167
2025-11-20,25.799999237060547,26.790000915527344,25.610000610351562,26.6299991607666,26.6299991607666,3098583
2025-11-21,26.6299991607666,26.790000915527344,25.200000762939453,25.200000762939453,25.200000762939453,3044206
2025-11-24,25.43000030517578,26.360000610351562,25.280000686645508,26.139999389648438,26.139999389648438,2533864
2025-11-25,26.139999389648438,27.360000610351562,25.920000076293945,27.18000030517578,27.18000030517578,2333065
2025-11-26,27.18000030517578,28.3700008392334,26.709999084472656,26.75,26.75,2848496
2025-11-27,26.670000076293945,27.18000030517578,26.309999465942383,26.850000381469727,26.850000381469727,1541210
2025-11-28,27.1200008392334,27.1200008392334,26.479999542236328,26.920000076293945,26.920000076293945,934454
2025-12-01,26.8799991607666,27.399999618530273,26.0,26.110000610351562,26.110000610351562,2264596
2025-12-02,26.110000610351562,26.110000610351562,25.559999465942383,25.75,25.75,1493883
2025-12-03,25.93000030517578,26.170000076293945,25.59000015258789,25.899999618530273,25.899999618530273,832177
2025-12-04,25.75,25.959999084472656,25.200000762939453,25.280000686645508,25.280000686645508,739828
2025-12-05,25.34000015258789,25.56999969482422,25.040000915527344,25.489999771118164,25.489999771118164,727394
2025-12-08,25.510000228881836,26.65999984741211,25.5,26.110000610351562,26.110000610351562,1066657
2025-12-09,25.90999984741211,26.5,25.809999465942383,26.290000915527344,26.290000915527344,738704
2025-12-10,26.18000030517578,26.530000686645508,25.920000076293945,26.479999542236328,26.479999542236328,727796
2025-12-11,26.479999542236328,27.489999771118164,25.920000076293945,25.93000030517578,25.93000030517578,1205162
2025-12-12,26.030000686645508,26.299999237060547,25.299999237060547,25.3799991607666,25.3799991607666,933877
2025-12-15,25.350000381469727,25.860000610351562,25.139999389648438,25.6200008392334,25.6200008392334,499566
2025-12-16,25.6200008392334,25.799999237060547,25.329999923706055,25.639999389648438,25.639999389648438,452076
2025-12-17,25.6200008392334,26.329999923706055,25.459999084472656,26.260000228881836,26.260000228881836,586096
2025-12-18,26.110000610351562,27.1200008392334,26.010000228881836,26.260000228881836,26.260000228881836,756123
2025-12-19,26.579999923706055,26.709999084472656,26.010000228881836,26.43000030517578,26.43000030517578,497581
2025-12-22,26.520000457763672,26.610000610351562,24.709999084472656,24.899999618530273,24.899999618530273,1976738
2025-12-23,24.899999618530273,25.290000915527344,24.799999237060547,24.920000076293945,24.920000076293945,637256
2025-12-24,25.030000686645508,25.360000610351562,24.829999923706055,25.280000686645508,25.280000686645508,465986
2025-12-25,25.31999969482422,27.770000457763672,25.09000015258789,27.6200008392334,27.6200008392334,2661029
2025-12-26,27.889999389648438,28.799999237060547,27.18000030517578,28.200000762939453,28.200000762939453,2134100
2025-12-29,28.280000686645508,28.8799991607666,27.600000381469727,27.770000457763672,27.770000457763672,1687676
2025-12-30,27.729999542236328,27.84000015258789,27.15999984741211,27.280000686645508,27.280000686645508,1000074
2025-12-31,27.239999771118164,27.790000915527344,26.149999618530273,26.799999237060547,26.799999237060547,1596251
2026-01-05,26.829999923706055,27.030000686645508,26.209999084472656,26.68000030517578,26.68000030517578,1141929
2026-01-06,26.559999465942383,27.209999084472656,26.510000228881836,26.690000534057617,26.690000534057617,999471
2026-01-07,26.93000030517578,26.93000030517578,26.149999618530273,26.43000030517578,26.43000030517578,1017149
2026-01-08,26.200000762939453,27.979999542236328,26.18000030517578,27.899999618530273,27.899999618530273,2073122
2026-01-09,27.799999237060547,28.010000228881836,27.010000228881836,27.489999771118164,27.489999771118164,1397071
2026-01-12,27.489999771118164,28.049999237060547,27.010000228881836,27.299999237060547,27.299999237060547,1218400
2026-01-13,27.200000762939453,28.729999542236328,26.90999984741211,27.010000228881836,27.010000228881836,3031754
2026-01-14,27.15999984741211,27.950000762939453,26.610000610351562,27.739999771118164,27.739999771118164,2161154
2026-01-15,27.600000381469727,27.6299991607666,26.969999313354492,27.219999313354492,27.219999313354492,967748
2026-01-16,27.25,27.979999542236328,27.25,27.530000686645508,27.530000686645508,1034442
2026-01-19,27.280000686645508,28.25,27.270000457763672,28.1200008392334,28.1200008392334,1631536
2026-01-20,28.059999465942383,28.270000457763672,26.299999237060547,26.520000457763672,26.520000457763672,2240751
2026-01-21,26.790000915527344,27.079999923706055,26.25,26.899999618530273,26.899999618530273,834997
2026-01-22,27.030000686645508,27.389999389648438,26.790000915527344,26.959999084472656,26.959999084472656,714432
2026-01-23,26.90999984741211,27.3799991607666,26.6299991607666,27.079999923706055,27.079999923706055,855978
2026-01-26,27.0,27.450000762939453,26.049999237060547,26.149999618530273,26.149999618530273,1176284
2026-01-27,26.170000076293945,26.600000381469727,25.8700008392334,26.299999237060547,26.299999237060547,884598
2026-01-28,26.309999465942383,26.790000915527344,25.540000915527344,25.690000534057617,25.690000534057617,937895
2026-01-29,25.65999984741211,25.8799991607666,25.149999618530273,25.229999542236328,25.229999542236328,645131
2026-01-30,25.100000381469727,25.5,24.969999313354492,25.420000076293945,25.420000076293945,657883
2026-02-02,25.420000076293945,25.649999618530273,25.100000381469727,25.329999923706055,25.329999923706055,803985
2026-02-03,25.959999084472656,25.959999084472656,25.0,25.690000534057617,25.690000534057617,815092
2026-02-04,25.530000686645508,26.200000762939453,25.530000686645508,25.670000076293945,25.670000076293945,610831
2026-02-05,25.920000076293945,25.920000076293945,25.469999313354492,25.520000457763672,25.520000457763672,348046
2026-02-06,25.399999618530273,26.18000030517578,25.360000610351562,25.809999465942383,25.809999465942383,860721
2026-02-09,26.18000030517578,26.489999771118164,25.8799991607666,26.399999618530273,26.399999618530273,579540
2026-02-10,26.530000686645508,26.989999771118164,26.229999542236328,26.729999542236328,26.729999542236328,978087
2026-02-11,26.729999542236328,27.469999313354492,26.719999313354492,27.31999969482422,27.31999969482422,796509
2026-02-12,27.270000457763672,27.729999542236328,27.030000686645508,27.139999389648438,27.139999389648438,1067252
2026-02-13,27.15999984741211,27.920000076293945,27.06999969482422,27.59000015258789,27.59000015258789,918345
2026-02-24,27.610000610351562,28.100000381469727,27.299999237060547,27.799999237060547,27.799999237060547,1174552
2026-02-25,27.8799991607666,27.950000762939453,27.15999984741211,27.469999313354492,27.469999313354492,820112
2026-02-26,27.469999313354492,27.81999969482422,27.350000381469727,27.770000457763672,27.770000457763672,730987
2026-02-27,27.889999389648438,28.0,27.040000915527344,27.799999237060547,27.799999237060547,1326486
2026-03-02,27.799999237060547,28.170000076293945,27.389999389648438,27.860000610351562,27.860000610351562,1348072
2026-03-03,27.899999618530273,28.18000030517578,26.860000610351562,27.110000610351562,27.110000610351562,1077267
2026-03-04,27.56999969482422,27.690000534057617,26.940000534057617,27.34000015258789,27.34000015258789,699798
2026-03-05,27.709999084472656,28.1200008392334,27.670000076293945,27.8799991607666,27.8799991607666,584531
2026-03-06,27.8799991607666,28.760000228881836,27.729999542236328,28.709999084472656,28.709999084472656,1491112
2026-03-09,28.700000762939453,28.700000762939453,27.040000915527344,27.6200008392334,27.6200008392334,1534103
2026-03-10,27.969999313354492,28.790000915527344,27.6299991607666,28.760000228881836,28.760000228881836,1341075
2026-03-11,28.84000015258789,29.0,28.25,28.530000686645508,28.530000686645508,1087226
2026-03-12,28.530000686645508,29.600000381469727,28.489999771118164,29.56999969482422,29.56999969482422,1936906
2026-03-13,29.56999969482422,31.5,29.030000686645508,31.1200008392334,31.1200008392334,4256642
2026-03-16,30.809999465942383,33.2599983215332,30.709999084472656,32.29999923706055,32.29999923706055,5215204
2026-03-17,32.0099983215332,32.58000183105469,31.0,31.0,31.0,2682381
2026-03-18,31.149999618530273,31.43000030517578,30.329999923706055,31.3700008392334,31.3700008392334,1755264
2026-03-19,31.15999984741211,31.31999969482422,30.079999923706055,30.079999923706055,30.079999923706055,1292367
2026-03-20,30.139999389648438,30.989999771118164,29.93000030517578,30.020000457763672,30.020000457763672,1282140
2026-03-23,30.030000686645508,30.600000381469727,27.040000915527344,27.280000686645508,27.280000686645508,1846350
2026-03-24,28.139999389648438,30.540000915527344,28.0,30.329999923706055,30.329999923706055,2330074
2026-03-25,30.329999923706055,30.780000686645508,29.510000228881836,29.670000076293945,29.670000076293945,1495528
2026-03-26,29.690000534057617,30.280000686645508,29.100000381469727,29.219999313354492,29.219999313354492,1050142
2026-03-27,29.43000030517578,30.059999465942383,29.040000915527344,29.790000915527344,29.790000915527344,811580
2026-03-30,29.420000076293945,30.040000915527344,29.209999084472656,29.780000686645508,29.780000686645508,690952
2026-03-31,29.709999084472656,29.959999084472656,28.979999542236328,29.020000457763672,29.020000457763672,649451
2026-04-01,29.5,29.989999771118164,29.049999237060547,29.31999969482422,29.31999969482422,471302
2026-04-02,29.31999969482422,29.690000534057617,28.40999984741211,28.670000076293945,28.670000076293945,517782
2026-04-03,28.920000076293945,28.920000076293945,27.68000030517578,27.770000457763672,27.770000457763672,586226
2026-04-07,27.940000534057617,28.350000381469727,27.600000381469727,28.239999771118164,28.239999771118164,599562
2026-04-08,28.600000381469727,29.399999618530273,28.459999084472656,29.299999237060547,29.299999237060547,928915
2026-04-09,29.959999084472656,30.799999237060547,28.6200008392334,28.850000381469727,28.850000381469727,1681262
2026-04-10,28.899999618530273,29.639999389648438,28.510000228881836,28.56999969482422,28.56999969482422,911098
2026-04-13,28.5,28.75,28.06999969482422,28.68000030517578,28.68000030517578,554500
2026-04-14,28.84000015258789,29.170000076293945,28.290000915527344,28.969999313354492,28.969999313354492,808324
2026-04-15,29.149999618530273,29.399999618530273,28.65999984741211,29.079999923706055,29.079999923706055,641478
2026-04-16,29.440000534057617,30.06999969482422,28.899999618530273,29.809999465942383,29.809999465942383,1213385
2026-04-17,29.809999465942383,30.139999389648438,29.200000762939453,30.09000015258789,30.09000015258789,823718
2026-04-20,30.09000015258789,31.010000228881836,30.09000015258789,30.6200008392334,30.6200008392334,972409
2026-04-21,30.59000015258789,30.799999237060547,29.8700008392334,30.780000686645508,30.780000686645508,882590
2026-04-22,31.079999923706055,31.079999923706055,30.360000610351562,30.639999389648438,30.639999389648438,594747
2026-04-23,30.75,30.75,29.979999542236328,30.219999313354492,30.219999313354492,726240
2026-04-24,30.170000076293945,30.420000076293945,29.729999542236328,30.1299991607666,30.1299991607666,490023
2026-04-27,30.020000457763672,30.479999542236328,29.170000076293945,30.31999969482422,30.31999969482422,833969
2026-04-28,30.1200008392334,31.270000457763672,29.84000015258789,30.350000381469727,30.350000381469727,1172345
2026-04-29,31.100000381469727,31.780000686645508,29.90999984741211,31.5,31.5,1749084
2026-04-30,31.649999618530273,32.59000015258789,31.34000015258789,31.979999542236328,31.979999542236328,1718797
2026-05-06,32.45000076293945,36.79999923706055,32.130001068115234,36.09000015258789,36.09000015258789,4748360
2026-05-07,35.91999816894531,38.33000183105469,35.09000015258789,37.36000061035156,37.36000061035156,3749227
2026-05-08,37.869998931884766,41.33000183105469,37.18000030517578,41.150001525878906,41.150001525878906,4509258
2026-05-11,42.0,44.459999084472656,41.18000030517578,43.9900016784668,43.9900016784668,5412413
2026-05-12,45.0,48.9900016784668,44.0,47.959999084472656,47.959999084472656,5142231
2026-05-13,48.0,49.959999084472656,46.0,48.27000045776367,48.27000045776367,5546174
2026-05-14,47.25,50.5099983215332,47.25,48.75,48.75,4618183
2026-05-15,49.599998474121094,52.65999984741211,48.63999938964844,51.61000061035156,51.61000061035156,4750973
2026-05-18,43.79999923706055,50.56999969482422,41.290000915527344,41.290000915527344,41.290000915527344,4729695
2026-05-19,38.88999938964844,42.47999954223633,36.189998626708984,41.41999816894531,41.41999816894531,10529865
2026-05-20,41.439998626708984,42.52000045776367,39.22999954223633,39.459999084472656,39.459999084472656,6597143
2026-05-21,39.959999084472656,39.959999084472656,36.72999954223633,36.880001068115234,36.880001068115234,3753521
2026-05-22,37.540000915527344,40.56999969482422,37.029998779296875,37.869998931884766,37.869998931884766,3471941
2026-05-25,38.0099983215332,39.31999969482422,37.130001068115234,38.70000076293945,38.70000076293945,2749117
2026-05-26,38.779998779296875,38.779998779296875,36.52000045776367,36.939998626708984,36.939998626708984,2081594
2026-05-27,37.27000045776367,37.27000045776367,35.52000045776367,36.099998474121094,36.099998474121094,1944918
2026-05-28,36.5099983215332,37.040000915527344,35.150001525878906,35.7400016784668,35.7400016784668,1739013
2026-05-29,35.97999954223633,37.0,34.619998931884766,35.11000061035156,35.11000061035156,1805163
2026-06-01,35.0,35.9900016784668,34.560001373291016,34.9900016784668,34.9900016784668,1197054
2026-06-02,34.97999954223633,35.38999938964844,33.939998626708984,34.619998931884766,34.619998931884766,1584816
2026-06-03,34.720001220703125,35.63999938964844,34.630001068115234,35.41999816894531,35.41999816894531,1504044
2026-06-04,35.0,35.97999954223633,34.79999923706055,35.2599983215332,35.2599983215332,1437436
2026-06-05,35.79999923706055,37.34000015258789,35.15999984741211,35.2599983215332,35.2599983215332,1961731
2026-06-08,34.0,36.220001220703125,33.18000030517578,34.43000030517578,34.43000030517578,1497217
2026-06-09,34.540000915527344,35.5099983215332,33.5,35.220001220703125,35.220001220703125,1493912
2026-06-10,35.029998779296875,35.54999923706055,34.130001068115234,35.060001373291016,35.060001373291016,912183
2026-06-11,34.84000015258789,36.13999938964844,34.66999816894531,35.81999969482422,35.81999969482422,1706212
2026-06-12,36.36000061035156,36.5099983215332,34.779998779296875,35.439998626708984,35.439998626708984,1489123
2026-06-15,35.349998474121094,36.77000045776367,35.349998474121094,35.91999816894531,35.91999816894531,1262760
2026-06-16,35.93000030517578,36.54999923706055,35.09000015258789,36.20000076293945,36.20000076293945,1664019
2026-06-17,35.959999084472656,37.13999938964844,35.4900016784668,36.65999984741211,36.65999984741211,2091312
2026-06-18,36.68000030517578,39.09000015258789,35.79999923706055,38.599998474121094,38.599998474121094,4020865
2026-06-22,38.61000061035156,42.02000045776367,37.400001525878906,41.86000061035156,41.86000061035156,6097499
2026-06-23,41.40999984741211,43.72999954223633,40.599998474121094,42.06999969482422,42.06999969482422,3982266
2026-06-24,41.709999084472656,43.47999954223633,41.31999969482422,42.599998474121094,42.599998474121094,2952374
2026-06-25,42.849998474121094,43.7400016784668,37.5,38.20000076293945,38.20000076293945,4310295
2026-06-26,38.18000030517578,38.5,35.70000076293945,36.29999923706055,36.29999923706055,3689559
2026-06-29,36.68000030517578,38.099998474121094,34.0,34.38999938964844,34.38999938964844,2966628
2026-06-30,34.290000915527344,35.939998626708984,33.18000030517578,35.599998474121094,35.599998474121094,1850488
2026-07-01,35.2599983215332,36.7400016784668,34.90999984741211,36.5099983215332,36.5099983215332,1738245
2026-07-02,35.880001068115234,38.20000076293945,35.72999954223633,36.02000045776367,36.02000045776367,2383009
2026-07-03,36.09000015258789,36.630001068115234,35.09000015258789,35.54999923706055,35.54999923706055,1458603
2026-07-06,35.20000076293945,36.560001373291016,34.88999938964844,35.7400016784668,35.7400016784668,1160761
2026-07-07,35.7400016784668,39.70000076293945,35.7400016784668,37.84000015258789,37.84000015258789,3835307
2026-07-08,37.369998931884766,39.29999923706055,36.5099983215332,38.41999816894531,38.41999816894531,3401264
2026-07-09,37.970001220703125,38.54999923706055,34.75,35.36000061035156,35.36000061035156,3099963
2026-07-10,34.9900016784668,37.869998931884766,34.9900016784668,36.5,36.5,2513511
2026-07-13,36.15999984741211,36.400001525878906,34.560001373291016,34.56999969482422,34.56999969482422,1687589
2026-07-14,35.0,35.290000915527344,33.189998626708984,34.18000030517578,34.18000030517578,1397244
2026-07-15,34.130001068115234,34.189998626708984,32.720001220703125,33.63999938964844,33.63999938964844,1507711
2026-07-16,33.630001068115234,34.970001220703125,33.31999969482422,34.0,34.0,1616237
2026-07-17,34.0,34.9900016784668,30.0,30.889999389648438,30.889999389648438,2539019
2026-07-20,31.209999084472656,31.459999084472656,28.3700008392334,30.290000915527344,30.290000915527344,3316572
2026-07-21,30.459999084472656,30.600000381469727,28.31999969482422,30.299999237060547,30.299999237060547,2426911
2026-07-22,30.06999969482422,30.8799991607666,29.510000228881836,30.200000762939453,30.200000762939453,1431107
2026-07-23,30.200000762939453,30.40999984741211,29.729999542236328,30.299999237060547,30.299999237060547,1287316
2026-07-24,30.0,31.389999389648438,29.90999984741211,31.389999389648438,31.389999389648438,1259212
2026-07-27,31.079999923706055,36.20000076293945,30.510000228881836,36.029998779296875,36.029998779296875,3816454
2026-07-28,35.810001373291016,38.38999938964844,35.02000045776367,36.13999938964844,36.13999938964844,2417582
2026-07-29,36.540000915527344,37.290000915527344,34.209999084472656,35.720001220703125,35.720001220703125,2470040
2026-07-30,36.0,36.220001220703125,32.47999954223633,35.279998779296875,35.279998779296875,2067642
2026-07-31,35.029998779296875,35.029998779296875,32.70000076293945,34.0,34.0,3393257
2026-08-03,33.02000045776367,35.0,31.729999542236328,34.380001068115234,34.380001068115234,2643597
2026-08-04,34.34000015258789,37.70000076293945,34.0099983215332,37.61000061035156,37.61000061035156,2563428
2026-08-05,37.9900016784668,39.630001068115234,37.02000045776367,38.81999969482422,38.81999969482422,1716205
2026-08-06,38.81999969482422,41.08000183105469,38.060001373291016,40.63999938964844,40.63999938964844,2082341
2026-08-07,40.63999938964844,41.47999954223633,39.599998474121094,41.2599983215332,41.2599983215332,1576506
2026-08-10,41.2599983215332,42.310001373291016,40.540000915527344,42.25,42.25,1226068
2026-08-11,42.2599983215332,42.5,41.15999984741211,42.20000076293945,42.20000076293945,856098
2026-08-12,42.2599983215332,43.20000076293945,41.5,43.0,43.0,1360724
2026-08-13,43.58000183105469,43.75,36.970001220703125,38.380001068115234,38.380001068115234,3776707
2026-08-14,38.380001068115234,40.75,36.88999938964844,39.54999923706055,39.54999923706055,2543072
