Date,Open,High,Low,Close,Adj Close,Volume
2021-08-16,69.9000015258789,75.58000183105469,69.05000305175781,74.4800033569336,71.48239135742188,1978037
2021-08-17,73.5199966430664,75.73999786376953,70.52999877929688,70.56999969482422,67.72976684570312,1704216
2021-08-18,70.19999694824219,71.5999984741211,68.5999984741211,69.33000183105469,66.53966522216797,1230953
2021-08-19,69.80000305175781,78.55000305175781,69.80000305175781,77.0,73.90096282958984,3022326
2021-08-20,75.86000061035156,83.5999984741211,75.05000305175781,78.45999908447266,75.30219268798828,2731888
2021-08-23,80.0,80.0,74.4800033569336,78.44000244140625,75.28302001953125,1679056
2021-08-24,78.83999633789062,85.5,78.12000274658203,81.30000305175781,78.02790832519531,1886990
2021-08-25,81.30999755859375,83.68000030517578,78.33000183105469,80.0,76.78022003173828,1085737
2021-08-26,80.0,81.48999786376953,76.62000274658203,77.0,73.90096282958984,994482
2021-08-27,77.9800033569336,78.95999908447266,74.19999694824219,78.19999694824219,75.05266571044922,1269804
2021-08-30,77.0,77.44999694824219,74.4000015258789,75.87999725341797,72.82604217529297,875766
2021-08-31,75.37000274658203,77.2300033569336,73.0,73.45999908447266,70.5034408569336,639561
2021-09-01,72.5199966430664,73.55000305175781,68.01000213623047,71.75,68.86226654052734,1038548
2021-09-02,70.63999938964844,72.30000305175781,69.70999908447266,70.41999816894531,67.5857925415039,551523
2021-09-03,70.08000183105469,71.27999877929688,69.58000183105469,70.30000305175781,67.47061920166016,443534
2021-09-06,69.58999633789062,71.9800033569336,69.58999633789062,71.05999755859375,68.20002746582031,577153
2021-09-07,70.63999938964844,70.93000030517578,68.87999725341797,69.44999694824219,66.65482330322266,631378
2021-09-08,68.91000366210938,71.08999633789062,68.30000305175781,70.0,67.18270111083984,542535
2021-09-09,69.86000061035156,69.86000061035156,66.66999816894531,66.93000030517578,64.23625946044922,629367
2021-09-10,66.76000213623047,68.5,65.01000213623047,68.26000213623047,65.51272583007812,702303
2021-09-13,67.30000305175781,68.5999984741211,67.02999877929688,67.87999725341797,65.14802551269531,349810
2021-09-14,67.5999984741211,69.48999786376953,67.41999816894531,69.4000015258789,66.60684204101562,524345
2021-09-15,69.0,69.0,66.5,66.5999984741211,63.91953659057617,539426
2021-09-16,66.0,67.19999694824219,62.709999084472656,62.77999877929688,60.25328063964844,661729
2021-09-17,62.900001525878906,65.55000305175781,61.31999969482422,64.30000305175781,61.71210479736328,774872
2021-09-22,62.81999969482422,65.44999694824219,62.5,63.2400016784668,60.69477081298828,390036
2021-09-23,62.810001373291016,63.900001525878906,62.70000076293945,63.09999847412109,60.56040191650391,287016
2021-09-24,62.79999923706055,63.0,59.150001525878906,61.59999847412109,59.12077331542969,777846
2021-09-27,60.540000915527344,61.84000015258789,59.650001525878906,59.88999938964844,57.47959518432617,444175
2021-09-28,60.77999877929688,60.77999877929688,59.09000015258789,59.59999847412109,57.201263427734375,337039
2021-09-29,59.15999984741211,60.38999938964844,57.400001525878906,57.58000183105469,55.26256561279297,425370
2021-09-30,57.209999084472656,59.810001373291016,57.209999084472656,58.86000061035156,56.49105072021485,363046
2021-10-08,58.9900016784668,61.79999923706055,58.970001220703125,60.27999877929688,57.85390090942383,402422
2021-10-11,61.68000030517578,62.09999847412109,60.0,60.959999084472656,58.50653076171875,327602
2021-10-12,60.5,61.02000045776367,59.59999847412109,60.66999816894531,58.22820281982422,245858
2021-10-13,60.79999923706055,62.79999923706055,60.70000076293945,61.900001525878906,59.40869903564453,313444
2021-10-14,61.900001525878906,62.45000076293945,60.20000076293945,60.93999862670898,58.487335205078125,402047
2021-10-15,60.5099983215332,61.380001068115234,59.0,60.0,57.58516693115234,269934
2021-10-18,60.0,60.34000015258789,58.52999877929688,58.84999847412109,56.48145294189453,212046
2021-10-19,58.5,60.29999923706055,58.29999923706055,59.70000076293945,57.297245025634766,264447
2021-10-20,59.70000076293945,60.43999862670898,58.709999084472656,59.06999969482422,56.69260025024414,203972
2021-10-21,59.08000183105469,59.970001220703125,58.66999816894531,59.380001068115234,56.9901237487793,215036
2021-10-22,59.369998931884766,61.77000045776367,59.34999847412109,60.83000183105469,58.38176345825195,366162
2021-10-25,61.0,62.619998931884766,59.630001068115234,60.060001373291016,57.64275741577149,381763
2021-10-26,58.88999938964844,59.70000076293945,58.79999923706055,59.459999084472656,57.06690216064453,283353
2021-10-27,59.290000915527344,59.5,58.0,58.54999923706055,56.19353103637695,288172
2021-10-28,58.13999938964844,59.56999969482422,55.7599983215332,55.79999923706055,53.55420684814453,481106
2021-10-29,55.18999862670898,56.4900016784668,55.18999862670898,55.86000061035156,53.611793518066406,287330
2021-11-01,55.75,55.75,54.060001373291016,54.77000045776367,52.5656623840332,386153
2021-11-02,54.77000045776367,57.33000183105469,54.5,55.70000076293945,53.45823669433594,391358
2021-11-03,55.09999847412109,57.29999923706055,55.09999847412109,56.709999084472656,54.427581787109375,290471
2021-11-04,57.0,57.54999923706055,56.09999847412109,56.95000076293945,54.65792465209961,239767
2021-11-05,56.88999938964844,57.88999938964844,56.52999877929688,57.33000183105469,55.02262878417969,255872
2021-11-08,57.84000015258789,58.54999923706055,54.97999954223633,55.41999816894531,53.18949890136719,371405
2021-11-09,55.59999847412109,61.9900016784668,55.43999862670898,60.20000076293945,57.77711868286133,987190
2021-11-10,59.560001373291016,61.59999847412109,59.310001373291016,61.060001373291016,58.60250854492188,698116
2021-11-11,60.86000061035156,61.56999969482422,60.0099983215332,61.08000183105469,58.621707916259766,486438
2021-11-12,60.5,63.619998931884766,60.5,63.47999954223633,60.92511367797852,744284
2021-11-15,63.2599983215332,64.05999755859375,62.540000915527344,63.18000030517578,60.637184143066406,544700
2021-11-16,62.54999923706055,64.0,61.79999923706055,61.869998931884766,59.37990951538086,409868
2021-11-17,61.540000915527344,63.09999847412109,61.20000076293945,62.77000045776367,60.243690490722656,363567
2021-11-18,63.18000030517578,66.80000305175781,61.27999877929688,61.290000915527344,58.8232536315918,943194
2021-11-19,61.31999969482422,64.0,61.310001373291016,63.88999938964844,61.318603515625,607540
2021-11-22,63.79999923706055,67.16000366210938,62.59999847412109,66.01000213623047,63.3532829284668,755246
2021-11-23,65.8499984741211,67.80000305175781,65.16000366210938,65.75,63.1037483215332,468410
2021-11-24,65.19000244140625,69.98999786376953,65.19000244140625,69.12999725341797,66.34770965576172,950812
2021-11-25,69.29000091552734,70.12000274658203,67.87999725341797,68.66999816894531,65.9062271118164,618216
2021-11-26,69.5,70.55999755859375,67.86000061035156,68.66999816894531,65.9062271118164,579884
2021-11-29,68.8499984741211,68.8499984741211,66.41999816894531,67.43000030517578,64.71613311767578,623400
2021-11-30,67.69000244140625,68.5,66.8499984741211,68.27999877929688,65.53192138671875,473436
2021-12-01,68.2699966430664,68.93000030517578,66.86000061035156,66.87999725341797,64.18827819824219,331604
2021-12-02,66.87999725341797,67.87000274658203,64.5,64.61000061035156,62.00962829589844,410713
2021-12-03,65.45999908447266,66.94000244140625,64.5,64.80000305175781,62.19198226928711,282312
2021-12-06,64.01000213623047,65.0,61.97999954223633,62.25,59.74460983276367,361900
2021-12-07,62.2599983215332,62.84000015258789,59.63999938964844,60.11000061035156,57.69074249267578,403259
2021-12-08,60.380001068115234,60.88999938964844,59.11000061035156,60.560001373291016,58.12263107299805,235104
2021-12-09,60.59000015258789,62.72999954223633,60.22999954223633,62.41999816894531,59.90776443481445,338050
2021-12-10,62.2599983215332,63.20000076293945,61.52999877929688,61.88999938964844,59.39910125732422,319663
2021-12-13,61.29999923706055,62.0,60.79999923706055,60.970001220703125,58.51612854003906,292500
2021-12-14,60.970001220703125,62.369998931884766,60.5,62.0,59.50467300415039,299736
2021-12-15,61.75,62.95000076293945,60.630001068115234,60.7599983215332,58.3145751953125,298068
2021-12-16,60.7599983215332,62.63999938964844,60.34999847412109,61.27000045776367,58.80406188964844,305968
2021-12-17,61.38999938964844,61.650001525878906,60.59999847412109,61.2599983215332,58.7944564819336,246236
2021-12-20,60.15999984741211,61.900001525878906,60.15999984741211,60.22999954223633,57.805912017822266,201100
2021-12-21,60.22999954223633,61.0,60.0099983215332,60.25,57.82510757446289,185785
2021-12-22,60.400001525878906,60.77999877929688,60.0099983215332,60.68000030517578,58.23780059814453,177700
2021-12-23,59.290000915527344,59.34999847412109,58.220001220703125,58.630001068115234,56.27030944824219,435808
2021-12-24,58.630001068115234,58.83000183105469,57.61000061035156,57.77000045776367,55.44491958618164,210218
2021-12-27,58.0,60.27999877929688,57.630001068115234,59.59999847412109,57.201263427734375,280644
2021-12-28,60.0099983215332,61.0,59.119998931884766,59.900001525878906,57.48919296264648,195404
2021-12-29,59.91999816894531,62.79999923706055,59.70000076293945,61.15999984741211,58.69847869873047,428710
2021-12-30,60.810001373291016,62.709999084472656,60.810001373291016,61.31999969482422,58.852046966552734,275040
2021-12-31,60.959999084472656,62.400001525878906,60.90999984741211,61.119998931884766,58.66009140014648,178766
2022-01-04,61.20000076293945,62.75,60.970001220703125,61.47999954223633,59.0056037902832,383134
2022-01-05,61.47999954223633,62.25,59.400001525878906,59.7400016784668,57.33563232421875,293872
2022-01-06,59.02000045776367,61.5,59.0099983215332,61.27999877929688,58.81364822387695,245303
2022-01-07,60.79999923706055,65.36000061035156,60.75,62.880001068115234,60.34926223754883,768802
2022-01-10,62.86000061035156,63.93999862670898,62.0,63.5,60.94430160522461,415902
2022-01-11,63.5,65.8499984741211,63.08000183105469,64.08999633789062,61.510555267333984,518303
2022-01-12,64.41999816894531,64.5,62.86000061035156,64.05999755859375,61.48176193237305,350410
2022-01-13,64.12999725341797,64.80000305175781,62.31999969482422,62.650001525878906,60.12852096557617,324668
2022-01-14,62.77999877929688,65.87999725341797,62.29999923706055,64.87999725341797,62.26876449584961,639712
2022-01-17,64.5,64.87000274658203,63.27000045776367,64.0,61.4241828918457,375181
2022-01-18,63.47999954223633,63.900001525878906,61.79999923706055,62.15999984741211,59.658233642578125,394330
2022-01-19,62.15999984741211,62.29999923706055,60.810001373291016,61.79999923706055,59.312721252441406,231472
2022-01-20,61.900001525878906,61.900001525878906,59.290000915527344,59.5099983215332,57.11488723754883,255231
2022-01-21,59.470001220703125,60.619998931884766,57.970001220703125,59.97999954223633,57.56597137451172,336926
2022-01-24,59.5,60.0,56.02999877929688,58.47999954223633,56.1263427734375,371449
2022-01-25,57.7599983215332,59.54999923706055,54.59999847412109,54.72999954223633,52.52727508544922,351004
2022-01-26,52.619998931884766,55.0,51.970001220703125,53.0,50.86690139770508,840947
2022-01-27,52.70000076293945,53.13999938964844,50.79999923706055,50.79999923706055,48.75543975830078,451849
2022-01-28,50.79999923706055,52.34999847412109,50.79999923706055,51.66999816894531,49.590431213378906,258581
2022-02-07,52.04999923706055,52.95000076293945,50.95000076293945,50.9900016784668,48.93779373168945,258172
2022-02-08,51.38999938964844,51.970001220703125,50.36000061035156,51.79999923706055,49.71519470214844,251794
2022-02-09,51.79999923706055,52.34999847412109,51.400001525878906,52.27999877929688,50.17587661743164,224372
2022-02-10,52.290000915527344,52.70000076293945,50.65999984741211,50.88999938964844,48.84182357788086,430975
2022-02-11,50.869998931884766,50.869998931884766,47.22999954223633,47.41999816894531,45.511478424072266,582695
2022-02-14,47.43000030517578,48.59999847412109,47.11000061035156,47.95000076293945,46.02014923095703,337618
2022-02-15,48.0,48.900001525878906,47.810001373291016,48.130001068115234,46.19290542602539,279054
2022-02-16,48.150001525878906,49.83000183105469,47.7400016784668,49.52999877929688,47.53655624389648,417619
2022-02-17,49.13999938964844,49.75,48.619998931884766,48.84999847412109,46.8839225769043,301324
2022-02-18,48.79999923706055,49.27000045776367,48.29999923706055,48.88999938964844,46.92231369018555,203356
2022-02-21,48.900001525878906,49.630001068115234,48.560001373291016,49.58000183105469,47.58454895019531,196995
2022-02-22,49.540000915527344,49.540000915527344,47.27999877929688,48.150001525878906,46.21209716796875,263277
2022-02-23,48.29999923706055,51.400001525878906,48.29999923706055,51.09999847412109,49.04336929321289,709539
2022-02-24,50.68999862670898,51.29999923706055,48.29999923706055,49.59000015258789,47.59413909912109,478922
2022-02-25,50.880001068115234,50.880001068115234,49.70000076293945,49.9900016784668,47.97804260253906,250773
2022-02-28,49.41999816894531,51.09999847412109,48.29999923706055,50.650001525878906,48.61148071289063,284831
2022-03-01,50.59000015258789,50.61000061035156,49.29999923706055,49.88999938964844,47.88206481933594,212860
2022-03-02,49.880001068115234,50.54999923706055,49.150001525878906,50.400001525878906,48.371543884277344,206985
2022-03-03,51.11000061035156,51.790000915527344,49.40999984741211,49.61000061035156,47.61333847045898,261275
2022-03-04,49.0,51.97999954223633,48.79999923706055,50.27999877929688,48.2563705444336,507243
2022-03-07,49.59999847412109,50.77000045776367,49.15999984741211,50.0099983215332,47.99723815917969,295127
2022-03-08,50.0099983215332,50.02000045776367,47.560001373291016,47.650001525878906,45.73221969604492,420196
2022-03-09,47.560001373291016,47.79999923706055,44.119998931884766,45.81999969482422,43.975868225097656,383053
2022-03-10,46.68999862670898,48.150001525878906,46.20000076293945,46.97999954223633,45.08918762207031,288887
2022-03-11,47.52999877929688,56.380001068115234,47.0,53.45000076293945,51.298789978027344,2297484
2022-03-14,52.02000045776367,53.220001220703125,49.68999862670898,50.04999923706055,48.03562545776367,1659751
2022-03-15,49.27000045776367,49.52000045776367,44.150001525878906,44.150001525878906,42.37309265136719,1048722
2022-03-16,46.0,46.56999969482422,43.86000061035156,45.84999847412109,44.00466537475586,823530
2022-03-17,46.02999877929688,47.66999816894531,45.68999862670898,46.45000076293945,44.58051681518555,664706
2022-03-18,46.900001525878906,47.81999969482422,46.59999847412109,47.220001220703125,45.31953048706055,438994
2022-03-21,47.220001220703125,49.25,46.400001525878906,49.16999816894531,47.191043853759766,537245
2022-03-22,48.5099983215332,49.0,47.02999877929688,47.150001525878906,45.25234222412109,411792
2022-03-23,47.220001220703125,47.72999954223633,46.58000183105469,46.7400016784668,44.858848571777344,307289
2022-03-24,46.68999862670898,46.68999862670898,45.43000030517578,46.09999847412109,44.244606018066406,277880
2022-03-25,46.15999984741211,46.43000030517578,44.880001068115234,44.900001525878906,43.0929069519043,375335
2022-03-28,44.61000061035156,45.91999816894531,44.09000015258789,45.45000076293945,43.62076950073242,359606
2022-03-29,45.45000076293945,45.56999969482422,44.220001220703125,44.290000915527344,42.50745391845703,248209
2022-03-30,44.83000183105469,45.25,44.18999862670898,44.900001525878906,43.0929069519043,255826
2022-03-31,44.900001525878906,45.65999984741211,44.5,44.81999969482422,43.01612091064453,382857
2022-04-01,44.369998931884766,44.380001068115234,42.75,43.0,41.26937103271485,544120
2022-04-06,43.0,44.20000076293945,43.0,43.70000076293945,41.94120407104492,283787
2022-04-07,43.70000076293945,44.22999954223633,42.75,42.869998931884766,41.14460372924805,265908
2022-04-08,42.59999847412109,42.900001525878906,41.18999862670898,41.27999877929688,39.618595123291016,294894
2022-04-11,41.25,41.25,39.79999923706055,39.86000061035156,38.2557487487793,266654
2022-04-12,39.79999923706055,41.0,39.5099983215332,41.0,39.3498649597168,179787
2022-04-13,40.79999923706055,41.15999984741211,39.310001373291016,40.45000076293945,38.82200622558594,182275
2022-04-14,40.29999923706055,41.36000061035156,40.09000015258789,40.63999938964844,39.00435256958008,206356
2022-04-15,40.22999954223633,40.22999954223633,39.34000015258789,39.59000015258789,37.996612548828125,196498
2022-04-18,39.56999969482422,40.47999954223633,38.54999923706055,40.02999877929688,38.41890335083008,162258
2022-04-19,40.20000076293945,42.0,39.54999923706055,41.54999923706055,39.87773132324219,299295
2022-04-20,41.29999923706055,42.900001525878906,41.29999923706055,42.400001525878906,40.69352340698242,539748
2022-04-21,37.86000061035156,39.54999923706055,37.70000076293945,38.36000061035156,36.81612014770508,733893
2022-04-22,37.9900016784668,37.9900016784668,36.0,36.869998931884766,35.38608932495117,387862
2022-04-25,36.79999923706055,37.29999923706055,34.79999923706055,35.02000045776367,33.61054611206055,443832
2022-04-26,34.95000076293945,35.470001220703125,32.0,32.29999923706055,31.000015258789062,465857
2022-04-27,31.799999237060547,33.400001525878906,31.1299991607666,32.77000045776367,31.451101303100582,550335
2022-04-28,32.02000045776367,32.41999816894531,31.030000686645508,31.68000030517578,30.404970169067383,667694
2022-04-29,31.68000030517578,33.29999923706055,31.68000030517578,33.22999954223633,31.89258575439453,476831
2022-05-05,32.97999954223633,35.08000183105469,32.65999984741211,34.119998931884766,32.746768951416016,470043
2022-05-06,33.5,34.970001220703125,33.0,34.439998626708984,33.05388259887695,312379
2022-05-09,34.400001525878906,35.7599983215332,34.29999923706055,35.459999084472656,34.03282928466797,305575
2022-05-10,34.709999084472656,35.81999969482422,34.709999084472656,35.45000076293945,34.02323532104492,246317
2022-05-11,35.38999938964844,36.900001525878906,35.38999938964844,35.689998626708984,34.25357437133789,388444
2022-05-12,35.689998626708984,36.5,34.54999923706055,36.11000061035156,34.656673431396484,215520
2022-05-13,36.11000061035156,37.540000915527344,35.630001068115234,36.040000915527344,34.58949279785156,231832
2022-05-16,36.040000915527344,36.880001068115234,35.959999084472656,36.08000183105469,34.62788391113281,213919
2022-05-17,36.08000183105469,36.970001220703125,35.209999084472656,35.790000915527344,34.34954833984375,201904
2022-05-18,35.599998474121094,36.41999816894531,35.529998779296875,35.68000030517578,34.24398422241211,207740
2022-05-19,35.04999923706055,35.65999984741211,34.849998474121094,35.54999923706055,34.11921310424805,208840
2022-05-20,35.54999923706055,36.650001525878906,35.54999923706055,35.97999954223633,34.53190612792969,233206
2022-05-23,35.65999984741211,36.93999862670898,35.650001525878906,36.56999969482422,35.09815979003906,263100
2022-05-24,36.900001525878906,36.93000030517578,33.790000915527344,33.84000015258789,32.47803497314453,367916
2022-05-25,33.36000061035156,34.790000915527344,33.36000061035156,34.599998474121094,33.20744705200195,269029
2022-05-26,34.599998474121094,34.93000030517578,33.5,33.63999938964844,32.28608703613281,269516
2022-05-27,33.560001373291016,34.40999984741211,33.20000076293945,33.81999969482422,32.45884323120117,204673
2022-05-30,36.0,36.0,33.75,34.27000045776367,32.89073181152344,482290
2022-05-31,34.27000045776367,34.959999084472656,33.529998779296875,34.77000045776367,33.37060546875,403448
2022-06-01,34.65999984741211,35.709999084472656,34.119998931884766,35.11000061035156,33.79411697387695,246026
2022-06-02,35.11000061035156,36.58000183105469,34.59000015258789,36.2599983215332,34.9010124206543,406716
2022-06-06,36.0,37.5,36.0,36.959999084472656,35.57477951049805,397856
2022-06-07,37.09999847412109,37.2599983215332,36.119998931884766,36.5099983215332,35.14164352416992,281311
2022-06-08,36.4900016784668,36.869998931884766,35.599998474121094,36.119998931884766,34.76626205444336,260603
2022-06-09,36.29999923706055,36.29999923706055,34.45000076293945,34.720001220703125,33.41873550415039,437108
2022-06-10,34.279998779296875,35.88999938964844,34.279998779296875,35.79999923706055,34.458255767822266,324084
2022-06-13,35.470001220703125,36.459999084472656,35.189998626708984,36.34000015258789,34.9780158996582,289824
2022-06-14,35.7400016784668,36.970001220703125,34.45000076293945,35.13999938964844,33.82299041748047,484322
2022-06-15,35.13999938964844,35.9900016784668,34.560001373291016,34.970001220703125,33.65936279296875,376712
2022-06-16,35.0099983215332,37.310001373291016,34.61000061035156,36.720001220703125,35.343772888183594,821498
2022-06-17,36.650001525878906,37.220001220703125,35.5,37.040000915527344,35.65177917480469,601606
2022-06-20,36.83000183105469,39.47999954223633,36.0,38.84999847412109,37.39393997192383,1018270
2022-06-21,38.79999923706055,39.2599983215332,38.0,39.040000915527344,37.57682418823242,845021
2022-06-22,39.0,39.0,38.0,38.060001373291016,36.63355255126953,422408
2022-06-23,38.0,40.0,37.63999938964844,39.36000061035156,37.88482666015625,774386
2022-06-24,39.29999923706055,40.77000045776367,38.900001525878906,39.31999969482422,37.84632873535156,737833
2022-06-27,39.34000015258789,39.91999816894531,38.380001068115234,38.81999969482422,37.36506652832031,463042
2022-06-28,38.81999969482422,39.68000030517578,38.150001525878906,39.45000076293945,37.971458435058594,461195
2022-06-29,39.18999862670898,40.84999847412109,38.52000045776367,39.77000045776367,38.27946472167969,624280
2022-06-30,39.75,42.77000045776367,39.34999847412109,42.11000061035156,40.5317611694336,1147406
2022-07-01,42.040000915527344,43.97999954223633,40.88999938964844,42.54999923706055,40.95526885986328,825626
2022-07-04,42.150001525878906,43.5,41.2599983215332,41.9900016784668,40.416259765625,510014
2022-07-05,42.130001068115234,50.27999877929688,42.06999969482422,46.209999084472656,44.47809982299805,1923771
2022-07-06,45.09000015258789,47.369998931884766,44.630001068115234,45.90999984741211,44.1893424987793,1174871
2022-07-07,45.91999816894531,46.47999954223633,43.29999923706055,44.20000076293945,42.543434143066406,892979
2022-07-08,44.97999954223633,44.97999954223633,43.04999923706055,43.7400016784668,42.10066986083984,539691
2022-07-11,43.59999847412109,43.95000076293945,42.25,42.41999816894531,40.83014297485352,520883
2022-07-12,42.40999984741211,42.40999984741211,39.709999084472656,39.75,38.26021194458008,827704
2022-07-13,39.709999084472656,40.16999816894531,38.459999084472656,38.84000015258789,37.38431930541992,370534
2022-07-14,38.83000183105469,39.68000030517578,38.68999862670898,39.400001525878906,37.92333221435547,212136
2022-07-15,39.0099983215332,40.18000030517578,38.08000183105469,39.209999084472656,37.74044799804688,363655
2022-07-18,39.18000030517578,39.45000076293945,38.119998931884766,39.09999847412109,37.63457489013672,292768
2022-07-19,38.9900016784668,39.72999954223633,38.33000183105469,38.7599983215332,37.30731201171875,221878
2022-07-20,38.7599983215332,41.29999923706055,38.75,40.790000915527344,39.26123809814453,703259
2022-07-21,40.77000045776367,41.47999954223633,39.650001525878906,40.08000183105469,38.57784652709961,552948
2022-07-22,40.0,40.2400016784668,38.29999923706055,38.7400016784668,37.28806686401367,378137
2022-07-25,38.29999923706055,39.77000045776367,38.18999862670898,39.0099983215332,37.54794692993164,392211
2022-07-26,39.0,39.15999984741211,38.22999954223633,38.77000045776367,37.31694412231445,229431
2022-07-27,38.70000076293945,39.70000076293945,38.70000076293945,39.43999862670898,37.96183013916016,280544
2022-07-28,40.0,40.709999084472656,39.45000076293945,40.34999847412109,38.83772277832031,389619
2022-07-29,40.0099983215332,40.06999969482422,38.7400016784668,38.88999938964844,37.43244171142578,367047
2022-08-01,38.790000915527344,39.29999923706055,38.130001068115234,39.150001525878906,37.68270111083984,204642
2022-08-02,38.59999847412109,38.59999847412109,36.209999084472656,36.75,35.372650146484375,371521
2022-08-03,36.5,37.70000076293945,36.33000183105469,36.709999084472656,35.33414840698242,233310
2022-08-04,36.72999954223633,37.59999847412109,36.720001220703125,37.47999954223633,36.07529067993164,159291
2022-08-05,37.59000015258789,38.369998931884766,37.58000183105469,38.2599983215332,36.82605743408203,177149
2022-08-08,38.27999877929688,38.810001373291016,38.0,38.720001220703125,37.26881790161133,147307
2022-08-09,38.77000045776367,39.97999954223633,38.08000183105469,39.79999923706055,38.3083381652832,412151
2022-08-10,39.810001373291016,40.18000030517578,38.9900016784668,39.29999923706055,37.82707595825195,201143
2022-08-11,39.5099983215332,41.29999923706055,39.119998931884766,41.02999877929688,39.49223327636719,635675
2022-08-12,41.400001525878906,42.25,40.060001373291016,40.400001525878906,38.8858528137207,661391
2022-08-15,41.310001373291016,42.470001220703125,40.5099983215332,42.43999862670898,40.84939193725586,1169667
2022-08-16,42.43999862670898,42.959999084472656,41.72999954223633,42.380001068115234,40.79164505004883,662570
2022-08-17,42.06999969482422,42.4900016784668,41.540000915527344,42.34999847412109,40.76276779174805,515156
2022-08-18,42.560001373291016,50.790000915527344,41.810001373291016,44.650001525878906,42.97656631469727,1146920
2022-08-19,45.0,45.650001525878906,43.310001373291016,43.40999984741211,41.78303909301758,797460
2022-08-22,42.83000183105469,42.83000183105469,40.9900016784668,41.119998931884766,39.5788688659668,787414
2022-08-23,41.33000183105469,41.52000045776367,40.02000045776367,40.75,39.22273254394531,460720
2022-08-24,40.7400016784668,41.18999862670898,38.83000183105469,39.0,37.5383186340332,555498
2022-08-25,39.31999969482422,39.7400016784668,37.70000076293945,38.18999862670898,36.7586784362793,460476
2022-08-26,38.0,39.36000061035156,37.9900016784668,38.290000915527344,36.85493087768555,304943
2022-08-29,37.86000061035156,38.720001220703125,37.5,38.400001525878906,36.96080780029297,288427
2022-08-30,38.02999877929688,39.25,38.02999877929688,38.88999938964844,37.43244171142578,292219
2022-08-31,38.88999938964844,39.09999847412109,37.59999847412109,38.22999954223633,36.79718399047852,387695
2022-09-01,38.459999084472656,39.290000915527344,38.130001068115234,39.06999969482422,37.60569763183594,334645
2022-09-02,38.900001525878906,40.2400016784668,38.720001220703125,40.20000076293945,38.69334411621094,479684
2022-09-05,40.61000061035156,43.0,40.18000030517578,40.43000030517578,38.91472625732422,582685
2022-09-06,40.77999877929688,41.0,39.58000183105469,40.119998931884766,38.61634063720703,347092
2022-09-07,40.02999877929688,41.369998931884766,39.52000045776367,40.91999816894531,39.38636016845703,304223
2022-09-08,40.91999816894531,40.91999816894531,38.65999984741211,39.0,37.5383186340332,488649
2022-09-09,39.59999847412109,46.79999923706055,39.59999847412109,45.560001373291016,43.85245895385742,3879725
2022-09-13,42.7599983215332,42.7599983215332,41.08000183105469,42.5,40.90714645385742,2990615
2022-09-14,41.4900016784668,41.5099983215332,40.630001068115234,41.0,39.46336364746094,1252543
2022-09-15,41.11000061035156,41.470001220703125,39.52000045776367,39.70000076293945,38.21208953857422,1047475
2022-09-16,39.5,39.869998931884766,38.5,38.59999847412109,37.15331268310547,822880
2022-09-19,38.380001068115234,38.59999847412109,36.86000061035156,37.02999877929688,35.64215469360352,767586
2022-09-20,37.02999877929688,37.72999954223633,36.9900016784668,37.18000030517578,35.78653717041016,381780
2022-09-21,37.5,39.209999084472656,37.18000030517578,38.90999984741211,37.451698303222656,828559
2022-09-22,39.52000045776367,41.93999862670898,39.4900016784668,40.970001220703125,39.43449020385742,1528548
2022-09-23,41.0099983215332,43.400001525878906,41.0099983215332,41.83000183105469,40.26226043701172,1738559
2022-09-26,41.08000183105469,41.9900016784668,40.52999877929688,41.2599983215332,39.71361923217773,981433
2022-09-27,41.68999862670898,42.5,40.61000061035156,42.43000030517578,40.83977127075195,1217489
2022-09-28,42.41999816894531,43.400001525878906,41.58000183105469,41.68999862670898,40.12750244140625,1268787
2022-09-29,41.91999816894531,43.18000030517578,41.0099983215332,42.08000183105469,40.50288772583008,1036164
2022-09-30,42.34000015258789,42.90999984741211,41.400001525878906,41.70000076293945,40.13713073730469,963632
2022-10-10,41.9900016784668,43.59999847412109,41.40999984741211,42.52000045776367,40.926395416259766,1637676
2022-10-11,42.52999877929688,43.20000076293945,40.0099983215332,40.29999923706055,38.78959274291992,1337772
2022-10-12,40.08000183105469,41.400001525878906,38.43000030517578,40.40999984741211,38.89547729492188,1020176
2022-10-13,40.209999084472656,44.43999862670898,39.97999954223633,44.400001525878906,42.73593521118164,2698907
2022-10-14,44.2599983215332,48.0,43.59999847412109,45.97999954223633,44.256717681884766,3381908
2022-10-17,46.18999862670898,47.29999923706055,45.15999984741211,45.79999923706055,44.08346176147461,2800918
2022-10-18,45.959999084472656,49.91999816894531,44.459999084472656,47.58000183105469,45.7967529296875,2961508
2022-10-19,47.0,47.380001068115234,45.77000045776367,46.040000915527344,44.31447219848633,1525335
2022-10-20,45.68999862670898,49.43999862670898,45.20000076293945,48.650001525878906,46.82665252685547,2703978
2022-10-21,48.20000076293945,50.470001220703125,47.79999923706055,49.70000076293945,47.83730316162109,1933777
2022-10-24,49.06999969482422,49.970001220703125,46.119998931884766,47.130001068115234,45.36362075805664,2027862
2022-10-25,46.9900016784668,46.9900016784668,43.79999923706055,44.84999847412109,43.169071197509766,1704455
2022-10-26,45.25,47.45000076293945,45.2400016784668,46.75,44.997859954833984,1376776
2022-10-27,45.09999847412109,46.75,44.459999084472656,45.720001220703125,44.006465911865234,1319712
2022-10-28,45.70000076293945,45.93999862670898,42.29999923706055,42.29999923706055,40.71464157104492,1449811
2022-10-31,42.56999969482422,44.31999969482422,42.56999969482422,43.31999969482422,41.6964111328125,1033589
2022-11-01,43.34000015258789,45.0,42.52999877929688,44.65999984741211,42.98619079589844,907237
2022-11-02,44.59000015258789,46.09999847412109,43.900001525878906,45.040000915527344,43.35194396972656,1105827
2022-11-03,44.72999954223633,45.63999938964844,43.7599983215332,44.400001525878906,42.73593521118164,651024
2022-11-04,44.400001525878906,44.900001525878906,43.66999816894531,44.56999969482422,42.899559020996094,880214
2022-11-07,44.79999923706055,45.77999877929688,43.459999084472656,44.18000030517578,42.5241813659668,947747
2022-11-08,43.880001068115234,45.09999847412109,43.34999847412109,45.040000915527344,43.35194396972656,883868
2022-11-09,45.09999847412109,46.5,44.130001068115234,45.9900016784668,44.2663459777832,1190454
2022-11-10,45.75,46.38999938964844,44.310001373291016,44.38999938964844,42.7263069152832,1266963
2022-11-11,45.380001068115234,46.5,44.470001220703125,44.880001068115234,43.19794845581055,1393212
2022-11-14,44.400001525878906,45.45000076293945,42.91999816894531,44.720001220703125,43.0439453125,955608
2022-11-15,44.459999084472656,44.720001220703125,43.34999847412109,44.18999862670898,42.53380584716797,870500
2022-11-16,44.0,45.5,43.369998931884766,43.70000076293945,42.06217193603516,835268
2022-11-17,43.59999847412109,44.47999954223633,42.91999816894531,44.18999862670898,42.53380584716797,895875
2022-11-18,43.79999923706055,45.970001220703125,43.709999084472656,44.380001068115234,42.7166862487793,1105712
2022-11-21,44.369998931884766,44.369998931884766,42.869998931884766,43.40999984741211,41.78303909301758,688070
2022-11-22,43.2400016784668,43.81999969482422,40.68999862670898,41.880001068115234,40.31038665771485,976021
2022-11-23,41.29999923706055,42.459999084472656,39.95000076293945,40.5099983215332,38.99172592163086,513624
2022-11-24,40.63999938964844,41.470001220703125,40.52000045776367,41.41999816894531,39.867618560791016,322872
2022-11-25,41.5,41.5,40.22999954223633,40.400001525878906,38.8858528137207,278625
2022-11-28,39.630001068115234,40.900001525878906,39.54999923706055,39.79999923706055,38.3083381652832,367860
2022-11-29,39.630001068115234,41.20000076293945,39.209999084472656,40.84000015258789,39.309356689453125,396106
2022-11-30,41.22999954223633,41.369998931884766,40.0,40.16999816894531,38.66447067260742,379825
2022-12-01,40.68000030517578,41.29999923706055,40.43999862670898,40.95000076293945,39.41523742675781,461041
2022-12-02,41.20000076293945,41.63999938964844,40.310001373291016,41.18000030517578,39.63661956787109,426755
2022-12-05,41.5,41.66999816894531,40.75,40.959999084472656,39.42485809326172,456562
2022-12-06,40.79999923706055,41.43999862670898,40.380001068115234,41.33000183105469,39.78099822998047,571631
2022-12-07,41.060001373291016,42.04999923706055,40.56999969482422,41.63999938964844,40.079376220703125,557815
2022-12-08,41.369998931884766,42.36000061035156,40.59999847412109,41.18000030517578,39.63661956787109,680365
2022-12-09,41.06999969482422,41.970001220703125,40.61000061035156,40.70000076293945,39.17460632324219,337013
2022-12-12,40.70000076293945,41.65999984741211,40.0,41.54999923706055,39.99275207519531,620935
2022-12-13,41.54999923706055,41.84999847412109,40.77000045776367,40.79999923706055,39.27085876464844,418854
2022-12-14,40.5,41.09999847412109,40.20000076293945,40.86000061035156,39.32861328125,319477
2022-12-15,40.86000061035156,41.380001068115234,40.08000183105469,40.130001068115234,38.62596893310547,380705
2022-12-16,40.20000076293945,40.4900016784668,39.209999084472656,39.70000076293945,38.21208953857422,311622
2022-12-19,40.220001220703125,40.220001220703125,38.150001525878906,38.43999862670898,36.99931335449219,357740
2022-12-20,38.220001220703125,38.79999923706055,38.15999984741211,38.58000183105469,37.134063720703125,133900
2022-12-21,38.36000061035156,38.790000915527344,37.900001525878906,38.2599983215332,36.82605743408203,221427
2022-12-22,38.790000915527344,38.790000915527344,36.93000030517578,37.150001525878906,35.75765609741211,264916
2022-12-23,37.02000045776367,38.11000061035156,37.0,37.52999877929688,36.123416900634766,251500
2022-12-26,37.900001525878906,37.900001525878906,37.09000015258789,37.220001220703125,35.825035095214844,237258
2022-12-27,37.41999816894531,37.68999862670898,36.27999877929688,37.38999938964844,35.98866271972656,320516
2022-12-28,37.09999847412109,37.68999862670898,35.849998474121094,36.060001373291016,34.70851135253906,490419
2022-12-29,36.040000915527344,37.65999984741211,36.040000915527344,37.36000061035156,35.95978927612305,501151
2022-12-30,37.36000061035156,37.54999923706055,36.369998931884766,36.880001068115234,35.497779846191406,396109
2023-01-03,36.84999847412109,37.790000915527344,36.84999847412109,37.65999984741211,36.2485466003418,335140
2023-01-04,37.72999954223633,38.25,37.0099983215332,37.93999862670898,36.51805114746094,318507
2023-01-05,37.93999862670898,38.65999984741211,37.34999847412109,38.470001220703125,37.0281867980957,382355
2023-01-06,38.470001220703125,38.97999954223633,38.02000045776367,38.470001220703125,37.0281867980957,341500
2023-01-09,38.790000915527344,38.790000915527344,37.810001373291016,38.709999084472656,37.259185791015625,229800
2023-01-10,38.709999084472656,38.880001068115234,38.09000015258789,38.59999847412109,37.15331268310547,303542
2023-01-11,38.27999877929688,38.86000061035156,37.970001220703125,38.02999877929688,36.60467147827149,330733
2023-01-12,38.380001068115234,38.52000045776367,37.81999969482422,38.0,36.575801849365234,395077
2023-01-13,38.400001525878906,38.97999954223633,37.81999969482422,38.88999938964844,37.43244171142578,592761
2023-01-16,39.0,39.869998931884766,38.20000076293945,39.29999923706055,37.82707595825195,431100
2023-01-17,39.290000915527344,39.52000045776367,38.61000061035156,38.88999938964844,37.43244171142578,319655
2023-01-18,38.59999847412109,38.84999847412109,38.20000076293945,38.20000076293945,36.76830673217773,449600
2023-01-19,38.5,38.959999084472656,37.869998931884766,38.77999877929688,37.32656478881836,454600
2023-01-20,38.9900016784668,39.150001525878906,38.52000045776367,38.79999923706055,37.345821380615234,255200
2023-01-30,39.150001525878906,39.5,38.650001525878906,38.95000076293945,37.490196228027344,384300
2023-01-31,39.0,39.09999847412109,38.52000045776367,38.95000076293945,37.490196228027344,263900
2023-02-01,39.08000183105469,39.650001525878906,38.959999084472656,39.650001525878906,38.16395950317383,687020
2023-02-02,39.59999847412109,40.380001068115234,39.09000015258789,40.09000015258789,38.58746719360352,552123
2023-02-03,40.0,41.880001068115234,40.0,40.709999084472656,39.18423461914063,897100
2023-02-06,40.27000045776367,40.869998931884766,39.720001220703125,40.2400016784668,38.73184967041016,671754
2023-02-07,40.59999847412109,41.650001525878906,40.209999084472656,41.59999847412109,40.04087066650391,796652
2023-02-08,41.59000015258789,42.220001220703125,41.040000915527344,41.380001068115234,39.8291244506836,816057
2023-02-09,41.5,46.91999816894531,41.5,43.790000915527344,42.14879608154297,2435333
2023-02-10,44.34000015258789,45.0,42.54999923706055,43.400001525878906,41.77341842651367,1564167
2023-02-13,44.65999984741211,48.97999954223633,44.65999984741211,48.310001373291016,46.499393463134766,4311977
2023-02-14,49.45000076293945,49.58000183105469,47.0,47.84999847412109,46.056636810302734,2508857
2023-02-15,48.56999969482422,49.40999984741211,47.33000183105469,47.58000183105469,45.7967529296875,1680580
2023-02-16,48.22999954223633,50.93000030517578,46.9900016784668,49.29999923706055,47.45228958129883,2675853
2023-02-17,49.22999954223633,51.470001220703125,47.95000076293945,47.97999954223633,46.181758880615234,2187244
2023-02-20,48.970001220703125,49.02000045776367,46.34000015258789,47.5099983215332,45.729373931884766,1769287
2023-02-21,47.52999877929688,48.08000183105469,46.52000045776367,47.31999969482422,45.54649353027344,949700
2023-02-22,47.459999084472656,49.0099983215332,46.130001068115234,47.06999969482422,45.30587005615234,1231552
2023-02-23,47.06999969482422,51.560001373291016,46.5,51.29999923706055,49.37732696533203,3026209
2023-02-24,51.33000183105469,55.20000076293945,50.0,53.59999847412109,51.59112930297852,3363962
2023-02-27,53.150001525878906,53.59999847412109,49.54999923706055,49.59999847412109,47.74103927612305,2073632
2023-02-28,49.970001220703125,51.86000061035156,48.70000076293945,49.20000076293945,47.35603713989258,1317226
2023-03-01,49.20000076293945,49.25,47.18999862670898,47.810001373291016,46.01813507080078,1544299
2023-03-02,47.40999984741211,47.84000015258789,46.91999816894531,47.2400016784668,45.46950149536133,1061770
2023-03-03,47.56999969482422,48.4900016784668,47.040000915527344,47.90999984741211,46.114383697509766,1184298
2023-03-06,47.86000061035156,49.630001068115234,47.15999984741211,49.0099983215332,47.17315673828125,1496875
2023-03-07,48.66999816894531,50.27999877929688,47.52000045776367,47.86000061035156,46.066253662109375,1058900
2023-03-08,47.470001220703125,48.720001220703125,47.36000061035156,47.56999969482422,45.78712463378906,571855
2023-03-09,47.83000183105469,48.790000915527344,46.709999084472656,48.38999938964844,46.576393127441406,652641
2023-03-10,48.38999938964844,48.97999954223633,45.38999938964844,45.5,43.79471206665039,2276657
2023-03-13,45.5,46.400001525878906,44.83000183105469,45.20000076293945,43.50595474243164,1386072
2023-03-14,45.20000076293945,46.09000015258789,44.08000183105469,44.79999923706055,43.120941162109375,918504
2023-03-15,45.18999862670898,46.619998931884766,45.0,45.54999923706055,43.84283447265625,758032
2023-03-16,45.25,45.880001068115234,44.86000061035156,45.18999862670898,43.4963264465332,570902
2023-03-17,45.27999877929688,45.68999862670898,43.59999847412109,43.93000030517578,42.28355026245117,840353
2023-03-20,43.93999862670898,44.4900016784668,42.72999954223633,44.02999877929688,42.37979888916016,946947
2023-03-21,44.02999877929688,45.77000045776367,43.9900016784668,45.560001373291016,43.85245895385742,831203
2023-03-22,45.79999923706055,46.5,45.25,45.33000183105469,43.631080627441406,404554
2023-03-23,44.84999847412109,45.959999084472656,44.5,44.93000030517578,43.246070861816406,559070
2023-03-24,44.959999084472656,47.68000030517578,44.959999084472656,46.119998931884766,44.39147186279297,1490248
2023-03-27,45.9900016784668,46.34999847412109,44.83000183105469,45.130001068115234,43.43857955932617,1082300
2023-03-28,44.900001525878906,46.88999938964844,44.900001525878906,45.70000076293945,43.987213134765625,889648
2023-03-29,45.88999938964844,46.18999862670898,44.97999954223633,45.0,43.31344604492188,587936
2023-03-30,45.119998931884766,45.5,44.150001525878906,45.09999847412109,43.409698486328125,563196
2023-03-31,45.09999847412109,45.68999862670898,44.290000915527344,44.68000030517578,43.00543975830078,534200
2023-04-03,44.560001373291016,45.27000045776367,43.02999877929688,43.84999847412109,42.20654678344727,1189081
2023-04-04,43.84000015258789,43.880001068115234,42.16999816894531,42.52999877929688,40.93601989746094,1216632
2023-04-06,42.84000015258789,43.970001220703125,42.36000061035156,43.650001525878906,42.0140495300293,884091
2023-04-07,43.5,46.4900016784668,43.150001525878906,45.72999954223633,44.01608657836914,1248409
2023-04-10,45.72999954223633,45.84999847412109,43.959999084472656,44.20000076293945,42.543434143066406,1203400
2023-04-11,44.560001373291016,44.77000045776367,42.790000915527344,43.09999847412109,41.484657287597656,869184
2023-04-12,43.0,43.9900016784668,42.81999969482422,43.59999847412109,41.96591567993164,737111
2023-04-13,43.43999862670898,45.290000915527344,42.59999847412109,44.25,42.59156036376953,1023324
2023-04-14,44.34000015258789,46.34000015258789,43.81999969482422,45.97999954223633,44.256717681884766,1337986
2023-04-17,45.900001525878906,47.4900016784668,45.119998931884766,46.310001373291016,44.5743522644043,1085580
2023-04-18,46.34000015258789,46.34000015258789,45.11000061035156,45.459999084472656,43.75620651245117,499508
2023-04-19,45.459999084472656,45.59000015258789,43.77999877929688,44.060001373291016,42.4086799621582,626467
2023-04-20,44.25,44.5,42.59999847412109,42.7599983215332,41.15739822387695,700100
2023-04-21,42.66999816894531,43.5,41.5099983215332,41.66999816894531,40.10825347900391,655208
2023-04-24,41.720001220703125,42.5099983215332,41.34999847412109,41.650001525878906,40.08900451660156,604004
2023-04-25,41.869998931884766,42.18999862670898,39.709999084472656,40.119998931884766,38.61634063720703,781627
2023-04-26,40.34000015258789,42.54999923706055,40.34000015258789,41.900001525878906,40.32963562011719,654763
2023-04-27,41.150001525878906,43.27999877929688,41.0099983215332,42.72999954223633,41.12852478027344,677600
2023-04-28,43.20000076293945,43.25,41.70000076293945,42.58000183105469,40.98414611816406,774427
2023-05-04,42.869998931884766,43.880001068115234,42.38999938964844,42.93999862670898,41.33065032958984,673027
2023-05-05,42.0099983215332,43.630001068115234,42.0099983215332,42.29999923706055,40.71464157104492,655500
2023-05-08,41.5,43.720001220703125,41.5,41.97999954223633,40.40663146972656,657848
2023-05-09,41.77000045776367,42.40999984741211,40.59999847412109,40.68000030517578,39.15535736083984,643500
2023-05-10,40.68000030517578,41.400001525878906,40.0099983215332,40.400001525878906,38.8858528137207,569900
2023-05-11,40.400001525878906,41.33000183105469,39.810001373291016,40.310001373291016,38.799224853515625,431776
2023-05-12,40.79999923706055,40.79999923706055,39.5,40.43000030517578,38.91472625732422,410158
2023-05-15,40.15999984741211,40.619998931884766,39.52999877929688,40.11000061035156,38.60672378540039,443500
2023-05-16,40.20000076293945,41.22999954223633,39.59999847412109,40.43000030517578,38.91472625732422,484416
2023-05-17,40.33000183105469,41.0,39.65999984741211,40.900001525878906,39.36711120605469,368181
2023-05-18,40.02000045776367,41.84999847412109,40.02000045776367,41.83000183105469,40.26226043701172,600358
2023-05-19,41.72999954223633,43.119998931884766,41.02000045776367,43.02999877929688,41.41728210449219,695619
2023-05-22,43.02999877929688,43.54999923706055,42.5,43.119998931884766,41.503902435302734,377679
2023-05-23,43.29999923706055,44.18000030517578,42.630001068115234,43.459999084472656,41.8311653137207,480516
2023-05-24,43.2400016784668,43.7599983215332,42.5099983215332,43.369998931884766,41.74454116821289,465453
2023-05-25,42.900001525878906,43.900001525878906,41.79999923706055,42.29999923706055,40.71464157104492,605900
2023-05-26,42.29999923706055,42.97999954223633,42.0,42.63999938964844,41.041900634765625,366608
2023-05-29,43.040000915527344,46.15999984741211,42.900001525878906,46.040000915527344,44.31447219848633,1842924
2023-05-30,49.59999847412109,53.0,46.29999923706055,47.900001525878906,46.10476303100586,4503857
2023-05-31,47.619998931884766,50.27999877929688,46.060001373291016,46.95000076293945,45.19036865234375,4388610
2023-06-01,46.58000183105469,49.2400016784668,44.880001068115234,48.58000183105469,46.95930862426758,3948827
2023-06-02,47.5,47.65999984741211,44.43000030517578,44.43000030517578,42.94776153564453,2907793
2023-06-05,44.20000076293945,46.15999984741211,44.11000061035156,45.470001220703125,43.95306396484375,1787480
2023-06-06,46.0,46.119998931884766,43.59999847412109,43.93000030517578,42.46443939208984,1190548
2023-06-07,44.0099983215332,45.27999877929688,43.040000915527344,43.81999969482422,42.35811233520508,1071076
2023-06-08,43.81999969482422,44.18999862670898,42.16999816894531,42.470001220703125,41.05315017700195,1062405
2023-06-09,42.5,43.79999923706055,42.20000076293945,43.52000045776367,42.068119049072266,818323
2023-06-12,43.2599983215332,43.900001525878906,42.52000045776367,43.400001525878906,41.952125549316406,686527
2023-06-13,43.0,43.68000030517578,42.5099983215332,43.09999847412109,41.6621322631836,481727
2023-06-14,43.150001525878906,43.720001220703125,42.150001525878906,43.34999847412109,41.90379333496094,633400
2023-06-15,43.59999847412109,44.4900016784668,42.900001525878906,43.959999084472656,42.49344253540039,725031
2023-06-16,43.84999847412109,44.790000915527344,43.65999984741211,44.02999877929688,42.56110382080078,657103
2023-06-19,44.040000915527344,45.20000076293945,43.68000030517578,44.36000061035156,42.88010025024414,692476
2023-06-20,44.34999847412109,45.0,44.02000045776367,44.56999969482422,43.08309173583984,582600
2023-06-21,44.900001525878906,44.900001525878906,43.29999923706055,43.380001068115234,41.93279266357422,664528
2023-06-26,42.84999847412109,43.650001525878906,42.29999923706055,42.68000030517578,41.25614547729492,590757
2023-06-27,42.97999954223633,43.790000915527344,42.77000045776367,43.52000045776367,42.068119049072266,386500
2023-06-28,43.290000915527344,43.720001220703125,42.09999847412109,42.2400016784668,40.8308219909668,694292
2023-06-29,42.68999862670898,44.400001525878906,42.27999877929688,44.15999984741211,42.686767578125,899915
2023-06-30,44.15999984741211,44.84999847412109,43.77000045776367,43.959999084472656,42.49344253540039,572700
2023-07-03,43.93000030517578,44.130001068115234,42.900001525878906,43.18999862670898,41.74912643432617,526008
2023-07-04,43.18999862670898,43.880001068115234,42.59999847412109,43.81999969482422,42.35811233520508,692500
2023-07-05,43.810001373291016,43.959999084472656,43.08000183105469,43.43000030517578,41.98112106323242,425236
2023-07-06,43.70000076293945,43.720001220703125,42.900001525878906,43.25,41.80712890625,265328
2023-07-07,43.27999877929688,43.29999923706055,42.59999847412109,42.93000030517578,41.497802734375,248776
2023-07-10,42.720001220703125,43.04999923706055,42.36000061035156,42.4900016784668,41.07248306274414,353931
2023-07-11,42.29999923706055,42.790000915527344,41.75,41.91999816894531,40.5214958190918,424013
2023-07-12,41.959999084472656,42.34000015258789,41.459999084472656,41.4900016784668,40.1058464050293,282500
2023-07-13,41.720001220703125,42.209999084472656,41.33000183105469,41.900001525878906,40.50216674804688,325100
2023-07-14,42.18000030517578,42.310001373291016,41.27000045776367,41.43000030517578,40.04784393310547,428391
2023-07-17,41.27999877929688,42.02000045776367,40.81999969482422,41.630001068115234,40.241172790527344,503558
2023-07-18,41.630001068115234,41.880001068115234,40.81999969482422,40.81999969482422,39.458194732666016,513353
2023-07-19,40.959999084472656,41.25,40.0,40.34000015258789,38.99420928955078,464731
2023-07-20,40.43999862670898,40.70000076293945,39.720001220703125,39.83000183105469,38.501224517822266,410455
2023-07-21,40.119998931884766,40.650001525878906,39.79999923706055,39.88999938964844,38.55921936035156,354500
2023-07-24,39.900001525878906,41.27999877929688,39.68000030517578,40.70000076293945,39.34219741821289,458655
2023-07-25,40.900001525878906,40.900001525878906,40.459999084472656,40.790000915527344,39.429195404052734,373955
2023-07-26,40.97999954223633,41.56999969482422,40.41999816894531,41.25,39.87384796142578,433000
2023-07-27,41.0,41.560001373291016,40.70000076293945,40.83000183105469,39.46786117553711,284700
2023-07-28,40.79999923706055,41.0,40.0099983215332,40.91999816894531,39.55485916137695,263400
2023-07-31,40.880001068115234,41.290000915527344,40.31999969482422,40.59000015258789,39.23586654663086,438269
2023-08-01,40.88999938964844,40.959999084472656,38.0099983215332,38.5,37.21559143066406,1290145
2023-08-02,38.5,38.7400016784668,37.77999877929688,38.11000061035156,36.838600158691406,668600
2023-08-03,38.15999984741211,38.68000030517578,37.970001220703125,38.66999816894531,37.379920959472656,415346
2023-08-04,38.77000045776367,38.88999938964844,38.34000015258789,38.43999862670898,37.1575927734375,280200
2023-08-07,38.41999816894531,38.54999923706055,37.720001220703125,38.130001068115234,36.85793685913086,595632
2023-08-08,38.06999969482422,38.11000061035156,37.59999847412109,37.84999847412109,36.58727645874024,385771
2023-08-09,37.970001220703125,38.97999954223633,37.7599983215332,38.52000045776367,37.23492813110352,679700
2023-08-10,38.400001525878906,38.95000076293945,38.20000076293945,38.7599983215332,37.466915130615234,494300
2023-08-11,38.880001068115234,40.209999084472656,38.5,39.400001525878906,38.0855712890625,862908
2023-08-14,39.400001525878906,39.400001525878906,38.20000076293945,38.959999084472656,37.66024398803711,583400
2023-08-15,38.790000915527344,39.9900016784668,38.400001525878906,39.70000076293945,38.37556076049805,753748
2023-08-16,39.709999084472656,40.5,39.18000030517578,39.2599983215332,37.95023727416992,844202
2023-08-17,39.27999877929688,39.27999877929688,38.20000076293945,38.86000061035156,37.56358337402344,571300
2023-08-18,39.11000061035156,39.59999847412109,38.36000061035156,38.380001068115234,37.0995979309082,467713
2023-08-21,37.58000183105469,37.58000183105469,35.599998474121094,36.959999084472656,35.72696685791016,978005
2023-08-22,37.18999862670898,37.220001220703125,35.22999954223633,36.02000045776367,34.818328857421875,734235
2023-08-23,36.02999877929688,36.16999816894531,34.970001220703125,35.0099983215332,33.84202194213867,484047
2023-08-24,35.209999084472656,35.58000183105469,34.29999923706055,34.72999954223633,33.57136535644531,573339
2023-08-25,34.58000183105469,35.58000183105469,34.29999923706055,34.5,33.34903717041016,685209
2023-08-28,36.5,36.70000076293945,33.90999984741211,33.90999984741211,32.77872085571289,933018
2023-08-29,34.290000915527344,36.560001373291016,34.11000061035156,36.400001525878906,35.18564987182617,972300
2023-08-30,36.84999847412109,37.290000915527344,36.130001068115234,37.02000045776367,35.784969329833984,565992
2023-08-31,36.9900016784668,37.45000076293945,36.29999923706055,37.25,36.00729751586914,622300
2023-09-01,37.52999877929688,37.58000183105469,36.77000045776367,37.13999938964844,35.90096664428711,440867
2023-09-04,37.22999954223633,37.4900016784668,36.65999984741211,37.09000015258789,35.852630615234375,384300
2023-09-05,37.18000030517578,37.540000915527344,36.72999954223633,37.0,35.7656364440918,333200
2023-09-06,36.66999816894531,37.2400016784668,36.59999847412109,37.20000076293945,35.958961486816406,227400
2023-09-07,37.16999816894531,37.16999816894531,36.4900016784668,36.58000183105469,35.359649658203125,368300
2023-09-08,36.47999954223633,37.13999938964844,36.34999847412109,36.56999969482422,35.349979400634766,362171
2023-09-11,36.79999923706055,37.95000076293945,36.400001525878906,37.43999862670898,36.190956115722656,527308
2023-09-12,37.66999816894531,37.66999816894531,37.09999847412109,37.43999862670898,36.190956115722656,351808
2023-09-13,37.40999984741211,37.43999862670898,36.45000076293945,36.83000183105469,35.6013069152832,384941
2023-09-14,36.93999862670898,37.16999816894531,36.38999938964844,36.52999877929688,35.31131362915039,380900
2023-09-15,36.630001068115234,38.5,36.369998931884766,37.72999954223633,36.47127914428711,917900
2023-09-18,37.83000183105469,38.7599983215332,37.45000076293945,38.470001220703125,37.18659591674805,714392
2023-09-19,38.470001220703125,38.9900016784668,37.7400016784668,38.2599983215332,36.98360061645508,531200
2023-09-20,38.2400016784668,38.65999984741211,37.86000061035156,38.130001068115234,36.85793685913086,444108
2023-09-21,38.34999847412109,38.58000183105469,37.59999847412109,37.75,36.4906120300293,459208
2023-09-22,37.790000915527344,38.04999923706055,37.15999984741211,37.91999816894531,36.65493774414063,509776
2023-09-25,37.970001220703125,38.369998931884766,37.79999923706055,38.0099983215332,36.74193954467773,417400
2023-09-26,38.0099983215332,38.22999954223633,37.31999969482422,37.470001220703125,36.21995544433594,287700
2023-09-27,37.59999847412109,38.400001525878906,37.34999847412109,38.2400016784668,36.96426773071289,444976
2023-09-28,38.2400016784668,38.43000030517578,37.630001068115234,37.79999923706055,36.53894805908203,379476
2023-10-09,37.79999923706055,37.79999923706055,37.09999847412109,37.459999084472656,36.21028900146485,420708
2023-10-10,37.470001220703125,37.470001220703125,36.47999954223633,36.59999847412109,35.37897872924805,513100
2023-10-11,36.619998931884766,38.29999923706055,36.619998931884766,37.54999923706055,36.29728317260742,670500
2023-10-12,37.97999954223633,38.220001220703125,37.400001525878906,37.83000183105469,36.56794357299805,546541
2023-10-13,37.77999877929688,37.9900016784668,37.43000030517578,37.869998931884766,36.60660934448242,362300
2023-10-16,37.869998931884766,37.9900016784668,36.380001068115234,36.70000076293945,35.475643157958984,533308
2023-10-17,37.08000183105469,37.08000183105469,36.02000045776367,36.68999862670898,35.46597671508789,333408
2023-10-18,36.560001373291016,36.560001373291016,35.02000045776367,35.529998779296875,34.34467315673828,436400
2023-10-19,35.529998779296875,36.06999969482422,35.040000915527344,35.31999969482422,34.14168167114258,303968
2023-10-20,35.310001373291016,36.02000045776367,35.029998779296875,35.099998474121094,33.92902374267578,371300
2023-10-23,35.11000061035156,35.31999969482422,34.25,34.720001220703125,33.56169891357422,456908
2023-10-24,35.25,36.09999847412109,34.310001373291016,36.040000915527344,34.83766174316406,440400
2023-10-25,35.97999954223633,36.25,35.439998626708984,35.529998779296875,34.34467315673828,319500
2023-10-26,35.349998474121094,35.79999923706055,34.88999938964844,35.720001220703125,34.52833557128906,282800
2023-10-27,35.720001220703125,37.16999816894531,35.36000061035156,37.0,35.7656364440918,700400
2023-10-30,39.9900016784668,41.560001373291016,38.97999954223633,41.290000915527344,39.91251754760742,3416180
2023-10-31,40.68000030517578,42.40999984741211,40.68000030517578,41.84999847412109,40.45383071899414,2108093
2023-11-01,41.900001525878906,42.61000061035156,41.4900016784668,42.380001068115234,40.96615219116211,1445690
2023-11-02,42.2400016784668,42.5099983215332,41.02999877929688,41.25,39.87384796142578,901592
2023-11-03,41.31999969482422,42.40999984741211,40.95000076293945,41.900001525878906,40.50216674804688,957876
2023-11-06,42.04999923706055,43.18000030517578,42.04999923706055,43.0,41.56546401977539,1018308
2023-11-07,42.65999984741211,43.060001373291016,42.34000015258789,42.75,41.32380676269531,666100
2023-11-08,42.45000076293945,43.66999816894531,42.45000076293945,43.59999847412109,42.145450592041016,654273
2023-11-09,43.27000045776367,44.25,42.79999923706055,43.06999969482422,41.63313293457031,704400
2023-11-10,43.36000061035156,43.63999938964844,42.4900016784668,43.150001525878906,41.71046447753906,635800
2023-11-13,43.369998931884766,43.81999969482422,42.77999877929688,43.27999877929688,41.836124420166016,650388
2023-11-14,43.27999877929688,43.45000076293945,42.43000030517578,42.720001220703125,41.2948112487793,574792
2023-11-15,43.88999938964844,43.88999938964844,42.86000061035156,43.290000915527344,41.845794677734375,549153
2023-11-16,43.08000183105469,43.79999923706055,42.58000183105469,42.900001525878906,41.46880340576172,415800
2023-11-17,42.38999938964844,43.5,42.38999938964844,43.41999816894531,41.97145462036133,453600
2023-11-20,43.650001525878906,45.0,43.43000030517578,44.75,43.257083892822266,793700
2023-11-21,45.52999877929688,45.880001068115234,43.36000061035156,43.5,42.04878616333008,661153
2023-11-22,43.5,44.29999923706055,43.2599983215332,43.2599983215332,41.81678771972656,462075
2023-11-23,43.2599983215332,44.63999938964844,43.2599983215332,44.15999984741211,42.686767578125,575000
2023-11-24,44.13999938964844,44.5,43.7599983215332,44.13999938964844,42.66743469238281,455400
2023-11-27,44.13999938964844,44.68999862670898,43.7599983215332,43.900001525878906,42.43544387817383,582400
2023-11-28,43.68000030517578,44.88999938964844,43.34000015258789,44.7599983215332,43.26675033569336,624308
2023-11-29,45.27999877929688,47.95000076293945,44.58000183105469,45.68000030517578,44.15605926513672,1140700
2023-11-30,45.43000030517578,46.04999923706055,44.45000076293945,45.0,43.49874877929688,905859
2023-12-01,45.0,45.4900016784668,44.2599983215332,44.4900016784668,43.00576019287109,720669
2023-12-04,44.4900016784668,44.88999938964844,43.810001373291016,44.16999816894531,42.696434020996094,513408
2023-12-05,44.91999816894531,44.91999816894531,43.900001525878906,44.06999969482422,42.59977340698242,383400
2023-12-06,43.68999862670898,45.2599983215332,43.68999862670898,44.65999984741211,43.17008972167969,426900
2023-12-07,44.790000915527344,45.18000030517578,43.7400016784668,43.93999862670898,42.4741096496582,545500
2023-12-08,43.68000030517578,44.2599983215332,43.18999862670898,43.27000045776367,41.82646179199219,477225
2023-12-11,43.20000076293945,45.66999816894531,43.0,45.220001220703125,43.71140670776367,1179879
2023-12-12,45.72999954223633,45.72999954223633,43.5099983215332,44.31999969482422,42.8414306640625,893652
2023-12-13,44.27999877929688,45.29999923706055,44.0,45.0,43.49874877929688,654756
2023-12-14,45.18999862670898,45.27000045776367,43.20000076293945,43.4900016784668,42.03911972045898,925512
2023-12-15,43.70000076293945,44.18000030517578,42.86000061035156,43.22999954223633,41.78779220581055,778301
2023-12-18,43.29999923706055,44.470001220703125,43.09999847412109,43.29999923706055,41.8554573059082,967100
2023-12-19,43.29999923706055,43.970001220703125,42.79999923706055,43.630001068115234,42.1744499206543,603555
2023-12-20,43.83000183105469,44.7400016784668,43.34000015258789,43.41999816894531,41.97145462036133,529385
2023-12-21,43.5,43.72999954223633,42.45000076293945,43.43000030517578,41.98112106323242,540300
2023-12-22,43.65999984741211,43.65999984741211,42.43000030517578,42.70000076293945,41.27547836303711,385500
2023-12-25,42.95000076293945,43.58000183105469,41.790000915527344,42.0099983215332,40.60849380493164,719791
2023-12-26,42.59999847412109,42.59999847412109,41.459999084472656,41.77999877929688,40.38616561889648,465872
2023-12-27,42.18999862670898,42.470001220703125,41.5,42.34000015258789,40.92748641967773,299863
2023-12-28,42.59999847412109,43.18000030517578,41.68000030517578,42.900001525878906,41.46880340576172,392000
2023-12-29,42.650001525878906,43.7400016784668,42.31999969482422,43.540000915527344,42.08745193481445,360787
2024-01-02,43.9900016784668,44.27999877929688,43.369998931884766,43.97999954223633,42.51277542114258,671703
2024-01-03,43.970001220703125,44.45000076293945,43.29999923706055,43.4900016784668,42.03911972045898,799000
2024-01-04,43.060001373291016,44.0,42.81999969482422,43.40999984741211,41.96178817749024,596000
2024-01-05,44.119998931884766,44.119998931884766,42.4900016784668,42.66999816894531,41.2464714050293,488800
2024-01-08,42.66999816894531,42.869998931884766,41.29999923706055,41.310001373291016,39.93185043334961,775276
2024-01-09,41.93000030517578,42.41999816894531,41.31999969482422,41.93999862670898,40.54083251953125,749000
2024-01-10,42.56999969482422,42.56999969482422,41.33000183105469,41.900001525878906,40.50216674804688,429114
2024-01-11,41.869998931884766,42.29999923706055,41.43999862670898,41.9900016784668,40.58916473388672,333300
2024-01-12,41.97999954223633,42.33000183105469,41.130001068115234,41.20000076293945,39.82551956176758,366000
2024-01-15,41.20000076293945,41.20000076293945,41.20000076293945,41.20000076293945,39.82551956176758,0
2024-01-16,41.52000045776367,41.97999954223633,40.709999084472656,41.31999969482422,39.9415168762207,292255
2024-01-17,41.65999984741211,41.65999984741211,40.09999847412109,40.11000061035156,38.771881103515625,326686
2024-01-18,40.7599983215332,40.7599983215332,38.560001373291016,39.66999816894531,38.3465576171875,586163
2024-01-19,39.63999938964844,39.959999084472656,38.9900016784668,39.13999938964844,37.8342399597168,344545
2024-01-22,39.34000015258789,39.34000015258789,35.790000915527344,36.18000030517578,34.972991943359375,666900
2024-01-23,35.9900016784668,36.91999816894531,35.099998474121094,35.79999923706055,34.60566711425781,760094
2024-01-24,36.20000076293945,36.33000183105469,34.400001525878906,35.7599983215332,34.56700134277344,678631
2024-01-25,35.650001525878906,36.77000045776367,35.20000076293945,36.72999954223633,35.504642486572266,645400
2024-01-26,36.72999954223633,37.2599983215332,36.16999816894531,36.38999938964844,35.17598342895508,516490
2024-01-29,36.880001068115234,37.220001220703125,35.33000183105469,35.470001220703125,34.286678314208984,522727
2024-01-30,35.790000915527344,35.790000915527344,34.54999923706055,34.54999923706055,33.397369384765625,751285
2024-01-31,34.099998474121094,34.22999954223633,31.799999237060547,32.08000183105469,31.009775161743164,773000
2024-02-01,33.220001220703125,33.220001220703125,31.040000915527344,31.8799991607666,30.816444396972656,819776
2024-02-02,31.8799991607666,32.36000061035156,28.6299991607666,29.43000030517578,28.44817924499512,1130300
2024-02-05,29.43000030517578,29.43000030517578,24.11000061035156,24.68000030517578,23.85664367675781,1558476
2024-02-06,24.68000030517578,26.229999542236328,22.3700008392334,26.0,25.13261032104492,1742669
2024-02-07,25.899999618530277,25.979999542236328,22.450000762939453,22.649999618530277,21.894367218017575,1406192
2024-02-08,22.75,27.18000030517578,22.399999618530277,27.18000030517578,26.273242950439453,1757957
2024-02-19,27.6299991607666,29.6299991607666,27.0,27.920000076293945,26.98855400085449,1922393
2024-02-20,27.809999465942383,28.65999984741211,27.0,28.43000030517578,27.481542587280277,1194090
2024-02-21,28.07999992370605,30.399999618530277,27.799999237060547,29.21999931335449,28.24518585205078,1302776
2024-02-22,29.100000381469727,29.899999618530277,28.799999237060547,29.530000686645508,28.54484367370605,839306
2024-02-23,29.96999931335449,31.5,29.559999465942383,31.450000762939453,30.40079116821289,1137538
2024-02-26,32.0,33.20000076293945,31.209999084472656,32.2599983215332,31.183767318725582,1097354
2024-02-27,32.310001373291016,33.279998779296875,31.520000457763672,33.279998779296875,32.16973876953125,585400
2024-02-28,33.400001525878906,34.5,29.5,29.88999938964844,28.892831802368164,1492590
2024-02-29,29.450000762939453,31.0,28.6200008392334,30.850000381469727,29.8208065032959,1209355
2024-03-01,31.040000915527344,32.08000183105469,30.8700008392334,31.729999542236328,30.67144775390625,774300
2024-03-04,31.82999992370605,33.310001373291016,31.25,32.77000045776367,31.67675018310547,936357
2024-03-05,32.66999816894531,32.880001068115234,31.31999969482422,31.450000762939453,30.40079116821289,586207
2024-03-06,31.989999771118164,33.0,31.059999465942383,32.560001373291016,31.4737606048584,643913
2024-03-07,32.4900016784668,32.56999969482422,31.270000457763672,31.51000022888184,30.45878791809082,643467
2024-03-08,31.489999771118164,32.20000076293945,31.479999542236328,32.04999923706055,30.980772018432617,343900
2024-03-11,32.0,33.93000030517578,32.0,32.93000030517578,31.831417083740234,606416
2024-03-12,32.70000076293945,33.790000915527344,32.70000076293945,33.150001525878906,32.04407501220703,467708
2024-03-13,33.15999984741211,33.900001525878906,33.0,33.650001525878906,32.52739715576172,437100
2024-03-14,34.29999923706055,34.619998931884766,33.099998474121094,33.650001525878906,32.52739715576172,464069
2024-03-15,33.63999938964844,33.97999954223633,33.13999938964844,33.97999954223633,32.84638595581055,334018
2024-03-18,34.20000076293945,34.97999954223633,34.04999923706055,34.70000076293945,33.54236602783203,621031
2024-03-19,34.77000045776367,34.93000030517578,34.20000076293945,34.56999969482422,33.41670227050781,371600
2024-03-20,34.77000045776367,35.56999969482422,34.45000076293945,35.439998626708984,34.25767517089844,508100
2024-03-21,35.5,35.560001373291016,34.40999984741211,34.540000915527344,33.38770294189453,520700
2024-03-22,34.779998779296875,34.939998626708984,33.0099983215332,33.029998779296875,31.928077697753903,949210
2024-03-25,33.029998779296875,34.20000076293945,32.849998474121094,32.849998474121094,31.75408172607422,787100
2024-03-26,32.75,32.9900016784668,31.799999237060547,32.33000183105469,31.251434326171875,530608
2024-03-27,32.34000015258789,33.25,32.0099983215332,32.0099983215332,30.94210624694824,642140
2024-03-28,32.08000183105469,32.619998931884766,31.43000030517578,32.0,30.93244171142578,611608
2024-03-29,32.29999923706055,33.650001525878906,32.08000183105469,33.79999923706055,32.67238998413086,378400
2024-04-01,33.84000015258789,33.97999954223633,32.220001220703125,33.04999923706055,31.947410583496094,1438157
2024-04-02,32.720001220703125,33.029998779296875,32.25,32.29999923706055,31.222431182861328,812200
2024-04-03,32.27000045776367,32.779998779296875,32.08000183105469,32.400001525878906,31.3190975189209,540500
2024-04-08,32.400001525878906,32.540000915527344,30.6200008392334,30.8799991607666,29.849803924560547,584000
2024-04-09,30.920000076293945,31.700000762939453,30.299999237060547,31.520000457763672,30.468454360961918,693100
2024-04-10,31.26000022888184,31.71999931335449,30.540000915527344,30.799999237060547,29.7724723815918,445614
2024-04-11,30.6200008392334,31.600000381469727,30.100000381469727,30.90999984741211,29.87880516052246,489295
2024-04-12,30.90999984741211,31.440000534057617,30.25,30.56999969482422,29.550148010253903,396240
2024-04-15,30.56999969482422,30.920000076293945,27.700000762939453,28.51000022888184,27.55887031555176,1123808
2024-04-16,28.75,28.75,25.690000534057617,25.90999984741211,25.04561233520508,928400
2024-04-17,26.84000015258789,28.790000915527344,26.559999465942383,28.280000686645508,27.336545944213867,888200
2024-04-18,28.420000076293945,28.6200008392334,27.600000381469727,28.07999992370605,27.143218994140625,597600
2024-04-19,29.5,33.70000076293945,29.280000686645508,33.70000076293945,32.57572937011719,2279053
2024-04-22,32.119998931884766,35.20000076293945,30.8799991607666,33.79999923706055,32.67238998413086,2657711
2024-04-23,33.04999923706055,34.08000183105469,32.4900016784668,33.79999923706055,32.67238998413086,2015851
2024-04-24,33.779998779296875,33.79999923706055,33.0,33.619998931884766,32.49839401245117,1274531
2024-04-25,35.119998931884766,36.18999862670898,33.689998626708984,33.9900016784668,32.85605239868164,1699004
2024-04-26,33.5,34.849998474121094,33.279998779296875,34.83000183105469,33.66802978515625,1883436
2024-04-29,34.880001068115234,35.36000061035156,34.029998779296875,35.0,33.83235549926758,1133063
2024-04-30,34.689998626708984,35.25,34.40999984741211,34.5,33.34903717041016,1020551
2024-05-06,35.15999984741211,36.47999954223633,34.72999954223633,36.34000015258789,35.127655029296875,1476063
2024-05-07,38.72999954223633,38.790000915527344,36.65999984741211,37.79999923706055,36.53894805908203,1749533
2024-05-08,37.09000015258789,44.290000915527344,37.09000015258789,42.5,41.08214569091797,2803601
2024-05-09,41.5099983215332,42.34000015258789,39.5099983215332,40.15999984741211,38.82021713256836,2221680
2024-05-10,39.880001068115234,41.130001068115234,38.86000061035156,39.5,38.182228088378906,1762065
2024-05-13,41.0,46.79999923706055,40.09999847412109,42.36000061035156,40.94681930541992,2480324
2024-05-14,40.130001068115234,44.47999954223633,40.130001068115234,44.18000030517578,42.70610427856445,2149186
2024-05-15,43.34999847412109,43.5,41.310001373291016,41.56999969482422,40.18317413330078,1319460
2024-05-16,41.2400016784668,43.29999923706055,40.5099983215332,41.61000061035156,40.22183609008789,1150200
2024-05-17,41.27000045776367,41.900001525878906,40.0099983215332,41.77999877929688,40.38616561889648,1085800
2024-05-20,41.79999923706055,43.380001068115234,40.65999984741211,43.220001220703125,41.778133392333984,1303800
2024-05-21,43.2400016784668,43.2400016784668,41.5,42.040000915527344,40.63749694824219,906400
2024-05-22,43.220001220703125,43.880001068115234,41.0,41.70000076293945,40.308841705322266,1087885
2024-05-23,41.0,41.81999969482422,40.720001220703125,41.33000183105469,39.95117950439453,796532
2024-05-24,40.90999984741211,41.7599983215332,40.0,40.209999084472656,38.86854553222656,860476
2024-05-27,40.27000045776367,41.36000061035156,40.09999847412109,41.25,39.87384796142578,705100
2024-05-28,41.33000183105469,42.25,40.61000061035156,41.0,39.63218688964844,507500
2024-05-29,41.0099983215332,41.79999923706055,40.52000045776367,41.70000076293945,40.308841705322266,621000
2024-05-30,41.65999984741211,41.790000915527344,40.900001525878906,41.2599983215332,39.88351440429688,495008
2024-05-31,41.2400016784668,42.2599983215332,40.79999923706055,41.5099983215332,40.12517547607422,613200
2024-06-03,41.709999084472656,42.130001068115234,40.52999877929688,40.88999938964844,39.525856018066406,717800
2024-06-04,40.84999847412109,41.68000030517578,39.52999877929688,41.400001525878906,40.01884841918945,622000
2024-06-05,41.369998931884766,41.88999938964844,40.61000061035156,40.630001068115234,39.2745361328125,529000
2024-06-06,40.630001068115234,40.900001525878906,38.880001068115234,39.38999938964844,38.07590103149414,833738
2024-06-07,39.5,40.220001220703125,39.13999938964844,39.33000183105469,38.01790237426758,362800
2024-06-11,39.33000183105469,39.959999084472656,38.220001220703125,39.81999969482422,38.49155426025391,584400
2024-06-12,39.79999923706055,40.5,39.59000015258789,40.09999847412109,38.76221466064453,406076
2024-06-13,40.2400016784668,40.27999877929688,39.5099983215332,39.880001068115234,38.54955673217773,261756
2024-06-14,40.0,40.0,39.0,39.38999938964844,38.07590103149414,344300
2024-06-17,39.38999938964844,39.720001220703125,38.91999816894531,39.040000915527344,37.737579345703125,480908
2024-06-18,39.4900016784668,39.4900016784668,38.790000915527344,38.93999862670898,37.64091110229492,216200
2024-06-19,38.720001220703125,39.52999877929688,38.52999877929688,38.70000076293945,37.40892028808594,261700
2024-06-20,38.869998931884766,40.43000030517578,38.61000061035156,38.70000076293945,37.40892028808594,453000
2024-06-21,38.52999877929688,40.06999969482422,37.900001525878906,39.040000915527344,37.737579345703125,389900
2024-06-24,38.59999847412109,39.220001220703125,38.25,38.59000015258789,37.30258941650391,413500
2024-06-25,38.59000015258789,39.9900016784668,38.45000076293945,38.810001373291016,37.51525115966797,523867
2024-06-26,38.29999923706055,39.369998931884766,38.04999923706055,39.33000183105469,38.413818359375,420600
2024-06-27,39.54999923706055,39.869998931884766,38.650001525878906,38.77999877929688,37.87662887573242,375784
2024-06-28,38.790000915527344,40.27000045776367,38.47999954223633,39.11000061035156,38.19894409179688,492318
2024-07-01,39.0,41.59999847412109,38.810001373291016,40.7400016784668,39.79097366333008,844267
2024-07-02,40.59999847412109,41.119998931884766,39.54999923706055,40.04999923706055,39.11704635620117,438737
2024-07-03,40.040000915527344,40.04999923706055,37.84999847412109,38.20000076293945,37.31014251708984,661403
2024-07-04,38.15999984741211,38.43000030517578,36.79999923706055,36.84999847412109,35.9915885925293,521044
2024-07-05,36.45000076293945,38.630001068115234,36.27000045776367,38.22999954223633,37.33944320678711,477400
2024-07-08,38.22999954223633,38.22999954223633,36.79999923706055,36.83000183105469,35.9720573425293,388800
2024-07-09,36.959999084472656,37.7400016784668,36.25,37.54999923706055,36.6752815246582,444500
2024-07-10,37.0,38.33000183105469,36.59999847412109,37.81999969482422,36.938995361328125,281153
2024-07-11,38.72999954223633,39.060001373291016,38.0099983215332,38.86000061035156,37.95476913452149,263522
2024-07-12,38.650001525878906,41.150001525878906,38.59000015258789,40.77999877929688,39.830039978027344,658445
2024-07-15,40.66999816894531,40.790000915527344,39.0,39.650001525878906,38.72636413574219,479945
2024-07-16,39.2599983215332,39.470001220703125,38.40999984741211,38.91999816894531,38.013370513916016,366745
2024-07-17,38.869998931884766,39.34999847412109,38.36000061035156,38.90999984741211,38.00360107421875,305300
2024-07-18,40.209999084472656,43.0,39.54999923706055,42.060001373291016,41.08022689819336,1628899
2024-07-19,42.0,42.0,38.970001220703125,39.119998931884766,38.20870971679688,1548226
2024-07-22,38.5,41.22999954223633,37.66999816894531,41.09999847412109,40.14258575439453,1214600
2024-07-23,40.709999084472656,40.970001220703125,39.59999847412109,39.70000076293945,38.77519989013672,651100
2024-07-24,39.40999984741211,39.45000076293945,37.5099983215332,37.720001220703125,36.84132385253906,649384
2024-07-25,37.43000030517578,38.880001068115234,37.02999877929688,38.31999969482422,37.427345275878906,438800
2024-07-26,38.38999938964844,39.130001068115234,38.060001373291016,38.29999923706055,37.40781021118164,345400
2024-07-29,38.79999923706055,38.9900016784668,38.13999938964844,38.66999816894531,37.76919174194336,281308
2024-07-30,38.900001525878906,38.959999084472656,38.0,38.150001525878906,37.26130676269531,217076
2024-07-31,38.04999923706055,39.72999954223633,38.0,39.68000030517578,38.75566864013672,402892
2024-08-01,39.68000030517578,40.4900016784668,38.810001373291016,39.04999923706055,38.14033889770508,473200
2024-08-02,39.04999923706055,39.880001068115234,38.709999084472656,38.81999969482422,37.91569900512695,366100
2024-08-05,38.790000915527344,39.65999984741211,37.63999938964844,37.77000045776367,36.8901596069336,395900
2024-08-06,37.77000045776367,38.9900016784668,37.77000045776367,38.70000076293945,37.79849243164063,339600
2024-08-07,38.70000076293945,39.09999847412109,38.220001220703125,38.59000015258789,37.69105529785156,205997
2024-08-08,38.540000915527344,39.040000915527344,38.0,38.36000061035156,37.46641540527344,228222
2024-08-09,41.04999923706055,42.959999084472656,37.88999938964844,38.11000061035156,37.22223663330078,1243931
2024-08-12,37.31999969482422,39.33000183105469,36.880001068115234,38.79999923706055,37.89616394042969,853976
2024-08-13,38.29999923706055,38.95000076293945,38.02999877929688,38.59999847412109,37.70082473754883,332708
2024-08-14,38.61000061035156,38.630001068115234,38.04999923706055,38.20000076293945,37.31014251708984,293155
2024-08-15,38.72999954223633,38.77999877929688,37.900001525878906,38.22999954223633,37.33944320678711,272655
2024-08-16,38.41999816894531,39.59999847412109,38.0099983215332,39.40999984741211,38.4919548034668,597400
2024-08-19,38.81999969482422,39.52999877929688,38.02999877929688,39.40999984741211,38.4919548034668,693876
2024-08-20,39.4900016784668,39.790000915527344,38.310001373291016,39.40999984741211,38.4919548034668,637076
2024-08-21,39.41999816894531,41.5099983215332,38.970001220703125,40.400001525878906,39.45889663696289,986205
2024-08-22,40.400001525878906,41.95000076293945,40.31999969482422,40.59999847412109,39.65423202514648,680000
2024-08-23,40.59999847412109,40.84999847412109,39.7599983215332,40.33000183105469,39.39052581787109,482900
2024-08-26,40.75,41.310001373291016,40.0099983215332,41.150001525878906,40.19142150878906,468764
2024-08-27,41.13999938964844,42.0,40.31999969482422,40.47999954223633,39.53702926635742,662860
2024-08-28,40.47999954223633,41.27000045776367,40.04999923706055,40.59000015258789,39.64446640014648,430479
2024-08-29,40.380001068115234,41.5,39.5099983215332,40.72999954223633,39.78120803833008,434900
2024-08-30,40.43000030517578,41.97999954223633,40.04999923706055,41.75,40.77744674682617,768059
2024-09-02,41.33000183105469,42.900001525878906,41.33000183105469,42.20000076293945,41.21696472167969,841584
2024-09-03,41.959999084472656,42.34999847412109,41.380001068115234,41.880001068115234,40.9044189453125,499500
2024-09-04,41.869998931884766,42.88999938964844,41.52000045776367,42.33000183105469,41.343936920166016,491000
2024-09-05,42.400001525878906,43.369998931884766,42.0,42.470001220703125,41.48067474365234,472600
2024-09-06,42.150001525878906,42.709999084472656,40.56999969482422,40.790000915527344,39.83980941772461,675400
2024-09-09,40.5,41.18000030517578,40.150001525878906,40.369998931884766,39.42959213256836,317497
2024-09-10,40.40999984741211,41.150001525878906,40.0,40.709999084472656,39.76167297363281,262500
2024-09-11,40.709999084472656,41.43999862670898,40.060001373291016,40.380001068115234,39.439361572265625,484108
2024-09-12,40.380001068115234,40.72999954223633,39.59000015258789,39.84999847412109,38.92170333862305,339576
2024-09-13,39.88999938964844,40.09999847412109,38.380001068115234,38.380001068115234,37.4859504699707,391976
2024-09-18,38.36000061035156,38.77999877929688,37.18999862670898,38.34999847412109,37.45664596557617,444000
2024-09-19,38.41999816894531,39.4900016784668,38.31999969482422,39.09999847412109,38.18917465209961,305586
2024-09-20,38.900001525878906,39.27000045776367,38.29999923706055,38.61000061035156,37.71059036254883,266599
2024-09-23,38.619998931884766,38.97999954223633,38.06999969482422,38.43000030517578,37.534786224365234,219615
2024-09-24,38.0,39.5,37.70000076293945,39.18000030517578,38.267311096191406,417484
2024-09-25,39.400001525878906,40.220001220703125,39.09999847412109,39.25,38.3356819152832,554500
2024-09-26,38.90999984741211,39.91999816894531,38.4900016784668,39.91999816894531,38.99007415771485,665632
2024-09-27,40.880001068115234,42.560001373291016,40.02999877929688,42.4900016784668,41.50020980834961,1041407
2024-09-30,44.209999084472656,48.459999084472656,42.59999847412109,47.77000045776367,46.65721130371094,1634209
2024-10-08,55.0,57.31999969482422,49.0,53.34999847412109,52.10722351074219,2512686
2024-10-09,51.0,51.119998931884766,45.0,45.0099983215332,43.96150207519531,1713371
2024-10-10,46.150001525878906,48.25,44.540000915527344,44.72999954223633,43.688026428222656,1546907
2024-10-11,45.5,45.58000183105469,41.68999862670898,42.45000076293945,41.46113967895508,1362600
2024-10-14,42.75,44.220001220703125,41.79999923706055,44.209999084472656,43.180137634277344,1071255
2024-10-15,44.20000076293945,44.36000061035156,43.02000045776367,43.11000061035156,42.10576248168945,819308
2024-10-16,42.36000061035156,43.9900016784668,42.36000061035156,43.66999816894531,42.65271759033203,599007
2024-10-17,43.68000030517578,44.9900016784668,43.68000030517578,44.130001068115234,43.10200500488281,950200
2024-10-18,44.08000183105469,46.34999847412109,43.20000076293945,45.400001525878906,44.34242248535156,1464750
2024-10-21,45.70000076293945,47.95000076293945,45.40999984741211,46.93999862670898,45.8465461730957,1425600
2024-10-22,46.709999084472656,47.09999847412109,45.27999877929688,45.81999969482422,44.75263595581055,1317191
2024-10-23,45.81999969482422,45.81999969482422,44.58000183105469,44.84999847412109,43.80523300170898,1119500
2024-10-24,44.79999923706055,45.5,44.43999862670898,44.83000183105469,43.78570175170898,827700
2024-10-25,45.119998931884766,45.400001525878906,44.15999984741211,45.29999923706055,44.244747161865234,1142816
2024-10-28,45.310001373291016,47.220001220703125,45.310001373291016,47.220001220703125,46.120025634765625,1267155
2024-10-29,47.209999084472656,47.970001220703125,46.209999084472656,46.45000076293945,45.36796188354492,1514443
2024-10-30,46.34000015258789,54.93000030517578,46.0,49.40999984741211,48.259010314941406,2667843
2024-10-31,48.5099983215332,53.11000061035156,48.5099983215332,50.58000183105469,49.40175628662109,2788738
2024-11-01,49.59000015258789,52.0,47.36000061035156,50.34999847412109,49.17710876464844,2180709
2024-11-04,49.79999923706055,52.790000915527344,49.119998931884766,52.790000915527344,51.56027221679688,2418208
2024-11-05,52.34999847412109,54.95000076293945,51.79999923706055,53.630001068115234,52.380706787109375,2444068
2024-11-06,53.619998931884766,54.5,51.02000045776367,51.13999938964844,49.948707580566406,2131517
2024-11-07,51.0,52.0,50.0,51.209999084472656,50.0170783996582,1479976
2024-11-08,51.25,52.47999954223633,50.79999923706055,50.90999984741211,49.72406768798828,1422700
2024-11-11,50.72999954223633,51.9900016784668,50.02999877929688,51.95000076293945,50.73984146118164,1549700
2024-11-12,52.0,53.18999862670898,51.04999923706055,51.9900016784668,50.778907775878906,1602768
2024-11-13,51.68000030517578,53.52999877929688,51.060001373291016,51.75,50.54449844360352,1014194
2024-11-14,51.5099983215332,51.75,49.20000076293945,49.66999816894531,48.5129508972168,1061502
2024-11-15,49.11000061035156,49.84999847412109,47.5,47.5099983215332,46.40326690673828,938893
2024-11-18,47.459999084472656,48.16999816894531,46.20000076293945,46.5099983215332,45.42655944824219,672093
2024-11-19,46.5099983215332,47.93999862670898,46.5,47.91999816894531,46.80371475219727,529687
2024-11-20,47.84000015258789,49.29999923706055,47.47999954223633,48.95000076293945,47.80972290039063,714301
2024-11-21,48.9900016784668,49.34999847412109,48.20000076293945,48.7599983215332,47.624149322509766,542708
2024-11-22,48.7599983215332,48.7599983215332,45.810001373291016,45.88999938964844,44.82100677490234,763887
2024-11-25,45.68999862670898,46.810001373291016,45.68999862670898,46.75,45.66097259521485,402800
2024-11-26,46.68999862670898,47.45000076293945,46.16999816894531,46.38999938964844,45.30936050415039,316000
2024-11-27,46.380001068115234,47.38999938964844,45.65999984741211,47.36000061035156,46.25676345825195,401700
2024-11-28,47.40999984741211,47.79999923706055,46.45000076293945,46.5099983215332,45.42655944824219,407768
2024-11-29,46.79999923706055,48.040000915527344,46.47999954223633,47.25,46.149322509765625,474400
2024-12-02,47.310001373291016,48.27999877929688,47.11000061035156,47.52000045776367,46.41303634643555,572148
2024-12-03,47.88999938964844,50.95000076293945,47.58000183105469,49.5,48.3469123840332,1968355
2024-12-04,49.130001068115234,50.43000030517578,48.09999847412109,48.70000076293945,47.565547943115234,1513710
2024-12-05,48.70000076293945,48.869998931884766,47.72999954223633,48.0,46.88185501098633,819791
2024-12-06,47.869998931884766,48.34000015258789,46.560001373291016,47.4900016784668,46.38373565673828,899800
2024-12-09,47.4900016784668,47.93999862670898,46.33000183105469,46.720001220703125,45.63167190551758,869342
2024-12-10,48.04999923706055,48.4900016784668,46.560001373291016,46.720001220703125,45.63167190551758,975601
2024-12-11,46.720001220703125,46.900001525878906,46.27999877929688,46.86000061035156,45.76840972900391,649074
2024-12-12,46.470001220703125,46.77999877929688,45.27999877929688,46.31999969482422,45.24098587036133,1146700
2024-12-13,46.18000030517578,46.41999816894531,45.380001068115234,45.45000076293945,44.39125442504883,925700
2024-12-16,45.459999084472656,46.47999954223633,45.34000015258789,45.91999816894531,44.85030364990234,652500
2024-12-17,45.84000015258789,46.08000183105469,44.119998931884766,44.18000030517578,43.150840759277344,940200
2024-12-18,44.619998931884766,45.36000061035156,43.81999969482422,44.95000076293945,43.90290451049805,465108
2024-12-19,45.09000015258789,45.290000915527344,44.20000076293945,44.540000915527344,43.5024528503418,416700
2024-12-20,44.86000061035156,45.709999084472656,44.65999984741211,45.43000030517578,44.37171936035156,420300
2024-12-23,45.52999877929688,45.650001525878906,43.66999816894531,43.970001220703125,42.94573211669922,643700
2024-12-24,43.68000030517578,44.4900016784668,43.31999969482422,43.88999938964844,42.86759185791016,405933
2024-12-25,43.709999084472656,44.18000030517578,42.18000030517578,42.900001525878906,41.900657653808594,598620
2024-12-26,42.47999954223633,43.119998931884766,42.209999084472656,42.619998931884766,41.62717819213867,608093
2024-12-27,42.43999862670898,43.869998931884766,42.43999862670898,43.34999847412109,42.34017562866211,477600
2024-12-30,42.959999084472656,43.290000915527344,42.36000061035156,42.900001525878906,41.900657653808594,393084
2024-12-31,42.79999923706055,43.2599983215332,42.0,42.04999923706055,41.070457458496094,484775
2025-01-02,42.04999923706055,42.5,41.04999923706055,41.33000183105469,40.36722946166992,540355
2025-01-03,41.59000015258789,41.959999084472656,40.20000076293945,40.20000076293945,39.2635498046875,501200
2025-01-06,40.25,41.959999084472656,40.0,41.709999084472656,40.73837661743164,659206
2025-01-07,41.470001220703125,41.97999954223633,40.5,41.54999923706055,40.58210372924805,505300
2025-01-08,41.790000915527344,43.20000076293945,41.40999984741211,42.81999969482422,41.8225212097168,691800
2025-01-09,42.540000915527344,43.72999954223633,42.15999984741211,43.0,41.99832534790039,497500
2025-01-10,43.59999847412109,45.79999923706055,43.22999954223633,43.400001525878906,42.38901138305664,981800
2025-01-13,42.75,43.65999984741211,41.81999969482422,43.59999847412109,42.5843505859375,731800
2025-01-14,43.59999847412109,44.84999847412109,43.59999847412109,44.470001220703125,43.43408584594727,596900
2025-01-15,44.54999923706055,44.7599983215332,44.04999923706055,44.18999862670898,43.160606384277344,493587
2025-01-16,44.15999984741211,44.54999923706055,43.27000045776367,43.66999816894531,42.65271759033203,506100
2025-01-17,43.66999816894531,43.77999877929688,42.97999954223633,43.65999984741211,42.64295196533203,326000
2025-01-20,43.84999847412109,45.34999847412109,43.79999923706055,44.61000061035156,43.5708236694336,597400
2025-01-21,44.41999816894531,45.09999847412109,44.09999847412109,44.75,43.70756149291992,381500
2025-01-22,44.72999954223633,45.02999877929688,43.810001373291016,44.25,43.21920776367188,358300
2025-01-23,44.61000061035156,46.59999847412109,44.61000061035156,45.709999084472656,44.64519882202149,1271102
2025-01-24,45.70000076293945,46.04999923706055,44.34999847412109,44.9900016784668,43.94197082519531,832055
2025-01-27,44.9900016784668,45.47999954223633,44.5,44.720001220703125,43.67826461791992,394732
2025-02-05,44.84999847412109,46.04999923706055,44.54999923706055,45.650001525878906,44.58659744262695,712055
2025-02-06,45.650001525878906,46.79999923706055,45.02999877929688,46.58000183105469,45.49493408203125,878002
2025-02-07,46.58000183105469,47.02000045776367,46.11000061035156,46.77000045776367,45.68050765991211,666408
2025-02-10,46.790000915527344,47.630001068115234,46.5099983215332,47.2400016784668,46.13956069946289,653080
2025-02-11,47.619998931884766,47.79999923706055,46.630001068115234,47.36000061035156,46.25676345825195,548300
2025-02-12,47.16999816894531,47.58000183105469,46.720001220703125,46.93999862670898,45.8465461730957,585177
2025-02-13,46.72999954223633,47.36000061035156,45.619998931884766,45.70000076293945,44.63543319702149,731400
2025-02-14,45.54999923706055,46.900001525878906,45.400001525878906,46.720001220703125,45.63167190551758,703800
2025-02-17,46.79999923706055,47.83000183105469,46.2400016784668,47.040000915527344,45.944217681884766,740000
2025-02-18,47.040000915527344,48.59000015258789,46.02999877929688,46.18999862670898,45.114013671875,1176800
2025-02-19,45.720001220703125,47.45000076293945,45.720001220703125,46.91999816894531,45.82701110839844,657700
2025-02-20,46.91999816894531,48.09999847412109,46.91999816894531,47.22999954223633,46.129791259765625,781600
2025-02-21,47.22999954223633,48.459999084472656,46.47999954223633,46.959999084472656,45.86608123779297,964900
2025-02-24,46.84999847412109,49.29999923706055,46.0,48.15999984741211,47.03812789916992,1347500
2025-02-25,47.38999938964844,47.869998931884766,46.900001525878906,47.47999954223633,46.373966217041016,707100
2025-02-26,47.79999923706055,47.959999084472656,47.20000076293945,47.880001068115234,46.7646484375,598896
2025-02-27,47.869998931884766,47.9900016784668,46.59000015258789,47.34000015258789,46.23722839355469,536896
2025-02-28,47.33000183105469,47.56999969482422,45.40999984741211,45.66999816894531,44.60612869262695,521700
2025-03-03,45.900001525878906,46.970001220703125,45.52999877929688,46.40999984741211,45.32889175415039,783200
2025-03-04,45.97999954223633,47.43000030517578,45.790000915527344,47.11000061035156,46.01258850097656,475200
2025-03-05,47.04999923706055,47.119998931884766,45.15999984741211,45.540000915527344,44.47915649414063,779710
2025-03-06,45.5099983215332,46.790000915527344,45.5099983215332,46.59000015258789,45.50469970703125,619459
2025-03-07,46.310001373291016,46.869998931884766,45.95000076293945,46.150001525878906,45.07494735717773,422000
2025-03-10,46.150001525878906,47.5,46.150001525878906,46.810001373291016,45.71957778930664,659700
2025-03-11,46.20000076293945,47.0,45.88999938964844,46.650001525878906,45.56330490112305,436100
2025-03-12,46.650001525878906,48.9900016784668,46.09999847412109,48.11000061035156,46.98929214477539,1889250
2025-03-13,48.9900016784668,48.9900016784668,46.70000076293945,47.79999923706055,46.6865119934082,1026846
2025-03-14,47.75,48.45000076293945,47.119998931884766,48.31999969482422,47.19439697265625,916710
2025-03-17,48.4900016784668,48.70000076293945,47.59999847412109,48.59999847412109,47.467872619628906,824123
2025-03-18,48.79999923706055,49.09999847412109,48.38999938964844,48.630001068115234,47.4971809387207,953102
2025-03-19,48.65999984741211,49.65999984741211,48.20000076293945,49.38999938964844,48.23947525024414,1321220
2025-03-20,49.900001525878906,50.25,49.0,49.150001525878906,48.00506591796875,953800
2025-03-21,48.880001068115234,49.2400016784668,47.09999847412109,47.2400016784668,46.13956069946289,902500
2025-03-24,47.040000915527344,47.709999084472656,45.93999862670898,46.7400016784668,45.65120697021485,687700
2025-03-25,46.90999984741211,47.43000030517578,46.290000915527344,47.09999847412109,46.00281524658203,520700
2025-03-26,47.09999847412109,48.54999923706055,47.09999847412109,48.08000183105469,46.959991455078125,710100
2025-03-27,47.900001525878906,48.79999923706055,47.09999847412109,48.66999816894531,47.53624725341797,623300
2025-03-28,48.470001220703125,52.43999862670898,48.20000076293945,50.540000915527344,49.36268615722656,2571800
2025-03-31,49.959999084472656,50.38999938964844,48.0099983215332,48.84000015258789,47.70228576660156,1180300
2025-04-01,48.79999923706055,51.70000076293945,48.79999923706055,51.20000076293945,50.0073127746582,1968078
2025-04-02,51.09999847412109,51.47999954223633,50.36000061035156,50.68999862670898,49.50918960571289,1070200
2025-04-03,50.20000076293945,51.310001373291016,49.20000076293945,49.709999084472656,48.55201721191406,952500
2025-04-07,47.119998931884766,48.36000061035156,41.400001525878906,42.91999816894531,41.920188903808594,2259178
2025-04-08,43.88999938964844,45.34999847412109,42.209999084472656,43.650001525878906,42.63318634033203,1279800
2025-04-09,42.22999954223633,45.18000030517578,41.400001525878906,44.91999816894531,43.87360000610352,1268300
2025-04-10,45.560001373291016,47.09999847412109,45.09999847412109,46.0,44.928443908691406,739800
2025-04-11,46.25,51.25,45.54999923706055,50.0,48.83526611328125,1815300
2025-04-14,52.4900016784668,58.16999816894531,51.650001525878906,56.70000076293945,55.379188537597656,4561475
2025-04-15,56.0,57.79999923706055,55.560001373291016,56.72999954223633,55.40849304199219,2917500
2025-04-16,56.4900016784668,56.900001525878906,54.59999847412109,55.0099983215332,53.72855758666992,2036355
2025-04-17,55.4900016784668,56.70000076293945,54.84999847412109,56.220001220703125,54.91036987304688,1632606
2025-04-18,55.79999923706055,57.5,53.02000045776367,53.36000061035156,52.11699676513672,1861300
2025-04-21,53.470001220703125,59.72999954223633,53.0,59.18999862670898,57.81118392944336,3575577
2025-04-22,59.08000183105469,59.790000915527344,57.54999923706055,58.54999923706055,57.18609619140625,2386694
2025-04-23,58.79999923706055,58.81999969482422,56.20000076293945,56.79999923706055,55.47686004638672,1539574
2025-04-24,56.7599983215332,60.43000030517578,56.15999984741211,60.400001525878906,58.99300003051758,2550159
2025-04-25,58.869998931884766,60.400001525878906,55.29999923706055,56.02999877929688,54.724796295166016,3156101
2025-04-28,55.7400016784668,56.68000030517578,54.650001525878906,56.09000015258789,54.78339767456055,1297900
2025-04-29,55.84999847412109,56.56999969482422,55.09999847412109,55.41999816894531,54.129005432128906,996970
2025-04-30,55.209999084472656,55.970001220703125,54.0099983215332,54.310001373291016,53.044864654541016,1340708
2025-05-06,54.29999923706055,56.5,54.29999923706055,55.84000015258789,54.53922271728516,1667900
2025-05-07,56.310001373291016,61.61000061035156,56.310001373291016,61.47999954223633,60.04784393310547,3426800
2025-05-08,61.560001373291016,63.36000061035156,59.58000183105469,60.79999923706055,59.3836784362793,2268700
2025-05-09,60.70000076293945,61.54999923706055,59.20000076293945,60.97999954223633,59.55949020385742,1235500
2025-05-12,60.970001220703125,62.58000183105469,58.29999923706055,61.97999954223633,60.53619384765625,1487100
2025-05-13,61.61000061035156,62.09999847412109,60.0,61.86000061035156,60.41899108886719,958865
2025-05-14,61.869998931884766,63.900001525878906,61.5,62.5,61.04408264160156,1563208
2025-05-15,62.20000076293945,66.5,60.52000045776367,65.19999694824219,63.68117904663086,2330569
2025-05-16,65.19999694824219,69.80000305175781,64.25,66.94000244140625,65.38065338134766,2891288
2025-05-19,66.94000244140625,67.69000244140625,63.0,63.86000061035156,62.37239837646485,2121390
2025-05-20,63.86000061035156,65.68000030517578,63.70000076293945,64.16999816894531,62.675174713134766,1371600
2025-05-21,63.90999984741211,65.87999725341797,63.40999984741211,64.12999725341797,62.6361083984375,1088000
2025-05-22,64.12999725341797,64.12999725341797,64.12999725341797,64.12999725341797,62.6361083984375,0
2025-05-23,64.12999725341797,64.12999725341797,64.12999725341797,64.12999725341797,62.6361083984375,0
2025-05-26,64.12999725341797,64.12999725341797,64.12999725341797,64.12999725341797,62.6361083984375,0
2025-05-27,64.12999725341797,64.12999725341797,64.12999725341797,64.12999725341797,62.6361083984375,0
2025-05-28,64.12999725341797,64.12999725341797,64.12999725341797,64.12999725341797,62.6361083984375,0
2025-05-29,64.12999725341797,64.12999725341797,64.12999725341797,64.12999725341797,62.6361083984375,0
2025-05-30,64.12999725341797,64.12999725341797,64.12999725341797,64.12999725341797,63.22766876220703,0
2025-06-03,64.12999725341797,64.12999725341797,64.12999725341797,64.12999725341797,63.22766876220703,0
2025-06-04,64.12999725341797,64.12999725341797,64.12999725341797,64.12999725341797,63.22766876220703,0
2025-06-05,64.12999725341797,64.12999725341797,64.12999725341797,64.12999725341797,63.22766876220703,0
2025-06-06,63.52999877929688,63.52999877929688,56.0,57.630001068115234,56.81912612915039,3989800
2025-06-09,57.59000015258789,58.02000045776367,55.7599983215332,57.04999923706055,56.24728775024414,2783069
2025-06-10,57.290000915527344,58.56999969482422,55.31999969482422,56.04999923706055,55.261356353759766,2276400
2025-06-11,56.88999938964844,58.70000076293945,56.11000061035156,57.900001525878906,57.085330963134766,2015229
2025-06-12,57.41999816894531,57.880001068115234,55.79999923706055,56.310001373291016,55.5177001953125,1640761
2025-06-13,56.0,57.0,55.310001373291016,57.0,56.19799041748047,1230659
2025-06-16,56.7400016784668,59.0099983215332,56.209999084472656,57.13999938964844,56.33602142333984,1995206
2025-06-17,59.0,59.34000015258789,56.709999084472656,57.040000915527344,56.237430572509766,1687056
2025-06-18,56.58000183105469,58.27000045776367,56.310001373291016,57.27999877929688,56.47404861450195,1088000
2025-06-19,55.0,57.27000045776367,54.59999847412109,55.540000915527344,54.7585334777832,1564200
2025-06-20,55.02000045776367,56.70000076293945,53.900001525878906,53.97999954223633,53.220481872558594,1420300
2025-06-23,53.68999862670898,55.68999862670898,53.68999862670898,55.38999938964844,54.61064529418945,1167000
2025-06-24,55.400001525878906,55.97999954223633,54.79999923706055,55.93999862670898,55.15290451049805,912155
2025-06-25,55.90999984741211,60.36000061035156,55.720001220703125,57.5,56.690956115722656,1995516
2025-06-26,57.13999938964844,58.5,56.36000061035156,57.72999954223633,56.91772079467773,990710
2025-06-27,57.720001220703125,58.5,56.58000183105469,56.90999984741211,56.109256744384766,1179600
2025-06-30,56.95000076293945,60.15999984741211,56.40999984741211,60.060001373291016,59.21493911743164,1404401
2025-07-01,60.0,65.81999969482422,59.93000030517578,64.05999755859375,63.158653259277344,2740069
2025-07-02,63.09999847412109,64.88999938964844,60.72999954223633,61.630001068115234,60.76284790039063,1640155
2025-07-03,61.29999923706055,62.27000045776367,60.83000183105469,61.5099983215332,60.64453125,993900
2025-07-04,62.0,66.4000015258789,61.90999984741211,64.30000305175781,63.39527893066406,1940445
2025-07-07,63.27000045776367,65.5,62.0,62.459999084472656,61.5811653137207,1385355
2025-07-08,62.18000030517578,62.880001068115234,61.209999084472656,62.47999954223633,61.60088348388672,1110260
2025-07-09,62.5,63.09999847412109,61.81999969482422,62.45000076293945,61.57130813598633,716000
2025-07-10,62.09000015258789,62.43000030517578,60.70000076293945,61.93999862670898,61.0684814453125,788900
2025-07-11,61.970001220703125,63.130001068115234,61.290000915527344,61.70000076293945,60.83185958862305,733400
2025-07-14,61.880001068115234,61.880001068115234,60.650001525878906,61.54999923706055,60.6839714050293,1077394
2025-07-15,61.47999954223633,63.47999954223633,61.290000915527344,62.959999084472656,62.07413101196289,1587100
2025-07-16,62.95000076293945,62.95000076293945,60.75,62.54999923706055,61.669898986816406,918000
2025-07-17,62.470001220703125,62.84999847412109,60.70000076293945,60.91999816894531,60.06283187866211,982580
2025-07-18,61.18000030517578,61.29999923706055,59.900001525878906,60.77999877929688,59.9248046875,776000
2025-07-21,60.68000030517578,61.15999984741211,60.11000061035156,60.88999938964844,60.03325653076172,681600
2025-07-22,60.84999847412109,62.29999923706055,60.310001373291016,61.720001220703125,60.85158157348633,1014980
2025-07-23,61.709999084472656,70.9800033569336,61.09999847412109,68.25,67.28970336914062,3519400
2025-07-24,66.80000305175781,71.70999908447266,66.66000366210938,71.5,70.49397277832031,3093200
2025-07-25,70.95999908447266,77.66000366210938,69.54000091552734,75.0,73.9447250366211,2829019
2025-07-28,75.13999938964844,76.88999938964844,73.0,73.97000122070312,72.9292221069336,1621900
2025-07-29,73.58999633789062,76.5,71.80000305175781,74.5999984741211,73.55035400390625,1625130
2025-07-30,74.11000061035156,81.69999694824219,73.80000305175781,77.6500015258789,76.55744171142578,2764781
2025-07-31,76.70999908447266,81.47000122070312,75.01000213623047,75.5,74.43769073486328,2040443
2025-08-01,75.5,76.26000213623047,73.41999816894531,74.20999908447266,73.16584014892578,1343308
2025-08-04,73.91000366210938,76.19000244140625,72.69999694824219,76.08000183105469,75.00952911376953,1126297
2025-08-05,75.9000015258789,76.30000305175781,74.2699966430664,75.69999694824219,74.63487243652344,724300
2025-08-06,75.08000183105469,76.48999786376953,75.04000091552734,75.20999908447266,74.15177154541016,796100
2025-08-07,75.19000244140625,79.76000213623047,74.30000305175781,74.80999755859375,73.75739288330078,1396700
2025-08-08,74.9000015258789,79.72000122070312,74.87999725341797,77.66000366210938,76.56729888916016,1686447
2025-08-11,78.16000366210938,81.18000030517578,77.80999755859375,80.44999694824219,79.31803894042969,1350937
2025-08-12,80.44999694824219,92.5,79.13999938964844,88.80000305175781,87.5505599975586,2396648
2025-08-13,89.06999969482422,89.87000274658203,84.52999877929688,85.30999755859375,84.10965728759766,2194077
2025-08-14,84.87999725341797,85.19999694824219,82.66999816894531,83.22000122070312,82.04906463623047,1401893
2025-08-15,83.45999908447266,85.75,82.5,85.1500015258789,83.95191192626953,1241300
2025-08-18,85.0,86.80000305175781,83.8499984741211,86.80000305175781,85.57869720458984,1381800
2025-08-19,86.05000305175781,89.58999633789062,85.01000213623047,85.68000030517578,84.47445678710938,1256044
2025-08-20,85.26000213623047,87.4800033569336,85.0,86.05999755859375,84.84910583496094,743391
2025-08-21,85.80999755859375,89.87999725341797,85.06999969482422,86.87999725341797,85.6575698852539,1193988
2025-08-22,86.44000244140625,86.7699966430664,81.5199966430664,83.08000183105469,81.91104125976562,1906711
2025-08-25,83.0,85.43000030517578,81.81999969482422,84.48999786376953,83.30119323730469,1229576
2025-08-26,84.0199966430664,85.7699966430664,81.97000122070312,82.9000015258789,81.73357391357422,808010
2025-08-27,82.5999984741211,82.5999984741211,79.19999694824219,79.30000305175781,78.1842269897461,1473899
2025-08-28,79.36000061035156,80.79000091552734,77.04000091552734,80.19000244140625,79.06169891357422,1244552
2025-08-29,80.5,81.12999725341797,79.04000091552734,80.3499984741211,79.21944427490234,851300
2025-09-01,80.97000122070312,81.16999816894531,79.23999786376953,80.27999877929688,79.15042877197266,1202200
2025-09-02,79.75,81.0,75.27999877929688,76.02999877929688,74.9602279663086,1562493
2025-09-03,76.05000305175781,77.66000366210938,74.5,75.18000030517578,74.1221923828125,1191699
2025-09-04,75.01000213623047,75.93000030517578,70.0,71.79000091552734,70.77989196777344,1537568
2025-09-05,72.01000213623047,72.80000305175781,70.38999938964844,72.79000091552734,71.76582336425781,1108330
2025-09-08,72.9000015258789,78.18000030517578,72.44999694824219,77.19999694824219,76.11376953125,1880168
2025-09-09,76.7300033569336,77.0999984741211,71.58999633789062,74.5,73.4517593383789,1519800
2025-09-10,73.76000213623047,75.86000061035156,73.62000274658203,75.05999755859375,74.00387573242188,1026100
2025-09-11,74.69999694824219,77.18000030517578,73.9000015258789,76.52999877929688,75.45319366455078,847865
2025-09-12,76.38999938964844,76.87999725341797,74.05999755859375,74.61000061035156,73.56021118164062,930150
2025-09-15,74.61000061035156,75.5,72.41000366210938,73.0,71.97286224365234,805754
2025-09-16,73.04000091552734,75.77999877929688,73.04000091552734,75.26000213623047,74.2010726928711,853700
2025-09-17,75.30999755859375,78.45999908447266,74.87000274658203,75.91999816894531,74.85177612304688,773200
2025-09-18,75.73999786376953,76.44000244140625,73.22000122070312,73.91999816894531,72.87992095947266,899508
2025-09-19,74.0,76.87999725341797,73.25,74.19999694824219,73.15597534179688,609673
2025-09-22,74.11000061035156,75.22000122070312,73.3499984741211,74.5199966430664,73.47147369384766,489800
2025-09-23,74.08000183105469,74.87999725341797,71.22000122070312,72.55999755859375,71.53905487060547,712000
2025-09-24,72.0,74.95999908447266,71.56999969482422,73.83999633789062,72.80104064941406,723400
2025-09-25,73.98999786376953,76.87000274658203,73.02999877929688,75.62000274658203,74.5560073852539,1196900
2025-09-26,74.91999816894531,76.0199966430664,73.04000091552734,73.69999694824219,72.66301727294922,700965
2025-09-29,73.69999694824219,73.91999816894531,71.08000183105469,71.66000366210938,70.65172576904297,846065
2025-09-30,71.97000122070312,72.8499984741211,70.66999816894531,72.13999938964844,71.12496185302734,828300
2025-10-09,72.1500015258789,72.66999816894531,71.30000305175781,71.48999786376953,70.4841079711914,555658
2025-10-10,71.36000061035156,73.2699966430664,69.27999877929688,69.68000030517578,68.69957733154297,996327
2025-10-13,66.80000305175781,72.33999633789062,66.79000091552734,71.12999725341797,70.1291732788086,1025685
2025-10-14,72.5,72.5,70.11000061035156,70.5199966430664,69.52775573730469,478585
2025-10-15,71.2300033569336,72.20999908447266,69.61000061035156,71.63999938964844,70.63200378417969,616700
2025-10-16,71.98999786376953,73.44000244140625,71.0,71.0199966430664,70.02072143554688,486700
2025-10-17,71.0199966430664,73.4000015258789,68.0,68.30000305175781,67.33899688720703,945300
2025-10-20,68.41000366210938,71.19999694824219,68.41000366210938,70.33999633789062,69.35028839111328,761200
2025-10-21,70.97000122070312,73.38999938964844,69.37999725341797,72.55000305175781,71.5291976928711,870900
2025-10-22,72.55000305175781,73.19999694824219,71.62000274658203,72.04000091552734,71.02637481689453,534600
2025-10-23,71.51000213623047,72.22000122070312,69.43000030517578,70.0,69.01507568359375,814656
2025-10-24,71.08999633789062,74.47000122070312,71.08999633789062,72.26000213623047,71.24327850341797,1007792
2025-10-27,73.68000030517578,74.0,71.56999969482422,73.5,72.46582794189453,1080960
2025-10-28,73.47000122070312,74.0999984741211,71.9000015258789,73.69000244140625,72.65316009521484,760144
2025-10-29,73.69999694824219,74.4800033569336,71.69000244140625,72.11000061035156,71.09539031982422,1173645
2025-10-30,72.0999984741211,73.5999984741211,69.22000122070312,69.5999984741211,68.6207046508789,1012645
2025-10-31,69.62999725341797,71.51000213623047,68.75,70.1500015258789,69.16297149658203,1036940
2025-11-03,70.37999725341797,72.63999938964844,69.87000274658203,71.87000274658203,70.8587646484375,1153015
2025-11-04,71.69000244140625,71.83999633789062,67.16000366210938,67.68000030517578,66.72772216796875,1036300
2025-11-05,66.98999786376953,68.4000015258789,66.80000305175781,67.47000122070312,66.52067565917969,466910
2025-11-06,67.19999694824219,69.02999877929688,66.30999755859375,68.05000305175781,67.09251403808594,520700
2025-11-07,68.08999633789062,68.54000091552734,67.30000305175781,67.5,66.55025482177734,456400
2025-11-10,67.5,70.19999694824219,67.5,68.69999694824219,67.73336791992188,831507
2025-11-11,69.05000305175781,71.69999694824219,67.70999908447266,70.19999694824219,69.2122573852539,1114323
2025-11-12,70.16999816894531,70.88999938964844,68.3499984741211,68.94999694824219,67.97985076904297,686600
2025-11-13,69.0199966430664,69.4000015258789,67.25,68.80000305175781,67.83196258544922,1257494
2025-11-14,68.55000305175781,71.80000305175781,67.58999633789062,70.38999938964844,69.39958953857422,1028000
2025-11-17,70.30000305175781,70.4000015258789,66.87999725341797,67.06999969482422,66.12630462646484,823556
2025-11-18,67.0,67.44999694824219,66.12999725341797,66.20999908447266,65.27840423583984,485170
2025-11-19,66.31999969482422,66.94000244140625,65.06999969482422,65.12999725341797,64.2136001586914,294200
2025-11-20,65.26000213623047,66.2699966430664,64.5199966430664,64.95999908447266,64.04598999023438,339969
2025-11-21,64.69999694824219,65.33000183105469,62.77999877929688,63.0,62.11356735229492,535603
2025-11-24,63.0,64.91999816894531,62.38999938964844,64.30000305175781,63.39527893066406,636511
2025-11-25,64.16000366210938,66.66000366210938,64.16000366210938,65.26000213623047,64.3417739868164,529000
2025-11-26,64.88999938964844,66.20999908447266,64.61000061035156,65.01000213623047,64.09529113769531,387300
2025-11-27,65.80999755859375,66.79000091552734,64.6500015258789,65.91000366210938,64.98262786865234,425547
2025-11-28,65.91999816894531,67.55000305175781,65.01000213623047,66.37000274658203,65.4361572265625,815757
2025-12-01,66.91000366210938,66.9800033569336,65.88999938964844,66.06999969482422,65.14037322998047,370000
2025-12-02,65.91000366210938,66.08000183105469,63.52999877929688,63.720001220703125,62.82344055175781,465396
2025-12-03,64.01000213623047,64.51000213623047,62.47999954223633,63.18000030517578,62.2910385131836,695543
2025-12-04,63.470001220703125,63.470001220703125,61.91999816894531,62.619998931884766,61.738914489746094,304492
2025-12-05,62.619998931884766,63.20000076293945,62.02000045776367,63.119998931884766,62.23188018798828,354170
2025-12-08,63.34999847412109,64.0,62.630001068115234,63.68999862670898,62.79385757446289,548800
2025-12-09,63.959999084472656,64.38999938964844,63.13999938964844,64.16999816894531,63.26710510253906,622254
2025-12-10,64.16999816894531,64.76000213623047,62.52999877929688,64.22000122070312,63.31640625,565194
2025-12-11,64.06999969482422,65.45999908447266,63.540000915527344,65.05999755859375,64.14458465576172,878912
2025-12-12,64.66999816894531,66.08000183105469,63.79999923706055,65.83000183105469,64.90375518798828,770200
2025-12-15,64.9000015258789,68.38999938964844,64.9000015258789,67.33000183105469,66.38264465332031,919006
2025-12-16,67.31999969482422,67.58000183105469,66.01000213623047,66.52999877929688,65.59390258789062,509807
2025-12-17,66.41000366210938,67.9800033569336,66.33000183105469,67.91999816894531,66.96434020996094,477635
2025-12-18,67.79000091552734,68.6500015258789,67.05000305175781,67.29000091552734,66.34320831298828,396993
2025-12-19,68.2699966430664,68.2699966430664,67.16000366210938,67.44999694824219,66.5009536743164,327361
2025-12-22,67.77999877929688,69.22000122070312,66.66000366210938,68.05999755859375,67.10237121582031,446900
2025-12-23,68.0999984741211,69.80000305175781,67.87000274658203,68.94000244140625,67.9699935913086,400300
2025-12-24,68.70999908447266,69.0199966430664,67.66999816894531,68.5,67.53617858886719,626700
2025-12-25,68.45999908447266,69.66999816894531,67.9000015258789,69.55000305175781,68.5714111328125,533200
2025-12-26,69.30000305175781,69.98999786376953,68.76000213623047,69.55999755859375,68.58126831054688,602900
2025-12-29,69.20999908447266,69.4800033569336,67.56999969482422,68.48999786376953,67.52632141113281,760600
2025-12-30,67.9800033569336,68.88999938964844,67.5,68.31999969482422,67.35871124267578,335958
2025-12-31,68.41999816894531,69.0,67.0,67.5,66.55025482177734,375977
2026-01-05,68.0,81.0,68.0,81.0,79.86030578613281,3676800
2026-01-06,86.0,92.0,77.77999877929688,80.13999938964844,79.01240539550781,7994662
2026-01-07,79.69999694824219,79.97000122070312,76.0,76.19999694824219,75.12783813476562,4293537
2026-01-08,76.19999694824219,82.08000183105469,74.81999969482422,78.41999816894531,77.31660461425781,3704486
2026-01-09,77.43000030517578,77.70999908447266,74.80000305175781,75.8499984741211,74.78276062011719,2769869
2026-01-12,75.80999755859375,76.4800033569336,74.48999786376953,75.61000061035156,74.546142578125,3416389
2026-01-13,75.05000305175781,76.55000305175781,73.22000122070312,75.25,74.19120788574219,3213449
2026-01-14,75.27999877929688,77.1500015258789,73.0,73.76000213623047,72.72217559814453,3364735
2026-01-15,72.81999969482422,76.0,72.81999969482422,74.5,73.4517593383789,1928571
2026-01-16,74.44999694824219,74.6500015258789,73.31999969482422,74.19000244140625,73.14612579345703,1253738
2026-01-19,74.08000183105469,75.97000122070312,73.33000183105469,73.93000030517578,72.88977813720703,1563600
2026-01-20,74.0,74.05000305175781,70.4000015258789,71.36000061035156,70.35594177246094,1833880
2026-01-21,70.69999694824219,73.66000366210938,70.69999694824219,72.81999969482422,71.79539489746094,1407200
2026-01-22,72.37999725341797,73.0,71.0,72.36000061035156,71.34187316894531,836524
2026-01-23,72.72000122070312,74.86000061035156,72.02999877929688,74.11000061035156,73.06724548339844,1682898
2026-01-26,74.44999694824219,74.44999694824219,70.69999694824219,71.16000366210938,70.15876007080078,1518789
2026-01-27,71.9000015258789,71.9000015258789,69.19999694824219,70.77999877929688,69.78410339355469,1025177
2026-01-28,70.97000122070312,70.98999786376953,69.31999969482422,69.68000030517578,68.69957733154297,872188
2026-01-29,69.44999694824219,70.08999633789062,67.16999816894531,67.30000305175781,66.35307312011719,1320313
2026-01-30,67.41000366210938,68.44999694824219,66.66000366210938,68.0199966430664,67.06293487548828,944435
2026-02-02,68.01000213623047,73.97000122070312,68.01000213623047,73.69999694824219,72.66301727294922,3106277
2026-02-03,73.02999877929688,75.30000305175781,71.51000213623047,74.9000015258789,73.84613037109375,2640015
2026-02-04,74.01000213623047,76.0999984741211,72.2699966430664,72.8499984741211,71.8249740600586,2181296
2026-02-05,72.9800033569336,73.63999938964844,71.0,71.0999984741211,70.09959411621094,1019055
2026-02-06,71.01000213623047,74.5,70.44999694824219,73.81999969482422,72.78132629394531,1395716
2026-02-09,74.58999633789062,74.58999633789062,73.0,73.58999633789062,72.55455780029297,1454375
2026-02-10,73.5,74.94999694824219,73.1500015258789,73.9000015258789,72.8602066040039,898500
2026-02-11,73.5,74.44999694824219,72.44999694824219,72.79000091552734,71.76582336425781,735146
2026-02-12,73.0,74.55999755859375,72.4000015258789,73.5,72.46582794189453,694673
2026-02-13,73.51000213623047,74.0,72.6500015258789,73.06999969482422,72.04187774658203,583360
2026-02-24,73.20999908447266,73.6500015258789,72.0,72.76000213623047,71.73624420166016,644149
2026-02-25,72.76000213623047,73.8499984741211,72.11000061035156,73.26000213623047,72.22920989990234,724766
2026-02-26,73.95999908447266,74.25,72.19999694824219,72.56999969482422,71.54891204833984,628600
2026-02-27,72.61000061035156,74.80000305175781,71.5999984741211,73.62999725341797,72.59400177001953,934613
2026-03-02,73.4000015258789,74.80999755859375,70.58000183105469,70.7300033569336,69.73480987548828,995726
2026-03-03,70.73999786376953,72.18000030517578,68.5,68.61000061035156,67.64463806152344,1064113
2026-03-04,68.5,68.70999908447266,66.5199966430664,67.6500015258789,66.6981430053711,1158003
2026-03-05,68.94999694824219,69.69000244140625,67.51000213623047,68.0,67.04322052001953,755500
2026-03-06,68.1500015258789,69.95999908447266,67.4800033569336,68.94000244140625,67.9699935913086,663990
2026-03-09,67.62000274658203,67.68000030517578,65.22000122070312,65.9800033569336,65.05164337158203,1173156
2026-03-10,66.5199966430664,69.30000305175781,66.5199966430664,69.01000213623047,68.03900909423828,1134541
2026-03-11,69.05999755859375,70.94000244140625,67.8499984741211,68.3499984741211,67.38829040527344,800500
2026-03-12,68.1500015258789,68.2699966430664,66.94000244140625,67.37000274658203,66.42208099365234,544533
2026-03-13,67.5199966430664,68.27999877929688,66.3499984741211,66.7699966430664,65.83052062988281,688700
2026-03-16,66.69999694824219,67.54000091552734,66.30000305175781,66.94999694824219,66.00798797607422,454400
2026-03-17,67.19999694824219,67.19999694824219,64.25,64.37000274658203,63.46429443359375,712746
2026-03-18,64.44999694824219,65.05000305175781,64.0,64.9800033569336,64.06571197509766,503613
2026-03-19,64.8499984741211,64.8499984741211,62.5,62.59000015258789,61.7093391418457,544845
2026-03-20,63.220001220703125,64.04000091552734,60.709999084472656,60.709999084472656,59.85578918457031,731123
2026-03-23,60.04999923706055,60.65999984741211,57.0,57.47999954223633,56.67123794555664,1214900
2026-03-24,59.650001525878906,61.27999877929688,57.72999954223633,61.02000045776367,60.16143035888672,1169252
2026-03-25,61.869998931884766,64.69000244140625,61.08000183105469,64.19999694824219,63.29668045043945,1182967
2026-03-26,65.0,66.0,61.59999847412109,61.75,60.88115692138672,1534105
2026-03-27,61.61000061035156,65.2699966430664,61.060001373291016,63.79999923706055,62.90231323242188,1129700
2026-03-30,63.77999877929688,64.5,61.5,61.58000183105469,60.71355056762695,1219104
2026-03-31,61.630001068115234,62.7599983215332,58.59999847412109,59.18000030517578,58.34731674194336,1520327
2026-04-01,60.0,62.47999954223633,59.43999862670898,62.43000030517578,61.55158996582031,1784733
2026-04-02,62.43000030517578,62.47999954223633,60.29999923706055,61.5,60.634674072265625,1389010
2026-04-03,61.16999816894531,62.150001525878906,59.59999847412109,60.65999984741211,59.80649185180664,1105300
2026-04-07,60.66999816894531,61.5,58.38999938964844,58.93999862670898,58.11069488525391,1446109
2026-04-08,59.88999938964844,60.790000915527344,59.40999984741211,60.68999862670898,59.8360710144043,1182200
2026-04-09,60.59999847412109,60.59999847412109,58.0099983215332,58.540000915527344,57.71632385253906,1641260
2026-04-10,58.90999984741211,61.97999954223633,58.90999984741211,59.63999938964844,58.80084609985352,1834012
2026-04-13,59.18999862670898,59.5,57.75,58.52000045776367,57.69660568237305,1181353
2026-04-14,59.290000915527344,59.40999984741211,57.86000061035156,58.27000045776367,57.45012283325195,1041106
2026-04-15,58.84999847412109,59.59999847412109,58.04999923706055,58.5,57.676883697509766,887100
2026-04-16,58.77999877929688,59.77999877929688,58.02000045776367,59.72999954223633,58.88957977294922,754900
2026-04-17,59.68999862670898,59.709999084472656,57.97999954223633,58.630001068115234,57.805057525634766,923864
2026-04-20,58.27999877929688,58.810001373291016,57.93999862670898,58.16999816894531,57.35152816772461,936627
2026-04-21,58.16999816894531,58.54999923706055,57.36000061035156,57.79999923706055,56.98673248291016,745648
2026-04-22,57.310001373291016,58.150001525878906,57.310001373291016,58.150001525878906,57.331809997558594,516088
2026-04-23,57.79999923706055,58.119998931884766,56.34999847412109,56.560001373291016,55.7641830444336,862100
2026-04-24,56.34999847412109,56.79999923706055,55.68999862670898,56.470001220703125,55.67544937133789,709400
2026-04-27,56.4900016784668,56.4900016784668,55.11000061035156,56.220001220703125,55.4289665222168,804500
2026-04-28,55.09999847412109,55.61000061035156,52.68000030517578,54.91999816894531,54.147254943847656,2646332
2026-04-29,54.630001068115234,57.5,54.27000045776367,55.720001220703125,54.93600082397461,1961800
2026-04-30,55.810001373291016,56.0,54.459999084472656,55.060001373291016,54.2852897644043,1106271
2026-05-06,54.59000015258789,56.06999969482422,53.38999938964844,54.84999847412109,54.07823944091797,1405100
2026-05-07,55.02000045776367,58.0,54.970001220703125,55.619998931884766,54.83740615844727,1948201
2026-05-08,55.630001068115234,58.75,55.0,57.220001220703125,56.41489791870117,1875000
2026-05-11,57.18999862670898,60.400001525878906,56.40999984741211,60.0,59.15578079223633,2715535
2026-05-12,59.79999923706055,59.9900016784668,57.34000015258789,57.400001525878906,56.59236526489258,1654319
2026-05-13,56.95000076293945,58.619998931884766,56.720001220703125,58.33000183105469,57.50928115844727,1181725
2026-05-14,58.0,59.02000045776367,56.59999847412109,57.40999984741211,56.60222244262695,1403183
2026-05-15,57.36000061035156,57.36000061035156,55.400001525878906,55.540000915527344,54.7585334777832,1113568
2026-05-18,55.08000183105469,56.36000061035156,54.58000183105469,54.93999862670898,54.16697311401367,871100
2026-05-19,56.45000076293945,58.66999816894531,55.13999938964844,56.09000015258789,55.30079650878906,1972536
2026-05-20,55.65999984741211,56.7599983215332,55.0,55.790000915527344,55.0050163269043,1165400
2026-05-21,55.9900016784668,56.79999923706055,51.59999847412109,51.709999084472656,50.982421875,2015797
2026-05-22,52.060001373291016,54.29999923706055,51.880001068115234,53.81999969482422,53.0627326965332,1312182
2026-05-25,53.77000045776367,54.11000061035156,51.709999084472656,52.58000183105469,51.84018325805664,1062789
2026-05-26,52.59999847412109,52.810001373291016,50.90999984741211,51.52000045776367,50.79509735107422,808401
2026-05-27,51.65999984741211,52.880001068115234,50.650001525878906,51.2400016784668,50.519039154052734,906040
2026-05-28,51.0,51.9900016784668,50.2599983215332,51.27999877929688,50.5584716796875,729315
2026-05-29,52.310001373291016,52.310001373291016,49.5,49.75,49.04999923706055,1027903
2026-06-01,49.04999923706055,49.869998931884766,48.880001068115234,49.27999877929688,49.27999877929688,648300
2026-06-02,49.790000915527344,49.84999847412109,47.90999984741211,48.68000030517578,48.68000030517578,623900
2026-06-03,48.52999877929688,48.77999877929688,47.59999847412109,48.060001373291016,48.060001373291016,549500
2026-06-04,48.0099983215332,48.22999954223633,47.33000183105469,48.02000045776367,48.02000045776367,495800
2026-06-05,47.84999847412109,48.97999954223633,47.22999954223633,48.709999084472656,48.709999084472656,1250200
2026-06-08,47.79999923706055,48.34000015258789,44.880001068115234,45.77000045776367,45.77000045776367,1202403
2026-06-09,46.40999984741211,47.900001525878906,45.70000076293945,47.310001373291016,47.310001373291016,911648
2026-06-10,47.41999816894531,47.77999877929688,46.08000183105469,46.93999862670898,46.93999862670898,689500
2026-06-11,46.220001220703125,48.290000915527344,46.220001220703125,47.16999816894531,47.16999816894531,703000
2026-06-12,47.52000045776367,48.380001068115234,47.20000076293945,48.13999938964844,48.13999938964844,581299
2026-06-15,48.18999862670898,50.88999938964844,48.18999862670898,49.77000045776367,49.77000045776367,1012100
2026-06-16,49.38999938964844,49.72999954223633,47.810001373291016,48.59000015258789,48.59000015258789,852300
2026-06-17,48.58000183105469,48.7599983215332,47.900001525878906,48.400001525878906,48.400001525878906,500401
2026-06-18,48.720001220703125,49.56999969482422,48.09999847412109,48.900001525878906,48.900001525878906,996000
2026-06-22,48.540000915527344,49.18000030517578,46.77000045776367,48.959999084472656,48.959999084472656,1169000
2026-06-23,48.77999877929688,51.27999877929688,48.650001525878906,50.40999984741211,50.40999984741211,1206800
2026-06-24,50.400001525878906,50.650001525878906,48.84000015258789,49.34999847412109,49.34999847412109,1094701
2026-06-25,49.0,49.209999084472656,46.38999938964844,47.34999847412109,47.34999847412109,1886093
2026-06-26,48.0,48.130001068115234,45.15999984741211,45.15999984741211,45.15999984741211,1234900
2026-06-29,45.15999984741211,54.18999862670898,45.15999984741211,54.18999862670898,54.18999862670898,2971992
2026-06-30,55.0,55.380001068115234,51.33000183105469,51.790000915527344,51.790000915527344,3218699
2026-07-01,52.380001068115234,53.290000915527344,50.13999938964844,52.650001525878906,52.650001525878906,2427340
2026-07-02,53.27000045776367,58.68000030517578,52.65999984741211,55.5,55.5,4206634
2026-07-03,55.369998931884766,60.29999923706055,54.59999847412109,58.9900016784668,58.9900016784668,4484370
2026-07-06,57.5,61.33000183105469,57.459999084472656,59.959999084472656,59.959999084472656,3336900
2026-07-07,59.09999847412109,59.959999084472656,57.11000061035156,57.560001373291016,57.560001373291016,1917345
2026-07-08,57.290000915527344,58.380001068115234,55.0099983215332,55.09999847412109,55.09999847412109,1821080
2026-07-09,54.56999969482422,57.34000015258789,52.650001525878906,53.900001525878906,53.900001525878906,2063900
2026-07-10,53.959999084472656,57.13999938964844,51.5099983215332,55.90999984741211,55.90999984741211,1906679
2026-07-13,55.59000015258789,56.2599983215332,53.04999923706055,53.25,53.25,1187800
2026-07-14,52.720001220703125,54.5,51.79999923706055,53.369998931884766,53.369998931884766,1209380
2026-07-15,53.2400016784668,58.9900016784668,52.79999923706055,57.16999816894531,57.16999816894531,2552401
2026-07-16,56.13999938964844,60.52000045776367,55.5,59.119998931884766,59.119998931884766,2741181
2026-07-17,58.369998931884766,59.95000076293945,54.0,54.86000061035156,54.86000061035156,2406712
2026-07-20,54.619998931884766,56.709999084472656,53.75,55.52999877929688,55.52999877929688,2163911
2026-07-21,54.95000076293945,55.79999923706055,50.0099983215332,53.20000076293945,53.20000076293945,1922500
2026-07-22,53.0,56.63999938964844,52.66999816894531,56.5,56.5,2311677
2026-07-23,55.720001220703125,58.43999862670898,54.95000076293945,58.02000045776367,58.02000045776367,1785877
2026-07-24,56.709999084472656,58.0,54.0,54.0,54.0,1342800
2026-07-27,54.0099983215332,57.59999847412109,53.47999954223633,57.34000015258789,57.34000015258789,1800794
2026-07-28,57.59000015258789,60.720001220703125,56.119998931884766,58.81999969482422,58.81999969482422,2575600
2026-07-29,57.380001068115234,64.94999694824219,54.220001220703125,61.93999862670898,61.93999862670898,3603311
2026-07-30,60.08000183105469,61.45000076293945,58.540000915527344,60.5099983215332,60.5099983215332,2137807
2026-07-31,60.29999923706055,63.20000076293945,59.27000045776367,61.59999847412109,61.59999847412109,1986160
2026-08-03,61.540000915527344,61.540000915527344,59.11000061035156,59.18999862670898,59.18999862670898,1202660
2026-08-04,59.209999084472656,60.65999984741211,57.81999969482422,58.560001373291016,58.560001373291016,1601243
2026-08-05,58.0,59.95000076293945,57.41999816894531,59.880001068115234,59.880001068115234,1563462
2026-08-06,59.400001525878906,59.5,58.04999923706055,59.15999984741211,59.15999984741211,1218081
2026-08-07,59.0,64.5999984741211,58.29999923706055,62.2599983215332,62.2599983215332,2522595
2026-08-10,59.90999984741211,61.5,59.0099983215332,59.70000076293945,59.70000076293945,2193544
2026-08-11,59.04999923706055,61.0,58.09000015258789,59.88999938964844,59.88999938964844,1844784
2026-08-12,58.9900016784668,60.279998779296875,58.279998779296875,60.0,60.0,1651615
2026-08-13,59.40999984741211,61.18000030517578,58.58000183105469,59.720001220703125,59.720001220703125,1970098
2026-08-14,59.040000915527344,59.52000045776367,57.0099983215332,57.099998474121094,57.099998474121094,1905289
