Date,Open,High,Low,Close,Adj Close,Volume
2021-08-16,2.720000028610229,2.759999990463257,2.7100000381469727,2.7300000190734863,2.567789316177368,2128400
2021-08-17,2.75,2.75,2.700000047683716,2.7100000381469727,2.548977851867676,1626700
2021-08-18,2.700000047683716,2.740000009536743,2.690000057220459,2.720000028610229,2.5583834648132324,1756400
2021-08-19,2.720000028610229,2.720000028610229,2.700000047683716,2.7100000381469727,2.548977851867676,969500
2021-08-20,2.700000047683716,2.7100000381469727,2.6700000762939453,2.690000057220459,2.530165910720825,1254120
2021-08-23,2.690000057220459,2.720000028610229,2.690000057220459,2.7100000381469727,2.548977851867676,1638960
2021-08-24,2.7100000381469727,2.7300000190734863,2.7100000381469727,2.720000028610229,2.5583834648132324,1354440
2021-08-25,2.720000028610229,2.740000009536743,2.700000047683716,2.7300000190734863,2.567789316177368,1205920
2021-08-26,2.7300000190734863,2.7799999713897705,2.720000028610229,2.75,2.58660101890564,2799640
2021-08-27,2.75,2.7699999809265137,2.7300000190734863,2.7699999809265137,2.605412483215332,1917600
2021-08-30,2.7799999713897705,2.7799999713897705,2.75,2.7799999713897705,2.614818334579468,1945977
2021-08-31,2.8399999141693115,3.0199999809265137,2.8399999141693115,2.9800000190734863,2.8029348850250244,23068938
2021-09-01,2.940000057220459,3.130000114440918,2.930000066757202,3.119999885559082,2.9346163272857666,23535393
2021-09-02,3.0899999141693115,3.130000114440918,3.0299999713897705,3.119999885559082,2.9346163272857666,11342590
2021-09-03,3.0999999046325684,3.150000095367432,3.0799999237060547,3.119999885559082,2.9346163272857666,7974407
2021-09-06,3.0999999046325684,3.150000095367432,3.0999999046325684,3.150000095367432,2.962833881378174,5536230
2021-09-07,3.140000104904175,3.190000057220459,3.130000114440918,3.180000066757202,2.991051197052002,6104768
2021-09-08,3.200000047683716,3.25,3.1700000762939453,3.240000009536743,3.0474863052368164,9279492
2021-09-09,3.259999990463257,3.259999990463257,3.1600000858306885,3.200000047683716,3.0098631381988525,6342218
2021-09-10,3.200000047683716,3.259999990463257,3.200000047683716,3.220000028610229,3.028674602508545,7344406
2021-09-13,3.259999990463257,3.299999952316284,3.180000066757202,3.289999961853028,3.094515323638916,6917358
2021-09-14,3.289999961853028,3.289999961853028,3.200000047683716,3.2100000381469727,3.019268751144409,6824728
2021-09-15,3.190000057220459,3.289999961853028,3.190000057220459,3.259999990463257,3.066297769546509,6048421
2021-09-16,3.2799999713897705,3.289999961853028,3.2100000381469727,3.2300000190734863,3.0380802154541016,5572516
2021-09-17,3.220000028610229,3.240000009536743,3.150000095367432,3.190000057220459,3.0004570484161377,4799766
2021-09-22,3.119999885559082,3.240000009536743,3.109999895095825,3.200000047683716,3.0098631381988525,6904288
2021-09-23,3.2100000381469727,3.289999961853028,3.200000047683716,3.240000009536743,3.0474863052368164,5756121
2021-09-24,3.2300000190734863,3.2699999809265137,3.200000047683716,3.25,3.056892156600952,4980762
2021-09-27,3.25,3.25,3.0799999237060547,3.0899999141693115,2.90639877319336,6085300
2021-09-28,3.130000114440918,3.180000066757202,3.0799999237060547,3.150000095367432,2.962833881378174,5405800
2021-09-29,3.140000104904175,3.200000047683716,3.0999999046325684,3.119999885559082,2.9346163272857666,5452960
2021-09-30,3.119999885559082,3.1700000762939453,3.059999942779541,3.0899999141693115,2.90639877319336,7249323
2021-10-08,3.130000114440918,3.2699999809265137,3.0999999046325684,3.259999990463257,3.066297769546509,7692283
2021-10-11,3.25,3.25,3.119999885559082,3.150000095367432,2.962833881378174,5672620
2021-10-12,3.180000066757202,3.200000047683716,3.119999885559082,3.190000057220459,3.0004570484161377,5619545
2021-10-13,3.190000057220459,3.380000114440918,3.059999942779541,3.0799999237060547,2.8969931602478027,6390740
2021-10-14,3.069999933242798,3.119999885559082,3.009999990463257,3.039999961853028,2.85936975479126,5903549
2021-10-15,3.0299999713897705,3.059999942779541,3.009999990463257,3.0299999713897705,2.849963903427124,3808786
2021-10-18,3.049999952316284,3.059999942779541,2.9800000190734863,3.049999952316284,2.8687756061553955,5277700
2021-10-19,3.069999933242798,3.140000104904175,3.0199999809265137,3.119999885559082,2.9346163272857666,6378937
2021-10-20,3.119999885559082,3.130000114440918,3.059999942779541,3.0799999237060547,2.8969931602478027,3356300
2021-10-21,3.119999885559082,3.119999885559082,3.0299999713897705,3.059999942779541,2.878181219100952,3784592
2021-10-22,3.049999952316284,3.109999895095825,3.009999990463257,3.059999942779541,2.878181219100952,4195000
2021-10-25,3.009999990463257,3.0199999809265137,2.890000104904175,2.890000104904175,2.718282461166382,6073700
2021-10-26,2.930000066757202,2.930000066757202,2.8399999141693115,2.8499999046325684,2.680659055709839,5757800
2021-10-27,2.869999885559082,2.890000104904175,2.819999933242798,2.8399999141693115,2.671253204345703,4189324
2021-10-28,2.809999942779541,2.8399999141693115,2.759999990463257,2.789999961853028,2.6242241859436035,4654340
2021-10-29,2.7699999809265137,2.900000095367432,2.7699999809265137,2.869999885559082,2.6994707584381104,5461101
2021-11-01,2.8299999237060547,2.8399999141693115,2.680000066757202,2.7300000190734863,2.567789316177368,15066317
2021-11-02,2.7100000381469727,2.740000009536743,2.619999885559082,2.640000104904175,2.4831368923187256,10361526
2021-11-03,2.630000114440918,2.680000066757202,2.630000114440918,2.6700000762939453,2.511354446411133,4481035
2021-11-04,2.6600000858306885,2.690000057220459,2.630000114440918,2.6600000858306885,2.501948595046997,5973702
2021-11-05,2.6600000858306885,2.680000066757202,2.630000114440918,2.640000104904175,2.4831368923187256,4682847
2021-11-08,2.650000095367432,2.680000066757202,2.640000104904175,2.6700000762939453,2.511354446411133,4699230
2021-11-09,2.6700000762939453,2.680000066757202,2.650000095367432,2.6700000762939453,2.511354446411133,4116700
2021-11-10,2.6700000762939453,2.720000028610229,2.650000095367432,2.720000028610229,2.5583834648132324,4812453
2021-11-11,2.680000066757202,2.880000114440918,2.680000066757202,2.8299999237060547,2.6618475914001465,12485666
2021-11-12,2.819999933242798,2.8299999237060547,2.7300000190734863,2.7799999713897705,2.614818334579468,8165281
2021-11-15,2.759999990463257,2.809999942779541,2.759999990463257,2.799999952316284,2.6336300373077397,5109600
2021-11-16,2.799999952316284,2.8299999237060547,2.7799999713897705,2.789999961853028,2.6242241859436035,2914340
2021-11-17,2.7799999713897705,2.809999942779541,2.7799999713897705,2.799999952316284,2.6336300373077397,3156621
2021-11-18,2.799999952316284,2.819999933242798,2.759999990463257,2.759999990463257,2.5960068702697754,3184000
2021-11-19,2.7699999809265137,2.8299999237060547,2.75,2.809999942779541,2.643035888671875,3162020
2021-11-22,2.819999933242798,2.819999933242798,2.7699999809265137,2.799999952316284,2.6336300373077397,2548212
2021-11-23,2.799999952316284,2.819999933242798,2.789999961853028,2.819999933242798,2.652441501617432,2385700
2021-11-24,2.819999933242798,2.8299999237060547,2.799999952316284,2.8299999237060547,2.6618475914001465,2826793
2021-11-25,2.8299999237060547,2.859999895095825,2.809999942779541,2.8299999237060547,2.6618475914001465,4399120
2021-11-26,2.8299999237060547,2.8299999237060547,2.7699999809265137,2.789999961853028,2.6242241859436035,4108260
2021-11-29,2.7699999809265137,2.7699999809265137,2.7300000190734863,2.75,2.58660101890564,4610600
2021-11-30,2.75,2.7699999809265137,2.720000028610229,2.759999990463257,2.5960068702697754,4878409
2021-12-01,2.75,2.809999942779541,2.740000009536743,2.809999942779541,2.643035888671875,5713680
2021-12-02,2.809999942779541,2.8399999141693115,2.789999961853028,2.809999942779541,2.643035888671875,5344128
2021-12-03,2.809999942779541,2.8499999046325684,2.789999961853028,2.8299999237060547,2.6618475914001465,4495420
2021-12-06,2.819999933242798,2.8499999046325684,2.789999961853028,2.809999942779541,2.643035888671875,6000610
2021-12-07,2.8399999141693115,2.869999885559082,2.799999952316284,2.8399999141693115,2.671253204345703,8572071
2021-12-08,2.8299999237060547,2.8499999046325684,2.809999942779541,2.8299999237060547,2.6618475914001465,4887900
2021-12-09,2.8299999237060547,2.869999885559082,2.819999933242798,2.859999895095825,2.6900649070739746,7475021
2021-12-10,2.869999885559082,2.890000104904175,2.8399999141693115,2.869999885559082,2.6994707584381104,5443980
2021-12-13,2.869999885559082,2.880000114440918,2.8299999237060547,2.8399999141693115,2.671253204345703,3940601
2021-12-14,2.8399999141693115,2.859999895095825,2.819999933242798,2.859999895095825,2.6900649070739746,3766886
2021-12-15,2.859999895095825,2.990000009536743,2.8499999046325684,2.940000057220459,2.765311479568481,11829713
2021-12-16,2.940000057220459,3.009999990463257,2.9100000858306885,3.0,2.821746587753296,10116501
2021-12-17,3.009999990463257,3.0999999046325684,2.9800000190734863,3.049999952316284,2.8687756061553955,10454502
2021-12-20,3.0899999141693115,3.150000095367432,3.0799999237060547,3.109999895095825,2.925210237503052,15945510
2021-12-21,3.109999895095825,3.4200000762939453,3.109999895095825,3.4200000762939453,3.2167911529541016,43378132
2021-12-22,3.440000057220459,3.650000095367432,3.289999961853028,3.380000114440918,3.1791677474975586,47796637
2021-12-23,3.289999961853028,3.450000047683716,3.25,3.289999961853028,3.094515323638916,24376693
2021-12-24,3.289999961853028,3.299999952316284,3.109999895095825,3.1600000858306885,2.9722397327423096,21848635
2021-12-27,3.1700000762939453,3.299999952316284,3.1600000858306885,3.190000057220459,3.0004570484161377,10437327
2021-12-28,3.150000095367432,3.2799999713897705,3.130000114440918,3.1600000858306885,2.9722397327423096,8629183
2021-12-29,3.140000104904175,3.1600000858306885,3.059999942779541,3.130000114440918,2.944022417068481,8272880
2021-12-30,3.119999885559082,3.130000114440918,3.039999961853028,3.0899999141693115,2.90639877319336,10036242
2021-12-31,3.119999885559082,3.140000104904175,3.059999942779541,3.0999999046325684,2.915804624557495,7319720
2022-01-04,3.109999895095825,3.2100000381469727,3.0799999237060547,3.2100000381469727,3.019268751144409,10174102
2022-01-05,3.200000047683716,3.240000009536743,3.140000104904175,3.2300000190734863,3.0380802154541016,8467409
2022-01-06,3.2300000190734863,3.549999952316284,3.1600000858306885,3.359999895095825,3.160355806350708,34250804
2022-01-07,3.359999895095825,3.509999990463257,3.3299999237060547,3.3499999046325684,3.150950193405152,25539097
2022-01-10,3.289999961853028,3.4200000762939453,3.289999961853028,3.4100000858306885,3.207385301589966,16697466
2022-01-11,3.380000114440918,3.490000009536743,3.359999895095825,3.400000095367432,3.19797945022583,14191603
2022-01-12,3.380000114440918,3.4200000762939453,3.319999933242798,3.390000104904175,3.1885735988616943,13048740
2022-01-13,3.390000104904175,3.569999933242798,3.380000114440918,3.450000047683716,3.2450084686279297,19622453
2022-01-14,3.470000028610229,3.490000009536743,3.2799999713897705,3.309999942779541,3.1133267879486084,13476560
2022-01-17,3.289999961853028,3.359999895095825,3.2799999713897705,3.289999961853028,3.094515323638916,7029400
2022-01-18,3.299999952316284,3.3499999046325684,3.25,3.2699999809265137,3.0757036209106445,6424326
2022-01-19,3.259999990463257,3.359999895095825,3.259999990463257,3.309999942779541,3.1133267879486084,5601693
2022-01-20,3.319999933242798,3.390000104904175,3.25,3.259999990463257,3.066297769546509,7238500
2022-01-21,3.2300000190734863,3.289999961853028,3.200000047683716,3.2699999809265137,3.0757036209106445,7108701
2022-01-24,3.25,3.2699999809265137,3.1700000762939453,3.2100000381469727,3.019268751144409,6273600
2022-01-25,3.180000066757202,3.2100000381469727,3.0799999237060547,3.0899999141693115,2.90639877319336,7815000
2022-01-26,3.0899999141693115,3.2300000190734863,3.0899999141693115,3.1700000762939453,2.9816455841064453,6274040
2022-01-27,3.1700000762939453,3.200000047683716,3.0899999141693115,3.119999885559082,2.9346163272857666,5505777
2022-01-28,3.119999885559082,3.2300000190734863,3.109999895095825,3.190000057220459,3.0004570484161377,5421773
2022-02-07,3.2300000190734863,3.299999952316284,3.119999885559082,3.2699999809265137,3.0757036209106445,8095521
2022-02-08,3.240000009536743,3.390000104904175,3.240000009536743,3.390000104904175,3.1885735988616943,9240200
2022-02-09,3.400000095367432,3.4200000762939453,3.3499999046325684,3.380000114440918,3.1791677474975586,6470980
2022-02-10,3.369999885559082,3.400000095367432,3.319999933242798,3.369999885559082,3.169761896133423,5101200
2022-02-11,3.430000066757202,3.490000009536743,3.359999895095825,3.390000104904175,3.1885735988616943,10378976
2022-02-14,3.3399999141693115,3.4100000858306885,3.299999952316284,3.3299999237060547,3.13213849067688,8471297
2022-02-15,3.3399999141693115,3.3399999141693115,3.240000009536743,3.259999990463257,3.066297769546509,7850721
2022-02-16,3.259999990463257,3.5899999141693115,3.25,3.470000028610229,3.263820171356201,35550128
2022-02-17,3.430000066757202,3.4800000190734863,3.3399999141693115,3.4600000381469727,3.254414319992065,24123117
2022-02-18,3.400000095367432,3.609999895095825,3.380000114440918,3.569999933242798,3.3578784465789795,26452620
2022-02-21,3.5799999237060547,3.5899999141693115,3.470000028610229,3.569999933242798,3.3578784465789795,17099948
2022-02-22,3.5299999713897705,3.930000066757202,3.5299999713897705,3.75,3.527183055877685,40434823
2022-02-23,3.759999990463257,4.03000020980835,3.609999895095825,3.680000066757202,3.4613423347473145,55809949
2022-02-24,3.450000047683716,3.690000057220459,3.400000095367432,3.549999952316284,3.339066505432129,42396725
2022-02-25,3.539999961853028,3.5899999141693115,3.440000057220459,3.4800000190734863,3.273225784301758,19394340
2022-02-28,3.450000047683716,3.549999952316284,3.380000114440918,3.509999990463257,3.301443338394165,13988791
2022-03-01,3.5,3.5299999713897705,3.4600000381469727,3.5199999809265137,3.310849189758301,7286272
2022-03-02,3.490000009536743,3.619999885559082,3.4800000190734863,3.619999885559082,3.404907464981079,12864329
2022-03-03,3.680000066757202,3.680000066757202,3.569999933242798,3.630000114440918,3.414313316345215,11728023
2022-03-04,3.630000114440918,3.630000114440918,3.490000009536743,3.5199999809265137,3.310849189758301,11447800
2022-03-07,3.5199999809265137,3.609999895095825,3.4800000190734863,3.539999961853028,3.3296608924865723,9876616
2022-03-08,3.559999942779541,3.559999942779541,3.380000114440918,3.4100000858306885,3.207385301589966,10482960
2022-03-09,3.4100000858306885,3.4600000381469727,3.220000028610229,3.380000114440918,3.1791677474975586,9045500
2022-03-10,3.4200000762939453,3.5899999141693115,3.369999885559082,3.5299999713897705,3.3202550411224365,11331360
2022-03-11,3.5,3.569999933242798,3.400000095367432,3.5299999713897705,3.3202550411224365,10075738
2022-03-14,3.4800000190734863,3.569999933242798,3.450000047683716,3.4600000381469727,3.254414319992065,8174600
2022-03-15,3.4600000381469727,3.4800000190734863,3.200000047683716,3.2100000381469727,3.019268751144409,11028300
2022-03-16,3.240000009536743,3.359999895095825,3.190000057220459,3.3399999141693115,3.141544342041016,8195492
2022-03-17,3.4100000858306885,3.5899999141693115,3.400000095367432,3.5199999809265137,3.310849189758301,14110877
2022-03-18,3.4800000190734863,3.660000085830689,3.470000028610229,3.630000114440918,3.414313316345215,16753869
2022-03-21,3.650000095367432,3.759999990463257,3.619999885559082,3.740000009536743,3.517777442932129,15897521
2022-03-22,3.740000009536743,3.920000076293945,3.690000057220459,3.849999904632568,3.6212410926818848,21662239
2022-03-23,3.900000095367432,3.9700000286102295,3.809999942779541,3.950000047683716,3.715299606323242,25949572
2022-03-24,3.880000114440918,4.079999923706055,3.809999942779541,3.829999923706055,3.6024296283721924,25260984
2022-03-25,3.839999914169312,4.210000038146973,3.7200000286102295,4.210000038146973,3.959851026535034,41515792
2022-03-28,4.53000020980835,4.53000020980835,3.910000085830689,4.079999923706055,3.8375751972198486,85558588
2022-03-29,4.019999980926514,4.230000019073486,3.920000076293945,3.940000057220459,3.7058939933776855,53983120
2022-03-30,3.940000057220459,4.329999923706055,3.940000057220459,4.329999923706055,4.072721004486084,63182772
2022-03-31,4.25,4.550000190734863,4.150000095367432,4.269999980926514,4.0162858963012695,82999250
2022-04-01,4.190000057220459,4.690000057220459,4.119999885559082,4.539999961853027,4.270243167877197,85525506
2022-04-06,4.900000095367432,4.989999771118164,4.769999980926514,4.989999771118164,4.693504810333252,58944232
2022-04-07,4.980000019073486,5.25,4.489999771118164,4.5,4.232619762420654,107624196
2022-04-08,4.300000190734863,4.670000076293945,4.300000190734863,4.570000171661377,4.298460483551025,63783591
2022-04-11,4.400000095367432,4.400000095367432,4.110000133514404,4.110000133514404,3.865792989730835,49249372
2022-04-12,4.110000133514404,4.349999904632568,4.039999961853027,4.190000057220459,3.9410393238067623,48246513
2022-04-13,4.119999885559082,4.199999809265137,3.950000047683716,3.990000009536743,3.752923011779785,43051498
2022-04-14,4.039999961853027,4.199999809265137,4.019999980926514,4.119999885559082,3.875198364257813,33009908
2022-04-15,4.170000076293945,4.53000020980835,4.170000076293945,4.53000020980835,4.260837554931641,90034064
2022-04-18,4.360000133514404,4.980000019073486,4.260000228881836,4.860000133514404,4.571229457855225,118966727
2022-04-19,4.539999961853027,4.760000228881836,4.369999885559082,4.639999866485596,4.3643012046813965,92231728
2022-04-20,4.519999980926514,4.699999809265137,4.260000228881836,4.340000152587891,4.082127094268799,58066397
2022-04-21,4.369999885559082,4.420000076293945,3.930000066757202,3.9600000381469727,3.724705457687378,45365181
2022-04-22,3.950000047683716,4.360000133514404,3.940000057220459,4.360000133514404,4.100938320159912,26340911
2022-04-25,4.489999771118164,4.800000190734863,4.429999828338623,4.800000190734863,4.51479434967041,44853555
2022-04-26,5.190000057220459,5.28000020980835,4.599999904632568,4.650000095367432,4.373706817626953,140683203
2022-04-27,4.190000057220459,4.46999979019165,4.190000057220459,4.190000057220459,3.9410393238067623,95075230
2022-04-28,3.880000114440918,4.070000171661377,3.7699999809265137,3.990000009536743,3.752923011779785,94522839
2022-04-29,3.9800000190734863,4.260000228881836,3.9700000286102295,4.170000076293945,3.9222278594970703,79565442
2022-05-05,4.099999904632568,4.25,3.920000076293945,4.070000171661377,3.828169584274292,61455265
2022-05-06,3.900000095367432,3.920000076293945,3.660000085830689,3.660000085830689,3.442530870437622,47974620
2022-05-09,3.630000114440918,3.819999933242798,3.5299999713897705,3.759999990463257,3.5365889072418213,41392798
2022-05-10,3.670000076293945,3.839999914169312,3.640000104904175,3.799999952316284,3.574212074279785,40439376
2022-05-11,3.849999904632568,3.890000104904175,3.660000085830689,3.690000057220459,3.47074818611145,41154100
2022-05-12,3.650000095367432,3.7200000286102295,3.509999990463257,3.609999895095825,3.395501613616944,32210222
2022-05-13,3.5999999046325684,3.740000009536743,3.5199999809265137,3.740000009536743,3.517777442932129,46354602
2022-05-16,3.900000095367432,3.900000095367432,3.7100000381469727,3.809999942779541,3.583617925643921,41108358
2022-05-17,3.75,3.819999933242798,3.630000114440918,3.680000066757202,3.4613423347473145,27477117
2022-05-18,3.670000076293945,3.7100000381469727,3.619999885559082,3.650000095367432,3.4331247806549072,18476217
2022-05-19,3.5899999141693115,3.740000009536743,3.559999942779541,3.7200000286102295,3.4989657402038574,30048584
2022-05-20,3.700000047683716,3.75,3.609999895095825,3.650000095367432,3.4331247806549072,24314057
2022-05-23,3.5799999237060547,3.670000076293945,3.5799999237060547,3.5999999046325684,3.3860955238342285,18304900
2022-05-24,3.5999999046325684,3.609999895095825,3.400000095367432,3.4200000762939453,3.2167911529541016,24465700
2022-05-25,3.380000114440918,3.5199999809265137,3.380000114440918,3.509999990463257,3.301443338394165,17199100
2022-05-26,3.5,3.5799999237060547,3.470000028610229,3.4800000190734863,3.273225784301758,17024100
2022-05-27,3.5,3.5299999713897705,3.450000047683716,3.5199999809265137,3.310849189758301,15187300
2022-05-30,3.559999942779541,3.5799999237060547,3.4800000190734863,3.559999942779541,3.3484723567962646,20651900
2022-05-31,3.549999952316284,3.569999933242798,3.470000028610229,3.5,3.2920374870300293,15168800
2022-06-01,3.5199999809265137,3.5199999809265137,3.390000104904175,3.430000066757202,3.226196765899658,13855300
2022-06-02,3.4200000762939453,3.450000047683716,3.380000114440918,3.390000104904175,3.1885735988616943,13142120
2022-06-06,3.4100000858306885,3.450000047683716,3.369999885559082,3.430000066757202,3.226196765899658,13131373
2022-06-07,3.430000066757202,3.5,3.380000114440918,3.5,3.2920374870300293,19991820
2022-06-08,3.490000009536743,3.5,3.369999885559082,3.4100000858306885,3.207385301589966,16701846
2022-06-09,3.380000114440918,3.4600000381469727,3.369999885559082,3.369999885559082,3.169761896133423,13782710
2022-06-10,3.369999885559082,3.430000066757202,3.3299999237060547,3.390000104904175,3.1885735988616943,12478815
2022-06-13,3.390000104904175,3.390000104904175,3.259999990463257,3.309999942779541,3.1133267879486084,16344758
2022-06-14,3.299999952316284,3.369999885559082,3.240000009536743,3.359999895095825,3.160355806350708,14027002
2022-06-15,3.369999885559082,3.4800000190734863,3.3499999046325684,3.4100000858306885,3.207385301589966,18251727
2022-06-16,3.4200000762939453,3.470000028610229,3.359999895095825,3.369999885559082,3.169761896133423,11191766
2022-06-17,3.3399999141693115,3.380000114440918,3.289999961853028,3.319999933242798,3.1227328777313232,11856201
2022-06-20,3.309999942779541,3.4200000762939453,3.299999952316284,3.400000095367432,3.19797945022583,13625890
2022-06-21,3.4200000762939453,3.740000009536743,3.4200000762939453,3.740000009536743,3.517777442932129,50542193
2022-06-22,3.630000114440918,3.740000009536743,3.5299999713897705,3.569999933242798,3.3578784465789795,63879428
2022-06-23,3.559999942779541,3.630000114440918,3.509999990463257,3.5799999237060547,3.367284059524536,36755889
2022-06-24,3.539999961853028,3.559999942779541,3.4800000190734863,3.5299999713897705,3.3202550411224365,23910229
2022-06-27,3.5199999809265137,3.559999942779541,3.490000009536743,3.549999952316284,3.339066505432129,21900112
2022-06-28,3.380000114440918,3.380000114440918,3.319999933242798,3.369999885559082,3.29121208190918,21632713
2022-06-29,3.3499999046325684,3.4800000190734863,3.3399999141693115,3.400000095367432,3.320511102676392,29825821
2022-06-30,3.4200000762939453,3.509999990463257,3.359999895095825,3.450000047683716,3.369342088699341,27354645
2022-07-01,3.450000047683716,3.490000009536743,3.369999885559082,3.390000104904175,3.3107447624206543,18437400
2022-07-04,3.380000114440918,3.400000095367432,3.319999933242798,3.3299999237060547,3.252147436141968,14447300
2022-07-05,3.3299999237060547,3.369999885559082,3.289999961853028,3.3399999141693115,3.261913537979126,11690400
2022-07-06,3.309999942779541,3.3499999046325684,3.2300000190734863,3.25,3.1740176677703857,11898017
2022-07-07,3.25,3.289999961853028,3.2100000381469727,3.2300000190734863,3.1544854640960693,10859681
2022-07-08,3.25,3.2699999809265137,3.2100000381469727,3.259999990463257,3.183784008026123,7851400
2022-07-11,3.2699999809265137,3.2699999809265137,3.190000057220459,3.220000028610229,3.144719123840332,7883612
2022-07-12,3.220000028610229,3.2699999809265137,3.2100000381469727,3.240000009536743,3.1642515659332275,9479511
2022-07-13,3.1600000858306885,3.319999933242798,3.150000095367432,3.2699999809265137,3.193550109863281,13042516
2022-07-14,3.25,3.2699999809265137,3.140000104904175,3.150000095367432,3.0763556957244877,15432100
2022-07-15,3.140000104904175,3.150000095367432,3.0199999809265137,3.0199999809265137,2.949394941329956,14488524
2022-07-18,3.0199999809265137,3.1700000762939453,3.009999990463257,3.150000095367432,3.0763556957244877,13965820
2022-07-19,3.1600000858306885,3.2100000381469727,3.150000095367432,3.200000047683716,3.1251866817474365,9478900
2022-07-20,3.180000066757202,3.2100000381469727,3.1700000762939453,3.180000066757202,3.10565447807312,7714800
2022-07-21,3.180000066757202,3.190000057220459,3.140000104904175,3.150000095367432,3.0763556957244877,6724020
2022-07-22,3.1600000858306885,3.190000057220459,3.119999885559082,3.150000095367432,3.0763556957244877,6973435
2022-07-25,3.1700000762939453,3.2300000190734863,3.150000095367432,3.1600000858306885,3.0861220359802246,6888900
2022-07-26,3.1600000858306885,3.299999952316284,3.150000095367432,3.289999961853028,3.2130825519561768,18236080
2022-07-27,3.2799999713897705,3.3399999141693115,3.240000009536743,3.299999952316284,3.222848653793335,15423900
2022-07-28,3.309999942779541,3.3499999046325684,3.2699999809265137,3.3299999237060547,3.252147436141968,12892483
2022-07-29,3.319999933242798,3.359999895095825,3.259999990463257,3.299999952316284,3.222848653793335,10182480
2022-08-01,3.2799999713897705,3.299999952316284,3.25,3.259999990463257,3.183784008026123,8889940
2022-08-02,3.2300000190734863,3.2300000190734863,3.049999952316284,3.0999999046325684,3.027524471282959,11432198
2022-08-03,3.0899999141693115,3.1600000858306885,3.009999990463257,3.0199999809265137,2.949394941329956,7883500
2022-08-04,3.039999961853028,3.0799999237060547,3.0,3.059999942779541,2.988459825515747,7534067
2022-08-05,3.0799999237060547,3.109999895095825,3.0299999713897705,3.0899999141693115,3.017758369445801,6339095
2022-08-08,3.109999895095825,3.220000028610229,3.0999999046325684,3.119999885559082,3.0470569133758545,7614700
2022-08-09,3.130000114440918,3.140000104904175,3.059999942779541,3.0999999046325684,3.027524471282959,6107801
2022-08-10,3.109999895095825,3.109999895095825,3.049999952316284,3.0799999237060547,3.0079922676086426,5212900
2022-08-11,3.0799999237060547,3.130000114440918,3.069999933242798,3.119999885559082,3.0470569133758545,5943316
2022-08-12,3.130000114440918,3.1700000762939453,3.109999895095825,3.150000095367432,3.0763556957244877,6370700
2022-08-15,3.1600000858306885,3.190000057220459,3.0999999046325684,3.119999885559082,3.0470569133758545,6877479
2022-08-16,3.109999895095825,3.190000057220459,3.109999895095825,3.190000057220459,3.1154205799102783,7884280
2022-08-17,3.200000047683716,3.240000009536743,3.150000095367432,3.220000028610229,3.144719123840332,6637030
2022-08-18,3.2100000381469727,3.220000028610229,3.150000095367432,3.1700000762939453,3.095888137817383,5641900
2022-08-19,3.1700000762939453,3.25,3.1600000858306885,3.200000047683716,3.1251866817474365,8710483
2022-08-22,3.220000028610229,3.299999952316284,3.2100000381469727,3.240000009536743,3.1642515659332275,11566261
2022-08-23,3.2300000190734863,3.289999961853028,3.220000028610229,3.2799999713897705,3.2033164501190186,7992979
2022-08-24,3.2799999713897705,3.299999952316284,3.200000047683716,3.2100000381469727,3.134953022003174,7596000
2022-08-25,3.220000028610229,3.259999990463257,3.1700000762939453,3.259999990463257,3.183784008026123,7598372
2022-08-26,3.240000009536743,3.25,3.180000066757202,3.190000057220459,3.1154205799102783,5419400
2022-08-29,3.180000066757202,3.25,3.140000104904175,3.240000009536743,3.1642515659332275,6763900
2022-08-30,3.240000009536743,3.289999961853028,3.220000028610229,3.289999961853028,3.2130825519561768,6930960
2022-08-31,3.2799999713897705,3.299999952316284,3.2100000381469727,3.2100000381469727,3.134953022003174,6094501
2022-09-01,3.2300000190734863,3.380000114440918,3.200000047683716,3.309999942779541,3.2326149940490723,19575934
2022-09-02,3.289999961853028,3.3499999046325684,3.2699999809265137,3.3299999237060547,3.252147436141968,10344979
2022-09-05,3.3399999141693115,3.470000028610229,3.3299999237060547,3.450000047683716,3.369342088699341,14936603
2022-09-06,3.4600000381469727,3.569999933242798,3.450000047683716,3.539999961853028,3.457237720489502,15034769
2022-09-07,3.539999961853028,3.5799999237060547,3.470000028610229,3.569999933242798,3.486536264419556,13752822
2022-09-08,3.5999999046325684,3.619999885559082,3.509999990463257,3.549999952316284,3.4670040607452397,9303900
2022-09-09,3.569999933242798,3.630000114440918,3.5199999809265137,3.5999999046325684,3.5158350467681885,10594782
2022-09-13,3.640000104904175,3.650000095367432,3.4800000190734863,3.5,3.41817307472229,13185340
2022-09-14,3.490000009536743,3.640000104904175,3.440000057220459,3.509999990463257,3.427939176559448,16102626
2022-09-15,3.569999933242798,3.660000085830689,3.4600000381469727,3.549999952316284,3.4670040607452397,14919621
2022-09-16,3.549999952316284,3.5999999046325684,3.430000066757202,3.440000057220459,3.3595757484436035,13725680
2022-09-19,3.4200000762939453,3.470000028610229,3.3499999046325684,3.4200000762939453,3.340043306350708,11316999
2022-09-20,3.4200000762939453,3.5299999713897705,3.390000104904175,3.390000104904175,3.3107447624206543,10660400
2022-09-21,3.400000095367432,3.509999990463257,3.299999952316284,3.4800000190734863,3.3986406326293945,11841200
2022-09-22,3.470000028610229,3.569999933242798,3.4200000762939453,3.430000066757202,3.3498096466064453,10656699
2022-09-23,3.490000009536743,3.5199999809265137,3.400000095367432,3.4200000762939453,3.340043306350708,12443901
2022-09-26,3.400000095367432,3.490000009536743,3.319999933242798,3.3399999141693115,3.261913537979126,12668400
2022-09-27,3.3399999141693115,3.390000104904175,3.220000028610229,3.3499999046325684,3.2716798782348637,10324100
2022-09-28,3.359999895095825,3.359999895095825,3.2100000381469727,3.240000009536743,3.1642515659332275,8140120
2022-09-29,3.2300000190734863,3.3499999046325684,3.0899999141693115,3.119999885559082,3.0470569133758545,11129920
2022-09-30,3.130000114440918,3.299999952316284,3.130000114440918,3.2100000381469727,3.134953022003174,12798263
2022-10-10,3.200000047683716,3.3499999046325684,3.150000095367432,3.150000095367432,3.0763556957244877,10910362
2022-10-11,3.1700000762939453,3.180000066757202,3.059999942779541,3.0999999046325684,3.027524471282959,8670500
2022-10-12,3.109999895095825,3.1700000762939453,3.039999961853028,3.1700000762939453,3.095888137817383,8776400
2022-10-13,3.1600000858306885,3.1600000858306885,3.059999942779541,3.0899999141693115,3.017758369445801,9539274
2022-10-14,3.0899999141693115,3.220000028610229,3.0899999141693115,3.150000095367432,3.0763556957244877,12488846
2022-10-17,3.1700000762939453,3.2100000381469727,3.059999942779541,3.1700000762939453,3.095888137817383,10577080
2022-10-18,3.180000066757202,3.25,3.130000114440918,3.1600000858306885,3.0861220359802246,8806600
2022-10-19,3.1700000762939453,3.190000057220459,3.0899999141693115,3.0999999046325684,3.027524471282959,6806774
2022-10-20,3.0899999141693115,3.119999885559082,3.049999952316284,3.069999933242798,2.9982259273529053,7527900
2022-10-21,3.0999999046325684,3.140000104904175,3.039999961853028,3.049999952316284,2.9786934852600098,7929500
2022-10-24,3.059999942779541,3.0799999237060547,2.940000057220459,2.970000028610229,2.900563955307007,11229000
2022-10-25,2.930000066757202,2.990000009536743,2.900000095367432,2.950000047683716,2.8810315132141118,7612700
2022-10-26,2.940000057220459,2.990000009536743,2.890000104904175,2.9200000762939453,2.8517329692840576,10931259
2022-10-27,2.9100000858306885,2.9800000190734863,2.900000095367432,2.950000047683716,2.8810315132141118,8003312
2022-10-28,3.009999990463257,3.069999933242798,2.9200000762939453,2.950000047683716,2.8810315132141118,18026476
2022-10-31,2.8399999141693115,2.9800000190734863,2.8399999141693115,2.950000047683716,2.8810315132141118,14957759
2022-11-01,2.950000047683716,3.009999990463257,2.940000057220459,3.0,2.9298624992370605,9196182
2022-11-02,2.9800000190734863,3.049999952316284,2.970000028610229,3.0299999713897705,2.9591610431671143,7836910
2022-11-03,3.009999990463257,3.059999942779541,2.990000009536743,3.009999990463257,2.939628839492798,6433300
2022-11-04,3.0,3.069999933242798,3.0,3.049999952316284,2.9786934852600098,7164200
2022-11-07,3.0299999713897705,3.119999885559082,3.0199999809265137,3.109999895095825,3.0372908115386963,8228240
2022-11-08,3.0999999046325684,3.1600000858306885,3.0899999141693115,3.130000114440918,3.056823492050171,8106900
2022-11-09,3.1600000858306885,3.220000028610229,3.140000104904175,3.1700000762939453,3.095888137817383,8383700
2022-11-10,3.1700000762939453,3.2300000190734863,3.0899999141693115,3.200000047683716,3.1251866817474365,9693940
2022-11-11,3.25,3.5199999809265137,3.2300000190734863,3.5199999809265137,3.4377052783966064,36393201
2022-11-14,3.869999885559082,3.869999885559082,3.7799999713897705,3.869999885559082,3.779522657394409,33010780
2022-11-15,3.990000009536743,4.260000228881836,3.890000104904175,4.260000228881836,4.160405158996582,111788002
2022-11-16,4.150000095367432,4.170000076293945,3.829999923706055,3.829999923706055,3.740457773208618,102412241
2022-11-17,3.7200000286102295,4.150000095367432,3.700000047683716,3.9700000286102295,3.877184867858887,113096759
2022-11-18,4.0,4.139999866485596,3.829999923706055,4.039999961853027,3.945548295974731,88965482
2022-11-21,3.900000095367432,3.9800000190734863,3.75,3.940000057220459,3.847886323928833,61958961
2022-11-22,3.9800000190734863,4.070000171661377,3.7300000190734863,3.799999952316284,3.711159229278565,59342550
2022-11-23,3.759999990463257,3.829999923706055,3.549999952316284,3.690000057220459,3.6037309169769287,39990999
2022-11-24,3.759999990463257,3.920000076293945,3.7200000286102295,3.799999952316284,3.711159229278565,48140245
2022-11-25,3.819999933242798,4.039999961853027,3.819999933242798,3.890000104904175,3.799055337905884,48137453
2022-11-28,3.7799999713897705,3.9800000190734863,3.740000009536743,3.940000057220459,3.847886323928833,47014590
2022-11-29,4.150000095367432,4.329999923706055,3.9600000381469727,4.150000095367432,4.052976608276367,94124532
2022-11-30,4.079999923706055,4.389999866485596,3.990000009536743,4.139999866485596,4.043210029602051,88058118
2022-12-01,4.03000020980835,4.139999866485596,3.9800000190734863,4.019999980926514,3.926015853881836,51939382
2022-12-02,4.110000133514404,4.28000020980835,4.059999942779541,4.059999942779541,3.965080499649048,82691299
2022-12-05,4.019999980926514,4.110000133514404,3.910000085830689,3.940000057220459,3.847886323928833,54571893
2022-12-06,3.940000057220459,3.990000009536743,3.849999904632568,3.890000104904175,3.799055337905884,31560500
2022-12-07,3.859999895095825,3.900000095367432,3.7899999618530273,3.839999914169312,3.750223875045776,21879000
2022-12-08,3.829999923706055,3.900000095367432,3.7699999809265137,3.859999895095825,3.769756317138672,22224400
2022-12-09,3.880000114440918,4.03000020980835,3.849999904632568,3.940000057220459,3.847886323928833,31365474
2022-12-12,3.869999885559082,3.950000047683716,3.819999933242798,3.849999904632568,3.7599902153015137,19405055
2022-12-13,3.849999904632568,3.950000047683716,3.819999933242798,3.920000076293945,3.8283538818359375,17035000
2022-12-14,3.930000066757202,3.950000047683716,3.819999933242798,3.829999923706055,3.740457773208618,14663276
2022-12-15,3.859999895095825,3.920000076293945,3.7699999809265137,3.900000095367432,3.808821439743042,19614420
2022-12-16,3.900000095367432,3.990000009536743,3.849999904632568,3.900000095367432,3.808821439743042,19376500
2022-12-19,3.920000076293945,4.079999923706055,3.859999895095825,3.910000085830689,3.8185875415802,23564667
2022-12-20,3.799999952316284,3.869999885559082,3.5199999809265137,3.819999933242798,3.73069167137146,22160488
2022-12-21,3.819999933242798,3.890000104904175,3.7899999618530273,3.809999942779541,3.720925331115722,13974296
2022-12-22,3.859999895095825,3.930000066757202,3.740000009536743,3.75,3.6623282432556152,13067300
2022-12-23,3.7200000286102295,3.839999914169312,3.680000066757202,3.7699999809265137,3.681860685348511,11765180
2022-12-26,3.740000009536743,3.7699999809265137,3.660000085830689,3.680000066757202,3.5939648151397705,11805340
2022-12-27,3.680000066757202,3.7899999618530273,3.650000095367432,3.7300000190734863,3.64279580116272,13130800
2022-12-28,3.7300000190734863,3.799999952316284,3.670000076293945,3.759999990463257,3.672094345092773,10288522
2022-12-29,3.759999990463257,3.7799999713897705,3.5999999046325684,3.609999895095825,3.5256011486053467,11884160
2022-12-30,3.640000104904175,3.7100000381469727,3.609999895095825,3.690000057220459,3.6037309169769287,10632440
2023-01-03,3.680000066757202,3.740000009536743,3.630000114440918,3.690000057220459,3.6037309169769287,11193660
2023-01-04,3.700000047683716,3.890000104904175,3.680000066757202,3.869999885559082,3.779522657394409,15828622
2023-01-05,3.890000104904175,3.910000085830689,3.7300000190734863,3.7699999809265137,3.681860685348511,14486833
2023-01-06,3.799999952316284,3.839999914169312,3.630000114440918,3.660000085830689,3.574432373046875,13646489
2023-01-09,3.660000085830689,3.7100000381469727,3.5999999046325684,3.619999885559082,3.535367488861084,10683200
2023-01-10,3.619999885559082,3.630000114440918,3.549999952316284,3.559999942779541,3.476770162582397,12452200
2023-01-11,3.5799999237060547,3.609999895095825,3.5199999809265137,3.539999961853028,3.457237720489502,8311001
2023-01-12,3.559999942779541,3.5799999237060547,3.470000028610229,3.4800000190734863,3.3986406326293945,10345222
2023-01-13,3.5,3.559999942779541,3.490000009536743,3.539999961853028,3.457237720489502,10210684
2023-01-16,3.5299999713897705,3.650000095367432,3.5,3.630000114440918,3.5451338291168213,15201627
2023-01-17,3.619999885559082,3.630000114440918,3.549999952316284,3.569999933242798,3.486536264419556,7606700
2023-01-18,3.5799999237060547,3.619999885559082,3.569999933242798,3.5799999237060547,3.496302604675293,7554449
2023-01-19,3.569999933242798,3.650000095367432,3.5199999809265137,3.609999895095825,3.5256011486053467,7587763
2023-01-20,3.609999895095825,3.660000085830689,3.5899999141693115,3.650000095367432,3.564666271209717,6731620
2023-01-30,3.670000076293945,3.809999942779541,3.650000095367432,3.7899999618530273,3.701392889022827,16839550
2023-01-31,3.7699999809265137,3.849999904632568,3.700000047683716,3.849999904632568,3.7599902153015137,13266049
2023-02-01,3.859999895095825,3.859999895095825,3.759999990463257,3.819999933242798,3.73069167137146,11615562
2023-02-02,3.799999952316284,3.849999904632568,3.75,3.829999923706055,3.740457773208618,9343000
2023-02-03,3.809999942779541,3.819999933242798,3.7300000190734863,3.7699999809265137,3.681860685348511,7857008
2023-02-06,3.759999990463257,3.799999952316284,3.7300000190734863,3.759999990463257,3.672094345092773,5866020
2023-02-07,3.759999990463257,4.03000020980835,3.740000009536743,3.990000009536743,3.8967173099517822,22951083
2023-02-08,4.0,4.079999923706055,3.920000076293945,3.940000057220459,3.847886323928833,15585294
2023-02-09,3.940000057220459,3.950000047683716,3.839999914169312,3.880000114440918,3.7892889976501465,11831000
2023-02-10,3.880000114440918,3.900000095367432,3.839999914169312,3.869999885559082,3.779522657394409,9430360
2023-02-13,3.880000114440918,3.920000076293945,3.809999942779541,3.910000085830689,3.8185875415802,11218500
2023-02-14,3.910000085830689,3.9800000190734863,3.890000104904175,3.890000104904175,3.799055337905884,8685780
2023-02-15,3.900000095367432,3.920000076293945,3.829999923706055,3.849999904632568,3.7599902153015137,8536400
2023-02-16,3.849999904632568,3.9600000381469727,3.7799999713897705,3.819999933242798,3.73069167137146,12567400
2023-02-17,3.819999933242798,3.880000114440918,3.809999942779541,3.819999933242798,3.73069167137146,7645701
2023-02-20,3.839999914169312,3.839999914169312,3.759999990463257,3.819999933242798,3.73069167137146,7104093
2023-02-21,3.869999885559082,4.070000171661377,3.859999895095825,4.0,3.906483411788941,21041900
2023-02-22,3.990000009536743,4.199999809265137,3.910000085830689,4.139999866485596,4.043210029602051,24269642
2023-02-23,4.130000114440918,4.190000057220459,4.090000152587891,4.130000114440918,4.033444404602051,17259955
2023-02-24,4.110000133514404,4.150000095367432,4.010000228881836,4.059999942779541,3.965080499649048,10843000
2023-02-27,4.079999923706055,4.090000152587891,3.990000009536743,4.010000228881836,3.9162497520446777,10224380
2023-02-28,3.990000009536743,4.079999923706055,3.9800000190734863,4.070000171661377,3.974847078323364,9374500
2023-03-01,4.070000171661377,4.090000152587891,4.039999961853027,4.059999942779541,3.965080499649048,8120000
2023-03-02,4.050000190734863,4.070000171661377,4.0,4.019999980926514,3.926015853881836,7883100
2023-03-03,4.03000020980835,4.03000020980835,3.9700000286102295,4.0,3.906483411788941,6700340
2023-03-06,4.0,4.0,3.920000076293945,3.940000057220459,3.847886323928833,9840132
2023-03-07,3.950000047683716,3.9800000190734863,3.880000114440918,3.890000104904175,3.799055337905884,7944871
2023-03-08,3.880000114440918,3.910000085830689,3.859999895095825,3.890000104904175,3.799055337905884,5211200
2023-03-09,3.900000095367432,3.920000076293945,3.819999933242798,3.900000095367432,3.808821439743042,8790900
2023-03-10,3.880000114440918,3.910000085830689,3.829999923706055,3.859999895095825,3.769756317138672,10181040
2023-03-13,4.079999923706055,4.25,4.039999961853027,4.25,4.150638580322266,55212516
2023-03-14,4.25,4.349999904632568,4.039999961853027,4.079999923706055,3.984612941741944,42914002
2023-03-15,4.130000114440918,4.269999980926514,4.099999904632568,4.210000038146973,4.111573696136475,31084972
2023-03-16,4.190000057220459,4.21999979019165,4.110000133514404,4.130000114440918,4.033444404602051,20058399
2023-03-17,4.159999847412109,4.190000057220459,4.110000133514404,4.139999866485596,4.043210029602051,14754480
2023-03-20,4.170000076293945,4.25,4.090000152587891,4.110000133514404,4.013911724090576,17004181
2023-03-21,4.099999904632568,4.150000095367432,4.059999942779541,4.099999904632568,4.004145622253418,13240460
2023-03-22,4.119999885559082,4.25,4.070000171661377,4.21999979019165,4.121339797973633,21347576
2023-03-23,4.210000038146973,4.230000019073486,4.03000020980835,4.070000171661377,3.974847078323364,20908660
2023-03-24,4.079999923706055,4.079999923706055,3.920000076293945,4.070000171661377,3.974847078323364,20480273
2023-03-27,4.079999923706055,4.079999923706055,3.869999885559082,3.900000095367432,3.808821439743042,18597440
2023-03-28,3.910000085830689,3.9700000286102295,3.759999990463257,3.7799999713897705,3.691626787185669,17047188
2023-03-29,3.7799999713897705,3.819999933242798,3.7300000190734863,3.75,3.6623282432556152,13869856
2023-03-30,3.7699999809265137,3.7699999809265137,3.630000114440918,3.680000066757202,3.5939648151397705,12699049
2023-03-31,3.660000085830689,3.740000009536743,3.640000104904175,3.7100000381469727,3.623263359069824,9957100
2023-04-03,3.7200000286102295,3.819999933242798,3.670000076293945,3.799999952316284,3.711159229278565,16610148
2023-04-04,3.809999942779541,3.839999914169312,3.75,3.759999990463257,3.672094345092773,15020940
2023-04-06,3.75,3.7799999713897705,3.680000066757202,3.700000047683716,3.613497257232666,9993656
2023-04-07,3.700000047683716,3.859999895095825,3.700000047683716,3.839999914169312,3.750223875045776,14150212
2023-04-10,3.809999942779541,3.829999923706055,3.7699999809265137,3.7799999713897705,3.691626787185669,9985660
2023-04-11,3.829999923706055,4.159999847412109,3.7799999713897705,4.159999847412109,4.062742710113525,24898860
2023-04-12,4.21999979019165,4.369999885559082,4.130000114440918,4.320000171661377,4.2190022468566895,53865819
2023-04-13,4.25,4.53000020980835,4.25,4.400000095367432,4.297132015228272,47620323
2023-04-14,4.420000076293945,4.579999923706055,4.400000095367432,4.539999961853027,4.433858871459961,35871244
2023-04-17,4.550000190734863,4.559999942779541,4.329999923706055,4.360000133514404,4.2580671310424805,29688418
2023-04-18,4.380000114440918,4.519999980926514,4.369999885559082,4.449999809265137,4.345962524414063,27428708
2023-04-19,4.409999847412109,4.440000057220459,4.300000190734863,4.329999923706055,4.228768348693848,19809704
2023-04-20,4.300000190734863,4.360000133514404,4.239999771118164,4.289999961853027,4.189703464508057,17747508
2023-04-21,4.349999904632568,4.400000095367432,4.210000038146973,4.230000019073486,4.131106376647949,15694638
2023-04-24,4.21999979019165,4.320000171661377,4.099999904632568,4.230000019073486,4.131106376647949,15216243
2023-04-25,4.199999809265137,4.269999980926514,4.099999904632568,4.179999828338623,4.082274913787842,12847800
2023-04-26,4.099999904632568,4.21999979019165,4.070000171661377,4.150000095367432,4.052976608276367,12557850
2023-04-27,4.110000133514404,4.119999885559082,4.010000228881836,4.079999923706055,3.984612941741944,10215120
2023-04-28,4.079999923706055,4.150000095367432,3.880000114440918,3.900000095367432,3.808821439743042,25478600
2023-05-04,3.900000095367432,3.900000095367432,3.7799999713897705,3.849999904632568,3.7599902153015137,21056140
2023-05-05,3.849999904632568,3.9800000190734863,3.7899999618530273,3.950000047683716,3.857652425765991,38181529
2023-05-08,3.9800000190734863,3.9800000190734863,3.829999923706055,3.950000047683716,3.857652425765991,26841147
2023-05-09,3.940000057220459,4.050000190734863,3.900000095367432,3.940000057220459,3.847886323928833,27158500
2023-05-10,3.900000095367432,3.990000009536743,3.849999904632568,3.880000114440918,3.7892889976501465,15322400
2023-05-11,3.869999885559082,4.0,3.859999895095825,3.950000047683716,3.857652425765991,14851601
2023-05-12,3.940000057220459,4.099999904632568,3.930000066757202,3.9800000190734863,3.886950969696045,19953100
2023-05-15,3.9800000190734863,4.0,3.819999933242798,3.9800000190734863,3.886950969696045,16099601
2023-05-16,3.9800000190734863,3.9800000190734863,3.819999933242798,3.819999933242798,3.73069167137146,15496167
2023-05-17,3.809999942779541,3.869999885559082,3.799999952316284,3.849999904632568,3.7599902153015137,10936772
2023-05-18,3.839999914169312,3.900000095367432,3.839999914169312,3.859999895095825,3.769756317138672,9892920
2023-05-19,3.859999895095825,3.859999895095825,3.740000009536743,3.7899999618530273,3.701392889022827,12836240
2023-05-22,3.7799999713897705,3.7799999713897705,3.670000076293945,3.700000047683716,3.613497257232666,11442001
2023-05-23,3.700000047683716,3.7100000381469727,3.630000114440918,3.640000104904175,3.5548999309539795,10353757
2023-05-24,3.640000104904175,3.640000104904175,3.539999961853028,3.539999961853028,3.457237720489502,10843331
2023-05-25,3.5199999809265137,3.569999933242798,3.5,3.549999952316284,3.4670040607452397,10022100
2023-05-26,3.5299999713897705,3.5799999237060547,3.4600000381469727,3.539999961853028,3.457237720489502,10171600
2023-05-29,3.509999990463257,3.5299999713897705,3.430000066757202,3.4600000381469727,3.379108190536499,9638202
2023-05-30,3.4600000381469727,3.5199999809265137,3.4100000858306885,3.5199999809265137,3.4377052783966064,8734990
2023-05-31,3.5199999809265137,3.559999942779541,3.4800000190734863,3.490000009536743,3.4084067344665527,9094000
2023-06-01,3.5,3.5899999141693115,3.470000028610229,3.539999961853028,3.457237720489502,13557200
2023-06-02,3.549999952316284,3.7100000381469727,3.509999990463257,3.700000047683716,3.613497257232666,17799316
2023-06-05,3.700000047683716,3.740000009536743,3.650000095367432,3.7200000286102295,3.6330296993255615,12631320
2023-06-06,3.7200000286102295,3.849999904632568,3.7100000381469727,3.7799999713897705,3.691626787185669,18192818
2023-06-07,3.7899999618530273,4.070000171661377,3.7899999618530273,4.010000228881836,3.9162497520446777,36054741
2023-06-08,3.9700000286102295,4.119999885559082,3.950000047683716,4.099999904632568,4.004145622253418,29449920
2023-06-09,4.079999923706055,4.150000095367432,4.050000190734863,4.110000133514404,4.013911724090576,22118300
2023-06-12,4.090000152587891,4.300000190734863,4.050000190734863,4.28000020980835,4.179937362670898,23364764
2023-06-13,4.300000190734863,4.400000095367432,4.239999771118164,4.300000190734863,4.199470043182373,22344420
2023-06-14,4.309999942779541,4.320000171661377,4.139999866485596,4.150000095367432,4.052976608276367,19733009
2023-06-15,4.190000057220459,4.210000038146973,4.090000152587891,4.110000133514404,4.013911724090576,12142472
2023-06-16,4.119999885559082,4.190000057220459,4.050000190734863,4.090000152587891,3.99437952041626,12701300
2023-06-19,4.059999942779541,4.099999904632568,3.950000047683716,3.9700000286102295,3.877184867858887,10861060
2023-06-20,3.9600000381469727,4.010000228881836,3.799999952316284,3.809999942779541,3.720925331115722,11730900
2023-06-21,3.849999904632568,3.890000104904175,3.7100000381469727,3.7300000190734863,3.64279580116272,11348000
2023-06-26,3.7300000190734863,3.7300000190734863,3.549999952316284,3.569999933242798,3.486536264419556,10391000
2023-06-27,3.5899999141693115,3.930000066757202,3.559999942779541,3.930000066757202,3.838119983673096,21914892
2023-06-28,4.099999904632568,4.199999809265137,3.9800000190734863,4.119999885559082,4.023677825927734,54058574
2023-06-29,4.119999885559082,4.150000095367432,4.0,4.090000152587891,3.99437952041626,28604943
2023-06-30,4.090000152587891,4.210000038146973,4.039999961853027,4.050000190734863,3.9553146362304688,17462145
2023-07-03,4.0,4.110000133514404,3.990000009536743,4.050000190734863,3.9553146362304688,14817002
2023-07-04,4.039999961853027,4.070000171661377,3.880000114440918,3.910000085830689,3.8185875415802,19842640
2023-07-05,3.910000085830689,3.990000009536743,3.859999895095825,3.890000104904175,3.799055337905884,17898096
2023-07-06,3.880000114440918,3.990000009536743,3.829999923706055,3.9600000381469727,3.867418527603149,15437900
2023-07-07,3.9600000381469727,4.320000171661377,3.930000066757202,4.059999942779541,3.965080499649048,34970732
2023-07-10,4.059999942779541,4.139999866485596,4.010000228881836,4.050000190734863,3.9553146362304688,20282543
2023-07-11,4.070000171661377,4.150000095367432,3.920000076293945,3.940000057220459,3.847886323928833,17304740
2023-07-12,3.950000047683716,3.9700000286102295,3.7699999809265137,3.799999952316284,3.711159229278565,15181708
2023-07-13,3.799999952316284,3.920000076293945,3.759999990463257,3.890000104904175,3.799055337905884,13889800
2023-07-14,3.869999885559082,3.940000057220459,3.829999923706055,3.880000114440918,3.7892889976501465,10480400
2023-07-17,3.869999885559082,3.869999885559082,3.759999990463257,3.7899999618530273,3.701392889022827,10977600
2023-07-18,3.799999952316284,3.829999923706055,3.7100000381469727,3.7899999618530273,3.701392889022827,9642200
2023-07-19,3.7799999713897705,3.920000076293945,3.7699999809265137,3.900000095367432,3.808821439743042,14380820
2023-07-20,3.920000076293945,4.059999942779541,3.890000104904175,3.990000009536743,3.8967173099517822,18518480
2023-07-21,3.9700000286102295,4.139999866485596,3.950000047683716,4.139999866485596,4.043210029602051,23590116
2023-07-24,4.199999809265137,4.28000020980835,4.010000228881836,4.159999847412109,4.062742710113525,28886148
2023-07-25,4.190000057220459,4.369999885559082,4.179999828338623,4.360000133514404,4.2580671310424805,28570280
2023-07-26,4.369999885559082,4.53000020980835,4.340000152587891,4.460000038146973,4.355729103088379,33820809
2023-07-27,4.369999885559082,4.909999847412109,4.210000038146973,4.909999847412109,4.79520845413208,48113672
2023-07-28,4.989999771118164,5.059999942779541,4.690000057220459,4.789999961853027,4.678013801574707,97047708
2023-07-31,4.739999771118164,5.0,4.659999847412109,4.849999904632568,4.736610889434815,78993724
2023-08-01,4.769999980926514,4.949999809265137,4.699999809265137,4.889999866485596,4.7756757736206055,56674379
2023-08-02,4.860000133514404,5.380000114440918,4.829999923706055,5.090000152587891,4.9710001945495605,94252660
2023-08-03,5.190000057220459,5.25,4.909999847412109,5.090000152587891,4.9710001945495605,66520171
2023-08-04,5.019999980926514,5.079999923706055,4.849999904632568,4.880000114440918,4.880000114440918,41611866
2023-08-07,4.809999942779541,4.809999942779541,4.610000133514404,4.659999847412109,4.659999847412109,36348885
2023-08-08,4.659999847412109,4.71999979019165,4.519999980926514,4.579999923706055,4.579999923706055,18155300
2023-08-09,4.559999942779541,4.630000114440918,4.489999771118164,4.519999980926514,4.519999980926514,13928994
2023-08-10,4.510000228881836,4.610000133514404,4.510000228881836,4.539999961853027,4.539999961853027,14025800
2023-08-11,4.550000190734863,4.679999828338623,4.5,4.550000190734863,4.550000190734863,16371654
2023-08-14,4.400000095367432,4.559999942779541,4.349999904632568,4.5,4.5,16944100
2023-08-15,4.46999979019165,4.519999980926514,4.360000133514404,4.409999847412109,4.409999847412109,13612400
2023-08-16,4.420000076293945,4.650000095367432,4.349999904632568,4.559999942779541,4.559999942779541,30512765
2023-08-17,4.539999961853027,4.559999942779541,4.449999809265137,4.519999980926514,4.519999980926514,13970958
2023-08-18,4.539999961853027,4.610000133514404,4.409999847412109,4.420000076293945,4.420000076293945,14625501
2023-08-21,4.389999866485596,4.449999809265137,4.320000171661377,4.340000152587891,4.340000152587891,11247100
2023-08-22,4.329999923706055,4.400000095367432,4.269999980926514,4.329999923706055,4.329999923706055,9072920
2023-08-23,4.340000152587891,4.349999904632568,4.25,4.269999980926514,4.269999980926514,8291400
2023-08-24,4.289999961853027,4.320000171661377,4.159999847412109,4.230000019073486,4.230000019073486,9344300
2023-08-25,4.260000228881836,4.369999885559082,4.210000038146973,4.300000190734863,4.300000190734863,18407163
2023-08-28,4.619999885559082,4.670000076293945,4.349999904632568,4.510000228881836,4.510000228881836,33860055
2023-08-29,4.5,4.860000133514404,4.440000057220459,4.860000133514404,4.860000133514404,37297250
2023-08-30,4.75,4.840000152587891,4.650000095367432,4.710000038146973,4.710000038146973,19805094
2023-08-31,4.670000076293945,4.699999809265137,4.320000171661377,4.329999923706055,4.329999923706055,22821888
2023-09-01,4.409999847412109,4.480000019073486,4.199999809265137,4.239999771118164,4.239999771118164,19499088
2023-09-04,4.25,4.400000095367432,4.170000076293945,4.190000057220459,4.190000057220459,21288300
2023-09-05,4.179999828338623,4.179999828338623,4.0,4.03000020980835,4.03000020980835,16316400
2023-09-06,3.990000009536743,4.130000114440918,3.9600000381469727,4.110000133514404,4.110000133514404,13057880
2023-09-07,4.110000133514404,4.170000076293945,4.050000190734863,4.059999942779541,4.059999942779541,12489500
2023-09-08,4.070000171661377,4.070000171661377,3.9700000286102295,4.019999980926514,4.019999980926514,10515860
2023-09-11,3.990000009536743,4.039999961853027,3.9700000286102295,4.019999980926514,4.019999980926514,10557600
2023-09-12,4.03000020980835,4.190000057220459,3.9800000190734863,4.110000133514404,4.110000133514404,17837776
2023-09-13,4.099999904632568,4.150000095367432,4.03000020980835,4.070000171661377,4.070000171661377,10588201
2023-09-14,4.059999942779541,4.179999828338623,4.050000190734863,4.079999923706055,4.079999923706055,13139060
2023-09-15,4.070000171661377,4.130000114440918,4.03000020980835,4.079999923706055,4.079999923706055,9657916
2023-09-18,4.110000133514404,4.110000133514404,3.9800000190734863,4.050000190734863,4.050000190734863,12443096
2023-09-19,4.039999961853027,4.090000152587891,4.019999980926514,4.039999961853027,4.039999961853027,6557159
2023-09-20,4.050000190734863,4.190000057220459,4.03000020980835,4.090000152587891,4.090000152587891,13717598
2023-09-21,4.079999923706055,4.170000076293945,4.019999980926514,4.039999961853027,4.039999961853027,11341280
2023-09-22,4.039999961853027,4.059999942779541,4.0,4.059999942779541,4.059999942779541,10004572
2023-09-25,4.059999942779541,4.059999942779541,3.890000104904175,3.930000066757202,3.930000066757202,12272600
2023-09-26,3.940000057220459,3.9800000190734863,3.920000076293945,3.920000076293945,3.920000076293945,8623818
2023-09-27,3.930000066757202,4.010000228881836,3.930000066757202,3.9800000190734863,3.9800000190734863,9479000
2023-09-28,3.9700000286102295,4.019999980926514,3.900000095367432,3.930000066757202,3.930000066757202,10296300
2023-10-09,3.9800000190734863,3.9800000190734863,3.7699999809265137,3.799999952316284,3.799999952316284,13117481
2023-10-10,3.799999952316284,3.849999904632568,3.7300000190734863,3.809999942779541,3.809999942779541,10385030
2023-10-11,3.809999942779541,3.849999904632568,3.7699999809265137,3.809999942779541,3.809999942779541,6249900
2023-10-12,3.799999952316284,3.849999904632568,3.7799999713897705,3.839999914169312,3.839999914169312,6293420
2023-10-13,3.819999933242798,3.880000114440918,3.799999952316284,3.809999942779541,3.809999942779541,6678320
2023-10-16,3.829999923706055,3.869999885559082,3.75,3.7799999713897705,3.7799999713897705,7145760
2023-10-17,3.7799999713897705,3.849999904632568,3.75,3.819999933242798,3.819999933242798,8337500
2023-10-18,3.799999952316284,3.809999942779541,3.7100000381469727,3.7300000190734863,3.7300000190734863,6606756
2023-10-19,3.75,3.819999933242798,3.690000057220459,3.7100000381469727,3.7100000381469727,6742405
2023-10-20,3.680000066757202,3.839999914169312,3.670000076293945,3.7799999713897705,3.7799999713897705,12397065
2023-10-23,3.809999942779541,3.809999942779541,3.650000095367432,3.690000057220459,3.690000057220459,10358678
2023-10-24,3.700000047683716,3.839999914169312,3.700000047683716,3.829999923706055,3.829999923706055,11824324
2023-10-25,3.839999914169312,3.910000085830689,3.829999923706055,3.859999895095825,3.859999895095825,10200660
2023-10-26,3.839999914169312,3.849999904632568,3.759999990463257,3.7899999618530273,3.7899999618530273,9027000
2023-10-27,3.7899999618530273,3.880000114440918,3.7899999618530273,3.859999895095825,3.859999895095825,7779813
2023-10-30,3.819999933242798,3.910000085830689,3.759999990463257,3.849999904632568,3.849999904632568,12320600
2023-10-31,3.849999904632568,3.900000095367432,3.759999990463257,3.859999895095825,3.859999895095825,11495696
2023-11-01,3.859999895095825,3.900000095367432,3.839999914169312,3.880000114440918,3.880000114440918,8818381
2023-11-02,3.869999885559082,3.920000076293945,3.819999933242798,3.890000104904175,3.890000104904175,8798780
2023-11-03,3.890000104904175,3.900000095367432,3.839999914169312,3.859999895095825,3.859999895095825,7443000
2023-11-06,3.880000114440918,3.950000047683716,3.859999895095825,3.950000047683716,3.950000047683716,8172961
2023-11-07,3.940000057220459,3.9600000381469727,3.900000095367432,3.930000066757202,3.930000066757202,4983800
2023-11-08,3.920000076293945,3.990000009536743,3.920000076293945,3.950000047683716,3.950000047683716,7212300
2023-11-09,3.9600000381469727,4.039999961853027,3.920000076293945,3.920000076293945,3.920000076293945,7670498
2023-11-10,3.930000066757202,3.930000066757202,3.819999933242798,3.869999885559082,3.869999885559082,7461460
2023-11-13,3.890000104904175,3.920000076293945,3.859999895095825,3.900000095367432,3.900000095367432,6526177
2023-11-14,3.900000095367432,3.9600000381469727,3.900000095367432,3.950000047683716,3.950000047683716,6540539
2023-11-15,3.9600000381469727,3.990000009536743,3.900000095367432,3.920000076293945,3.920000076293945,8051900
2023-11-16,3.910000085830689,3.940000057220459,3.880000114440918,3.920000076293945,3.920000076293945,6014800
2023-11-17,3.910000085830689,3.950000047683716,3.880000114440918,3.920000076293945,3.920000076293945,6644900
2023-11-20,3.930000066757202,3.9700000286102295,3.920000076293945,3.940000057220459,3.940000057220459,6394340
2023-11-21,3.950000047683716,4.070000171661377,3.950000047683716,4.019999980926514,4.019999980926514,12450520
2023-11-22,4.010000228881836,4.130000114440918,4.0,4.039999961853027,4.039999961853027,12664800
2023-11-23,4.050000190734863,4.150000095367432,3.9700000286102295,4.119999885559082,4.119999885559082,11317978
2023-11-24,4.130000114440918,4.170000076293945,4.070000171661377,4.099999904632568,4.099999904632568,10050900
2023-11-27,4.099999904632568,4.099999904632568,3.9700000286102295,4.019999980926514,4.019999980926514,13991900
2023-11-28,4.019999980926514,4.070000171661377,4.0,4.050000190734863,4.050000190734863,10254490
2023-11-29,4.039999961853027,4.039999961853027,3.950000047683716,3.9800000190734863,3.9800000190734863,8068496
2023-11-30,3.990000009536743,4.059999942779541,3.930000066757202,3.9600000381469727,3.9600000381469727,5914100
2023-12-01,3.9600000381469727,4.019999980926514,3.950000047683716,3.9800000190734863,3.9800000190734863,6470800
2023-12-04,4.0,4.03000020980835,3.9600000381469727,4.019999980926514,4.019999980926514,6086400
2023-12-05,4.0,4.010000228881836,3.950000047683716,3.950000047683716,3.950000047683716,6629480
2023-12-06,3.9600000381469727,4.059999942779541,3.930000066757202,4.03000020980835,4.03000020980835,7284295
2023-12-07,4.039999961853027,4.130000114440918,4.03000020980835,4.099999904632568,4.099999904632568,10129990
2023-12-08,4.090000152587891,4.099999904632568,4.019999980926514,4.019999980926514,4.019999980926514,14718130
2023-12-11,4.019999980926514,4.03000020980835,3.910000085830689,3.950000047683716,3.950000047683716,20955043
2023-12-12,3.950000047683716,4.070000171661377,3.920000076293945,4.059999942779541,4.059999942779541,11311900
2023-12-13,4.050000190734863,4.130000114440918,4.019999980926514,4.050000190734863,4.050000190734863,11638707
2023-12-14,4.059999942779541,4.099999904632568,4.039999961853027,4.070000171661377,4.070000171661377,7828096
2023-12-15,4.090000152587891,4.159999847412109,4.079999923706055,4.119999885559082,4.119999885559082,12945996
2023-12-18,4.090000152587891,4.150000095367432,4.039999961853027,4.070000171661377,4.070000171661377,13439500
2023-12-19,4.059999942779541,4.079999923706055,3.910000085830689,3.9700000286102295,3.9700000286102295,10997696
2023-12-20,3.9700000286102295,3.990000009536743,3.869999885559082,3.890000104904175,3.890000104904175,7976440
2023-12-21,3.900000095367432,3.9600000381469727,3.849999904632568,3.910000085830689,3.910000085830689,8920600
2023-12-22,3.910000085830689,3.920000076293945,3.839999914169312,3.849999904632568,3.849999904632568,6493000
2023-12-25,3.869999885559082,3.869999885559082,3.7100000381469727,3.7300000190734863,3.7300000190734863,9524400
2023-12-26,3.7300000190734863,3.75,3.680000066757202,3.690000057220459,3.690000057220459,7743496
2023-12-27,3.7200000286102295,3.75,3.660000085830689,3.7300000190734863,3.7300000190734863,6821196
2023-12-28,3.7300000190734863,3.7899999618530273,3.690000057220459,3.7799999713897705,3.7799999713897705,8072680
2023-12-29,3.7799999713897705,3.799999952316284,3.75,3.7799999713897705,3.7799999713897705,9318700
2024-01-02,3.7899999618530273,3.829999923706055,3.75,3.799999952316284,3.799999952316284,9326100
2024-01-03,3.7799999713897705,3.880000114440918,3.7799999713897705,3.829999923706055,3.829999923706055,5979200
2024-01-04,3.819999933242798,3.849999904632568,3.799999952316284,3.829999923706055,3.829999923706055,6424200
2024-01-05,3.839999914169312,3.920000076293945,3.819999933242798,3.839999914169312,3.839999914169312,7429600
2024-01-08,3.839999914169312,3.890000104904175,3.759999990463257,3.7699999809265137,3.7699999809265137,6323000
2024-01-09,3.7899999618530273,3.799999952316284,3.740000009536743,3.759999990463257,3.759999990463257,5539700
2024-01-10,3.7699999809265137,3.7899999618530273,3.7200000286102295,3.75,3.75,5192596
2024-01-11,3.759999990463257,3.759999990463257,3.660000085830689,3.690000057220459,3.690000057220459,12674800
2024-01-12,3.690000057220459,3.7699999809265137,3.670000076293945,3.700000047683716,3.700000047683716,9203500
2024-01-15,3.670000076293945,3.759999990463257,3.660000085830689,3.740000009536743,3.740000009536743,7780500
2024-01-16,3.740000009536743,3.7899999618530273,3.640000104904175,3.690000057220459,3.690000057220459,7471280
2024-01-17,3.680000066757202,3.680000066757202,3.5799999237060547,3.5899999141693115,3.5899999141693115,4711307
2024-01-18,3.569999933242798,3.5899999141693115,3.430000066757202,3.539999961853028,3.539999961853028,10032715
2024-01-19,3.549999952316284,3.609999895095825,3.509999990463257,3.539999961853028,3.539999961853028,6407115
2024-01-22,3.539999961853028,3.549999952316284,3.289999961853028,3.319999933242798,3.319999933242798,10615978
2024-01-23,3.309999942779541,3.3399999141693115,3.200000047683716,3.3299999237060547,3.3299999237060547,8992074
2024-01-24,3.3499999046325684,3.490000009536743,3.319999933242798,3.490000009536743,3.490000009536743,15300777
2024-01-25,3.490000009536743,3.690000057220459,3.4600000381469727,3.680000066757202,3.680000066757202,13313800
2024-01-26,3.690000057220459,3.890000104904175,3.680000066757202,3.849999904632568,3.849999904632568,17858632
2024-01-29,3.849999904632568,3.869999885559082,3.700000047683716,3.7200000286102295,3.7200000286102295,10396900
2024-01-30,3.539999961853028,3.660000085830689,3.4200000762939453,3.440000057220459,3.440000057220459,18681820
2024-01-31,3.3399999141693115,3.450000047683716,3.180000066757202,3.200000047683716,3.200000047683716,15675861
2024-02-01,3.190000057220459,3.2100000381469727,2.970000028610229,3.049999952316284,3.049999952316284,17802908
2024-02-02,3.0299999713897705,3.190000057220459,2.8399999141693115,2.930000066757202,2.930000066757202,15223160
2024-02-05,2.880000114440918,2.890000104904175,2.640000104904175,2.640000104904175,2.640000104904175,11072490
2024-02-06,2.470000028610229,2.490000009536743,2.380000114440918,2.380000114440918,2.380000114440918,25010400
2024-02-07,2.380000114440918,2.380000114440918,2.140000104904175,2.1600000858306885,2.1600000858306885,38840027
2024-02-08,2.140000104904175,2.3299999237060547,2.049999952316284,2.259999990463257,2.259999990463257,38906311
2024-02-19,2.309999942779541,2.440000057220459,2.309999942779541,2.4200000762939453,2.4200000762939453,34290769
2024-02-20,2.390000104904175,2.5,2.380000114440918,2.470000028610229,2.470000028610229,22357995
2024-02-21,2.450000047683716,2.6600000858306885,2.4200000762939453,2.5899999141693115,2.5899999141693115,18854847
2024-02-22,2.569999933242798,2.630000114440918,2.4800000190734863,2.619999885559082,2.619999885559082,12792000
2024-02-23,2.5999999046325684,2.759999990463257,2.5999999046325684,2.75,2.75,15755101
2024-02-26,2.75,2.930000066757202,2.700000047683716,2.8399999141693115,2.8399999141693115,21559700
2024-02-27,2.819999933242798,3.119999885559082,2.7799999713897705,2.9600000381469727,2.9600000381469727,35697422
2024-02-28,2.970000028610229,2.990000009536743,2.6600000858306885,2.6600000858306885,2.6600000858306885,35358149
2024-02-29,2.5799999237060547,2.7300000190734863,2.5199999809265137,2.7100000381469727,2.7100000381469727,22827157
2024-03-01,2.7100000381469727,2.7300000190734863,2.640000104904175,2.690000057220459,2.690000057220459,14410800
2024-03-04,2.690000057220459,2.7300000190734863,2.5999999046325684,2.640000104904175,2.640000104904175,13583700
2024-03-05,2.630000114440918,2.700000047683716,2.5899999141693115,2.5999999046325684,2.5999999046325684,12063200
2024-03-06,2.5999999046325684,2.6700000762939453,2.569999933242798,2.640000104904175,2.640000104904175,8478700
2024-03-07,2.650000095367432,2.720000028610229,2.640000104904175,2.6600000858306885,2.6600000858306885,11680700
2024-03-08,2.6600000858306885,2.690000057220459,2.619999885559082,2.690000057220459,2.690000057220459,10010800
2024-03-11,2.7799999713897705,2.9600000381469727,2.75,2.819999933242798,2.819999933242798,35967817
2024-03-12,2.759999990463257,2.9800000190734863,2.720000028610229,2.809999942779541,2.809999942779541,44058740
2024-03-13,2.819999933242798,2.869999885559082,2.75,2.7699999809265137,2.7699999809265137,25113121
2024-03-14,2.7799999713897705,2.789999961853028,2.720000028610229,2.7699999809265137,2.7699999809265137,17124408
2024-03-15,2.75,2.789999961853028,2.7300000190734863,2.7799999713897705,2.7799999713897705,15027380
2024-03-18,2.7799999713897705,2.799999952316284,2.75,2.789999961853028,2.789999961853028,15212200
2024-03-19,2.789999961853028,2.8399999141693115,2.7799999713897705,2.789999961853028,2.789999961853028,16426037
2024-03-20,2.7699999809265137,2.880000114440918,2.7699999809265137,2.859999895095825,2.859999895095825,15371748
2024-03-21,2.859999895095825,2.9200000762939453,2.8399999141693115,2.869999885559082,2.869999885559082,12384175
2024-03-22,2.880000114440918,2.880000114440918,2.759999990463257,2.809999942779541,2.809999942779541,17955682
2024-03-25,2.789999961853028,2.869999885559082,2.740000009536743,2.789999961853028,2.789999961853028,14035423
2024-03-26,2.789999961853028,2.880000114440918,2.759999990463257,2.869999885559082,2.869999885559082,15681142
2024-03-27,2.880000114440918,2.900000095367432,2.75,2.759999990463257,2.759999990463257,19053360
2024-03-28,2.740000009536743,2.8399999141693115,2.740000009536743,2.809999942779541,2.809999942779541,14129284
2024-03-29,2.789999961853028,2.809999942779541,2.740000009536743,2.7699999809265137,2.7699999809265137,5131300
2024-04-01,2.7699999809265137,2.819999933242798,2.759999990463257,2.819999933242798,2.819999933242798,9938060
2024-04-02,2.8299999237060547,2.880000114440918,2.799999952316284,2.8499999046325684,2.8499999046325684,12331056
2024-04-03,2.8399999141693115,2.859999895095825,2.809999942779541,2.8399999141693115,2.8399999141693115,8704800
2024-04-08,2.8499999046325684,2.8499999046325684,2.690000057220459,2.700000047683716,2.700000047683716,13855700
2024-04-09,2.690000057220459,2.799999952316284,2.690000057220459,2.789999961853028,2.789999961853028,11227721
2024-04-10,2.7799999713897705,2.7799999713897705,2.619999885559082,2.6600000858306885,2.6600000858306885,11212440
2024-04-11,2.640000104904175,2.720000028610229,2.619999885559082,2.680000066757202,2.680000066757202,7149700
2024-04-12,2.6600000858306885,2.700000047683716,2.5999999046325684,2.5999999046325684,2.5999999046325684,8112900
2024-04-15,2.5199999809265137,2.569999933242798,2.3399999141693115,2.400000095367432,2.400000095367432,20572364
2024-04-16,2.3499999046325684,2.359999895095825,2.1600000858306885,2.1700000762939453,2.1700000762939453,18853000
2024-04-17,2.200000047683716,2.369999885559082,2.200000047683716,2.369999885559082,2.369999885559082,15982180
2024-04-18,2.3499999046325684,2.359999895095825,2.259999990463257,2.2799999713897705,2.2799999713897705,12081036
2024-04-19,2.299999952316284,2.319999933242798,2.2300000190734863,2.240000009536743,2.240000009536743,9397745
2024-04-22,2.2799999713897705,2.299999952316284,2.190000057220459,2.220000028610229,2.220000028610229,9638134
2024-04-23,2.220000028610229,2.2799999713897705,2.220000028610229,2.25,2.25,7740396
2024-04-24,2.2699999809265137,2.309999942779541,2.240000009536743,2.289999961853028,2.289999961853028,8467106
2024-04-25,2.289999961853028,2.359999895095825,2.25,2.3399999141693115,2.3399999141693115,11587000
2024-04-26,2.319999933242798,2.4100000858306885,2.2799999713897705,2.390000104904175,2.390000104904175,12400429
2024-04-29,2.390000104904175,2.630000114440918,2.380000114440918,2.630000114440918,2.630000114440918,31388809
2024-04-30,2.5899999141693115,2.619999885559082,2.470000028610229,2.5199999809265137,2.5199999809265137,27719040
2024-05-06,2.5799999237060547,2.740000009536743,2.569999933242798,2.609999895095825,2.609999895095825,28171300
2024-05-07,2.619999885559082,2.6600000858306885,2.509999990463257,2.5999999046325684,2.5999999046325684,20501140
2024-05-08,2.569999933242798,2.5899999141693115,2.490000009536743,2.5,2.5,14291800
2024-05-09,2.5,2.619999885559082,2.490000009536743,2.569999933242798,2.569999933242798,15581900
2024-05-10,2.7699999809265137,2.8299999237060547,2.720000028610229,2.8299999237060547,2.8299999237060547,57780343
2024-05-13,2.8299999237060547,3.059999942779541,2.690000057220459,2.700000047683716,2.700000047683716,91493459
2024-05-14,2.690000057220459,2.789999961853028,2.609999895095825,2.6700000762939453,2.6700000762939453,57641408
2024-05-15,2.6600000858306885,2.940000057220459,2.6600000858306885,2.940000057220459,2.940000057220459,35277059
2024-05-16,3.109999895095825,3.2300000190734863,2.950000047683716,3.2300000190734863,3.2300000190734863,91524190
2024-05-17,3.4800000190734863,3.549999952316284,3.2100000381469727,3.549999952316284,3.549999952316284,137899369
2024-05-20,3.400000095367432,3.650000095367432,3.200000047683716,3.200000047683716,3.200000047683716,127719090
2024-05-21,3.039999961853028,3.25,3.039999961853028,3.150000095367432,3.150000095367432,78070495
2024-05-22,3.140000104904175,3.470000028610229,3.0799999237060547,3.319999933242798,3.319999933242798,114916912
2024-05-23,3.200000047683716,3.3499999046325684,3.0999999046325684,3.3299999237060547,3.3299999237060547,95785315
2024-05-24,3.2799999713897705,3.2799999713897705,3.0,3.059999942779541,3.059999942779541,58077197
2024-05-27,3.0199999809265137,3.059999942779541,2.859999895095825,3.0199999809265137,3.0199999809265137,39039579
2024-05-28,2.990000009536743,3.059999942779541,2.859999895095825,2.880000114440918,2.880000114440918,38262700
2024-05-29,2.8499999046325684,2.950000047683716,2.789999961853028,2.819999933242798,2.819999933242798,36954727
2024-05-30,2.7799999713897705,2.7799999713897705,2.6700000762939453,2.700000047683716,2.700000047683716,29288891
2024-05-31,2.700000047683716,2.720000028610229,2.619999885559082,2.6600000858306885,2.6600000858306885,23397400
2024-06-03,2.640000104904175,2.650000095367432,2.5299999713897705,2.5799999237060547,2.5799999237060547,27717320
2024-06-04,2.569999933242798,2.640000104904175,2.5,2.5899999141693115,2.5899999141693115,26300938
2024-06-05,2.569999933242798,2.569999933242798,2.4100000858306885,2.430000066757202,2.430000066757202,30360238
2024-06-06,2.440000057220459,2.4800000190734863,2.2799999713897705,2.319999933242798,2.319999933242798,29087838
2024-06-07,2.319999933242798,2.440000057220459,2.319999933242798,2.4200000762939453,2.4200000762939453,27725514
2024-06-11,2.400000095367432,2.4200000762939453,2.319999933242798,2.369999885559082,2.369999885559082,21540352
2024-06-12,2.359999895095825,2.430000066757202,2.319999933242798,2.4100000858306885,2.4100000858306885,16589739
2024-06-13,2.450000047683716,2.509999990463257,2.3499999046325684,2.369999885559082,2.369999885559082,21491720
2024-06-14,2.3499999046325684,2.4600000381469727,2.319999933242798,2.4100000858306885,2.4100000858306885,21190600
2024-06-17,2.390000104904175,2.390000104904175,2.299999952316284,2.3299999237060547,2.3299999237060547,17950902
2024-06-18,2.3399999141693115,2.359999895095825,2.309999942779541,2.3399999141693115,2.3399999141693115,13166800
2024-06-19,2.3399999141693115,2.369999885559082,2.319999933242798,2.3499999046325684,2.3499999046325684,13190360
2024-06-20,2.3399999141693115,2.3399999141693115,2.240000009536743,2.25,2.25,17021721
2024-06-21,2.2699999809265137,2.309999942779541,2.240000009536743,2.259999990463257,2.259999990463257,12163000
2024-06-24,2.200000047683716,2.2300000190734863,2.150000095367432,2.1600000858306885,2.1600000858306885,17748815
2024-06-25,2.1600000858306885,2.259999990463257,2.140000104904175,2.2300000190734863,2.2300000190734863,17080263
2024-06-26,2.200000047683716,2.289999961853028,2.180000066757202,2.2799999713897705,2.2799999713897705,13206900
2024-06-27,2.2699999809265137,2.319999933242798,2.25,2.259999990463257,2.259999990463257,14647480
2024-06-28,2.2300000190734863,2.289999961853028,2.220000028610229,2.220000028610229,2.220000028610229,12389959
2024-07-01,2.220000028610229,2.3399999141693115,2.220000028610229,2.3299999237060547,2.3299999237060547,21082051
2024-07-02,2.319999933242798,2.4100000858306885,2.289999961853028,2.3499999046325684,2.3499999046325684,21250261
2024-07-03,2.3499999046325684,2.4100000858306885,2.319999933242798,2.369999885559082,2.369999885559082,14168000
2024-07-04,2.369999885559082,2.369999885559082,2.220000028610229,2.220000028610229,2.220000028610229,16170000
2024-07-05,2.220000028610229,2.220000028610229,2.220000028610229,2.220000028610229,2.220000028610229,0
2024-07-08,2.2100000381469727,2.220000028610229,2.0899999141693115,2.0999999046325684,2.0999999046325684,19213836
2024-07-09,2.0999999046325684,2.119999885559082,2.0199999809265137,2.0999999046325684,2.0999999046325684,19044240
2024-07-10,2.0799999237060547,2.0999999046325684,2.0,2.069999933242798,2.069999933242798,15732000
2024-07-11,2.0999999046325684,2.180000066757202,2.0899999141693115,2.1600000858306885,2.1600000858306885,16707960
2024-07-12,2.1700000762939453,2.380000114440918,2.150000095367432,2.25,2.25,34927801
2024-07-15,2.259999990463257,2.2799999713897705,2.150000095367432,2.1600000858306885,2.1600000858306885,23182300
2024-07-16,2.1700000762939453,2.2300000190734863,2.130000114440918,2.2100000381469727,2.2100000381469727,18508002
2024-07-17,2.240000009536743,2.299999952316284,2.2100000381469727,2.220000028610229,2.220000028610229,16880220
2024-07-18,2.200000047683716,2.25,2.140000104904175,2.2300000190734863,2.2300000190734863,18617624
2024-07-19,2.200000047683716,2.2100000381469727,2.119999885559082,2.1700000762939453,2.1700000762939453,15595100
2024-07-22,2.1600000858306885,2.200000047683716,2.130000114440918,2.1700000762939453,2.1700000762939453,10717302
2024-07-23,2.1600000858306885,2.25,2.1600000858306885,2.180000066757202,2.180000066757202,16678161
2024-07-24,2.180000066757202,2.190000057220459,2.109999895095825,2.109999895095825,2.109999895095825,12690298
2024-07-25,2.0899999141693115,2.190000057220459,2.0799999237060547,2.150000095367432,2.150000095367432,12868553
2024-07-26,2.180000066757202,2.3299999237060547,2.1700000762939453,2.2100000381469727,2.2100000381469727,20110200
2024-07-29,2.180000066757202,2.25,2.150000095367432,2.220000028610229,2.220000028610229,12638862
2024-07-30,2.200000047683716,2.2799999713897705,2.200000047683716,2.259999990463257,2.259999990463257,17664900
2024-07-31,2.2799999713897705,2.359999895095825,2.25,2.3399999141693115,2.3399999141693115,17795380
2024-08-01,2.3399999141693115,2.359999895095825,2.289999961853028,2.299999952316284,2.299999952316284,13720000
2024-08-02,2.2799999713897705,2.3499999046325684,2.2699999809265137,2.299999952316284,2.299999952316284,12140500
2024-08-05,2.25,2.3499999046325684,2.25,2.259999990463257,2.259999990463257,15176299
2024-08-06,2.2799999713897705,2.3499999046325684,2.259999990463257,2.3499999046325684,2.3499999046325684,14859900
2024-08-07,2.3299999237060547,2.3399999141693115,2.2699999809265137,2.299999952316284,2.299999952316284,10551710
2024-08-08,2.309999942779541,2.4100000858306885,2.299999952316284,2.3399999141693115,2.3399999141693115,17192700
2024-08-09,2.3399999141693115,2.450000047683716,2.319999933242798,2.380000114440918,2.380000114440918,24290600
2024-08-12,2.359999895095825,2.369999885559082,2.259999990463257,2.2699999809265137,2.2699999809265137,17164300
2024-08-13,2.2799999713897705,2.289999961853028,2.220000028610229,2.2699999809265137,2.2699999809265137,10826856
2024-08-14,2.2699999809265137,2.309999942779541,2.259999990463257,2.259999990463257,2.259999990463257,8645600
2024-08-15,2.240000009536743,2.3299999237060547,2.220000028610229,2.309999942779541,2.309999942779541,13227687
2024-08-16,2.319999933242798,2.3299999237060547,2.25,2.25,2.25,10436700
2024-08-19,2.2300000190734863,2.259999990463257,2.200000047683716,2.220000028610229,2.220000028610229,10236100
2024-08-20,2.220000028610229,2.2300000190734863,2.1600000858306885,2.1700000762939453,2.1700000762939453,9276420
2024-08-21,2.1700000762939453,2.2100000381469727,2.140000104904175,2.190000057220459,2.190000057220459,6941200
2024-08-22,2.190000057220459,2.240000009536743,2.140000104904175,2.150000095367432,2.150000095367432,7934301
2024-08-23,2.150000095367432,2.1700000762939453,2.0899999141693115,2.130000114440918,2.130000114440918,7366800
2024-08-26,2.119999885559082,2.200000047683716,2.0999999046325684,2.190000057220459,2.190000057220459,11334414
2024-08-27,2.1700000762939453,2.200000047683716,2.0899999141693115,2.119999885559082,2.119999885559082,11239700
2024-08-28,2.0999999046325684,2.1600000858306885,2.069999933242798,2.130000114440918,2.130000114440918,7301000
2024-08-29,2.109999895095825,2.1600000858306885,2.0899999141693115,2.140000104904175,2.140000104904175,7954487
2024-08-30,2.2300000190734863,2.3499999046325684,2.180000066757202,2.3499999046325684,2.3499999046325684,39473885
2024-09-02,2.369999885559082,2.5899999141693115,2.3299999237060547,2.380000114440918,2.380000114440918,78168516
2024-09-03,2.3499999046325684,2.430000066757202,2.299999952316284,2.369999885559082,2.369999885559082,54407593
2024-09-04,2.3499999046325684,2.470000028610229,2.319999933242798,2.3299999237060547,2.3299999237060547,38557562
2024-09-05,2.4100000858306885,2.470000028610229,2.369999885559082,2.390000104904175,2.390000104904175,35904180
2024-09-06,2.390000104904175,2.4800000190734863,2.3499999046325684,2.369999885559082,2.369999885559082,27776800
2024-09-09,2.359999895095825,2.400000095367432,2.319999933242798,2.380000114440918,2.380000114440918,18969900
2024-09-10,2.400000095367432,2.4100000858306885,2.2799999713897705,2.3299999237060547,2.3299999237060547,22257700
2024-09-11,2.299999952316284,2.3399999141693115,2.2799999713897705,2.319999933242798,2.319999933242798,17174701
2024-09-12,2.309999942779541,2.3499999046325684,2.299999952316284,2.309999942779541,2.309999942779541,12758801
2024-09-13,2.3299999237060547,2.4100000858306885,2.319999933242798,2.359999895095825,2.359999895095825,23371101
2024-09-18,2.3299999237060547,2.4200000762939453,2.289999961853028,2.380000114440918,2.380000114440918,23938400
2024-09-19,2.380000114440918,2.619999885559082,2.359999895095825,2.619999885559082,2.619999885559082,37306200
2024-09-20,2.5999999046325684,2.700000047683716,2.5199999809265137,2.6600000858306885,2.6600000858306885,73283972
2024-09-23,2.5999999046325684,2.630000114440918,2.5299999713897705,2.619999885559082,2.619999885559082,41505400
2024-09-24,2.700000047683716,2.799999952316284,2.569999933242798,2.640000104904175,2.640000104904175,47006901
2024-09-25,2.650000095367432,2.789999961853028,2.640000104904175,2.6700000762939453,2.6700000762939453,49578072
2024-09-26,2.690000057220459,2.890000104904175,2.6600000858306885,2.8499999046325684,2.8499999046325684,60370373
2024-09-27,2.930000066757202,2.970000028610229,2.8499999046325684,2.9100000858306885,2.9100000858306885,39673129
2024-09-30,3.180000066757202,3.190000057220459,2.890000104904175,3.140000104904175,3.140000104904175,69205410
2024-10-08,3.430000066757202,3.450000047683716,3.0299999713897705,3.180000066757202,3.180000066757202,79054029
2024-10-09,3.140000104904175,3.150000095367432,2.859999895095825,2.859999895095825,2.859999895095825,39164353
2024-10-10,2.859999895095825,2.930000066757202,2.75,2.8399999141693115,2.8399999141693115,31057658
2024-10-11,2.8299999237060547,2.9100000858306885,2.7799999713897705,2.809999942779541,2.809999942779541,21832805
2024-10-14,2.890000104904175,3.0,2.8399999141693115,2.9800000190734863,2.9800000190734863,27736162
2024-10-15,2.9600000381469727,3.009999990463257,2.900000095367432,2.9100000858306885,2.9100000858306885,19767295
2024-10-16,2.900000095367432,3.059999942779541,2.900000095367432,3.059999942779541,3.059999942779541,34140074
2024-10-17,3.059999942779541,3.059999942779541,2.8299999237060547,2.8399999141693115,2.8399999141693115,38614715
2024-10-18,2.809999942779541,2.880000114440918,2.740000009536743,2.8399999141693115,2.8399999141693115,26737879
2024-10-21,2.8499999046325684,2.8499999046325684,2.740000009536743,2.7699999809265137,2.7699999809265137,19989352
2024-10-22,2.789999961853028,2.8399999141693115,2.7799999713897705,2.8299999237060547,2.8299999237060547,15989890
2024-10-23,2.799999952316284,2.880000114440918,2.799999952316284,2.8399999141693115,2.8399999141693115,15399327
2024-10-24,3.009999990463257,3.119999885559082,2.9800000190734863,3.119999885559082,3.119999885559082,24393655
2024-10-25,3.180000066757202,3.2100000381469727,3.0799999237060547,3.190000057220459,3.190000057220459,73945465
2024-10-28,3.150000095367432,3.259999990463257,3.109999895095825,3.240000009536743,3.240000009536743,50703378
2024-10-29,3.2799999713897705,3.289999961853028,3.109999895095825,3.109999895095825,3.109999895095825,34548480
2024-10-30,3.119999885559082,3.240000009536743,3.119999885559082,3.200000047683716,3.200000047683716,33050938
2024-10-31,3.190000057220459,3.4200000762939453,3.180000066757202,3.3499999046325684,3.3499999046325684,44143322
2024-11-01,3.380000114440918,3.4600000381469727,3.2699999809265137,3.319999933242798,3.319999933242798,36850902
2024-11-04,3.3299999237060547,3.3399999141693115,3.200000047683716,3.2699999809265137,3.2699999809265137,25449057
2024-11-05,3.2799999713897705,3.4200000762939453,3.2799999713897705,3.400000095367432,3.400000095367432,28956590
2024-11-06,3.400000095367432,3.470000028610229,3.259999990463257,3.430000066757202,3.430000066757202,30138127
2024-11-07,3.380000114440918,3.619999885559082,3.369999885559082,3.5799999237060547,3.5799999237060547,29949521
2024-11-08,3.5799999237060547,3.5999999046325684,3.380000114440918,3.400000095367432,3.400000095367432,34489141
2024-11-11,3.4200000762939453,3.450000047683716,3.309999942779541,3.400000095367432,3.400000095367432,24496504
2024-11-12,3.380000114440918,3.4600000381469727,3.359999895095825,3.4200000762939453,3.4200000762939453,27172414
2024-11-13,3.390000104904175,3.430000066757202,3.2799999713897705,3.359999895095825,3.359999895095825,22728390
2024-11-14,3.4800000190734863,3.509999990463257,3.25,3.259999990463257,3.259999990463257,24685364
2024-11-15,3.0999999046325684,3.2300000190734863,3.0999999046325684,3.130000114440918,3.130000114440918,21648666
2024-11-18,3.1600000858306885,3.309999942779541,3.1600000858306885,3.200000047683716,3.200000047683716,23853448
2024-11-19,3.220000028610229,3.259999990463257,3.0999999046325684,3.180000066757202,3.180000066757202,19492836
2024-11-20,3.1600000858306885,3.2699999809265137,3.130000114440918,3.240000009536743,3.240000009536743,14815369
2024-11-21,3.2300000190734863,3.319999933242798,3.2100000381469727,3.289999961853028,3.289999961853028,17127541
2024-11-22,3.2799999713897705,3.369999885559082,3.190000057220459,3.200000047683716,3.200000047683716,17040540
2024-11-25,3.2100000381469727,3.240000009536743,3.130000114440918,3.2300000190734863,3.2300000190734863,14161743
2024-11-26,3.2300000190734863,3.299999952316284,3.2100000381469727,3.25,3.25,10691461
2024-11-27,3.240000009536743,3.2799999713897705,3.109999895095825,3.259999990463257,3.259999990463257,12262221
2024-11-28,3.2799999713897705,3.390000104904175,3.25,3.359999895095825,3.359999895095825,18726864
2024-11-29,3.369999885559082,3.380000114440918,3.289999961853028,3.3499999046325684,3.3499999046325684,16068754
2024-12-02,3.3499999046325684,3.5199999809265137,3.3399999141693115,3.5,3.5,20894572
2024-12-03,3.5,3.569999933242798,3.4600000381469727,3.559999942779541,3.559999942779541,18981509
2024-12-04,3.549999952316284,3.549999952316284,3.440000057220459,3.470000028610229,3.470000028610229,15821097
2024-12-05,3.450000047683716,3.539999961853028,3.440000057220459,3.539999961853028,3.539999961853028,11557040
2024-12-06,3.5299999713897705,3.640000104904175,3.509999990463257,3.5999999046325684,3.5999999046325684,16133556
2024-12-09,3.630000114440918,3.740000009536743,3.5,3.5299999713897705,3.5299999713897705,26150078
2024-12-10,3.700000047683716,3.7100000381469727,3.470000028610229,3.490000009536743,3.490000009536743,32847201
2024-12-11,3.470000028610229,3.670000076293945,3.430000066757202,3.650000095367432,3.650000095367432,34722456
2024-12-12,3.630000114440918,4.019999980926514,3.5899999141693115,4.019999980926514,4.019999980926514,57823299
2024-12-13,3.900000095367432,3.950000047683716,3.740000009536743,3.799999952316284,3.799999952316284,66479328
2024-12-16,3.799999952316284,3.829999923706055,3.7100000381469727,3.7799999713897705,3.7799999713897705,39114820
2024-12-17,3.7899999618530273,3.7899999618530273,3.5299999713897705,3.559999942779541,3.559999942779541,39427353
2024-12-18,3.619999885559082,3.650000095367432,3.490000009536743,3.539999961853028,3.539999961853028,20036860
2024-12-19,3.5999999046325684,3.890000104904175,3.509999990463257,3.5999999046325684,3.5999999046325684,83948519
2024-12-20,3.380000114440918,3.539999961853028,3.380000114440918,3.4100000858306885,3.4100000858306885,60582359
2024-12-23,3.4200000762939453,3.440000057220459,3.130000114440918,3.140000104904175,3.140000104904175,36272438
2024-12-24,3.1700000762939453,3.190000057220459,3.059999942779541,3.119999885559082,3.119999885559082,23025984
2024-12-25,3.0899999141693115,3.130000114440918,2.990000009536743,3.059999942779541,3.059999942779541,20423800
2024-12-26,3.0199999809265137,3.109999895095825,3.0199999809265137,3.0799999237060547,3.0799999237060547,15117963
2024-12-27,3.0799999237060547,3.2699999809265137,3.0799999237060547,3.220000028610229,3.220000028610229,23279400
2024-12-30,3.190000057220459,3.2100000381469727,3.0799999237060547,3.150000095367432,3.150000095367432,19284001
2024-12-31,3.140000104904175,3.220000028610229,3.119999885559082,3.130000114440918,3.130000114440918,16808978
2025-01-02,3.130000114440918,3.240000009536743,3.069999933242798,3.109999895095825,3.109999895095825,20709605
2025-01-03,3.140000104904175,3.1600000858306885,2.950000047683716,2.970000028610229,2.970000028610229,20125903
2025-01-06,2.970000028610229,2.9800000190734863,2.819999933242798,2.9100000858306885,2.9100000858306885,18301265
2025-01-07,2.9100000858306885,2.9600000381469727,2.869999885559082,2.9600000381469727,2.9600000381469727,11061061
2025-01-08,2.940000057220459,2.990000009536743,2.859999895095825,2.9600000381469727,2.9600000381469727,12221400
2025-01-09,2.930000066757202,3.0,2.930000066757202,2.9800000190734863,2.9800000190734863,10716600
2025-01-10,2.990000009536743,3.150000095367432,2.930000066757202,3.039999961853028,3.039999961853028,26525108
2025-01-13,2.950000047683716,3.150000095367432,2.859999895095825,3.059999942779541,3.059999942779541,29352957
2025-01-14,3.0299999713897705,3.180000066757202,3.0299999713897705,3.1700000762939453,3.1700000762939453,20203996
2025-01-15,3.1600000858306885,3.180000066757202,3.0799999237060547,3.150000095367432,3.150000095367432,15190808
2025-01-16,3.1600000858306885,3.2100000381469727,3.130000114440918,3.180000066757202,3.180000066757202,13531808
2025-01-17,3.130000114440918,3.2300000190734863,3.109999895095825,3.190000057220459,3.190000057220459,14330600
2025-01-20,3.180000066757202,3.240000009536743,3.0999999046325684,3.2100000381469727,3.2100000381469727,17170880
2025-01-21,3.240000009536743,3.2799999713897705,3.140000104904175,3.150000095367432,3.150000095367432,20287100
2025-01-22,3.130000114440918,3.150000095367432,3.049999952316284,3.059999942779541,3.059999942779541,15858300
2025-01-23,3.0899999141693115,3.1600000858306885,3.059999942779541,3.059999942779541,3.059999942779541,13015960
2025-01-24,3.0899999141693115,3.0899999141693115,2.990000009536743,3.0199999809265137,3.0199999809265137,13763920
2025-01-27,2.9200000762939453,2.9800000190734863,2.869999885559082,2.900000095367432,2.900000095367432,25952860
2025-02-05,2.9100000858306885,2.9200000762939453,2.799999952316284,2.809999942779541,2.809999942779541,24825700
2025-02-06,2.819999933242798,2.819999933242798,2.720000028610229,2.819999933242798,2.819999933242798,20009822
2025-02-07,2.819999933242798,2.9200000762939453,2.799999952316284,2.859999895095825,2.859999895095825,18660434
2025-02-10,2.880000114440918,3.049999952316284,2.869999885559082,3.0299999713897705,3.0299999713897705,26093491
2025-02-11,3.049999952316284,3.0799999237060547,2.930000066757202,2.950000047683716,2.950000047683716,16278468
2025-02-12,2.950000047683716,3.009999990463257,2.9200000762939453,3.0,3.0,15598167
2025-02-13,3.0,3.0899999141693115,2.9800000190734863,3.049999952316284,3.049999952316284,19451149
2025-02-14,3.049999952316284,3.059999942779541,2.9800000190734863,3.0,3.0,14303829
2025-02-17,3.0,3.109999895095825,2.9800000190734863,3.069999933242798,3.069999933242798,14373947
2025-02-18,3.069999933242798,3.069999933242798,2.930000066757202,2.940000057220459,2.940000057220459,13741500
2025-02-19,2.9600000381469727,2.970000028610229,2.9100000858306885,2.950000047683716,2.950000047683716,10731300
2025-02-20,2.930000066757202,2.970000028610229,2.900000095367432,2.950000047683716,2.950000047683716,10592238
2025-02-21,2.970000028610229,2.970000028610229,2.890000104904175,2.900000095367432,2.900000095367432,11332860
2025-02-24,2.900000095367432,3.0199999809265137,2.900000095367432,2.9600000381469727,2.9600000381469727,17231834
2025-02-25,2.930000066757202,3.009999990463257,2.9100000858306885,2.9100000858306885,2.9100000858306885,14049859
2025-02-26,2.930000066757202,2.990000009536743,2.9100000858306885,2.970000028610229,2.970000028610229,13000413
2025-02-27,2.970000028610229,3.0199999809265137,2.9200000762939453,2.9600000381469727,2.9600000381469727,12312500
2025-02-28,3.039999961853028,3.259999990463257,3.039999961853028,3.259999990463257,3.259999990463257,93175019
2025-03-03,3.220000028610229,3.25,3.109999895095825,3.119999885559082,3.119999885559082,82819251
2025-03-04,3.150000095367432,3.309999942779541,3.109999895095825,3.130000114440918,3.130000114440918,49810631
2025-03-05,3.109999895095825,3.150000095367432,3.0199999809265137,3.069999933242798,3.069999933242798,37638392
2025-03-06,3.0999999046325684,3.109999895095825,3.039999961853028,3.0999999046325684,3.0999999046325684,30531166
2025-03-07,3.0799999237060547,3.0799999237060547,2.9800000190734863,2.990000009536743,2.990000009536743,29617400
2025-03-10,3.0199999809265137,3.0199999809265137,2.9800000190734863,3.009999990463257,3.009999990463257,18332205
2025-03-11,2.990000009536743,3.0199999809265137,2.950000047683716,3.0199999809265137,3.0199999809265137,14304421
2025-03-12,3.0199999809265137,3.0299999713897705,2.990000009536743,3.0,3.0,12699300
2025-03-13,3.0,3.009999990463257,2.950000047683716,2.990000009536743,2.990000009536743,12408481
2025-03-14,2.9800000190734863,3.039999961853028,2.9800000190734863,3.0299999713897705,3.0299999713897705,17337761
2025-03-17,3.039999961853028,3.0999999046325684,3.0299999713897705,3.0799999237060547,3.0799999237060547,19672488
2025-03-18,3.0899999141693115,3.0999999046325684,3.0299999713897705,3.059999942779541,3.059999942779541,12340320
2025-03-19,3.049999952316284,3.0899999141693115,3.039999961853028,3.059999942779541,3.059999942779541,10318664
2025-03-20,3.059999942779541,3.119999885559082,3.049999952316284,3.069999933242798,3.069999933242798,17879300
2025-03-21,3.059999942779541,3.180000066757202,3.0299999713897705,3.1600000858306885,3.1600000858306885,38966456
2025-03-24,3.140000104904175,3.1600000858306885,2.970000028610229,2.9800000190734863,2.9800000190734863,30107100
2025-03-25,2.990000009536743,3.0199999809265137,2.900000095367432,2.930000066757202,2.930000066757202,17558014
2025-03-26,2.930000066757202,3.0,2.9200000762939453,2.9800000190734863,2.9800000190734863,14309280
2025-03-27,2.9800000190734863,2.990000009536743,2.880000114440918,2.940000057220459,2.940000057220459,12751560
2025-03-28,2.940000057220459,2.950000047683716,2.869999885559082,2.890000104904175,2.890000104904175,10567300
2025-03-31,2.880000114440918,2.890000104904175,2.819999933242798,2.8399999141693115,2.8399999141693115,9651717
2025-04-01,2.8299999237060547,2.900000095367432,2.819999933242798,2.880000114440918,2.880000114440918,8817200
2025-04-02,2.890000104904175,2.890000104904175,2.8399999141693115,2.8499999046325684,2.8499999046325684,6746118
2025-04-03,2.8499999046325684,2.9100000858306885,2.819999933242798,2.900000095367432,2.900000095367432,9123332
2025-04-07,2.799999952316284,2.799999952316284,2.609999895095825,2.609999895095825,2.609999895095825,12105000
2025-04-08,2.5,2.640000104904175,2.5,2.5999999046325684,2.5999999046325684,11176500
2025-04-09,2.549999952316284,2.7300000190734863,2.430000066757202,2.7100000381469727,2.7100000381469727,16655002
2025-04-10,2.700000047683716,2.8299999237060547,2.690000057220459,2.799999952316284,2.799999952316284,12338761
2025-04-11,2.7699999809265137,2.8499999046325684,2.75,2.789999961853028,2.789999961853028,11114401
2025-04-14,2.799999952316284,2.880000114440918,2.789999961853028,2.8499999046325684,2.8499999046325684,10072319
2025-04-15,2.859999895095825,2.869999885559082,2.799999952316284,2.8499999046325684,2.8499999046325684,10207100
2025-04-16,2.859999895095825,2.869999885559082,2.75,2.799999952316284,2.799999952316284,7174380
2025-04-17,2.7799999713897705,2.940000057220459,2.7799999713897705,2.930000066757202,2.930000066757202,19975480
2025-04-18,2.9100000858306885,2.9800000190734863,2.869999885559082,2.970000028610229,2.970000028610229,15694460
2025-04-21,2.9800000190734863,2.9800000190734863,2.880000114440918,2.930000066757202,2.930000066757202,10883800
2025-04-22,2.940000057220459,2.990000009536743,2.9200000762939453,2.9800000190734863,2.9800000190734863,13944801
2025-04-23,2.9800000190734863,2.990000009536743,2.890000104904175,2.9100000858306885,2.9100000858306885,10975100
2025-04-24,2.890000104904175,2.970000028610229,2.869999885559082,2.9200000762939453,2.9200000762939453,8799100
2025-04-25,2.9100000858306885,3.150000095367432,2.890000104904175,2.9600000381469727,2.9600000381469727,23515200
2025-04-28,2.869999885559082,2.950000047683716,2.8299999237060547,2.859999895095825,2.859999895095825,17373700
2025-04-29,2.8499999046325684,2.900000095367432,2.8299999237060547,2.890000104904175,2.890000104904175,9927000
2025-04-30,2.859999895095825,2.9600000381469727,2.859999895095825,2.890000104904175,2.890000104904175,9191900
2025-05-06,2.900000095367432,2.9600000381469727,2.890000104904175,2.930000066757202,2.930000066757202,11174900
2025-05-07,2.9800000190734863,3.0899999141693115,2.950000047683716,2.9800000190734863,2.9800000190734863,13992598
2025-05-08,2.970000028610229,3.059999942779541,2.930000066757202,3.0199999809265137,3.0199999809265137,12177099
2025-05-09,3.009999990463257,3.059999942779541,3.009999990463257,3.039999961853028,3.039999961853028,9291300
2025-05-12,3.039999961853028,3.0999999046325684,3.039999961853028,3.049999952316284,3.049999952316284,8115061
2025-05-13,3.0799999237060547,3.119999885559082,3.049999952316284,3.0999999046325684,3.0999999046325684,12037881
2025-05-14,3.0999999046325684,3.119999885559082,3.059999942779541,3.0999999046325684,3.0999999046325684,7927920
2025-05-15,3.0899999141693115,3.140000104904175,3.069999933242798,3.119999885559082,3.119999885559082,7496876
2025-05-16,3.119999885559082,3.119999885559082,3.069999933242798,3.0899999141693115,3.0899999141693115,7068401
2025-05-19,3.0899999141693115,3.200000047683716,3.0899999141693115,3.190000057220459,3.190000057220459,15151597
2025-05-20,3.180000066757202,3.2100000381469727,3.1600000858306885,3.190000057220459,3.190000057220459,8490200
2025-05-21,3.180000066757202,3.220000028610229,3.1600000858306885,3.1700000762939453,3.1700000762939453,6669840
2025-05-22,3.190000057220459,3.25,3.140000104904175,3.1700000762939453,3.1700000762939453,14588600
2025-05-23,3.1600000858306885,3.200000047683716,3.130000114440918,3.130000114440918,3.130000114440918,8928500
2025-05-26,3.119999885559082,3.1700000762939453,3.109999895095825,3.140000104904175,3.140000104904175,6335200
2025-05-27,3.140000104904175,3.180000066757202,3.109999895095825,3.180000066757202,3.180000066757202,6191168
2025-05-28,3.1700000762939453,3.190000057220459,3.109999895095825,3.140000104904175,3.140000104904175,5728400
2025-05-29,3.130000114440918,3.200000047683716,3.109999895095825,3.1700000762939453,3.1700000762939453,6036044
2025-05-30,3.180000066757202,3.190000057220459,3.140000104904175,3.1700000762939453,3.1700000762939453,4956320
2025-06-03,3.140000104904175,3.190000057220459,3.140000104904175,3.1600000858306885,3.1600000858306885,4533301
2025-06-04,3.180000066757202,3.2300000190734863,3.150000095367432,3.200000047683716,3.200000047683716,6153700
2025-06-05,3.2100000381469727,3.2300000190734863,3.140000104904175,3.1700000762939453,3.1700000762939453,7743820
2025-06-06,3.1700000762939453,3.240000009536743,3.1700000762939453,3.2300000190734863,3.2300000190734863,10017500
2025-06-09,3.240000009536743,3.2799999713897705,3.190000057220459,3.259999990463257,3.259999990463257,7563738
2025-06-10,3.25,3.2799999713897705,3.180000066757202,3.2300000190734863,3.2300000190734863,8085858
2025-06-11,3.220000028610229,3.2699999809265137,3.200000047683716,3.2300000190734863,3.2300000190734863,6648362
2025-06-12,3.25,3.289999961853028,3.200000047683716,3.2799999713897705,3.2799999713897705,12444501
2025-06-13,3.25,3.289999961853028,3.200000047683716,3.240000009536743,3.240000009536743,9854580
2025-06-16,3.2100000381469727,3.3299999237060547,3.2100000381469727,3.240000009536743,3.240000009536743,9987618
2025-06-17,3.259999990463257,3.319999933242798,3.2300000190734863,3.319999933242798,3.319999933242798,12172266
2025-06-18,3.319999933242798,3.3299999237060547,3.240000009536743,3.240000009536743,3.240000009536743,9307760
2025-06-19,3.240000009536743,3.289999961853028,3.2100000381469727,3.220000028610229,3.220000028610229,10794000
2025-06-20,3.200000047683716,3.259999990463257,3.180000066757202,3.190000057220459,3.190000057220459,7474180
2025-06-23,3.200000047683716,3.25,3.119999885559082,3.240000009536743,3.240000009536743,8160300
2025-06-24,3.259999990463257,3.319999933242798,3.2300000190734863,3.309999942779541,3.309999942779541,9555100
2025-06-25,3.319999933242798,3.3499999046325684,3.2799999713897705,3.3399999141693115,3.3399999141693115,5983501
2025-06-26,3.3399999141693115,3.3499999046325684,3.2799999713897705,3.299999952316284,3.299999952316284,7605920
2025-06-27,3.3299999237060547,3.390000104904175,3.299999952316284,3.369999885559082,3.369999885559082,9628995
2025-06-30,3.400000095367432,3.400000095367432,3.3299999237060547,3.3499999046325684,3.3499999046325684,6181935
2025-07-01,3.3499999046325684,3.369999885559082,3.25,3.3299999237060547,3.3299999237060547,9107120
2025-07-02,3.319999933242798,3.369999885559082,3.299999952316284,3.3499999046325684,3.3499999046325684,9447300
2025-07-03,3.3299999237060547,3.390000104904175,3.299999952316284,3.309999942779541,3.309999942779541,8168100
2025-07-04,3.319999933242798,3.3299999237060547,3.2699999809265137,3.299999952316284,3.299999952316284,8644901
2025-07-07,3.2799999713897705,3.400000095367432,3.2799999713897705,3.390000104904175,3.390000104904175,9526392
2025-07-08,3.369999885559082,3.440000057220459,3.3499999046325684,3.4200000762939453,3.4200000762939453,10299836
2025-07-09,3.4200000762939453,3.440000057220459,3.400000095367432,3.4200000762939453,3.4200000762939453,7942918
2025-07-10,3.4200000762939453,3.5,3.4200000762939453,3.490000009536743,3.490000009536743,12017140
2025-07-11,3.5,3.5299999713897705,3.450000047683716,3.4800000190734863,3.4800000190734863,9184818
2025-07-14,3.470000028610229,3.5,3.4200000762939453,3.490000009536743,3.490000009536743,10739138
2025-07-15,3.470000028610229,3.4800000190734863,3.359999895095825,3.400000095367432,3.400000095367432,11106900
2025-07-16,3.4200000762939453,3.450000047683716,3.369999885559082,3.4100000858306885,3.4100000858306885,8551501
2025-07-17,3.4100000858306885,3.430000066757202,3.359999895095825,3.390000104904175,3.390000104904175,10603481
2025-07-18,3.4100000858306885,3.4100000858306885,3.3499999046325684,3.369999885559082,3.369999885559082,6369060
2025-07-21,3.390000104904175,3.470000028610229,3.369999885559082,3.430000066757202,3.430000066757202,11388750
2025-07-22,3.4600000381469727,3.470000028610229,3.359999895095825,3.430000066757202,3.430000066757202,10503560
2025-07-23,3.440000057220459,3.509999990463257,3.380000114440918,3.390000104904175,3.390000104904175,12433600
2025-07-24,3.400000095367432,3.470000028610229,3.380000114440918,3.430000066757202,3.430000066757202,8667976
2025-07-25,3.430000066757202,3.440000057220459,3.369999885559082,3.380000114440918,3.380000114440918,7992220
2025-07-28,3.4100000858306885,3.4100000858306885,3.3299999237060547,3.4100000858306885,3.4100000858306885,7530393
2025-07-29,3.390000104904175,3.440000057220459,3.369999885559082,3.400000095367432,3.400000095367432,9956338
2025-07-30,3.4200000762939453,3.440000057220459,3.3399999141693115,3.359999895095825,3.359999895095825,8251600
2025-07-31,3.359999895095825,3.359999895095825,3.2100000381469727,3.220000028610229,3.220000028610229,15263360
2025-08-01,3.25,3.2799999713897705,3.2300000190734863,3.25,3.25,8893400
2025-08-04,3.2699999809265137,3.289999961853028,3.2300000190734863,3.2799999713897705,3.2799999713897705,9746900
2025-08-05,3.289999961853028,3.3399999141693115,3.2799999713897705,3.319999933242798,3.319999933242798,6978500
2025-08-06,3.3399999141693115,3.359999895095825,3.2699999809265137,3.3499999046325684,3.3499999046325684,8628460
2025-08-07,3.3499999046325684,3.380000114440918,3.319999933242798,3.359999895095825,3.359999895095825,6567216
2025-08-08,3.359999895095825,3.380000114440918,3.309999942779541,3.369999885559082,3.369999885559082,6720720
2025-08-11,3.4200000762939453,3.4600000381469727,3.390000104904175,3.440000057220459,3.440000057220459,8407600
2025-08-12,3.450000047683716,3.490000009536743,3.440000057220459,3.470000028610229,3.470000028610229,10953092
2025-08-13,3.490000009536743,3.509999990463257,3.430000066757202,3.450000047683716,3.450000047683716,9165801
2025-08-14,3.4600000381469727,3.5,3.359999895095825,3.380000114440918,3.380000114440918,9891940
2025-08-15,3.380000114440918,3.450000047683716,3.3299999237060547,3.369999885559082,3.369999885559082,13080024
2025-08-18,3.380000114440918,3.400000095367432,3.309999942779541,3.3399999141693115,3.3399999141693115,12437700
2025-08-19,3.3399999141693115,3.4200000762939453,3.3399999141693115,3.4200000762939453,3.4200000762939453,14527281
2025-08-20,3.4100000858306885,3.490000009536743,3.380000114440918,3.490000009536743,3.490000009536743,12311949
2025-08-21,3.5,3.5299999713897705,3.450000047683716,3.5199999809265137,3.5199999809265137,11242185
2025-08-22,3.509999990463257,3.5199999809265137,3.400000095367432,3.4600000381469727,3.4600000381469727,12396400
2025-08-25,3.470000028610229,3.549999952316284,3.440000057220459,3.490000009536743,3.490000009536743,13162169
2025-08-26,3.490000009536743,3.539999961853028,3.430000066757202,3.5299999713897705,3.5299999713897705,10194320
2025-08-27,3.539999961853028,3.539999961853028,3.380000114440918,3.390000104904175,3.390000104904175,15589649
2025-08-28,3.4200000762939453,3.4800000190734863,3.2699999809265137,3.369999885559082,3.369999885559082,15956080
2025-08-29,3.380000114440918,3.4100000858306885,3.3299999237060547,3.3499999046325684,3.3499999046325684,8614750
2025-09-01,3.3499999046325684,3.400000095367432,3.299999952316284,3.359999895095825,3.359999895095825,10161498
2025-09-02,3.390000104904175,3.4200000762939453,3.299999952316284,3.390000104904175,3.390000104904175,15861403
2025-09-03,3.369999885559082,3.400000095367432,3.2699999809265137,3.2799999713897705,3.2799999713897705,10924278
2025-09-04,3.289999961853028,3.400000095367432,3.2699999809265137,3.3499999046325684,3.3499999046325684,14746066
2025-09-05,3.359999895095825,3.359999895095825,3.240000009536743,3.309999942779541,3.309999942779541,12118764
2025-09-08,3.309999942779541,3.400000095367432,3.299999952316284,3.3499999046325684,3.3499999046325684,10529916
2025-09-09,3.359999895095825,3.450000047683716,3.3499999046325684,3.400000095367432,3.400000095367432,12963117
2025-09-10,3.4100000858306885,3.450000047683716,3.369999885559082,3.4200000762939453,3.4200000762939453,12281295
2025-09-11,3.430000066757202,3.5,3.3499999046325684,3.490000009536743,3.490000009536743,15604023
2025-09-12,3.490000009536743,3.549999952316284,3.4800000190734863,3.539999961853028,3.539999961853028,12897262
2025-09-15,3.539999961853028,3.559999942779541,3.400000095367432,3.5299999713897705,3.5299999713897705,13906881
2025-09-16,3.539999961853028,3.75,3.5199999809265137,3.619999885559082,3.619999885559082,17147589
2025-09-17,3.569999933242798,3.640000104904175,3.5199999809265137,3.609999895095825,3.609999895095825,11921140
2025-09-18,3.609999895095825,3.619999885559082,3.400000095367432,3.430000066757202,3.430000066757202,16858520
2025-09-19,3.450000047683716,3.450000047683716,3.2799999713897705,3.4100000858306885,3.4100000858306885,16014057
2025-09-22,3.390000104904175,3.390000104904175,3.2699999809265137,3.3299999237060547,3.3299999237060547,11075660
2025-09-23,3.3299999237060547,3.3299999237060547,3.0199999809265137,3.0799999237060547,3.0799999237060547,24148831
2025-09-24,3.069999933242798,3.2699999809265137,3.0299999713897705,3.2100000381469727,3.2100000381469727,23459762
2025-09-25,3.2100000381469727,3.2100000381469727,3.069999933242798,3.0799999237060547,3.0799999237060547,19244196
2025-09-26,3.0899999141693115,3.369999885559082,3.039999961853028,3.180000066757202,3.180000066757202,26493442
2025-09-29,3.180000066757202,3.259999990463257,3.059999942779541,3.240000009536743,3.240000009536743,21739213
2025-09-30,3.200000047683716,3.2699999809265137,3.180000066757202,3.240000009536743,3.240000009536743,15112479
2025-10-09,3.2699999809265137,3.2699999809265137,3.130000114440918,3.25,3.25,17490024
2025-10-10,3.319999933242798,3.359999895095825,3.220000028610229,3.309999942779541,3.309999942779541,18854315
2025-10-13,3.2300000190734863,3.309999942779541,3.130000114440918,3.309999942779541,3.309999942779541,11685918
2025-10-14,3.3499999046325684,3.430000066757202,3.3299999237060547,3.369999885559082,3.369999885559082,16187860
2025-10-15,3.359999895095825,3.430000066757202,3.3499999046325684,3.4100000858306885,3.4100000858306885,12741900
2025-10-16,3.4100000858306885,3.450000047683716,3.380000114440918,3.430000066757202,3.430000066757202,12107778
2025-10-17,3.400000095367432,3.4600000381469727,3.380000114440918,3.400000095367432,3.400000095367432,14773525
2025-10-20,3.400000095367432,3.440000057220459,3.380000114440918,3.4200000762939453,3.4200000762939453,10116238
2025-10-21,3.430000066757202,3.5899999141693115,3.400000095367432,3.5799999237060547,3.5799999237060547,18833540
2025-10-22,3.5799999237060547,3.7100000381469727,3.5799999237060547,3.680000066757202,3.680000066757202,23777198
2025-10-23,3.690000057220459,3.690000057220459,3.569999933242798,3.630000114440918,3.630000114440918,17324438
2025-10-24,3.640000104904175,3.640000104904175,3.5,3.539999961853028,3.539999961853028,14874611
2025-10-27,3.549999952316284,3.559999942779541,3.4600000381469727,3.5299999713897705,3.5299999713897705,13663108
2025-10-28,3.5299999713897705,3.569999933242798,3.5,3.5299999713897705,3.5299999713897705,11197558
2025-10-29,3.5199999809265137,3.5299999713897705,3.440000057220459,3.509999990463257,3.509999990463257,10713600
2025-10-30,3.5199999809265137,3.5199999809265137,3.4200000762939453,3.450000047683716,3.450000047683716,9509557
2025-10-31,3.440000057220459,3.5,3.4200000762939453,3.470000028610229,3.470000028610229,10258119
2025-11-03,3.4800000190734863,3.5299999713897705,3.4600000381469727,3.5199999809265137,3.5199999809265137,9122620
2025-11-04,3.5199999809265137,3.5799999237060547,3.490000009536743,3.569999933242798,3.569999933242798,10681540
2025-11-05,3.5199999809265137,3.619999885559082,3.5,3.609999895095825,3.609999895095825,10200258
2025-11-06,3.609999895095825,3.609999895095825,3.5,3.5899999141693115,3.5899999141693115,8629800
2025-11-07,3.5899999141693115,3.630000114440918,3.549999952316284,3.5999999046325684,3.5999999046325684,10420978
2025-11-10,3.5899999141693115,3.660000085830689,3.549999952316284,3.650000095367432,3.650000095367432,9784680
2025-11-11,3.640000104904175,3.690000057220459,3.5999999046325684,3.690000057220459,3.690000057220459,8972619
2025-11-12,3.690000057220459,3.7100000381469727,3.630000114440918,3.680000066757202,3.680000066757202,7481519
2025-11-13,3.680000066757202,3.740000009536743,3.5799999237060547,3.7200000286102295,3.7200000286102295,10154671
2025-11-14,3.7200000286102295,3.829999923706055,3.700000047683716,3.7899999618530273,3.7899999618530273,13809100
2025-11-17,3.7799999713897705,3.809999942779541,3.7300000190734863,3.809999942779541,3.809999942779541,10694476
2025-11-18,3.809999942779541,3.809999942779541,3.609999895095825,3.690000057220459,3.690000057220459,12333539
2025-11-19,3.680000066757202,3.7100000381469727,3.559999942779541,3.690000057220459,3.690000057220459,17545340
2025-11-20,3.690000057220459,3.7100000381469727,3.559999942779541,3.640000104904175,3.640000104904175,15519540
2025-11-21,3.670000076293945,3.7100000381469727,3.470000028610229,3.619999885559082,3.619999885559082,22099600
2025-11-24,3.5999999046325684,3.609999895095825,3.509999990463257,3.5199999809265137,3.5199999809265137,25719548
2025-11-25,3.5899999141693115,3.650000095367432,3.5,3.559999942779541,3.559999942779541,23833300
2025-11-26,3.5999999046325684,3.819999933242798,3.5799999237060547,3.5899999141693115,3.5899999141693115,23210660
2025-11-27,3.5999999046325684,3.839999914169312,3.5199999809265137,3.660000085830689,3.660000085830689,31646038
2025-11-28,3.7100000381469727,3.7100000381469727,3.559999942779541,3.690000057220459,3.690000057220459,21220823
2025-12-01,3.660000085830689,3.75,3.640000104904175,3.690000057220459,3.690000057220459,17001146
2025-12-02,3.680000066757202,3.700000047683716,3.630000114440918,3.700000047683716,3.700000047683716,13402180
2025-12-03,3.700000047683716,3.7200000286102295,3.640000104904175,3.660000085830689,3.660000085830689,12944989
2025-12-04,3.640000104904175,3.670000076293945,3.539999961853028,3.5999999046325684,3.5999999046325684,14258900
2025-12-05,3.569999933242798,3.640000104904175,3.5299999713897705,3.640000104904175,3.640000104904175,11761900
2025-12-08,3.640000104904175,3.690000057220459,3.630000114440918,3.660000085830689,3.660000085830689,9532200
2025-12-09,3.630000114440918,3.650000095367432,3.539999961853028,3.5899999141693115,3.5899999141693115,13599677
2025-12-10,3.569999933242798,3.7100000381469727,3.559999942779541,3.640000104904175,3.640000104904175,16771191
2025-12-11,3.650000095367432,3.650000095367432,3.3499999046325684,3.369999885559082,3.369999885559082,24410900
2025-12-12,3.359999895095825,3.369999885559082,3.180000066757202,3.25,3.25,22809922
2025-12-15,3.2100000381469727,3.2699999809265137,3.130000114440918,3.2300000190734863,3.2300000190734863,16345300
2025-12-16,3.240000009536743,3.259999990463257,3.1700000762939453,3.220000028610229,3.220000028610229,10160000
2025-12-17,3.190000057220459,3.259999990463257,3.150000095367432,3.240000009536743,3.240000009536743,12362049
2025-12-18,3.240000009536743,3.299999952316284,3.220000028610229,3.289999961853028,3.289999961853028,11185600
2025-12-19,3.2799999713897705,3.440000057220459,3.259999990463257,3.440000057220459,3.440000057220459,15353929
2025-12-22,3.450000047683716,3.450000047683716,3.3499999046325684,3.380000114440918,3.380000114440918,15097500
2025-12-23,3.359999895095825,3.390000104904175,3.259999990463257,3.289999961853028,3.289999961853028,17620534
2025-12-24,3.299999952316284,3.299999952316284,3.25,3.259999990463257,3.259999990463257,9627200
2025-12-25,3.2699999809265137,3.289999961853028,3.240000009536743,3.289999961853028,3.289999961853028,9809876
2025-12-26,3.289999961853028,3.309999942779541,3.25,3.289999961853028,3.289999961853028,11277260
2025-12-29,3.2799999713897705,3.299999952316284,3.220000028610229,3.2699999809265137,3.2699999809265137,11926218
2025-12-30,3.2699999809265137,3.2699999809265137,3.1700000762939453,3.240000009536743,3.240000009536743,10116060
2025-12-31,3.25,3.289999961853028,3.190000057220459,3.2799999713897705,3.2799999713897705,13293178
2026-01-05,3.2699999809265137,3.309999942779541,3.2300000190734863,3.240000009536743,3.240000009536743,12221480
2026-01-06,3.240000009536743,3.2799999713897705,3.200000047683716,3.2699999809265137,3.2699999809265137,9966000
2026-01-07,3.2699999809265137,3.2699999809265137,3.200000047683716,3.200000047683716,3.200000047683716,12512566
2026-01-08,3.180000066757202,3.289999961853028,3.1700000762939453,3.289999961853028,3.289999961853028,12506481
2026-01-09,3.2799999713897705,3.299999952316284,3.220000028610229,3.289999961853028,3.289999961853028,10718660
2026-01-12,3.299999952316284,3.319999933242798,3.25,3.289999961853028,3.289999961853028,11206978
2026-01-13,3.299999952316284,3.369999885559082,3.259999990463257,3.299999952316284,3.299999952316284,10827233
2026-01-14,3.309999942779541,3.359999895095825,3.240000009536743,3.319999933242798,3.319999933242798,13037805
2026-01-15,3.299999952316284,3.359999895095825,3.2799999713897705,3.3499999046325684,3.3499999046325684,10681212
2026-01-16,3.359999895095825,3.369999885559082,3.2699999809265137,3.289999961853028,3.289999961853028,10989500
2026-01-19,3.200000047683716,3.3499999046325684,3.1700000762939453,3.3499999046325684,3.3499999046325684,15039104
2026-01-20,3.369999885559082,3.400000095367432,3.319999933242798,3.400000095367432,3.400000095367432,13581736
2026-01-21,3.390000104904175,3.4100000858306885,3.3499999046325684,3.4100000858306885,3.4100000858306885,9888620
2026-01-22,3.4200000762939453,3.5199999809265137,3.390000104904175,3.509999990463257,3.509999990463257,10298320
2026-01-23,3.509999990463257,3.5199999809265137,3.450000047683716,3.5,3.5,8894000
2026-01-26,3.490000009536743,3.5,3.4100000858306885,3.470000028610229,3.470000028610229,11715640
2026-01-27,3.4600000381469727,3.490000009536743,3.380000114440918,3.440000057220459,3.440000057220459,10687220
2026-01-28,3.430000066757202,3.470000028610229,3.390000104904175,3.4600000381469727,3.4600000381469727,8685320
2026-01-29,3.440000057220459,3.549999952316284,3.390000104904175,3.509999990463257,3.509999990463257,12012736
2026-01-30,3.509999990463257,3.539999961853028,3.430000066757202,3.5199999809265137,3.5199999809265137,11497440
2026-02-02,3.5299999713897705,3.539999961853028,3.430000066757202,3.440000057220459,3.440000057220459,10291119
2026-02-03,3.4600000381469727,3.509999990463257,3.440000057220459,3.4800000190734863,3.4800000190734863,9069980
2026-02-04,3.4800000190734863,3.5799999237060547,3.4600000381469727,3.5799999237060547,3.5799999237060547,12567374
2026-02-05,3.5799999237060547,3.619999885559082,3.5199999809265137,3.609999895095825,3.609999895095825,10087501
2026-02-06,3.609999895095825,3.609999895095825,3.539999961853028,3.5899999141693115,3.5899999141693115,10479197
2026-02-09,3.609999895095825,3.650000095367432,3.5799999237060547,3.640000104904175,3.640000104904175,12957640
2026-02-10,3.640000104904175,3.650000095367432,3.569999933242798,3.630000114440918,3.630000114440918,10435621
2026-02-11,3.609999895095825,3.650000095367432,3.569999933242798,3.630000114440918,3.630000114440918,10198500
2026-02-12,3.650000095367432,3.650000095367432,3.569999933242798,3.5799999237060547,3.5799999237060547,10877796
2026-02-13,3.569999933242798,3.609999895095825,3.559999942779541,3.5999999046325684,3.5999999046325684,10042900
2026-02-24,3.609999895095825,3.680000066757202,3.549999952316284,3.670000076293945,3.670000076293945,11394193
2026-02-25,3.680000066757202,3.7200000286102295,3.640000104904175,3.670000076293945,3.670000076293945,12007060
2026-02-26,3.670000076293945,3.680000066757202,3.569999933242798,3.5999999046325684,3.5999999046325684,10050400
2026-02-27,3.5999999046325684,3.619999885559082,3.559999942779541,3.619999885559082,3.619999885559082,7825700
2026-03-02,3.549999952316284,3.5799999237060547,3.4200000762939453,3.5,3.5,14559480
2026-03-03,3.490000009536743,3.569999933242798,3.430000066757202,3.450000047683716,3.450000047683716,11224024
2026-03-04,3.440000057220459,3.4600000381469727,3.380000114440918,3.430000066757202,3.430000066757202,8662300
2026-03-05,3.4600000381469727,3.509999990463257,3.4200000762939453,3.4600000381469727,3.4600000381469727,11415011
2026-03-06,3.450000047683716,3.569999933242798,3.380000114440918,3.569999933242798,3.569999933242798,13731216
2026-03-09,3.559999942779541,3.559999942779541,3.440000057220459,3.5,3.5,12647460
2026-03-10,3.509999990463257,3.559999942779541,3.5,3.559999942779541,3.559999942779541,9349039
2026-03-11,3.539999961853028,3.5899999141693115,3.5,3.539999961853028,3.539999961853028,8908040
2026-03-12,3.539999961853028,3.569999933242798,3.509999990463257,3.5199999809265137,3.5199999809265137,6880969
2026-03-13,3.5199999809265137,3.5799999237060547,3.490000009536743,3.5199999809265137,3.5199999809265137,8997729
2026-03-16,3.5199999809265137,3.609999895095825,3.5,3.539999961853028,3.539999961853028,10618596
2026-03-17,3.549999952316284,3.660000085830689,3.549999952316284,3.569999933242798,3.569999933242798,8540140
2026-03-18,3.5899999141693115,3.5899999141693115,3.440000057220459,3.5,3.5,9652820
2026-03-19,3.490000009536743,3.5299999713897705,3.380000114440918,3.400000095367432,3.400000095367432,9780400
2026-03-20,3.380000114440918,3.450000047683716,3.289999961853028,3.3399999141693115,3.3399999141693115,10931100
2026-03-23,3.259999990463257,3.2799999713897705,3.049999952316284,3.0999999046325684,3.0999999046325684,15420204
2026-03-24,3.140000104904175,3.259999990463257,3.0799999237060547,3.259999990463257,3.259999990463257,14502089
2026-03-25,3.259999990463257,3.390000104904175,3.2300000190734863,3.390000104904175,3.390000104904175,9958571
2026-03-26,3.380000114440918,3.450000047683716,3.3299999237060547,3.3399999141693115,3.3399999141693115,10138500
2026-03-27,3.359999895095825,3.4100000858306885,3.299999952316284,3.4100000858306885,3.4100000858306885,9299300
2026-03-30,3.390000104904175,3.450000047683716,3.3299999237060547,3.430000066757202,3.430000066757202,11073005
2026-03-31,3.4200000762939453,3.5299999713897705,3.369999885559082,3.390000104904175,3.390000104904175,11893500
2026-04-01,3.4100000858306885,3.4600000381469727,3.309999942779541,3.359999895095825,3.359999895095825,11375840
2026-04-02,3.3499999046325684,3.380000114440918,3.240000009536743,3.2799999713897705,3.2799999713897705,10006363
2026-04-03,3.299999952316284,3.299999952316284,3.049999952316284,3.069999933242798,3.069999933242798,11904801
2026-04-07,3.059999942779541,3.180000066757202,3.009999990463257,3.1600000858306885,3.1600000858306885,15475596
2026-04-08,3.2300000190734863,3.2699999809265137,3.180000066757202,3.25,3.25,12077536
2026-04-09,3.259999990463257,3.259999990463257,3.130000114440918,3.1600000858306885,3.1600000858306885,10169366
2026-04-10,3.190000057220459,3.240000009536743,3.1700000762939453,3.190000057220459,3.190000057220459,8335800
2026-04-13,3.180000066757202,3.259999990463257,3.1600000858306885,3.259999990463257,3.259999990463257,11990776
2026-04-14,3.299999952316284,3.3499999046325684,3.220000028610229,3.289999961853028,3.289999961853028,10951120
2026-04-15,3.2799999713897705,3.289999961853028,3.150000095367432,3.1600000858306885,3.1600000858306885,10798704
2026-04-16,3.180000066757202,3.240000009536743,3.130000114440918,3.240000009536743,3.240000009536743,10569600
2026-04-17,3.25,3.259999990463257,3.1600000858306885,3.2300000190734863,3.2300000190734863,10829060
2026-04-20,3.240000009536743,3.25,3.140000104904175,3.2300000190734863,3.2300000190734863,9605323
2026-04-21,3.240000009536743,3.2799999713897705,3.200000047683716,3.25,3.25,8975340
2026-04-22,3.240000009536743,3.259999990463257,3.190000057220459,3.2100000381469727,3.2100000381469727,7630900
2026-04-23,3.220000028610229,3.240000009536743,3.140000104904175,3.2100000381469727,3.2100000381469727,9315837
2026-04-24,3.220000028610229,3.2699999809265137,3.1700000762939453,3.240000009536743,3.240000009536743,11302757
2026-04-27,3.2300000190734863,3.509999990463257,3.2100000381469727,3.440000057220459,3.440000057220459,23450861
2026-04-28,3.450000047683716,3.470000028610229,3.3399999141693115,3.450000047683716,3.450000047683716,17001300
2026-04-29,3.4600000381469727,3.569999933242798,3.4200000762939453,3.539999961853028,3.539999961853028,17724700
2026-04-30,3.509999990463257,3.619999885559082,3.509999990463257,3.5999999046325684,3.5999999046325684,15239360
2026-05-06,3.5999999046325684,3.609999895095825,3.5299999713897705,3.569999933242798,3.569999933242798,15037449
2026-05-07,3.5799999237060547,3.5999999046325684,3.4600000381469727,3.4800000190734863,3.4800000190734863,13667620
2026-05-08,3.5,3.5199999809265137,3.430000066757202,3.5,3.5,14255520
2026-05-11,3.5,3.549999952316284,3.4600000381469727,3.509999990463257,3.509999990463257,12582304
2026-05-12,3.5,3.5199999809265137,3.440000057220459,3.470000028610229,3.470000028610229,11220380
2026-05-13,3.4800000190734863,3.4800000190734863,3.390000104904175,3.4100000858306885,3.4100000858306885,11020009
2026-05-14,3.4200000762939453,3.430000066757202,3.3499999046325684,3.3499999046325684,3.3499999046325684,11419100
2026-05-15,3.369999885559082,3.369999885559082,3.2300000190734863,3.2699999809265137,3.2699999809265137,13134696
2026-05-18,3.25,3.319999933242798,3.180000066757202,3.319999933242798,3.319999933242798,12639197
2026-05-19,3.3299999237060547,3.390000104904175,3.289999961853028,3.380000114440918,3.380000114440918,10717800
2026-05-20,3.369999885559082,3.440000057220459,3.3399999141693115,3.369999885559082,3.369999885559082,14058296
2026-05-21,3.359999895095825,3.369999885559082,3.140000104904175,3.150000095367432,3.150000095367432,15272900
2026-05-22,3.180000066757202,3.470000028610229,3.140000104904175,3.380000114440918,3.380000114440918,28254398
2026-05-25,3.319999933242798,3.5999999046325684,3.309999942779541,3.359999895095825,3.359999895095825,24861914
2026-05-26,3.400000095367432,3.430000066757202,3.180000066757202,3.220000028610229,3.220000028610229,17349424
2026-05-27,3.2300000190734863,3.319999933242798,3.150000095367432,3.200000047683716,3.200000047683716,16153795
2026-05-28,3.180000066757202,3.289999961853028,3.150000095367432,3.2699999809265137,3.2699999809265137,12186171
2026-05-29,3.259999990463257,3.380000114440918,3.220000028610229,3.25,3.25,13734328
2026-06-01,3.190000057220459,3.5799999237060547,3.130000114440918,3.5,3.5,41584590
2026-06-02,3.509999990463257,3.5799999237060547,3.369999885559082,3.4200000762939453,3.4200000762939453,27070785
2026-06-03,3.380000114440918,3.4800000190734863,3.2699999809265137,3.4200000762939453,3.4200000762939453,19332423
2026-06-04,3.4100000858306885,3.5199999809265137,3.3399999141693115,3.4800000190734863,3.4800000190734863,21658763
2026-06-05,3.450000047683716,3.630000114440918,3.450000047683716,3.509999990463257,3.509999990463257,22993600
2026-06-08,3.450000047683716,3.509999990463257,3.359999895095825,3.4200000762939453,3.4200000762939453,16239915
2026-06-09,3.4600000381469727,3.470000028610229,3.2300000190734863,3.359999895095825,3.359999895095825,19502600
2026-06-10,3.380000114440918,3.700000047683716,3.3299999237060547,3.700000047683716,3.700000047683716,62339724
2026-06-11,3.940000057220459,4.070000171661377,3.940000057220459,4.070000171661377,4.070000171661377,35676475
2026-06-12,3.869999885559082,4.179999828338623,3.75,3.990000009536743,3.990000009536743,97390448
2026-06-15,3.849999904632568,3.930000066757202,3.7799999713897705,3.839999914169312,3.839999914169312,58036301
2026-06-16,3.839999914169312,3.900000095367432,3.7100000381469727,3.829999923706055,3.829999923706055,45608285
2026-06-17,3.799999952316284,3.799999952316284,3.549999952316284,3.619999885559082,3.619999885559082,39127917
2026-06-18,3.5999999046325684,3.619999885559082,3.470000028610229,3.569999933242798,3.569999933242798,26739215
2026-06-22,3.5999999046325684,3.609999895095825,3.4600000381469727,3.5799999237060547,3.5799999237060547,23281040
2026-06-23,3.5299999713897705,3.690000057220459,3.4800000190734863,3.630000114440918,3.630000114440918,29155533
2026-06-24,3.5999999046325684,3.619999885559082,3.2699999809265137,3.4600000381469727,3.4600000381469727,38050729
2026-06-25,3.450000047683716,3.4800000190734863,3.3299999237060547,3.369999885559082,3.369999885559082,18356838
2026-06-26,3.3299999237060547,3.390000104904175,3.109999895095825,3.130000114440918,3.130000114440918,25374471
2026-06-29,3.1600000858306885,3.1600000858306885,2.819999933242798,2.9200000762939453,2.9200000762939453,27630075
2026-06-30,2.880000114440918,3.0199999809265137,2.8399999141693115,2.890000104904175,2.890000104904175,15654146
2026-07-01,2.950000047683716,3.180000066757202,2.8299999237060547,3.180000066757202,3.180000066757202,25593388
2026-07-02,3.1700000762939453,3.309999942779541,3.0799999237060547,3.0899999141693115,3.0899999141693115,26240600
2026-07-03,3.109999895095825,3.259999990463257,3.0999999046325684,3.109999895095825,3.109999895095825,18387796
2026-07-06,3.130000114440918,3.150000095367432,3.0199999809265137,3.0299999713897705,3.0299999713897705,15835500
2026-07-07,3.0199999809265137,3.180000066757202,2.9600000381469727,3.109999895095825,3.109999895095825,22528400
2026-07-08,3.0799999237060547,3.259999990463257,3.0299999713897705,3.059999942779541,3.059999942779541,14589900
2026-07-09,3.059999942779541,3.059999942779541,2.890000104904175,3.0,3.0,17310531
2026-07-10,3.0,3.299999952316284,2.940000057220459,3.069999933242798,3.069999933242798,26358920
2026-07-13,3.0299999713897705,3.150000095367432,2.900000095367432,2.9200000762939453,2.9200000762939453,21655938
2026-07-14,2.890000104904175,3.049999952316284,2.869999885559082,3.0,3.0,16677460
2026-07-15,3.0,3.0899999141693115,2.940000057220459,2.970000028610229,2.970000028610229,15534900
2026-07-16,2.9600000381469727,3.069999933242798,2.930000066757202,3.0,3.0,15966400
2026-07-17,2.970000028610229,3.049999952316284,2.8399999141693115,2.880000114440918,2.880000114440918,17214400
2026-07-20,2.859999895095825,2.970000028610229,2.819999933242798,2.859999895095825,2.859999895095825,14813590
2026-07-21,2.8499999046325684,2.859999895095825,2.6600000858306885,2.7699999809265137,2.7699999809265137,18957621
2026-07-22,2.75,2.819999933242798,2.720000028610229,2.740000009536743,2.740000009536743,10790400
2026-07-23,2.720000028610229,2.7799999713897705,2.690000057220459,2.7699999809265137,2.7699999809265137,11206400
2026-07-24,2.740000009536743,2.7699999809265137,2.650000095367432,2.6700000762939453,2.6700000762939453,8934800
2026-07-27,2.619999885559082,2.75,2.619999885559082,2.740000009536743,2.740000009536743,10172533
2026-07-28,2.7100000381469727,2.799999952316284,2.7100000381469727,2.75,2.75,8624900
2026-07-29,2.740000009536743,2.859999895095825,2.740000009536743,2.8399999141693115,2.8399999141693115,11278060
2026-07-30,2.8499999046325684,2.940000057220459,2.799999952316284,2.819999933242798,2.819999933242798,12532860
2026-07-31,2.8399999141693115,2.869999885559082,2.799999952316284,2.8399999141693115,2.8399999141693115,10701400
2026-08-03,2.8299999237060547,2.930000066757202,2.819999933242798,2.930000066757202,2.930000066757202,9800498
2026-08-04,2.940000057220459,2.9800000190734863,2.9200000762939453,2.970000028610229,2.970000028610229,8995956
2026-08-05,2.970000028610229,3.069999933242798,2.940000057220459,3.0299999713897705,3.0299999713897705,12774201
2026-08-06,3.039999961853028,3.3299999237060547,3.009999990463257,3.3299999237060547,3.3299999237060547,33491740
2026-08-07,3.3299999237060547,3.369999885559082,3.180000066757202,3.309999942779541,3.309999942779541,33645385
2026-08-10,3.2899999618530273,3.390000104904175,3.2200000286102295,3.3499999046325684,3.3499999046325684,19182829
2026-08-11,3.3399999141693115,3.430000066757202,3.25,3.4000000953674316,3.4000000953674316,13940540
2026-08-12,3.4000000953674316,3.5999999046325684,3.390000104904175,3.5899999141693115,3.5899999141693115,20425247
2026-08-13,3.569999933242798,3.6600000858306885,3.4600000381469727,3.4700000286102295,3.4700000286102295,21473040
2026-08-14,3.4600000381469727,3.5,3.4000000953674316,3.450000047683716,3.450000047683716,13856158
