Date,Open,High,Low,Close,Adj Close,Volume
2021-08-16,19.5,19.920000076293945,19.3799991607666,19.65999984741211,19.65999984741211,4518574
2021-08-17,19.610000610351562,21.6299991607666,19.190000534057617,21.6299991607666,21.6299991607666,20162254
2021-08-18,22.18000030517578,22.979999542236328,21.6299991607666,21.969999313354492,21.969999313354492,28037957
2021-08-19,21.899999618530273,21.899999618530273,20.989999771118164,21.110000610351562,21.110000610351562,14206368
2021-08-20,21.0,21.020000457763672,19.5,19.799999237060547,19.799999237060547,14547051
2021-08-23,19.889999389648438,20.100000381469727,19.389999389648438,19.889999389648438,19.889999389648438,9176034
2021-08-24,19.889999389648438,20.139999389648438,19.799999237060547,19.8799991607666,19.8799991607666,8064183
2021-08-25,19.860000610351562,21.079999923706055,19.600000381469727,20.639999389648438,20.639999389648438,12427776
2021-08-26,20.6200008392334,21.15999984741211,20.260000228881836,20.549999237060547,20.549999237060547,8511739
2021-08-27,20.559999465942383,20.780000686645508,20.040000915527344,20.299999237060547,20.299999237060547,6777527
2021-08-30,20.40999984741211,20.549999237060547,19.790000915527344,19.799999237060547,19.799999237060547,7455169
2021-08-31,19.799999237060547,20.049999237060547,19.610000610351562,19.65999984741211,19.65999984741211,4247128
2021-09-01,19.65999984741211,20.549999237060547,19.34000015258789,20.489999771118164,20.489999771118164,9977949
2021-09-02,20.5,21.15999984741211,20.239999771118164,20.860000610351562,20.860000610351562,10612544
2021-09-03,20.790000915527344,22.600000381469727,20.729999542236328,21.780000686645508,21.780000686645508,13830505
2021-09-06,21.8700008392334,22.450000762939453,21.43000030517578,21.989999771118164,21.989999771118164,10388723
2021-09-07,22.010000228881836,22.719999313354492,21.75,22.18000030517578,22.18000030517578,10589166
2021-09-08,22.469999313354492,22.469999313354492,21.809999465942383,22.309999465942383,22.309999465942383,10767513
2021-09-09,22.280000686645508,23.5,22.020000457763672,22.940000534057617,22.940000534057617,13669725
2021-09-10,22.920000076293945,23.190000534057617,22.329999923706055,22.600000381469727,22.600000381469727,8579659
2021-09-13,22.579999923706055,23.489999771118164,22.40999984741211,22.899999618530273,22.899999618530273,9215645
2021-09-14,23.0,23.299999237060547,22.399999618530273,22.5,22.5,8497926
2021-09-15,22.489999771118164,22.530000686645508,21.899999618530273,22.0,22.0,10967308
2021-09-16,21.93000030517578,22.790000915527344,21.93000030517578,21.969999313354492,21.969999313354492,9852697
2021-09-17,21.90999984741211,22.989999771118164,21.81999969482422,22.3799991607666,22.3799991607666,10816382
2021-09-22,22.079999923706055,23.6200008392334,21.899999618530273,23.049999237060547,23.049999237060547,11793847
2021-09-23,23.0,23.5,22.75,22.920000076293945,22.920000076293945,11132624
2021-09-24,23.1200008392334,25.100000381469727,22.649999618530273,24.299999237060547,24.299999237060547,21383228
2021-09-27,24.010000228881836,25.260000228881836,23.709999084472656,24.0,24.0,18344987
2021-09-28,24.149999618530273,24.84000015258789,23.850000381469727,24.209999084472656,24.209999084472656,13461394
2021-09-29,24.040000915527344,24.190000534057617,23.190000534057617,23.389999389648438,23.389999389648438,10744181
2021-09-30,23.6299991607666,24.290000915527344,23.440000534057617,23.940000534057617,23.940000534057617,9316503
2021-10-08,23.850000381469727,24.280000686645508,23.209999084472656,23.329999923706055,23.329999923706055,9418325
2021-10-11,23.3700008392334,24.139999389648438,23.299999237060547,23.600000381469727,23.600000381469727,9066582
2021-10-12,23.299999237060547,23.600000381469727,22.18000030517578,22.399999618530273,22.399999618530273,11483109
2021-10-13,22.209999084472656,23.18000030517578,22.200000762939453,22.799999237060547,22.799999237060547,7665252
2021-10-14,22.760000228881836,23.299999237060547,22.459999084472656,22.549999237060547,22.549999237060547,6787400
2021-10-15,22.520000457763672,22.84000015258789,22.290000915527344,22.420000076293945,22.420000076293945,6120916
2021-10-18,22.329999923706055,22.479999542236328,21.290000915527344,21.459999084472656,21.459999084472656,8733856
2021-10-19,21.459999084472656,21.829999923706055,21.350000381469727,21.639999389648438,21.639999389648438,4906031
2021-10-20,21.75,21.780000686645508,21.1299991607666,21.420000076293945,21.420000076293945,5489857
2021-10-21,21.3700008392334,21.540000915527344,20.899999618530273,21.049999237060547,21.049999237060547,5577900
2021-10-22,21.190000534057617,22.110000610351562,21.059999465942383,21.520000457763672,21.520000457763672,9193514
2021-10-25,21.559999465942383,21.75,21.049999237060547,21.219999313354492,21.219999313354492,5494494
2021-10-26,21.270000457763672,21.469999313354492,20.989999771118164,21.239999771118164,21.239999771118164,4280713
2021-10-27,21.190000534057617,21.239999771118164,20.25,20.31999969482422,20.31999969482422,6266962
2021-10-28,20.31999969482422,20.68000030517578,20.190000534057617,20.360000610351562,20.360000610351562,4082079
2021-10-29,20.290000915527344,20.559999465942383,19.81999969482422,20.459999084472656,20.459999084472656,4817700
2021-11-01,20.760000228881836,21.690000534057617,20.65999984741211,21.25,21.25,9668307
2021-11-02,21.100000381469727,21.440000534057617,20.31999969482422,20.399999618530273,20.399999618530273,8260339
2021-11-03,20.399999618530273,22.399999618530273,20.350000381469727,21.93000030517578,21.93000030517578,13430966
2021-11-04,21.649999618530273,22.049999237060547,21.540000915527344,21.940000534057617,21.940000534057617,7932680
2021-11-05,21.75,22.40999984741211,21.75,22.149999618530273,22.149999618530273,7604899
2021-11-08,22.010000228881836,22.09000015258789,21.399999618530273,21.770000457763672,21.770000457763672,6111001
2021-11-09,21.700000762939453,22.450000762939453,21.6200008392334,22.270000457763672,22.270000457763672,6252062
2021-11-10,22.260000228881836,22.56999969482422,21.950000762939453,22.299999237060547,22.299999237060547,7864846
2021-11-11,22.229999542236328,22.639999389648438,22.149999618530273,22.290000915527344,22.290000915527344,6847060
2021-11-12,22.299999237060547,22.420000076293945,22.0,22.299999237060547,22.299999237060547,5172481
2021-11-15,22.209999084472656,23.079999923706055,22.170000076293945,22.84000015258789,22.84000015258789,9421481
2021-11-16,22.75,23.40999984741211,22.700000762939453,23.020000457763672,23.020000457763672,8653795
2021-11-17,22.940000534057617,23.360000610351562,22.790000915527344,23.18000030517578,23.18000030517578,7360704
2021-11-18,23.18000030517578,23.549999237060547,23.010000228881836,23.299999237060547,23.299999237060547,7046612
2021-11-19,23.299999237060547,23.450000762939453,22.760000228881836,22.989999771118164,22.989999771118164,7076448
2021-11-22,22.93000030517578,23.149999618530273,22.739999771118164,22.899999618530273,22.899999618530273,5986058
2021-11-23,22.889999389648438,23.079999923706055,22.59000015258789,22.889999389648438,22.889999389648438,5455509
2021-11-24,22.950000762939453,23.610000610351562,22.889999389648438,23.049999237060547,23.049999237060547,8179345
2021-11-25,23.149999618530273,23.549999237060547,22.850000381469727,23.270000457763672,23.270000457763672,7764031
2021-11-26,23.31999969482422,23.350000381469727,22.479999542236328,22.649999618530273,22.649999618530273,8632861
2021-11-29,22.59000015258789,23.079999923706055,22.110000610351562,22.350000381469727,22.350000381469727,8240484
2021-11-30,22.200000762939453,22.3799991607666,21.59000015258789,22.360000610351562,22.360000610351562,11363939
2021-12-01,22.110000610351562,22.290000915527344,21.639999389648438,21.700000762939453,21.700000762939453,8657330
2021-12-02,21.780000686645508,21.780000686645508,20.979999542236328,20.989999771118164,20.989999771118164,9079491
2021-12-03,21.010000228881836,21.25,20.93000030517578,21.25,21.25,5447761
2021-12-06,21.229999542236328,21.309999465942383,20.84000015258789,20.850000381469727,20.850000381469727,7738181
2021-12-07,20.860000610351562,21.170000076293945,20.649999618530273,20.739999771118164,20.739999771118164,5426188
2021-12-08,20.770000457763672,21.15999984741211,20.770000457763672,20.860000610351562,20.860000610351562,6643728
2021-12-09,20.979999542236328,21.540000915527344,20.979999542236328,21.309999465942383,21.309999465942383,8146246
2021-12-10,21.399999618530273,21.520000457763672,21.15999984741211,21.479999542236328,21.479999542236328,8274854
2021-12-13,20.299999237060547,21.079999923706055,20.290000915527344,20.75,20.75,13233194
2021-12-14,20.760000228881836,21.290000915527344,20.700000762939453,20.899999618530273,20.899999618530273,6934140
2021-12-15,22.049999237060547,22.989999771118164,22.030000686645508,22.989999771118164,22.989999771118164,12077088
2021-12-16,23.56999969482422,23.579999923706055,22.389999389648438,23.0,23.0,20946490
2021-12-17,23.209999084472656,24.309999465942383,22.90999984741211,22.989999771118164,22.989999771118164,14171866
2021-12-20,24.219999313354492,24.770000457763672,23.770000457763672,24.06999969482422,24.06999969482422,19669231
2021-12-21,24.0,24.100000381469727,23.579999923706055,23.739999771118164,23.739999771118164,9012746
2021-12-22,23.6200008392334,24.700000762939453,23.559999465942383,24.299999237060547,24.299999237060547,11948316
2021-12-23,24.25,24.270000457763672,23.850000381469727,23.950000762939453,23.950000762939453,7778863
2021-12-24,23.850000381469727,24.299999237060547,23.649999618530273,23.899999618530273,23.899999618530273,7195935
2021-12-27,23.899999618530273,24.3799991607666,23.489999771118164,24.09000015258789,24.09000015258789,7758386
2021-12-28,23.899999618530273,24.459999084472656,23.850000381469727,24.110000610351562,24.110000610351562,6150625
2021-12-29,23.989999771118164,26.200000762939453,23.959999084472656,25.0,25.0,15701744
2021-12-30,24.989999771118164,25.100000381469727,24.5,24.850000381469727,24.850000381469727,8900316
2021-12-31,24.829999923706055,25.389999389648438,24.549999237060547,25.239999771118164,25.239999771118164,8778657
2022-01-04,25.049999237060547,25.639999389648438,24.850000381469727,25.030000686645508,25.030000686645508,7071369
2022-01-05,25.030000686645508,25.059999465942383,24.200000762939453,24.34000015258789,24.34000015258789,9256562
2022-01-06,24.110000610351562,24.690000534057617,24.020000457763672,24.34000015258789,24.34000015258789,8016054
2022-01-07,24.540000915527344,26.139999389648438,24.139999389648438,24.920000076293945,24.920000076293945,18493605
2022-01-10,24.700000762939453,25.059999465942383,24.290000915527344,24.829999923706055,24.829999923706055,9172913
2022-01-11,24.780000686645508,25.3799991607666,24.6299991607666,24.760000228881836,24.760000228881836,9226249
2022-01-12,24.68000030517578,25.079999923706055,24.459999084472656,24.520000457763672,24.520000457763672,7689738
2022-01-13,24.469999313354492,24.700000762939453,23.56999969482422,23.690000534057617,23.690000534057617,9344099
2022-01-14,23.600000381469727,26.059999465942383,23.600000381469727,26.059999465942383,26.059999465942383,22406210
2022-01-17,26.84000015258789,28.670000076293945,25.770000457763672,28.670000076293945,28.670000076293945,47960043
2022-01-18,27.510000228881836,27.520000457763672,25.799999237060547,25.799999237060547,25.799999237060547,31201046
2022-01-19,25.079999923706055,25.969999313354492,24.889999389648438,25.579999923706055,25.579999923706055,16225987
2022-01-20,25.549999237060547,25.950000762939453,24.690000534057617,24.75,24.75,11418698
2022-01-21,24.510000228881836,24.75,23.270000457763672,23.700000762939453,23.700000762939453,11966969
2022-01-24,23.530000686645508,24.200000762939453,23.200000762939453,23.950000762939453,23.950000762939453,7787647
2022-01-25,23.790000915527344,24.020000457763672,22.149999618530273,22.260000228881836,22.260000228881836,9217446
2022-01-26,22.290000915527344,22.709999084472656,22.200000762939453,22.260000228881836,22.260000228881836,5455808
2022-01-27,22.3799991607666,22.610000610351562,21.649999618530273,21.989999771118164,21.989999771118164,5979618
2022-01-28,22.030000686645508,22.229999542236328,21.329999923706055,21.860000610351562,21.860000610351562,7439587
2022-02-07,22.5,23.15999984741211,22.479999542236328,22.93000030517578,22.93000030517578,6664667
2022-02-08,22.829999923706055,23.260000228881836,22.510000228881836,23.190000534057617,23.190000534057617,6127771
2022-02-09,23.139999389648438,23.65999984741211,23.010000228881836,23.56999969482422,23.56999969482422,4832189
2022-02-10,23.3799991607666,23.530000686645508,23.010000228881836,23.229999542236328,23.229999542236328,4370223
2022-02-11,23.239999771118164,23.850000381469727,23.15999984741211,23.3799991607666,23.3799991607666,6259699
2022-02-14,23.0,23.3799991607666,22.899999618530273,23.09000015258789,23.09000015258789,3794214
2022-02-15,23.229999542236328,23.959999084472656,23.059999465942383,23.770000457763672,23.770000457763672,6893015
2022-02-16,23.75,23.899999618530273,23.5,23.75,23.75,4290246
2022-02-17,24.299999237060547,24.700000762939453,23.68000030517578,23.739999771118164,23.739999771118164,7077137
2022-02-18,23.399999618530273,24.770000457763672,23.389999389648438,24.700000762939453,24.700000762939453,8960090
2022-02-21,24.770000457763672,24.920000076293945,24.309999465942383,24.8799991607666,24.8799991607666,5667583
2022-02-22,24.65999984741211,24.8799991607666,24.110000610351562,24.399999618530273,24.399999618530273,5647425
2022-02-23,24.25,24.770000457763672,24.25,24.5,24.5,4737477
2022-02-24,24.440000534057617,25.18000030517578,23.780000686645508,24.229999542236328,24.229999542236328,11422442
2022-02-25,24.450000762939453,25.170000076293945,24.399999618530273,24.729999542236328,24.729999542236328,7935015
2022-02-28,24.600000381469727,24.8799991607666,24.059999465942383,24.299999237060547,24.299999237060547,6509900
2022-03-01,24.399999618530273,24.469999313354492,23.780000686645508,23.959999084472656,23.959999084472656,4735135
2022-03-02,23.989999771118164,24.18000030517578,23.649999618530273,24.0,24.0,4907490
2022-03-03,24.0,25.1299991607666,23.899999618530273,24.389999389648438,24.389999389648438,10833568
2022-03-04,24.329999923706055,24.780000686645508,23.979999542236328,24.1200008392334,24.1200008392334,7442563
2022-03-07,23.979999542236328,24.260000228881836,23.1299991607666,23.219999313354492,23.219999313354492,7553595
2022-03-08,23.200000762939453,23.459999084472656,22.459999084472656,22.489999771118164,22.489999771118164,6402239
2022-03-09,22.540000915527344,22.65999984741211,21.40999984741211,22.1200008392334,22.1200008392334,7554323
2022-03-10,22.649999618530273,23.0,22.479999542236328,22.670000076293945,22.670000076293945,5763047
2022-03-11,22.510000228881836,24.299999237060547,22.270000457763672,24.299999237060547,24.299999237060547,12591119
2022-03-14,24.690000534057617,25.649999618530273,23.579999923706055,24.579999923706055,24.579999923706055,18490552
2022-03-15,24.0,24.68000030517578,23.290000915527344,23.3700008392334,23.3700008392334,14173339
2022-03-16,23.790000915527344,23.850000381469727,21.899999618530273,23.100000381469727,23.100000381469727,13357334
2022-03-17,23.290000915527344,24.8799991607666,23.030000686645508,24.18000030517578,24.18000030517578,17112641
2022-03-18,23.969999313354492,24.579999923706055,23.860000610351562,24.34000015258789,24.34000015258789,8076443
2022-03-21,24.350000381469727,24.84000015258789,24.100000381469727,24.549999237060547,24.549999237060547,7807029
2022-03-22,24.549999237060547,24.600000381469727,24.030000686645508,24.059999465942383,24.059999465942383,6471382
2022-03-23,24.059999465942383,24.290000915527344,23.739999771118164,23.899999618530273,23.899999618530273,6828986
2022-03-24,23.6200008392334,24.829999923706055,23.489999771118164,24.6299991607666,24.6299991607666,10665678
2022-03-25,24.559999465942383,24.799999237060547,23.8799991607666,23.899999618530273,23.899999618530273,7528878
2022-03-28,23.809999465942383,23.959999084472656,23.010000228881836,23.239999771118164,23.239999771118164,7109689
2022-03-29,23.049999237060547,23.709999084472656,23.020000457763672,23.139999389648438,23.139999389648438,5309804
2022-03-30,23.25,23.510000228881836,22.850000381469727,23.360000610351562,23.360000610351562,4841162
2022-03-31,23.440000534057617,24.899999618530273,23.270000457763672,24.520000457763672,24.520000457763672,16024967
2022-04-01,24.31999969482422,24.3700008392334,23.799999237060547,23.989999771118164,23.989999771118164,8136049
2022-04-06,24.0,24.59000015258789,23.979999542236328,24.020000457763672,24.020000457763672,7544766
2022-04-07,23.649999618530273,23.899999618530273,23.049999237060547,23.100000381469727,23.100000381469727,7138033
2022-04-08,23.040000915527344,23.1200008392334,22.350000381469727,22.84000015258789,22.84000015258789,7163619
2022-04-11,22.690000534057617,22.729999542236328,21.280000686645508,21.479999542236328,21.479999542236328,11717753
2022-04-12,21.579999923706055,21.799999237060547,21.200000762939453,21.780000686645508,21.780000686645508,6160512
2022-04-13,21.649999618530273,23.09000015258789,21.350000381469727,22.610000610351562,22.610000610351562,11050481
2022-04-14,22.520000457763672,24.09000015258789,22.5,23.68000030517578,23.68000030517578,12994233
2022-04-15,23.5,23.989999771118164,23.1299991607666,23.260000228881836,23.260000228881836,8637969
2022-04-18,23.260000228881836,23.270000457763672,22.510000228881836,22.770000457763672,22.770000457763672,5971874
2022-04-19,22.489999771118164,23.5,22.25,22.93000030517578,22.93000030517578,6302216
2022-04-20,22.75,23.09000015258789,22.200000762939453,22.25,22.25,6337777
2022-04-21,22.25,22.350000381469727,21.360000610351562,21.450000762939453,21.450000762939453,8362678
2022-04-22,21.299999237060547,21.299999237060547,20.649999618530273,21.1200008392334,21.1200008392334,6687537
2022-04-25,20.600000381469727,20.709999084472656,19.010000228881836,19.010000228881836,19.010000228881836,10869146
2022-04-26,18.700000762939453,18.760000228881836,17.110000610351562,17.229999542236328,17.229999542236328,11785455
2022-04-27,16.809999465942383,18.3799991607666,16.729999542236328,18.149999618530273,18.149999618530273,9522712
2022-04-28,18.100000381469727,18.170000076293945,17.729999542236328,17.969999313354492,17.969999313354492,5777800
2022-04-29,18.18000030517578,18.959999084472656,18.059999465942383,18.649999618530273,18.649999618530273,7398200
2022-05-05,18.59000015258789,19.110000610351562,18.40999984741211,19.030000686645508,19.030000686645508,6576215
2022-05-06,18.579999923706055,19.290000915527344,18.520000457763672,18.93000030517578,18.93000030517578,5144586
2022-05-09,18.899999618530273,19.639999389648438,18.770000457763672,19.350000381469727,19.350000381469727,5482125
2022-05-10,19.1200008392334,19.389999389648438,18.799999237060547,19.229999542236328,19.229999542236328,5502200
2022-05-11,19.200000762939453,19.809999465942383,19.200000762939453,19.309999465942383,19.309999465942383,5588653
2022-05-12,19.1299991607666,19.579999923706055,19.1200008392334,19.43000030517578,19.43000030517578,3038369
2022-05-13,19.479999542236328,19.81999969482422,19.0,19.209999084472656,19.209999084472656,4505601
2022-05-16,19.260000228881836,19.5,18.860000610351562,18.940000534057617,18.940000534057617,4371400
2022-05-17,18.940000534057617,19.100000381469727,18.520000457763672,18.690000534057617,18.690000534057617,5324394
2022-05-18,18.8700008392334,18.8799991607666,18.40999984741211,18.440000534057617,18.440000534057617,4797626
2022-05-19,18.139999389648438,18.3799991607666,18.110000610351562,18.350000381469727,18.350000381469727,3129099
2022-05-20,18.440000534057617,18.770000457763672,18.3799991607666,18.600000381469727,18.600000381469727,4541797
2022-05-23,18.75,19.0,18.709999084472656,18.8700008392334,18.8700008392334,4257623
2022-05-24,18.959999084472656,18.959999084472656,17.610000610351562,17.6299991607666,17.6299991607666,7316100
2022-05-25,17.639999389648438,18.219999313354492,17.6299991607666,18.0,18.0,4148568
2022-05-26,18.200000762939453,18.329999923706055,17.579999923706055,17.979999542236328,17.979999542236328,3910990
2022-05-27,18.100000381469727,18.100000381469727,17.579999923706055,17.709999084472656,17.709999084472656,4099700
2022-05-30,17.989999771118164,18.5,17.68000030517578,18.06999969482422,18.06999969482422,4370100
2022-05-31,18.09000015258789,18.440000534057617,18.0,18.40999984741211,18.40999984741211,4763559
2022-06-01,18.440000534057617,18.59000015258789,18.25,18.43000030517578,18.43000030517578,4259781
2022-06-02,18.34000015258789,18.479999542236328,18.059999465942383,18.420000076293945,18.420000076293945,4502557
2022-06-06,18.3799991607666,18.719999313354492,18.3799991607666,18.68000030517578,18.68000030517578,4855200
2022-06-07,18.68000030517578,18.950000762939453,18.579999923706055,18.850000381469727,18.850000381469727,5193121
2022-06-08,18.850000381469727,18.959999084472656,18.450000762939453,18.690000534057617,18.690000534057617,4866675
2022-06-09,18.790000915527344,18.889999389648438,18.530000686645508,18.65999984741211,18.65999984741211,5390601
2022-06-10,18.520000457763672,19.079999923706055,18.5,19.049999237060547,19.049999237060547,6360606
2022-06-13,18.940000534057617,19.079999923706055,18.690000534057617,18.90999984741211,18.90999984741211,4310042
2022-06-14,18.75,18.829999923706055,18.200000762939453,18.780000686645508,18.780000686645508,5069128
2022-06-15,18.920000076293945,19.25,18.790000915527344,18.90999984741211,18.90999984741211,5963782
2022-06-16,18.899999618530273,19.68000030517578,18.850000381469727,19.360000610351562,19.360000610351562,6411829
2022-06-17,19.34000015258789,19.549999237060547,19.020000457763672,19.450000762939453,19.450000762939453,5543631
2022-06-20,19.440000534057617,19.850000381469727,19.420000076293945,19.559999465942383,19.559999465942383,4465950
2022-06-21,19.59000015258789,19.729999542236328,19.149999618530273,19.350000381469727,19.350000381469727,5082723
2022-06-22,19.350000381469727,19.459999084472656,18.979999542236328,19.020000457763672,19.020000457763672,4824646
2022-06-23,19.1200008392334,19.520000457763672,18.989999771118164,19.219999313354492,19.219999313354492,5097731
2022-06-24,19.229999542236328,19.520000457763672,19.1299991607666,19.329999923706055,19.329999923706055,5003518
2022-06-27,19.5,19.549999237060547,19.139999389648438,19.329999923706055,19.329999923706055,5941154
2022-06-28,19.329999923706055,19.510000228881836,19.030000686645508,19.3799991607666,19.3799991607666,5098868
2022-06-29,19.3799991607666,19.850000381469727,19.239999771118164,19.280000686645508,19.280000686645508,7404591
2022-06-30,19.299999237060547,19.850000381469727,19.239999771118164,19.469999313354492,19.469999313354492,6208552
2022-07-01,19.530000686645508,19.6299991607666,19.260000228881836,19.350000381469727,19.350000381469727,4067621
2022-07-04,19.350000381469727,19.760000228881836,19.25,19.75,19.75,6379194
2022-07-05,19.790000915527344,19.799999237060547,19.299999237060547,19.5,19.5,5519418
2022-07-06,19.479999542236328,19.579999923706055,18.799999237060547,19.020000457763672,19.020000457763672,5000800
2022-07-07,19.030000686645508,19.09000015258789,18.68000030517578,18.81999969482422,18.81999969482422,4374965
2022-07-08,18.860000610351562,19.40999984741211,18.860000610351562,19.1299991607666,19.1299991607666,5068302
2022-07-11,19.18000030517578,19.329999923706055,18.709999084472656,18.780000686645508,18.780000686645508,4289271
2022-07-12,18.780000686645508,18.889999389648438,17.940000534057617,18.0,18.0,6890500
2022-07-13,18.09000015258789,18.209999084472656,17.979999542236328,18.1299991607666,18.1299991607666,3682511
2022-07-14,18.1299991607666,18.5,18.030000686645508,18.18000030517578,18.18000030517578,3516128
2022-07-15,18.200000762939453,18.350000381469727,17.850000381469727,17.920000076293945,17.920000076293945,3841912
2022-07-18,17.93000030517578,18.1299991607666,17.75,18.030000686645508,18.030000686645508,3308616
2022-07-19,18.040000915527344,18.209999084472656,17.90999984741211,18.170000076293945,18.170000076293945,3184872
2022-07-20,18.110000610351562,18.600000381469727,18.110000610351562,18.600000381469727,18.600000381469727,4689468
2022-07-21,18.520000457763672,18.709999084472656,18.229999542236328,18.260000228881836,18.260000228881836,3217806
2022-07-22,18.260000228881836,18.479999542236328,18.0,18.139999389648438,18.139999389648438,3229164
2022-07-25,18.239999771118164,18.440000534057617,18.030000686645508,18.200000762939453,18.200000762939453,2504761
2022-07-26,18.219999313354492,18.260000228881836,17.979999542236328,18.139999389648438,18.139999389648438,2814029
2022-07-27,18.040000915527344,18.209999084472656,18.0,18.15999984741211,18.15999984741211,2303563
2022-07-28,18.190000534057617,18.43000030517578,18.149999618530273,18.200000762939453,18.200000762939453,3397364
2022-07-29,18.209999084472656,18.299999237060547,18.0,18.010000228881836,18.010000228881836,3484819
2022-08-01,17.8700008392334,18.110000610351562,17.799999237060547,18.0,18.0,3091570
2022-08-02,17.899999618530273,17.899999618530273,16.979999542236328,17.079999923706055,17.079999923706055,7442088
2022-08-03,17.059999465942383,17.559999465942383,17.010000228881836,17.09000015258789,17.09000015258789,4347871
2022-08-04,17.170000076293945,17.450000762939453,17.1200008392334,17.3700008392334,17.3700008392334,2978660
2022-08-05,17.3700008392334,17.950000762939453,17.309999465942383,17.889999389648438,17.889999389648438,3873680
2022-08-08,17.899999618530273,18.06999969482422,17.799999237060547,17.93000030517578,17.93000030517578,2973893
2022-08-09,18.100000381469727,18.1299991607666,17.68000030517578,17.969999313354492,17.969999313354492,3069543
2022-08-10,17.93000030517578,17.979999542236328,17.68000030517578,17.700000762939453,17.700000762939453,2166871
2022-08-11,17.81999969482422,19.469999313354492,17.809999465942383,19.469999313354492,19.469999313354492,15821298
2022-08-12,19.729999542236328,19.729999542236328,19.100000381469727,19.350000381469727,19.350000381469727,14274283
2022-08-15,19.489999771118164,19.65999984741211,18.899999618530273,19.0,19.0,7895194
2022-08-16,19.040000915527344,19.68000030517578,18.90999984741211,19.549999237060547,19.549999237060547,9449832
2022-08-17,19.549999237060547,19.780000686645508,19.309999465942383,19.420000076293945,19.420000076293945,4468054
2022-08-18,19.3700008392334,19.43000030517578,19.049999237060547,19.1299991607666,19.1299991607666,5333232
2022-08-19,19.25,19.360000610351562,18.8799991607666,18.90999984741211,18.90999984741211,6266951
2022-08-22,18.889999389648438,19.030000686645508,18.649999618530273,18.8799991607666,18.8799991607666,4699904
2022-08-23,18.8700008392334,19.100000381469727,18.530000686645508,18.940000534057617,18.940000534057617,6115752
2022-08-24,18.75,18.889999389648438,18.139999389648438,18.209999084472656,18.209999084472656,5635007
2022-08-25,18.229999542236328,18.459999084472656,18.030000686645508,18.290000915527344,18.290000915527344,4134303
2022-08-26,18.25,18.5,18.010000228881836,18.09000015258789,18.09000015258789,3610777
2022-08-29,17.889999389648438,18.190000534057617,17.770000457763672,18.18000030517578,18.18000030517578,2330600
2022-08-30,18.020000457763672,18.479999542236328,17.920000076293945,18.1200008392334,18.1200008392334,2479886
2022-08-31,18.030000686645508,18.579999923706055,17.979999542236328,18.149999618530273,18.149999618530273,6324129
2022-09-01,18.1299991607666,18.329999923706055,17.68000030517578,17.770000457763672,17.770000457763672,5228367
2022-09-02,17.610000610351562,17.989999771118164,17.610000610351562,17.809999465942383,17.809999465942383,2952434
2022-09-05,17.979999542236328,18.260000228881836,17.700000762939453,17.860000610351562,17.860000610351562,3364347
2022-09-06,17.850000381469727,18.040000915527344,17.75,18.030000686645508,18.030000686645508,3234341
2022-09-07,18.030000686645508,18.40999984741211,17.829999923706055,18.149999618530273,18.149999618530273,4805795
2022-09-08,18.049999237060547,18.25,17.700000762939453,17.799999237060547,17.799999237060547,3905284
2022-09-09,17.799999237060547,18.0,17.75,17.850000381469727,17.850000381469727,3443841
2022-09-13,17.90999984741211,18.450000762939453,17.850000381469727,18.219999313354492,18.219999313354492,5506784
2022-09-14,18.06999969482422,18.219999313354492,17.860000610351562,18.209999084472656,18.209999084472656,3375626
2022-09-15,18.299999237060547,18.530000686645508,17.75,17.969999313354492,17.969999313354492,5258653
2022-09-16,17.950000762939453,17.950000762939453,17.40999984741211,17.450000762939453,17.450000762939453,5076516
2022-09-19,17.530000686645508,17.670000076293945,17.049999237060547,17.110000610351562,17.110000610351562,3159227
2022-09-20,17.270000457763672,17.350000381469727,17.100000381469727,17.270000457763672,17.270000457763672,2034038
2022-09-21,17.229999542236328,17.440000534057617,17.15999984741211,17.360000610351562,17.360000610351562,2890125
2022-09-22,17.350000381469727,17.399999618530273,17.209999084472656,17.299999237060547,17.299999237060547,2246600
2022-09-23,17.299999237060547,17.360000610351562,16.969999313354492,17.170000076293945,17.170000076293945,2641750
2022-09-26,17.049999237060547,17.18000030517578,16.65999984741211,16.700000762939453,16.700000762939453,2749588
2022-09-27,16.709999084472656,17.489999771118164,16.709999084472656,17.40999984741211,17.40999984741211,3958517
2022-09-28,17.399999618530273,17.600000381469727,16.989999771118164,17.0,17.0,2755700
2022-09-29,17.110000610351562,17.5,16.889999389648438,16.889999389648438,16.889999389648438,3360400
2022-09-30,16.860000610351562,17.18000030517578,16.790000915527344,16.93000030517578,16.93000030517578,2384635
2022-10-10,17.020000457763672,17.020000457763672,16.079999923706055,16.149999618530273,16.149999618530273,4889976
2022-10-11,16.149999618530273,16.260000228881836,15.59000015258789,15.770000457763672,15.770000457763672,4120842
2022-10-12,15.770000457763672,16.389999389648438,15.579999923706055,16.360000610351562,16.360000610351562,3360081
2022-10-13,16.200000762939453,17.5,16.100000381469727,17.15999984741211,17.15999984741211,6923445
2022-10-14,17.15999984741211,17.829999923706055,17.15999984741211,17.649999618530273,17.649999618530273,6490557
2022-10-17,17.600000381469727,17.920000076293945,17.579999923706055,17.719999313354492,17.719999313354492,4417371
2022-10-18,17.770000457763672,18.3799991607666,17.489999771118164,18.09000015258789,18.09000015258789,6303466
2022-10-19,18.06999969482422,18.68000030517578,17.770000457763672,17.860000610351562,17.860000610351562,7049368
2022-10-20,17.780000686645508,18.110000610351562,17.610000610351562,17.709999084472656,17.709999084472656,4503537
2022-10-21,17.690000534057617,18.190000534057617,17.65999984741211,17.850000381469727,17.850000381469727,3573675
2022-10-24,17.860000610351562,18.18000030517578,17.329999923706055,17.43000030517578,17.43000030517578,4891312
2022-10-25,17.3799991607666,17.610000610351562,17.059999465942383,17.149999618530273,17.149999618530273,4651710
2022-10-26,17.280000686645508,18.040000915527344,17.280000686645508,17.979999542236328,17.979999542236328,6335786
2022-10-27,17.979999542236328,19.479999542236328,17.780000686645508,18.8799991607666,18.8799991607666,14240092
2022-10-28,18.84000015258789,19.0,18.100000381469727,18.229999542236328,18.229999542236328,8031282
2022-10-31,18.200000762939453,19.030000686645508,18.100000381469727,18.809999465942383,18.809999465942383,9034998
2022-11-01,18.8799991607666,19.190000534057617,18.450000762939453,18.899999618530273,18.899999618530273,8697615
2022-11-02,19.0,19.770000457763672,18.770000457763672,19.399999618530273,19.399999618530273,12721753
2022-11-03,19.15999984741211,20.549999237060547,19.15999984741211,20.020000457763672,20.020000457763672,15565582
2022-11-04,19.829999923706055,19.8799991607666,19.100000381469727,19.440000534057617,19.440000534057617,18853776
2022-11-07,19.34000015258789,19.350000381469727,18.8799991607666,19.170000076293945,19.170000076293945,8159160
2022-11-08,19.100000381469727,19.280000686645508,18.899999618530273,19.190000534057617,19.190000534057617,4651485
2022-11-09,19.229999542236328,19.3799991607666,19.059999465942383,19.190000534057617,19.190000534057617,4644619
2022-11-10,19.030000686645508,19.290000915527344,18.950000762939453,18.950000762939453,18.950000762939453,5153421
2022-11-11,19.329999923706055,19.65999984741211,19.0,19.0,19.0,10532940
2022-11-14,18.850000381469727,19.360000610351562,18.850000381469727,19.270000457763672,19.270000457763672,6051890
2022-11-15,19.25,19.549999237060547,19.020000457763672,19.440000534057617,19.440000534057617,5472545
2022-11-16,19.489999771118164,19.549999237060547,19.219999313354492,19.260000228881836,19.260000228881836,4477989
2022-11-17,19.1299991607666,19.450000762939453,19.1200008392334,19.299999237060547,19.299999237060547,3419051
2022-11-18,19.270000457763672,19.68000030517578,19.270000457763672,19.40999984741211,19.40999984741211,5570700
2022-11-21,19.209999084472656,19.549999237060547,19.1299991607666,19.280000686645508,19.280000686645508,5034029
2022-11-22,19.190000534057617,19.469999313354492,18.700000762939453,18.809999465942383,18.809999465942383,7124392
2022-11-23,19.239999771118164,19.239999771118164,18.489999771118164,18.75,18.75,5324874
2022-11-24,18.700000762939453,18.989999771118164,18.5,18.68000030517578,18.68000030517578,3711284
2022-11-25,18.700000762939453,18.790000915527344,18.280000686645508,18.5,18.5,3073773
2022-11-28,18.219999313354492,18.600000381469727,18.030000686645508,18.170000076293945,18.170000076293945,3537680
2022-11-29,18.219999313354492,19.049999237060547,18.209999084472656,18.940000534057617,18.940000534057617,6672400
2022-11-30,18.799999237060547,19.059999465942383,18.540000915527344,18.59000015258789,18.59000015258789,3894980
2022-12-01,18.75,18.8799991607666,18.40999984741211,18.549999237060547,18.549999237060547,3826978
2022-12-02,18.549999237060547,18.780000686645508,18.40999984741211,18.520000457763672,18.520000457763672,3140066
2022-12-05,18.68000030517578,18.84000015258789,18.40999984741211,18.56999969482422,18.56999969482422,3861292
2022-12-06,18.450000762939453,18.649999618530273,18.15999984741211,18.209999084472656,18.209999084472656,3900429
2022-12-07,18.18000030517578,18.540000915527344,18.030000686645508,18.469999313354492,18.469999313354492,3628656
2022-12-08,18.5,18.649999618530273,18.290000915527344,18.3700008392334,18.3700008392334,2674729
2022-12-09,18.3700008392334,19.09000015258789,18.31999969482422,18.75,18.75,7795325
2022-12-12,18.899999618530273,19.3700008392334,18.760000228881836,19.110000610351562,19.110000610351562,7527447
2022-12-13,19.0,19.15999984741211,18.68000030517578,19.149999618530273,19.149999618530273,6998270
2022-12-14,19.06999969482422,19.079999923706055,18.6200008392334,18.690000534057617,18.690000534057617,4810800
2022-12-15,18.65999984741211,18.850000381469727,18.56999969482422,18.579999923706055,18.579999923706055,3006410
2022-12-16,18.540000915527344,18.690000534057617,18.450000762939453,18.68000030517578,18.68000030517578,3316139
2022-12-19,18.450000762939453,18.59000015258789,17.450000762939453,17.5,17.5,7757525
2022-12-20,17.459999084472656,17.690000534057617,17.299999237060547,17.540000915527344,17.540000915527344,2974901
2022-12-21,17.559999465942383,17.600000381469727,17.110000610351562,17.290000915527344,17.290000915527344,3847501
2022-12-22,17.34000015258789,17.389999389648438,16.860000610351562,16.889999389648438,16.889999389648438,4301602
2022-12-23,16.93000030517578,17.190000534057617,16.829999923706055,17.139999389648438,17.139999389648438,2503900
2022-12-26,17.079999923706055,17.209999084472656,16.979999542236328,17.100000381469727,17.100000381469727,2817990
2022-12-27,17.020000457763672,17.149999618530273,16.760000228881836,17.09000015258789,17.09000015258789,2841167
2022-12-28,16.969999313354492,17.149999618530273,16.799999237060547,16.90999984741211,16.90999984741211,2669255
2022-12-29,16.8799991607666,17.260000228881836,16.809999465942383,17.010000228881836,17.010000228881836,2901276
2022-12-30,17.200000762939453,17.200000762939453,16.8700008392334,17.010000228881836,17.010000228881836,1766600
2023-01-03,17.010000228881836,17.329999923706055,16.969999313354492,17.219999313354492,17.219999313354492,3815578
2023-01-04,17.1200008392334,17.389999389648438,17.110000610351562,17.270000457763672,17.270000457763672,3131081
2023-01-05,17.200000762939453,17.8799991607666,17.190000534057617,17.799999237060547,17.799999237060547,6524960
2023-01-06,18.25,18.270000457763672,17.56999969482422,17.6200008392334,17.6200008392334,5345685
2023-01-09,17.600000381469727,17.799999237060547,17.469999313354492,17.559999465942383,17.559999465942383,2983700
2023-01-10,17.549999237060547,17.639999389648438,17.34000015258789,17.440000534057617,17.440000534057617,2154685
2023-01-11,17.420000076293945,17.530000686645508,17.299999237060547,17.299999237060547,17.299999237060547,2320902
2023-01-12,17.360000610351562,17.459999084472656,17.18000030517578,17.229999542236328,17.229999542236328,2210698
2023-01-13,17.440000534057617,17.579999923706055,17.190000534057617,17.579999923706055,17.579999923706055,3110654
2023-01-16,17.540000915527344,18.5,17.489999771118164,18.329999923706055,18.329999923706055,9556515
2023-01-17,18.329999923706055,18.40999984741211,18.0,18.049999237060547,18.049999237060547,3657064
2023-01-18,18.149999618530273,18.149999618530273,17.899999618530273,18.010000228881836,18.010000228881836,2412928
2023-01-19,18.010000228881836,18.200000762939453,17.899999618530273,18.149999618530273,18.149999618530273,2302135
2023-01-20,18.200000762939453,18.31999969482422,18.040000915527344,18.15999984741211,18.15999984741211,3058240
2023-01-30,18.25,18.549999237060547,18.25,18.329999923706055,18.329999923706055,3850654
2023-01-31,18.299999237060547,18.34000015258789,18.139999389648438,18.149999618530273,18.149999618530273,2563400
2023-02-01,18.15999984741211,18.450000762939453,18.06999969482422,18.3700008392334,18.3700008392334,4158054
2023-02-02,18.43000030517578,19.149999618530273,18.3700008392334,18.799999237060547,18.799999237060547,8063227
2023-02-03,18.81999969482422,19.18000030517578,18.610000610351562,18.729999542236328,18.729999542236328,5222228
2023-02-06,18.719999313354492,18.799999237060547,18.43000030517578,18.530000686645508,18.530000686645508,3851906
2023-02-07,18.530000686645508,18.670000076293945,18.450000762939453,18.540000915527344,18.540000915527344,2802750
2023-02-08,18.540000915527344,18.6200008392334,18.399999618530273,18.479999542236328,18.479999542236328,2593700
2023-02-09,18.540000915527344,18.579999923706055,18.34000015258789,18.549999237060547,18.549999237060547,4829200
2023-02-10,18.549999237060547,18.68000030517578,18.239999771118164,18.360000610351562,18.360000610351562,3462501
2023-02-13,18.31999969482422,18.610000610351562,18.309999465942383,18.440000534057617,18.440000534057617,3431300
2023-02-14,18.469999313354492,18.75,18.389999389648438,18.709999084472656,18.709999084472656,4635609
2023-02-15,18.649999618530273,18.700000762939453,18.3700008392334,18.469999313354492,18.469999313354492,3805620
2023-02-16,18.59000015258789,18.700000762939453,18.030000686645508,18.170000076293945,18.170000076293945,5330751
2023-02-17,18.209999084472656,18.34000015258789,18.1299991607666,18.15999984741211,18.15999984741211,2657098
2023-02-20,18.200000762939453,18.309999465942383,17.850000381469727,18.239999771118164,18.239999771118164,4714760
2023-02-21,18.25,18.420000076293945,18.18000030517578,18.260000228881836,18.260000228881836,3600797
2023-02-22,18.270000457763672,18.770000457763672,18.09000015258789,18.549999237060547,18.549999237060547,7108055
2023-02-23,18.510000228881836,18.610000610351562,18.079999923706055,18.170000076293945,18.170000076293945,4948282
2023-02-24,18.200000762939453,18.280000686645508,17.989999771118164,18.030000686645508,18.030000686645508,3113900
2023-02-27,18.020000457763672,18.06999969482422,17.540000915527344,17.549999237060547,17.549999237060547,5497984
2023-02-28,17.600000381469727,18.260000228881836,17.510000228881836,18.110000610351562,18.110000610351562,6026716
2023-03-01,18.110000610351562,18.229999542236328,17.969999313354492,18.18000030517578,18.18000030517578,4181701
2023-03-02,18.200000762939453,18.350000381469727,18.09000015258789,18.110000610351562,18.110000610351562,3601741
2023-03-03,18.209999084472656,18.31999969482422,18.010000228881836,18.200000762939453,18.200000762939453,3752805
2023-03-06,18.1299991607666,18.5,18.1299991607666,18.350000381469727,18.350000381469727,5049380
2023-03-07,18.299999237060547,18.3799991607666,17.799999237060547,17.90999984741211,17.90999984741211,4688996
2023-03-08,17.899999618530273,17.989999771118164,17.799999237060547,17.959999084472656,17.959999084472656,2637906
2023-03-09,17.899999618530273,18.100000381469727,17.899999618530273,17.959999084472656,17.959999084472656,2644435
2023-03-10,17.93000030517578,18.15999984741211,17.799999237060547,18.049999237060547,18.049999237060547,4455400
2023-03-13,18.040000915527344,18.079999923706055,17.719999313354492,17.8700008392334,17.8700008392334,3794223
2023-03-14,17.850000381469727,18.350000381469727,17.600000381469727,17.649999618530273,17.649999618530273,6267617
2023-03-15,17.770000457763672,18.260000228881836,17.75,17.920000076293945,17.920000076293945,4861100
2023-03-16,17.989999771118164,18.670000076293945,17.829999923706055,18.09000015258789,18.09000015258789,7922502
2023-03-17,18.149999618530273,18.290000915527344,17.790000915527344,17.850000381469727,17.850000381469727,8212603
2023-03-20,17.8799991607666,17.899999618530273,17.489999771118164,17.56999969482422,17.56999969482422,8804264
2023-03-21,17.600000381469727,17.969999313354492,17.549999237060547,17.860000610351562,17.860000610351562,4894739
2023-03-22,17.950000762939453,18.15999984741211,17.8799991607666,18.020000457763672,18.020000457763672,5160418
2023-03-23,18.1200008392334,18.200000762939453,17.950000762939453,18.010000228881836,18.010000228881836,3808046
2023-03-24,18.149999618530273,18.31999969482422,17.93000030517578,18.0,18.0,5919201
2023-03-27,18.059999465942383,18.709999084472656,17.790000915527344,18.260000228881836,18.260000228881836,11443675
2023-03-28,18.280000686645508,18.440000534057617,18.100000381469727,18.139999389648438,18.139999389648438,6875975
2023-03-29,18.239999771118164,18.270000457763672,17.829999923706055,17.920000076293945,17.920000076293945,5465555
2023-03-30,17.989999771118164,18.06999969482422,17.799999237060547,17.93000030517578,17.93000030517578,4178237
2023-03-31,17.93000030517578,18.079999923706055,17.889999389648438,17.940000534057617,17.940000534057617,3559500
2023-04-03,18.0,18.239999771118164,17.8700008392334,18.010000228881836,18.010000228881836,6392234
2023-04-04,18.049999237060547,18.1200008392334,17.770000457763672,17.809999465942383,17.809999465942383,5446087
2023-04-06,17.81999969482422,17.969999313354492,17.809999465942383,17.8700008392334,17.8700008392334,4613400
2023-04-07,17.93000030517578,19.270000457763672,17.8700008392334,18.81999969482422,18.81999969482422,27056186
2023-04-10,18.700000762939453,18.770000457763672,18.270000457763672,18.3700008392334,18.3700008392334,13731851
2023-04-11,18.440000534057617,18.59000015258789,18.270000457763672,18.389999389648438,18.389999389648438,7189711
2023-04-12,18.440000534057617,18.56999969482422,18.309999465942383,18.469999313354492,18.469999313354492,5822277
2023-04-13,18.40999984741211,19.100000381469727,18.270000457763672,19.040000915527344,19.040000915527344,15692239
2023-04-14,19.1200008392334,20.200000762939453,19.0,19.8799991607666,19.8799991607666,23545227
2023-04-17,19.649999618530273,19.790000915527344,19.440000534057617,19.549999237060547,19.549999237060547,10675932
2023-04-18,19.459999084472656,19.68000030517578,19.3799991607666,19.469999313354492,19.469999313354492,6947237
2023-04-19,19.469999313354492,19.68000030517578,19.200000762939453,19.25,19.25,8357300
2023-04-20,19.25,19.530000686645508,19.100000381469727,19.329999923706055,19.329999923706055,7728887
2023-04-21,19.200000762939453,19.420000076293945,18.729999542236328,18.790000915527344,18.790000915527344,9618195
2023-04-24,18.889999389648438,19.110000610351562,18.59000015258789,18.770000457763672,18.770000457763672,6685256
2023-04-25,18.760000228881836,18.760000228881836,17.649999618530273,17.850000381469727,17.850000381469727,10914043
2023-04-26,17.8700008392334,18.06999969482422,17.780000686645508,17.81999969482422,17.81999969482422,5727262
2023-04-27,17.799999237060547,18.09000015258789,17.780000686645508,18.049999237060547,18.049999237060547,4678208
2023-04-28,18.049999237060547,18.170000076293945,17.940000534057617,18.09000015258789,18.09000015258789,4774445
2023-05-04,18.079999923706055,18.270000457763672,18.030000686645508,18.1299991607666,18.1299991607666,5485100
2023-05-05,18.100000381469727,18.139999389648438,17.649999618530273,17.799999237060547,17.799999237060547,6318103
2023-05-08,17.899999618530273,18.0,17.709999084472656,17.90999984741211,17.90999984741211,5659044
2023-05-09,17.950000762939453,17.950000762939453,17.389999389648438,17.5,17.5,7763403
2023-05-10,17.549999237060547,18.1200008392334,17.399999618530273,17.950000762939453,17.950000762939453,6499300
2023-05-11,17.899999618530273,18.34000015258789,17.809999465942383,17.920000076293945,17.920000076293945,4795383
2023-05-12,17.8700008392334,18.100000381469727,17.75,17.829999923706055,17.829999923706055,2815069
2023-05-15,17.84000015258789,17.920000076293945,17.520000457763672,17.860000610351562,17.860000610351562,3134912
2023-05-16,17.889999389648438,18.09000015258789,17.760000228881836,17.90999984741211,17.90999984741211,3850140
2023-05-17,17.93000030517578,18.0,17.760000228881836,17.850000381469727,17.850000381469727,2618501
2023-05-18,17.829999923706055,17.940000534057617,17.690000534057617,17.770000457763672,17.770000457763672,2636912
2023-05-19,17.739999771118164,17.84000015258789,17.610000610351562,17.75,17.75,3952486
2023-05-22,17.700000762939453,17.799999237060547,17.59000015258789,17.6200008392334,17.6200008392334,3645805
2023-05-23,17.670000076293945,17.81999969482422,17.59000015258789,17.610000610351562,17.610000610351562,3119948
2023-05-24,17.510000228881836,17.56999969482422,17.1299991607666,17.149999618530273,17.149999618530273,7307125
2023-05-25,17.18000030517578,17.260000228881836,16.770000457763672,16.979999542236328,16.979999542236328,6888445
2023-05-26,16.979999542236328,17.049999237060547,16.770000457763672,16.989999771118164,16.989999771118164,4917484
2023-05-29,16.969999313354492,17.170000076293945,16.8799991607666,17.020000457763672,17.020000457763672,3252921
2023-05-30,17.010000228881836,17.100000381469727,16.709999084472656,16.989999771118164,16.989999771118164,3892237
2023-05-31,16.979999542236328,17.079999923706055,16.860000610351562,16.940000534057617,16.940000534057617,3255075
2023-06-01,16.969999313354492,17.079999923706055,16.780000686645508,17.0,17.0,3227400
2023-06-02,16.950000762939453,17.139999389648438,16.950000762939453,17.079999923706055,17.079999923706055,2825587
2023-06-05,17.149999618530273,17.149999618530273,16.889999389648438,16.950000762939453,16.950000762939453,3003748
2023-06-06,16.899999618530273,16.959999084472656,16.530000686645508,16.549999237060547,16.549999237060547,5347900
2023-06-07,16.600000381469727,16.81999969482422,16.540000915527344,16.68000030517578,16.68000030517578,2068518
2023-06-08,16.709999084472656,16.81999969482422,16.469999313354492,16.579999923706055,16.579999923706055,3387734
2023-06-09,16.610000610351562,16.729999542236328,16.540000915527344,16.600000381469727,16.600000381469727,3849331
2023-06-12,16.600000381469727,16.760000228881836,16.5,16.68000030517578,16.68000030517578,3592584
2023-06-13,16.729999542236328,16.729999542236328,16.6299991607666,16.68000030517578,16.68000030517578,2621495
2023-06-14,16.649999618530273,16.81999969482422,16.649999618530273,16.729999542236328,16.729999542236328,2470713
2023-06-15,16.760000228881836,17.049999237060547,16.700000762939453,16.989999771118164,16.989999771118164,3846355
2023-06-16,16.989999771118164,17.020000457763672,16.8799991607666,16.959999084472656,16.959999084472656,2723900
2023-06-19,16.8799991607666,17.0,16.850000381469727,16.90999984741211,16.90999984741211,2588500
2023-06-20,16.969999313354492,17.209999084472656,16.8799991607666,17.049999237060547,17.049999237060547,4312188
2023-06-21,17.049999237060547,17.06999969482422,16.81999969482422,16.81999969482422,16.81999969482422,3814810
2023-06-26,16.799999237060547,16.799999237060547,16.540000915527344,16.6299991607666,16.6299991607666,3118304
2023-06-27,16.549999237060547,16.829999923706055,16.530000686645508,16.68000030517578,16.68000030517578,2720903
2023-06-28,16.649999618530273,16.709999084472656,16.399999618530273,16.5,16.5,3184000
2023-06-29,16.540000915527344,16.850000381469727,16.540000915527344,16.690000534057617,16.690000534057617,3093100
2023-06-30,16.729999542236328,16.989999771118164,16.700000762939453,16.899999618530273,16.899999618530273,3656200
2023-07-03,16.920000076293945,17.0,16.799999237060547,16.899999618530273,16.899999618530273,3104785
2023-07-04,16.93000030517578,17.040000915527344,16.8700008392334,16.969999313354492,16.969999313354492,2647056
2023-07-05,16.989999771118164,17.09000015258789,16.850000381469727,16.920000076293945,16.920000076293945,3427313
2023-07-06,16.920000076293945,16.950000762939453,16.780000686645508,16.81999969482422,16.81999969482422,2888857
2023-07-07,16.770000457763672,16.84000015258789,16.639999389648438,16.75,16.75,2257600
2023-07-10,16.760000228881836,16.889999389648438,16.709999084472656,16.790000915527344,16.790000915527344,1894100
2023-07-11,16.809999465942383,16.940000534057617,16.790000915527344,16.920000076293945,16.920000076293945,2280703
2023-07-12,16.899999618530273,17.100000381469727,16.850000381469727,16.8799991607666,16.8799991607666,3925944
2023-07-13,16.979999542236328,17.25,16.899999618530273,17.15999984741211,17.15999984741211,5581400
2023-07-14,17.15999984741211,17.200000762939453,17.0,17.010000228881836,17.010000228881836,2344985
2023-07-17,17.0,17.170000076293945,16.8700008392334,17.0,17.0,2441800
2023-07-18,17.010000228881836,17.1200008392334,16.979999542236328,17.030000686645508,17.030000686645508,1920910
2023-07-19,17.030000686645508,17.09000015258789,16.940000534057617,16.989999771118164,16.989999771118164,2154362
2023-07-20,17.049999237060547,17.110000610351562,16.969999313354492,16.979999542236328,16.979999542236328,2036900
2023-07-21,16.899999618530273,17.219999313354492,16.899999618530273,17.09000015258789,17.09000015258789,3237717
2023-07-24,17.100000381469727,17.239999771118164,17.040000915527344,17.149999618530273,17.149999618530273,2416517
2023-07-25,17.18000030517578,17.399999618530273,17.18000030517578,17.280000686645508,17.280000686645508,3560661
2023-07-26,17.25,17.420000076293945,17.18000030517578,17.360000610351562,17.360000610351562,2817300
2023-07-27,17.360000610351562,17.450000762939453,17.239999771118164,17.260000228881836,17.260000228881836,2429957
2023-07-28,17.219999313354492,17.43000030517578,17.190000534057617,17.399999618530273,17.399999618530273,2817700
2023-07-31,17.389999389648438,17.540000915527344,17.31999969482422,17.440000534057617,17.440000534057617,3539749
2023-08-01,17.420000076293945,17.450000762939453,17.260000228881836,17.290000915527344,17.290000915527344,1840455
2023-08-02,17.25,17.329999923706055,17.09000015258789,17.1200008392334,17.1200008392334,2401100
2023-08-03,17.5,18.59000015258789,17.459999084472656,17.770000457763672,17.770000457763672,16442056
2023-08-04,17.770000457763672,17.860000610351562,17.59000015258789,17.799999237060547,17.799999237060547,8441292
2023-08-07,17.729999542236328,17.739999771118164,17.209999084472656,17.299999237060547,17.299999237060547,6565500
2023-08-08,17.280000686645508,17.40999984741211,17.1299991607666,17.34000015258789,17.34000015258789,4117019
2023-08-09,17.31999969482422,17.639999389648438,17.200000762939453,17.530000686645508,17.530000686645508,6329208
2023-08-10,17.489999771118164,17.540000915527344,17.290000915527344,17.350000381469727,17.350000381469727,3046300
2023-08-11,17.299999237060547,17.459999084472656,17.059999465942383,17.079999923706055,17.079999923706055,3521800
2023-08-14,17.079999923706055,17.25,16.8700008392334,17.09000015258789,17.09000015258789,4427700
2023-08-15,17.110000610351562,17.389999389648438,16.8700008392334,17.280000686645508,17.280000686645508,4814128
2023-08-16,17.260000228881836,17.59000015258789,17.25,17.260000228881836,17.260000228881836,4055100
2023-08-17,17.209999084472656,17.329999923706055,16.93000030517578,17.309999465942383,17.309999465942383,3300553
2023-08-18,17.290000915527344,17.329999923706055,16.899999618530273,16.93000030517578,16.93000030517578,3410700
2023-08-21,16.920000076293945,17.1200008392334,16.799999237060547,16.850000381469727,16.850000381469727,2673893
2023-08-22,16.950000762939453,17.209999084472656,16.81999969482422,17.139999389648438,17.139999389648438,4527247
2023-08-23,17.15999984741211,17.200000762939453,16.90999984741211,16.950000762939453,16.950000762939453,2488200
2023-08-24,16.950000762939453,17.110000610351562,16.690000534057617,16.90999984741211,16.90999984741211,2254350
2023-08-25,17.079999923706055,17.270000457763672,16.809999465942383,16.920000076293945,16.920000076293945,4275431
2023-08-28,17.649999618530273,17.770000457763672,17.06999969482422,17.079999923706055,17.079999923706055,6143163
2023-08-29,17.010000228881836,17.479999542236328,17.010000228881836,17.43000030517578,17.43000030517578,4307091
2023-08-30,17.399999618530273,17.639999389648438,17.399999618530273,17.530000686645508,17.530000686645508,5077078
2023-08-31,17.5,17.559999465942383,17.299999237060547,17.510000228881836,17.510000228881836,2910763
2023-09-01,17.579999923706055,17.59000015258789,17.459999084472656,17.489999771118164,17.489999771118164,2400700
2023-09-04,17.579999923706055,17.65999984741211,17.459999084472656,17.600000381469727,17.600000381469727,2106501
2023-09-05,17.540000915527344,17.65999984741211,17.469999313354492,17.479999542236328,17.479999542236328,2362152
2023-09-06,17.520000457763672,17.540000915527344,17.350000381469727,17.450000762939453,17.450000762939453,2680065
2023-09-07,17.399999618530273,17.440000534057617,17.229999542236328,17.229999542236328,17.229999542236328,3257400
2023-09-08,17.18000030517578,17.299999237060547,17.139999389648438,17.190000534057617,17.190000534057617,2156300
2023-09-11,17.229999542236328,17.770000457763672,17.190000534057617,17.690000534057617,17.690000534057617,5867410
2023-09-12,17.690000534057617,17.850000381469727,17.649999618530273,17.760000228881836,17.760000228881836,3573410
2023-09-13,17.799999237060547,17.850000381469727,17.43000030517578,17.510000228881836,17.510000228881836,2959020
2023-09-14,17.559999465942383,17.639999389648438,17.399999618530273,17.520000457763672,17.520000457763672,2232700
2023-09-15,17.559999465942383,18.09000015258789,17.520000457763672,18.020000457763672,18.020000457763672,7649286
2023-09-18,18.040000915527344,18.139999389648438,17.899999618530273,18.06999969482422,18.06999969482422,4132402
2023-09-19,18.079999923706055,18.190000534057617,17.950000762939453,18.059999465942383,18.059999465942383,3321910
2023-09-20,17.989999771118164,18.139999389648438,17.959999084472656,17.959999084472656,17.959999084472656,2752281
2023-09-21,17.950000762939453,17.979999542236328,17.709999084472656,17.760000228881836,17.760000228881836,3218033
2023-09-22,17.760000228881836,18.040000915527344,17.639999389648438,17.989999771118164,17.989999771118164,3587799
2023-09-25,18.0,18.3700008392334,17.979999542236328,18.309999465942383,18.309999465942383,6657523
2023-09-26,18.260000228881836,18.309999465942383,18.139999389648438,18.170000076293945,18.170000076293945,3459967
2023-09-27,18.170000076293945,18.399999618530273,18.149999618530273,18.329999923706055,18.329999923706055,4019104
2023-09-28,18.360000610351562,18.420000076293945,18.15999984741211,18.18000030517578,18.18000030517578,3478227
2023-10-09,18.229999542236328,18.579999923706055,18.100000381469727,18.40999984741211,18.40999984741211,6288927
2023-10-10,18.329999923706055,18.440000534057617,18.110000610351562,18.149999618530273,18.149999618530273,4459535
2023-10-11,18.170000076293945,18.579999923706055,18.15999984741211,18.280000686645508,18.280000686645508,4935852
2023-10-12,18.389999389648438,18.639999389648438,18.299999237060547,18.5,18.5,4270603
2023-10-13,18.459999084472656,18.780000686645508,18.360000610351562,18.649999618530273,18.649999618530273,6735000
2023-10-16,18.65999984741211,19.979999542236328,18.6200008392334,19.610000610351562,19.610000610351562,20484802
2023-10-17,19.600000381469727,19.600000381469727,18.889999389648438,19.190000534057617,19.190000534057617,12333307
2023-10-18,19.190000534057617,19.190000534057617,18.459999084472656,18.479999542236328,18.479999542236328,9511222
2023-10-19,18.559999465942383,18.780000686645508,18.1200008392334,18.389999389648438,18.389999389648438,6473273
2023-10-20,18.260000228881836,18.450000762939453,17.959999084472656,18.079999923706055,18.079999923706055,5208488
2023-10-23,17.989999771118164,18.209999084472656,17.649999618530273,17.860000610351562,17.860000610351562,6735400
2023-10-24,17.979999542236328,18.510000228881836,17.8700008392334,18.459999084472656,18.459999084472656,6252994
2023-10-25,18.469999313354492,18.520000457763672,18.239999771118164,18.270000457763672,18.270000457763672,4845160
2023-10-26,18.200000762939453,18.459999084472656,18.1200008392334,18.389999389648438,18.389999389648438,4437111
2023-10-27,18.31999969482422,18.8799991607666,18.299999237060547,18.790000915527344,18.790000915527344,5951600
2023-10-30,18.899999618530273,20.479999542236328,18.799999237060547,19.649999618530273,19.649999618530273,16326066
2023-10-31,19.6200008392334,21.6200008392334,19.59000015258789,21.020000457763672,21.020000457763672,31758327
2023-11-01,21.040000915527344,21.3700008392334,20.690000534057617,21.020000457763672,21.020000457763672,17666842
2023-11-02,20.850000381469727,21.15999984741211,20.700000762939453,20.790000915527344,20.790000915527344,11556900
2023-11-03,20.729999542236328,20.959999084472656,20.690000534057617,20.799999237060547,20.799999237060547,6934915
2023-11-06,20.8799991607666,21.280000686645508,20.59000015258789,20.940000534057617,20.940000534057617,11470683
2023-11-07,20.920000076293945,21.450000762939453,20.799999237060547,20.920000076293945,20.920000076293945,9575663
2023-11-08,20.81999969482422,21.770000457763672,20.760000228881836,21.399999618530273,21.399999618530273,14350216
2023-11-09,21.389999389648438,21.469999313354492,20.790000915527344,20.889999389648438,20.889999389648438,10368575
2023-11-10,20.68000030517578,20.979999542236328,20.6200008392334,20.75,20.75,6389384
2023-11-13,20.510000228881836,20.760000228881836,20.3799991607666,20.540000915527344,20.540000915527344,6991395
2023-11-14,20.5,20.639999389648438,20.350000381469727,20.549999237060547,20.549999237060547,5149685
2023-11-15,20.690000534057617,20.770000457763672,20.450000762939453,20.610000610351562,20.610000610351562,4055856
2023-11-16,20.440000534057617,20.649999618530273,20.15999984741211,20.190000534057617,20.190000534057617,5828048
2023-11-17,20.170000076293945,20.440000534057617,20.149999618530273,20.329999923706055,20.329999923706055,4374834
2023-11-20,20.329999923706055,20.600000381469727,20.25,20.360000610351562,20.360000610351562,5321600
2023-11-21,20.31999969482422,21.020000457763672,20.280000686645508,20.690000534057617,20.690000534057617,9870900
2023-11-22,20.520000457763672,20.90999984741211,20.5,20.75,20.75,6970561
2023-11-23,20.520000457763672,20.950000762939453,20.510000228881836,20.889999389648438,20.889999389648438,5791859
2023-11-24,20.889999389648438,21.0,20.520000457763672,20.84000015258789,20.84000015258789,5992300
2023-11-27,20.809999465942383,20.809999465942383,20.329999923706055,20.469999313354492,20.469999313354492,5806400
2023-11-28,20.559999465942383,20.860000610351562,20.25,20.799999237060547,20.799999237060547,4272101
2023-11-29,20.780000686645508,21.25,20.709999084472656,20.850000381469727,20.850000381469727,6088175
2023-11-30,20.899999618530273,20.93000030517578,20.56999969482422,20.729999542236328,20.729999542236328,3887351
2023-12-01,20.899999618530273,21.43000030517578,20.739999771118164,20.84000015258789,20.84000015258789,9457234
2023-12-04,20.850000381469727,20.899999618530273,20.020000457763672,20.020000457763672,20.020000457763672,10116882
2023-12-05,20.100000381469727,20.280000686645508,19.8700008392334,20.030000686645508,20.030000686645508,11097823
2023-12-06,20.020000457763672,20.229999542236328,19.90999984741211,20.059999465942383,20.059999465942383,6384079
2023-12-07,20.049999237060547,20.299999237060547,19.899999618530273,20.040000915527344,20.040000915527344,9071402
2023-12-08,20.030000686645508,20.200000762939453,19.860000610351562,19.93000030517578,19.93000030517578,7320600
2023-12-11,19.889999389648438,20.600000381469727,19.770000457763672,20.59000015258789,20.59000015258789,9191700
2023-12-12,20.489999771118164,20.670000076293945,20.139999389648438,20.25,20.25,5726900
2023-12-13,20.270000457763672,20.6200008392334,20.190000534057617,20.350000381469727,20.350000381469727,5211160
2023-12-14,20.360000610351562,20.579999923706055,20.149999618530273,20.280000686645508,20.280000686645508,5511664
2023-12-15,20.3700008392334,20.389999389648438,19.920000076293945,19.979999542236328,19.979999542236328,6042332
2023-12-18,20.0,20.31999969482422,19.90999984741211,19.969999313354492,19.969999313354492,5511681
2023-12-19,19.940000534057617,20.059999465942383,19.700000762939453,19.8799991607666,19.8799991607666,4601308
2023-12-20,19.90999984741211,20.020000457763672,19.540000915527344,19.600000381469727,19.600000381469727,4376188
2023-12-21,19.530000686645508,19.65999984741211,19.329999923706055,19.56999969482422,19.56999969482422,4050120
2023-12-22,19.700000762939453,19.93000030517578,19.520000457763672,19.549999237060547,19.549999237060547,5999740
2023-12-25,19.549999237060547,19.719999313354492,19.239999771118164,19.3799991607666,19.3799991607666,3236324
2023-12-26,19.479999542236328,19.479999542236328,19.06999969482422,19.190000534057617,19.190000534057617,3674800
2023-12-27,19.190000534057617,19.43000030517578,19.190000534057617,19.350000381469727,19.350000381469727,2651401
2023-12-28,19.350000381469727,19.739999771118164,19.149999618530273,19.670000076293945,19.670000076293945,4941224
2023-12-29,19.670000076293945,20.600000381469727,19.479999542236328,20.270000457763672,20.270000457763672,8680037
2024-01-02,20.209999084472656,20.350000381469727,19.940000534057617,19.969999313354492,19.969999313354492,5070400
2024-01-03,19.920000076293945,20.239999771118164,19.799999237060547,19.969999313354492,19.969999313354492,4132300
2024-01-04,19.899999618530273,20.0,19.670000076293945,19.799999237060547,19.799999237060547,3063172
2024-01-05,19.770000457763672,19.8799991607666,19.219999313354492,19.34000015258789,19.34000015258789,4215474
2024-01-08,19.290000915527344,19.329999923706055,18.850000381469727,18.899999618530273,18.899999618530273,6436215
2024-01-09,18.950000762939453,19.200000762939453,18.780000686645508,18.860000610351562,18.860000610351562,4306059
2024-01-10,18.860000610351562,19.059999465942383,18.719999313354492,18.860000610351562,18.860000610351562,3653291
2024-01-11,18.920000076293945,19.18000030517578,18.799999237060547,19.18000030517578,19.18000030517578,4093200
2024-01-12,19.149999618530273,19.18000030517578,18.600000381469727,18.600000381469727,18.600000381469727,3466098
2024-01-15,18.579999923706055,19.229999542236328,18.530000686645508,18.920000076293945,18.920000076293945,3998000
2024-01-16,19.0,19.0,18.559999465942383,18.739999771118164,18.739999771118164,3431215
2024-01-17,18.670000076293945,18.850000381469727,18.309999465942383,18.34000015258789,18.34000015258789,2830402
2024-01-18,18.270000457763672,18.31999969482422,17.59000015258789,18.079999923706055,18.079999923706055,5512697
2024-01-19,18.049999237060547,18.200000762939453,17.860000610351562,17.969999313354492,17.969999313354492,2209800
2024-01-22,17.829999923706055,17.940000534057617,16.579999923706055,16.690000534057617,16.690000534057617,7411851
2024-01-23,16.850000381469727,17.040000915527344,16.59000015258789,16.899999618530273,16.899999618530273,5159500
2024-01-24,17.059999465942383,17.18000030517578,16.549999237060547,17.079999923706055,17.079999923706055,4942412
2024-01-25,17.09000015258789,17.559999465942383,17.010000228881836,17.489999771118164,17.489999771118164,4587637
2024-01-26,17.450000762939453,17.649999618530273,17.329999923706055,17.360000610351562,17.360000610351562,3396639
2024-01-29,17.450000762939453,17.520000457763672,16.959999084472656,17.0,17.0,3023028
2024-01-30,17.059999465942383,17.149999618530273,16.579999923706055,16.68000030517578,16.68000030517578,3595010
2024-01-31,16.600000381469727,16.889999389648438,15.300000190734863,15.479999542236328,15.479999542236328,12494572
2024-02-01,15.3100004196167,15.970000267028809,15.260000228881836,15.569999694824219,15.569999694824219,6344900
2024-02-02,15.5600004196167,15.760000228881836,14.069999694824219,14.630000114440918,14.630000114440918,10991356
2024-02-05,14.5,14.5,13.229999542236328,13.380000114440918,13.380000114440918,14217198
2024-02-06,13.319999694824219,14.720000267028809,12.880000114440918,14.569999694824219,14.569999694824219,13801926
2024-02-07,14.5600004196167,15.569999694824219,14.510000228881836,15.239999771118164,15.239999771118164,15401184
2024-02-08,15.100000381469727,15.979999542236328,15.100000381469727,15.770000457763672,15.770000457763672,10607561
2024-02-19,16.200000762939453,16.299999237060547,15.550000190734863,15.819999694824219,15.819999694824219,10902639
2024-02-20,15.850000381469727,16.079999923706055,15.729999542236328,15.970000267028809,15.970000267028809,5397338
2024-02-21,15.979999542236328,16.600000381469727,15.760000228881836,16.239999771118164,16.239999771118164,9286094
2024-02-22,16.200000762939453,16.459999084472656,16.059999465942383,16.25,16.25,5523600
2024-02-23,16.280000686645508,16.459999084472656,16.100000381469727,16.459999084472656,16.459999084472656,5538232
2024-02-26,16.420000076293945,16.770000457763672,16.31999969482422,16.5,16.5,5042400
2024-02-27,16.420000076293945,16.829999923706055,16.309999465942383,16.829999923706055,16.829999923706055,4605800
2024-02-28,16.780000686645508,17.239999771118164,16.18000030517578,16.18000030517578,16.18000030517578,9020989
2024-02-29,16.149999618530273,16.690000534057617,16.1200008392334,16.690000534057617,16.690000534057617,6197993
2024-03-01,16.690000534057617,16.75,16.479999542236328,16.690000534057617,16.690000534057617,4997062
2024-03-04,16.610000610351562,16.899999618530273,16.510000228881836,16.850000381469727,16.850000381469727,7025606
2024-03-05,16.799999237060547,16.799999237060547,16.469999313354492,16.75,16.75,5497600
2024-03-06,16.670000076293945,16.8700008392334,16.3799991607666,16.639999389648438,16.639999389648438,4692706
2024-03-07,16.639999389648438,16.700000762939453,16.18000030517578,16.190000534057617,16.190000534057617,5326075
2024-03-08,16.190000534057617,16.469999313354492,16.149999618530273,16.299999237060547,16.299999237060547,3885900
2024-03-11,16.350000381469727,16.549999237060547,16.219999313354492,16.530000686645508,16.530000686645508,4607565
2024-03-12,16.59000015258789,17.079999923706055,16.559999465942383,16.979999542236328,16.979999542236328,7893647
2024-03-13,16.899999618530273,17.0,16.75,16.8799991607666,16.8799991607666,4646300
2024-03-14,17.389999389648438,17.649999618530273,16.770000457763672,16.969999313354492,16.969999313354492,10093314
2024-03-15,16.979999542236328,17.15999984741211,16.709999084472656,17.040000915527344,17.040000915527344,6058200
2024-03-18,17.170000076293945,17.440000534057617,16.889999389648438,17.43000030517578,17.43000030517578,6863400
2024-03-19,17.31999969482422,17.450000762939453,17.110000610351562,17.149999618530273,17.149999618530273,5046598
2024-03-20,17.139999389648438,17.43000030517578,17.049999237060547,17.309999465942383,17.309999465942383,4223256
2024-03-21,17.309999465942383,17.399999618530273,17.139999389648438,17.270000457763672,17.270000457763672,3892100
2024-03-22,17.110000610351562,17.260000228881836,16.729999542236328,16.8700008392334,16.8700008392334,5403100
2024-03-25,16.84000015258789,16.959999084472656,16.459999084472656,16.5,16.5,4823882
2024-03-26,16.56999969482422,16.579999923706055,16.149999618530273,16.329999923706055,16.329999923706055,4284102
2024-03-27,16.299999237060547,16.6299991607666,16.049999237060547,16.049999237060547,16.049999237060547,4658700
2024-03-28,15.949999809265137,16.469999313354492,15.899999618530273,16.260000228881836,16.260000228881836,4323600
2024-03-29,16.270000457763672,16.309999465942383,15.979999542236328,16.399999618530273,16.399999618530273,1768547
2024-04-01,16.399999618530273,16.649999618530273,16.399999618530273,16.6299991607666,16.6299991607666,3831100
2024-04-02,16.59000015258789,16.6299991607666,16.25,16.350000381469727,16.350000381469727,3806310
2024-04-03,16.389999389648438,16.469999313354492,16.100000381469727,16.239999771118164,16.239999771118164,3757337
2024-04-08,16.239999771118164,16.260000228881836,15.90999984741211,15.90999984741211,15.90999984741211,4707021
2024-04-09,15.949999809265137,16.510000228881836,15.819999694824219,16.479999542236328,16.479999542236328,4789900
2024-04-10,16.510000228881836,16.540000915527344,16.059999465942383,16.200000762939453,16.200000762939453,3508383
2024-04-11,16.149999618530273,16.299999237060547,16.010000228881836,16.040000915527344,16.040000915527344,3229801
2024-04-12,16.0,16.15999984741211,15.880000114440918,15.949999809265137,15.949999809265137,3422403
2024-04-15,15.829999923706055,16.010000228881836,15.40999984741211,15.609999656677246,15.609999656677246,5917321
2024-04-16,15.569999694824219,15.6899995803833,15.050000190734863,15.09000015258789,15.09000015258789,6561005
2024-04-17,15.15999984741211,15.670000076293945,15.130000114440918,15.630000114440918,15.630000114440918,5457000
2024-04-18,15.630000114440918,15.850000381469727,15.350000381469727,15.5600004196167,15.5600004196167,4608400
2024-04-19,15.5,15.5600004196167,15.3100004196167,15.420000076293945,15.420000076293945,2871144
2024-04-22,15.420000076293945,15.890000343322754,15.220000267028809,15.640000343322754,15.640000343322754,4008999
2024-04-23,15.600000381469727,16.020000457763672,15.5,15.90999984741211,15.90999984741211,3544628
2024-04-24,15.710000038146973,16.149999618530273,15.710000038146973,16.1299991607666,16.1299991607666,3420213
2024-04-25,16.18000030517578,16.5,16.040000915527344,16.329999923706055,16.329999923706055,4311099
2024-04-26,16.290000915527344,16.469999313354492,16.100000381469727,16.450000762939453,16.450000762939453,4613369
2024-04-29,16.459999084472656,17.059999465942383,16.450000762939453,16.969999313354492,16.969999313354492,6362100
2024-04-30,16.969999313354492,18.299999237060547,16.84000015258789,17.799999237060547,17.799999237060547,14577403
2024-05-06,17.809999465942383,17.889999389648438,17.329999923706055,17.56999969482422,17.56999969482422,13445640
2024-05-07,17.59000015258789,18.229999542236328,17.559999465942383,18.06999969482422,18.06999969482422,10438438
2024-05-08,19.8799991607666,19.8799991607666,19.8799991607666,19.8799991607666,19.8799991607666,5453147
2024-05-09,21.8700008392334,21.8700008392334,21.200000762939453,21.8700008392334,21.8700008392334,54526340
2024-05-10,21.8700008392334,21.989999771118164,20.1200008392334,20.18000030517578,20.18000030517578,52560427
2024-05-13,19.899999618530273,20.559999465942383,18.979999542236328,19.09000015258789,19.09000015258789,34511965
2024-05-14,19.200000762939453,19.290000915527344,18.59000015258789,18.690000534057617,18.690000534057617,20448909
2024-05-15,18.799999237060547,18.8700008392334,18.489999771118164,18.729999542236328,18.729999542236328,13563442
2024-05-16,18.549999237060547,18.75,18.31999969482422,18.43000030517578,18.43000030517578,11002800
2024-05-17,18.299999237060547,18.68000030517578,18.299999237060547,18.559999465942383,18.559999465942383,8778650
2024-05-20,18.389999389648438,19.079999923706055,18.389999389648438,18.799999237060547,18.799999237060547,13386200
2024-05-21,18.690000534057617,18.690000534057617,18.239999771118164,18.360000610351562,18.360000610351562,9053063
2024-05-22,18.440000534057617,18.559999465942383,18.170000076293945,18.229999542236328,18.229999542236328,6840000
2024-05-23,18.209999084472656,18.219999313354492,17.6200008392334,17.690000534057617,17.690000534057617,9939000
2024-05-24,17.84000015258789,17.989999771118164,17.700000762939453,17.75,17.75,5689600
2024-05-27,17.709999084472656,17.969999313354492,17.510000228881836,17.959999084472656,17.959999084472656,6345393
2024-05-28,17.959999084472656,18.0,17.600000381469727,17.700000762939453,17.700000762939453,4433000
2024-05-29,17.59000015258789,17.780000686645508,17.559999465942383,17.670000076293945,17.670000076293945,3279100
2024-05-30,17.649999618530273,17.780000686645508,17.299999237060547,17.450000762939453,17.450000762939453,6790000
2024-05-31,17.420000076293945,17.68000030517578,17.399999618530273,17.43000030517578,17.43000030517578,3635100
2024-06-03,17.389999389648438,17.5,17.049999237060547,17.219999313354492,17.219999313354492,5692200
2024-06-04,17.190000534057617,17.399999618530273,17.100000381469727,17.3799991607666,17.3799991607666,4326673
2024-06-05,17.270000457763672,17.510000228881836,17.170000076293945,17.200000762939453,17.200000762939453,4126201
2024-06-06,17.18000030517578,17.309999465942383,16.5,16.68000030517578,16.68000030517578,8560500
2024-06-07,16.780000686645508,16.920000076293945,16.6299991607666,16.719999313354492,16.719999313354492,4139902
2024-06-11,16.719999313354492,17.0,16.399999618530273,16.93000030517578,16.93000030517578,3809900
2024-06-12,16.899999618530273,17.25,16.81999969482422,17.079999923706055,17.079999923706055,5779758
2024-06-13,17.1200008392334,17.1200008392334,16.729999542236328,16.81999969482422,16.81999969482422,4275534
2024-06-14,16.799999237060547,16.84000015258789,16.530000686645508,16.780000686645508,16.780000686645508,3997400
2024-06-17,16.610000610351562,17.040000915527344,16.579999923706055,16.809999465942383,16.809999465942383,3186900
2024-06-18,16.860000610351562,17.15999984741211,16.809999465942383,16.940000534057617,16.940000534057617,3720517
2024-06-19,17.0,17.079999923706055,16.690000534057617,16.700000762939453,16.700000762939453,3091650
2024-06-20,16.760000228881836,16.950000762939453,16.299999237060547,16.3799991607666,16.3799991607666,4565451
2024-06-21,16.520000457763672,16.899999618530273,16.329999923706055,16.559999465942383,16.559999465942383,3938683
2024-06-24,16.65999984741211,16.65999984741211,15.9399995803833,16.0,16.0,5130103
2024-06-25,16.06999969482422,16.25,15.960000038146973,16.049999237060547,16.049999237060547,3486333
2024-06-26,16.06999969482422,16.6299991607666,15.989999771118164,16.610000610351562,16.610000610351562,4578600
2024-06-27,16.520000457763672,16.520000457763672,16.059999465942383,16.100000381469727,16.100000381469727,4315101
2024-06-28,16.200000762939453,16.520000457763672,16.040000915527344,16.100000381469727,16.100000381469727,4684778
2024-07-01,16.1200008392334,16.469999313354492,15.9399995803833,16.309999465942383,16.309999465942383,3544101
2024-07-02,16.309999465942383,16.459999084472656,16.229999542236328,16.360000610351562,16.360000610351562,2964608
2024-07-03,16.270000457763672,16.479999542236328,16.200000762939453,16.229999542236328,16.229999542236328,2726400
2024-07-04,16.299999237060547,16.34000015258789,15.609999656677246,15.720000267028809,15.720000267028809,5678501
2024-07-05,15.720000267028809,15.720000267028809,15.720000267028809,15.720000267028809,15.720000267028809,0
2024-07-08,16.049999237060547,16.280000686645508,15.619999885559082,15.699999809265137,15.699999809265137,4326721
2024-07-09,15.710000038146973,15.989999771118164,15.4399995803833,15.930000305175781,15.930000305175781,4763600
2024-07-10,15.859999656677246,16.059999465942383,15.770000457763672,15.9399995803833,15.9399995803833,3227717
2024-07-11,16.09000015258789,16.540000915527344,16.09000015258789,16.420000076293945,16.420000076293945,5190400
2024-07-12,16.520000457763672,16.6299991607666,16.350000381469727,16.440000534057617,16.440000534057617,3379301
2024-07-15,16.43000030517578,16.459999084472656,16.030000686645508,16.079999923706055,16.079999923706055,2963165
2024-07-16,16.139999389648438,16.149999618530273,15.920000076293945,16.079999923706055,16.079999923706055,2381500
2024-07-17,16.06999969482422,16.43000030517578,16.0,16.260000228881836,16.260000228881836,3427400
2024-07-18,16.239999771118164,16.399999618530273,16.049999237060547,16.350000381469727,16.350000381469727,3721697
2024-07-19,16.290000915527344,16.610000610351562,16.209999084472656,16.459999084472656,16.459999084472656,4261547
2024-07-22,16.3700008392334,16.6299991607666,16.270000457763672,16.489999771118164,16.489999771118164,3271705
2024-07-23,16.440000534057617,16.459999084472656,15.819999694824219,15.819999694824219,15.819999694824219,4978500
2024-07-24,15.829999923706055,15.920000076293945,15.529999732971191,15.619999885559082,15.619999885559082,3822000
2024-07-25,15.59000015258789,15.850000381469727,15.510000228881836,15.609999656677246,15.609999656677246,2546600
2024-07-26,15.670000076293945,15.779999732971191,15.600000381469727,15.760000228881836,15.760000228881836,2080500
2024-07-29,15.770000457763672,15.819999694824219,15.420000076293945,15.609999656677246,15.609999656677246,3300135
2024-07-30,15.569999694824219,15.859999656677246,15.510000228881836,15.84000015258789,15.84000015258789,2505005
2024-07-31,15.800000190734863,16.65999984741211,15.800000190734863,16.610000610351562,16.610000610351562,7172498
2024-08-01,16.610000610351562,17.040000915527344,16.600000381469727,16.719999313354492,16.719999313354492,4967720
2024-08-02,16.709999084472656,17.329999923706055,16.6299991607666,17.0,17.0,7239213
2024-08-05,16.8799991607666,17.280000686645508,16.600000381469727,16.670000076293945,16.670000076293945,6071957
2024-08-06,16.809999465942383,17.540000915527344,16.809999465942383,17.3799991607666,17.3799991607666,7975200
2024-08-07,17.3700008392334,17.600000381469727,17.1200008392334,17.40999984741211,17.40999984741211,5382900
2024-08-08,17.420000076293945,17.860000610351562,17.299999237060547,17.670000076293945,17.670000076293945,8506720
2024-08-09,17.559999465942383,17.719999313354492,17.270000457763672,17.280000686645508,17.280000686645508,5519701
2024-08-12,17.309999465942383,17.739999771118164,17.280000686645508,17.5,17.5,5765000
2024-08-13,17.31999969482422,17.440000534057617,17.049999237060547,17.25,17.25,5666956
2024-08-14,17.149999618530273,17.43000030517578,17.1200008392334,17.200000762939453,17.200000762939453,3103530
2024-08-15,17.200000762939453,17.399999618530273,16.899999618530273,16.989999771118164,16.989999771118164,7285300
2024-08-16,17.09000015258789,17.149999618530273,16.829999923706055,17.020000457763672,17.020000457763672,3340400
2024-08-19,16.940000534057617,17.25,16.809999465942383,16.860000610351562,16.860000610351562,2849500
2024-08-20,16.920000076293945,16.940000534057617,16.440000534057617,16.530000686645508,16.530000686645508,3936301
2024-08-21,16.450000762939453,16.59000015258789,16.18000030517578,16.260000228881836,16.260000228881836,2757100
2024-08-22,16.270000457763672,16.3700008392334,15.930000305175781,15.960000038146973,15.960000038146973,3351712
2024-08-23,15.930000305175781,16.049999237060547,15.760000228881836,15.8100004196167,15.8100004196167,2797101
2024-08-26,15.899999618530273,16.0,15.720000267028809,15.789999961853027,15.789999961853027,2573111
2024-08-27,15.800000190734863,15.949999809265137,15.699999809265137,15.760000228881836,15.760000228881836,2466000
2024-08-28,15.699999809265137,16.0,15.600000381469727,15.75,15.75,3255975
2024-08-29,15.699999809265137,16.65999984741211,15.680000305175781,16.600000381469727,16.600000381469727,9273768
2024-08-30,16.420000076293945,16.549999237060547,16.020000457763672,16.399999618530273,16.399999618530273,12065775
2024-09-02,16.5,18.040000915527344,16.459999084472656,18.040000915527344,18.040000915527344,31546323
2024-09-03,17.700000762939453,17.709999084472656,16.719999313354492,17.1299991607666,17.1299991607666,28811182
2024-09-04,16.920000076293945,17.420000076293945,16.75,16.950000762939453,16.950000762939453,16276632
2024-09-05,16.770000457763672,17.229999542236328,16.739999771118164,17.139999389648438,17.139999389648438,12711077
2024-09-06,16.959999084472656,17.170000076293945,16.510000228881836,16.549999237060547,16.549999237060547,9784341
2024-09-09,17.389999389648438,18.209999084472656,17.149999618530273,18.209999084472656,18.209999084472656,39898300
2024-09-10,18.8799991607666,19.389999389648438,17.25,17.399999618530273,17.399999618530273,38479277
2024-09-11,17.1299991607666,19.100000381469727,17.040000915527344,18.18000030517578,18.18000030517578,31972182
2024-09-12,18.149999618530273,19.010000228881836,18.030000686645508,18.18000030517578,18.18000030517578,24291163
2024-09-13,18.18000030517578,19.479999542236328,17.780000686645508,18.75,18.75,28611619
2024-09-18,18.530000686645508,18.700000762939453,17.899999618530273,18.31999969482422,18.31999969482422,15810530
2024-09-19,18.25,18.8799991607666,18.020000457763672,18.420000076293945,18.420000076293945,11543402
2024-09-20,18.200000762939453,18.290000915527344,17.799999237060547,18.049999237060547,18.049999237060547,10972200
2024-09-23,18.100000381469727,18.290000915527344,17.760000228881836,17.84000015258789,17.84000015258789,8848900
2024-09-24,17.899999618530273,18.6299991607666,17.829999923706055,18.5,18.5,11568600
2024-09-25,18.56999969482422,18.8700008392334,18.3700008392334,18.420000076293945,18.420000076293945,11955502
2024-09-26,18.479999542236328,19.479999542236328,18.469999313354492,19.3799991607666,19.3799991607666,19405000
2024-09-27,19.510000228881836,20.579999923706055,19.459999084472656,20.15999984741211,20.15999984741211,15661027
2024-09-30,20.8799991607666,21.920000076293945,20.43000030517578,21.889999389648438,21.889999389648438,29233864
2024-10-08,24.079999923706055,24.079999923706055,22.09000015258789,23.719999313354492,23.719999313354492,30683543
2024-10-09,23.0,23.799999237060547,21.90999984741211,21.90999984741211,21.90999984741211,24268918
2024-10-10,21.90999984741211,22.540000915527344,21.549999237060547,21.59000015258789,21.59000015258789,15450819
2024-10-11,21.450000762939453,21.450000762939453,20.309999465942383,20.600000381469727,20.600000381469727,13644600
2024-10-14,20.799999237060547,20.8799991607666,20.0,20.860000610351562,20.860000610351562,12937000
2024-10-15,20.8799991607666,20.969999313354492,20.25,20.299999237060547,20.299999237060547,9966716
2024-10-16,20.1200008392334,20.56999969482422,19.979999542236328,20.299999237060547,20.299999237060547,7620950
2024-10-17,20.399999618530273,20.649999618530273,20.010000228881836,20.010000228881836,20.010000228881836,6770101
2024-10-18,20.100000381469727,21.110000610351562,19.979999542236328,20.6200008392334,20.6200008392334,14027275
2024-10-21,20.700000762939453,21.799999237060547,20.6200008392334,21.489999771118164,21.489999771118164,15658898
2024-10-22,21.360000610351562,21.81999969482422,21.049999237060547,21.59000015258789,21.59000015258789,10230018
2024-10-23,21.6200008392334,22.219999313354492,21.399999618530273,21.850000381469727,21.850000381469727,13725700
2024-10-24,21.850000381469727,22.829999923706055,21.850000381469727,22.06999969482422,22.06999969482422,16945580
2024-10-25,22.0,22.09000015258789,21.600000381469727,21.8799991607666,21.8799991607666,11696201
2024-10-28,21.799999237060547,22.18000030517578,21.639999389648438,21.989999771118164,21.989999771118164,8730341
2024-10-29,22.260000228881836,22.280000686645508,21.219999313354492,21.34000015258789,21.34000015258789,13347635
2024-10-30,21.34000015258789,22.270000457763672,21.299999237060547,21.75,21.75,13393974
2024-10-31,21.850000381469727,22.200000762939453,21.350000381469727,21.8799991607666,21.8799991607666,10162000
2024-11-01,21.899999618530273,21.899999618530273,21.09000015258789,21.1299991607666,21.1299991607666,10368023
2024-11-04,21.200000762939453,21.489999771118164,21.1299991607666,21.309999465942383,21.309999465942383,6614022
2024-11-05,21.309999465942383,22.8799991607666,21.110000610351562,22.350000381469727,22.350000381469727,16521471
2024-11-06,22.25,22.479999542236328,21.770000457763672,21.8700008392334,21.8700008392334,11947500
2024-11-07,21.700000762939453,22.270000457763672,21.59000015258789,22.190000534057617,22.190000534057617,9722902
2024-11-08,22.3799991607666,23.65999984741211,22.280000686645508,22.979999542236328,22.979999542236328,23367120
2024-11-11,22.809999465942383,23.6299991607666,22.510000228881836,23.600000381469727,23.600000381469727,18114286
2024-11-12,23.260000228881836,23.84000015258789,22.770000457763672,22.959999084472656,22.959999084472656,16603550
2024-11-13,22.670000076293945,23.18000030517578,22.239999771118164,22.600000381469727,22.600000381469727,10415301
2024-11-14,22.5,22.799999237060547,21.600000381469727,21.709999084472656,21.709999084472656,9514900
2024-11-15,21.610000610351562,21.920000076293945,20.8799991607666,20.90999984741211,20.90999984741211,10638100
2024-11-18,21.0,21.1200008392334,20.139999389648438,20.280000686645508,20.280000686645508,13569600
2024-11-19,20.459999084472656,20.670000076293945,20.1200008392334,20.579999923706055,20.579999923706055,6902540
2024-11-20,20.520000457763672,21.059999465942383,20.520000457763672,20.989999771118164,20.989999771118164,7627000
2024-11-21,20.989999771118164,21.110000610351562,20.510000228881836,20.700000762939453,20.700000762939453,6172384
2024-11-22,20.75,20.770000457763672,19.579999923706055,19.6200008392334,19.6200008392334,9422002
2024-11-25,19.610000610351562,19.850000381469727,19.440000534057617,19.739999771118164,19.739999771118164,7015090
2024-11-26,19.649999618530273,19.889999389648438,19.360000610351562,19.600000381469727,19.600000381469727,5795400
2024-11-27,19.530000686645508,19.889999389648438,19.100000381469727,19.8700008392334,19.8700008392334,7435725
2024-11-28,19.8799991607666,19.979999542236328,19.479999542236328,19.520000457763672,19.520000457763672,6889537
2024-11-29,19.5,20.09000015258789,19.329999923706055,19.790000915527344,19.790000915527344,8736822
2024-12-02,19.790000915527344,20.700000762939453,19.670000076293945,20.3700008392334,20.3700008392334,8450874
2024-12-03,20.350000381469727,20.3700008392334,20.0,20.190000534057617,20.190000534057617,6254100
2024-12-04,20.190000534057617,20.25,19.829999923706055,19.950000762939453,19.950000762939453,5671800
2024-12-05,19.8799991607666,20.09000015258789,19.719999313354492,19.920000076293945,19.920000076293945,4604216
2024-12-06,19.889999389648438,20.329999923706055,19.760000228881836,20.190000534057617,20.190000534057617,5467617
2024-12-09,20.25,20.5,19.799999237060547,20.020000457763672,20.020000457763672,6890997
2024-12-10,20.59000015258789,20.760000228881836,20.149999618530273,20.200000762939453,20.200000762939453,10367374
2024-12-11,20.299999237060547,20.5,20.139999389648438,20.239999771118164,20.239999771118164,4829905
2024-12-12,20.260000228881836,20.520000457763672,20.190000534057617,20.489999771118164,20.489999771118164,5266900
2024-12-13,20.40999984741211,20.40999984741211,19.809999465942383,19.989999771118164,19.989999771118164,8753761
2024-12-16,19.809999465942383,20.040000915527344,19.68000030517578,19.780000686645508,19.780000686645508,4528700
2024-12-17,19.959999084472656,20.469999313354492,19.5,19.969999313354492,19.969999313354492,10699284
2024-12-18,19.989999771118164,20.260000228881836,19.81999969482422,20.079999923706055,20.079999923706055,6763261
2024-12-19,20.459999084472656,21.799999237060547,20.100000381469727,21.510000228881836,21.510000228881836,25355121
2024-12-20,21.18000030517578,21.700000762939453,21.1299991607666,21.530000686645508,21.530000686645508,17573703
2024-12-23,21.260000228881836,21.5,20.209999084472656,20.31999969482422,20.31999969482422,14780200
2024-12-24,20.399999618530273,20.610000610351562,20.09000015258789,20.3700008392334,20.3700008392334,6274800
2024-12-25,20.469999313354492,20.56999969482422,19.579999923706055,19.81999969482422,19.81999969482422,7595000
2024-12-26,19.68000030517578,20.059999465942383,19.68000030517578,19.920000076293945,19.920000076293945,4387300
2024-12-27,19.889999389648438,20.469999313354492,19.700000762939453,20.0,20.0,6074034
2024-12-30,20.010000228881836,20.229999542236328,19.899999618530273,20.020000457763672,20.020000457763672,4934400
2024-12-31,19.950000762939453,20.139999389648438,19.299999237060547,19.299999237060547,19.299999237060547,6087700
2025-01-02,19.299999237060547,20.459999084472656,19.170000076293945,19.530000686645508,19.530000686645508,11332700
2025-01-03,20.969999313354492,21.479999542236328,20.5,20.6299991607666,20.6299991607666,38929769
2025-01-06,20.200000762939453,21.510000228881836,20.200000762939453,21.020000457763672,21.020000457763672,28000368
2025-01-07,20.68000030517578,20.920000076293945,20.260000228881836,20.81999969482422,20.81999969482422,16399605
2025-01-08,20.81999969482422,21.149999618530273,19.360000610351562,19.979999542236328,19.979999542236328,18220500
2025-01-09,19.8700008392334,20.059999465942383,19.540000915527344,19.639999389648438,19.639999389648438,9065300
2025-01-10,19.670000076293945,20.15999984741211,19.290000915527344,19.309999465942383,19.309999465942383,9701274
2025-01-13,19.100000381469727,19.18000030517578,18.450000762939453,18.600000381469727,18.600000381469727,11150519
2025-01-14,18.729999542236328,19.3700008392334,18.530000686645508,19.329999923706055,19.329999923706055,7571965
2025-01-15,19.3799991607666,19.399999618530273,19.040000915527344,19.15999984741211,19.15999984741211,5247400
2025-01-16,19.219999313354492,19.489999771118164,19.0,19.030000686645508,19.030000686645508,5181303
2025-01-17,18.889999389648438,19.850000381469727,18.8799991607666,19.59000015258789,19.59000015258789,7812600
2025-01-20,19.8799991607666,20.350000381469727,19.700000762939453,20.030000686645508,20.030000686645508,8070900
2025-01-21,20.06999969482422,20.200000762939453,19.850000381469727,19.979999542236328,19.979999542236328,4978250
2025-01-22,19.8799991607666,19.959999084472656,19.6299991607666,19.790000915527344,19.790000915527344,4360600
2025-01-23,19.93000030517578,20.389999389648438,19.860000610351562,19.959999084472656,19.959999084472656,7460900
2025-01-24,19.899999618530273,20.1299991607666,19.81999969482422,20.010000228881836,20.010000228881836,4509414
2025-01-27,20.020000457763672,20.260000228881836,19.690000534057617,19.760000228881836,19.760000228881836,3853534
2025-02-05,19.93000030517578,21.209999084472656,19.809999465942383,21.0,21.0,15700916
2025-02-06,20.950000762939453,21.149999618530273,20.690000534057617,21.0,21.0,8754347
2025-02-07,21.09000015258789,21.43000030517578,20.809999465942383,21.020000457763672,21.020000457763672,9743795
2025-02-10,21.020000457763672,21.770000457763672,20.8700008392334,21.700000762939453,21.700000762939453,14532926
2025-02-11,21.639999389648438,21.670000076293945,21.299999237060547,21.479999542236328,21.479999542236328,7171472
2025-02-12,21.3799991607666,21.43000030517578,20.8700008392334,21.059999465942383,21.059999465942383,10509100
2025-02-13,21.010000228881836,21.200000762939453,20.860000610351562,20.899999618530273,20.899999618530273,5910731
2025-02-14,20.899999618530273,21.760000228881836,20.899999618530273,21.68000030517578,21.68000030517578,13819882
2025-02-17,21.829999923706055,22.350000381469727,21.709999084472656,22.1299991607666,22.1299991607666,15057341
2025-02-18,22.040000915527344,22.09000015258789,21.31999969482422,21.399999618530273,21.399999618530273,9244204
2025-02-19,21.40999984741211,21.860000610351562,21.25,21.719999313354492,21.719999313354492,7739776
2025-02-20,21.8700008392334,22.469999313354492,21.719999313354492,21.899999618530273,21.899999618530273,9688306
2025-02-21,22.049999237060547,22.219999313354492,21.760000228881836,22.15999984741211,22.15999984741211,9503326
2025-02-24,22.1299991607666,22.149999618530273,21.5,21.649999618530273,21.649999618530273,9448921
2025-02-25,21.5,21.6200008392334,21.229999542236328,21.280000686645508,21.280000686645508,6748763
2025-02-26,21.360000610351562,21.459999084472656,21.149999618530273,21.43000030517578,21.43000030517578,7533244
2025-02-27,21.510000228881836,21.559999465942383,21.010000228881836,21.31999969482422,21.31999969482422,6572166
2025-02-28,21.25,21.280000686645508,20.6200008392334,20.719999313354492,20.719999313354492,8011827
2025-03-03,20.799999237060547,21.31999969482422,20.799999237060547,20.850000381469727,20.850000381469727,5839400
2025-03-04,20.700000762939453,21.3700008392334,20.649999618530273,21.260000228881836,21.260000228881836,5420178
2025-03-05,21.260000228881836,21.299999237060547,20.75,20.899999618530273,20.899999618530273,7533912
2025-03-06,20.8700008392334,21.950000762939453,20.8700008392334,21.790000915527344,21.790000915527344,14503593
2025-03-07,21.81999969482422,23.5,21.770000457763672,22.75,22.75,26466091
2025-03-10,22.93000030517578,23.079999923706055,22.270000457763672,22.68000030517578,22.68000030517578,11434108
2025-03-11,22.31999969482422,22.489999771118164,22.15999984741211,22.3700008392334,22.3700008392334,7154325
2025-03-12,22.3700008392334,22.649999618530273,22.1200008392334,22.1299991607666,22.1299991607666,6559026
2025-03-13,22.1299991607666,22.309999465942383,21.690000534057617,21.889999389648438,21.889999389648438,6828252
2025-03-14,21.989999771118164,22.3799991607666,21.739999771118164,22.350000381469727,22.350000381469727,9158608
2025-03-17,22.350000381469727,22.450000762939453,21.940000534057617,21.979999542236328,21.979999542236328,6638784
2025-03-18,22.09000015258789,22.600000381469727,22.020000457763672,22.059999465942383,22.059999465942383,6639571
2025-03-19,21.90999984741211,22.06999969482422,21.799999237060547,22.049999237060547,22.049999237060547,5122109
2025-03-20,22.049999237060547,22.06999969482422,21.68000030517578,21.760000228881836,21.760000228881836,5656890
2025-03-21,21.729999542236328,21.799999237060547,21.18000030517578,21.309999465942383,21.309999465942383,5956000
2025-03-24,21.860000610351562,23.440000534057617,21.860000610351562,23.190000534057617,23.190000534057617,42076308
2025-03-25,22.959999084472656,23.25,22.440000534057617,22.59000015258789,22.59000015258789,23432996
2025-03-26,22.610000610351562,22.760000228881836,22.010000228881836,22.200000762939453,22.200000762939453,13210671
2025-03-27,22.190000534057617,22.540000915527344,21.469999313354492,22.469999313354492,22.469999313354492,13373700
2025-03-28,22.469999313354492,24.040000915527344,22.3700008392334,23.899999618530273,23.899999618530273,33152257
2025-03-31,23.350000381469727,23.610000610351562,22.799999237060547,23.100000381469727,23.100000381469727,19403510
2025-04-01,23.5,25.399999618530273,23.350000381469727,24.389999389648438,24.389999389648438,31483872
2025-04-02,24.030000686645508,24.600000381469727,23.889999389648438,24.100000381469727,24.100000381469727,15354123
2025-04-03,23.719999313354492,25.15999984741211,23.649999618530273,23.700000762939453,23.700000762939453,20436514
2025-04-07,22.049999237060547,22.93000030517578,21.329999923706055,21.329999923706055,21.329999923706055,20484200
2025-04-08,21.469999313354492,21.719999313354492,20.149999618530273,20.700000762939453,20.700000762939453,21413801
2025-04-09,20.0,20.639999389648438,18.899999618530273,20.450000762939453,20.450000762939453,17606300
2025-04-10,20.969999313354492,21.40999984741211,20.790000915527344,20.93000030517578,20.93000030517578,15676069
2025-04-11,20.6200008392334,22.110000610351562,20.56999969482422,21.329999923706055,21.329999923706055,17701086
2025-04-14,21.489999771118164,22.209999084472656,21.459999084472656,21.739999771118164,21.739999771118164,11646200
2025-04-15,21.739999771118164,21.969999313354492,21.389999389648438,21.75,21.75,7508039
2025-04-16,21.799999237060547,21.829999923706055,20.889999389648438,21.149999618530273,21.149999618530273,9095000
2025-04-17,20.959999084472656,21.540000915527344,20.959999084472656,21.270000457763672,21.270000457763672,5914459
2025-04-18,21.399999618530273,21.84000015258789,21.09000015258789,21.260000228881836,21.260000228881836,5749100
2025-04-21,21.309999465942383,22.549999237060547,21.309999465942383,22.299999237060547,22.299999237060547,14432079
2025-04-22,22.1299991607666,22.6200008392334,21.950000762939453,22.360000610351562,22.360000610351562,8419007
2025-04-23,22.450000762939453,22.75,22.329999923706055,22.450000762939453,22.450000762939453,6820109
2025-04-24,22.510000228881836,22.760000228881836,22.170000076293945,22.3799991607666,22.3799991607666,7354807
2025-04-25,21.889999389648438,21.889999389648438,21.15999984741211,21.540000915527344,21.540000915527344,17489434
2025-04-28,21.5,22.049999237060547,21.1200008392334,21.799999237060547,21.799999237060547,11986183
2025-04-29,21.790000915527344,22.049999237060547,21.610000610351562,21.729999542236328,21.729999542236328,6379300
2025-04-30,21.729999542236328,21.959999084472656,20.979999542236328,20.979999542236328,20.979999542236328,13280560
2025-05-06,21.15999984741211,21.68000030517578,21.049999237060547,21.600000381469727,21.600000381469727,8180431
2025-05-07,21.799999237060547,22.200000762939453,21.579999923706055,21.75,21.75,7807916
2025-05-08,21.68000030517578,22.350000381469727,21.649999618530273,21.969999313354492,21.969999313354492,8065340
2025-05-09,21.899999618530273,22.149999618530273,21.690000534057617,21.989999771118164,21.989999771118164,6444672
2025-05-12,22.09000015258789,22.450000762939453,21.850000381469727,22.229999542236328,22.229999542236328,8911663
2025-05-13,22.18000030517578,22.40999984741211,21.75,22.200000762939453,22.200000762939453,7935100
2025-05-14,22.200000762939453,22.309999465942383,21.979999542236328,22.239999771118164,22.239999771118164,5686800
2025-05-15,22.200000762939453,22.440000534057617,21.829999923706055,22.280000686645508,22.280000686645508,6265300
2025-05-16,22.280000686645508,22.8799991607666,22.229999542236328,22.690000534057617,22.690000534057617,11046483
2025-05-19,22.65999984741211,22.790000915527344,22.399999618530273,22.530000686645508,22.530000686645508,7027535
2025-05-20,22.489999771118164,23.290000915527344,22.489999771118164,22.8700008392334,22.8700008392334,9114830
2025-05-21,22.760000228881836,23.020000457763672,22.350000381469727,22.43000030517578,22.43000030517578,9609266
2025-05-22,22.3700008392334,22.520000457763672,21.950000762939453,22.079999923706055,22.079999923706055,7804200
2025-05-23,22.09000015258789,22.940000534057617,22.040000915527344,22.190000534057617,22.190000534057617,10970669
2025-05-26,22.149999618530273,22.209999084472656,21.719999313354492,21.8799991607666,21.8799991607666,6688279
2025-05-27,21.84000015258789,22.040000915527344,21.68000030517578,21.920000076293945,21.920000076293945,4642100
2025-05-28,21.8799991607666,22.09000015258789,21.25,21.440000534057617,21.440000534057617,8371240
2025-05-29,21.43000030517578,22.469999313354492,21.280000686645508,22.34000015258789,22.34000015258789,11683200
2025-05-30,22.299999237060547,22.899999618530273,22.219999313354492,22.520000457763672,22.520000457763672,11727569
2025-06-03,22.3799991607666,24.459999084472656,22.329999923706055,23.8700008392334,23.8700008392334,24452577
2025-06-04,24.040000915527344,24.56999969482422,23.75,24.079999923706055,24.079999923706055,13682438
2025-06-05,24.09000015258789,24.280000686645508,23.5,23.690000534057617,23.690000534057617,9296022
2025-06-06,23.670000076293945,23.790000915527344,23.260000228881836,23.389999389648438,23.389999389648438,6495900
2025-06-09,23.489999771118164,24.209999084472656,23.450000762939453,23.639999389648438,23.639999389648438,12156700
2025-06-10,23.579999923706055,25.8799991607666,23.25,25.260000228881836,25.260000228881836,34254386
2025-06-11,25.010000228881836,25.190000534057617,24.56999969482422,24.959999084472656,24.959999084472656,20158001
2025-06-12,24.959999084472656,25.5,24.90999984741211,25.06999969482422,25.06999969482422,14724600
2025-06-13,24.729999542236328,25.5,23.690000534057617,23.690000534057617,23.690000534057617,25477431
2025-06-16,23.729999542236328,24.239999771118164,23.510000228881836,23.950000762939453,23.950000762939453,10669052
2025-06-17,24.280000686645508,24.5,23.3799991607666,23.559999465942383,23.559999465942383,10305186
2025-06-18,23.329999923706055,23.5,22.989999771118164,23.149999618530273,23.149999618530273,7147022
2025-06-19,23.079999923706055,23.299999237060547,22.68000030517578,22.709999084472656,22.709999084472656,7868317
2025-06-20,22.75,22.860000610351562,22.579999923706055,22.600000381469727,22.600000381469727,5154386
2025-06-23,22.5,22.829999923706055,22.329999923706055,22.700000762939453,22.700000762939453,5867700
2025-06-24,22.950000762939453,23.5,22.950000762939453,23.139999389648438,23.139999389648438,8316300
2025-06-25,23.15999984741211,23.299999237060547,22.860000610351562,23.139999389648438,23.139999389648438,7804500
2025-06-26,23.100000381469727,23.15999984741211,22.809999465942383,22.850000381469727,22.850000381469727,6362953
2025-06-27,22.989999771118164,23.65999984741211,22.8700008392334,23.049999237060547,23.049999237060547,10049700
2025-06-30,23.100000381469727,23.479999542236328,22.760000228881836,23.200000762939453,23.200000762939453,11519645
2025-07-01,23.200000762939453,23.459999084472656,22.90999984741211,23.420000076293945,23.420000076293945,8668140
2025-07-02,23.399999618530273,23.399999618530273,22.8799991607666,22.969999313354492,22.969999313354492,8291000
2025-07-03,22.93000030517578,24.0,22.920000076293945,23.520000457763672,23.520000457763672,12320745
2025-07-04,24.940000534057617,25.8700008392334,24.469999313354492,25.8700008392334,25.8700008392334,35722646
2025-07-07,26.0,26.899999618530273,25.75,25.75,25.75,40195394
2025-07-08,25.610000610351562,27.290000915527344,25.530000686645508,26.75,26.75,32557355
2025-07-09,26.68000030517578,26.979999542236328,26.020000457763672,26.15999984741211,26.15999984741211,20673554
2025-07-10,26.100000381469727,26.479999542236328,25.799999237060547,26.200000762939453,26.200000762939453,15449311
2025-07-11,26.190000534057617,26.899999618530273,26.020000457763672,26.479999542236328,26.479999542236328,15851043
2025-07-14,26.65999984741211,27.700000762939453,26.0,26.239999771118164,26.239999771118164,15692531
2025-07-15,26.389999389648438,26.43000030517578,25.68000030517578,26.200000762939453,26.200000762939453,12835303
2025-07-16,26.059999465942383,26.31999969482422,25.920000076293945,26.010000228881836,26.010000228881836,7748101
2025-07-17,25.950000762939453,26.780000686645508,25.889999389648438,26.600000381469727,26.600000381469727,15767000
2025-07-18,26.420000076293945,26.760000228881836,26.309999465942383,26.709999084472656,26.709999084472656,9898247
2025-07-21,26.700000762939453,26.790000915527344,26.239999771118164,26.479999542236328,26.479999542236328,10159094
2025-07-22,26.559999465942383,27.350000381469727,26.399999618530273,26.6299991607666,26.6299991607666,14331100
2025-07-23,26.3700008392334,28.200000762939453,26.209999084472656,27.420000076293945,27.420000076293945,24086959
2025-07-24,27.40999984741211,27.959999084472656,27.110000610351562,27.40999984741211,27.40999984741211,14002138
2025-07-25,27.559999465942383,27.989999771118164,26.790000915527344,26.809999465942383,26.809999465942383,14172169
2025-07-28,26.81999969482422,27.290000915527344,26.5,26.979999542236328,26.979999542236328,12523100
2025-07-29,27.049999237060547,27.40999984741211,26.5,27.40999984741211,27.40999984741211,17224024
2025-07-30,27.350000381469727,27.65999984741211,26.959999084472656,27.18000030517578,27.18000030517578,13339978
2025-07-31,27.139999389648438,27.799999237060547,26.200000762939453,26.5,26.5,17621043
2025-08-01,26.5,27.3700008392334,26.079999923706055,26.100000381469727,26.100000381469727,16564143
2025-08-04,26.0,26.440000534057617,25.610000610351562,26.350000381469727,26.350000381469727,11573400
2025-08-05,26.610000610351562,27.979999542236328,26.40999984741211,27.15999984741211,27.15999984741211,19470530
2025-08-06,27.06999969482422,27.489999771118164,26.6200008392334,26.979999542236328,26.979999542236328,10892500
2025-08-07,26.959999084472656,27.299999237060547,26.290000915527344,26.399999618530273,26.399999618530273,12224767
2025-08-08,26.3700008392334,26.920000076293945,26.040000915527344,26.329999923706055,26.329999923706055,9087801
2025-08-11,26.110000610351562,26.979999542236328,26.110000610351562,26.6200008392334,26.6200008392334,9689635
2025-08-12,26.639999389648438,27.3799991607666,26.280000686645508,26.489999771118164,26.489999771118164,10118430
2025-08-13,26.899999618530273,27.600000381469727,26.600000381469727,27.31999969482422,27.31999969482422,22375470
2025-08-14,27.299999237060547,28.170000076293945,26.90999984741211,27.15999984741211,27.15999984741211,24547790
2025-08-15,27.059999465942383,27.600000381469727,26.6200008392334,27.59000015258789,27.59000015258789,14467128
2025-08-18,27.889999389648438,29.989999771118164,27.8700008392334,29.209999084472656,29.209999084472656,33056038
2025-08-19,29.100000381469727,29.700000762939453,28.579999923706055,28.719999313354492,28.719999313354492,17344010
2025-08-20,28.719999313354492,30.31999969482422,28.719999313354492,29.65999984741211,29.65999984741211,23371933
2025-08-21,29.670000076293945,29.670000076293945,28.34000015258789,28.510000228881836,28.510000228881836,22483933
2025-08-22,28.510000228881836,28.899999618530273,28.290000915527344,28.5,28.5,12594667
2025-08-25,28.329999923706055,28.739999771118164,28.049999237060547,28.260000228881836,28.260000228881836,14943118
2025-08-26,28.200000762939453,28.25,27.799999237060547,27.8700008392334,27.8700008392334,9583801
2025-08-27,27.889999389648438,28.110000610351562,26.799999237060547,26.799999237060547,26.799999237060547,12890297
2025-08-28,26.799999237060547,26.899999618530273,25.399999618530273,25.920000076293945,25.920000076293945,24916613
2025-08-29,26.0,26.43000030517578,26.0,26.15999984741211,26.15999984741211,9899291
2025-09-01,26.15999984741211,26.43000030517578,25.920000076293945,26.420000076293945,26.420000076293945,10499607
2025-09-02,26.40999984741211,26.489999771118164,25.299999237060547,25.6200008392334,25.6200008392334,12651853
2025-09-03,25.6200008392334,26.149999618530273,25.479999542236328,25.510000228881836,25.510000228881836,8653001
2025-09-04,25.510000228881836,25.700000762939453,24.530000686645508,24.829999923706055,24.829999923706055,10439107
2025-09-05,24.969999313354492,25.329999923706055,24.709999084472656,25.25,25.25,8009019
2025-09-08,25.3700008392334,25.549999237060547,25.020000457763672,25.43000030517578,25.43000030517578,8537910
2025-09-09,25.440000534057617,25.559999465942383,24.65999984741211,24.860000610351562,24.860000610351562,9536600
2025-09-10,24.979999542236328,25.270000457763672,24.899999618530273,24.940000534057617,24.940000534057617,5796040
2025-09-11,24.709999084472656,25.219999313354492,24.270000457763672,25.209999084472656,25.209999084472656,6940300
2025-09-12,25.209999084472656,25.420000076293945,24.829999923706055,25.229999542236328,25.229999542236328,7757986
2025-09-15,25.3799991607666,25.889999389648438,24.959999084472656,25.15999984741211,25.15999984741211,8312511
2025-09-16,25.700000762939453,25.979999542236328,25.399999618530273,25.489999771118164,25.489999771118164,11656200
2025-09-17,25.329999923706055,25.399999618530273,25.030000686645508,25.200000762939453,25.200000762939453,6551301
2025-09-18,25.1200008392334,25.489999771118164,24.68000030517578,24.780000686645508,24.780000686645508,11658561
2025-09-19,24.850000381469727,24.979999542236328,24.290000915527344,24.43000030517578,24.43000030517578,8367300
2025-09-22,24.510000228881836,24.739999771118164,24.309999465942383,24.65999984741211,24.65999984741211,5683690
2025-09-23,24.600000381469727,24.6200008392334,23.760000228881836,24.190000534057617,24.190000534057617,8634600
2025-09-24,24.100000381469727,24.479999542236328,24.010000228881836,24.440000534057617,24.440000534057617,5243000
2025-09-25,24.489999771118164,24.6299991607666,24.110000610351562,24.15999984741211,24.15999984741211,4888246
2025-09-26,24.079999923706055,24.09000015258789,23.799999237060547,23.799999237060547,23.799999237060547,5801592
2025-09-29,23.8700008392334,23.989999771118164,23.399999618530273,23.8700008392334,23.8700008392334,5644600
2025-09-30,24.079999923706055,25.260000228881836,23.90999984741211,24.719999313354492,24.719999313354492,13470899
2025-10-09,24.899999618530273,24.90999984741211,24.239999771118164,24.479999542236328,24.479999542236328,7542700
2025-10-10,24.450000762939453,24.6299991607666,24.290000915527344,24.3700008392334,24.3700008392334,5799530
2025-10-13,23.68000030517578,24.700000762939453,23.68000030517578,24.639999389648438,24.639999389648438,9567852
2025-10-14,24.530000686645508,25.09000015258789,24.479999542236328,24.700000762939453,24.700000762939453,10687061
2025-10-15,24.959999084472656,25.799999237060547,24.850000381469727,25.190000534057617,25.190000534057617,11226243
2025-10-16,25.149999618530273,25.350000381469727,24.889999389648438,24.959999084472656,24.959999084472656,7293840
2025-10-17,24.90999984741211,25.06999969482422,24.0,24.079999923706055,24.079999923706055,7391179
2025-10-20,24.280000686645508,24.360000610351562,23.84000015258789,23.959999084472656,23.959999084472656,5309119
2025-10-21,23.959999084472656,24.270000457763672,23.90999984741211,24.110000610351562,24.110000610351562,4094088
2025-10-22,24.020000457763672,24.260000228881836,23.790000915527344,23.850000381469727,23.850000381469727,4421500
2025-10-23,23.84000015258789,23.84000015258789,23.149999618530273,23.549999237060547,23.549999237060547,6755700
2025-10-24,23.459999084472656,23.829999923706055,23.450000762939453,23.540000915527344,23.540000915527344,4395770
2025-10-27,23.700000762939453,24.170000076293945,23.600000381469727,23.979999542236328,23.979999542236328,6473930
2025-10-28,23.8799991607666,24.040000915527344,23.59000015258789,23.799999237060547,23.799999237060547,5033399
2025-10-29,23.700000762939453,23.889999389648438,23.440000534057617,23.81999969482422,23.81999969482422,4896249
2025-10-30,24.030000686645508,24.600000381469727,23.899999618530273,24.389999389648438,24.389999389648438,10631159
2025-10-31,24.510000228881836,24.799999237060547,24.389999389648438,24.65999984741211,24.65999984741211,7701698
2025-11-03,26.5,26.5,25.049999237060547,25.479999542236328,25.479999542236328,17018199
2025-11-04,25.510000228881836,25.510000228881836,24.75,24.860000610351562,24.860000610351562,8388689
2025-11-05,24.649999618530273,25.15999984741211,24.579999923706055,24.770000457763672,24.770000457763672,6106099
2025-11-06,24.719999313354492,24.790000915527344,24.469999313354492,24.719999313354492,24.719999313354492,4974659
2025-11-07,24.780000686645508,24.799999237060547,24.479999542236328,24.600000381469727,24.600000381469727,4066669
2025-11-10,24.899999618530273,27.059999465942383,24.899999618530273,26.780000686645508,26.780000686645508,35612628
2025-11-11,26.510000228881836,26.600000381469727,25.860000610351562,26.010000228881836,26.010000228881836,22322656
2025-11-12,26.18000030517578,28.610000610351562,26.170000076293945,28.610000610351562,28.610000610351562,31138499
2025-11-13,29.270000457763672,29.270000457763672,28.149999618530273,28.270000457763672,28.270000457763672,32140068
2025-11-14,28.110000610351562,29.540000915527344,28.110000610351562,28.65999984741211,28.65999984741211,27433702
2025-11-17,28.3799991607666,28.610000610351562,27.520000457763672,27.579999923706055,27.579999923706055,19074611
2025-11-18,27.399999618530273,28.309999465942383,27.25,27.43000030517578,27.43000030517578,14516532
2025-11-19,27.450000762939453,27.670000076293945,26.549999237060547,26.850000381469727,26.850000381469727,12126164
2025-11-20,26.780000686645508,27.049999237060547,26.299999237060547,26.520000457763672,26.520000457763672,8253210
2025-11-21,26.200000762939453,26.84000015258789,25.450000762939453,25.65999984741211,25.65999984741211,12635659
2025-11-24,26.010000228881836,28.229999542236328,26.010000228881836,28.229999542236328,28.229999542236328,16905182
2025-11-25,28.510000228881836,28.920000076293945,28.299999237060547,28.670000076293945,28.670000076293945,23951101
2025-11-26,28.8700008392334,29.049999237060547,28.3700008392334,28.489999771118164,28.489999771118164,16560825
2025-11-27,28.829999923706055,29.280000686645508,28.459999084472656,28.479999542236328,28.479999542236328,13294528
2025-11-28,28.829999923706055,28.850000381469727,27.719999313354492,28.40999984741211,28.40999984741211,13477500
2025-12-01,28.43000030517578,29.06999969482422,28.260000228881836,28.700000762939453,28.700000762939453,11762830
2025-12-02,28.43000030517578,28.65999984741211,28.020000457763672,28.389999389648438,28.389999389648438,7814052
2025-12-03,28.209999084472656,28.520000457763672,27.75,27.809999465942383,27.809999465942383,7637000
2025-12-04,27.809999465942383,29.059999465942383,27.610000610351562,28.780000686645508,28.780000686645508,15978380
2025-12-05,28.56999969482422,28.81999969482422,28.360000610351562,28.760000228881836,28.760000228881836,9846535
2025-12-08,28.899999618530273,29.3700008392334,27.0,27.829999923706055,27.829999923706055,17221918
2025-12-09,27.81999969482422,27.979999542236328,27.010000228881836,27.079999923706055,27.079999923706055,10276102
2025-12-10,27.1299991607666,27.239999771118164,26.760000228881836,26.850000381469727,26.850000381469727,6699312
2025-12-11,27.06999969482422,27.15999984741211,26.559999465942383,26.600000381469727,26.600000381469727,6501241
2025-12-12,26.600000381469727,26.68000030517578,26.350000381469727,26.440000534057617,26.440000534057617,6915400
2025-12-15,26.399999618530273,26.549999237060547,26.100000381469727,26.149999618530273,26.149999618530273,6249953
2025-12-16,26.290000915527344,26.510000228881836,25.59000015258789,25.700000762939453,25.700000762939453,7300968
2025-12-17,25.68000030517578,26.010000228881836,25.3799991607666,25.809999465942383,25.809999465942383,6781241
2025-12-18,25.670000076293945,26.010000228881836,25.600000381469727,25.600000381469727,25.600000381469727,6783837
2025-12-19,25.790000915527344,26.329999923706055,25.6200008392334,25.899999618530273,25.899999618530273,7349740
2025-12-22,25.899999618530273,26.059999465942383,25.56999969482422,25.760000228881836,25.760000228881836,6575400
2025-12-23,25.700000762939453,25.700000762939453,25.059999465942383,25.34000015258789,25.34000015258789,9364488
2025-12-24,25.399999618530273,25.489999771118164,25.18000030517578,25.459999084472656,25.459999084472656,5230699
2025-12-25,25.5,25.81999969482422,25.309999465942383,25.719999313354492,25.719999313354492,6333615
2025-12-26,25.600000381469727,25.860000610351562,25.489999771118164,25.5,25.5,6358637
2025-12-29,25.389999389648438,25.559999465942383,25.15999984741211,25.209999084472656,25.209999084472656,5834033
2025-12-30,25.209999084472656,26.100000381469727,25.209999084472656,25.5,25.5,8475349
2025-12-31,25.440000534057617,25.670000076293945,25.1299991607666,25.200000762939453,25.200000762939453,6801600
2026-01-05,24.989999771118164,26.979999542236328,24.920000076293945,26.739999771118164,26.739999771118164,18838800
2026-01-06,26.549999237060547,27.229999542236328,26.440000534057617,26.56999969482422,26.56999969482422,12087210
2026-01-07,26.600000381469727,27.540000915527344,26.600000381469727,26.739999771118164,26.739999771118164,10266955
2026-01-08,26.670000076293945,27.1200008392334,26.610000610351562,26.790000915527344,26.790000915527344,8536700
2026-01-09,26.760000228881836,27.18000030517578,26.700000762939453,27.1299991607666,27.1299991607666,9840354
2026-01-12,27.1299991607666,27.850000381469727,26.829999923706055,27.600000381469727,27.600000381469727,15852422
2026-01-13,27.579999923706055,28.549999237060547,27.40999984741211,27.799999237060547,27.799999237060547,22242435
2026-01-14,27.719999313354492,28.559999465942383,27.09000015258789,27.520000457763672,27.520000457763672,22542170
2026-01-15,27.34000015258789,27.450000762939453,26.959999084472656,27.270000457763672,27.270000457763672,10522245
2026-01-16,27.290000915527344,27.350000381469727,26.56999969482422,26.670000076293945,26.670000076293945,9024057
2026-01-19,26.610000610351562,27.350000381469727,26.5,27.030000686645508,27.030000686645508,8811271
2026-01-20,27.270000457763672,27.639999389648438,26.670000076293945,26.770000457763672,26.770000457763672,8816924
2026-01-21,26.610000610351562,27.190000534057617,26.420000076293945,26.899999618530273,26.899999618530273,8935929
2026-01-22,27.010000228881836,27.84000015258789,26.899999618530273,27.190000534057617,27.190000534057617,10174915
2026-01-23,27.190000534057617,27.530000686645508,27.100000381469727,27.290000915527344,27.290000915527344,8638895
2026-01-26,27.299999237060547,27.540000915527344,26.670000076293945,27.260000228881836,27.260000228881836,13323816
2026-01-27,27.200000762939453,27.200000762939453,26.139999389648438,26.75,26.75,10630100
2026-01-28,26.6299991607666,26.799999237060547,26.110000610351562,26.1299991607666,26.1299991607666,8973119
2026-01-29,26.030000686645508,26.469999313354492,25.700000762939453,26.139999389648438,26.139999389648438,6910712
2026-01-30,26.229999542236328,26.5,25.65999984741211,25.799999237060547,25.799999237060547,6913300
2026-02-02,25.600000381469727,25.899999618530273,24.850000381469727,24.8799991607666,24.8799991607666,7400433
2026-02-03,25.190000534057617,25.280000686645508,24.850000381469727,25.170000076293945,25.170000076293945,5247633
2026-02-04,25.010000228881836,25.43000030517578,24.90999984741211,25.34000015258789,25.34000015258789,6114901
2026-02-05,25.329999923706055,25.549999237060547,25.190000534057617,25.450000762939453,25.450000762939453,5691496
2026-02-06,25.360000610351562,25.770000457763672,25.309999465942383,25.399999618530273,25.399999618530273,5761637
2026-02-09,25.549999237060547,25.770000457763672,25.479999542236328,25.610000610351562,25.610000610351562,4347084
2026-02-10,25.600000381469727,25.950000762939453,25.399999618530273,25.84000015258789,25.84000015258789,4818776
2026-02-11,25.809999465942383,25.93000030517578,25.719999313354492,25.760000228881836,25.760000228881836,3318500
2026-02-12,25.729999542236328,25.790000915527344,25.399999618530273,25.450000762939453,25.450000762939453,4293200
2026-02-13,25.5,25.59000015258789,25.0,25.0,25.0,4860787
2026-02-24,25.110000610351562,26.489999771118164,25.110000610351562,26.09000015258789,26.09000015258789,10638200
2026-02-25,26.09000015258789,26.860000610351562,25.850000381469727,26.559999465942383,26.559999465942383,8974049
2026-02-26,26.559999465942383,27.979999542236328,26.25,27.34000015258789,27.34000015258789,18234189
2026-02-27,26.899999618530273,27.440000534057617,26.709999084472656,27.420000076293945,27.420000076293945,8548515
2026-03-02,27.110000610351562,27.979999542236328,27.100000381469727,27.579999923706055,27.579999923706055,14323245
2026-03-03,27.450000762939453,27.8700008392334,26.700000762939453,26.75,26.75,11233437
2026-03-04,26.979999542236328,28.489999771118164,26.829999923706055,27.799999237060547,27.799999237060547,17603286
2026-03-05,28.360000610351562,28.469999313354492,27.719999313354492,28.09000015258789,28.09000015258789,10705362
2026-03-06,27.979999542236328,30.899999618530273,27.809999465942383,30.899999618530273,30.899999618530273,43287126
2026-03-09,30.75,31.25,30.389999389648438,30.790000915527344,30.790000915527344,35166832
2026-03-10,30.809999465942383,31.399999618530273,30.530000686645508,31.3700008392334,31.3700008392334,20434281
2026-03-11,31.219999313354492,31.690000534057617,30.65999984741211,30.93000030517578,30.93000030517578,18647452
2026-03-12,30.899999618530273,31.260000228881836,30.34000015258789,31.030000686645508,31.030000686645508,15229004
2026-03-13,31.18000030517578,31.549999237060547,29.510000228881836,29.59000015258789,29.59000015258789,18129026
2026-03-16,29.5,30.6200008392334,29.06999969482422,30.459999084472656,30.459999084472656,16457870
2026-03-17,30.459999084472656,31.100000381469727,29.899999618530273,29.989999771118164,29.989999771118164,12881445
2026-03-18,30.34000015258789,32.9900016784668,29.780000686645508,32.09000015258789,32.09000015258789,32755344
2026-03-19,31.959999084472656,32.16999816894531,31.25,31.280000686645508,31.280000686645508,17081861
2026-03-20,31.299999237060547,31.829999923706055,29.850000381469727,29.979999542236328,29.979999542236328,16900574
2026-03-23,29.530000686645508,30.719999313354492,28.799999237060547,29.40999984741211,29.40999984741211,19967731
2026-03-24,29.760000228881836,32.349998474121094,29.670000076293945,31.399999618530273,31.399999618530273,28190326
2026-03-25,31.110000610351562,31.65999984741211,31.059999465942383,31.309999465942383,31.309999465942383,16902558
2026-03-26,31.149999618530273,32.279998779296875,30.709999084472656,30.770000457763672,30.770000457763672,16474630
2026-03-27,30.299999237060547,32.880001068115234,30.18000030517578,31.8799991607666,31.8799991607666,24804940
2026-03-30,31.5,32.27000045776367,31.309999465942383,31.850000381469727,31.850000381469727,20153771
2026-03-31,31.579999923706055,32.08000183105469,30.899999618530273,30.899999618530273,30.899999618530273,16607077
2026-04-01,31.389999389648438,32.939998626708984,31.100000381469727,32.939998626708984,32.939998626708984,31872833
2026-04-02,32.939998626708984,32.939998626708984,31.010000228881836,31.579999923706055,31.579999923706055,29853854
2026-04-03,30.899999618530273,31.149999618530273,28.420000076293945,28.420000076293945,28.420000076293945,32514868
2026-04-07,28.0,28.850000381469727,27.579999923706055,28.399999618530273,28.399999618530273,16803781
2026-04-08,28.940000534057617,29.290000915527344,28.43000030517578,28.8799991607666,28.8799991607666,14687164
2026-04-09,28.709999084472656,29.139999389648438,28.440000534057617,28.5,28.5,11682190
2026-04-10,28.5,29.59000015258789,28.469999313354492,28.809999465942383,28.809999465942383,13276702
2026-04-13,28.520000457763672,28.700000762939453,28.110000610351562,28.200000762939453,28.200000762939453,10320839
2026-04-14,28.440000534057617,28.739999771118164,27.8700008392334,28.43000030517578,28.43000030517578,9858393
2026-04-15,28.729999542236328,29.09000015258789,28.3700008392334,28.649999618530273,28.649999618530273,11681912
2026-04-16,28.579999923706055,28.8700008392334,28.350000381469727,28.65999984741211,28.65999984741211,8449670
2026-04-17,28.5,28.59000015258789,27.969999313354492,28.31999969482422,28.31999969482422,9602616
2026-04-20,28.149999618530273,28.8799991607666,28.06999969482422,28.530000686645508,28.530000686645508,9249183
2026-04-21,28.559999465942383,28.559999465942383,27.670000076293945,27.709999084472656,27.709999084472656,9028911
2026-04-22,27.690000534057617,28.489999771118164,27.6200008392334,28.15999984741211,28.15999984741211,8605440
2026-04-23,28.09000015258789,28.200000762939453,27.65999984741211,27.780000686645508,27.780000686645508,7683930
2026-04-24,27.68000030517578,27.719999313354492,27.059999465942383,27.09000015258789,27.09000015258789,8964056
2026-04-27,27.1200008392334,27.18000030517578,25.860000610351562,26.530000686645508,26.530000686645508,14242106
2026-04-28,26.549999237060547,26.719999313354492,26.049999237060547,26.149999618530273,26.149999618530273,9122557
2026-04-29,26.15999984741211,26.489999771118164,25.90999984741211,26.450000762939453,26.450000762939453,5353900
2026-04-30,26.350000381469727,26.459999084472656,25.799999237060547,25.8700008392334,25.8700008392334,9262700
2026-05-06,25.940000534057617,26.15999984741211,24.799999237060547,24.8700008392334,24.8700008392334,21075255
2026-05-07,24.829999923706055,25.149999618530273,24.6200008392334,24.979999542236328,24.979999542236328,10544619
2026-05-08,24.989999771118164,25.139999389648438,24.639999389648438,24.850000381469727,24.850000381469727,8743516
2026-05-11,24.90999984741211,25.25,24.329999923706055,25.15999984741211,25.15999984741211,17394055
2026-05-12,25.049999237060547,25.049999237060547,24.25,24.31999969482422,24.31999969482422,10108494
2026-05-13,24.399999618530273,24.549999237060547,24.0,24.350000381469727,24.350000381469727,7531400
2026-05-14,24.299999237060547,24.59000015258789,23.43000030517578,23.440000534057617,23.440000534057617,12183283
2026-05-15,23.440000534057617,23.440000534057617,22.5,22.690000534057617,22.690000534057617,14364920
2026-05-18,22.68000030517578,22.68000030517578,22.15999984741211,22.280000686645508,22.280000686645508,7657544
2026-05-19,22.329999923706055,22.920000076293945,22.299999237060547,22.479999542236328,22.479999542236328,7685200
2026-05-20,22.299999237060547,22.540000915527344,21.700000762939453,21.780000686645508,21.780000686645508,9967072
2026-05-21,21.799999237060547,22.049999237060547,21.09000015258789,21.139999389648438,21.139999389648438,9985538
2026-05-22,21.25,21.350000381469727,20.639999389648438,20.93000030517578,20.93000030517578,10265700
2026-05-25,21.0,21.110000610351562,20.65999984741211,20.899999618530273,20.899999618530273,6885727
2026-05-26,20.799999237060547,20.940000534057617,20.3799991607666,20.68000030517578,20.68000030517578,6952800
2026-05-27,20.649999618530273,20.81999969482422,20.1200008392334,20.18000030517578,20.18000030517578,7957300
2026-05-28,20.270000457763672,20.5,19.450000762939453,19.8700008392334,19.8700008392334,10790630
2026-05-29,20.059999465942383,20.579999923706055,19.799999237060547,19.899999618530273,19.899999618530273,13132646
2026-06-01,19.90999984741211,20.239999771118164,19.709999084472656,20.1299991607666,20.1299991607666,8485855
2026-06-02,20.190000534057617,20.200000762939453,19.31999969482422,19.530000686645508,19.530000686645508,9674028
2026-06-03,19.5,19.84000015258789,19.270000457763672,19.670000076293945,19.670000076293945,7980430
2026-06-04,19.68000030517578,20.190000534057617,19.329999923706055,19.450000762939453,19.450000762939453,10658500
2026-06-05,19.8799991607666,20.719999313354492,19.719999313354492,19.829999923706055,19.829999923706055,16855893
2026-06-08,19.549999237060547,19.8700008392334,18.489999771118164,18.799999237060547,18.799999237060547,13708962
2026-06-09,18.899999618530273,19.15999984741211,18.520000457763672,18.860000610351562,18.860000610351562,8446533
2026-06-10,18.860000610351562,18.860000610351562,18.149999618530273,18.520000457763672,18.520000457763672,8060658
2026-06-11,18.479999542236328,18.559999465942383,17.979999542236328,18.190000534057617,18.190000534057617,7439246
2026-06-12,18.329999923706055,18.799999237060547,18.059999465942383,18.719999313354492,18.719999313354492,9216211
2026-06-15,18.610000610351562,18.8799991607666,18.350000381469727,18.479999542236328,18.479999542236328,8310709
2026-06-16,18.549999237060547,18.780000686645508,18.149999618530273,18.549999237060547,18.549999237060547,7922404
2026-06-17,18.59000015258789,18.59000015258789,18.09000015258789,18.200000762939453,18.200000762939453,6820890
2026-06-18,18.149999618530273,18.760000228881836,18.010000228881836,18.350000381469727,18.350000381469727,7959600
2026-06-22,18.200000762939453,18.25,17.260000228881836,17.989999771118164,17.989999771118164,13185672
2026-06-23,17.8799991607666,18.8799991607666,17.799999237060547,18.3799991607666,18.3799991607666,12494495
2026-06-24,18.559999465942383,18.59000015258789,17.799999237060547,17.799999237060547,17.799999237060547,10251700
2026-06-25,17.65999984741211,17.75,17.170000076293945,17.530000686645508,17.530000686645508,10077368
2026-06-26,17.450000762939453,17.68000030517578,16.700000762939453,16.739999771118164,16.739999771118164,11122893
2026-06-29,16.600000381469727,17.829999923706055,16.239999771118164,17.549999237060547,17.549999237060547,16230830
2026-06-30,17.549999237060547,17.610000610351562,17.06999969482422,17.110000610351562,17.110000610351562,9230184
2026-07-01,17.040000915527344,18.079999923706055,16.809999465942383,17.959999084472656,17.959999084472656,12411844
2026-07-02,18.149999618530273,18.65999984741211,17.899999618530273,17.989999771118164,17.989999771118164,12616617
2026-07-03,18.190000534057617,18.760000228881836,18.059999465942383,18.549999237060547,18.549999237060547,13629446
2026-07-06,19.200000762939453,20.40999984741211,19.200000762939453,19.440000534057617,19.440000534057617,28305457
2026-07-07,19.440000534057617,19.440000534057617,18.18000030517578,18.209999084472656,18.209999084472656,19091038
2026-07-08,18.229999542236328,18.65999984741211,17.899999618530273,17.899999618530273,17.899999618530273,12678542
2026-07-09,17.700000762939453,18.389999389648438,17.200000762939453,17.649999618530273,17.649999618530273,12187122
2026-07-10,17.5,18.860000610351562,17.270000457763672,18.3700008392334,18.3700008392334,15509174
2026-07-13,18.299999237060547,18.6200008392334,17.860000610351562,17.979999542236328,17.979999542236328,11420695
2026-07-14,18.0,18.479999542236328,17.549999237060547,18.360000610351562,18.360000610351562,10617046
2026-07-15,18.280000686645508,19.200000762939453,18.149999618530273,18.940000534057617,18.940000534057617,15792724
2026-07-16,18.889999389648438,19.3700008392334,18.459999084472656,19.100000381469727,19.100000381469727,15429770
2026-07-17,18.969999313354492,19.040000915527344,17.799999237060547,17.850000381469727,17.850000381469727,14410325
2026-07-20,17.850000381469727,18.3799991607666,17.600000381469727,18.3700008392334,18.3700008392334,11599035
2026-07-21,18.209999084472656,18.360000610351562,17.84000015258789,18.219999313354492,18.219999313354492,10070278
2026-07-22,18.149999618530273,19.09000015258789,18.059999465942383,18.479999542236328,18.479999542236328,11473648
2026-07-23,18.329999923706055,18.860000610351562,18.100000381469727,18.6299991607666,18.6299991607666,9806504
2026-07-24,18.43000030517578,18.670000076293945,17.75,17.799999237060547,17.799999237060547,8397816
2026-07-27,17.670000076293945,18.559999465942383,17.450000762939453,18.459999084472656,18.459999084472656,9905189
2026-07-28,18.40999984741211,18.639999389648438,18.229999542236328,18.399999618530273,18.399999618530273,5541800
2026-07-29,18.489999771118164,18.84000015258789,18.25,18.68000030517578,18.68000030517578,7855884
2026-07-30,18.600000381469727,19.1299991607666,18.389999389648438,18.579999923706055,18.579999923706055,7992773
2026-07-31,18.450000762939453,18.940000534057617,18.420000076293945,18.770000457763672,18.770000457763672,7472613
2026-08-03,18.75,18.950000762939453,18.68000030517578,18.93000030517578,18.93000030517578,5085403
2026-08-04,18.979999542236328,19.360000610351562,18.969999313354492,19.030000686645508,19.030000686645508,7735154
2026-08-05,19.0,19.1299991607666,18.829999923706055,18.950000762939453,18.950000762939453,6987825
2026-08-06,18.979999542236328,19.469999313354492,18.809999465942383,18.8700008392334,18.8700008392334,11700315
2026-08-07,18.8700008392334,19.81999969482422,18.6299991607666,19.799999237060547,19.799999237060547,17276303
2026-08-10,20.110000610351562,20.43000030517578,19.829999923706055,19.950000762939453,19.950000762939453,16277500
2026-08-11,19.799999237060547,20.3799991607666,19.700000762939453,19.889999389648438,19.889999389648438,9811859
2026-08-12,19.90999984741211,20.229999542236328,19.780000686645508,19.8799991607666,19.8799991607666,9082000
2026-08-13,19.979999542236328,20.719999313354492,19.770000457763672,20.299999237060547,20.299999237060547,16763885
2026-08-14,22.190000534057617,22.329999923706055,21.479999542236328,22.329999923706055,22.329999923706055,45206308
