Date,Open,High,Low,Close,Adj Close,Volume
2021-08-16,5.260000228881836,5.320000171661377,5.210000038146973,5.260000228881836,5.042003154754639,2658287
2021-08-17,5.239999771118164,5.28000020980835,5.119999885559082,5.150000095367432,4.936561584472656,3592934
2021-08-18,5.159999847412109,5.21999979019165,5.150000095367432,5.190000057220459,4.974904537200928,2017529
2021-08-19,5.199999809265137,5.230000019073486,5.130000114440918,5.190000057220459,4.974904537200928,1838800
2021-08-20,5.190000057220459,5.269999980926514,5.130000114440918,5.260000228881836,5.042003154754639,4049125
2021-08-23,5.25,5.28000020980835,5.210000038146973,5.260000228881836,5.042003154754639,3258900
2021-08-24,5.260000228881836,5.539999961853027,5.260000228881836,5.389999866485596,5.16661548614502,9973996
2021-08-25,5.349999904632568,5.53000020980835,5.349999904632568,5.46999979019165,5.24329948425293,6782316
2021-08-26,5.420000076293945,5.659999847412109,5.420000076293945,5.5,5.2720561027526855,12505236
2021-08-27,5.46999979019165,5.559999942779541,5.449999809265137,5.519999980926514,5.291227340698242,4899161
2021-08-30,5.550000190734863,5.599999904632568,5.389999866485596,5.440000057220459,5.214542865753174,5886585
2021-08-31,5.460000038146973,5.599999904632568,5.440000057220459,5.53000020980835,5.3008131980896,6262243
2021-09-01,5.550000190734863,5.590000152587891,5.389999866485596,5.460000038146973,5.2337141036987305,6533229
2021-09-02,5.440000057220459,5.53000020980835,5.420000076293945,5.510000228881836,5.281641960144043,5524628
2021-09-03,5.610000133514404,5.659999847412109,5.440000057220459,5.579999923706055,5.348741054534912,8545350
2021-09-06,5.53000020980835,5.579999923706055,5.429999828338623,5.510000228881836,5.281641960144043,5572634
2021-09-07,5.519999980926514,5.610000133514404,5.489999771118164,5.570000171661377,5.339155673980713,6161317
2021-09-08,5.570000171661377,5.71999979019165,5.53000020980835,5.710000038146973,5.473352909088135,8244147
2021-09-09,5.710000038146973,5.739999771118164,5.639999866485596,5.710000038146973,5.473352909088135,6003600
2021-09-10,5.659999847412109,5.710000038146973,5.53000020980835,5.550000190734863,5.319984436035156,6427100
2021-09-13,5.53000020980835,5.760000228881836,5.53000020980835,5.75,5.511695384979248,8151142
2021-09-14,5.699999809265137,5.75,5.570000171661377,5.590000152587891,5.358326435089111,6077317
2021-09-15,5.639999866485596,5.679999828338623,5.550000190734863,5.670000076293945,5.4350104331970215,4649510
2021-09-16,5.659999847412109,5.730000019073486,5.559999942779541,5.570000171661377,5.339155673980713,5264460
2021-09-17,5.579999923706055,5.610000133514404,5.349999904632568,5.5,5.2720561027526855,5380841
2021-09-22,5.460000038146973,5.670000076293945,5.429999828338623,5.650000095367432,5.415839672088623,5445500
2021-09-23,5.679999828338623,5.75,5.630000114440918,5.690000057220459,5.45418119430542,7056101
2021-09-24,5.71999979019165,5.809999942779541,5.650000095367432,5.679999828338623,5.444595813751221,8948924
2021-09-27,5.800000190734863,5.849999904632568,5.230000019073486,5.25,5.032417297363281,14800500
2021-09-28,5.230000019073486,5.340000152587891,5.179999828338623,5.28000020980835,5.061173915863037,5026566
2021-09-29,5.260000228881836,5.360000133514404,5.099999904632568,5.099999904632568,4.888633728027344,6983300
2021-09-30,5.119999885559082,5.460000038146973,5.119999885559082,5.400000095367432,5.176200866699219,6889715
2021-10-08,5.409999847412109,5.940000057220459,5.409999847412109,5.940000057220459,5.693821430206299,21140838
2021-10-11,6.010000228881836,6.079999923706055,5.78000020980835,5.800000190734863,5.5596232414245605,28529580
2021-10-12,5.880000114440918,6.159999847412109,5.78000020980835,5.829999923706055,5.588379383087158,20281813
2021-10-13,5.949999809265137,6.039999961853027,5.710000038146973,5.940000057220459,5.693821430206299,14981748
2021-10-14,5.889999866485596,6.139999866485596,5.760000228881836,6.090000152587891,5.83760404586792,15733080
2021-10-15,6.019999980926514,6.070000171661377,5.869999885559082,5.909999847412109,5.665064334869385,10958201
2021-10-18,5.989999771118164,5.989999771118164,5.809999942779541,5.949999809265137,5.70340633392334,5784446
2021-10-19,5.989999771118164,6.010000228881836,5.860000133514404,5.980000019073486,5.732163429260254,7130188
2021-10-20,5.929999828338623,6.170000076293945,5.909999847412109,6.070000171661377,5.8184332847595215,10753890
2021-10-21,6.019999980926514,6.130000114440918,5.920000076293945,5.989999771118164,5.741748332977295,9873607
2021-10-22,5.940000057220459,6.0,5.840000152587891,5.900000095367432,5.655478477478027,7582738
2021-10-25,5.900000095367432,6.380000114440918,5.800000190734863,6.349999904632568,6.086828708648682,21135061
2021-10-26,6.329999923706055,6.449999809265137,6.139999866485596,6.199999809265137,5.943045139312744,12653698
2021-10-27,6.139999866485596,6.190000057220459,5.920000076293945,6.050000190734863,5.799262046813965,11067900
2021-10-28,6.050000190734863,6.050000190734863,5.53000020980835,5.590000152587891,5.358326435089111,15983900
2021-10-29,5.599999904632568,6.150000095367432,5.599999904632568,6.150000095367432,5.895117282867432,17258791
2021-11-01,6.269999980926514,6.320000171661377,6.110000133514404,6.199999809265137,5.943045139312744,20908845
2021-11-02,6.239999771118164,6.239999771118164,6.010000228881836,6.110000133514404,5.856775283813477,12968181
2021-11-03,6.130000114440918,6.300000190734863,5.920000076293945,6.019999980926514,5.770504951477051,15330500
2021-11-04,5.989999771118164,6.460000038146973,5.900000095367432,6.360000133514404,6.096414089202881,22884775
2021-11-05,6.329999923706055,6.369999885559082,6.159999847412109,6.190000057220459,5.933459281921387,12202175
2021-11-08,6.159999847412109,6.28000020980835,6.079999923706055,6.170000076293945,5.914288520812988,8262500
2021-11-09,6.150000095367432,6.380000114440918,6.130000114440918,6.340000152587891,6.077243328094482,11719564
2021-11-10,6.309999942779541,6.329999923706055,6.190000057220459,6.309999942779541,6.048486709594727,8713149
2021-11-11,6.269999980926514,6.420000076293945,6.210000038146973,6.239999771118164,5.981387138366699,10051602
2021-11-12,6.25,6.389999866485596,6.110000133514404,6.340000152587891,6.077243328094482,9616400
2021-11-15,6.289999961853027,6.53000020980835,6.260000228881836,6.260000228881836,6.000558376312256,14132640
2021-11-16,6.199999809265137,6.360000133514404,6.179999828338623,6.199999809265137,5.943045139312744,9692179
2021-11-17,6.159999847412109,6.239999771118164,6.070000171661377,6.21999979019165,5.962215900421143,8260867
2021-11-18,6.21999979019165,6.429999828338623,6.179999828338623,6.210000038146973,5.952630996704102,10626260
2021-11-19,6.210000038146973,6.380000114440918,6.050000190734863,6.309999942779541,6.048486709594727,12620626
2021-11-22,6.340000152587891,6.340000152587891,6.21999979019165,6.269999980926514,6.010144233703613,6177255
2021-11-23,6.25,6.389999866485596,6.199999809265137,6.230000019073486,5.971801280975342,7193602
2021-11-24,6.269999980926514,6.340000152587891,6.190000057220459,6.260000228881836,6.000558376312256,6857652
2021-11-25,6.210000038146973,6.239999771118164,6.079999923706055,6.099999904632568,5.847189426422119,7877801
2021-11-26,6.070000171661377,6.159999847412109,6.050000190734863,6.099999904632568,5.847189426422119,5369886
2021-11-29,6.010000228881836,6.059999942779541,5.960000038146973,6.0,5.751334190368652,5470100
2021-11-30,6.019999980926514,6.480000019073486,6.019999980926514,6.289999961853027,6.029314994812012,16134798
2021-12-01,6.239999771118164,6.579999923706055,6.239999771118164,6.519999980926514,6.249783039093018,18383600
2021-12-02,6.659999847412109,7.170000076293945,6.579999923706055,6.690000057220459,6.412737846374512,28677937
2021-12-03,6.989999771118164,7.150000095367432,6.659999847412109,6.809999942779541,6.527763843536377,19722233
2021-12-06,6.769999980926514,6.78000020980835,6.519999980926514,6.53000020980835,6.259369373321533,16131240
2021-12-07,6.590000152587891,6.630000114440918,6.449999809265137,6.489999771118164,6.221026420593262,10022554
2021-12-08,6.519999980926514,6.760000228881836,6.429999828338623,6.710000038146973,6.431908130645752,11874122
2021-12-09,6.659999847412109,6.75,6.559999942779541,6.670000076293945,6.393566608428955,8986630
2021-12-10,6.599999904632568,6.800000190734863,6.599999904632568,6.670000076293945,6.393566608428955,9033201
2021-12-13,6.659999847412109,6.699999809265137,6.460000038146973,6.550000190734863,6.278539657592773,9179050
2021-12-14,6.5,6.570000171661377,6.460000038146973,6.510000228881836,6.240197658538818,5040230
2021-12-15,6.519999980926514,6.550000190734863,6.460000038146973,6.53000020980835,6.259369373321533,6015630
2021-12-16,6.510000228881836,6.610000133514404,6.489999771118164,6.53000020980835,6.259369373321533,6346100
2021-12-17,6.53000020980835,6.670000076293945,6.5,6.519999980926514,6.249783039093018,6767401
2021-12-20,6.329999923706055,6.360000133514404,6.230000019073486,6.239999771118164,5.981387138366699,9630534
2021-12-21,6.340000152587891,6.730000019073486,6.340000152587891,6.440000057220459,6.173098564147949,11857339
2021-12-22,6.440000057220459,6.679999828338623,6.369999885559082,6.539999961853027,6.268954753875732,10120664
2021-12-23,6.559999942779541,6.610000133514404,6.449999809265137,6.46999979019165,6.201855659484863,8053100
2021-12-24,6.5,6.5,6.25,6.25,5.990972518920898,8364400
2021-12-27,6.21999979019165,6.340000152587891,6.210000038146973,6.25,5.990972518920898,5125039
2021-12-28,6.269999980926514,6.360000133514404,6.239999771118164,6.329999923706055,6.067657470703125,4595700
2021-12-29,6.300000190734863,6.349999904632568,6.25,6.300000190734863,6.038900852203369,3472266
2021-12-30,6.320000171661377,6.369999885559082,6.260000228881836,6.320000171661377,6.058072090148926,3746000
2021-12-31,6.320000171661377,6.369999885559082,6.309999942779541,6.340000152587891,6.077243328094482,4009225
2022-01-04,6.340000152587891,6.579999923706055,6.340000152587891,6.550000190734863,6.278539657592773,11190910
2022-01-05,6.599999904632568,6.679999828338623,6.409999847412109,6.460000038146973,6.192270278930664,8353900
2022-01-06,6.429999828338623,6.599999904632568,6.429999828338623,6.539999961853027,6.268954753875732,5449169
2022-01-07,6.590000152587891,6.619999885559082,6.409999847412109,6.409999847412109,6.144341468811035,6189375
2022-01-10,6.409999847412109,6.429999828338623,6.320000171661377,6.389999866485596,6.125170707702637,3944582
2022-01-11,6.429999828338623,6.510000228881836,6.340000152587891,6.389999866485596,6.125170707702637,4245600
2022-01-12,6.449999809265137,6.46999979019165,6.369999885559082,6.440000057220459,6.173098564147949,3589800
2022-01-13,6.440000057220459,6.510000228881836,6.380000114440918,6.380000114440918,6.1155853271484375,4544465
2022-01-14,6.349999904632568,6.409999847412109,6.210000038146973,6.230000019073486,5.971801280975342,6834502
2022-01-17,6.179999828338623,6.369999885559082,6.159999847412109,6.369999885559082,6.10599946975708,5634034
2022-01-18,6.369999885559082,6.389999866485596,6.150000095367432,6.179999828338623,5.923873424530029,6383424
2022-01-19,6.179999828338623,6.21999979019165,6.070000171661377,6.110000133514404,5.856775283813477,4574321
2022-01-20,6.090000152587891,6.159999847412109,5.900000095367432,5.909999847412109,5.665064334869385,7088108
2022-01-21,6.099999904632568,6.139999866485596,5.949999809265137,6.010000228881836,5.760920524597168,5233902
2022-01-24,5.949999809265137,6.010000228881836,5.920000076293945,5.940000057220459,5.693821430206299,3892900
2022-01-25,5.909999847412109,5.940000057220459,5.650000095367432,5.650000095367432,5.415839672088623,5917202
2022-01-26,5.639999866485596,5.78000020980835,5.639999866485596,5.760000228881836,5.521280765533447,3109400
2022-01-27,5.760000228881836,5.760000228881836,5.590000152587891,5.590000152587891,5.358326435089111,3382900
2022-01-28,5.590000152587891,5.75,5.590000152587891,5.670000076293945,5.4350104331970215,3479199
2022-02-07,5.699999809265137,5.860000133514404,5.699999809265137,5.820000171661377,5.578793525695801,3743425
2022-02-08,5.840000152587891,6.050000190734863,5.800000190734863,6.050000190734863,5.799262046813965,5066035
2022-02-09,6.050000190734863,6.090000152587891,5.980000019073486,6.010000228881836,5.760920524597168,3319100
2022-02-10,6.019999980926514,6.070000171661377,5.980000019073486,6.050000190734863,5.799262046813965,3342201
2022-02-11,6.0,6.03000020980835,5.929999828338623,5.949999809265137,5.70340633392334,2987100
2022-02-14,5.929999828338623,6.119999885559082,5.920000076293945,6.019999980926514,5.770504951477051,3332248
2022-02-15,6.010000228881836,6.019999980926514,5.920000076293945,5.960000038146973,5.712991714477539,2875500
2022-02-16,5.96999979019165,5.989999771118164,5.929999828338623,5.96999979019165,5.722577095031738,2647300
2022-02-17,5.929999828338623,6.010000228881836,5.909999847412109,5.920000076293945,5.674649715423584,2832082
2022-02-18,5.920000076293945,6.010000228881836,5.889999866485596,6.010000228881836,5.760920524597168,2960248
2022-02-21,5.980000019073486,6.119999885559082,5.960000038146973,6.090000152587891,5.83760404586792,3581100
2022-02-22,6.079999923706055,6.179999828338623,6.039999961853027,6.150000095367432,5.895117282867432,4065101
2022-02-23,6.150000095367432,6.190000057220459,6.079999923706055,6.130000114440918,5.875946521759033,3571579
2022-02-24,6.150000095367432,6.550000190734863,6.070000171661377,6.130000114440918,5.875946521759033,11136346
2022-02-25,6.130000114440918,6.210000038146973,6.03000020980835,6.110000133514404,5.856775283813477,6990046
2022-02-28,6.110000133514404,6.159999847412109,6.03000020980835,6.130000114440918,5.875946521759033,3823843
2022-03-01,6.119999885559082,6.239999771118164,6.099999904632568,6.210000038146973,5.952630996704102,4844100
2022-03-02,6.260000228881836,6.269999980926514,6.179999828338623,6.230000019073486,5.971801280975342,3663001
2022-03-03,6.199999809265137,6.300000190734863,6.199999809265137,6.260000228881836,6.000558376312256,4166513
2022-03-04,6.230000019073486,6.28000020980835,6.170000076293945,6.210000038146973,5.952630996704102,3675701
2022-03-07,6.21999979019165,6.25,6.110000133514404,6.139999866485596,5.885531902313232,3327950
2022-03-08,6.119999885559082,6.150000095367432,5.900000095367432,5.909999847412109,5.665064334869385,4818900
2022-03-09,5.909999847412109,5.949999809265137,5.320000171661377,5.78000020980835,5.540452003479004,6018401
2022-03-10,5.860000133514404,6.0,5.809999942779541,5.920000076293945,5.674649715423584,4010100
2022-03-11,5.889999866485596,5.960000038146973,5.739999771118164,5.949999809265137,5.70340633392334,3411301
2022-03-14,5.960000038146973,6.039999961853027,5.860000133514404,5.860000133514404,5.617136478424072,3782000
2022-03-15,5.829999923706055,5.880000114440918,5.570000171661377,5.570000171661377,5.339155673980713,4755733
2022-03-16,5.659999847412109,5.760000228881836,5.5,5.75,5.511695384979248,4790602
2022-03-17,5.820000171661377,5.820000171661377,5.659999847412109,5.699999809265137,5.463766574859619,4331400
2022-03-18,5.699999809265137,5.78000020980835,5.639999866485596,5.75,5.511695384979248,2633500
2022-03-21,5.75,5.800000190734863,5.699999809265137,5.75,5.511695384979248,2858200
2022-03-22,5.820000171661377,6.329999923706055,5.800000190734863,6.329999923706055,6.067657470703125,11004123
2022-03-23,6.949999809265137,6.960000038146973,6.360000133514404,6.380000114440918,6.1155853271484375,44108437
2022-03-24,6.050000190734863,6.670000076293945,6.050000190734863,6.5,6.230612277984619,31858493
2022-03-25,6.400000095367432,6.650000095367432,6.340000152587891,6.510000228881836,6.240197658538818,23506731
2022-03-28,6.619999885559082,6.699999809265137,6.389999866485596,6.449999809265137,6.18268346786499,14716108
2022-03-29,6.460000038146973,6.519999980926514,6.369999885559082,6.480000019073486,6.211441040039063,11102877
2022-03-30,6.5,6.989999771118164,6.489999771118164,6.710000038146973,6.431908130645752,20139111
2022-03-31,6.730000019073486,7.349999904632568,6.710000038146973,7.079999923706055,6.786573886871338,29495837
2022-04-01,6.920000076293945,7.570000171661377,6.909999847412109,7.389999866485596,7.08372688293457,29586205
2022-04-06,7.289999961853027,7.769999980926514,7.28000020980835,7.389999866485596,7.08372688293457,27430212
2022-04-07,7.389999866485596,7.449999809265137,7.199999809265137,7.349999904632568,7.045384407043457,16793190
2022-04-08,7.329999923706055,7.550000190734863,7.150000095367432,7.46999979019165,7.160410404205322,19329221
2022-04-11,7.579999923706055,7.619999885559082,7.059999942779541,7.139999866485596,6.84408712387085,16242624
2022-04-12,7.090000152587891,7.25,7.0,7.179999828338623,6.882429122924805,11191500
2022-04-13,7.159999847412109,7.199999809265137,6.920000076293945,6.940000057220459,6.652376651763916,12597076
2022-04-14,7.0,7.010000228881836,6.849999904632568,6.949999809265137,6.661962032318115,8930373
2022-04-15,6.929999828338623,7.0,6.860000133514404,6.920000076293945,6.633205413818359,7176061
2022-04-18,6.78000020980835,6.880000114440918,6.739999771118164,6.800000190734863,6.518178939819336,6046596
2022-04-19,6.800000190734863,7.139999866485596,6.789999961853027,7.110000133514404,6.815330505371094,10107140
2022-04-20,7.110000133514404,7.230000019073486,6.929999828338623,6.980000019073486,6.690718650817871,7544761
2022-04-21,6.920000076293945,6.980000019073486,6.53000020980835,6.579999923706055,6.307295799255371,10336984
2022-04-22,6.53000020980835,6.690000057220459,6.480000019073486,6.630000114440918,6.355223655700684,7112602
2022-04-25,6.590000152587891,6.590000152587891,5.96999979019165,5.980000019073486,5.732163429260254,12005803
2022-04-26,5.980000019073486,6.099999904632568,5.630000114440918,5.679999828338623,5.444595813751221,15045799
2022-04-27,5.610000133514404,5.789999961853027,5.429999828338623,5.789999961853027,5.550037384033203,12000620
2022-04-28,5.710000038146973,5.820000171661377,5.619999885559082,5.71999979019165,5.482938289642334,8385100
2022-04-29,5.789999961853027,5.989999771118164,5.71999979019165,5.929999828338623,5.684235095977783,9419000
2022-05-05,5.900000095367432,6.119999885559082,5.849999904632568,6.019999980926514,5.770504951477051,9914258
2022-05-06,5.900000095367432,5.980000019073486,5.809999942779541,5.909999847412109,5.665064334869385,7375700
2022-05-09,5.869999885559082,6.110000133514404,5.869999885559082,6.070000171661377,5.8184332847595215,7072800
2022-05-10,5.980000019073486,6.159999847412109,5.980000019073486,6.150000095367432,5.895117282867432,8060132
2022-05-11,6.119999885559082,6.210000038146973,6.019999980926514,6.03000020980835,5.780090808868408,9045700
2022-05-12,5.960000038146973,6.150000095367432,5.940000057220459,6.119999885559082,5.866360664367676,5139600
2022-05-13,6.110000133514404,6.159999847412109,6.03000020980835,6.130000114440918,5.875946521759033,4332500
2022-05-16,6.179999828338623,6.190000057220459,6.090000152587891,6.150000095367432,5.895117282867432,5423800
2022-05-17,6.150000095367432,6.179999828338623,6.010000228881836,6.079999923706055,5.828018665313721,4927992
2022-05-18,6.110000133514404,6.170000076293945,6.059999942779541,6.139999866485596,5.885531902313232,5167400
2022-05-19,6.059999942779541,6.150000095367432,5.989999771118164,6.150000095367432,5.895117282867432,4453200
2022-05-20,6.179999828338623,6.239999771118164,6.110000133514404,6.210000038146973,5.952630996704102,6398786
2022-05-23,6.28000020980835,6.539999961853027,6.230000019073486,6.489999771118164,6.221026420593262,11799905
2022-05-24,6.550000190734863,6.570000171661377,6.21999979019165,6.21999979019165,5.962215900421143,9457206
2022-05-25,6.199999809265137,6.730000019073486,6.170000076293945,6.650000095367432,6.374395370483398,13779111
2022-05-26,6.659999847412109,6.75,6.519999980926514,6.659999847412109,6.383980751037598,10945113
2022-05-27,6.699999809265137,6.829999923706055,6.630000114440918,6.760000228881836,6.479836940765381,9798701
2022-05-30,6.809999942779541,7.090000152587891,6.760000228881836,6.849999904632568,6.56610631942749,13023366
2022-05-31,6.78000020980835,7.039999961853027,6.78000020980835,6.880000114440918,6.594863414764404,11482062
2022-06-01,6.829999923706055,6.96999979019165,6.710000038146973,6.809999942779541,6.527763843536377,9876601
2022-06-02,6.869999885559082,6.869999885559082,6.710000038146973,6.730000019073486,6.451079845428467,6778106
2022-06-06,6.769999980926514,6.829999923706055,6.659999847412109,6.769999980926514,6.489421844482422,7549810
2022-06-07,6.760000228881836,6.840000152587891,6.679999828338623,6.820000171661377,6.537350177764893,7767068
2022-06-08,6.800000190734863,7.010000228881836,6.650000095367432,6.849999904632568,6.56610631942749,9721677
2022-06-09,6.869999885559082,7.099999904632568,6.75,6.909999847412109,6.623619556427002,12176700
2022-06-10,6.900000095367432,7.199999809265137,6.820000171661377,7.179999828338623,6.882429122924805,15265470
2022-06-13,7.309999942779541,7.369999885559082,7.0,7.119999885559082,6.824915885925293,19546438
2022-06-14,7.099999904632568,7.190000057220459,6.869999885559082,7.090000152587891,6.7961602210998535,12053100
2022-06-15,7.03000020980835,7.090000152587891,6.880000114440918,6.880000114440918,6.594863414764404,9227700
2022-06-16,6.880000114440918,6.949999809265137,6.829999923706055,6.860000133514404,6.575692176818848,7323872
2022-06-17,6.789999961853027,6.889999866485596,6.690000057220459,6.760000228881836,6.51306676864624,6776466
2022-06-20,6.78000020980835,7.110000133514404,6.75,6.940000057220459,6.6864914894104,9872066
2022-06-21,6.960000038146973,7.090000152587891,6.800000190734863,6.889999866485596,6.638317584991455,7666549
2022-06-22,6.820000171661377,7.099999904632568,6.809999942779541,6.960000038146973,6.705760478973389,9400235
2022-06-23,6.900000095367432,7.050000190734863,6.690000057220459,7.039999961853027,6.782838344573975,11093101
2022-06-24,7.039999961853027,7.380000114440918,7.03000020980835,7.28000020980835,7.014071464538574,14282726
2022-06-27,7.349999904632568,7.349999904632568,7.039999961853027,7.070000171661377,6.811742782592773,12083720
2022-06-28,7.050000190734863,7.420000076293945,6.980000019073486,7.340000152587891,7.071879386901856,12770698
2022-06-29,7.360000133514404,7.53000020980835,7.21999979019165,7.21999979019165,6.956263065338135,12295921
2022-06-30,7.269999980926514,7.349999904632568,7.179999828338623,7.25,6.985167026519775,9048721
2022-07-01,7.289999961853027,7.440000057220459,7.159999847412109,7.309999942779541,7.042975425720215,9201648
2022-07-04,7.269999980926514,7.329999923706055,7.159999847412109,7.21999979019165,6.956263065338135,6778500
2022-07-05,7.21999979019165,7.320000171661377,7.130000114440918,7.239999771118164,6.975532531738281,7536000
2022-07-06,7.179999828338623,7.230000019073486,7.010000228881836,7.079999923706055,6.821376800537109,7875600
2022-07-07,7.099999904632568,7.789999961853027,7.099999904632568,7.789999961853027,7.505441665649414,16163689
2022-07-08,8.270000457763672,8.279999732971191,7.809999942779541,7.869999885559082,7.58251953125,47508413
2022-07-11,7.739999771118164,7.849999904632568,7.579999923706055,7.619999885559082,7.341651916503906,25539479
2022-07-12,7.619999885559082,7.659999847412109,7.300000190734863,7.309999942779541,7.042975425720215,16774545
2022-07-13,7.369999885559082,7.449999809265137,7.289999961853027,7.369999885559082,7.100783824920654,12536800
2022-07-14,7.579999923706055,8.109999656677246,7.389999866485596,8.109999656677246,7.813752174377441,30784949
2022-07-15,8.180000305175781,8.770000457763672,7.789999961853027,7.789999961853027,7.505441665649414,49798730
2022-07-18,7.789999961853027,8.109999656677246,7.730000019073486,7.949999809265137,7.659597396850586,27795691
2022-07-19,7.980000019073486,8.229999542236328,7.900000095367432,8.140000343322754,7.84265661239624,22152048
2022-07-20,8.239999771118164,8.239999771118164,7.920000076293945,7.96999979019165,7.678866386413574,17748929
2022-07-21,7.920000076293945,7.989999771118164,7.650000095367432,7.829999923706055,7.543980121612549,14227338
2022-07-22,7.820000171661377,8.050000190734863,7.820000171661377,8.0,7.707770824432373,14829968
2022-07-25,7.929999828338623,7.960000038146973,7.650000095367432,7.75,7.466903209686279,11628100
2022-07-26,7.760000228881836,7.889999866485596,7.690000057220459,7.840000152587891,7.553615570068359,8240307
2022-07-27,7.78000020980835,8.050000190734863,7.730000019073486,7.960000038146973,7.66923189163208,10959897
2022-07-28,8.029999732971191,8.449999809265137,8.0,8.270000457763672,7.967907428741455,20309719
2022-07-29,8.270000457763672,8.34000015258789,7.989999771118164,8.020000457763672,7.727040767669678,13261618
2022-08-01,8.050000190734863,8.050000190734863,7.800000190734863,7.920000076293945,7.630693435668945,10534600
2022-08-02,7.760000228881836,7.760000228881836,7.179999828338623,7.28000020980835,7.014071464538574,16683294
2022-08-03,7.260000228881836,7.71999979019165,7.179999828338623,7.210000038146973,6.946628570556641,12726334
2022-08-04,7.239999771118164,7.489999771118164,7.239999771118164,7.449999809265137,7.177861213684082,9567400
2022-08-05,7.46999979019165,7.510000228881836,7.289999961853027,7.400000095367432,7.129687786102295,7779200
2022-08-08,7.369999885559082,7.519999980926514,7.320000171661377,7.460000038146973,7.187496185302734,6313302
2022-08-09,7.440000057220459,7.570000171661377,7.400000095367432,7.5,7.2260355949401855,7952686
2022-08-10,7.460000038146973,7.519999980926514,7.389999866485596,7.489999771118164,7.216400146484375,6486168
2022-08-11,7.539999961853027,7.690000057220459,7.480000019073486,7.590000152587891,7.312747955322266,7575500
2022-08-12,7.630000114440918,7.75,7.550000190734863,7.679999828338623,7.399459362030029,8055800
2022-08-15,7.650000095367432,7.679999828338623,7.559999942779541,7.630000114440918,7.3512864112854,6021900
2022-08-16,7.610000133514404,8.069999694824219,7.590000152587891,7.929999828338623,7.640327453613281,15106663
2022-08-17,7.980000019073486,8.010000228881836,7.760000228881836,7.849999904632568,7.563250064849853,9837931
2022-08-18,7.809999942779541,8.229999542236328,7.809999942779541,7.989999771118164,7.698135852813721,14071000
2022-08-19,8.0,8.229999542236328,7.989999771118164,8.0,7.707770824432373,11115878
2022-08-22,7.980000019073486,8.0600004196167,7.849999904632568,8.020000457763672,7.727040767669678,8266949
2022-08-23,7.980000019073486,8.210000038146973,7.949999809265137,8.199999809265137,7.90046501159668,9776794
2022-08-24,8.199999809265137,8.34000015258789,8.0,8.039999961853027,7.746309280395508,10328300
2022-08-25,8.020000457763672,8.140000343322754,7.800000190734863,8.069999694824219,7.775213718414307,11321886
2022-08-26,8.130000114440918,8.279999732971191,7.949999809265137,8.020000457763672,7.727040767669678,10185926
2022-08-29,7.900000095367432,8.199999809265137,7.849999904632568,8.180000305175781,7.881195545196533,8429006
2022-08-30,8.199999809265137,8.239999771118164,8.020000457763672,8.130000114440918,7.833022594451904,8183832
2022-08-31,8.130000114440918,8.130000114440918,7.710000038146973,7.730000019073486,7.447633743286133,10475912
2022-09-01,7.829999923706055,7.900000095367432,7.599999904632568,7.659999847412109,7.380190372467041,7663896
2022-09-02,7.679999828338623,7.789999961853027,7.590000152587891,7.78000020980835,7.49580717086792,4556570
2022-09-05,7.900000095367432,8.210000038146973,7.820000171661377,8.079999923706055,7.784848213195801,12969882
2022-09-06,8.100000381469727,8.149999618530273,7.980000019073486,8.119999885559082,7.823386669158935,7328026
2022-09-07,8.109999656677246,8.180000305175781,8.0600004196167,8.100000381469727,7.8041181564331055,5401225
2022-09-08,8.100000381469727,8.149999618530273,8.039999961853027,8.079999923706055,7.784848213195801,4862100
2022-09-09,8.050000190734863,8.079999923706055,7.860000133514404,7.929999828338623,7.640327453613281,6141536
2022-09-13,7.989999771118164,8.010000228881836,7.659999847412109,7.71999979019165,7.43799877166748,8211370
2022-09-14,7.650000095367432,7.650000095367432,7.21999979019165,7.309999942779541,7.042975425720215,12057502
2022-09-15,7.320000171661377,7.389999866485596,7.019999980926514,7.110000133514404,6.850281238555908,9722400
2022-09-16,7.050000190734863,7.119999885559082,6.889999866485596,6.889999866485596,6.638317584991455,6430700
2022-09-19,6.849999904632568,6.980000019073486,6.809999942779541,6.889999866485596,6.638317584991455,5110720
2022-09-20,6.949999809265137,7.0,6.829999923706055,6.869999885559082,6.619048595428467,5005837
2022-09-21,6.880000114440918,6.980000019073486,6.739999771118164,6.929999828338623,6.67685604095459,4337890
2022-09-22,6.869999885559082,6.940000057220459,6.78000020980835,6.809999942779541,6.561239719390869,4148200
2022-09-23,6.789999961853027,6.860000133514404,6.590000152587891,6.650000095367432,6.407084941864014,6333100
2022-09-26,6.570000171661377,6.639999866485596,6.400000095367432,6.460000038146973,6.224025249481201,4706408
2022-09-27,6.460000038146973,6.630000114440918,6.460000038146973,6.610000133514404,6.368546009063721,5533950
2022-09-28,6.579999923706055,6.590000152587891,6.389999866485596,6.429999828338623,6.195120334625244,4421848
2022-09-29,6.46999979019165,6.579999923706055,6.449999809265137,6.46999979019165,6.233659267425537,4536563
2022-09-30,6.579999923706055,6.579999923706055,6.260000228881836,6.260000228881836,6.031330585479736,4382958
2022-10-10,6.289999961853027,6.369999885559082,6.139999866485596,6.170000076293945,5.944618225097656,3741200
2022-10-11,6.199999809265137,6.340000152587891,6.130000114440918,6.309999942779541,6.079504489898682,4534105
2022-10-12,6.309999942779541,6.489999771118164,6.239999771118164,6.480000019073486,6.2432942390441895,4086737
2022-10-13,6.429999828338623,6.590000152587891,6.420000076293945,6.510000228881836,6.272198677062988,4117503
2022-10-14,6.550000190734863,6.630000114440918,6.53000020980835,6.599999904632568,6.35891056060791,4148953
2022-10-17,6.550000190734863,6.670000076293945,6.519999980926514,6.659999847412109,6.416719436645508,3406800
2022-10-18,6.730000019073486,6.730000019073486,6.599999904632568,6.630000114440918,6.387814998626709,3465702
2022-10-19,6.690000057220459,6.730000019073486,6.619999885559082,6.630000114440918,6.387814998626709,3305546
2022-10-20,6.599999904632568,6.659999847412109,6.46999979019165,6.559999942779541,6.320371627807617,3643409
2022-10-21,6.550000190734863,6.75,6.53000020980835,6.679999828338623,6.435988903045654,4510602
2022-10-24,6.659999847412109,6.690000057220459,6.320000171661377,6.380000114440918,6.146947383880615,6376700
2022-10-25,6.409999847412109,6.420000076293945,6.230000019073486,6.409999847412109,6.175850868225098,5324500
2022-10-26,6.409999847412109,6.539999961853027,6.409999847412109,6.420000076293945,6.18548583984375,4357322
2022-10-27,6.519999980926514,6.590000152587891,6.460000038146973,6.519999980926514,6.281832695007324,4895696
2022-10-28,6.5,6.730000019073486,6.199999809265137,6.25,6.021695613861084,8490702
2022-10-31,6.25,6.289999961853027,6.039999961853027,6.159999847412109,5.934983730316162,8262622
2022-11-01,6.170000076293945,6.369999885559082,6.170000076293945,6.360000133514404,6.127677917480469,5549500
2022-11-02,6.360000133514404,6.480000019073486,6.309999942779541,6.420000076293945,6.18548583984375,3826408
2022-11-03,6.409999847412109,6.630000114440918,6.360000133514404,6.480000019073486,6.2432942390441895,4973659
2022-11-04,6.489999771118164,6.579999923706055,6.460000038146973,6.579999923706055,6.339641094207764,3543201
2022-11-07,6.559999942779541,6.760000228881836,6.559999942779541,6.75,6.50343132019043,5983000
2022-11-08,6.710000038146973,6.860000133514404,6.630000114440918,6.78000020980835,6.5323357582092285,5280101
2022-11-09,6.849999904632568,6.849999904632568,6.650000095367432,6.679999828338623,6.435988903045654,4146630
2022-11-10,6.630000114440918,6.71999979019165,6.619999885559082,6.690000057220459,6.445623874664307,3169901
2022-11-11,6.769999980926514,6.829999923706055,6.699999809265137,6.730000019073486,6.484162330627441,4180601
2022-11-14,6.760000228881836,6.760000228881836,6.650000095367432,6.690000057220459,6.445623874664307,3848708
2022-11-15,6.679999828338623,6.829999923706055,6.630000114440918,6.820000171661377,6.5708746910095215,4598003
2022-11-16,6.809999942779541,6.880000114440918,6.760000228881836,6.789999961853027,6.541970729827881,3593600
2022-11-17,6.760000228881836,6.809999942779541,6.710000038146973,6.739999771118164,6.493796825408936,2878400
2022-11-18,6.739999771118164,6.769999980926514,6.659999847412109,6.670000076293945,6.426353931427002,3820566
2022-11-21,6.659999847412109,6.75,6.570000171661377,6.71999979019165,6.474527359008789,4317030
2022-11-22,6.670000076293945,6.809999942779541,6.670000076293945,6.699999809265137,6.455257892608643,3879892
2022-11-23,6.650000095367432,6.710000038146973,6.539999961853027,6.659999847412109,6.416719436645508,3617602
2022-11-24,6.659999847412109,6.739999771118164,6.650000095367432,6.699999809265137,6.455257892608643,3317512
2022-11-25,6.679999828338623,6.809999942779541,6.670000076293945,6.760000228881836,6.51306676864624,4498051
2022-11-28,6.650000095367432,6.690000057220459,6.46999979019165,6.550000190734863,6.310737133026123,5788404
2022-11-29,6.610000133514404,6.78000020980835,6.590000152587891,6.769999980926514,6.522700786590576,4942128
2022-11-30,6.820000171661377,6.829999923706055,6.730000019073486,6.800000190734863,6.551605224609375,4524501
2022-12-01,6.840000152587891,6.900000095367432,6.800000190734863,6.880000114440918,6.628683090209961,4791566
2022-12-02,6.909999847412109,6.920000076293945,6.760000228881836,6.809999942779541,6.561239719390869,4294197
2022-12-05,6.829999923706055,6.920000076293945,6.820000171661377,6.909999847412109,6.657587051391602,5511666
2022-12-06,6.989999771118164,7.0,6.739999771118164,6.78000020980835,6.5323357582092285,6912700
2022-12-07,6.78000020980835,6.809999942779541,6.739999771118164,6.78000020980835,6.5323357582092285,3468200
2022-12-08,6.75,6.800000190734863,6.710000038146973,6.739999771118164,6.493796825408936,3129202
2022-12-09,6.739999771118164,6.78000020980835,6.690000057220459,6.739999771118164,6.493796825408936,3350600
2022-12-12,6.760000228881836,6.760000228881836,6.590000152587891,6.599999904632568,6.35891056060791,4429661
2022-12-13,6.579999923706055,6.659999847412109,6.559999942779541,6.610000133514404,6.368546009063721,3604900
2022-12-14,6.630000114440918,6.769999980926514,6.599999904632568,6.619999885559082,6.378180027008057,4110100
2022-12-15,6.659999847412109,6.659999847412109,6.539999961853027,6.559999942779541,6.320371627807617,3902546
2022-12-16,6.539999961853027,6.559999942779541,6.449999809265137,6.460000038146973,6.224025249481201,3683146
2022-12-19,6.460000038146973,6.489999771118164,6.21999979019165,6.260000228881836,6.031330585479736,4228200
2022-12-20,6.260000228881836,6.369999885559082,6.199999809265137,6.329999923706055,6.09877347946167,2942301
2022-12-21,6.369999885559082,6.369999885559082,6.230000019073486,6.260000228881836,6.031330585479736,2170401
2022-12-22,6.300000190734863,6.309999942779541,6.099999904632568,6.150000095367432,5.92534875869751,3654301
2022-12-23,6.119999885559082,6.179999828338623,6.079999923706055,6.090000152587891,5.86754035949707,2168224
2022-12-26,6.130000114440918,6.190000057220459,6.070000171661377,6.130000114440918,5.9060797691345215,2599000
2022-12-27,6.159999847412109,6.179999828338623,6.079999923706055,6.119999885559082,5.896444797515869,2958700
2022-12-28,6.130000114440918,6.130000114440918,6.010000228881836,6.059999942779541,5.83863639831543,3452500
2022-12-29,6.03000020980835,6.090000152587891,5.989999771118164,6.0,5.78082799911499,2838138
2022-12-30,6.0,6.070000171661377,5.980000019073486,6.059999942779541,5.83863639831543,2266619
2023-01-03,6.059999942779541,6.239999771118164,6.059999942779541,6.210000038146973,5.983157157897949,4264701
2023-01-04,6.210000038146973,6.429999828338623,6.170000076293945,6.360000133514404,6.127677917480469,5301115
2023-01-05,6.340000152587891,6.400000095367432,6.289999961853027,6.380000114440918,6.146947383880615,3339210
2023-01-06,6.329999923706055,6.429999828338623,6.329999923706055,6.380000114440918,6.146947383880615,2905618
2023-01-09,6.360000133514404,6.420000076293945,6.349999904632568,6.380000114440918,6.146947383880615,2784200
2023-01-10,6.349999904632568,6.389999866485596,6.289999961853027,6.300000190734863,6.069869518280029,2621900
2023-01-11,6.349999904632568,6.369999885559082,6.239999771118164,6.239999771118164,6.01206111907959,2668800
2023-01-12,6.230000019073486,6.28000020980835,6.199999809265137,6.21999979019165,5.992791175842285,2399800
2023-01-13,6.260000228881836,6.300000190734863,6.230000019073486,6.260000228881836,6.031330585479736,2032000
2023-01-16,6.239999771118164,6.309999942779541,6.230000019073486,6.289999961853027,6.060235023498535,2445401
2023-01-17,6.329999923706055,6.340000152587891,6.210000038146973,6.239999771118164,6.01206111907959,2691101
2023-01-18,6.21999979019165,6.300000190734863,6.21999979019165,6.28000020980835,6.050600528717041,2430188
2023-01-19,6.300000190734863,6.420000076293945,6.25,6.400000095367432,6.166216373443604,4061532
2023-01-20,6.440000057220459,6.46999979019165,6.369999885559082,6.46999979019165,6.233659267425537,3217333
2023-01-30,6.5,6.599999904632568,6.46999979019165,6.590000152587891,6.349276065826416,5291634
2023-01-31,6.610000133514404,6.659999847412109,6.539999961853027,6.639999866485596,6.39745044708252,3584260
2023-02-01,6.659999847412109,6.809999942779541,6.650000095367432,6.789999961853027,6.541970729827881,5779641
2023-02-02,6.789999961853027,6.829999923706055,6.75,6.75,6.50343132019043,4991593
2023-02-03,6.760000228881836,6.78000020980835,6.650000095367432,6.739999771118164,6.493796825408936,3859202
2023-02-06,6.730000019073486,6.75,6.659999847412109,6.679999828338623,6.435988903045654,2702100
2023-02-07,6.710000038146973,6.730000019073486,6.610000133514404,6.699999809265137,6.455257892608643,3600375
2023-02-08,6.699999809265137,6.75,6.650000095367432,6.679999828338623,6.435988903045654,3394900
2023-02-09,6.710000038146973,6.809999942779541,6.670000076293945,6.800000190734863,6.551605224609375,3641111
2023-02-10,6.800000190734863,6.820000171661377,6.730000019073486,6.78000020980835,6.5323357582092285,2457500
2023-02-13,6.789999961853027,6.900000095367432,6.78000020980835,6.840000152587891,6.590144634246826,3475093
2023-02-14,6.880000114440918,6.900000095367432,6.809999942779541,6.860000133514404,6.609413623809815,3308995
2023-02-15,6.849999904632568,6.869999885559082,6.789999961853027,6.809999942779541,6.561239719390869,2790054
2023-02-16,6.829999923706055,6.840000152587891,6.559999942779541,6.599999904632568,6.35891056060791,5932545
2023-02-17,6.610000133514404,6.789999961853027,6.579999923706055,6.619999885559082,6.378180027008057,4494270
2023-02-20,6.630000114440918,6.769999980926514,6.599999904632568,6.760000228881836,6.51306676864624,4089302
2023-02-21,6.769999980926514,6.840000152587891,6.75,6.809999942779541,6.561239719390869,3378780
2023-02-22,6.820000171661377,6.820000171661377,6.760000228881836,6.809999942779541,6.561239719390869,2312302
2023-02-23,6.820000171661377,6.889999866485596,6.78000020980835,6.840000152587891,6.590144634246826,3992610
2023-02-24,6.820000171661377,6.860000133514404,6.760000228881836,6.829999923706055,6.580509662628174,2272610
2023-02-27,6.849999904632568,6.849999904632568,6.699999809265137,6.710000038146973,6.464892864227295,3738400
2023-02-28,6.710000038146973,6.789999961853027,6.679999828338623,6.78000020980835,6.5323357582092285,2820996
2023-03-01,6.78000020980835,6.829999923706055,6.75,6.800000190734863,6.551605224609375,4226410
2023-03-02,6.789999961853027,6.829999923706055,6.739999771118164,6.760000228881836,6.51306676864624,3293500
2023-03-03,6.78000020980835,6.789999961853027,6.679999828338623,6.75,6.50343132019043,3718515
2023-03-06,6.75,6.78000020980835,6.679999828338623,6.690000057220459,6.445623874664307,3176912
2023-03-07,6.71999979019165,6.71999979019165,6.570000171661377,6.570000171661377,6.3300065994262695,3030099
2023-03-08,6.570000171661377,6.690000057220459,6.53000020980835,6.679999828338623,6.435988903045654,2269094
2023-03-09,6.679999828338623,6.679999828338623,6.570000171661377,6.630000114440918,6.387814998626709,2268700
2023-03-10,6.639999866485596,6.650000095367432,6.480000019073486,6.489999771118164,6.252928733825684,3302800
2023-03-13,6.460000038146973,6.539999961853027,6.380000114440918,6.409999847412109,6.175850868225098,3900500
2023-03-14,6.420000076293945,6.420000076293945,6.260000228881836,6.309999942779541,6.079504489898682,3634186
2023-03-15,6.309999942779541,6.46999979019165,6.309999942779541,6.420000076293945,6.18548583984375,3009434
2023-03-16,6.389999866485596,6.429999828338623,6.300000190734863,6.309999942779541,6.079504489898682,2546401
2023-03-17,6.369999885559082,6.46999979019165,6.329999923706055,6.440000057220459,6.2047553062438965,2895900
2023-03-20,6.420000076293945,6.429999828338623,6.329999923706055,6.360000133514404,6.127677917480469,2502901
2023-03-21,6.349999904632568,6.400000095367432,6.329999923706055,6.380000114440918,6.146947383880615,3183300
2023-03-22,6.369999885559082,6.570000171661377,6.369999885559082,6.53000020980835,6.291468143463135,5810513
2023-03-23,6.579999923706055,6.590000152587891,6.420000076293945,6.46999979019165,6.233659267425537,3906300
2023-03-24,6.46999979019165,6.5,6.420000076293945,6.429999828338623,6.195120334625244,2653301
2023-03-27,6.429999828338623,6.460000038146973,6.369999885559082,6.420000076293945,6.18548583984375,2697926
2023-03-28,6.400000095367432,6.420000076293945,6.329999923706055,6.340000152587891,6.108408451080322,2485614
2023-03-29,6.349999904632568,6.400000095367432,6.269999980926514,6.269999980926514,6.040965080261231,2518300
2023-03-30,6.269999980926514,6.300000190734863,6.179999828338623,6.28000020980835,6.050600528717041,3521432
2023-03-31,6.269999980926514,6.340000152587891,6.260000228881836,6.309999942779541,6.079504489898682,2499700
2023-04-03,6.309999942779541,6.320000171661377,6.260000228881836,6.289999961853027,6.060235023498535,3708400
2023-04-04,6.300000190734863,6.309999942779541,6.170000076293945,6.170000076293945,5.944618225097656,4189280
2023-04-06,6.150000095367432,6.28000020980835,6.119999885559082,6.179999828338623,5.95425271987915,3826470
2023-04-07,6.190000057220459,6.239999771118164,6.170000076293945,6.210000038146973,5.983157157897949,2624675
2023-04-10,6.210000038146973,6.210000038146973,6.059999942779541,6.059999942779541,5.83863639831543,4014000
2023-04-11,6.070000171661377,6.130000114440918,6.03000020980835,6.119999885559082,5.896444797515869,2938800
2023-04-12,6.130000114440918,6.179999828338623,6.099999904632568,6.159999847412109,5.934983730316162,2121600
2023-04-13,6.210000038146973,6.269999980926514,6.159999847412109,6.210000038146973,5.983157157897949,2925020
2023-04-14,6.25,6.260000228881836,6.159999847412109,6.210000038146973,5.983157157897949,2117900
2023-04-17,6.210000038146973,6.239999771118164,6.130000114440918,6.230000019073486,6.0024261474609375,2809700
2023-04-18,6.21999979019165,6.239999771118164,6.159999847412109,6.179999828338623,5.95425271987915,2336040
2023-04-19,6.199999809265137,6.230000019073486,6.139999866485596,6.139999866485596,5.915713787078857,2604528
2023-04-20,6.179999828338623,6.199999809265137,6.079999923706055,6.090000152587891,5.86754035949707,2303429
2023-04-21,6.510000228881836,6.699999809265137,6.420000076293945,6.699999809265137,6.455257892608643,23507864
2023-04-24,6.840000152587891,6.900000095367432,6.599999904632568,6.699999809265137,6.455257892608643,38511869
2023-04-25,6.650000095367432,6.710000038146973,6.53000020980835,6.599999904632568,6.35891056060791,20363337
2023-04-26,6.599999904632568,6.690000057220459,6.510000228881836,6.610000133514404,6.368546009063721,13954991
2023-04-27,6.579999923706055,6.599999904632568,6.5,6.53000020980835,6.291468143463135,9701202
2023-04-28,6.559999942779541,6.679999828338623,6.539999961853027,6.679999828338623,6.435988903045654,10442700
2023-05-04,6.659999847412109,6.829999923706055,6.650000095367432,6.78000020980835,6.5323357582092285,10877374
2023-05-05,6.789999961853027,6.909999847412109,6.699999809265137,6.869999885559082,6.619048595428467,11726017
2023-05-08,6.900000095367432,6.929999828338623,6.769999980926514,6.829999923706055,6.580509662628174,6946638
2023-05-09,6.809999942779541,6.869999885559082,6.699999809265137,6.71999979019165,6.474527359008789,7097977
2023-05-10,6.679999828338623,6.789999961853027,6.659999847412109,6.710000038146973,6.464892864227295,5010013
2023-05-11,6.690000057220459,6.75,6.659999847412109,6.710000038146973,6.464892864227295,3551116
2023-05-12,6.710000038146973,6.75,6.670000076293945,6.71999979019165,6.474527359008789,4949096
2023-05-15,6.679999828338623,6.78000020980835,6.670000076293945,6.769999980926514,6.522700786590576,4992641
2023-05-16,6.769999980926514,6.880000114440918,6.679999828338623,6.699999809265137,6.455257892608643,4890900
2023-05-17,6.670000076293945,6.78000020980835,6.659999847412109,6.78000020980835,6.5323357582092285,3441500
2023-05-18,6.760000228881836,6.840000152587891,6.710000038146973,6.789999961853027,6.541970729827881,4241596
2023-05-19,6.75,6.78000020980835,6.650000095367432,6.690000057220459,6.445623874664307,3553613
2023-05-22,6.71999979019165,6.739999771118164,6.610000133514404,6.679999828338623,6.435988903045654,3487300
2023-05-23,6.710000038146973,6.739999771118164,6.630000114440918,6.639999866485596,6.39745044708252,2842402
2023-05-24,6.630000114440918,6.659999847412109,6.559999942779541,6.570000171661377,6.3300065994262695,3495130
2023-05-25,6.559999942779541,6.639999866485596,6.539999961853027,6.639999866485596,6.39745044708252,3688880
2023-05-26,6.650000095367432,6.650000095367432,6.510000228881836,6.579999923706055,6.339641094207764,3498800
2023-05-29,6.550000190734863,6.75,6.550000190734863,6.659999847412109,6.416719436645508,5442239
2023-05-30,6.630000114440918,6.690000057220459,6.53000020980835,6.590000152587891,6.349276065826416,3217301
2023-05-31,6.579999923706055,6.630000114440918,6.489999771118164,6.53000020980835,6.291468143463135,3484101
2023-06-01,6.53000020980835,6.53000020980835,6.400000095367432,6.420000076293945,6.18548583984375,4236112
2023-06-02,6.420000076293945,6.559999942779541,6.420000076293945,6.53000020980835,6.291468143463135,3156900
2023-06-05,6.559999942779541,6.630000114440918,6.489999771118164,6.579999923706055,6.339641094207764,2512470
2023-06-06,6.559999942779541,6.659999847412109,6.53000020980835,6.539999961853027,6.301102638244629,3254101
2023-06-07,6.5,6.590000152587891,6.46999979019165,6.480000019073486,6.2432942390441895,2816659
2023-06-08,6.449999809265137,6.920000076293945,6.449999809265137,6.71999979019165,6.474527359008789,13605459
2023-06-09,6.699999809265137,6.840000152587891,6.630000114440918,6.809999942779541,6.561239719390869,8061602
2023-06-12,6.809999942779541,7.059999942779541,6.730000019073486,7.050000190734863,6.792473316192627,11665412
2023-06-13,7.050000190734863,7.130000114440918,6.96999979019165,7.110000133514404,6.850281238555908,9645385
2023-06-14,7.130000114440918,7.309999942779541,7.090000152587891,7.179999828338623,6.917723655700684,10611249
2023-06-15,7.110000133514404,7.190000057220459,7.050000190734863,7.139999866485596,6.879185199737549,7713040
2023-06-16,7.130000114440918,7.25,7.099999904632568,7.110000133514404,6.850281238555908,6112480
2023-06-19,7.150000095367432,7.170000076293945,6.949999809265137,6.96999979019165,6.715394973754883,6547600
2023-06-20,6.96999979019165,7.050000190734863,6.920000076293945,6.929999828338623,6.67685604095459,4863298
2023-06-21,6.909999847412109,7.190000057220459,6.909999847412109,7.079999923706055,6.821376800537109,8092456
2023-06-26,7.070000171661377,7.170000076293945,6.96999979019165,7.0,6.744298934936523,6224366
2023-06-27,6.980000019073486,7.190000057220459,6.980000019073486,7.159999847412109,6.898454189300537,5695356
2023-06-28,7.179999828338623,7.260000228881836,7.079999923706055,7.230000019073486,6.965897560119629,7492992
2023-06-29,7.210000038146973,7.300000190734863,7.150000095367432,7.170000076293945,6.908089637756348,6321322
2023-06-30,7.170000076293945,7.300000190734863,7.150000095367432,7.239999771118164,6.975532531738281,6596801
2023-07-03,7.21999979019165,7.260000228881836,7.130000114440918,7.199999809265137,6.936993598937988,5724108
2023-07-04,7.21999979019165,7.21999979019165,7.090000152587891,7.119999885559082,6.859915733337402,5299614
2023-07-05,7.130000114440918,7.179999828338623,7.079999923706055,7.090000152587891,6.83101224899292,3908300
2023-07-06,7.099999904632568,7.150000095367432,7.039999961853027,7.099999904632568,6.840646266937256,3902800
2023-07-07,7.099999904632568,7.190000057220459,7.03000020980835,7.110000133514404,6.850281238555908,3353720
2023-07-10,7.130000114440918,7.199999809265137,7.110000133514404,7.150000095367432,6.888819694519043,4298680
2023-07-11,7.110000133514404,7.190000057220459,7.039999961853027,7.110000133514404,6.850281238555908,4000916
2023-07-12,7.079999923706055,7.099999904632568,6.949999809265137,6.960000038146973,6.705760478973389,7063604
2023-07-13,6.989999771118164,7.079999923706055,6.96999979019165,7.039999961853027,6.782838344573975,4253605
2023-07-14,7.019999980926514,7.110000133514404,6.989999771118164,7.070000171661377,6.860466957092285,5641600
2023-07-17,7.070000171661377,7.090000152587891,6.949999809265137,7.050000190734863,6.841060161590576,4465300
2023-07-18,7.010000228881836,7.199999809265137,7.010000228881836,7.139999866485596,6.92839241027832,5213100
2023-07-19,7.110000133514404,7.300000190734863,7.099999904632568,7.199999809265137,6.986614227294922,5389032
2023-07-20,7.199999809265137,7.210000038146973,7.0,7.050000190734863,6.841060161590576,5113400
2023-07-21,7.039999961853027,7.099999904632568,6.960000038146973,7.010000228881836,6.802245616912842,4342801
2023-07-24,7.0,7.199999809265137,6.929999828338623,7.159999847412109,6.947799682617188,5873821
2023-07-25,7.179999828338623,7.329999923706055,7.159999847412109,7.300000190734863,7.083651065826416,6749058
2023-07-26,7.25,7.309999942779541,7.210000038146973,7.269999980926514,7.054539680480957,4618501
2023-07-27,7.289999961853027,7.349999904632568,7.210000038146973,7.21999979019165,7.006021022796631,4061700
2023-07-28,7.21999979019165,7.360000133514404,7.170000076293945,7.340000152587891,7.122465133666992,5715332
2023-07-31,7.380000114440918,7.380000114440918,7.21999979019165,7.239999771118164,7.025428771972656,6276198
2023-08-01,7.230000019073486,7.289999961853027,7.179999828338623,7.239999771118164,7.025428771972656,4908200
2023-08-02,7.269999980926514,7.349999904632568,7.21999979019165,7.239999771118164,7.025428771972656,4583330
2023-08-03,7.230000019073486,7.25,7.139999866485596,7.25,7.035131931304932,4492701
2023-08-04,7.25,7.300000190734863,7.139999866485596,7.170000076293945,6.957503795623779,5100429
2023-08-07,7.199999809265137,7.199999809265137,7.03000020980835,7.050000190734863,6.841060161590576,4365004
2023-08-08,7.070000171661377,7.090000152587891,7.010000228881836,7.03000020980835,6.821652412414551,2616603
2023-08-09,7.010000228881836,7.03000020980835,6.860000133514404,6.880000114440918,6.676097869873047,5116200
2023-08-10,6.860000133514404,7.019999980926514,6.820000171661377,6.849999904632568,6.646986961364746,4472799
2023-08-11,6.869999885559082,7.010000228881836,6.840000152587891,6.840000152587891,6.637283802032471,7805776
2023-08-14,6.75,6.96999979019165,6.690000057220459,6.900000095367432,6.695506095886231,7984200
2023-08-15,6.829999923706055,6.949999809265137,6.75,6.820000171661377,6.617876529693604,7352496
2023-08-16,6.78000020980835,6.820000171661377,6.659999847412109,6.670000076293945,6.4723219871521,5290602
2023-08-17,6.670000076293945,6.800000190734863,6.599999904632568,6.789999961853027,6.5887651443481445,5297864
2023-08-18,6.809999942779541,6.869999885559082,6.659999847412109,6.679999828338623,6.482025146484375,3883500
2023-08-21,6.71999979019165,6.840000152587891,6.510000228881836,6.53000020980835,6.336471557617188,8303505
2023-08-22,6.550000190734863,6.71999979019165,6.510000228881836,6.650000095367432,6.452914714813232,8041500
2023-08-23,6.610000133514404,7.190000057220459,6.550000190734863,6.889999866485596,6.6858015060424805,18359200
2023-08-24,6.920000076293945,6.940000057220459,6.460000038146973,6.710000038146973,6.511137008666992,21207203
2023-08-25,6.739999771118164,6.909999847412109,6.53000020980835,6.550000190734863,6.355878829956055,17876000
2023-08-28,6.800000190734863,6.849999904632568,6.539999961853027,6.559999942779541,6.36558198928833,16693505
2023-08-29,6.570000171661377,6.699999809265137,6.519999980926514,6.650000095367432,6.452914714813232,9346196
2023-08-30,6.650000095367432,6.690000057220459,6.449999809265137,6.449999809265137,6.258841514587402,9352000
2023-08-31,6.449999809265137,6.46999979019165,6.329999923706055,6.349999904632568,6.161805629730225,7378310
2023-09-01,6.349999904632568,6.440000057220459,6.329999923706055,6.440000057220459,6.249138832092285,5423719
2023-09-04,6.420000076293945,6.570000171661377,6.400000095367432,6.559999942779541,6.36558198928833,5430000
2023-09-05,6.579999923706055,6.590000152587891,6.480000019073486,6.539999961853027,6.346174716949463,4118900
2023-09-06,6.550000190734863,6.579999923706055,6.449999809265137,6.570000171661377,6.375285625457764,4281500
2023-09-07,6.539999961853027,6.559999942779541,6.420000076293945,6.429999828338623,6.239434719085693,4059003
2023-09-08,6.449999809265137,6.449999809265137,6.340000152587891,6.360000133514404,6.171509742736816,3968946
2023-09-11,6.360000133514404,6.489999771118164,6.28000020980835,6.480000019073486,6.287952899932861,4390080
2023-09-12,6.440000057220459,6.510000228881836,6.440000057220459,6.480000019073486,6.287952899932861,3054100
2023-09-13,6.449999809265137,6.480000019073486,6.409999847412109,6.449999809265137,6.258841514587402,3376677
2023-09-14,6.449999809265137,6.5,6.380000114440918,6.460000038146973,6.268545627593994,3355703
2023-09-15,6.480000019073486,6.519999980926514,6.440000057220459,6.46999979019165,6.278249263763428,3971584
2023-09-18,6.429999828338623,6.489999771118164,6.360000133514404,6.46999979019165,6.278249263763428,3628302
2023-09-19,6.46999979019165,6.480000019073486,6.380000114440918,6.400000095367432,6.210324287414551,3592412
2023-09-20,6.409999847412109,6.420000076293945,6.349999904632568,6.369999885559082,6.181212902069092,3946856
2023-09-21,6.369999885559082,6.369999885559082,6.260000228881836,6.28000020980835,6.093880653381348,4131866
2023-09-22,6.269999980926514,6.320000171661377,6.239999771118164,6.309999942779541,6.12299108505249,4500768
2023-09-25,6.309999942779541,6.349999904632568,6.230000019073486,6.25,6.064769268035889,4414147
2023-09-26,6.230000019073486,6.260000228881836,6.179999828338623,6.190000057220459,6.006547927856445,3161032
2023-09-27,6.179999828338623,6.230000019073486,6.130000114440918,6.199999809265137,6.016251087188721,3891500
2023-09-28,6.21999979019165,6.309999942779541,6.190000057220459,6.300000190734863,6.113287448883057,3496100
2023-10-09,6.25,6.28000020980835,6.130000114440918,6.170000076293945,5.987140655517578,5881900
2023-10-10,6.170000076293945,6.21999979019165,6.099999904632568,6.119999885559082,5.938621997833252,4117100
2023-10-11,6.130000114440918,6.130000114440918,6.019999980926514,6.059999942779541,5.88040018081665,4963276
2023-10-12,6.059999942779541,6.150000095367432,6.03000020980835,6.150000095367432,5.967733383178711,3950631
2023-10-13,6.099999904632568,6.099999904632568,6.0,6.010000228881836,5.831882476806641,3931331
2023-10-16,6.010000228881836,6.050000190734863,5.980000019073486,6.010000228881836,5.831882476806641,3335319
2023-10-17,5.989999771118164,6.03000020980835,5.960000038146973,5.980000019073486,5.80277156829834,2763000
2023-10-18,5.989999771118164,5.989999771118164,5.829999923706055,5.829999923706055,5.657216548919678,3878900
2023-10-19,5.849999904632568,5.909999847412109,5.789999961853027,5.849999904632568,5.676624298095703,6940682
2023-10-20,5.829999923706055,5.889999866485596,5.800000190734863,5.869999885559082,5.696031093597412,5300802
2023-10-23,5.869999885559082,5.869999885559082,5.690000057220459,5.710000038146973,5.540773391723633,4428500
2023-10-24,5.699999809265137,5.920000076293945,5.699999809265137,5.900000095367432,5.725142478942871,3856700
2023-10-25,5.900000095367432,5.989999771118164,5.900000095367432,5.949999809265137,5.773660182952881,3047106
2023-10-26,5.949999809265137,5.96999979019165,5.849999904632568,5.96999979019165,5.793067932128906,2842870
2023-10-27,5.96999979019165,6.079999923706055,5.929999828338623,6.059999942779541,5.88040018081665,3666000
2023-10-30,6.090000152587891,6.090000152587891,6.0,6.010000228881836,5.831882476806641,4238050
2023-10-31,6.019999980926514,6.039999961853027,5.960000038146973,5.980000019073486,5.80277156829834,2903824
2023-11-01,5.940000057220459,6.059999942779541,5.940000057220459,6.050000190734863,5.870697021484375,4275601
2023-11-02,6.019999980926514,6.099999904632568,5.989999771118164,6.0,5.822178840637207,3160008
2023-11-03,6.010000228881836,6.070000171661377,6.010000228881836,6.050000190734863,5.870697021484375,3886200
2023-11-06,6.079999923706055,6.099999904632568,6.03000020980835,6.099999904632568,5.919214725494385,3184900
2023-11-07,6.099999904632568,6.159999847412109,6.050000190734863,6.150000095367432,5.967733383178711,3644678
2023-11-08,6.139999866485596,6.230000019073486,6.119999885559082,6.190000057220459,6.006547927856445,3408800
2023-11-09,6.150000095367432,6.199999809265137,6.03000020980835,6.050000190734863,5.870697021484375,5608700
2023-11-10,6.03000020980835,6.090000152587891,5.989999771118164,6.0,5.822178840637207,5215400
2023-11-13,6.010000228881836,6.090000152587891,6.010000228881836,6.059999942779541,5.88040018081665,4175408
2023-11-14,6.050000190734863,6.099999904632568,6.0,6.070000171661377,5.890104293823242,4183419
2023-11-15,6.099999904632568,6.130000114440918,6.050000190734863,6.119999885559082,5.938621997833252,3603098
2023-11-16,6.130000114440918,6.130000114440918,6.039999961853027,6.039999961853027,5.860993385314941,2813700
2023-11-17,6.070000171661377,6.130000114440918,6.03000020980835,6.130000114440918,5.948326110839844,3234200
2023-11-20,6.119999885559082,6.150000095367432,6.079999923706055,6.119999885559082,5.938621997833252,3215801
2023-11-21,6.119999885559082,6.190000057220459,6.110000133514404,6.130000114440918,5.948326110839844,3704292
2023-11-22,6.130000114440918,6.21999979019165,6.130000114440918,6.159999847412109,5.9774370193481445,4525000
2023-11-23,6.150000095367432,6.239999771118164,6.139999866485596,6.230000019073486,6.0453619956970215,3795930
2023-11-24,6.210000038146973,6.420000076293945,6.130000114440918,6.260000228881836,6.074472904205322,10623178
2023-11-27,6.179999828338623,6.210000038146973,6.0,6.130000114440918,5.948326110839844,10828300
2023-11-28,6.159999847412109,6.159999847412109,6.03000020980835,6.139999866485596,5.958029270172119,5501642
2023-11-29,6.150000095367432,6.179999828338623,6.090000152587891,6.099999904632568,5.919214725494385,3719924
2023-11-30,6.119999885559082,6.130000114440918,6.019999980926514,6.050000190734863,5.870697021484375,4355600
2023-12-01,6.070000171661377,6.119999885559082,6.050000190734863,6.110000133514404,5.928918361663818,3660022
2023-12-04,6.139999866485596,6.179999828338623,6.110000133514404,6.170000076293945,5.987140655517578,3459500
2023-12-05,6.179999828338623,6.190000057220459,6.099999904632568,6.099999904632568,5.919214725494385,3373700
2023-12-06,6.119999885559082,6.210000038146973,6.079999923706055,6.170000076293945,5.987140655517578,4492591
2023-12-07,6.25,6.480000019073486,6.139999866485596,6.25,6.064769268035889,13424450
2023-12-08,6.210000038146973,6.239999771118164,6.03000020980835,6.03000020980835,5.851289749145508,10945603
2023-12-11,6.010000228881836,6.079999923706055,5.869999885559082,6.059999942779541,5.88040018081665,7115300
2023-12-12,6.079999923706055,6.159999847412109,6.03000020980835,6.139999866485596,5.958029270172119,6482800
2023-12-13,6.150000095367432,6.230000019073486,6.119999885559082,6.199999809265137,6.016251087188721,6333700
2023-12-14,6.199999809265137,6.269999980926514,6.179999828338623,6.230000019073486,6.0453619956970215,5499040
2023-12-15,6.230000019073486,6.289999961853027,6.179999828338623,6.210000038146973,6.0259552001953125,5020300
2023-12-18,6.210000038146973,6.239999771118164,6.070000171661377,6.110000133514404,5.928918361663818,5292456
2023-12-19,6.110000133514404,6.119999885559082,6.03000020980835,6.059999942779541,5.88040018081665,4878800
2023-12-20,6.059999942779541,6.119999885559082,6.039999961853027,6.059999942779541,5.88040018081665,5198734
2023-12-21,6.010000228881836,6.130000114440918,5.960000038146973,6.130000114440918,5.948326110839844,4728200
2023-12-22,6.130000114440918,6.150000095367432,6.03000020980835,6.059999942779541,5.88040018081665,4826095
2023-12-25,6.010000228881836,6.050000190734863,5.900000095367432,5.980000019073486,5.80277156829834,5324839
2023-12-26,5.980000019073486,6.010000228881836,5.900000095367432,5.929999828338623,5.754252910614014,4338524
2023-12-27,5.960000038146973,6.0,5.849999904632568,5.96999979019165,5.793067932128906,4205708
2023-12-28,6.010000228881836,6.139999866485596,5.940000057220459,6.119999885559082,5.938621997833252,4779181
2023-12-29,6.099999904632568,6.179999828338623,6.099999904632568,6.150000095367432,5.967733383178711,3870900
2024-01-02,6.159999847412109,6.260000228881836,6.130000114440918,6.230000019073486,6.0453619956970215,4087670
2024-01-03,6.210000038146973,6.300000190734863,6.190000057220459,6.269999980926514,6.084176540374756,3563020
2024-01-04,6.300000190734863,6.329999923706055,6.25,6.28000020980835,6.093880653381348,4494863
2024-01-05,6.289999961853027,6.320000171661377,6.159999847412109,6.210000038146973,6.0259552001953125,5787000
2024-01-08,6.170000076293945,6.210000038146973,6.079999923706055,6.099999904632568,5.919214725494385,4724319
2024-01-09,6.090000152587891,6.179999828338623,6.070000171661377,6.119999885559082,5.938621997833252,4612494
2024-01-10,6.139999866485596,6.159999847412109,6.059999942779541,6.110000133514404,5.928918361663818,3462200
2024-01-11,6.090000152587891,6.170000076293945,6.079999923706055,6.159999847412109,5.9774370193481445,3439602
2024-01-12,6.139999866485596,6.25,6.139999866485596,6.159999847412109,5.9774370193481445,3698300
2024-01-15,6.139999866485596,6.21999979019165,6.119999885559082,6.170000076293945,5.987140655517578,3475704
2024-01-16,6.170000076293945,6.25,6.119999885559082,6.210000038146973,6.0259552001953125,5152125
2024-01-17,6.179999828338623,6.269999980926514,6.099999904632568,6.099999904632568,5.919214725494385,5599703
2024-01-18,6.079999923706055,6.079999923706055,5.739999771118164,5.96999979019165,5.793067932128906,8677000
2024-01-19,5.960000038146973,5.960000038146973,5.78000020980835,5.829999923706055,5.657216548919678,4731600
2024-01-22,5.820000171661377,5.840000152587891,5.429999828338623,5.46999979019165,5.307886123657227,5794200
2024-01-23,5.46999979019165,5.510000228881836,5.269999980926514,5.420000076293945,5.259368419647217,6547996
2024-01-24,5.420000076293945,5.730000019073486,5.349999904632568,5.710000038146973,5.540773391723633,7610501
2024-01-25,5.690000057220459,6.010000228881836,5.650000095367432,5.929999828338623,5.754252910614014,11624525
2024-01-26,5.900000095367432,6.079999923706055,5.880000114440918,5.980000019073486,5.80277156829834,9707416
2024-01-29,6.03000020980835,6.099999904632568,5.760000228881836,5.78000020980835,5.608699321746826,7091697
2024-01-30,5.760000228881836,5.880000114440918,5.590000152587891,5.630000114440918,5.463144779205322,5634500
2024-01-31,5.599999904632568,5.679999828338623,5.329999923706055,5.349999904632568,5.191442489624023,6791300
2024-02-01,5.349999904632568,5.349999904632568,5.019999980926514,5.170000076293945,5.016777515411377,7986400
2024-02-02,5.179999828338623,5.269999980926514,4.760000228881836,4.880000114440918,4.735372066497803,9554294
2024-02-05,4.860000133514404,4.860000133514404,4.389999866485596,4.389999866485596,4.259893894195557,12706940
2024-02-06,4.420000076293945,4.590000152587891,4.110000133514404,4.480000019073486,4.347227096557617,11583700
2024-02-07,4.46999979019165,4.5,4.289999961853027,4.349999904632568,4.221079349517822,11074560
2024-02-08,4.409999847412109,4.769999980926514,4.329999923706055,4.760000228881836,4.6189284324646,10687881
2024-02-19,4.739999771118164,5.050000190734863,4.710000038146973,4.929999828338623,4.7838897705078125,10823996
2024-02-20,4.920000076293945,4.949999809265137,4.829999923706055,4.940000057220459,4.793593883514404,4855717
2024-02-21,4.889999866485596,5.130000114440918,4.849999904632568,4.989999771118164,4.842111587524414,7072658
2024-02-22,4.989999771118164,5.079999923706055,4.96999979019165,5.039999961853027,4.89063024520874,5975453
2024-02-23,5.059999942779541,5.150000095367432,5.019999980926514,5.150000095367432,4.997369766235352,5108525
2024-02-26,5.159999847412109,5.369999885559082,5.119999885559082,5.260000228881836,5.104110240936279,7596700
2024-02-27,5.230000019073486,5.369999885559082,5.190000057220459,5.360000133514404,5.201146602630615,5271996
2024-02-28,5.380000114440918,5.46999979019165,5.0,5.019999980926514,4.871222972869873,10118902
2024-02-29,4.949999809265137,5.139999866485596,4.940000057220459,5.130000114440918,4.977962970733643,6784403
2024-03-01,5.199999809265137,5.260000228881836,5.139999866485596,5.239999771118164,5.084702491760254,6354302
2024-03-04,5.239999771118164,5.269999980926514,5.090000152587891,5.179999828338623,5.026480197906494,4487502
2024-03-05,5.159999847412109,5.199999809265137,5.079999923706055,5.139999866485596,4.987666130065918,4515960
2024-03-06,5.139999866485596,5.239999771118164,5.110000133514404,5.210000038146973,5.055592060089111,3742905
2024-03-07,5.230000019073486,5.289999961853027,5.170000076293945,5.179999828338623,5.026480197906494,3675636
2024-03-08,5.230000019073486,5.260000228881836,5.130000114440918,5.170000076293945,5.016777515411377,3161000
2024-03-11,5.179999828338623,5.28000020980835,5.179999828338623,5.28000020980835,5.1235175132751465,3440844
2024-03-12,5.300000190734863,5.429999828338623,5.239999771118164,5.400000095367432,5.23996114730835,4929532
2024-03-13,5.409999847412109,5.429999828338623,5.300000190734863,5.329999923706055,5.172035217285156,3709700
2024-03-14,5.320000171661377,5.369999885559082,5.260000228881836,5.320000171661377,5.162332057952881,3282400
2024-03-15,5.289999961853027,5.380000114440918,5.28000020980835,5.380000114440918,5.220553398132324,3154630
2024-03-18,5.400000095367432,5.420000076293945,5.349999904632568,5.400000095367432,5.23996114730835,4428868
2024-03-19,5.380000114440918,5.480000019073486,5.380000114440918,5.409999847412109,5.249664306640625,4104588
2024-03-20,5.380000114440918,5.579999923706055,5.380000114440918,5.519999980926514,5.356403827667236,5371732
2024-03-21,5.510000228881836,5.559999942779541,5.440000057220459,5.5,5.336997032165527,4330601
2024-03-22,5.480000019073486,5.519999980926514,5.349999904632568,5.420000076293945,5.259368419647217,4205991
2024-03-25,5.380000114440918,5.429999828338623,5.269999980926514,5.28000020980835,5.1235175132751465,3389220
2024-03-26,5.289999961853027,5.340000152587891,5.199999809265137,5.309999942779541,5.152627944946289,3737500
2024-03-27,5.289999961853027,5.329999923706055,5.170000076293945,5.170000076293945,5.016777515411377,3616100
2024-03-28,5.179999828338623,5.309999942779541,5.159999847412109,5.269999980926514,5.113813400268555,3865000
2024-03-29,5.329999923706055,5.400000095367432,5.289999961853027,5.329999923706055,5.172035217285156,2556300
2024-04-01,5.389999866485596,5.460000038146973,5.349999904632568,5.449999809265137,5.288478851318359,4736100
2024-04-02,5.440000057220459,5.539999961853027,5.440000057220459,5.519999980926514,5.356403827667236,4533138
2024-04-03,5.539999961853027,5.550000190734863,5.460000038146973,5.550000190734863,5.385515213012695,4137500
2024-04-08,5.539999961853027,5.579999923706055,5.440000057220459,5.440000057220459,5.278775691986084,6429228
2024-04-09,5.440000057220459,5.559999942779541,5.409999847412109,5.519999980926514,5.356403827667236,5257902
2024-04-10,5.449999809265137,5.570000171661377,5.400000095367432,5.460000038146973,5.298182487487793,6163000
2024-04-11,5.409999847412109,5.659999847412109,5.349999904632568,5.480000019073486,5.317590236663818,10551392
2024-04-12,5.460000038146973,5.599999904632568,5.389999866485596,5.440000057220459,5.278775691986084,11333714
2024-04-15,5.349999904632568,5.420000076293945,5.079999923706055,5.139999866485596,4.987666130065918,11542951
2024-04-16,5.010000228881836,5.099999904632568,4.739999771118164,4.769999980926514,4.628632068634033,11900526
2024-04-17,4.800000190734863,5.079999923706055,4.78000020980835,5.070000171661377,4.919741153717041,8126946
2024-04-18,5.059999942779541,5.139999866485596,5.010000228881836,5.050000190734863,4.900334358215332,4929298
2024-04-19,5.099999904632568,5.159999847412109,5.0,5.099999904632568,4.948851585388184,5027703
2024-04-22,4.900000095367432,4.980000019073486,4.690000057220459,4.769999980926514,4.628632068634033,9741200
2024-04-23,4.769999980926514,4.78000020980835,4.679999828338623,4.730000019073486,4.589817523956299,5994716
2024-04-24,4.760000228881836,4.849999904632568,4.71999979019165,4.840000152587891,4.696557521820068,5618886
2024-04-25,4.840000152587891,4.940000057220459,4.800000190734863,4.860000133514404,4.715965270996094,4469369
2024-04-26,4.869999885559082,4.889999866485596,4.800000190734863,4.880000114440918,4.735372066497803,5799000
2024-04-29,4.929999828338623,5.190000057220459,4.900000095367432,5.179999828338623,5.026480197906494,10112900
2024-04-30,5.210000038146973,5.21999979019165,5.119999885559082,5.170000076293945,5.016777515411377,6119902
2024-05-06,5.329999923706055,5.329999923706055,5.210000038146973,5.300000190734863,5.142924308776856,6718801
2024-05-07,5.300000190734863,5.340000152587891,5.260000228881836,5.300000190734863,5.142924308776856,3922566
2024-05-08,5.28000020980835,5.369999885559082,5.269999980926514,5.289999961853027,5.133220672607422,4984879
2024-05-09,5.269999980926514,5.409999847412109,5.269999980926514,5.369999885559082,5.210849285125732,4803779
2024-05-10,5.369999885559082,5.440000057220459,5.360000133514404,5.409999847412109,5.249664306640625,4184100
2024-05-13,5.369999885559082,5.420000076293945,5.269999980926514,5.349999904632568,5.191442489624023,6039000
2024-05-14,5.349999904632568,5.400000095367432,5.329999923706055,5.349999904632568,5.191442489624023,3072752
2024-05-15,5.349999904632568,5.380000114440918,5.300000190734863,5.309999942779541,5.152627944946289,3374800
2024-05-16,5.369999885559082,5.420000076293945,5.320000171661377,5.369999885559082,5.210849285125732,4184770
2024-05-17,5.449999809265137,5.449999809265137,5.349999904632568,5.420000076293945,5.259368419647217,3686500
2024-05-20,5.440000057220459,5.46999979019165,5.389999866485596,5.460000038146973,5.298182487487793,5089201
2024-05-21,5.460000038146973,5.46999979019165,5.329999923706055,5.369999885559082,5.210849285125732,5061332
2024-05-22,5.380000114440918,5.420000076293945,5.340000152587891,5.340000152587891,5.18173885345459,3264101
2024-05-23,5.349999904632568,5.360000133514404,5.260000228881836,5.269999980926514,5.113813400268555,4983700
2024-05-24,5.25,5.360000133514404,5.25,5.309999942779541,5.152627944946289,3295010
2024-05-27,5.300000190734863,5.369999885559082,5.260000228881836,5.340000152587891,5.18173885345459,3508400
2024-05-28,5.400000095367432,5.400000095367432,5.25,5.260000228881836,5.104110240936279,4834100
2024-05-29,5.28000020980835,5.340000152587891,5.21999979019165,5.289999961853027,5.133220672607422,3730000
2024-05-30,5.239999771118164,5.300000190734863,5.179999828338623,5.199999809265137,5.045888423919678,3962100
2024-05-31,5.21999979019165,5.25,5.159999847412109,5.210000038146973,5.055592060089111,4185601
2024-06-03,5.21999979019165,5.21999979019165,4.96999979019165,5.03000020980835,4.880926609039307,6520800
2024-06-04,5.010000228881836,5.03000020980835,4.880000114440918,4.949999809265137,4.80329704284668,5585700
2024-06-05,4.940000057220459,4.949999809265137,4.840000152587891,4.849999904632568,4.706261157989502,4895200
2024-06-06,4.889999866485596,4.949999809265137,4.739999771118164,4.769999980926514,4.628632068634033,7236600
2024-06-07,4.820000171661377,4.880000114440918,4.760000228881836,4.849999904632568,4.706261157989502,5913547
2024-06-11,4.840000152587891,4.840000152587891,4.75,4.769999980926514,4.628632068634033,5006500
2024-06-12,4.760000228881836,4.829999923706055,4.75,4.820000171661377,4.677150726318359,4641301
2024-06-13,4.809999942779541,4.829999923706055,4.739999771118164,4.760000228881836,4.6189284324646,3703701
2024-06-14,4.730000019073486,4.829999923706055,4.699999809265137,4.78000020980835,4.638335704803467,5654501
2024-06-17,4.769999980926514,4.769999980926514,4.650000095367432,4.659999847412109,4.521892070770264,4842893
2024-06-18,4.670000076293945,4.789999961853027,4.630000114440918,4.769999980926514,4.628632068634033,4200091
2024-06-19,4.78000020980835,4.800000190734863,4.699999809265137,4.739999771118164,4.599521160125732,3297498
2024-06-20,4.760000228881836,4.849999904632568,4.670000076293945,4.670000076293945,4.531596183776856,4040322
2024-06-21,4.659999847412109,4.690000057220459,4.570000171661377,4.639999866485596,4.5024847984313965,3938900
2024-06-24,4.639999866485596,4.639999866485596,4.480000019073486,4.5,4.366633892059326,4709000
2024-06-25,4.539999961853027,4.579999923706055,4.480000019073486,4.539999961853027,4.4054484367370605,3685801
2024-06-26,4.539999961853027,4.679999828338623,4.489999771118164,4.670000076293945,4.531596183776856,3500504
2024-06-27,4.670000076293945,4.760000228881836,4.639999866485596,4.659999847412109,4.521892070770264,5230000
2024-06-28,4.650000095367432,4.800000190734863,4.599999904632568,4.739999771118164,4.599521160125732,4703900
2024-07-01,4.730000019073486,4.78000020980835,4.679999828338623,4.730000019073486,4.589817523956299,4018818
2024-07-02,4.75,4.820000171661377,4.71999979019165,4.800000190734863,4.657742977142334,4927294
2024-07-03,4.820000171661377,4.840000152587891,4.78000020980835,4.789999961853027,4.648038864135742,3017994
2024-07-04,4.789999961853027,4.800000190734863,4.610000133514404,4.619999885559082,4.483077049255371,3172494
2024-07-05,4.619999885559082,4.619999885559082,4.619999885559082,4.619999885559082,4.483077049255371,0
2024-07-08,4.659999847412109,4.659999847412109,4.480000019073486,4.489999771118164,4.356930255889893,4133700
2024-07-09,4.519999980926514,4.53000020980835,4.360000133514404,4.5,4.366633892059326,4516628
2024-07-10,4.480000019073486,4.5,4.409999847412109,4.440000057220459,4.308412075042725,3103021
2024-07-11,4.480000019073486,4.610000133514404,4.480000019073486,4.590000152587891,4.4539666175842285,4566432
2024-07-12,4.550000190734863,4.639999866485596,4.53000020980835,4.570000171661377,4.493295192718506,3426524
2024-07-15,4.550000190734863,4.570000171661377,4.5,4.510000228881836,4.434302806854248,2398091
2024-07-16,4.5,4.519999980926514,4.449999809265137,4.460000038146973,4.385141372680664,2522500
2024-07-17,4.429999828338623,4.550000190734863,4.429999828338623,4.5,4.424469947814941,2334001
2024-07-18,4.5,4.539999961853027,4.420000076293945,4.489999771118164,4.414637565612793,2946900
2024-07-19,4.460000038146973,4.53000020980835,4.440000057220459,4.5,4.424469947814941,2986267
2024-07-22,4.5,4.519999980926514,4.449999809265137,4.480000019073486,4.404806137084961,2205200
2024-07-23,4.460000038146973,4.53000020980835,4.440000057220459,4.449999809265137,4.375308990478516,2968840
2024-07-24,4.440000057220459,4.46999979019165,4.380000114440918,4.389999866485596,4.316316604614258,2703664
2024-07-25,4.389999866485596,4.5,4.360000133514404,4.449999809265137,4.375308990478516,2223300
2024-07-26,4.46999979019165,4.550000190734863,4.460000038146973,4.53000020980835,4.4539666175842285,2216440
2024-07-29,4.550000190734863,4.599999904632568,4.5,4.539999961853027,4.463798999786377,2696872
2024-07-30,4.579999923706055,4.639999866485596,4.5,4.630000114440918,4.55228853225708,3468655
2024-07-31,4.639999866485596,4.78000020980835,4.610000133514404,4.769999980926514,4.689938545227051,5267741
2024-08-01,4.730000019073486,4.829999923706055,4.730000019073486,4.789999961853027,4.709602355957031,3722100
2024-08-02,4.75,4.840000152587891,4.730000019073486,4.75,4.670274257659912,2786100
2024-08-05,4.730000019073486,4.809999942779541,4.659999847412109,4.670000076293945,4.591617107391357,4429825
2024-08-06,4.71999979019165,4.820000171661377,4.670000076293945,4.78000020980835,4.699770927429199,3951796
2024-08-07,4.760000228881836,4.800000190734863,4.71999979019165,4.75,4.670274257659912,3128900
2024-08-08,4.730000019073486,4.789999961853027,4.710000038146973,4.769999980926514,4.689938545227051,1954584
2024-08-09,4.78000020980835,4.860000133514404,4.75,4.75,4.670274257659912,3578800
2024-08-12,4.760000228881836,4.809999942779541,4.760000228881836,4.789999961853027,4.709602355957031,2235000
2024-08-13,4.769999980926514,4.820000171661377,4.730000019073486,4.800000190734863,4.71943473815918,1887338
2024-08-14,4.789999961853027,4.800000190734863,4.739999771118164,4.760000228881836,4.680106163024902,1650202
2024-08-15,4.760000228881836,4.809999942779541,4.699999809265137,4.730000019073486,4.650609970092773,2865500
2024-08-16,4.769999980926514,4.789999961853027,4.71999979019165,4.730000019073486,4.650609970092773,2680001
2024-08-19,4.670000076293945,4.75,4.659999847412109,4.670000076293945,4.591617107391357,3203700
2024-08-20,4.710000038146973,4.710000038146973,4.550000190734863,4.570000171661377,4.493295192718506,2130100
2024-08-21,4.559999942779541,4.590000152587891,4.5,4.53000020980835,4.4539666175842285,1910500
2024-08-22,4.539999961853027,4.550000190734863,4.449999809265137,4.480000019073486,4.404806137084961,2453000
2024-08-23,4.570000171661377,4.929999828338623,4.5,4.739999771118164,4.660441875457764,20397538
2024-08-26,4.71999979019165,4.849999904632568,4.670000076293945,4.71999979019165,4.640777111053467,13525715
2024-08-27,4.699999809265137,4.78000020980835,4.690000057220459,4.730000019073486,4.650609970092773,6115441
2024-08-28,4.730000019073486,4.78000020980835,4.710000038146973,4.760000228881836,4.680106163024902,5492400
2024-08-29,4.75,4.800000190734863,4.71999979019165,4.760000228881836,4.680106163024902,5945500
2024-08-30,4.730000019073486,4.860000133514404,4.730000019073486,4.800000190734863,4.71943473815918,7209301
2024-09-02,4.800000190734863,4.849999904632568,4.760000228881836,4.769999980926514,4.689938545227051,5998400
2024-09-03,4.760000228881836,4.800000190734863,4.71999979019165,4.760000228881836,4.680106163024902,4078999
2024-09-04,4.75,4.769999980926514,4.670000076293945,4.679999828338623,4.6014485359191895,3487900
2024-09-05,4.690000057220459,4.739999771118164,4.659999847412109,4.71999979019165,4.640777111053467,3382600
2024-09-06,4.699999809265137,4.730000019073486,4.630000114440918,4.670000076293945,4.591617107391357,2792900
2024-09-09,4.659999847412109,4.699999809265137,4.599999904632568,4.670000076293945,4.591617107391357,2578600
2024-09-10,4.710000038146973,4.75,4.679999828338623,4.739999771118164,4.660441875457764,3549848
2024-09-11,4.710000038146973,4.739999771118164,4.690000057220459,4.690000057220459,4.611281394958496,2552796
2024-09-12,4.710000038146973,4.730000019073486,4.639999866485596,4.659999847412109,4.581784725189209,1826700
2024-09-13,4.690000057220459,4.690000057220459,4.619999885559082,4.619999885559082,4.542456150054932,1949100
2024-09-18,4.599999904632568,4.71999979019165,4.550000190734863,4.650000095367432,4.5719523429870605,4246296
2024-09-19,4.690000057220459,4.849999904632568,4.599999904632568,4.849999904632568,4.7685956954956055,5967392
2024-09-20,4.820000171661377,4.849999904632568,4.789999961853027,4.820000171661377,4.739099502563477,3338400
2024-09-23,4.809999942779541,4.900000095367432,4.789999961853027,4.869999885559082,4.788259506225586,3831095
2024-09-24,4.880000114440918,5.130000114440918,4.869999885559082,5.119999885559082,5.034063816070557,10253851
2024-09-25,5.139999866485596,5.210000038146973,5.059999942779541,5.079999923706055,4.994735240936279,11448500
2024-09-26,5.079999923706055,5.230000019073486,5.070000171661377,5.210000038146973,5.12255334854126,8907721
2024-09-27,5.239999771118164,5.329999923706055,5.159999847412109,5.320000171661377,5.230707168579102,8588857
2024-09-30,5.5,5.78000020980835,5.329999923706055,5.730000019073486,5.633825302124023,23541682
2024-10-08,6.269999980926514,6.28000020980835,5.71999979019165,6.0,5.899293422698975,22580013
2024-10-09,5.880000114440918,5.880000114440918,5.610000133514404,5.630000114440918,5.535504341125488,17819253
2024-10-10,5.690000057220459,5.889999866485596,5.599999904632568,5.730000019073486,5.633825302124023,13459457
2024-10-11,5.829999923706055,5.860000133514404,5.610000133514404,5.679999828338623,5.584664344787598,12271297
2024-10-14,5.980000019073486,6.059999942779541,5.71999979019165,5.920000076293945,5.82063627243042,21676645
2024-10-15,5.820000171661377,5.909999847412109,5.590000152587891,5.699999809265137,5.604328632354736,18680918
2024-10-16,5.630000114440918,5.760000228881836,5.619999885559082,5.659999847412109,5.565000057220459,9616602
2024-10-17,5.690000057220459,5.75,5.53000020980835,5.539999961853027,5.447014331817627,10021061
2024-10-18,5.539999961853027,5.659999847412109,5.510000228881836,5.610000133514404,5.515839576721191,8857477
2024-10-21,5.599999904632568,5.639999866485596,5.5,5.550000190734863,5.456846714019775,10497212
2024-10-22,5.539999961853027,5.579999923706055,5.519999980926514,5.579999923706055,5.486342906951904,5635502
2024-10-23,5.590000152587891,5.730000019073486,5.570000171661377,5.650000095367432,5.555168151855469,10775445
2024-10-24,5.610000133514404,5.800000190734863,5.590000152587891,5.800000190734863,5.702650547027588,13775875
2024-10-25,5.909999847412109,5.960000038146973,5.760000228881836,5.789999961853027,5.69281816482544,11397227
2024-10-28,5.809999942779541,5.960000038146973,5.78000020980835,5.960000038146973,5.859964847564697,13719491
2024-10-29,5.989999771118164,6.28000020980835,5.860000133514404,6.059999942779541,5.958286285400391,26520321
2024-10-30,6.0,6.159999847412109,5.960000038146973,6.059999942779541,5.958286285400391,16007102
2024-10-31,6.039999961853027,6.170000076293945,6.010000228881836,6.130000114440918,6.027112007141113,16935096
2024-11-01,6.099999904632568,6.179999828338623,5.949999809265137,6.010000228881836,5.909126281738281,18073280
2024-11-04,6.039999961853027,6.119999885559082,5.989999771118164,6.059999942779541,5.958286285400391,11618076
2024-11-05,6.070000171661377,6.179999828338623,6.059999942779541,6.110000133514404,6.007447242736816,16673502
2024-11-06,6.070000171661377,6.28000020980835,6.019999980926514,6.21999979019165,6.1156005859375,19518868
2024-11-07,6.159999847412109,6.360000133514404,6.150000095367432,6.320000171661377,6.21392297744751,17113197
2024-11-08,6.320000171661377,6.409999847412109,6.210000038146973,6.25,6.145097255706787,15694196
2024-11-11,6.239999771118164,6.380000114440918,6.139999866485596,6.239999771118164,6.135265350341797,14605434
2024-11-12,6.260000228881836,6.28000020980835,6.099999904632568,6.150000095367432,6.046775817871094,11890789
2024-11-13,6.150000095367432,6.190000057220459,6.050000190734863,6.139999866485596,6.036943435668945,8232593
2024-11-14,6.150000095367432,6.190000057220459,6.059999942779541,6.139999866485596,6.036943435668945,10111420
2024-11-15,6.170000076293945,6.179999828338623,5.949999809265137,5.949999809265137,5.850132465362549,8870000
2024-11-18,5.989999771118164,6.039999961853027,5.800000190734863,5.860000133514404,5.761643886566162,7743300
2024-11-19,5.860000133514404,5.989999771118164,5.849999904632568,5.980000019073486,5.879629611968994,5963600
2024-11-20,5.980000019073486,6.110000133514404,5.949999809265137,6.050000190734863,5.948454856872559,7605155
2024-11-21,6.050000190734863,6.090000152587891,6.0,6.079999923706055,5.977950572967529,4897600
2024-11-22,6.03000020980835,6.119999885559082,5.829999923706055,5.849999904632568,5.751811027526856,6649700
2024-11-25,5.829999923706055,6.050000190734863,5.829999923706055,6.03000020980835,5.928790092468262,7217702
2024-11-26,6.010000228881836,6.150000095367432,6.0,6.050000190734863,5.948454856872559,6445803
2024-11-27,6.059999942779541,6.059999942779541,5.840000152587891,6.039999961853027,5.938621997833252,6792268
2024-11-28,6.0,6.150000095367432,6.0,6.099999904632568,5.997614860534668,7925172
2024-11-29,6.059999942779541,6.199999809265137,6.059999942779541,6.159999847412109,6.056608200073242,6970800
2024-12-02,6.179999828338623,6.28000020980835,6.159999847412109,6.269999980926514,6.164762020111084,8534970
2024-12-03,6.28000020980835,6.360000133514404,6.25,6.349999904632568,6.243419170379639,9854782
2024-12-04,6.320000171661377,6.989999771118164,6.300000190734863,6.619999885559082,6.50888729095459,58927047
2024-12-05,6.409999847412109,6.760000228881836,6.349999904632568,6.599999904632568,6.489222526550293,44927500
2024-12-06,6.599999904632568,6.619999885559082,6.420000076293945,6.46999979019165,6.361404895782471,22186669
2024-12-09,6.400000095367432,6.480000019073486,6.300000190734863,6.400000095367432,6.2925801277160645,14496914
2024-12-10,6.519999980926514,6.559999942779541,6.28000020980835,6.300000190734863,6.194258213043213,14804563
2024-12-11,6.309999942779541,6.440000057220459,6.300000190734863,6.400000095367432,6.2925801277160645,8334528
2024-12-12,6.400000095367432,6.559999942779541,6.349999904632568,6.519999980926514,6.410565376281738,13608312
2024-12-13,6.510000228881836,6.550000190734863,6.440000057220459,6.460000038146973,6.3515729904174805,12984600
2024-12-16,6.440000057220459,6.570000171661377,6.440000057220459,6.480000019073486,6.371237277984619,8941644
2024-12-17,6.5,6.519999980926514,6.230000019073486,6.28000020980835,6.174594402313232,11126362
2024-12-18,6.300000190734863,6.380000114440918,6.239999771118164,6.289999961853027,6.1844258308410645,6672792
2024-12-19,6.21999979019165,6.349999904632568,6.210000038146973,6.28000020980835,6.174594402313232,5560990
2024-12-20,6.28000020980835,6.320000171661377,6.190000057220459,6.21999979019165,6.1156005859375,6197398
2024-12-23,6.210000038146973,6.21999979019165,5.920000076293945,5.929999828338623,5.83046817779541,10157502
2024-12-24,5.980000019073486,6.019999980926514,5.889999866485596,5.960000038146973,5.859964847564697,4525700
2024-12-25,5.960000038146973,5.980000019073486,5.75,5.829999923706055,5.732146739959717,5738900
2024-12-26,5.980000019073486,6.070000171661377,5.860000133514404,5.929999828338623,5.83046817779541,8426300
2024-12-27,5.909999847412109,6.119999885559082,5.889999866485596,6.050000190734863,5.948454856872559,8603812
2024-12-30,6.010000228881836,6.050000190734863,5.929999828338623,5.980000019073486,5.879629611968994,4708100
2024-12-31,6.0,6.059999942779541,5.860000133514404,5.889999866485596,5.791139602661133,4270500
2025-01-02,5.849999904632568,6.130000114440918,5.849999904632568,5.949999809265137,5.850132465362549,12710766
2025-01-03,5.949999809265137,6.0,5.760000228881836,5.760000228881836,5.663321971893311,9137001
2025-01-06,5.769999980926514,5.929999828338623,5.599999904632568,5.769999980926514,5.673153877258301,6730250
2025-01-07,5.800000190734863,5.820000171661377,5.690000057220459,5.78000020980835,5.682986259460449,3908340
2025-01-08,5.789999961853027,5.789999961853027,5.590000152587891,5.710000038146973,5.614161491394043,4827101
2025-01-09,5.690000057220459,5.730000019073486,5.639999866485596,5.670000076293945,5.574832916259766,2950560
2025-01-10,5.619999885559082,5.699999809265137,5.510000228881836,5.510000228881836,5.417518138885498,3852160
2025-01-13,5.5,5.570000171661377,5.349999904632568,5.53000020980835,5.437182426452637,5277300
2025-01-14,5.539999961853027,5.659999847412109,5.53000020980835,5.630000114440918,5.535504341125488,10090466
2025-01-15,5.630000114440918,5.650000095367432,5.550000190734863,5.570000171661377,5.476511001586914,5221401
2025-01-16,5.550000190734863,5.699999809265137,5.550000190734863,5.650000095367432,5.555168151855469,7203667
2025-01-17,5.650000095367432,5.679999828338623,5.599999904632568,5.630000114440918,5.535504341125488,3724800
2025-01-20,5.989999771118164,6.190000057220459,5.900000095367432,6.190000057220459,6.086104393005371,12140977
2025-01-21,6.369999885559082,6.369999885559082,5.980000019073486,6.03000020980835,5.928790092468262,29235391
2025-01-22,6.03000020980835,6.079999923706055,5.820000171661377,5.880000114440918,5.781307697296143,12961700
2025-01-23,5.909999847412109,6.0,5.829999923706055,5.840000152587891,5.741979122161865,9463602
2025-01-24,5.860000133514404,5.880000114440918,5.760000228881836,5.840000152587891,5.741979122161865,7719900
2025-01-27,5.880000114440918,5.989999771118164,5.849999904632568,5.860000133514404,5.761643886566162,6447830
2025-02-05,5.909999847412109,5.940000057220459,5.78000020980835,5.829999923706055,5.732146739959717,5511283
2025-02-06,5.829999923706055,6.179999828338623,5.78000020980835,6.0,5.899293422698975,14750644
2025-02-07,5.989999771118164,6.050000190734863,5.940000057220459,6.0,5.899293422698975,9962201
2025-02-10,6.0,6.070000171661377,5.989999771118164,6.050000190734863,5.948454856872559,7361600
2025-02-11,6.03000020980835,6.079999923706055,5.989999771118164,6.019999980926514,5.918957710266113,6766933
2025-02-12,6.03000020980835,6.050000190734863,5.96999979019165,6.019999980926514,5.918957710266113,5396800
2025-02-13,6.03000020980835,6.039999961853027,5.960000038146973,5.960000038146973,5.859964847564697,5144701
2025-02-14,5.980000019073486,6.019999980926514,5.940000057220459,5.949999809265137,5.850132465362549,4946001
2025-02-17,5.960000038146973,6.050000190734863,5.900000095367432,6.03000020980835,5.928790092468262,6899800
2025-02-18,6.019999980926514,6.110000133514404,5.900000095367432,5.909999847412109,5.810803890228272,6289112
2025-02-19,5.889999866485596,5.949999809265137,5.880000114440918,5.929999828338623,5.83046817779541,4073832
2025-02-20,5.900000095367432,5.96999979019165,5.900000095367432,5.960000038146973,5.859964847564697,4289202
2025-02-21,5.960000038146973,5.96999979019165,5.849999904632568,5.909999847412109,5.810803890228272,5970846
2025-02-24,5.889999866485596,6.230000019073486,5.889999866485596,6.050000190734863,5.948454856872559,12334504
2025-02-25,6.0,6.150000095367432,5.980000019073486,6.130000114440918,6.027112007141113,10837415
2025-02-26,6.170000076293945,6.21999979019165,6.090000152587891,6.130000114440918,6.027112007141113,13823183
2025-02-27,6.130000114440918,6.190000057220459,6.090000152587891,6.190000057220459,6.086104393005371,8869647
2025-02-28,6.159999847412109,6.28000020980835,6.139999866485596,6.179999828338623,6.076272010803223,10856748
2025-03-03,6.199999809265137,6.289999961853027,6.170000076293945,6.210000038146973,6.105769157409668,9287266
2025-03-04,6.199999809265137,6.239999771118164,6.130000114440918,6.21999979019165,6.1156005859375,6798432
2025-03-05,6.21999979019165,6.230000019073486,6.099999904632568,6.159999847412109,6.056608200073242,5998200
2025-03-06,6.159999847412109,6.199999809265137,6.139999866485596,6.159999847412109,6.056608200073242,5648200
2025-03-07,6.170000076293945,6.489999771118164,6.130000114440918,6.400000095367432,6.2925801277160645,22143938
2025-03-10,6.369999885559082,6.420000076293945,6.28000020980835,6.380000114440918,6.272915363311768,12858039
2025-03-11,6.400000095367432,6.440000057220459,6.320000171661377,6.429999828338623,6.322076320648193,8990156
2025-03-12,6.400000095367432,6.449999809265137,6.329999923706055,6.349999904632568,6.243419170379639,6975856
2025-03-13,6.340000152587891,6.360000133514404,6.210000038146973,6.320000171661377,6.21392297744751,6507002
2025-03-14,6.349999904632568,6.449999809265137,6.309999942779541,6.440000057220459,6.331908702850342,9331933
2025-03-17,6.429999828338623,6.489999771118164,6.409999847412109,6.429999828338623,6.322076320648193,6801255
2025-03-18,6.429999828338623,6.480000019073486,6.369999885559082,6.460000038146973,6.3515729904174805,6887200
2025-03-19,6.46999979019165,6.630000114440918,6.420000076293945,6.519999980926514,6.410565376281738,12527901
2025-03-20,6.510000228881836,6.610000133514404,6.480000019073486,6.489999771118164,6.381068706512451,9530400
2025-03-21,6.489999771118164,6.519999980926514,6.380000114440918,6.400000095367432,6.2925801277160645,8232100
2025-03-24,6.400000095367432,6.449999809265137,6.199999809265137,6.300000190734863,6.194258213043213,7746008
2025-03-25,6.260000228881836,6.650000095367432,6.239999771118164,6.650000095367432,6.538383960723877,24857633
2025-03-26,6.650000095367432,7.320000171661377,6.570000171661377,6.849999904632568,6.735026836395264,69140908
2025-03-27,6.679999828338623,6.769999980926514,6.400000095367432,6.429999828338623,6.322076320648193,40883511
2025-03-28,6.409999847412109,6.539999961853027,6.21999979019165,6.239999771118164,6.135265350341797,24973743
2025-03-31,6.170000076293945,6.28000020980835,6.099999904632568,6.150000095367432,6.046775817871094,19649708
2025-04-01,6.190000057220459,6.300000190734863,6.150000095367432,6.230000019073486,6.125432968139648,13661003
2025-04-02,6.199999809265137,6.320000171661377,6.150000095367432,6.210000038146973,6.105769157409668,11852800
2025-04-03,6.110000133514404,6.349999904632568,6.110000133514404,6.260000228881836,6.154929637908936,17798673
2025-04-07,5.949999809265137,6.039999961853027,5.630000114440918,5.630000114440918,5.535504341125488,14790000
2025-04-08,5.599999904632568,5.679999828338623,5.360000133514404,5.429999828338623,5.338860511779785,16673300
2025-04-09,5.420000076293945,5.679999828338623,5.159999847412109,5.630000114440918,5.535504341125488,16208200
2025-04-10,5.659999847412109,5.760000228881836,5.610000133514404,5.630000114440918,5.535504341125488,17710600
2025-04-11,5.630000114440918,5.659999847412109,5.53000020980835,5.570000171661377,5.476511001586914,12700604
2025-04-14,5.599999904632568,5.71999979019165,5.599999904632568,5.659999847412109,5.565000057220459,10305215
2025-04-15,5.659999847412109,5.730000019073486,5.590000152587891,5.710000038146973,5.614161491394043,8724214
2025-04-16,5.699999809265137,5.710000038146973,5.550000190734863,5.650000095367432,5.555168151855469,7855015
2025-04-17,5.590000152587891,5.730000019073486,5.590000152587891,5.679999828338623,5.584664344787598,7373800
2025-04-18,5.670000076293945,5.71999979019165,5.639999866485596,5.679999828338623,5.584664344787598,5792600
2025-04-21,5.679999828338623,5.739999771118164,5.630000114440918,5.71999979019165,5.623992919921875,6100400
2025-04-22,5.71999979019165,5.840000152587891,5.679999828338623,5.820000171661377,5.722315311431885,9007140
2025-04-23,5.829999923706055,5.869999885559082,5.800000190734863,5.829999923706055,5.732146739959717,6066200
2025-04-24,5.820000171661377,5.960000038146973,5.769999980926514,5.889999866485596,5.791139602661133,9555100
2025-04-25,5.960000038146973,6.019999980926514,5.909999847412109,5.940000057220459,5.840301036834717,9647396
2025-04-28,5.96999979019165,5.96999979019165,5.820000171661377,5.849999904632568,5.751811027526856,7952366
2025-04-29,5.860000133514404,5.909999847412109,5.78000020980835,5.820000171661377,5.722315311431885,7952100
2025-04-30,5.820000171661377,5.900000095367432,5.800000190734863,5.809999942779541,5.712482452392578,6968200
2025-05-06,5.840000152587891,5.929999828338623,5.809999942779541,5.929999828338623,5.83046817779541,7135800
2025-05-07,5.960000038146973,5.989999771118164,5.920000076293945,5.96999979019165,5.869797229766846,10096166
2025-05-08,5.96999979019165,6.050000190734863,5.889999866485596,6.010000228881836,5.909126281738281,8783566
2025-05-09,6.0,6.079999923706055,5.96999979019165,6.039999961853027,5.938621997833252,8324869
2025-05-12,6.059999942779541,6.099999904632568,5.980000019073486,6.079999923706055,5.977950572967529,9649600
2025-05-13,6.110000133514404,6.130000114440918,6.019999980926514,6.03000020980835,5.928790092468262,6277618
2025-05-14,6.039999961853027,6.079999923706055,5.989999771118164,6.050000190734863,5.948454856872559,5361400
2025-05-15,6.070000171661377,6.079999923706055,6.019999980926514,6.039999961853027,5.938621997833252,3945303
2025-05-16,6.050000190734863,6.050000190734863,6.0,6.019999980926514,5.918957710266113,4413300
2025-05-19,6.019999980926514,6.139999866485596,6.019999980926514,6.110000133514404,6.007447242736816,9094499
2025-05-20,6.119999885559082,6.170000076293945,6.090000152587891,6.150000095367432,6.046775817871094,6570300
2025-05-21,6.159999847412109,6.190000057220459,6.110000133514404,6.190000057220459,6.086104393005371,5439600
2025-05-22,6.179999828338623,6.199999809265137,6.090000152587891,6.110000133514404,6.007447242736816,7187046
2025-05-23,6.119999885559082,6.139999866485596,6.050000190734863,6.050000190734863,5.948454856872559,6468000
2025-05-26,6.03000020980835,6.150000095367432,6.019999980926514,6.119999885559082,6.017279624938965,7862103
2025-05-27,6.139999866485596,6.159999847412109,6.070000171661377,6.130000114440918,6.027112007141113,7039100
2025-05-28,6.110000133514404,6.159999847412109,6.070000171661377,6.119999885559082,6.017279624938965,4865996
2025-05-29,6.119999885559082,6.179999828338623,6.099999904632568,6.130000114440918,6.027112007141113,7044400
2025-05-30,6.130000114440918,6.159999847412109,6.070000171661377,6.099999904632568,5.997614860534668,5775002
2025-06-03,6.099999904632568,6.190000057220459,6.050000190734863,6.159999847412109,6.056608200073242,7892500
2025-06-04,6.159999847412109,6.210000038146973,6.139999866485596,6.199999809265137,6.09593677520752,5699838
2025-06-05,6.190000057220459,6.210000038146973,6.139999866485596,6.190000057220459,6.086104393005371,5665238
2025-06-06,6.159999847412109,6.320000171661377,6.159999847412109,6.230000019073486,6.125432968139648,7267638
2025-06-09,6.230000019073486,6.289999961853027,6.199999809265137,6.28000020980835,6.174594402313232,6363301
2025-06-10,6.289999961853027,6.340000152587891,6.170000076293945,6.260000228881836,6.154929637908936,6698267
2025-06-11,6.230000019073486,6.320000171661377,6.21999979019165,6.28000020980835,6.174594402313232,6192500
2025-06-12,6.260000228881836,6.329999923706055,6.230000019073486,6.289999961853027,6.1844258308410645,6753766
2025-06-13,6.320000171661377,6.420000076293945,6.239999771118164,6.340000152587891,6.23358678817749,18888596
2025-06-16,6.28000020980835,6.400000095367432,6.28000020980835,6.340000152587891,6.23358678817749,12551024
2025-06-17,6.349999904632568,6.389999866485596,6.300000190734863,6.340000152587891,6.23358678817749,9071902
2025-06-18,6.340000152587891,6.369999885559082,6.25,6.300000190734863,6.194258213043213,6794430
2025-06-19,6.269999980926514,6.300000190734863,6.190000057220459,6.239999771118164,6.135265350341797,7175132
2025-06-20,6.25,6.28000020980835,6.190000057220459,6.199999809265137,6.09593677520752,4380200
2025-06-23,6.199999809265137,6.25,6.170000076293945,6.230000019073486,6.125432968139648,6376500
2025-06-24,6.210000038146973,6.320000171661377,6.190000057220459,6.300000190734863,6.194258213043213,8890201
2025-06-25,6.320000171661377,6.340000152587891,6.269999980926514,6.320000171661377,6.21392297744751,10361201
2025-06-26,6.309999942779541,6.409999847412109,6.309999942779541,6.340000152587891,6.23358678817749,13045100
2025-06-27,6.360000133514404,6.400000095367432,6.309999942779541,6.389999866485596,6.282747745513916,11580300
2025-06-30,6.400000095367432,6.480000019073486,6.360000133514404,6.400000095367432,6.2925801277160645,10410900
2025-07-01,6.429999828338623,6.440000057220459,6.340000152587891,6.380000114440918,6.272915363311768,8693200
2025-07-02,6.389999866485596,6.460000038146973,6.360000133514404,6.429999828338623,6.322076320648193,12888303
2025-07-03,6.389999866485596,6.420000076293945,6.349999904632568,6.400000095367432,6.357839107513428,9438500
2025-07-04,6.409999847412109,6.440000057220459,6.329999923706055,6.360000133514404,6.318102836608887,14465180
2025-07-07,6.340000152587891,6.409999847412109,6.309999942779541,6.400000095367432,6.357839107513428,10740600
2025-07-08,6.389999866485596,6.420000076293945,6.369999885559082,6.389999866485596,6.347905158996582,8066402
2025-07-09,6.389999866485596,6.420000076293945,6.349999904632568,6.400000095367432,6.357839107513428,6832534
2025-07-10,6.400000095367432,6.489999771118164,6.380000114440918,6.460000038146973,6.417443752288818,10586100
2025-07-11,6.480000019073486,6.489999771118164,6.369999885559082,6.429999828338623,6.387641429901123,9379389
2025-07-14,6.440000057220459,6.519999980926514,6.420000076293945,6.489999771118164,6.447246074676514,7703604
2025-07-15,6.510000228881836,6.510000228881836,6.349999904632568,6.369999885559082,6.328036785125732,8011800
2025-07-16,6.360000133514404,6.5,6.300000190734863,6.449999809265137,6.407509803771973,8659596
2025-07-17,6.449999809265137,6.5,6.429999828338623,6.449999809265137,6.407509803771973,7136932
2025-07-18,6.46999979019165,6.480000019073486,6.400000095367432,6.429999828338623,6.387641429901123,5258200
2025-07-21,6.400000095367432,6.559999942779541,6.400000095367432,6.550000190734863,6.506851196289063,9026820
2025-07-22,6.550000190734863,6.570000171661377,6.440000057220459,6.550000190734863,6.506851196289063,6740100
2025-07-23,6.519999980926514,6.559999942779541,6.489999771118164,6.5,6.457180500030518,6862700
2025-07-24,6.5,6.619999885559082,6.489999771118164,6.579999923706055,6.536653518676758,8308202
2025-07-25,6.590000152587891,6.610000133514404,6.53000020980835,6.559999942779541,6.516785144805908,7216000
2025-07-28,6.550000190734863,6.590000152587891,6.46999979019165,6.519999980926514,6.477048873901367,8156704
2025-07-29,6.539999961853027,6.550000190734863,6.429999828338623,6.539999961853027,6.496916770935059,9130200
2025-07-30,6.53000020980835,6.550000190734863,6.440000057220459,6.519999980926514,6.477048873901367,8962800
2025-07-31,6.519999980926514,6.590000152587891,6.369999885559082,6.409999847412109,6.367773056030273,11156000
2025-08-01,6.409999847412109,6.480000019073486,6.380000114440918,6.460000038146973,6.417443752288818,6887332
2025-08-04,6.449999809265137,6.510000228881836,6.429999828338623,6.480000019073486,6.437312126159668,8320200
2025-08-05,6.550000190734863,6.679999828338623,6.539999961853027,6.579999923706055,6.536653518676758,14466603
2025-08-06,6.570000171661377,6.610000133514404,6.519999980926514,6.599999904632568,6.556521415710449,8426430
2025-08-07,6.610000133514404,6.699999809265137,6.550000190734863,6.659999847412109,6.61612606048584,10505000
2025-08-08,6.630000114440918,7.079999923706055,6.630000114440918,6.769999980926514,6.725401878356934,23152440
2025-08-11,6.75,6.789999961853027,6.639999866485596,6.710000038146973,6.665797233581543,13368126
2025-08-12,6.71999979019165,6.860000133514404,6.690000057220459,6.800000190734863,6.755204200744629,11556800
2025-08-13,6.800000190734863,7.150000095367432,6.769999980926514,6.96999979019165,6.924084186553955,23719832
2025-08-14,7.010000228881836,7.010000228881836,6.710000038146973,6.75,6.705533504486084,19401186
2025-08-15,6.739999771118164,6.860000133514404,6.71999979019165,6.75,6.705533504486084,10856510
2025-08-18,6.760000228881836,6.789999961853027,6.730000019073486,6.739999771118164,6.69559907913208,11474173
2025-08-19,6.739999771118164,6.789999961853027,6.679999828338623,6.730000019073486,6.685665130615234,9213544
2025-08-20,6.699999809265137,6.78000020980835,6.690000057220459,6.78000020980835,6.7353363037109375,7998871
2025-08-21,6.739999771118164,6.909999847412109,6.739999771118164,6.829999923706055,6.785006523132324,9349762
2025-08-22,6.820000171661377,6.849999904632568,6.730000019073486,6.820000171661377,6.775072574615479,8454258
2025-08-25,6.789999961853027,6.800000190734863,6.679999828338623,6.71999979019165,6.675731182098389,14700490
2025-08-26,6.690000057220459,6.940000057220459,6.659999847412109,6.78000020980835,6.7353363037109375,15407319
2025-08-27,6.78000020980835,6.78000020980835,6.510000228881836,6.510000228881836,6.4671149253845215,16521947
2025-08-28,6.510000228881836,6.579999923706055,6.269999980926514,6.389999866485596,6.347905158996582,11913800
2025-08-29,6.400000095367432,6.429999828338623,6.329999923706055,6.369999885559082,6.328036785125732,8455436
2025-09-01,6.369999885559082,6.400000095367432,6.28000020980835,6.320000171661377,6.278366565704346,9250127
2025-09-02,6.329999923706055,6.349999904632568,6.239999771118164,6.349999904632568,6.308168411254883,7165948
2025-09-03,6.360000133514404,6.369999885559082,6.199999809265137,6.21999979019165,6.179024696350098,8954000
2025-09-04,6.230000019073486,6.320000171661377,6.199999809265137,6.25,6.208827495574951,8300510
2025-09-05,6.260000228881836,6.289999961853027,6.199999809265137,6.289999961853027,6.248563766479492,6648524
2025-09-08,6.300000190734863,6.329999923706055,6.269999980926514,6.320000171661377,6.278366565704346,6187501
2025-09-09,6.320000171661377,6.369999885559082,6.28000020980835,6.300000190734863,6.258498191833496,6304732
2025-09-10,6.289999961853027,6.300000190734863,6.25,6.289999961853027,6.248563766479492,4509633
2025-09-11,6.28000020980835,6.309999942779541,6.21999979019165,6.309999942779541,6.268432140350342,8588868
2025-09-12,6.309999942779541,6.360000133514404,6.260000228881836,6.300000190734863,6.258498191833496,7392537
2025-09-15,6.289999961853027,6.300000190734863,6.21999979019165,6.28000020980835,6.238629817962647,6191191
2025-09-16,6.260000228881836,6.28000020980835,6.210000038146973,6.269999980926514,6.228695392608643,7402779
2025-09-17,6.269999980926514,6.389999866485596,6.239999771118164,6.320000171661377,6.278366565704346,9008666
2025-09-18,6.320000171661377,6.489999771118164,6.25,6.329999923706055,6.288300037384033,12968851
2025-09-19,6.309999942779541,6.420000076293945,6.269999980926514,6.360000133514404,6.318102836608887,8041897
2025-09-22,6.360000133514404,6.409999847412109,6.28000020980835,6.309999942779541,6.268432140350342,5400540
2025-09-23,6.269999980926514,6.289999961853027,6.059999942779541,6.119999885559082,6.079683780670166,8924234
2025-09-24,6.090000152587891,6.260000228881836,6.079999923706055,6.25,6.208827495574951,5848303
2025-09-25,6.269999980926514,6.300000190734863,6.150000095367432,6.21999979019165,6.179024696350098,4232400
2025-09-26,6.21999979019165,6.28000020980835,6.170000076293945,6.269999980926514,6.228695392608643,4918801
2025-09-29,6.25,6.400000095367432,6.190000057220459,6.389999866485596,6.347905158996582,9259597
2025-09-30,6.420000076293945,6.429999828338623,6.349999904632568,6.349999904632568,6.308168411254883,4860600
2025-10-09,6.289999961853027,6.409999847412109,6.289999961853027,6.380000114440918,6.337971210479736,7284888
2025-10-10,6.349999904632568,6.440000057220459,6.340000152587891,6.420000076293945,6.377707481384277,7049208
2025-10-13,6.300000190734863,6.389999866485596,6.210000038146973,6.389999866485596,6.347905158996582,7137059
2025-10-14,6.449999809265137,6.53000020980835,6.429999828338623,6.449999809265137,6.407509803771973,9722989
2025-10-15,6.449999809265137,6.5,6.440000057220459,6.460000038146973,6.417443752288818,5395800
2025-10-16,6.449999809265137,6.519999980926514,6.420000076293945,6.460000038146973,6.417443752288818,6307451
2025-10-17,6.480000019073486,6.690000057220459,6.460000038146973,6.579999923706055,6.536653518676758,17256981
2025-10-20,6.599999904632568,6.860000133514404,6.550000190734863,6.659999847412109,6.61612606048584,19294230
2025-10-21,6.679999828338623,6.849999904632568,6.639999866485596,6.789999961853027,6.745269775390625,15984718
2025-10-22,6.789999961853027,6.880000114440918,6.710000038146973,6.760000228881836,6.715467929840088,12724741
2025-10-23,6.739999771118164,6.809999942779541,6.710000038146973,6.789999961853027,6.745269775390625,9750502
2025-10-24,6.769999980926514,6.809999942779541,6.699999809265137,6.730000019073486,6.685665130615234,9447002
2025-10-27,6.71999979019165,6.760000228881836,6.650000095367432,6.659999847412109,6.61612606048584,9086662
2025-10-28,6.659999847412109,6.75,6.650000095367432,6.710000038146973,6.665797233581543,6447946
2025-10-29,6.699999809265137,6.71999979019165,6.610000133514404,6.670000076293945,6.626060485839844,6529400
2025-10-30,6.610000133514404,6.670000076293945,6.559999942779541,6.579999923706055,6.536653518676758,9014832
2025-10-31,6.579999923706055,6.710000038146973,6.579999923706055,6.639999866485596,6.596258163452148,8131402
2025-11-03,6.690000057220459,6.690000057220459,6.610000133514404,6.670000076293945,6.626060485839844,9404911
2025-11-04,6.690000057220459,6.809999942779541,6.670000076293945,6.739999771118164,6.69559907913208,12178000
2025-11-05,6.690000057220459,6.78000020980835,6.670000076293945,6.760000228881836,6.715467929840088,7802666
2025-11-06,6.760000228881836,6.789999961853027,6.71999979019165,6.78000020980835,6.7353363037109375,6525301
2025-11-07,6.760000228881836,6.820000171661377,6.730000019073486,6.78000020980835,6.7353363037109375,6765696
2025-11-10,6.809999942779541,6.860000133514404,6.789999961853027,6.829999923706055,6.785006523132324,7884398
2025-11-11,6.849999904632568,6.849999904632568,6.769999980926514,6.829999923706055,6.785006523132324,6543906
2025-11-12,6.840000152587891,6.840000152587891,6.78000020980835,6.809999942779541,6.765138149261475,5143270
2025-11-13,6.800000190734863,6.900000095367432,6.78000020980835,6.869999885559082,6.824742794036865,7322036
2025-11-14,6.869999885559082,6.980000019073486,6.849999904632568,6.909999847412109,6.8644795417785645,7904410
2025-11-17,6.900000095367432,6.929999828338623,6.840000152587891,6.889999866485596,6.844611167907715,6245810
2025-11-18,6.849999904632568,6.900000095367432,6.739999771118164,6.760000228881836,6.715467929840088,6970798
2025-11-19,6.789999961853027,6.800000190734863,6.690000057220459,6.71999979019165,6.675731182098389,5649136
2025-11-20,6.730000019073486,6.78000020980835,6.679999828338623,6.760000228881836,6.715467929840088,5622535
2025-11-21,6.71999979019165,6.75,6.429999828338623,6.429999828338623,6.387641429901123,10307971
2025-11-24,6.480000019073486,6.579999923706055,6.429999828338623,6.5,6.457180500030518,7573570
2025-11-25,6.489999771118164,6.570000171661377,6.480000019073486,6.489999771118164,6.447246074676514,5650008
2025-11-26,6.5,6.599999904632568,6.460000038146973,6.510000228881836,6.4671149253845215,4730551
2025-11-27,6.550000190734863,6.639999866485596,6.519999980926514,6.599999904632568,6.556521415710449,5203932
2025-11-28,6.579999923706055,6.610000133514404,6.53000020980835,6.599999904632568,6.556521415710449,3304730
2025-12-01,6.579999923706055,6.75,6.579999923706055,6.679999828338623,6.6359944343566895,6649100
2025-12-02,6.679999828338623,6.769999980926514,6.619999885559082,6.710000038146973,6.665797233581543,5437600
2025-12-03,6.71999979019165,6.75,6.639999866485596,6.670000076293945,6.626060485839844,4505900
2025-12-04,6.670000076293945,6.690000057220459,6.5,6.510000228881836,6.4671149253845215,5469382
2025-12-05,6.539999961853027,6.639999866485596,6.480000019073486,6.619999885559082,6.576389789581299,3722452
2025-12-08,6.639999866485596,6.670000076293945,6.429999828338623,6.46999979019165,6.427377700805664,11364400
2025-12-09,6.480000019073486,6.699999809265137,6.429999828338623,6.53000020980835,6.486982822418213,9427808
2025-12-10,6.53000020980835,6.539999961853027,6.460000038146973,6.5,6.457180500030518,5553862
2025-12-11,6.489999771118164,6.579999923706055,6.420000076293945,6.5,6.457180500030518,7328410
2025-12-12,6.489999771118164,6.559999942779541,6.440000057220459,6.46999979019165,6.427377700805664,8270100
2025-12-15,6.429999828338623,6.510000228881836,6.380000114440918,6.5,6.457180500030518,5749300
2025-12-16,6.5,6.5,6.320000171661377,6.329999923706055,6.288300037384033,5931470
2025-12-17,6.300000190734863,6.349999904632568,6.190000057220459,6.269999980926514,6.228695392608643,5457872
2025-12-18,6.239999771118164,6.690000057220459,6.230000019073486,6.570000171661377,6.526719570159912,16871004
2025-12-19,6.550000190734863,6.630000114440918,6.449999809265137,6.550000190734863,6.506851196289063,11442464
2025-12-22,6.559999942779541,6.639999866485596,6.53000020980835,6.630000114440918,6.586324214935303,7411264
2025-12-23,6.599999904632568,6.820000171661377,6.579999923706055,6.730000019073486,6.685665130615234,11590902
2025-12-24,6.78000020980835,6.869999885559082,6.71999979019165,6.789999961853027,6.745269775390625,10564537
2025-12-25,6.789999961853027,6.900000095367432,6.739999771118164,6.860000133514404,6.81480884552002,11308830
2025-12-26,6.840000152587891,6.940000057220459,6.75,6.820000171661377,6.775072574615479,12070596
2025-12-29,6.820000171661377,7.239999771118164,6.820000171661377,7.039999961853027,6.99362325668335,25962217
2025-12-30,7.0,7.050000190734863,6.78000020980835,6.789999961853027,6.745269775390625,16854227
2025-12-31,6.789999961853027,7.03000020980835,6.679999828338623,6.980000019073486,6.934018611907959,14070475
2026-01-05,6.96999979019165,7.090000152587891,6.900000095367432,6.940000057220459,6.89428186416626,13389201
2026-01-06,6.940000057220459,7.110000133514404,6.920000076293945,7.0,6.95388650894165,11658498
2026-01-07,7.0,7.53000020980835,6.989999771118164,7.239999771118164,7.192305564880371,31860835
2026-01-08,7.199999809265137,7.320000171661377,7.119999885559082,7.239999771118164,7.192305564880371,16159200
2026-01-09,7.239999771118164,7.960000038146973,7.239999771118164,7.960000038146973,7.907562732696533,33600194
2026-01-12,8.0,8.0,7.590000152587891,7.730000019073486,7.679077625274658,62296106
2026-01-13,7.650000095367432,7.730000019073486,7.380000114440918,7.420000076293945,7.371119976043701,35483477
2026-01-14,7.320000171661377,7.460000038146973,7.199999809265137,7.360000133514404,7.3115153312683105,30349866
2026-01-15,7.329999923706055,7.340000152587891,7.170000076293945,7.199999809265137,7.152568817138672,14965500
2026-01-16,7.230000019073486,7.260000228881836,7.070000171661377,7.099999904632568,7.05322790145874,14208277
2026-01-19,7.090000152587891,7.21999979019165,7.059999942779541,7.199999809265137,7.152568817138672,11781382
2026-01-20,7.210000038146973,7.21999979019165,7.110000133514404,7.190000057220459,7.142634868621826,11181487
2026-01-21,7.179999828338623,7.25,7.099999904632568,7.25,7.202239513397217,12188511
2026-01-22,7.25,7.349999904632568,7.210000038146973,7.309999942779541,7.261844635009766,11462200
2026-01-23,7.329999923706055,7.329999923706055,7.239999771118164,7.260000228881836,7.212173938751221,11398656
2026-01-26,7.28000020980835,7.320000171661377,7.119999885559082,7.199999809265137,7.152568817138672,13496332
2026-01-27,7.170000076293945,7.210000038146973,7.070000171661377,7.170000076293945,7.122766971588135,9970568
2026-01-28,7.159999847412109,7.230000019073486,7.090000152587891,7.170000076293945,7.122766971588135,8413023
2026-01-29,7.139999866485596,7.28000020980835,7.130000114440918,7.139999866485596,7.092964172363281,11123292
2026-01-30,7.139999866485596,7.239999771118164,7.079999923706055,7.210000038146973,7.162503242492676,11175699
2026-02-02,7.179999828338623,7.199999809265137,6.929999828338623,6.949999809265137,6.9042158126831055,13753400
2026-02-03,7.0,7.110000133514404,6.949999809265137,7.099999904632568,7.05322790145874,7293148
2026-02-04,7.090000152587891,7.210000038146973,7.050000190734863,7.199999809265137,7.152568817138672,7618312
2026-02-05,7.179999828338623,7.300000190734863,7.159999847412109,7.210000038146973,7.162503242492676,8066700
2026-02-06,7.179999828338623,7.25,7.070000171661377,7.170000076293945,7.122766971588135,6879700
2026-02-09,7.210000038146973,7.239999771118164,7.150000095367432,7.199999809265137,7.152568817138672,6790702
2026-02-10,7.199999809265137,7.210000038146973,7.119999885559082,7.130000114440918,7.083030223846436,6459368
2026-02-11,7.119999885559082,7.239999771118164,7.110000133514404,7.159999847412109,7.112832546234131,7875592
2026-02-12,7.150000095367432,7.199999809265137,7.079999923706055,7.110000133514404,7.063162326812744,6613600
2026-02-13,7.099999904632568,7.159999847412109,7.050000190734863,7.070000171661377,7.023425579071045,6259000
2026-02-24,7.079999923706055,7.289999961853027,7.079999923706055,7.269999980926514,7.222107887268066,12820604
2026-02-25,7.269999980926514,7.349999904632568,7.25,7.289999961853027,7.241976261138916,8355901
2026-02-26,7.269999980926514,7.340000152587891,7.21999979019165,7.340000152587891,7.291646957397461,9025100
2026-02-27,7.300000190734863,7.409999847412109,7.269999980926514,7.380000114440918,7.331383228302002,8350302
2026-03-02,7.380000114440918,7.480000019073486,7.289999961853027,7.369999885559082,7.321449279785156,15085593
2026-03-03,7.300000190734863,7.440000057220459,7.159999847412109,7.179999828338623,7.1327009201049805,12618226
2026-03-04,7.150000095367432,7.349999904632568,7.119999885559082,7.230000019073486,7.182371616363525,10825019
2026-03-05,7.269999980926514,7.360000133514404,7.210000038146973,7.300000190734863,7.25191068649292,10393418
2026-03-06,7.300000190734863,7.409999847412109,7.260000228881836,7.400000095367432,7.351251602172852,11321396
2026-03-09,7.300000190734863,7.5,7.260000228881836,7.409999847412109,7.361185550689697,12961622
2026-03-10,7.429999828338623,7.5,7.329999923706055,7.480000019073486,7.430724620819092,11676600
2026-03-11,7.480000019073486,7.679999828338623,7.400000095367432,7.630000114440918,7.579736709594727,18456888
2026-03-12,7.650000095367432,7.679999828338623,7.489999771118164,7.519999980926514,7.470460891723633,12875702
2026-03-13,7.480000019073486,7.550000190734863,7.400000095367432,7.420000076293945,7.371119976043701,11682192
2026-03-16,7.389999866485596,7.46999979019165,7.239999771118164,7.289999961853027,7.241976261138916,13318385
2026-03-17,7.300000190734863,7.329999923706055,7.170000076293945,7.179999828338623,7.1327009201049805,9090283
2026-03-18,7.170000076293945,7.179999828338623,7.059999942779541,7.150000095367432,7.102898597717285,8117766
2026-03-19,7.090000152587891,7.150000095367432,6.929999828338623,6.96999979019165,6.924084186553955,7873801
2026-03-20,6.960000038146973,6.989999771118164,6.809999942779541,6.820000171661377,6.775072574615479,7150300
2026-03-23,6.690000057220459,6.760000228881836,6.429999828338623,6.46999979019165,6.427377700805664,11402979
2026-03-24,6.610000133514404,6.849999904632568,6.559999942779541,6.820000171661377,6.775072574615479,10855425
2026-03-25,6.800000190734863,7.019999980926514,6.800000190734863,6.989999771118164,6.943952083587647,7640929
2026-03-26,6.989999771118164,7.059999942779541,6.900000095367432,6.960000038146973,6.914150238037109,7203797
2026-03-27,6.960000038146973,7.46999979019165,6.929999828338623,7.320000171661377,7.271778583526611,22363885
2026-03-30,7.300000190734863,7.300000190734863,7.059999942779541,7.199999809265137,7.152568817138672,13362238
2026-03-31,7.170000076293945,7.179999828338623,7.010000228881836,7.010000228881836,6.963820934295654,7821200
2026-04-01,7.099999904632568,7.159999847412109,7.010000228881836,7.059999942779541,7.013491153717041,6562802
2026-04-02,7.070000171661377,7.139999866485596,6.989999771118164,7.03000020980835,6.983689308166504,4421247
2026-04-03,7.099999904632568,7.110000133514404,6.829999923706055,6.849999904632568,6.804874897003174,7012800
2026-04-07,6.849999904632568,7.050000190734863,6.829999923706055,7.019999980926514,6.9737548828125,6751100
2026-04-08,7.050000190734863,7.139999866485596,7.03000020980835,7.110000133514404,7.063162326812744,8084777
2026-04-09,7.059999942779541,7.21999979019165,7.03000020980835,7.090000152587891,7.043293952941895,9127200
2026-04-10,7.079999923706055,7.150000095367432,7.059999942779541,7.070000171661377,7.023425579071045,6710900
2026-04-13,7.03000020980835,7.119999885559082,7.03000020980835,7.119999885559082,7.073095798492432,4963501
2026-04-14,7.119999885559082,7.119999885559082,6.940000057220459,7.050000190734863,7.003557205200195,6829200
2026-04-15,7.039999961853027,7.260000228881836,6.989999771118164,7.199999809265137,7.152568817138672,11812738
2026-04-16,7.159999847412109,7.550000190734863,7.150000095367432,7.340000152587891,7.291646957397461,18407567
2026-04-17,7.300000190734863,7.489999771118164,7.260000228881836,7.449999809265137,7.400921821594238,13390714
2026-04-20,7.519999980926514,8.15999984741211,7.480000019073486,7.78000020980835,7.728748321533203,28665004
2026-04-21,7.75,7.820000171661377,7.599999904632568,7.699999809265137,7.649275302886963,16202701
2026-04-22,7.670000076293945,7.679999828338623,7.559999942779541,7.619999885559082,7.569802284240723,9650196
2026-04-23,7.579999923706055,7.860000133514404,7.53000020980835,7.699999809265137,7.649275302886963,14091966
2026-04-24,7.760000228881836,7.860000133514404,7.659999847412109,7.730000019073486,7.679077625274658,11352800
2026-04-27,7.400000095367432,7.800000190734863,7.28000020980835,7.739999771118164,7.689011573791504,13899426
2026-04-28,7.75,7.769999980926514,7.559999942779541,7.570000171661377,7.520132064819336,11385200
2026-04-29,7.619999885559082,7.639999866485596,7.53000020980835,7.570000171661377,7.520132064819336,8949500
2026-04-30,7.550000190734863,7.619999885559082,7.489999771118164,7.5,7.450592994689941,9653722
2026-05-06,7.519999980926514,7.570000171661377,7.239999771118164,7.320000171661377,7.271778583526611,24122168
2026-05-07,7.340000152587891,7.480000019073486,7.25,7.320000171661377,7.271778583526611,11516700
2026-05-08,7.300000190734863,7.389999866485596,7.289999961853027,7.369999885559082,7.321449279785156,8228800
2026-05-11,7.369999885559082,7.409999847412109,7.159999847412109,7.309999942779541,7.261844635009766,13512700
2026-05-12,7.309999942779541,7.420000076293945,7.210000038146973,7.25,7.202239513397217,8748700
2026-05-13,7.289999961853027,7.380000114440918,7.199999809265137,7.25,7.202239513397217,10209229
2026-05-14,7.260000228881836,7.260000228881836,7.079999923706055,7.090000152587891,7.043293952941895,7835201
2026-05-15,7.090000152587891,7.800000190734863,7.090000152587891,7.800000190734863,7.748616695404053,30613342
2026-05-18,8.020000457763672,8.050000190734863,7.650000095367432,7.929999828338623,7.87775993347168,51785456
2026-05-19,7.809999942779541,8.100000381469727,7.800000190734863,7.880000114440918,7.828089714050293,28552659
2026-05-20,7.960000038146973,8.119999885559082,7.880000114440918,8.050000190734863,7.996969699859619,29224202
2026-05-21,8.0,8.180000305175781,7.929999828338623,7.949999809265137,7.897628307342529,27010100
2026-05-22,7.900000095367432,8.029999732971191,7.659999847412109,7.829999923706055,7.778419017791748,22829700
2026-05-25,8.0,8.609999656677246,8.0,8.119999885559082,8.066508293151855,37819130
2026-05-26,8.119999885559082,8.800000190734863,8.010000228881836,8.699999809265137,8.642687797546387,52705654
2026-05-27,8.4399995803833,8.510000228881836,8.050000190734863,8.0600004196167,8.006904602050781,36973993
2026-05-28,7.880000114440918,8.319999694824219,7.849999904632568,8.029999732971191,7.9771013259887695,22978902
2026-05-29,8.010000228881836,8.029999732971191,7.519999980926514,7.570000171661377,7.520132064819336,26720694
2026-06-01,7.5,7.679999828338623,7.420000076293945,7.650000095367432,7.599604606628418,11112444
2026-06-02,7.650000095367432,7.730000019073486,7.409999847412109,7.539999961853027,7.490329265594482,15771200
2026-06-03,7.480000019073486,7.570000171661377,7.340000152587891,7.400000095367432,7.351251602172852,13445934
2026-06-04,7.389999866485596,7.429999828338623,7.239999771118164,7.420000076293945,7.371119976043701,9221100
2026-06-05,7.420000076293945,7.619999885559082,7.239999771118164,7.579999923706055,7.530065536499023,15171194
2026-06-08,7.400000095367432,7.449999809265137,7.130000114440918,7.150000095367432,7.102898597717285,14412296
2026-06-09,7.260000228881836,7.260000228881836,7.03000020980835,7.179999828338623,7.1327009201049805,6268892
2026-06-10,7.130000114440918,7.179999828338623,6.920000076293945,7.079999923706055,7.033359527587891,9396600
2026-06-11,7.03000020980835,7.079999923706055,6.829999923706055,6.880000114440918,6.834677219390869,8650700
2026-06-12,6.949999809265137,7.130000114440918,6.860000133514404,7.059999942779541,7.013491153717041,7620800
2026-06-15,7.059999942779541,7.190000057220459,7.019999980926514,7.150000095367432,7.102898597717285,6780700
2026-06-16,7.090000152587891,7.150000095367432,7.019999980926514,7.039999961853027,6.99362325668335,5840886
2026-06-17,7.0,7.159999847412109,6.929999828338623,6.960000038146973,6.914150238037109,6885826
2026-06-18,6.980000019073486,6.989999771118164,6.699999809265137,6.760000228881836,6.715467929840088,9836093
2026-06-22,6.730000019073486,7.039999961853027,6.360000133514404,7.010000228881836,6.963820934295654,16539600
2026-06-23,6.949999809265137,7.21999979019165,6.929999828338623,7.0,6.95388650894165,9958450
2026-06-24,7.0,7.110000133514404,6.800000190734863,6.889999866485596,6.844611167907715,6903630
2026-06-25,6.880000114440918,6.889999866485596,6.639999866485596,6.670000076293945,6.626060485839844,7810288
2026-06-26,6.699999809265137,6.699999809265137,6.400000095367432,6.420000076293945,6.377707481384277,7549096
2026-06-29,6.340000152587891,6.5,6.170000076293945,6.460000038146973,6.417443752288818,8835151
2026-06-30,6.449999809265137,6.539999961853027,6.320000171661377,6.5,6.457180500030518,5649891
2026-07-01,6.480000019073486,7.150000095367432,6.460000038146973,7.150000095367432,7.102898597717285,11758351
2026-07-02,7.309999942779541,7.71999979019165,7.150000095367432,7.590000152587891,7.539999961853027,27491447
2026-07-03,7.590000152587891,7.900000095367432,7.539999961853027,7.800000190734863,7.800000190734863,22859800
2026-07-06,7.75,7.860000133514404,7.510000228881836,7.599999904632568,7.599999904632568,14492600
2026-07-07,7.539999961853027,7.690000057220459,7.519999980926514,7.570000171661377,7.570000171661377,12367100
2026-07-08,7.570000171661377,7.829999923706055,7.389999866485596,7.650000095367432,7.650000095367432,16602900
2026-07-09,7.650000095367432,7.71999979019165,7.46999979019165,7.630000114440918,7.630000114440918,10788830
2026-07-10,7.559999942779541,7.670000076293945,7.389999866485596,7.449999809265137,7.449999809265137,12191228
2026-07-13,7.409999847412109,7.510000228881836,7.170000076293945,7.309999942779541,7.309999942779541,13234101
2026-07-14,7.309999942779541,7.380000114440918,7.110000133514404,7.269999980926514,7.269999980926514,9661100
2026-07-15,7.230000019073486,7.730000019073486,7.230000019073486,7.599999904632568,7.599999904632568,17916082
2026-07-16,7.46999979019165,7.619999885559082,7.329999923706055,7.550000190734863,7.550000190734863,12427675
2026-07-17,7.480000019073486,7.650000095367432,7.090000152587891,7.090000152587891,7.090000152587891,12028700
2026-07-20,7.119999885559082,7.480000019073486,6.699999809265137,6.809999942779541,6.809999942779541,16957875
2026-07-21,6.809999942779541,6.920000076293945,6.400000095367432,6.730000019073486,6.730000019073486,17142900
2026-07-22,6.739999771118164,6.829999923706055,6.639999866485596,6.670000076293945,6.670000076293945,6524400
2026-07-23,6.630000114440918,7.059999942779541,6.619999885559082,7.0,7.0,10251100
2026-07-24,6.920000076293945,7.159999847412109,6.730000019073486,7.03000020980835,7.03000020980835,14413200
2026-07-27,7.03000020980835,7.239999771118164,6.929999828338623,7.130000114440918,7.130000114440918,9459302
2026-07-28,7.03000020980835,7.28000020980835,7.0,7.039999961853027,7.039999961853027,7988800
2026-07-29,6.989999771118164,7.239999771118164,6.989999771118164,7.059999942779541,7.059999942779541,9169592
2026-07-30,7.03000020980835,7.320000171661377,7.019999980926514,7.239999771118164,7.239999771118164,14306297
2026-07-31,7.28000020980835,7.440000057220459,7.199999809265137,7.300000190734863,7.300000190734863,8416593
2026-08-03,7.28000020980835,7.550000190734863,7.28000020980835,7.5,7.5,9527700
2026-08-04,7.519999980926514,7.53000020980835,7.329999923706055,7.400000095367432,7.400000095367432,8448480
2026-08-05,7.380000114440918,7.760000228881836,7.329999923706055,7.670000076293945,7.670000076293945,14054100
2026-08-06,7.670000076293945,7.829999923706055,7.590000152587891,7.699999809265137,7.699999809265137,12274700
2026-08-07,7.690000057220459,7.690000057220459,7.480000019073486,7.619999885559082,7.619999885559082,8579800
2026-08-10,7.610000133514404,8.34000015258789,7.599999904632568,8.220000267028809,8.220000267028809,26948539
2026-08-11,8.199999809265137,8.329999923706055,7.980000019073486,8.069999694824219,8.069999694824219,18750700
2026-08-12,8.050000190734863,8.170000076293945,8.010000228881836,8.069999694824219,8.069999694824219,8923270
2026-08-13,8.010000228881836,8.1899995803833,8.010000228881836,8.039999961853027,8.039999961853027,9820906
2026-08-14,8.039999961853027,8.100000381469727,7.880000114440918,7.909999847412109,7.909999847412109,9836500
