Date,Open,High,Low,Close,Adj Close,Volume
2021-08-16,142.0,145.8800048828125,128.72000122070312,128.72000122070312,125.87848663330078,5460570
2021-08-17,130.19000244140625,137.24000549316406,126.68000030517578,130.0500030517578,127.17912292480469,4514395
2021-08-18,128.0,137.7899932861328,123.9000015258789,127.66999816894531,124.8516616821289,4535783
2021-08-19,125.68000030517578,139.0,122.5,132.6300048828125,129.70217895507812,4904981
2021-08-20,134.75,145.88999938964844,132.6300048828125,145.88999938964844,142.66944885253906,3160922
2021-08-23,155.0,159.88999938964844,149.02999877929688,150.60000610351562,147.27548217773438,5572864
2021-08-24,150.2899932861328,163.1999969482422,143.02000427246094,159.35000610351562,155.8323211669922,4567412
2021-08-25,157.0,175.2899932861328,157.0,175.2899932861328,171.42042541503906,4890481
2021-08-26,178.41000366210938,192.82000732421875,175.50999450683594,183.0,178.96023559570312,7012141
2021-08-27,181.1699981689453,201.3000030517578,181.0,201.3000030517578,196.85626220703125,4971114
2021-08-30,200.0,201.3000030517578,181.1699981689453,181.1699981689453,177.17063903808594,1956600
2021-08-31,164.7899932861328,179.7899932861328,163.05999755859375,171.5,167.71409606933594,8262192
2021-09-01,166.07000732421875,169.89999389648438,154.35000610351562,154.35000610351562,150.9427032470703,5370957
2021-09-02,150.0,168.3699951171875,147.97000122070312,165.5,161.8465576171875,8210174
2021-09-03,159.0,163.99000549316406,148.9499969482422,148.9499969482422,145.66189575195312,5519852
2021-09-06,148.0,149.1999969482422,134.05999755859375,139.85000610351562,136.76278686523438,6735250
2021-09-07,137.77000427246094,150.3000030517578,135.0800018310547,146.42999267578125,143.19752502441406,6622382
2021-09-08,143.0,149.0,141.0,145.64999389648438,142.4347381591797,3681204
2021-09-09,144.99000549316406,147.5,131.08999633789062,136.0,132.99777221679688,5675180
2021-09-10,136.0,138.3699951171875,128.10000610351562,135.1199951171875,132.13720703125,4567385
2021-09-13,136.0,146.85000610351562,136.0,140.60000610351562,137.49623107910156,5940659
2021-09-14,137.0,145.10000610351562,133.3800048828125,145.07000732421875,141.8675537109375,4723942
2021-09-15,145.07000732421875,159.5800018310547,145.07000732421875,159.5800018310547,156.0572509765625,8329464
2021-09-16,159.0,168.8000030517578,146.2100067138672,152.2899932861328,148.9281768798828,6982680
2021-09-17,152.27000427246094,154.60000610351562,137.05999755859375,137.05999755859375,134.0343780517578,5384042
2021-09-22,133.1999969482422,135.0,123.5,130.41000366210938,127.53118133544922,4908547
2021-09-23,130.41000366210938,132.99000549316406,124.01000213623047,130.24000549316406,127.36494445800781,4387160
2021-09-24,130.10000610351562,138.8699951171875,125.5,131.69000244140625,128.7829132080078,3883128
2021-09-27,132.0,133.8000030517578,122.19999694824219,125.75,122.97405242919922,3361158
2021-09-28,128.5800018310547,129.47999572753906,119.38999938964844,120.0999984741211,117.44876861572266,3335340
2021-09-29,119.0,123.11000061035156,113.0,113.80000305175781,111.287841796875,3704748
2021-09-30,118.61000061035156,125.16999816894531,115.44999694824219,124.11000061035156,121.37024688720703,3955254
2021-10-08,126.98999786376953,126.98999786376953,119.62999725341797,121.31999969482422,118.64183807373047,3068822
2021-10-11,121.55999755859375,122.69999694824219,114.30000305175781,117.16999816894531,114.58345031738281,2185209
2021-10-12,118.94000244140625,119.6500015258789,112.30000305175781,113.43000030517578,110.92601013183594,2264731
2021-10-13,114.41000366210938,124.7699966430664,112.0,124.7699966430664,122.01567840576172,2259440
2021-10-14,129.0,137.25,127.2699966430664,137.25,134.22019958496094,2072600
2021-10-15,140.5,144.99000549316406,136.00999450683594,141.82000732421875,138.68931579589844,7428204
2021-10-18,140.0,151.1999969482422,138.0,147.5,144.24391174316406,6345284
2021-10-19,149.94000244140625,150.02999877929688,143.3300018310547,145.8699951171875,142.64988708496094,4115120
2021-10-20,138.2100067138672,151.99000549316406,138.2100067138672,145.9199981689453,142.6987762451172,5525672
2021-10-21,145.66000366210938,148.4600067138672,138.9199981689453,141.9600067138672,138.8262176513672,4099003
2021-10-22,141.9600067138672,144.1699981689453,138.05999755859375,141.41000366210938,138.28836059570312,2717628
2021-10-25,141.19000244140625,147.3000030517578,141.19000244140625,143.0,139.84326171875,4677246
2021-10-26,143.0399932861328,149.5,140.1199951171875,141.5,138.37637329101562,4203179
2021-10-27,137.0,143.60000610351562,136.0,137.52999877929688,134.49398803710938,3594100
2021-10-28,137.3000030517578,140.16000366210938,128.52000427246094,129.0,126.15229797363281,4105794
2021-10-29,130.92999267578125,141.89999389648438,129.75999450683594,141.89999389648438,138.7675323486328,3687518
2021-11-01,147.39999389648438,148.63999938964844,137.02999877929688,142.3800048828125,139.23695373535156,6617421
2021-11-02,140.0,141.88999938964844,134.0800018310547,136.00999450683594,133.00755310058594,3707119
2021-11-03,135.88999938964844,136.14999389648438,122.41000366210938,122.69999694824219,119.99137115478516,5448150
2021-11-04,122.69999694824219,125.5,117.55999755859375,120.26000213623047,117.60523986816406,5531567
2021-11-05,119.13999938964844,121.01000213623047,113.87999725341797,114.0999984741211,111.58121490478516,5295769
2021-11-08,119.2699966430664,125.51000213623047,118.0199966430664,125.51000213623047,122.7393569946289,2931800
2021-11-09,132.89999389648438,136.5,123.9000015258789,125.80000305175781,123.02294921875,7426300
2021-11-10,129.8000030517578,132.38999938964844,125.1500015258789,128.64999389648438,125.81002807617188,4906435
2021-11-11,133.3699951171875,138.0,128.32000732421875,130.14999389648438,127.27690124511719,5642468
2021-11-12,130.97999572753906,143.1699981689453,130.14999389648438,143.1699981689453,140.00949096679688,6713720
2021-11-15,143.0,143.1300048828125,128.85000610351562,131.5800018310547,128.67535400390625,7762881
2021-11-16,130.27999877929688,130.8000030517578,123.30000305175781,124.0,121.26268768310547,3864151
2021-11-17,122.4000015258789,130.60000610351562,120.0,128.55999755859375,125.72200775146484,3898920
2021-11-18,128.25999450683594,131.77000427246094,124.0,129.69000244140625,126.82707977294922,2947750
2021-11-19,130.49000549316406,135.7100067138672,125.05000305175781,134.94000244140625,131.96116638183594,5655657
2021-11-22,133.3000030517578,137.8800048828125,131.5,136.0,132.99777221679688,4407669
2021-11-23,135.0,139.85000610351562,132.60000610351562,134.14999389648438,131.18861389160156,4521929
2021-11-24,132.0,134.1999969482422,126.0,128.5,125.66333770751953,3787408
2021-11-25,128.05999755859375,128.05999755859375,124.05999755859375,125.2300033569336,122.46553802490234,2298640
2021-11-26,125.22000122070312,128.25999450683594,123.19999694824219,126.9800033569336,124.1769027709961,2381876
2021-11-29,124.0,139.67999267578125,123.0,139.67999267578125,136.5965118408203,8980125
2021-11-30,144.39999389648438,151.99000549316406,142.0,148.60000610351562,145.31964111328125,10756303
2021-12-01,146.32000732421875,147.3000030517578,134.5,137.6999969482422,134.6602325439453,6545022
2021-12-02,137.94000244140625,143.44000244140625,134.72000122070312,135.00999450683594,132.02963256835938,5127978
2021-12-03,138.5,139.25999450683594,135.02000427246094,137.41000366210938,134.3766632080078,3672640
2021-12-06,137.0500030517578,140.55999755859375,134.8300018310547,135.8800048828125,132.8804168701172,3362254
2021-12-07,135.67999267578125,140.88999938964844,132.5800018310547,140.60000610351562,137.49623107910156,4262634
2021-12-08,139.10000610351562,144.2100067138672,135.8800048828125,142.10000610351562,138.96311950683594,5005321
2021-12-09,142.11000061035156,150.8000030517578,142.11000061035156,148.10000610351562,144.83065795898438,5104973
2021-12-10,145.00999450683594,162.91000366210938,145.0,162.91000366210938,159.31373596191406,5794169
2021-12-13,164.30999755859375,166.08999633789062,159.3000030517578,161.89999389648438,158.3260040283203,5266831
2021-12-14,162.24000549316406,164.50999450683594,154.22000122070312,154.85000610351562,151.43165588378906,3627582
2021-12-15,157.0,158.9199981689453,149.5,150.25999450683594,146.94297790527344,3243277
2021-12-16,149.94000244140625,162.0,149.8800048828125,158.8300018310547,155.3238067626953,4058967
2021-12-17,157.10000610351562,158.5,151.14999389648438,152.47000122070312,149.1042022705078,3634872
2021-12-20,149.0,149.0,139.0,140.5,137.39845275878906,3830574
2021-12-21,140.5,142.8800048828125,130.0,134.63999938964844,131.6678009033203,4256052
2021-12-22,139.85000610351562,141.0,135.08999633789062,136.3000030517578,133.29115295410156,2600340
2021-12-23,137.5,141.8699951171875,135.0,138.7899932861328,135.72618103027344,2372031
2021-12-24,138.00999450683594,139.77000427246094,128.0,129.4199981689453,126.56301879882812,3156055
2021-12-27,128.0,129.0,122.0,126.5,123.70750427246094,2698300
2021-12-28,132.0,134.5,128.3300018310547,133.0,130.0640106201172,2963170
2021-12-29,132.75,132.99000549316406,125.30000305175781,125.9000015258789,123.12074279785156,3078902
2021-12-30,123.9000015258789,127.5,121.62999725341797,122.0,119.30683135986328,3375238
2021-12-31,122.37999725341797,125.27999877929688,121.0999984741211,123.0,120.28475189208984,3122867
2022-01-04,122.95999908447266,122.95999908447266,110.69999694824219,110.69999694824219,108.25627899169922,5909800
2022-01-05,110.69999694824219,111.76000213623047,99.98999786376953,103.05999755859375,100.78492736816406,5687753
2022-01-06,100.51000213623047,102.70999908447266,98.5,101.01000213623047,98.78018951416016,3974349
2022-01-07,100.25,100.87000274658203,94.41000366210938,95.9800033569336,93.86122131347656,4615383
2022-01-10,95.25,96.5,92.4000015258789,93.0,90.9469985961914,3736259
2022-01-11,92.66000366210938,93.33000183105469,88.70999908447266,89.86000061035156,87.87632751464844,5032683
2022-01-12,91.5999984741211,92.43000030517578,89.11000061035156,91.30000305175781,89.28453826904297,3255874
2022-01-13,91.30000305175781,91.30000305175781,84.95999908447266,85.45999908447266,83.57345581054688,5072103
2022-01-14,85.19000244140625,90.30000305175781,84.52999877929688,87.16000366210938,85.23593139648438,5538580
2022-01-17,87.66000366210938,87.66000366210938,83.23999786376953,84.23999786376953,82.38037872314453,6444957
2022-01-18,84.27999877929688,84.66999816894531,81.18000030517578,82.62000274658203,80.79615783691406,4364884
2022-01-19,81.80000305175781,82.48999786376953,78.86000061035156,80.16000366210938,78.39045715332031,4476507
2022-01-20,79.7699966430664,80.16000366210938,75.5999984741211,75.95999908447266,74.28316497802734,4682437
2022-01-21,76.5,77.55999755859375,74.25,74.45999908447266,72.8162841796875,3895168
2022-01-24,74.72000122070312,81.91000366210938,74.02999877929688,81.91000366210938,80.1018295288086,4918194
2022-01-25,83.66000366210938,86.3499984741211,79.30000305175781,80.0,78.23397827148438,9866478
2022-01-26,81.66999816894531,83.58000183105469,78.41000366210938,79.9800033569336,78.21443176269531,5915626
2022-01-27,80.4000015258789,82.2300033569336,77.7300033569336,78.16999816894531,76.44438934326172,4479909
2022-01-28,78.69000244140625,79.19999694824219,73.11000061035156,75.0,73.34435272216797,4652421
2022-02-07,76.69999694824219,77.0999984741211,74.6500015258789,75.25,73.5888442993164,2810519
2022-02-08,74.98999786376953,74.98999786376953,70.80000305175781,73.69999694824219,72.07305908203125,3930723
2022-02-09,73.20999908447266,75.0,70.69999694824219,74.5,72.85540008544922,4246771
2022-02-10,74.26000213623047,74.26000213623047,71.02999877929688,72.33999633789062,70.74307250976562,3465777
2022-02-11,71.80999755859375,73.47000122070312,69.12000274658203,70.33000183105469,68.77745819091797,3608588
2022-02-14,68.5,72.18000030517578,67.5,70.69999694824219,69.13927459716797,3310448
2022-02-15,71.0999984741211,75.19999694824219,69.8499984741211,74.0,72.3664321899414,6018966
2022-02-16,75.19999694824219,75.51000213623047,72.5,74.61000061035156,72.96297454833984,4960668
2022-02-17,74.38999938964844,82.06999969482422,73.76000213623047,78.0,76.27812957763672,11424940
2022-02-18,77.0,77.0,73.45999908447266,75.75,74.07779693603516,7027649
2022-02-21,74.51000213623047,75.98999786376953,73.66000366210938,74.25,72.61091613769531,4170399
2022-02-22,73.5,76.5,72.44999694824219,74.4000015258789,72.75761413574219,6252588
2022-02-23,74.33999633789062,80.13999938964844,74.0,79.08000183105469,77.33430480957031,7715826
2022-02-24,78.38999938964844,82.98999786376953,77.5,80.93000030517578,79.1434555053711,10819299
2022-02-25,82.83000183105469,83.55999755859375,79.33000183105469,80.51000213623047,78.73272705078125,8060697
2022-02-28,80.0,83.9000015258789,79.0,82.9000015258789,81.0699691772461,6016717
2022-03-01,85.0,86.30000305175781,80.52999877929688,82.0199966430664,80.20938873291016,7435372
2022-03-02,80.98999786376953,83.19999694824219,78.0999984741211,81.16999816894531,79.37815856933594,5718932
2022-03-03,81.16000366210938,81.4800033569336,77.7699966430664,77.9000015258789,76.18034362792969,4721264
2022-03-04,76.5,81.5,76.08999633789062,78.94000244140625,77.1973876953125,4258239
2022-03-07,78.5,80.0,76.5,76.87000274658203,75.17308807373047,3300766
2022-03-08,77.23999786376953,79.5,76.19999694824219,77.0199966430664,75.31977081298828,4777560
2022-03-09,78.0,84.72000122070312,76.22000122070312,82.75,80.92327880859375,8773330
2022-03-10,85.22000122070312,86.68000030517578,82.75,84.62000274658203,82.75200653076172,10753641
2022-03-11,82.41999816894531,82.5999984741211,78.68000030517578,81.30999755859375,79.51506805419922,6755027
2022-03-14,80.0,81.12000274658203,78.02999877929688,78.9000015258789,77.15827178955078,3580562
2022-03-15,77.0,78.0,71.01000213623047,71.01000213623047,69.44244384765625,7894302
2022-03-16,71.0,72.30000305175781,64.22000122070312,68.83999633789062,67.32034301757812,8684784
2022-03-17,69.0,73.45999908447266,69.0,71.62000274658203,70.03897857666016,8367336
2022-03-18,70.87000274658203,71.5,67.6500015258789,68.62000274658203,67.1052017211914,5749598
2022-03-21,68.9000015258789,74.48999786376953,68.80000305175781,72.23999786376953,70.6452865600586,7750525
2022-03-22,72.68000030517578,73.0,69.69000244140625,69.9800033569336,68.4351806640625,4708512
2022-03-23,70.80000305175781,72.5,69.69999694824219,70.16000366210938,68.61121368408203,4904398
2022-03-24,69.19999694824219,70.63999938964844,67.1500015258789,69.4000015258789,67.86798858642578,5077652
2022-03-25,69.0,69.97000122070312,66.06999969482422,66.36000061035156,64.89508819580078,4487300
2022-03-28,64.62999725341797,66.5999984741211,64.5,65.80000305175781,64.34745025634766,2735049
2022-03-29,65.0,66.80000305175781,63.599998474121094,64.11000061035156,62.694759368896484,3581217
2022-03-30,64.94000244140625,66.5999984741211,63.810001373291016,66.44000244140625,64.97332763671875,4456219
2022-03-31,65.95999908447266,65.95999908447266,63.880001068115234,64.04000091552734,62.62630844116211,3705079
2022-04-01,63.95000076293945,64.87999725341797,62.70000076293945,63.9900016784668,62.57741165161133,2582477
2022-04-06,62.9900016784668,63.5,61.209999084472656,62.20000076293945,60.826927185058594,3044922
2022-04-07,61.900001525878906,62.459999084472656,60.29999923706055,60.5099983215332,59.174232482910156,2704284
2022-04-08,60.04999923706055,60.900001525878906,58.310001373291016,58.900001525878906,57.59977340698242,3334500
2022-04-11,58.79999923706055,58.79999923706055,54.880001068115234,55.20000076293945,53.981449127197266,3848821
2022-04-12,54.959999084472656,56.54999923706055,54.790000915527344,56.40999984741211,55.16474151611328,3361600
2022-04-13,55.79999923706055,57.20000076293945,55.56999969482422,55.70000076293945,54.47041320800781,2339800
2022-04-14,56.810001373291016,56.810001373291016,54.20000076293945,54.70000076293945,53.49249267578125,2672700
2022-04-15,54.150001525878906,55.060001373291016,52.599998474121094,54.70000076293945,53.49249267578125,3033400
2022-04-18,53.9900016784668,56.810001373291016,53.20000076293945,56.38999938964844,55.145179748535156,3005700
2022-04-19,56.45000076293945,58.599998474121094,55.58000183105469,56.38999938964844,55.145179748535156,3138842
2022-04-20,55.29999923706055,56.369998931884766,53.810001373291016,53.869998931884766,52.68081283569336,2210800
2022-04-21,53.939998626708984,54.400001525878906,50.7400016784668,50.880001068115234,49.75682067871094,2783154
2022-04-22,50.84000015258789,51.29999923706055,49.79999923706055,49.849998474121094,48.74954605102539,2030100
2022-04-25,49.0,49.0,44.869998931884766,44.869998931884766,43.879486083984375,3066521
2022-04-26,44.18000030517578,45.0,41.91999816894531,42.0,41.07284164428711,3289585
2022-04-27,41.97999954223633,46.20000076293945,41.0,46.20000076293945,45.18012619018555,4329044
2022-04-28,47.119998931884766,48.5099983215332,45.86000061035156,46.470001220703125,45.44416809082031,5682752
2022-04-29,46.439998626708984,48.08000183105469,45.0099983215332,48.029998779296875,46.969730377197266,4999608
2022-05-05,47.5,49.529998779296875,47.04999923706055,48.70000076293945,47.624942779541016,3813208
2022-05-06,47.47999954223633,49.599998474121094,47.119998931884766,48.29999923706055,47.233768463134766,3166384
2022-05-09,48.79999923706055,50.0,47.72999954223633,49.2599983215332,48.17258071899414,2717376
2022-05-10,48.56999969482422,52.220001220703125,48.029998779296875,51.18000030517578,50.050193786621094,3780461
2022-05-11,51.38999938964844,54.099998474121094,51.18000030517578,52.2599983215332,51.10634994506836,4899050
2022-05-12,52.2599983215332,53.9900016784668,51.439998626708984,52.59000015258789,51.4290657043457,3324950
2022-05-13,52.59000015258789,53.5,51.630001068115234,52.209999084472656,51.05744934082031,2301331
2022-05-16,52.369998931884766,53.900001525878906,51.70000076293945,52.029998779296875,50.881431579589844,2409300
2022-05-17,52.11000061035156,53.93000030517578,51.619998931884766,53.70000076293945,52.514564514160156,3200450
2022-05-18,53.529998779296875,55.349998474121094,53.15999984741211,54.720001220703125,53.512046813964844,3288207
2022-05-19,53.900001525878906,60.099998474121094,53.70000076293945,57.029998779296875,55.77104949951172,6938484
2022-05-20,57.58000183105469,60.43000030517578,57.0,60.08000183105469,58.753726959228516,8760550
2022-05-23,60.40999984741211,61.7599983215332,58.20000076293945,59.75,58.43101119995117,5300506
2022-05-24,59.75,60.4900016784668,55.91999816894531,56.15999984741211,54.920257568359375,5647981
2022-05-25,55.9900016784668,57.25,55.560001373291016,57.209999084472656,55.94707489013672,3845826
2022-05-26,56.5,57.279998779296875,54.959999084472656,56.2599983215332,55.01804733276367,3302675
2022-05-27,56.279998779296875,57.0,54.20000076293945,54.79999923706055,53.59028244018555,3502592
2022-05-30,55.880001068115234,55.880001068115234,53.529998779296875,54.61000061035156,53.404476165771484,2674973
2022-05-31,55.310001373291016,56.84000015258789,53.61000061035156,56.5,55.25275421142578,4560124
2022-06-01,56.16999816894531,56.75,55.47999954223633,56.220001220703125,54.97893524169922,3508340
2022-06-02,56.220001220703125,58.779998779296875,55.790000915527344,58.29999923706055,57.01301956176758,5140900
2022-06-06,58.40999984741211,64.12999725341797,58.349998474121094,64.12999725341797,62.714317321777344,5736200
2022-06-07,69.2699966430664,70.54000091552734,66.87999725341797,70.54000091552734,68.98281860351562,16744755
2022-06-08,71.80000305175781,77.58999633789062,71.80000305175781,76.0,74.32229614257812,18730828
2022-06-09,72.0,76.0,71.19999694824219,72.55000305175781,70.94845581054688,11228764
2022-06-10,72.38999938964844,75.9000015258789,71.16000366210938,75.9000015258789,74.3885498046875,9776950
2022-06-13,75.0,83.25,74.06999969482422,79.23999786376953,77.66203308105469,11696222
2022-06-14,77.5999984741211,81.0,74.69999694824219,78.08000183105469,76.52513885498047,9313335
2022-06-15,77.9000015258789,77.95999908447266,73.11000061035156,73.12000274658203,71.6639175415039,8883734
2022-06-16,72.04000091552734,78.0,72.04000091552734,76.55000305175781,75.02560424804688,9506430
2022-06-17,75.33999633789062,84.20999908447266,75.22000122070312,84.20999908447266,82.53306579589844,11023896
2022-06-20,89.36000061035156,89.36000061035156,82.20999908447266,82.5999984741211,80.95512390136719,14560743
2022-06-21,82.5999984741211,85.87000274658203,80.41000366210938,84.9000015258789,83.2093276977539,10668279
2022-06-22,83.5,89.1500015258789,82.4000015258789,85.98999786376953,84.2776107788086,10559684
2022-06-23,85.27999877929688,89.08000183105469,84.80999755859375,89.08000183105469,87.30609130859375,9790914
2022-06-24,94.0,97.98999786376953,94.0,97.98999786376953,96.03864288330078,3128335
2022-06-27,107.79000091552734,107.79000091552734,100.0,102.31999969482422,100.28243255615234,15824752
2022-06-28,104.0999984741211,107.0,96.87999725341797,100.19999694824219,98.20463562011719,13678092
2022-06-29,98.5,99.45999908447266,90.18000030517578,90.18000030517578,88.3841781616211,10987706
2022-06-30,86.25,94.54000091552734,85.80000305175781,91.02999877929688,89.21725463867188,10554320
2022-07-01,90.0,91.5999984741211,85.80000305175781,86.98999786376953,85.25770568847656,7719420
2022-07-04,85.79000091552734,92.19000244140625,84.27999877929688,91.4800033569336,89.65829467773438,8312408
2022-07-05,91.5,93.2300033569336,88.02999877929688,93.2300033569336,91.37345123291016,7507220
2022-07-06,93.2300033569336,96.87999725341797,91.80000305175781,94.66000366210938,92.77497100830078,8751150
2022-07-07,93.0,94.1500015258789,89.37999725341797,92.5999984741211,90.75598907470703,7042348
2022-07-08,92.9000015258789,97.68000030517578,92.19999694824219,92.4800033569336,90.63838195800781,7046548
2022-07-11,90.8499984741211,93.8499984741211,88.8499984741211,93.41999816894531,91.55966186523438,5361951
2022-07-12,92.26000213623047,95.5,90.4800033569336,90.4800033569336,88.67820739746094,4630290
2022-07-13,88.9000015258789,89.08000183105469,83.5,84.5999984741211,82.91529846191406,8282391
2022-07-14,84.66999816894531,93.05999755859375,84.66999816894531,93.05999755859375,91.20683288574219,10963461
2022-07-15,92.30000305175781,94.94999694824219,91.05000305175781,91.25,89.432861328125,6758263
2022-07-18,90.55999755859375,91.0,85.12999725341797,88.33000183105469,86.57102966308594,6706837
2022-07-19,88.08000183105469,92.19000244140625,86.08000183105469,87.58000183105469,85.8359603881836,7890775
2022-07-20,87.63999938964844,87.97000122070312,85.4000015258789,86.88999938964844,85.15969848632812,3948605
2022-07-21,86.20999908447266,95.58000183105469,85.55999755859375,95.58000183105469,93.6766586303711,11278878
2022-07-22,93.98999786376953,97.9800033569336,90.5999984741211,92.80000305175781,90.95201110839844,10943580
2022-07-25,92.80000305175781,94.5999984741211,88.58000183105469,89.80000305175781,88.01174926757812,5451763
2022-07-26,90.0,96.69999694824219,87.0,95.3499984741211,93.45122528076172,8282978
2022-07-27,94.80000305175781,104.0,94.48999786376953,99.98999786376953,97.99882507324219,11451925
2022-07-28,101.1500015258789,109.98999786376953,101.0,109.98999786376953,107.79969787597656,16028440
2022-07-29,110.0,119.76000213623047,109.01000213623047,115.19999694824219,112.90593719482422,13727881
2022-08-01,117.05000305175781,126.72000122070312,112.13999938964844,126.72000122070312,124.19654083251953,10854200
2022-08-02,122.88999938964844,126.56999969482422,117.9000015258789,120.38999938964844,117.99258422851562,8126442
2022-08-03,121.0,127.88999938964844,110.47000122070312,114.37999725341797,112.10226440429688,12054118
2022-08-04,113.33000183105469,114.5,108.01000213623047,112.33999633789062,110.10289001464844,8326358
2022-08-05,111.25,113.55000305175781,106.98999786376953,108.97000122070312,106.80000305175781,5981560
2022-08-08,109.0,119.87000274658203,105.05000305175781,119.87000274658203,117.48294830322266,8680590
2022-08-09,122.0,129.5,115.16000366210938,117.0,114.67009735107422,12579299
2022-08-10,118.12000274658203,124.4800033569336,112.87999725341797,119.80000305175781,117.41433715820312,9755807
2022-08-11,119.9800033569336,126.30000305175781,116.51000213623047,121.0,118.59043884277344,8264308
2022-08-12,121.5,122.05999755859375,112.5199966430664,112.94999694824219,110.70074462890625,7360662
2022-08-15,112.4000015258789,122.88999938964844,111.0,121.80000305175781,119.37450408935547,9054825
2022-08-16,123.16000366210938,133.97999572753906,123.16000366210938,133.97999572753906,131.31195068359375,11063446
2022-08-17,137.99000549316406,147.3800048828125,134.0500030517578,136.52999877929688,133.81117248535156,18581032
2022-08-18,138.5,150.17999267578125,135.0,146.10000610351562,143.1905975341797,14158120
2022-08-19,143.08999633789062,144.25999450683594,135.0,138.5,135.74195861816406,9959961
2022-08-22,138.6999969482422,145.0,130.66000366210938,142.89999389648438,140.05430603027344,8552333
2022-08-23,141.0,150.0,140.10000610351562,143.99000549316406,141.1226348876953,8272227
2022-08-24,143.8000030517578,146.0,132.0,133.60000610351562,130.9395294189453,8227946
2022-08-25,134.0,135.0,125.68000030517578,132.8000030517578,130.15545654296875,6970653
2022-08-26,132.85000610351562,133.89999389648438,119.5199966430664,119.5199966430664,117.13990783691406,10234000
2022-08-29,116.0,127.98999786376953,115.01000213623047,125.4800033569336,122.98123168945312,7604440
2022-08-30,126.5,126.80000305175781,120.0,120.5,118.10040283203125,5744500
2022-08-31,119.5199966430664,123.5,110.01000213623047,110.7699966430664,108.56415557861328,6866162
2022-09-01,111.18000030517578,115.98999786376953,107.01000213623047,113.94000244140625,111.6710433959961,5894646
2022-09-02,113.98999786376953,116.66000366210938,109.05999755859375,113.91000366210938,111.64163208007812,5014712
2022-09-05,116.1500015258789,121.72000122070312,112.01000213623047,115.25,112.95494842529297,6464650
2022-09-06,114.0,125.69999694824219,110.88999938964844,123.58999633789062,121.12885284423828,8501264
2022-09-07,121.0,128.0,120.0,123.7300033569336,121.26608276367188,7184587
2022-09-08,122.9000015258789,125.8499984741211,117.0,118.62000274658203,116.2578353881836,5965597
2022-09-09,118.16000366210938,118.16000366210938,111.1500015258789,113.4000015258789,111.14177703857422,6881606
2022-09-13,113.41999816894531,114.01000213623047,110.08000183105469,114.01000213623047,111.73963928222656,4505501
2022-09-14,111.69999694824219,116.48999786376953,110.5,112.5,110.25971221923828,4089915
2022-09-15,112.02999877929688,112.5,101.25,101.25,99.2337417602539,4300425
2022-09-16,96.51000213623047,102.91999816894531,94.19999694824219,98.0,96.0484619140625,7694128
2022-09-19,97.76000213623047,101.98999786376953,96.0,98.0,96.0484619140625,3880505
2022-09-20,99.55000305175781,103.62000274658203,98.55000305175781,100.3499984741211,98.35165405273438,5416766
2022-09-21,100.01000213623047,101.9000015258789,96.36000061035156,98.58000183105469,96.61691284179688,4690109
2022-09-22,97.38999938964844,102.87999725341797,95.19999694824219,100.72000122070312,98.71427917480469,5764221
2022-09-23,99.9800033569336,102.58999633789062,96.4000015258789,97.5,95.55841827392578,4216802
2022-09-26,96.70999908447266,103.80000305175781,96.0,101.16000366210938,99.1455307006836,5754531
2022-09-27,101.0,104.58000183105469,99.5,102.70999908447266,100.66465759277344,4823747
2022-09-28,102.6500015258789,105.0,92.44000244140625,92.47000122070312,90.62857818603516,7706621
2022-09-29,92.83000183105469,94.5,86.80000305175781,93.20999908447266,91.35383605957031,6027634
2022-09-30,91.66999816894531,93.20999908447266,88.87000274658203,88.87999725341797,87.11006927490234,3447763
2022-10-10,88.63999938964844,90.87999725341797,85.1500015258789,86.05000305175781,84.33643341064453,3485823
2022-10-11,86.9000015258789,88.58999633789062,85.12999725341797,86.58000183105469,84.85587310791016,3973725
2022-10-12,86.08000183105469,91.86000061035156,83.0,91.86000061035156,90.03072357177734,5887702
2022-10-13,90.01000213623047,93.70999908447266,87.5999984741211,89.0,87.22767639160156,6326160
2022-10-14,90.4000015258789,94.75,87.22000122070312,92.86000061035156,91.01081848144531,7400501
2022-10-17,91.01000213623047,92.44000244140625,87.38999938964844,89.16000366210938,87.3844985961914,6017925
2022-10-18,89.5,91.5,88.0999984741211,89.18000030517578,87.40409851074219,4602896
2022-10-19,88.66000366210938,90.55000305175781,87.18000030517578,87.30000305175781,85.56153869628906,3946609
2022-10-20,86.5,88.19999694824219,83.41999816894531,85.87999725341797,84.16980743408203,4843952
2022-10-21,85.9000015258789,88.83000183105469,85.30000305175781,86.41000366210938,84.68925476074219,3913305
2022-10-24,86.4000015258789,87.61000061035156,84.16999816894531,84.5999984741211,82.91529846191406,3416153
2022-10-25,84.0,93.05999755859375,81.66000366210938,93.05999755859375,91.20683288574219,8724812
2022-10-26,94.9000015258789,96.94000244140625,91.5199966430664,96.0,94.08828735351562,10734175
2022-10-27,98.0,104.0,98.0,100.72000122070312,98.71427917480469,10898952
2022-10-28,97.0,100.5,93.0,93.83999633789062,91.97129821777344,7200199
2022-10-31,92.88999938964844,94.5,90.0,91.30999755859375,89.49168395996094,4696651
2022-11-01,92.19999694824219,100.44000244140625,92.19999694824219,100.4000015258789,98.4006576538086,9380778
2022-11-02,99.5,102.19999694824219,98.4000015258789,100.0,98.00862884521484,7800664
2022-11-03,99.0,106.30999755859375,98.0,102.47000122070312,100.429443359375,8177049
2022-11-04,102.41000366210938,109.33000183105469,100.87999725341797,105.19999694824219,103.10507202148438,7378787
2022-11-07,104.0,109.0,103.87999725341797,104.5199966430664,102.43861389160156,6316663
2022-11-08,104.01000213623047,106.0,101.83000183105469,103.95999908447266,101.88976287841797,4079339
2022-11-09,104.19999694824219,107.5,102.63999938964844,106.44999694824219,104.3301773071289,4570876
2022-11-10,105.9000015258789,108.0,100.0,100.5999984741211,98.5966796875,5869524
2022-11-11,103.69999694824219,104.9800033569336,98.22000122070312,99.81999969482422,97.83221435546875,4532665
2022-11-14,97.69999694824219,99.5,95.80999755859375,97.30999755859375,95.37220001220703,3539796
2022-11-15,97.69999694824219,100.98999786376953,97.30999755859375,100.6500015258789,98.64568328857422,4079509
2022-11-16,103.0,105.0999984741211,99.41999816894531,99.98999786376953,97.99882507324219,5255413
2022-11-17,100.18000030517578,104.0,98.61000061035156,101.94999694824219,99.91978454589844,4426888
2022-11-18,101.5999984741211,112.1500015258789,100.11000061035156,110.56999969482422,108.36813354492188,13369062
2022-11-21,110.55999755859375,113.31999969482422,106.41999816894531,109.0199966430664,106.84900665283203,10934449
2022-11-22,109.5199966430664,109.97000122070312,99.5,100.48999786376953,98.48887634277344,8756509
2022-11-23,99.0999984741211,102.9800033569336,96.77999877929688,101.66000366210938,99.63558197021484,6582616
2022-11-24,100.68000030517578,101.55999755859375,98.80000305175781,98.80000305175781,96.83252716064453,4408837
2022-11-25,97.44999694824219,97.56999969482422,92.6500015258789,93.0,91.14801788330078,5415972
2022-11-28,91.0,94.26000213623047,89.19999694824219,94.0,92.12811279296875,2825132
2022-11-29,93.98999786376953,95.30000305175781,93.05000305175781,94.30999755859375,92.43193817138672,2855935
2022-11-30,95.87999725341797,97.73999786376953,93.37999725341797,94.76000213623047,92.87298583984375,3865972
2022-12-01,95.0999984741211,96.66000366210938,93.61000061035156,95.08000183105469,93.18660736083984,3505980
2022-12-02,94.01000213623047,98.3499984741211,94.01000213623047,95.51000213623047,93.60804748535156,3954863
2022-12-05,95.41999816894531,95.47000122070312,90.19000244140625,91.41999816894531,89.5994873046875,4968383
2022-12-06,90.70999908447266,92.06999969482422,88.30000305175781,91.1500015258789,89.33486938476562,3283539
2022-12-07,90.4000015258789,91.9800033569336,89.27999877929688,89.81999969482422,88.03135681152344,2974639
2022-12-08,89.5,92.69999694824219,88.47000122070312,90.44000244140625,88.63900756835938,3455203
2022-12-09,89.5,90.30000305175781,87.94999694824219,88.0999984741211,86.34559631347656,4362678
2022-12-12,88.0999984741211,88.54000091552734,85.25,87.80000305175781,86.05158233642578,2756870
2022-12-13,87.79000091552734,88.27999877929688,84.0,84.48999786376953,82.80748748779297,4100213
2022-12-14,83.9000015258789,85.37000274658203,83.19999694824219,85.08000183105469,83.3857421875,2292710
2022-12-15,84.87999725341797,87.20999908447266,84.0,86.44999694824219,84.72846221923828,2483393
2022-12-16,86.69000244140625,87.48999786376953,84.3499984741211,84.75,83.06230926513672,2648285
2022-12-19,83.87999725341797,86.0,82.61000061035156,83.05000305175781,81.39616394042969,1982732
2022-12-20,83.87999725341797,83.93000030517578,81.3499984741211,81.68000030517578,80.05345153808594,2770285
2022-12-21,81.27999877929688,81.9800033569336,77.16999816894531,78.69999694824219,77.13278198242188,3906059
2022-12-22,79.12999725341797,79.36000061035156,75.30000305175781,75.30000305175781,73.80049896240234,3755215
2022-12-23,74.44999694824219,75.5,71.56999969482422,74.05999755859375,72.5851821899414,3985308
2022-12-26,73.9000015258789,81.47000122070312,73.27999877929688,81.47000122070312,79.84762573242188,6710481
2022-12-27,81.45999908447266,84.98999786376953,80.1500015258789,84.25,82.572265625,6574755
2022-12-28,84.0,85.55000305175781,82.94999694824219,83.44000244140625,81.77839660644531,4484106
2022-12-29,83.22000122070312,84.58000183105469,82.55000305175781,82.55000305175781,80.90612030029297,2786087
2022-12-30,83.44000244140625,84.9800033569336,82.20999908447266,83.23999786376953,81.58238220214844,2586829
2023-01-03,83.05000305175781,85.9800033569336,81.70999908447266,85.25,83.55236053466797,3611515
2023-01-04,85.66999816894531,85.8499984741211,82.75,83.58000183105469,81.91561126708984,2717689
2023-01-05,83.48999786376953,87.6500015258789,83.47000122070312,84.87000274658203,83.17992401123047,4199014
2023-01-06,85.55000305175781,90.68000030517578,84.27999877929688,87.69999694824219,85.95355987548828,7596801
2023-01-09,88.5199966430664,89.37999725341797,86.01000213623047,87.02999877929688,85.2968978881836,5215855
2023-01-10,87.02999877929688,88.80000305175781,86.69999694824219,87.26000213623047,85.52233123779297,3046190
2023-01-11,86.95999908447266,89.30000305175781,85.70999908447266,86.44000244140625,84.71865844726562,3703652
2023-01-12,86.80999755859375,87.4000015258789,84.70999908447266,85.06999969482422,83.37594604492188,3284491
2023-01-13,86.0,86.0,84.51000213623047,85.55000305175781,83.84638214111328,2299699
2023-01-16,85.87000274658203,89.0,84.66000366210938,87.5,85.7575454711914,3533475
2023-01-17,88.0,88.68000030517578,86.05000305175781,87.83000183105469,86.08097839355469,2488799
2023-01-18,88.38999938964844,91.41000366210938,87.5,89.1500015258789,87.37469482421875,4797643
2023-01-19,88.5,89.5,86.5,86.52999877929688,84.80686950683594,3028231
2023-01-20,86.54000091552734,88.48999786376953,86.54000091552734,87.97000122070312,86.21820068359375,2426889
2023-01-30,88.20999908447266,92.9800033569336,88.20999908447266,90.5,88.69780731201172,4751638
2023-01-31,90.31999969482422,94.2300033569336,89.80000305175781,92.81999969482422,90.97161102294922,6160891
2023-02-01,93.0,93.4800033569336,90.0199966430664,92.2300033569336,90.39335632324219,5097109
2023-02-02,92.08000183105469,92.08000183105469,90.27999877929688,90.52999877929688,88.72721099853516,2919373
2023-02-03,90.44000244140625,90.44000244140625,87.0199966430664,88.48999786376953,86.72783660888672,4228500
2023-02-06,87.95999908447266,89.20999908447266,87.69999694824219,88.87999725341797,87.11006927490234,1966172
2023-02-07,88.5,89.4000015258789,85.54000091552734,86.30000305175781,84.58145141601562,3863073
2023-02-08,86.25,87.58000183105469,84.9800033569336,85.27999877929688,83.58175659179688,2795476
2023-02-09,85.0,89.68000030517578,83.58000183105469,87.36000061035156,85.62034606933594,5565123
2023-02-10,87.38999938964844,87.44999694824219,84.94000244140625,85.0199966430664,83.3269271850586,2939717
2023-02-13,85.0,87.29000091552734,84.86000061035156,85.91999816894531,84.20901489257812,2735677
2023-02-14,85.80999755859375,86.80000305175781,84.5999984741211,85.11000061035156,83.41514587402344,2309790
2023-02-15,85.0,86.6500015258789,84.6500015258789,84.70999908447266,83.02310180664062,2212056
2023-02-16,84.7300033569336,85.12000274658203,80.97000122070312,81.76000213623047,80.1318588256836,3641099
2023-02-17,81.7699966430664,82.19999694824219,80.44000244140625,80.44000244140625,78.83814239501953,1913295
2023-02-20,80.44999694824219,81.0,78.38999938964844,81.0,79.3869857788086,1870751
2023-02-21,81.66999816894531,82.37999725341797,80.1500015258789,81.37999725341797,79.7594223022461,1908239
2023-02-22,81.38999938964844,83.79000091552734,81.0,81.20999908447266,79.59280395507812,2501945
2023-02-23,81.01000213623047,82.80000305175781,80.0,82.2699966430664,80.63169860839844,2582271
2023-02-24,82.30999755859375,82.5999984741211,80.58000183105469,80.63999938964844,79.0341567993164,1584400
2023-02-27,80.19999694824219,82.0999984741211,79.5999984741211,80.18000030517578,78.58332061767578,1865385
2023-02-28,80.18000030517578,80.80000305175781,79.0999984741211,80.36000061035156,78.75973510742188,1529739
2023-03-01,79.9800033569336,80.77999877929688,79.0999984741211,79.44999694824219,77.86785125732422,1637286
2023-03-02,80.0,80.0,77.30999755859375,77.38999938964844,75.848876953125,2272954
2023-03-03,77.30000305175781,78.26000213623047,76.88999938964844,77.7699966430664,76.22129821777344,1423460
2023-03-06,77.79000091552734,79.0999984741211,76.0,78.68000030517578,77.11318969726562,3276656
2023-03-07,78.55999755859375,78.55999755859375,77.31999969482422,77.36000061035156,75.81947326660156,1465892
2023-03-08,77.5,78.4000015258789,76.19999694824219,76.69999694824219,75.172607421875,1626571
2023-03-09,76.80000305175781,77.38999938964844,76.11000061035156,76.4000015258789,74.87860107421875,1332200
2023-03-10,76.0999984741211,76.5,75.0,75.30000305175781,73.80049896240234,1450672
2023-03-13,74.48999786376953,75.5999984741211,73.80000305175781,74.43000030517578,72.94782257080078,1490900
2023-03-14,74.72000122070312,74.72000122070312,71.83999633789062,73.55000305175781,72.08534240722656,2024416
2023-03-15,74.0999984741211,76.4800033569336,73.27999877929688,73.6500015258789,72.18335723876953,2562912
2023-03-16,73.2300033569336,73.2300033569336,70.55999755859375,70.83000183105469,69.41950988769531,2460135
2023-03-17,71.48999786376953,71.79000091552734,70.0,70.43000030517578,69.02747344970703,1776772
2023-03-20,70.8499984741211,72.0,68.41000366210938,71.19000244140625,69.77234649658203,2973278
2023-03-21,71.20999908447266,71.80000305175781,70.22000122070312,71.3499984741211,69.92916107177734,2013127
2023-03-22,71.9000015258789,72.4000015258789,70.5999984741211,70.83999633789062,69.42930603027344,2079805
2023-03-23,70.8499984741211,71.0,69.5,69.76000213623047,68.37081909179688,2123953
2023-03-24,69.77999877929688,70.87999725341797,68.91000366210938,70.33999633789062,68.93926239013672,2232811
2023-03-27,70.0199966430664,72.31999969482422,69.69999694824219,72.0,70.56620788574219,3590204
2023-03-28,71.8499984741211,72.30999755859375,69.80000305175781,69.87000274658203,68.4786376953125,2950385
2023-03-29,70.02999877929688,71.16000366210938,69.33000183105469,70.05999755859375,68.66483306884766,1959828
2023-03-30,70.0,71.44000244140625,69.01000213623047,70.75,69.34110260009766,2364696
2023-03-31,70.75,72.22000122070312,70.5999984741211,70.98999786376953,69.5763168334961,2560004
2023-04-03,70.7300033569336,72.80000305175781,70.51000213623047,72.41999816894531,70.97785186767578,3251725
2023-04-04,72.2699966430664,72.48999786376953,70.0,70.5,69.09608459472656,2703503
2023-04-06,70.5,71.36000061035156,69.8499984741211,71.0999984741211,69.68413543701172,1912082
2023-04-07,70.94999694824219,72.36000061035156,70.7300033569336,71.4000015258789,69.97816467285156,2074660
2023-04-10,71.86000061035156,72.36000061035156,70.77999877929688,71.61000061035156,70.18397521972656,2034087
2023-04-11,71.44999694824219,71.5999984741211,67.5999984741211,68.80000305175781,67.42993927001953,4048471
2023-04-12,68.83999633789062,70.3499984741211,68.0,68.68000030517578,67.31232452392578,2504196
2023-04-13,69.12999725341797,69.30000305175781,66.88999938964844,66.9000015258789,65.56777954101562,2459112
2023-04-14,66.11000061035156,68.0999984741211,66.11000061035156,67.62000274658203,66.27344512939453,2657591
2023-04-17,67.5999984741211,70.69999694824219,67.37999725341797,68.45999908447266,67.0967025756836,4055048
2023-04-18,69.8499984741211,69.87999725341797,67.9000015258789,68.5999984741211,67.23391723632812,3186946
2023-04-19,68.44999694824219,68.5999984741211,66.66999816894531,66.97000122070312,65.63638305664062,2353117
2023-04-20,66.97000122070312,67.29000091552734,65.18000030517578,66.06999969482422,64.75430297851562,2129122
2023-04-21,65.9000015258789,67.0999984741211,63.599998474121094,63.599998474121094,62.33348846435547,2499821
2023-04-24,63.2400016784668,63.77000045776367,62.099998474121094,62.90999984741211,61.657230377197266,2146320
2023-04-25,63.31999969482422,63.72999954223633,59.81999969482422,60.380001068115234,59.177608489990234,2724394
2023-04-26,60.70000076293945,66.38999938964844,60.40999984741211,65.7699966430664,64.46027374267578,5580699
2023-04-27,64.83000183105469,65.79000091552734,63.45000076293945,64.19999694824219,62.921539306640625,3375927
2023-04-28,63.79999923706055,65.6500015258789,63.5,65.26000213623047,63.96043014526367,2612196
2023-05-04,64.95999908447266,67.12000274658203,64.87999725341797,65.47000122070312,64.16624450683594,2660175
2023-05-05,65.37999725341797,65.55000305175781,63.880001068115234,64.5999984741211,63.31357192993164,2038523
2023-05-08,64.5,65.69000244140625,64.26000213623047,65.4000015258789,64.09764862060547,1809074
2023-05-09,65.05999755859375,65.37000274658203,63.099998474121094,63.18000030517578,61.92184829711914,2077338
2023-05-10,63.16999816894531,65.19999694824219,62.36000061035156,63.9900016784668,62.71572494506836,2185634
2023-05-11,64.0,65.48999786376953,63.58000183105469,64.22000122070312,62.94114303588867,1951057
2023-05-12,64.22000122070312,64.97000122070312,62.959999084472656,62.959999084472656,61.706233978271484,1370960
2023-05-15,62.93000030517578,66.66000366210938,62.79999923706055,64.9800033569336,63.68600845336914,3064360
2023-05-16,64.5199966430664,66.5,64.41000366210938,65.55000305175781,64.24465942382812,2909924
2023-05-17,65.9800033569336,66.33999633789062,64.5,65.68000030517578,64.3720703125,1939753
2023-05-18,65.69000244140625,66.16999816894531,64.80000305175781,65.08999633789062,63.79380416870117,1429868
2023-05-19,65.38999938964844,65.7300033569336,64.70999908447266,65.44000244140625,64.13684844970703,1288283
2023-05-22,65.44999694824219,66.5,64.91000366210938,66.12000274658203,64.80331420898438,2053447
2023-05-23,66.19000244140625,67.37999725341797,65.5,65.91999816894531,64.60728454589844,1907639
2023-05-24,65.87999725341797,69.69999694824219,65.2699966430664,68.45999908447266,67.0967025756836,5452725
2023-05-25,68.0,72.16000366210938,66.69999694824219,71.97000122070312,70.53681182861328,8879392
2023-05-26,71.5,71.5,68.01000213623047,68.04000091552734,66.68507385253906,5748992
2023-05-29,67.5,67.80000305175781,62.18000030517578,62.349998474121094,61.10837936401367,6077641
2023-05-30,62.47999954223633,64.13999938964844,62.04999923706055,62.7599983215332,61.510215759277344,3396432
2023-05-31,62.77000045776367,62.849998474121094,60.709999084472656,61.400001525878906,60.17729949951172,2533633
2023-06-01,61.529998779296875,61.77000045776367,60.400001525878906,60.40999984741211,59.20701217651367,2565666
2023-06-02,60.2400016784668,62.880001068115234,60.20000076293945,62.34000015258789,61.27100372314453,2569055
2023-06-05,62.0,62.38999938964844,60.790000915527344,60.880001068115234,59.83604049682617,2028990
2023-06-06,60.88999938964844,61.54999923706055,59.54999923706055,60.31999969482422,59.285640716552734,2948853
2023-06-07,60.220001220703125,60.220001220703125,57.619998931884766,57.91999816894531,56.92679214477539,2972466
2023-06-08,57.75,59.27000045776367,57.58000183105469,57.7400016784668,56.74988555908203,2134775
2023-06-09,57.68000030517578,58.38999938964844,57.02000045776367,57.84000015258789,56.848167419433594,1779828
2023-06-12,57.36000061035156,58.47999954223633,56.810001373291016,57.959999084472656,56.96610641479492,1822604
2023-06-13,57.0099983215332,58.369998931884766,57.0099983215332,57.380001068115234,56.39605712890625,1419694
2023-06-14,57.380001068115234,57.38999938964844,56.380001068115234,56.7400016784668,55.76703643798828,1884594
2023-06-15,56.79999923706055,60.79999923706055,56.34000015258789,60.0099983215332,58.98095703125,4003490
2023-06-16,60.0099983215332,61.68000030517578,59.599998474121094,61.470001220703125,60.415924072265625,3548912
2023-06-19,61.279998779296875,64.29000091552734,61.27000045776367,63.83000183105469,62.73545455932617,3881304
2023-06-20,63.83000183105469,64.88999938964844,63.29999923706055,63.529998779296875,62.44059753417969,2500758
2023-06-21,63.65999984741211,64.86000061035156,62.349998474121094,62.349998474121094,61.28083038330078,2093317
2023-06-26,61.79999923706055,63.4900016784668,60.5099983215332,61.84000015258789,60.779579162597656,2468054
2023-06-27,62.290000915527344,64.68000030517578,61.650001525878906,62.81999969482422,61.742774963378906,2602285
2023-06-28,62.560001373291016,63.599998474121094,61.9900016784668,63.279998779296875,62.194881439208984,2278240
2023-06-29,62.52000045776367,67.22000122070312,62.5,65.6500015258789,64.52425384521484,4128588
2023-06-30,65.0,67.0,64.68000030517578,65.5999984741211,64.47509765625,3578305
2023-07-03,66.11000061035156,67.27999877929688,65.43000030517578,65.73999786376953,64.6126937866211,3081221
2023-07-04,65.55000305175781,66.5,65.0,65.80000305175781,64.67166900634766,1938270
2023-07-05,65.6500015258789,66.0999984741211,64.30999755859375,64.54000091552734,63.43327713012695,2011152
2023-07-06,64.66999816894531,64.79000091552734,63.810001373291016,64.33000183105469,63.22688293457031,1383075
2023-07-07,64.2699966430664,64.2699966430664,62.52000045776367,62.58000183105469,61.506893157958984,1539500
2023-07-10,63.25,65.4000015258789,62.52000045776367,64.69000244140625,63.580711364746094,2677774
2023-07-11,64.75,64.75,63.04999923706055,63.290000915527344,62.2047119140625,1884026
2023-07-12,63.29999923706055,64.9800033569336,62.08000183105469,63.52000045776367,62.43076705932617,1830823
2023-07-13,64.16000366210938,67.3499984741211,64.0199966430664,65.04000091552734,63.92470169067383,3943608
2023-07-14,65.1500015258789,67.7300033569336,63.5,66.3499984741211,65.21223449707031,6295538
2023-07-17,67.11000061035156,70.80000305175781,65.80000305175781,68.48999786376953,67.31554412841797,7300798
2023-07-18,67.66000366210938,67.98999786376953,65.52999877929688,66.88999938964844,65.74298858642578,5371310
2023-07-19,65.9800033569336,66.1500015258789,62.88999938964844,63.72999954223633,62.63716506958008,4419834
2023-07-20,63.86000061035156,64.05000305175781,61.290000915527344,61.29999923706055,60.248836517333984,2961137
2023-07-21,61.040000915527344,62.0,60.380001068115234,60.650001525878906,59.6099853515625,1754922
2023-07-24,60.75,60.84000015258789,58.72999954223633,58.849998474121094,57.840850830078125,1983468
2023-07-25,60.29999923706055,60.41999816894531,59.349998474121094,59.54999923706055,58.52884292602539,1684800
2023-07-26,59.5,61.849998474121094,59.0099983215332,60.97999954223633,59.934322357177734,2774721
2023-07-27,60.68000030517578,61.29999923706055,58.5,58.58000183105469,57.575477600097656,2996241
2023-07-28,58.13999938964844,58.7599983215332,57.5,58.70000076293945,57.69342041015625,1766155
2023-07-31,58.709999084472656,59.68000030517578,58.709999084472656,59.18000030517578,58.16518783569336,1637294
2023-08-01,58.880001068115234,59.66999816894531,58.58000183105469,59.16999816894531,58.155357360839844,1048416
2023-08-02,59.0,59.150001525878906,58.58000183105469,58.779998779296875,57.77204895019531,903272
2023-08-03,58.619998931884766,61.95000076293945,58.58000183105469,61.130001068115234,60.08175277709961,3651684
2023-08-04,60.5099983215332,61.189998626708984,60.0,60.439998626708984,59.40357971191406,2143453
2023-08-07,60.529998779296875,60.529998779296875,59.15999984741211,59.4900016784668,58.469879150390625,1226910
2023-08-08,59.97999954223633,60.20000076293945,58.63999938964844,58.869998931884766,57.860504150390625,1151233
2023-08-09,58.540000915527344,59.290000915527344,58.29999923706055,58.77000045776367,57.76222229003906,710979
2023-08-10,58.58000183105469,59.650001525878906,58.58000183105469,59.119998931884766,58.10621643066406,930571
2023-08-11,59.0,59.29999923706055,58.38999938964844,58.400001525878906,57.39856719970703,845302
2023-08-14,58.0099983215332,58.29999923706055,56.060001373291016,57.34000015258789,56.35674285888672,1505924
2023-08-15,57.29999923706055,57.5099983215332,55.599998474121094,55.9900016784668,55.02989196777344,1096620
2023-08-16,56.02000045776367,56.45000076293945,54.400001525878906,54.400001525878906,53.467159271240234,1134104
2023-08-17,54.400001525878906,55.38999938964844,53.0,55.119998931884766,54.17481231689453,1864941
2023-08-18,55.25,56.189998626708984,54.5,54.5,53.5654411315918,1354001
2023-08-21,54.29999923706055,54.779998779296875,52.27000045776367,52.279998779296875,51.38351058959961,1599271
2023-08-22,52.900001525878906,53.599998474121094,50.790000915527344,51.7400016784668,50.8527717590332,2154012
2023-08-23,51.7400016784668,51.779998779296875,49.70000076293945,49.810001373291016,48.955867767333984,1686337
2023-08-24,49.9900016784668,51.72999954223633,49.810001373291016,50.90999984741211,50.03700256347656,2100350
2023-08-25,51.22999954223633,51.22999954223633,49.599998474121094,49.959999084472656,49.10329055786133,1415324
2023-08-28,52.9900016784668,53.0,49.58000183105469,49.95000076293945,49.093467712402344,1965609
2023-08-29,49.77000045776367,51.15999984741211,49.400001525878906,51.06999969482422,50.19425964355469,1845022
2023-08-30,51.689998626708984,53.0,51.0,52.720001220703125,51.81596374511719,2586700
2023-08-31,52.220001220703125,52.93000030517578,51.20000076293945,52.72999954223633,51.8257942199707,1353400
2023-09-01,52.900001525878906,53.16999816894531,52.220001220703125,52.650001525878906,51.747169494628906,810100
2023-09-04,52.650001525878906,52.939998626708984,51.75,52.88999938964844,51.98305130004883,1029200
2023-09-05,52.619998931884766,54.880001068115234,52.33000183105469,54.70000076293945,53.76201248168945,3273096
2023-09-06,53.939998626708984,54.0,52.77000045776367,53.209999084472656,52.29755783081055,2228100
2023-09-07,53.150001525878906,53.849998474121094,52.119998931884766,52.119998931884766,51.226253509521484,1432622
2023-09-08,52.0,52.29999923706055,51.400001525878906,52.15999984741211,51.265567779541016,1043729
2023-09-11,51.959999084472656,53.09000015258789,51.540000915527344,52.47999954223633,51.580078125,1215678
2023-09-12,52.40999984741211,52.97999954223633,51.900001525878906,52.779998779296875,51.874935150146484,1039512
2023-09-13,52.650001525878906,52.7599983215332,51.04999923706055,51.59000015258789,50.70534133911133,1114100
2023-09-14,51.79999923706055,51.79999923706055,50.290000915527344,50.709999084472656,49.840431213378906,954192
2023-09-15,50.81999969482422,51.099998474121094,49.939998626708984,50.45000076293945,49.58489227294922,1002425
2023-09-18,50.59000015258789,52.08000183105469,49.79999923706055,50.880001068115234,50.00752258300781,1375929
2023-09-19,51.0,51.0099983215332,49.45000076293945,49.810001373291016,48.955867767333984,1031741
2023-09-20,49.59000015258789,50.06999969482422,48.88999938964844,48.900001525878906,48.06147384643555,1019274
2023-09-21,49.02000045776367,49.79999923706055,48.369998931884766,48.459999084472656,47.62901306152344,1196633
2023-09-22,48.43000030517578,49.369998931884766,48.43000030517578,49.369998931884766,48.52341079711914,1335400
2023-09-25,49.36000061035156,49.75,48.5,49.369998931884766,48.52341079711914,1173045
2023-09-26,49.369998931884766,49.869998931884766,48.70000076293945,48.79999923706055,47.96318435668945,1007682
2023-09-27,48.70000076293945,51.5,48.70000076293945,50.20000076293945,49.339176177978516,2542940
2023-09-28,50.16999816894531,51.33000183105469,50.16999816894531,51.20000076293945,50.32202911376953,1590618
2023-10-09,51.20000076293945,51.27000045776367,50.13999938964844,50.459999084472656,49.5947151184082,1288090
2023-10-10,50.70000076293945,51.279998779296875,50.04999923706055,50.29999923706055,49.437461853027344,1056700
2023-10-11,50.29999923706055,51.38999938964844,50.29999923706055,50.7599983215332,49.88957595825195,1106272
2023-10-12,51.04999923706055,51.66999816894531,50.099998474121094,51.5099983215332,50.626712799072266,1912900
2023-10-13,50.9900016784668,51.43000030517578,50.060001373291016,50.529998779296875,49.663516998291016,1386700
2023-10-16,50.529998779296875,50.88999938964844,49.0099983215332,49.209999084472656,48.366153717041016,1388509
2023-10-17,49.209999084472656,49.93000030517578,48.849998474121094,49.470001220703125,48.62169647216797,1001820
2023-10-18,49.0099983215332,49.369998931884766,48.29999923706055,48.29999923706055,47.47175598144531,1013381
2023-10-19,48.2599983215332,48.9900016784668,48.0,48.5,47.668331146240234,1197872
2023-10-20,48.2599983215332,49.59000015258789,48.02000045776367,48.75,47.91404342651367,1322172
2023-10-23,48.5,48.5,46.099998474121094,46.36000061035156,45.565025329589844,1553400
2023-10-24,46.36000061035156,48.279998779296875,46.349998474121094,48.029998779296875,47.206390380859375,1797409
2023-10-25,48.45000076293945,48.880001068115234,47.150001525878906,47.290000915527344,46.47908020019531,1369220
2023-10-26,47.22999954223633,47.22999954223633,44.560001373291016,46.619998931884766,45.82056427001953,2288893
2023-10-27,46.959999084472656,48.47999954223633,46.08000183105469,48.099998474121094,47.27518844604492,1942694
2023-10-30,47.79999923706055,49.290000915527344,47.68000030517578,49.15999984741211,48.317012786865234,2084902
2023-10-31,49.52000045776367,49.52000045776367,47.81999969482422,48.279998779296875,47.45210266113281,1740314
2023-11-01,48.279998779296875,48.599998474121094,47.45000076293945,47.91999816894531,47.09827423095703,1108576
2023-11-02,47.91999816894531,48.25,46.70000076293945,46.7599983215332,45.95816421508789,1102028
2023-11-03,46.7400016784668,48.59000015258789,46.7400016784668,48.20000076293945,47.373470306396484,1862540
2023-11-06,48.34000015258789,50.77000045776367,48.34000015258789,50.0,49.142608642578125,2454219
2023-11-07,50.0,50.279998779296875,49.310001373291016,50.06999969482422,49.21140670776367,1387600
2023-11-08,50.060001373291016,50.380001068115234,49.599998474121094,50.06999969482422,49.21140670776367,1211700
2023-11-09,50.06999969482422,51.36000061035156,49.72999954223633,50.630001068115234,49.76180648803711,2212200
2023-11-10,50.63999938964844,50.63999938964844,49.47999954223633,50.08000183105469,49.22123718261719,1220100
2023-11-13,49.880001068115234,51.20000076293945,49.880001068115234,50.810001373291016,49.938716888427734,1577200
2023-11-14,50.79999923706055,51.59000015258789,50.63999938964844,51.029998779296875,50.154945373535156,1207395
2023-11-15,51.560001373291016,52.97999954223633,51.2599983215332,52.029998779296875,51.137794494628906,2437000
2023-11-16,51.529998779296875,51.869998931884766,50.58000183105469,50.599998474121094,49.73231506347656,1626703
2023-11-17,50.52000045776367,51.4900016784668,50.400001525878906,50.939998626708984,50.06648635864258,1185974
2023-11-20,50.95000076293945,51.84000015258789,50.70000076293945,51.58000183105469,50.69551467895508,1193871
2023-11-21,51.58000183105469,51.959999084472656,50.540000915527344,50.59000015258789,49.72248840332031,1406550
2023-11-22,50.18000030517578,50.619998931884766,49.5,49.5,48.65118408203125,1087758
2023-11-23,49.5,50.15999984741211,49.38999938964844,49.849998474121094,48.99517822265625,843100
2023-11-24,49.86000061035156,50.09000015258789,48.810001373291016,48.90999984741211,48.0713005065918,1059800
2023-11-27,48.9900016784668,49.439998626708984,48.45000076293945,49.099998474121094,48.25803756713867,925602
2023-11-28,49.189998626708984,49.470001220703125,48.59000015258789,49.2400016784668,48.3956413269043,746845
2023-11-29,49.369998931884766,49.630001068115234,48.900001525878906,49.08000183105469,48.23838424682617,913000
2023-11-30,48.900001525878906,49.220001220703125,47.810001373291016,48.060001373291016,47.23587417602539,1192600
2023-12-01,48.08000183105469,48.11000061035156,46.880001068115234,47.4900016784668,46.6756477355957,1158468
2023-12-04,47.5099983215332,47.959999084472656,46.66999816894531,46.81999969482422,46.01713943481445,1211200
2023-12-05,46.7599983215332,47.099998474121094,45.79999923706055,45.81999969482422,45.03428649902344,1115100
2023-12-06,45.81999969482422,46.970001220703125,45.630001068115234,46.470001220703125,45.67313766479492,1308070
2023-12-07,46.43000030517578,46.43000030517578,45.0099983215332,45.5,44.71976852416992,1107100
2023-12-08,45.709999084472656,45.88999938964844,45.150001525878906,45.150001525878906,44.37577819824219,764756
2023-12-11,45.150001525878906,45.880001068115234,44.529998779296875,45.75,44.965484619140625,1118900
2023-12-12,45.869998931884766,46.15999984741211,45.5,45.75,44.965484619140625,842300
2023-12-13,45.70000076293945,45.70000076293945,45.040000915527344,45.040000915527344,44.26766586303711,548600
2023-12-14,45.400001525878906,45.880001068115234,44.439998626708984,44.599998474121094,43.835201263427734,777945
2023-12-15,44.599998474121094,45.47999954223633,44.2400016784668,44.439998626708984,43.677947998046875,1027900
2023-12-18,44.56999969482422,44.56999969482422,42.88999938964844,43.13999938964844,42.40024185180664,1109669
2023-12-19,43.0,44.099998474121094,42.79999923706055,43.79999923706055,43.04892349243164,1174400
2023-12-20,43.79999923706055,44.0,42.91999816894531,42.939998626708984,42.203670501708984,644500
2023-12-21,42.93000030517578,45.65999984741211,42.61000061035156,44.380001068115234,43.61897659301758,2551582
2023-12-22,44.11000061035156,47.88999938964844,43.9900016784668,47.04999923706055,46.243194580078125,4606086
2023-12-25,47.0,47.189998626708984,45.45000076293945,46.20000076293945,45.407772064208984,3064152
2023-12-26,45.959999084472656,46.7599983215332,45.209999084472656,46.599998474121094,45.800907135009766,2614910
2023-12-27,46.20000076293945,46.290000915527344,44.52000045776367,45.15999984741211,44.38560485839844,2768873
2023-12-28,44.900001525878906,49.68000030517578,44.65999984741211,49.68000030517578,48.828094482421875,4834354
2023-12-29,53.0,54.650001525878906,50.81999969482422,54.650001525878906,53.71287155151367,12785542
2024-01-02,53.79999923706055,60.119998931884766,53.20000076293945,60.119998931884766,59.08906936645508,16781620
2024-01-03,59.0,63.119998931884766,58.5,59.5,58.47970199584961,15488213
2024-01-04,60.18000030517578,61.119998931884766,56.47999954223633,57.54999923706055,56.563140869140625,11090817
2024-01-05,56.459999084472656,57.75,53.0,54.439998626708984,53.5064697265625,11237295
2024-01-08,54.439998626708984,59.880001068115234,53.70000076293945,59.880001068115234,58.853187561035156,15845085
2024-01-09,58.689998626708984,62.650001525878906,56.880001068115234,57.45000076293945,56.4648551940918,15886154
2024-01-10,56.22999954223633,58.650001525878906,55.279998779296875,56.7400016784668,55.76703643798828,12443214
2024-01-11,55.29999923706055,57.189998626708984,54.880001068115234,56.59000015258789,55.61960220336914,9510107
2024-01-12,56.06999969482422,59.95000076293945,55.880001068115234,57.0099983215332,56.03239822387695,11540973
2024-01-15,56.400001525878906,58.349998474121094,55.15999984741211,55.849998474121094,54.89229202270508,6998436
2024-01-16,55.7599983215332,57.5,54.02000045776367,56.97999954223633,56.0029182434082,8557264
2024-01-17,56.0,56.52000045776367,53.209999084472656,53.459999084472656,52.54327392578125,6347658
2024-01-18,52.0,54.63999938964844,51.849998474121094,54.16999816894531,53.2411003112793,7081222
2024-01-19,54.0,55.47999954223633,50.849998474121094,50.90999984741211,50.03700256347656,7608024
2024-01-22,51.220001220703125,51.58000183105469,47.11000061035156,48.08000183105469,47.255531311035156,6696639
2024-01-23,47.9900016784668,51.15999984741211,46.56999969482422,49.880001068115234,49.0246696472168,7310279
2024-01-24,49.880001068115234,50.189998626708984,46.279998779296875,48.18000030517578,47.353816986083984,5999332
2024-01-25,48.18000030517578,48.75,47.099998474121094,48.63999938964844,47.805931091308594,5041386
2024-01-26,48.380001068115234,49.25,47.02000045776367,47.29999923706055,46.4889030456543,3925816
2024-01-29,46.880001068115234,46.880001068115234,42.70000076293945,42.709999084472656,41.97761535644531,5854502
2024-01-30,42.5,42.56999969482422,40.41999816894531,40.5,39.805511474609375,4208126
2024-01-31,40.900001525878906,41.529998779296875,38.65999984741211,38.65999984741211,37.9970588684082,3873535
2024-02-01,38.599998474121094,41.20000076293945,37.900001525878906,39.45000076293945,38.77351760864258,4951365
2024-02-02,39.630001068115234,39.75,35.720001220703125,37.060001373291016,36.424503326416016,4742433
2024-02-05,36.0,36.5,33.349998474121094,33.900001525878906,33.318687438964844,4627757
2024-02-06,33.86000061035156,36.61000061035156,33.119998931884766,35.790000915527344,35.17627716064453,4422967
2024-02-07,35.970001220703125,37.68000030517578,35.5099983215332,36.529998779296875,35.903587341308594,4736525
2024-02-08,36.5,38.4900016784668,36.20000076293945,38.279998779296875,37.62357711791992,4100429
2024-02-19,38.31999969482422,39.369998931884766,37.650001525878906,38.5,37.839805603027344,3730204
2024-02-20,38.5,38.90999984741211,37.43000030517578,38.90999984741211,38.242774963378906,2829190
2024-02-21,38.290000915527344,40.91999816894531,38.02000045776367,39.349998474121094,38.675228118896484,4394385
2024-02-22,39.20000076293945,40.869998931884766,39.029998779296875,40.279998779296875,39.58928298950195,3801483
2024-02-23,40.79999923706055,41.779998779296875,40.349998474121094,41.15999984741211,40.45419692993164,3880417
2024-02-26,41.2599983215332,42.58000183105469,40.79999923706055,42.09000015258789,41.368247985839844,4505513
2024-02-27,41.66999816894531,42.9900016784668,41.52000045776367,42.9900016784668,42.25281524658203,3670087
2024-02-28,43.4900016784668,45.150001525878906,40.0,40.849998474121094,40.14950942993164,6330291
2024-02-29,40.0,42.099998474121094,40.0,41.97999954223633,41.2601318359375,4306971
2024-03-01,42.040000915527344,43.0,41.58000183105469,42.43000030517578,41.70241928100586,3439122
2024-03-04,42.380001068115234,42.869998931884766,41.25,42.099998474121094,41.37807083129883,2614811
2024-03-05,42.13999938964844,42.13999938964844,40.689998626708984,40.95000076293945,40.247798919677734,2702850
2024-03-06,40.79999923706055,45.04999923706055,40.61000061035156,43.41999816894531,42.67544174194336,6572512
2024-03-07,43.41999816894531,43.79999923706055,41.77000045776367,41.77000045776367,41.05373001098633,4071633
2024-03-08,42.04999923706055,44.380001068115234,42.04999923706055,43.099998474121094,42.360923767089844,5001280
2024-03-11,43.40999984741211,45.31999969482422,43.40999984741211,45.22999954223633,44.454402923583984,6369157
2024-03-12,45.22999954223633,45.40999984741211,44.439998626708984,44.560001373291016,43.795894622802734,4381366
2024-03-13,44.5,44.849998474121094,43.84000015258789,44.369998931884766,43.60914993286133,2880536
2024-03-14,43.95000076293945,44.59000015258789,42.9900016784668,43.61000061035156,42.8621826171875,2877469
2024-03-15,43.20000076293945,43.79999923706055,42.849998474121094,43.52000045776367,42.77372741699219,2077428
2024-03-18,43.93000030517578,44.25,43.349998474121094,44.18000030517578,43.42240905761719,2454136
2024-03-19,44.0099983215332,44.79999923706055,43.900001525878906,43.959999084472656,43.206180572509766,2392582
2024-03-20,43.599998474121094,45.119998931884766,43.599998474121094,44.380001068115234,43.61897659301758,2403899
2024-03-21,44.25,44.880001068115234,43.47999954223633,44.0099983215332,43.25532150268555,2510576
2024-03-22,43.720001220703125,44.2400016784668,42.650001525878906,42.650001525878906,41.91864776611328,2445615
2024-03-25,42.029998779296875,43.0,41.5099983215332,41.52000045776367,40.808021545410156,2125895
2024-03-26,41.5099983215332,41.970001220703125,40.0099983215332,41.18000030517578,40.47385025024414,2697786
2024-03-27,40.849998474121094,41.09000015258789,38.849998474121094,38.86000061035156,38.193634033203125,2208324
2024-03-28,38.849998474121094,39.75,38.58000183105469,39.189998626708984,38.517974853515625,1897719
2024-03-29,39.220001220703125,39.88999938964844,38.88999938964844,39.400001525878906,38.72437286376953,951097
2024-04-01,39.939998626708984,41.0,39.599998474121094,40.970001220703125,40.267452239990234,2363224
2024-04-02,40.970001220703125,41.869998931884766,40.040000915527344,40.90999984741211,40.2084846496582,2627600
2024-04-03,40.529998779296875,40.869998931884766,39.970001220703125,40.130001068115234,39.441856384277344,1521600
2024-04-08,40.0,40.0,38.56999969482422,38.56999969482422,37.908607482910156,1799212
2024-04-09,38.380001068115234,39.959999084472656,38.33000183105469,39.810001373291016,39.12734603881836,1676501
2024-04-10,39.83000183105469,39.83000183105469,38.599998474121094,38.900001525878906,38.232948303222656,1377300
2024-04-11,38.29999923706055,39.380001068115234,38.279998779296875,38.88999938964844,38.22311782836914,1298708
2024-04-12,38.720001220703125,38.91999816894531,37.65999984741211,37.65999984741211,37.01420974731445,1756597
2024-04-15,37.459999084472656,38.650001525878906,36.25,36.88999938964844,36.257415771484375,2165779
2024-04-16,37.119998931884766,37.2599983215332,34.560001373291016,34.88999938964844,34.291709899902344,2346026
2024-04-17,35.5,36.38999938964844,35.2599983215332,36.2400016784668,35.618560791015625,2047500
2024-04-18,35.939998626708984,36.75,35.40999984741211,36.22999954223633,35.608734130859375,1710573
2024-04-19,35.70000076293945,36.099998474121094,35.08000183105469,35.529998779296875,34.92073440551758,1457800
2024-04-22,35.63999938964844,36.4900016784668,35.20000076293945,35.70000076293945,35.08782196044922,1552099
2024-04-23,35.720001220703125,36.38999938964844,35.279998779296875,35.779998779296875,35.166446685791016,1297108
2024-04-24,35.779998779296875,36.04999923706055,35.310001373291016,35.939998626708984,35.323707580566406,1167600
2024-04-25,35.939998626708984,37.13999938964844,35.41999816894531,36.2400016784668,35.618560791015625,1894108
2024-04-26,36.29999923706055,37.599998474121094,36.25,37.470001220703125,36.82746887207031,2504808
2024-04-29,37.06999969482422,39.2400016784668,37.06999969482422,38.9900016784668,38.32140350341797,2492099
2024-04-30,39.36000061035156,39.36000061035156,38.400001525878906,39.060001373291016,38.39020538330078,1986429
2024-05-06,39.54999923706055,40.380001068115234,39.470001220703125,40.130001068115234,39.441856384277344,1984899
2024-05-07,39.95000076293945,40.45000076293945,39.630001068115234,40.29999923706055,39.60894012451172,1869238
2024-05-08,40.29999923706055,40.650001525878906,39.5,39.5099983215332,38.832489013671875,1905900
2024-05-09,39.5099983215332,40.970001220703125,39.5099983215332,40.41999816894531,39.72688293457031,2304042
2024-05-10,40.41999816894531,40.689998626708984,39.31999969482422,39.90999984741211,39.22563171386719,1786685
2024-05-13,39.70000076293945,40.369998931884766,39.119998931884766,39.459999084472656,38.783348083496094,1323400
2024-05-14,39.599998474121094,39.90999984741211,39.0,39.0,38.331233978271484,1260000
2024-05-15,39.25,39.77000045776367,38.43000030517578,38.470001220703125,37.81032180786133,1466200
2024-05-16,38.5099983215332,38.880001068115234,38.099998474121094,38.369998931884766,37.7120361328125,1110844
2024-05-17,38.5,39.20000076293945,37.79999923706055,39.189998626708984,38.517974853515625,1650862
2024-05-20,39.15999984741211,39.75,38.52000045776367,39.0099983215332,38.341060638427734,1535034
2024-05-21,39.130001068115234,39.20000076293945,37.90999984741211,37.9900016784668,37.33855438232422,1621154
2024-05-22,38.4900016784668,41.790000915527344,38.189998626708984,41.790000915527344,41.07339096069336,6819400
2024-05-23,43.0,45.0,42.5,44.0,43.24549102783203,11879645
2024-05-24,43.599998474121094,45.0,41.5,41.849998474121094,41.132362365722656,7930007
2024-05-27,41.84000015258789,41.970001220703125,39.619998931884766,40.83000183105469,40.12985610961914,5648598
2024-05-28,40.83000183105469,41.279998779296875,39.529998779296875,39.790000915527344,39.107688903808594,4290127
2024-05-29,40.0,42.84000015258789,40.0,41.34000015258789,40.631107330322266,7488950
2024-05-30,41.33000183105469,41.65999984741211,39.970001220703125,40.029998779296875,39.343570709228516,4546197
2024-05-31,39.97999954223633,39.97999954223633,38.970001220703125,39.11000061035156,38.43934631347656,3565802
2024-06-03,38.709999084472656,38.970001220703125,37.900001525878906,38.43000030517578,37.77101135253906,2651905
2024-06-04,38.20000076293945,38.66999816894531,37.38999938964844,38.54999923706055,37.88895034790039,2824091
2024-06-05,37.959999084472656,38.29999923706055,37.650001525878906,37.68000030517578,37.033870697021484,1817600
2024-06-06,37.79999923706055,38.119998931884766,35.529998779296875,35.79999923706055,35.18610763549805,3656074
2024-06-07,35.9900016784668,36.5,35.529998779296875,36.16999816894531,35.54975891113281,2113325
2024-06-11,36.0,37.09000015258789,35.18000030517578,37.08000183105469,36.44416046142578,2181911
2024-06-12,36.779998779296875,37.40999984741211,36.619998931884766,37.02000045776367,36.38518524169922,1753420
2024-06-13,37.040000915527344,38.470001220703125,37.040000915527344,37.58000183105469,36.935585021972656,3080120
2024-06-14,37.31999969482422,37.97999954223633,36.869998931884766,36.900001525878906,36.267242431640625,2313563
2024-06-17,36.31999969482422,37.08000183105469,36.06999969482422,36.61000061035156,35.98221969604492,1832878
2024-06-18,36.58000183105469,37.0,36.45000076293945,36.709999084472656,36.080501556396484,1466500
2024-06-19,36.5,36.97999954223633,35.83000183105469,35.970001220703125,35.35319519042969,1605966
2024-06-20,35.689998626708984,35.880001068115234,34.68000030517578,34.68000030517578,34.0853157043457,1852332
2024-06-21,34.9900016784668,36.5,34.970001220703125,35.22999954223633,34.62588119506836,2287059
2024-06-24,34.5,34.68000030517578,33.439998626708984,33.459999084472656,32.88623046875,2347943
2024-06-25,33.40999984741211,33.650001525878906,33.0099983215332,33.099998474121094,32.532405853271484,1614147
2024-06-26,33.0099983215332,33.880001068115234,32.709999084472656,33.79999923706055,33.22039794921875,1705622
2024-06-27,33.70000076293945,33.70000076293945,32.75,32.75,32.18840789794922,1372301
2024-06-28,32.7400016784668,33.2599983215332,32.29999923706055,32.470001220703125,31.913209915161133,1245513
2024-07-01,32.5,33.40999984741211,32.5,33.209999084472656,32.64052200317383,1485676
2024-07-02,33.0099983215332,33.209999084472656,32.5099983215332,32.70000076293945,32.33399963378906,900100
2024-07-03,32.560001373291016,33.099998474121094,32.400001525878906,32.91999816894531,32.55153274536133,882300
2024-07-04,32.91999816894531,33.220001220703125,31.530000686645508,31.649999618530273,31.29574966430664,1445800
2024-07-05,31.649999618530273,31.649999618530273,31.649999618530273,31.649999618530273,31.29574966430664,0
2024-07-08,31.1200008392334,31.43000030517578,30.1200008392334,30.229999542236328,29.891645431518555,1420796
2024-07-09,30.09000015258789,30.719999313354492,29.639999389648438,30.59000015258789,30.247615814208984,1806001
2024-07-10,30.290000915527344,31.690000534057617,29.700000762939453,31.0,30.653026580810547,1841500
2024-07-11,31.600000381469727,32.29999923706055,31.149999618530273,32.02000045776367,31.661609649658203,1814400
2024-07-12,31.8799991607666,32.880001068115234,31.709999084472656,32.09000015258789,31.730825424194336,2004800
2024-07-15,31.799999237060547,31.899999618530273,31.350000381469727,31.40999984741211,31.058439254760742,1100700
2024-07-16,31.209999084472656,31.700000762939453,31.049999237060547,31.40999984741211,31.058439254760742,966000
2024-07-17,32.04999923706055,32.84000015258789,31.3799991607666,31.399999618530273,31.048547744750977,2561342
2024-07-18,30.59000015258789,31.6200008392334,30.059999465942383,31.290000915527344,30.939783096313477,1786379
2024-07-19,31.149999618530273,31.149999618530273,29.1200008392334,29.43000030517578,29.10059928894043,8224485
2024-07-22,29.200000762939453,29.459999084472656,27.809999465942383,28.049999237060547,27.736045837402344,8919337
2024-07-23,27.950000762939453,28.06999969482422,26.940000534057617,26.950000762939453,26.648357391357422,6126273
2024-07-24,26.940000534057617,27.25,26.280000686645508,26.350000381469727,26.055072784423828,4319335
2024-07-25,26.09000015258789,27.770000457763672,26.030000686645508,27.209999084472656,26.905445098876953,7081281
2024-07-26,26.90999984741211,27.459999084472656,26.799999237060547,27.309999465942383,27.00432777404785,3953122
2024-07-29,27.329999923706055,27.440000534057617,26.610000610351562,26.729999542236328,26.430818557739258,2468700
2024-07-30,26.739999771118164,26.860000610351562,26.270000457763672,26.829999923706055,26.529699325561523,2091100
2024-07-31,26.690000534057617,27.979999542236328,26.450000762939453,27.979999542236328,27.666828155517578,4065845
2024-08-01,28.020000457763672,28.149999618530273,27.530000686645508,27.770000457763672,27.459178924560547,2966567
2024-08-02,27.75,28.100000381469727,27.1200008392334,27.15999984741211,26.856006622314453,2928529
2024-08-05,27.100000381469727,27.809999465942383,26.079999923706055,26.079999923706055,25.788095474243164,4357000
2024-08-06,26.389999389648438,28.639999389648438,26.34000015258789,27.610000610351562,27.30097007751465,8403968
2024-08-07,27.690000534057617,27.850000381469727,27.010000228881836,27.530000686645508,27.221864700317383,4923030
2024-08-08,27.549999237060547,27.75,27.0,27.170000076293945,26.865894317626953,3911427
2024-08-09,27.309999465942383,27.520000457763672,26.75,26.75,26.45059585571289,2624430
2024-08-12,27.309999465942383,27.739999771118164,26.5,26.6299991607666,26.331937789916992,3662482
2024-08-13,26.579999923706055,27.100000381469727,26.1200008392334,26.850000381469727,26.549476623535156,2953455
2024-08-14,26.979999542236328,27.15999984741211,26.209999084472656,26.219999313354492,25.92652702331543,2476100
2024-08-15,26.100000381469727,26.920000076293945,25.700000762939453,26.479999542236328,26.183616638183594,3440063
2024-08-16,26.489999771118164,26.59000015258789,25.68000030517578,25.709999084472656,25.4222354888916,2512800
2024-08-19,25.59000015258789,25.639999389648438,24.90999984741211,25.0,24.720184326171875,3161247
2024-08-20,24.920000076293945,25.190000534057617,24.43000030517578,24.549999237060547,24.275218963623047,2365227
2024-08-21,24.549999237060547,24.799999237060547,24.3700008392334,24.6200008392334,24.344436645507812,2291113
2024-08-22,25.0,25.280000686645508,23.959999084472656,24.040000915527344,23.77092742919922,2256964
2024-08-23,23.90999984741211,24.1299991607666,23.469999313354492,23.469999313354492,23.207307815551758,2288622
2024-08-26,23.440000534057617,24.489999771118164,23.389999389648438,23.899999618530273,23.63249397277832,2554463
2024-08-27,23.969999313354492,24.190000534057617,23.469999313354492,23.639999389648438,23.375404357910156,2668227
2024-08-28,23.309999465942383,24.110000610351562,23.309999465942383,23.889999389648438,23.62260627746582,2046369
2024-08-29,24.200000762939453,25.43000030517578,23.6299991607666,24.809999465942383,24.532310485839844,5375201
2024-08-30,24.8799991607666,26.059999465942383,24.600000381469727,25.530000686645508,25.244251251220703,4728182
2024-09-02,25.549999237060547,25.649999618530273,24.510000228881836,24.56999969482422,24.29499626159668,3538822
2024-09-03,24.450000762939453,25.31999969482422,24.219999313354492,25.200000762939453,24.917945861816406,3146500
2024-09-04,24.8799991607666,25.950000762939453,24.8799991607666,25.350000381469727,25.066265106201172,3863394
2024-09-05,25.600000381469727,26.270000457763672,25.34000015258789,25.450000762939453,25.16514778137207,4220600
2024-09-06,25.100000381469727,25.700000762939453,24.43000030517578,24.489999771118164,24.215890884399414,2885000
2024-09-09,24.100000381469727,24.639999389648438,23.989999771118164,24.270000457763672,23.998353958129883,2579598
2024-09-10,24.299999237060547,24.3799991607666,23.770000457763672,24.200000762939453,23.92913818359375,2075600
2024-09-11,24.190000534057617,24.850000381469727,23.979999542236328,24.6200008392334,24.344436645507812,3000020
2024-09-12,24.729999542236328,25.81999969482422,24.5,24.559999465942383,24.285106658935547,3384379
2024-09-13,24.760000228881836,24.780000686645508,23.690000534057617,23.700000762939453,23.434734344482422,2706814
2024-09-18,23.690000534057617,23.700000762939453,22.8799991607666,23.149999618530273,22.890888214111328,2545194
2024-09-19,23.3700008392334,24.020000457763672,23.100000381469727,23.59000015258789,23.325963973999023,2664455
2024-09-20,23.549999237060547,23.59000015258789,22.799999237060547,22.920000076293945,22.663463592529297,2666494
2024-09-23,22.8799991607666,23.079999923706055,22.610000610351562,22.829999923706055,22.57447052001953,1812400
2024-09-24,23.0,24.1299991607666,22.719999313354492,24.100000381469727,23.83025550842285,4524749
2024-09-25,24.3700008392334,25.18000030517578,24.260000228881836,24.5,24.225780487060547,4821733
2024-09-26,24.690000534057617,25.450000762939453,24.350000381469727,25.450000762939453,25.16514778137207,3849391
2024-09-27,26.0,27.8700008392334,25.700000762939453,27.729999542236328,27.419626235961914,5305327
2024-09-30,29.520000457763672,30.5,28.520000457763672,30.5,30.15862274169922,10102367
2024-10-08,33.54999923706055,33.54999923706055,31.100000381469727,33.11000061035156,32.739410400390625,11839050
2024-10-09,32.0,32.439998626708984,29.8799991607666,29.979999542236328,29.64444351196289,8175768
2024-10-10,29.979999542236328,30.979999542236328,29.079999923706055,29.600000381469727,29.268695831298828,5220941
2024-10-11,29.5,29.59000015258789,27.75,28.31999969482422,28.003023147583008,4909134
2024-10-14,28.31999969482422,29.06999969482422,27.90999984741211,28.989999771118164,28.665523529052734,4165134
2024-10-15,28.719999313354492,29.329999923706055,28.34000015258789,28.399999618530273,28.08212661743164,3484565
2024-10-16,27.850000381469727,28.450000762939453,27.5,27.889999389648438,27.577835083007812,3346480
2024-10-17,28.280000686645508,28.290000915527344,27.420000076293945,27.43000030517578,27.12298583984375,3117229
2024-10-18,27.309999465942383,28.799999237060547,27.299999237060547,28.200000762939453,27.884366989135742,4848598
2024-10-21,28.600000381469727,29.899999618530273,28.329999923706055,29.010000228881836,28.685300827026367,6439820
2024-10-22,29.100000381469727,30.0,28.43000030517578,29.829999923706055,29.496122360229492,6398880
2024-10-23,29.850000381469727,32.70000076293945,29.690000534057617,31.799999237060547,31.444072723388672,12890872
2024-10-24,31.780000686645508,31.780000686645508,30.329999923706055,30.420000076293945,30.079519271850586,7771649
2024-10-25,30.450000762939453,33.459999084472656,30.450000762939453,33.459999084472656,33.08549118041992,14206761
2024-10-28,33.459999084472656,36.29999923706055,32.650001525878906,35.59000015258789,35.191654205322266,19273583
2024-10-29,35.040000915527344,36.279998779296875,33.2599983215332,33.34000015258789,32.966835021972656,13796085
2024-10-30,32.970001220703125,34.040000915527344,32.540000915527344,32.65999984741211,32.2944450378418,8124050
2024-10-31,33.209999084472656,34.279998779296875,33.119998931884766,33.45000076293945,33.07560729980469,8037338
2024-11-01,32.95000076293945,33.349998474121094,31.6299991607666,31.84000015258789,31.483623504638672,6981758
2024-11-04,31.84000015258789,32.630001068115234,31.540000915527344,32.540000915527344,32.17578887939453,4237440
2024-11-05,32.650001525878906,33.43000030517578,32.40999984741211,33.43000030517578,33.05582809448242,5961208
2024-11-06,33.599998474121094,34.439998626708984,33.11000061035156,33.189998626708984,32.81851577758789,7051467
2024-11-07,32.29999923706055,33.38999938964844,32.02000045776367,33.09000015258789,32.719635009765625,5882800
2024-11-08,33.290000915527344,33.599998474121094,32.68000030517578,32.849998474121094,32.48231887817383,5761671
2024-11-11,32.650001525878906,34.619998931884766,32.5,34.279998779296875,33.89631271362305,9250876
2024-11-12,34.5,34.849998474121094,33.099998474121094,33.4900016784668,33.11515808105469,6102500
2024-11-13,33.029998779296875,34.560001373291016,33.029998779296875,34.349998474121094,33.96553039550781,7049460
2024-11-14,34.36000061035156,34.849998474121094,33.099998474121094,33.15999984741211,32.788848876953125,6226920
2024-11-15,33.43000030517578,33.83000183105469,32.0,32.0,31.641834259033203,5418787
2024-11-18,31.65999984741211,31.950000762939453,30.09000015258789,30.399999618530273,30.059741973876953,4987800
2024-11-19,30.5,31.670000076293945,30.329999923706055,31.6299991607666,31.27597427368164,3558210
2024-11-20,31.6200008392334,31.6299991607666,31.049999237060547,31.40999984741211,31.058439254760742,3208500
2024-11-21,31.700000762939453,32.93000030517578,31.110000610351562,31.489999771118164,31.137542724609375,3554391
2024-11-22,31.309999465942383,31.329999923706055,29.709999084472656,29.780000686645508,29.44668197631836,4004431
2024-11-25,29.809999465942383,30.520000457763672,29.690000534057617,30.520000457763672,30.17840003967285,2663810
2024-11-26,30.6200008392334,31.40999984741211,29.969999313354492,30.049999237060547,29.713659286499023,2737077
2024-11-27,29.799999237060547,30.219999313354492,29.020000457763672,30.200000762939453,29.861980438232422,2974300
2024-11-28,30.100000381469727,30.770000457763672,30.010000228881836,30.15999984741211,29.82242774963379,2556500
2024-11-29,30.010000228881836,30.790000915527344,29.84000015258789,30.479999542236328,30.13884735107422,2504900
2024-12-02,30.309999465942383,30.56999969482422,29.670000076293945,30.559999465942383,30.21795082092285,3371000
2024-12-03,30.6200008392334,31.290000915527344,30.40999984741211,30.8799991607666,30.53436851501465,4267347
2024-12-04,30.690000534057617,30.850000381469727,29.690000534057617,29.93000030517578,29.595003128051758,3683010
2024-12-05,29.899999618530273,30.190000534057617,29.719999313354492,30.100000381469727,29.763099670410156,2029900
2024-12-06,30.100000381469727,30.299999237060547,29.520000457763672,30.25,29.911420822143555,2665200
2024-12-09,30.110000610351562,30.600000381469727,29.610000610351562,29.920000076293945,29.585115432739258,2335700
2024-12-10,30.600000381469727,30.799999237060547,30.31999969482422,30.440000534057617,30.099294662475586,4032975
2024-12-11,30.389999389648438,30.5,30.020000457763672,30.25,29.911420822143555,2386100
2024-12-12,30.25,30.549999237060547,30.100000381469727,30.549999237060547,30.20806312561035,2649300
2024-12-13,30.489999771118164,30.489999771118164,29.719999313354492,29.729999542236328,29.397241592407227,2753300
2024-12-16,29.700000762939453,30.110000610351562,29.420000076293945,29.68000030517578,29.347801208496094,2514000
2024-12-17,29.690000534057617,29.780000686645508,28.920000076293945,28.979999542236328,28.6556339263916,2057800
2024-12-18,29.170000076293945,29.200000762939453,28.700000762939453,28.790000915527344,28.467761993408203,2146045
2024-12-19,28.469999313354492,28.739999771118164,28.110000610351562,28.6200008392334,28.299667358398438,1940400
2024-12-20,28.540000915527344,28.81999969482422,28.540000915527344,28.729999542236328,28.408432006835938,1708200
2024-12-23,28.729999542236328,28.860000610351562,28.0,28.020000457763672,27.70638084411621,1952900
2024-12-24,28.0,28.780000686645508,27.989999771118164,28.329999923706055,28.012910842895508,1551636
2024-12-25,28.5,28.649999618530273,27.399999618530273,27.719999313354492,27.40973663330078,1803127
2024-12-26,27.799999237060547,27.889999389648438,27.5,27.600000381469727,27.29108238220215,1526936
2024-12-27,27.65999984741211,28.31999969482422,27.3799991607666,27.93000030517578,27.617389678955078,1864945
2024-12-30,27.920000076293945,28.049999237060547,27.510000228881836,27.790000915527344,27.47895622253418,1418400
2024-12-31,27.790000915527344,27.979999542236328,26.860000610351562,26.899999618530273,26.59891700744629,1558400
2025-01-02,26.799999237060547,27.059999465942383,25.780000686645508,26.049999237060547,25.7584285736084,1959900
2025-01-03,26.25,26.350000381469727,24.90999984741211,24.989999771118164,24.71029281616211,1875600
2025-01-06,25.190000534057617,25.549999237060547,24.520000457763672,25.15999984741211,24.87839126586914,1717478
2025-01-07,25.15999984741211,25.479999542236328,24.93000030517578,25.280000686645508,24.99704933166504,1259500
2025-01-08,25.34000015258789,25.5,24.5,25.100000381469727,24.819063186645508,1925200
2025-01-09,25.0,25.420000076293945,24.739999771118164,25.260000228881836,24.97727394104004,1361435
2025-01-10,25.1299991607666,25.399999618530273,24.280000686645508,24.290000915527344,24.018129348754883,1728700
2025-01-13,24.0,24.360000610351562,23.700000762939453,24.190000534057617,23.91925048828125,1204600
2025-01-14,24.200000762939453,25.149999618530273,24.200000762939453,25.1299991607666,24.84872817993164,1830093
2025-01-15,25.09000015258789,26.260000228881836,24.850000381469727,25.799999237060547,25.511226654052734,3468675
2025-01-16,25.809999465942383,26.389999389648438,25.549999237060547,25.790000915527344,25.501340866088867,2367029
2025-01-17,25.600000381469727,26.010000228881836,25.31999969482422,25.700000762939453,25.412349700927734,1340604
2025-01-20,25.700000762939453,26.06999969482422,25.579999923706055,25.90999984741211,25.619997024536133,1521404
2025-01-21,25.989999771118164,26.040000915527344,25.299999237060547,25.540000915527344,25.254138946533203,1329675
2025-01-22,25.540000915527344,25.540000915527344,24.950000762939453,25.1200008392334,24.83884048461914,980750
2025-01-23,25.3700008392334,25.75,25.06999969482422,25.06999969482422,24.789400100708008,1325920
2025-01-24,25.079999923706055,25.579999923706055,24.920000076293945,25.520000457763672,25.234363555908203,1397745
2025-01-27,25.5,25.799999237060547,24.950000762939453,24.959999084472656,24.68062973022461,1376820
2025-02-05,25.100000381469727,25.260000228881836,24.809999465942383,25.239999771118164,24.957494735717773,1423600
2025-02-06,25.190000534057617,25.950000762939453,24.899999618530273,25.90999984741211,25.619997024536133,2187800
2025-02-07,26.139999389648438,27.690000534057617,25.8799991607666,27.170000076293945,26.865894317626953,5037457
2025-02-10,27.1200008392334,27.299999237060547,26.700000762939453,27.270000457763672,26.96477508544922,2809057
2025-02-11,27.219999313354492,27.260000228881836,26.559999465942383,26.799999237060547,26.50003433227539,2038200
2025-02-12,26.809999465942383,27.149999618530273,26.610000610351562,27.139999389648438,26.83622932434082,2258662
2025-02-13,27.170000076293945,27.479999542236328,26.729999542236328,26.780000686645508,26.480260848999023,2519462
2025-02-14,26.780000686645508,27.229999542236328,26.65999984741211,26.829999923706055,26.529699325561523,2140300
2025-02-17,26.799999237060547,26.969999313354492,26.5,26.799999237060547,26.50003433227539,1768687
2025-02-18,26.81999969482422,27.200000762939453,26.170000076293945,26.31999969482422,26.025407791137695,2914109
2025-02-19,26.149999618530273,26.899999618530273,26.100000381469727,26.8799991607666,26.579139709472656,2317409
2025-02-20,26.8799991607666,26.940000534057617,26.5,26.780000686645508,26.480260848999023,1901762
2025-02-21,26.780000686645508,27.049999237060547,26.40999984741211,26.979999542236328,26.678020477294922,2576662
2025-02-24,27.0,27.18000030517578,26.690000534057617,27.049999237060547,26.747236251831055,2584350
2025-02-25,26.799999237060547,27.469999313354492,26.709999084472656,27.139999389648438,26.83622932434082,2873500
2025-02-26,27.1200008392334,27.920000076293945,27.020000457763672,27.920000076293945,27.607500076293945,4809746
2025-02-27,27.920000076293945,27.979999542236328,27.040000915527344,27.6200008392334,27.31085968017578,4064505
2025-02-28,27.510000228881836,27.829999923706055,26.700000762939453,26.790000915527344,26.490148544311523,3317700
2025-03-03,26.809999465942383,27.530000686645508,26.799999237060547,26.989999771118164,26.687910079956055,3087116
2025-03-04,26.799999237060547,27.3799991607666,26.56999969482422,27.270000457763672,26.96477508544922,2570105
2025-03-05,27.200000762939453,27.270000457763672,26.43000030517578,26.780000686645508,26.480260848999023,2543057
2025-03-06,26.770000457763672,27.59000015258789,26.739999771118164,27.280000686645508,26.97466468811035,2857540
2025-03-07,27.229999542236328,27.350000381469727,26.770000457763672,26.90999984741211,26.60880470275879,2287109
2025-03-10,26.90999984741211,27.649999618530273,26.899999618530273,27.649999618530273,27.34052085876465,3584300
2025-03-11,27.3799991607666,27.799999237060547,27.149999618530273,27.799999237060547,27.48884391784668,2491245
2025-03-12,27.799999237060547,27.940000534057617,27.459999084472656,27.5,27.192201614379883,2246000
2025-03-13,27.399999618530273,27.59000015258789,26.84000015258789,27.139999389648438,26.83622932434082,2070800
2025-03-14,27.100000381469727,27.600000381469727,26.899999618530273,27.510000228881836,27.202089309692383,2533900
2025-03-17,27.68000030517578,28.040000915527344,27.520000457763672,27.649999618530273,27.34052085876465,2262200
2025-03-18,27.600000381469727,27.979999542236328,27.600000381469727,27.93000030517578,27.617389678955078,2118600
2025-03-19,27.799999237060547,28.700000762939453,27.610000610351562,28.239999771118164,27.923919677734375,4940860
2025-03-20,28.200000762939453,28.579999923706055,27.920000076293945,27.959999084472656,27.647050857543945,2831300
2025-03-21,27.760000228881836,28.450000762939453,27.600000381469727,28.059999465942383,27.745933532714844,3577166
2025-03-24,27.780000686645508,27.979999542236328,26.450000762939453,27.030000686645508,26.727462768554688,3480009
2025-03-25,26.969999313354492,27.3799991607666,26.579999923706055,26.920000076293945,26.61869239807129,2405300
2025-03-26,26.8799991607666,27.989999771118164,26.700000762939453,27.530000686645508,27.221864700317383,3536384
2025-03-27,27.5,27.579999923706055,26.700000762939453,27.06999969482422,26.767013549804688,2560300
2025-03-28,27.0,27.649999618530273,26.610000610351562,26.719999313354492,26.420930862426758,2700300
2025-03-31,26.610000610351562,26.739999771118164,25.559999465942383,25.84000015258789,25.55078125,2476400
2025-04-01,25.84000015258789,26.860000610351562,25.84000015258789,26.450000762939453,26.153953552246094,2545300
2025-04-02,26.459999084472656,26.979999542236328,26.149999618530273,26.399999618530273,26.10451316833496,2092800
2025-04-03,26.030000686645508,26.670000076293945,25.81999969482422,26.139999389648438,25.847423553466797,1700187
2025-04-07,24.260000228881836,25.040000915527344,23.530000686645508,23.530000686645508,23.26663589477539,2484500
2025-04-08,23.079999923706055,23.770000457763672,22.25,22.790000915527344,22.53491973876953,3484800
2025-04-09,22.450000762939453,22.959999084472656,21.079999923706055,22.959999084472656,22.703014373779297,3124448
2025-04-10,23.299999237060547,23.739999771118164,23.299999237060547,23.3700008392334,23.108427047729492,2683000
2025-04-11,23.219999313354492,23.65999984741211,23.020000457763672,23.43000030517578,23.167755126953125,1757500
2025-04-14,23.75,24.139999389648438,23.610000610351562,23.8799991607666,23.61271858215332,1572400
2025-04-15,24.010000228881836,24.079999923706055,23.600000381469727,23.790000915527344,23.523727416992188,1004700
2025-04-16,23.799999237060547,23.84000015258789,22.799999237060547,23.110000610351562,22.851337432861328,1650700
2025-04-17,23.149999618530273,23.5,22.8700008392334,23.25,22.989768981933594,1250913
2025-04-18,23.190000534057617,23.34000015258789,22.850000381469727,23.059999465942383,22.801895141601562,1066313
2025-04-21,23.0,23.25,22.860000610351562,23.200000762939453,22.940330505371094,875200
2025-04-22,23.18000030517578,23.399999618530273,23.010000228881836,23.309999465942383,23.049097061157227,1212300
2025-04-23,23.450000762939453,23.610000610351562,23.219999313354492,23.3799991607666,23.118314743041992,1126750
2025-04-24,23.25,23.549999237060547,22.93000030517578,22.969999313354492,22.71290397644043,1332000
2025-04-25,23.0,23.219999313354492,22.799999237060547,22.93000030517578,22.673351287841797,1097581
2025-04-28,23.059999465942383,23.1299991607666,22.68000030517578,22.889999389648438,22.633798599243164,1098900
2025-04-29,22.850000381469727,23.200000762939453,22.770000457763672,23.100000381469727,22.841449737548828,1127900
2025-04-30,23.219999313354492,23.68000030517578,23.219999313354492,23.579999923706055,23.316076278686523,1577141
2025-05-06,23.610000610351562,24.149999618530273,23.610000610351562,24.149999618530273,23.879695892333984,1590700
2025-05-07,24.3700008392334,24.5,23.950000762939453,24.1299991607666,23.859920501708984,1854000
2025-05-08,23.950000762939453,25.0,23.940000534057617,24.899999618530273,24.621301651000977,2847400
2025-05-09,24.799999237060547,24.899999618530273,24.469999313354492,24.690000534057617,24.413654327392578,1647500
2025-05-12,24.8799991607666,25.0,24.709999084472656,24.969999313354492,24.69051742553711,1405700
2025-05-13,25.200000762939453,25.90999984741211,25.030000686645508,25.239999771118164,24.957494735717773,3993086
2025-05-14,25.110000610351562,25.18000030517578,24.780000686645508,24.950000762939453,24.670743942260742,2112100
2025-05-15,24.979999542236328,25.100000381469727,24.600000381469727,24.600000381469727,24.32465934753418,1429342
2025-05-16,24.600000381469727,25.040000915527344,24.56999969482422,24.780000686645508,24.50264549255371,1104696
2025-05-19,24.790000915527344,24.860000610351562,24.459999084472656,24.719999313354492,24.443315505981445,952900
2025-05-20,24.700000762939453,24.940000534057617,24.559999465942383,24.829999923706055,24.552085876464844,1246300
2025-05-21,24.860000610351562,25.270000457763672,24.700000762939453,24.760000228881836,24.48287010192871,1873380
2025-05-22,24.760000228881836,24.950000762939453,24.219999313354492,24.25,23.978578567504883,1492796
2025-05-23,24.34000015258789,24.56999969482422,23.969999313354492,24.0,23.73137664794922,1656240
2025-05-26,23.989999771118164,24.739999771118164,23.940000534057617,24.389999389648438,24.11701011657715,2012640
2025-05-27,24.299999237060547,24.389999389648438,23.979999542236328,24.25,23.978578567504883,1573300
2025-05-28,24.0,24.350000381469727,23.8700008392334,23.90999984741211,23.64238166809082,1201190
2025-05-29,23.90999984741211,24.31999969482422,23.899999618530273,24.209999084472656,23.939023971557617,1535290
2025-05-30,24.209999084472656,24.290000915527344,23.760000228881836,23.799999237060547,23.533613204956055,1306300
2025-06-03,23.649999618530273,24.239999771118164,23.559999465942383,24.139999389648438,23.869808197021484,1508920
2025-06-04,24.15999984741211,24.700000762939453,24.139999389648438,24.6299991607666,24.354324340820312,2185400
2025-06-05,24.65999984741211,24.8700008392334,24.299999237060547,24.6299991607666,24.354324340820312,1551390
2025-06-06,24.600000381469727,24.93000030517578,24.559999465942383,24.700000762939453,24.423542022705078,1123500
2025-06-09,24.75,24.850000381469727,24.610000610351562,24.850000381469727,24.571861267089844,1332600
2025-06-10,24.969999313354492,25.049999237060547,24.40999984741211,24.610000610351562,24.33454704284668,1501200
2025-06-11,24.6200008392334,25.09000015258789,24.6200008392334,24.850000381469727,24.571861267089844,1533200
2025-06-12,24.709999084472656,24.899999618530273,24.559999465942383,24.739999771118164,24.463092803955078,1211300
2025-06-13,24.649999618530273,24.690000534057617,24.170000076293945,24.219999313354492,23.948911666870117,1357900
2025-06-16,24.170000076293945,24.489999771118164,24.0,24.31999969482422,24.047794342041016,1848129
2025-06-17,24.229999542236328,24.389999389648438,24.100000381469727,24.219999313354492,23.948911666870117,1293549
2025-06-18,24.18000030517578,24.75,24.049999237060547,24.6299991607666,24.354324340820312,1808149
2025-06-19,24.6200008392334,24.979999542236328,23.829999923706055,23.940000534057617,23.672048568725586,2473202
2025-06-20,24.020000457763672,24.8700008392334,23.959999084472656,23.989999771118164,23.721487045288086,3639700
2025-06-23,23.690000534057617,24.75,23.520000457763672,24.700000762939453,24.423542022705078,2983700
2025-06-24,24.6299991607666,25.200000762939453,24.5,25.149999618530273,25.020448684692383,2971645
2025-06-25,25.200000762939453,25.579999923706055,25.030000686645508,25.229999542236328,25.10003662109375,2550600
2025-06-26,25.229999542236328,25.5,24.969999313354492,25.0,24.87122344970703,2384700
2025-06-27,25.200000762939453,25.40999984741211,25.049999237060547,25.15999984741211,25.030397415161133,1978990
2025-06-30,25.399999618530273,25.899999618530273,25.25,25.5,25.3686466217041,2313993
2025-07-01,25.5,26.06999969482422,25.0,25.850000381469727,25.71684455871582,3733209
2025-07-02,25.8700008392334,26.360000610351562,25.68000030517578,26.299999237060547,26.164525985717773,4077600
2025-07-03,26.299999237060547,26.530000686645508,25.8799991607666,26.5,26.363496780395508,4280900
2025-07-04,26.649999618530273,26.790000915527344,25.950000762939453,26.06999969482422,25.935710906982422,3255400
2025-07-07,25.950000762939453,26.520000457763672,25.950000762939453,26.40999984741211,26.27396011352539,2655400
2025-07-08,26.360000610351562,27.350000381469727,26.15999984741211,27.25,27.10963249206543,7792500
2025-07-09,27.100000381469727,27.3799991607666,26.850000381469727,26.920000076293945,26.78133201599121,4415702
2025-07-10,27.0,27.450000762939453,26.860000610351562,26.8700008392334,26.731590270996094,4597700
2025-07-11,26.850000381469727,27.200000762939453,26.600000381469727,26.8799991607666,26.74153709411621,3865021
2025-07-14,26.739999771118164,27.049999237060547,26.6299991607666,27.040000915527344,26.900714874267578,2204425
2025-07-15,26.850000381469727,27.239999771118164,26.510000228881836,26.68000030517578,26.54256820678711,2862300
2025-07-16,26.68000030517578,26.959999084472656,26.469999313354492,26.950000762939453,26.81117820739746,2571700
2025-07-17,27.100000381469727,27.450000762939453,26.770000457763672,27.200000762939453,27.059890747070312,3395100
2025-07-18,27.149999618530273,27.5,26.8700008392334,27.1299991607666,26.990249633789062,2299700
2025-07-21,27.139999389648438,27.8799991607666,26.920000076293945,27.68000030517578,27.537418365478516,4960415
2025-07-22,27.770000457763672,27.850000381469727,27.399999618530273,27.670000076293945,27.527469635009766,3055000
2025-07-23,27.649999618530273,28.15999984741211,27.420000076293945,27.5,27.35834503173828,4155200
2025-07-24,27.479999542236328,28.030000686645508,27.40999984741211,28.0,27.855770111083984,3007400
2025-07-25,28.100000381469727,28.15999984741211,27.90999984741211,27.989999771118164,27.845821380615234,1826000
2025-07-28,28.0,28.360000610351562,27.829999923706055,28.149999618530273,28.00499725341797,2620491
2025-07-29,28.239999771118164,29.989999771118164,27.950000762939453,29.799999237060547,29.646495819091797,7265775
2025-07-30,29.729999542236328,32.22999954223633,28.5,28.510000228881836,28.363142013549805,11438888
2025-07-31,29.020000457763672,29.270000457763672,27.6299991607666,27.799999237060547,27.65679931640625,6700500
2025-08-01,27.790000915527344,29.0,27.75,28.06999969482422,27.9254093170166,6945660
2025-08-04,28.040000915527344,28.239999771118164,27.5,28.100000381469727,27.95525550842285,3772160
2025-08-05,28.100000381469727,28.850000381469727,28.010000228881836,28.780000686645508,28.631752014160156,4837200
2025-08-06,28.780000686645508,28.860000610351562,28.389999389648438,28.59000015258789,28.442729949951172,3151100
2025-08-07,28.799999237060547,29.030000686645508,28.15999984741211,28.260000228881836,28.114429473876953,3010800
2025-08-08,28.1299991607666,28.549999237060547,27.950000762939453,28.190000534057617,28.044790267944336,2377300
2025-08-11,28.190000534057617,28.690000534057617,28.18000030517578,28.690000534057617,28.54221534729004,3121480
2025-08-12,28.65999984741211,28.65999984741211,28.059999465942383,28.239999771118164,28.094532012939453,2514500
2025-08-13,28.239999771118164,28.43000030517578,28.020000457763672,28.25,28.104480743408203,2429315
2025-08-14,28.239999771118164,28.31999969482422,27.600000381469727,27.600000381469727,27.45783042907715,3235800
2025-08-15,27.600000381469727,28.600000381469727,27.600000381469727,28.34000015258789,28.19401741027832,4636727
2025-08-18,28.649999618530273,28.84000015258789,28.290000915527344,28.459999084472656,28.313398361206055,5036700
2025-08-19,28.350000381469727,28.440000534057617,28.149999618530273,28.229999542236328,28.084583282470703,2614900
2025-08-20,28.43000030517578,28.950000762939453,28.1200008392334,28.43000030517578,28.283554077148438,3179982
2025-08-21,28.420000076293945,28.459999084472656,28.0,28.1299991607666,27.98509979248047,2842915
2025-08-22,28.1299991607666,28.43000030517578,28.030000686645508,28.25,28.104480743408203,2882320
2025-08-25,28.450000762939453,28.579999923706055,28.200000762939453,28.40999984741211,28.263656616210938,4117236
2025-08-26,28.34000015258789,29.06999969482422,28.139999389648438,28.729999542236328,28.582008361816406,4939722
2025-08-27,28.700000762939453,28.979999542236328,27.8799991607666,27.899999618530273,27.756284713745117,4020600
2025-08-28,27.81999969482422,28.239999771118164,26.959999084472656,27.950000762939453,27.806028366088867,4477033
2025-08-29,27.950000762939453,28.100000381469727,27.5,27.65999984741211,27.517520904541016,3151600
2025-09-01,27.700000762939453,27.90999984741211,27.350000381469727,27.68000030517578,27.537418365478516,2620800
2025-09-02,27.690000534057617,29.690000534057617,27.65999984741211,28.389999389648438,28.243759155273438,9195670
2025-09-03,28.450000762939453,29.0,28.209999084472656,28.860000610351562,28.711339950561523,7528596
2025-09-04,28.780000686645508,29.670000076293945,28.6200008392334,29.450000762939453,29.298301696777344,11475563
2025-09-05,29.489999771118164,31.100000381469727,29.1299991607666,31.09000015258789,30.929853439331055,14195586
2025-09-08,31.09000015258789,31.09000015258789,29.899999618530273,30.579999923706055,30.4224796295166,9245360
2025-09-09,30.149999618530273,30.40999984741211,29.350000381469727,29.399999618530273,29.248558044433594,6884537
2025-09-10,29.399999618530273,29.450000762939453,28.68000030517578,29.059999465942383,28.910308837890625,4613195
2025-09-11,29.09000015258789,29.299999237060547,28.68000030517578,29.299999237060547,29.149072647094727,4000675
2025-09-12,29.299999237060547,29.299999237060547,28.799999237060547,28.799999237060547,28.651647567749023,4024206
2025-09-15,28.709999084472656,29.149999618530273,28.59000015258789,28.59000015258789,28.442729949951172,2977100
2025-09-16,28.59000015258789,28.829999923706055,28.209999084472656,28.649999618530273,28.50242042541504,2950518
2025-09-17,28.639999389648438,28.969999313354492,28.459999084472656,28.93000030517578,28.78097915649414,2742602
2025-09-18,28.729999542236328,28.90999984741211,27.770000457763672,28.079999923706055,27.93535804748535,4179392
2025-09-19,28.06999969482422,28.170000076293945,27.5,27.719999313354492,27.577211380004883,2826400
2025-09-22,27.600000381469727,27.690000534057617,26.889999389648438,27.030000686645508,26.890766143798828,3005677
2025-09-23,27.030000686645508,27.270000457763672,26.059999465942383,26.639999389648438,26.502775192260742,3474300
2025-09-24,26.56999969482422,27.420000076293945,26.309999465942383,27.3799991607666,27.238962173461914,2854502
2025-09-25,27.290000915527344,27.790000915527344,27.209999084472656,27.270000457763672,27.12952995300293,2583110
2025-09-26,27.260000228881836,28.09000015258789,26.989999771118164,27.899999618530273,27.756284713745117,3285702
2025-09-29,27.8799991607666,28.5,27.5,28.100000381469727,27.95525550842285,3560442
2025-09-30,27.93000030517578,28.299999237060547,27.8799991607666,28.09000015258789,27.9453067779541,2718402
2025-10-09,28.200000762939453,30.579999923706055,28.059999465942383,29.719999313354492,29.56690788269043,7894337
2025-10-10,29.5,30.0,28.899999618530273,28.899999618530273,28.75113296508789,4922000
2025-10-13,28.010000228881836,28.6200008392334,27.68000030517578,28.399999618530273,28.253707885742188,3534400
2025-10-14,28.5,29.989999771118164,28.5,29.420000076293945,29.268455505371094,6341000
2025-10-15,29.420000076293945,29.889999389648438,28.860000610351562,29.510000228881836,29.35799217224121,4859620
2025-10-16,29.399999618530273,29.729999542236328,28.969999313354492,29.139999389648438,28.989896774291992,2520000
2025-10-17,29.1200008392334,29.1200008392334,27.479999542236328,27.559999465942383,27.41803550720215,3743090
2025-10-20,28.1200008392334,28.209999084472656,27.729999542236328,27.899999618530273,27.756284713745117,2093600
2025-10-21,28.149999618530273,28.149999618530273,27.770000457763672,28.059999465942383,27.91546058654785,1422096
2025-10-22,28.059999465942383,28.059999465942383,27.610000610351562,27.649999618530273,27.507572174072266,1599300
2025-10-23,27.5,27.719999313354492,27.200000762939453,27.700000762939453,27.557315826416016,1875600
2025-10-24,27.780000686645508,28.049999237060547,27.639999389648438,27.700000762939453,27.557315826416016,1852100
2025-10-27,27.799999237060547,28.100000381469727,27.510000228881836,27.770000457763672,27.626955032348633,2416100
2025-10-28,27.899999618530273,28.299999237060547,27.719999313354492,27.959999084472656,27.815975189208984,2698500
2025-10-29,27.809999465942383,28.8700008392334,27.6200008392334,28.770000457763672,28.621803283691406,4971323
2025-10-30,28.579999923706055,30.329999923706055,28.5,29.610000610351562,29.457477569580078,8901416
2025-10-31,29.600000381469727,30.010000228881836,29.209999084472656,29.329999923706055,29.178918838500977,5220800
2025-11-03,29.489999771118164,30.09000015258789,29.25,29.950000762939453,29.795724868774414,4220900
2025-11-04,29.899999618530273,30.049999237060547,29.3799991607666,29.510000228881836,29.35799217224121,2646800
2025-11-05,29.299999237060547,30.5,29.200000762939453,30.200000762939453,30.044437408447266,5318877
2025-11-06,30.0,30.790000915527344,29.969999313354492,30.200000762939453,30.044437408447266,4071337
2025-11-07,30.15999984741211,31.299999237060547,30.0,31.049999237060547,30.890058517456055,6478173
2025-11-10,31.100000381469727,34.15999984741211,31.100000381469727,34.15999984741211,33.984039306640625,10887114
2025-11-11,35.5,37.58000183105469,35.029998779296875,37.58000183105469,37.38642501831055,12556657
2025-11-12,41.0,41.33000183105469,35.810001373291016,36.56999969482422,36.38162612915039,31142345
2025-11-13,37.15999984741211,38.209999084472656,35.91999816894531,37.34000015258789,37.14765930175781,22767357
2025-11-14,36.400001525878906,40.099998474121094,36.400001525878906,38.08000183105469,37.88385009765625,22586078
2025-11-17,37.66999816894531,39.459999084472656,37.029998779296875,38.349998474121094,38.1524543762207,16654757
2025-11-18,37.880001068115234,39.86000061035156,36.93000030517578,37.20000076293945,37.00838088989258,12113300
2025-11-19,37.939998626708984,39.61000061035156,37.689998626708984,38.900001525878906,38.699623107910156,18092205
2025-11-20,37.97999954223633,39.880001068115234,37.02000045776367,37.79999923706055,37.605289459228516,15615747
2025-11-21,36.79999923706055,36.79999923706055,34.02000045776367,34.02000045776367,33.84476089477539,10730742
2025-11-24,33.08000183105469,33.5,31.360000610351562,31.850000381469727,31.685937881469727,11740376
2025-11-25,32.52000045776367,33.93000030517578,32.09000015258789,33.099998474121094,32.92949676513672,10129337
2025-11-26,33.5,33.849998474121094,31.959999084472656,32.060001373291016,31.89485740661621,6763976
2025-11-27,32.279998779296875,34.54999923706055,32.279998779296875,33.34000015258789,33.16826248168945,8939597
2025-11-28,33.099998474121094,34.900001525878906,32.95000076293945,34.900001525878906,34.72023010253906,8151800
2025-12-01,34.400001525878906,35.25,33.689998626708984,34.130001068115234,33.954193115234375,6916604
2025-12-02,33.70000076293945,34.56999969482422,33.529998779296875,33.709999084472656,33.536354064941406,4275800
2025-12-03,33.79999923706055,33.9900016784668,32.97999954223633,33.029998779296875,32.859859466552734,4397464
2025-12-04,32.68000030517578,33.220001220703125,31.93000030517578,32.310001373291016,32.14356994628906,4203871
2025-12-05,32.79999923706055,34.25,32.279998779296875,33.68000030517578,33.50651168823242,6176862
2025-12-08,34.029998779296875,36.0,33.400001525878906,35.560001373291016,35.376827239990234,10055439
2025-12-09,35.279998779296875,36.150001525878906,34.75,34.900001525878906,34.72023010253906,6090250
2025-12-10,35.13999938964844,35.29999923706055,34.41999816894531,34.70000076293945,34.52125930786133,5456743
2025-12-11,34.689998626708984,35.68000030517578,34.220001220703125,34.27000045776367,34.09347152709961,6359840
2025-12-12,34.09000015258789,34.5099983215332,33.54999923706055,34.2400016784668,34.063629150390625,5437339
2025-12-15,33.58000183105469,34.939998626708984,33.400001525878906,33.86000061035156,33.685585021972656,4750678
2025-12-16,33.58000183105469,33.68000030517578,31.450000762939453,31.829999923706055,31.666040420532227,6717673
2025-12-17,31.649999618530273,32.18000030517578,30.799999237060547,31.889999389648438,31.725730895996094,5380698
2025-12-18,31.6200008392334,32.75,31.209999084472656,31.799999237060547,31.636194229125977,4251808
2025-12-19,31.950000762939453,32.65999984741211,31.719999313354492,32.290000915527344,32.12367248535156,4350600
2025-12-22,32.45000076293945,32.470001220703125,31.65999984741211,31.709999084472656,31.54665756225586,3975100
2025-12-23,31.700000762939453,32.06999969482422,31.309999465942383,31.729999542236328,31.56655502319336,3828600
2025-12-24,31.59000015258789,33.68000030517578,31.25,33.34000015258789,33.16826248168945,7085931
2025-12-25,33.59000015258789,34.470001220703125,32.63999938964844,33.84000015258789,33.665687561035156,6509304
2025-12-26,34.099998474121094,34.689998626708984,33.79999923706055,33.84000015258789,33.665687561035156,5278190
2025-12-29,33.81999969482422,34.7400016784668,33.77000045776367,34.56999969482422,34.39192581176758,5829801
2025-12-30,34.119998931884766,34.54999923706055,32.91999816894531,33.75,33.576148986816406,6214555
2025-12-31,34.11000061035156,34.13999938964844,33.22999954223633,33.54999923706055,33.37717819213867,3340500
2026-01-05,33.810001373291016,33.810001373291016,32.70000076293945,32.90999984741211,32.740478515625,4675843
2026-01-06,33.0,35.45000076293945,32.880001068115234,34.900001525878906,34.72023010253906,11124661
2026-01-07,34.7400016784668,35.40999984741211,34.70000076293945,34.90999984741211,34.73017501831055,6884800
2026-01-08,34.95000076293945,35.7599983215332,34.709999084472656,35.619998931884766,35.43651580810547,7267100
2026-01-09,35.599998474121094,35.720001220703125,34.470001220703125,34.869998931884766,34.69038009643555,7152661
2026-01-12,34.68000030517578,38.36000061035156,34.599998474121094,38.36000061035156,38.16240310668945,9782944
2026-01-13,38.869998931884766,39.220001220703125,36.290000915527344,36.41999816894531,36.23239517211914,17493074
2026-01-14,37.0,37.95000076293945,36.310001373291016,36.97999954223633,36.789512634277344,11876682
2026-01-15,36.779998779296875,38.70000076293945,36.779998779296875,37.34000015258789,37.14765930175781,9217198
2026-01-16,37.70000076293945,38.560001373291016,37.349998474121094,38.380001068115234,38.18230056762695,12304988
2026-01-19,38.40999984741211,39.27000045776367,37.720001220703125,37.880001068115234,37.684879302978516,12132536
2026-01-20,37.38999938964844,38.27000045776367,36.119998931884766,36.5099983215332,36.32193374633789,8499968
2026-01-21,36.0,37.349998474121094,36.0,36.72999954223633,36.54079818725586,5405141
2026-01-22,36.5,37.630001068115234,36.29999923706055,37.4900016784668,37.2968864440918,6207213
2026-01-23,37.599998474121094,41.2400016784668,37.599998474121094,41.2400016784668,41.02756881713867,6797800
2026-01-26,44.540000915527344,45.36000061035156,41.56999969482422,42.2599983215332,42.04231262207031,29145730
2026-01-27,41.58000183105469,46.4900016784668,40.849998474121094,46.4900016784668,46.250526428222656,26308913
2026-01-28,47.060001373291016,50.47999954223633,46.7599983215332,47.33000183105469,47.08620071411133,27232458
2026-01-29,47.33000183105469,52.060001373291016,47.0,50.0099983215332,49.75239181518555,30116952
2026-01-30,49.029998779296875,51.47999954223633,45.060001373291016,47.779998779296875,47.533878326416016,22051193
2026-02-02,48.5,49.59000015258789,46.400001525878906,46.56999969482422,46.33011245727539,18377636
2026-02-03,48.0,51.22999954223633,47.0,50.70000076293945,50.438838958740234,24417022
2026-02-04,50.65999984741211,55.58000183105469,50.65999984741211,53.5,53.22441482543945,32528697
2026-02-05,48.220001220703125,48.63999938964844,48.150001525878906,48.150001525878906,47.9019775390625,8138600
2026-02-06,43.34000015258789,49.54999923706055,43.34000015258789,48.119998931884766,47.872127532958984,25537478
2026-02-09,49.15999984741211,49.599998474121094,46.61000061035156,46.880001068115234,46.638519287109375,21559863
2026-02-10,46.400001525878906,46.5,44.88999938964844,44.900001525878906,44.66871643066406,15613239
2026-02-11,44.66999816894531,45.470001220703125,43.790000915527344,43.880001068115234,43.65397262573242,9873637
2026-02-12,43.43000030517578,44.04999923706055,42.439998626708984,42.95000076293945,42.728759765625,9394242
2026-02-13,42.95000076293945,42.97999954223633,41.560001373291016,41.58000183105469,41.36581802368164,7534839
2026-02-24,42.0,42.06999969482422,41.099998474121094,41.33000183105469,41.11710739135742,6131597
2026-02-25,41.33000183105469,41.5,40.709999084472656,41.099998474121094,40.88829040527344,6909577
2026-02-26,41.119998931884766,41.290000915527344,40.380001068115234,40.84000015258789,40.62963104248047,6298153
2026-02-27,40.84000015258789,42.060001373291016,40.709999084472656,41.38999938964844,41.176795959472656,11207569
2026-03-02,40.150001525878906,41.5,39.900001525878906,40.36000061035156,40.152103424072266,8562355
2026-03-03,40.5,41.91999816894531,39.31999969482422,39.349998474121094,39.14730453491211,11754064
2026-03-04,38.7599983215332,40.290000915527344,38.18000030517578,39.68000030517578,39.47560501098633,6862768
2026-03-05,40.22999954223633,40.400001525878906,38.81999969482422,39.220001220703125,39.017974853515625,6668584
2026-03-06,38.880001068115234,40.11000061035156,38.65999984741211,39.7400016784668,39.53529739379883,5963036
2026-03-09,39.060001373291016,39.869998931884766,38.25,39.790000915527344,39.58503723144531,6028504
2026-03-10,40.5,40.63999938964844,39.77000045776367,40.439998626708984,40.231689453125,5489576
2026-03-11,40.439998626708984,41.439998626708984,40.0099983215332,40.970001220703125,40.75896072387695,8599503
2026-03-12,40.58000183105469,41.13999938964844,39.70000076293945,40.16999816894531,39.963077545166016,6688877
2026-03-13,40.15999984741211,40.939998626708984,39.75,39.900001525878906,39.69447326660156,5905148
2026-03-16,39.56999969482422,40.0,38.36000061035156,38.63999938964844,38.44095993041992,5746140
2026-03-17,38.900001525878906,40.150001525878906,37.77000045776367,37.81999969482422,37.625186920166016,5958582
2026-03-18,38.380001068115234,38.47999954223633,37.5099983215332,38.279998779296875,38.08281326293945,4232558
2026-03-19,38.20000076293945,38.68000030517578,37.540000915527344,37.939998626708984,37.74456787109375,4780752
2026-03-20,37.939998626708984,40.779998779296875,37.279998779296875,39.18000030517578,38.978179931640625,10933508
2026-03-23,38.900001525878906,40.599998474121094,38.52000045776367,39.810001373291016,39.60493469238281,11594286
2026-03-24,40.5,40.88999938964844,37.900001525878906,39.810001373291016,39.60493469238281,9731026
2026-03-25,39.470001220703125,41.20000076293945,39.2400016784668,41.20000076293945,40.98777389526367,11128397
2026-03-26,41.209999084472656,41.220001220703125,40.060001373291016,40.9900016784668,40.77885818481445,8270439
2026-03-27,40.2400016784668,41.18000030517578,40.11000061035156,41.18000030517578,40.96787643432617,6155440
2026-03-30,40.5,40.93000030517578,39.5,39.61000061035156,39.405967712402344,5873753
2026-03-31,39.0099983215332,39.029998779296875,35.650001525878906,35.9900016784668,35.80461502075195,8537522
2026-04-01,36.150001525878906,36.970001220703125,34.2400016784668,36.310001373291016,36.12296676635742,8551081
2026-04-02,35.52000045776367,35.88999938964844,33.65999984741211,33.869998931884766,33.69552993774414,6909899
2026-04-03,34.0,34.400001525878906,32.58000183105469,32.720001220703125,32.551456451416016,5073079
2026-04-07,32.70000076293945,33.38999938964844,32.58000183105469,33.130001068115234,32.959346771240234,3617630
2026-04-08,33.58000183105469,34.45000076293945,33.5,34.36000061035156,34.18301010131836,4443882
2026-04-09,34.290000915527344,34.290000915527344,33.43000030517578,33.689998626708984,33.516456604003906,3274500
2026-04-10,34.29999923706055,34.880001068115234,33.900001525878906,34.290000915527344,34.11336898803711,3879588
2026-04-13,34.0,35.5,33.790000915527344,34.869998931884766,34.69038009643555,4102897
2026-04-14,34.790000915527344,35.02000045776367,34.56999969482422,35.0,34.8197135925293,3468571
2026-04-15,34.9900016784668,35.599998474121094,34.900001525878906,35.2400016784668,35.058475494384766,4069233
2026-04-16,35.20000076293945,35.66999816894531,34.7400016784668,35.560001373291016,35.376827239990234,3195342
2026-04-17,35.29999923706055,35.90999984741211,35.29999923706055,35.83000183105469,35.64543914794922,3534210
2026-04-20,35.83000183105469,36.29999923706055,35.540000915527344,36.25,36.06327438354492,3570175
2026-04-21,36.43000030517578,36.70000076293945,35.95000076293945,36.25,36.06327438354492,3232826
2026-04-22,36.0,36.22999954223633,35.41999816894531,35.59000015258789,35.406673431396484,3929725
2026-04-23,35.54999923706055,35.779998779296875,34.58000183105469,34.95000076293945,34.76996994018555,3906630
2026-04-24,34.939998626708984,34.939998626708984,34.29999923706055,34.619998931884766,34.44166946411133,2445500
2026-04-27,34.40999984741211,34.790000915527344,33.869998931884766,34.650001525878906,34.47151565551758,2491800
2026-04-28,34.599998474121094,35.4900016784668,34.43000030517578,34.63999938964844,34.46156692504883,3917600
2026-04-29,34.79999923706055,35.56999969482422,34.18000030517578,35.439998626708984,35.257442474365234,4351100
2026-04-30,35.099998474121094,35.599998474121094,34.849998474121094,35.279998779296875,35.0982666015625,3562249
2026-05-06,35.15999984741211,36.09000015258789,35.15999984741211,35.72999954223633,35.54595184326172,3575980
2026-05-07,35.95000076293945,38.279998779296875,35.810001373291016,36.709999084472656,36.52090072631836,7378216
2026-05-08,36.709999084472656,37.58000183105469,36.279998779296875,37.5,37.30683517456055,5884299
2026-05-11,37.900001525878906,38.27000045776367,37.41999816894531,37.540000915527344,37.34663009643555,5329859
2026-05-12,37.54999923706055,37.9900016784668,37.209999084472656,37.27000045776367,37.07801818847656,4280766
2026-05-13,37.4900016784668,37.880001068115234,37.09000015258789,37.650001525878906,37.45606231689453,3753889
2026-05-14,37.7599983215332,39.13999938964844,37.54999923706055,37.689998626708984,37.495853424072266,7308851
2026-05-15,37.459999084472656,37.459999084472656,35.779998779296875,36.59000015258789,36.401519775390625,6828092
2026-05-18,36.5,36.97999954223633,35.709999084472656,36.2400016784668,36.05332565307617,3466000
2026-05-19,36.29999923706055,37.119998931884766,36.08000183105469,36.900001525878906,36.70992660522461,3612000
2026-05-20,36.83000183105469,37.08000183105469,36.099998474121094,36.689998626708984,36.50100326538086,3067618
2026-05-21,36.54999923706055,36.83000183105469,34.5099983215332,34.599998474121094,34.42177200317383,5021504
2026-05-22,34.619998931884766,35.959999084472656,34.619998931884766,35.66999816894531,35.48625946044922,3522952
2026-05-25,36.18000030517578,36.18000030517578,34.61000061035156,34.790000915527344,34.61079406738281,3226100
2026-05-26,34.77000045776367,35.2400016784668,33.36000061035156,33.810001373291016,33.635841369628906,3945100
2026-05-27,33.779998779296875,34.95000076293945,33.20000076293945,33.689998626708984,33.516456604003906,3284303
2026-05-28,33.45000076293945,33.68000030517578,32.29999923706055,33.279998779296875,33.10857009887695,3615600
2026-05-29,33.29999923706055,33.5,31.31999969482422,31.520000457763672,31.357637405395508,4426729
2026-06-01,31.510000228881836,32.34000015258789,31.510000228881836,31.81999969482422,31.656091690063477,2584552
2026-06-02,31.90999984741211,31.950000762939453,30.420000076293945,30.68000030517578,30.52196502685547,3216700
2026-06-03,30.670000076293945,30.950000762939453,29.850000381469727,30.100000381469727,29.9449520111084,3029854
2026-06-04,29.850000381469727,30.18000030517578,29.479999542236328,29.850000381469727,29.696239471435547,2725940
2026-06-05,29.8700008392334,31.34000015258789,29.09000015258789,30.59000015258789,30.43242835998535,4678808
2026-06-08,30.0,30.489999771118164,28.600000381469727,29.1200008392334,28.970001220703125,3372500
2026-06-09,29.299999237060547,29.59000015258789,28.489999771118164,29.450000762939453,29.298301696777344,2750234
2026-06-10,29.200000762939453,29.229999542236328,28.18000030517578,29.020000457763672,28.870515823364258,2908687
2026-06-11,28.799999237060547,29.15999984741211,28.40999984741211,29.1200008392334,28.970001220703125,2407003
2026-06-12,29.190000534057617,29.889999389648438,29.030000686645508,29.40999984741211,29.40999984741211,2471550
2026-06-15,29.920000076293945,29.920000076293945,29.1299991607666,29.399999618530273,29.399999618530273,2355941
2026-06-16,29.899999618530273,30.5,29.399999618530273,29.530000686645508,29.530000686645508,3913857
2026-06-17,29.520000457763672,29.770000457763672,28.739999771118164,28.809999465942383,28.809999465942383,3267680
2026-06-18,28.559999465942383,28.889999389648438,28.200000762939453,28.280000686645508,28.280000686645508,2845310
2026-06-22,28.209999084472656,28.3700008392334,27.329999923706055,28.149999618530273,28.149999618530273,3734900
2026-06-23,28.0,28.299999237060547,27.649999618530273,27.729999542236328,27.729999542236328,2837079
2026-06-24,27.450000762939453,27.729999542236328,26.540000915527344,27.100000381469727,27.100000381469727,3366820
2026-06-25,27.100000381469727,27.299999237060547,25.90999984741211,26.219999313354492,26.219999313354492,5079900
2026-06-26,26.5,26.93000030517578,25.729999542236328,26.010000228881836,26.010000228881836,4049301
2026-06-29,26.010000228881836,26.079999923706055,25.25,25.969999313354492,25.969999313354492,3928719
2026-06-30,25.899999618530273,26.75,25.75,26.5,26.5,3254415
2026-07-01,26.5,27.229999542236328,25.790000915527344,26.799999237060547,26.799999237060547,3488300
2026-07-02,26.579999923706055,27.100000381469727,26.31999969482422,26.469999313354492,26.469999313354492,2709236
2026-07-03,26.760000228881836,26.950000762939453,26.18000030517578,26.610000610351562,26.610000610351562,2659100
2026-07-06,26.709999084472656,26.799999237060547,25.760000228881836,25.799999237060547,25.799999237060547,2393405
2026-07-07,25.610000610351562,25.979999542236328,25.06999969482422,25.139999389648438,25.139999389648438,2035300
2026-07-08,25.059999465942383,25.270000457763672,24.260000228881836,24.360000610351562,24.360000610351562,2517837
2026-07-09,24.450000762939453,24.6299991607666,23.549999237060547,24.299999237060547,24.299999237060547,3023010
2026-07-10,24.280000686645508,25.399999618530273,24.010000228881836,24.799999237060547,24.799999237060547,3258000
2026-07-13,24.799999237060547,24.799999237060547,23.06999969482422,23.079999923706055,23.079999923706055,2804745
2026-07-14,23.190000534057617,23.43000030517578,22.729999542236328,23.360000610351562,23.360000610351562,2553605
2026-07-15,23.079999923706055,23.979999542236328,23.079999923706055,23.639999389648438,23.639999389648438,2750708
2026-07-16,23.3799991607666,24.059999465942383,23.219999313354492,23.469999313354492,23.469999313354492,2490921
2026-07-17,23.43000030517578,23.75,22.239999771118164,22.40999984741211,22.40999984741211,2962800
2026-07-20,22.530000686645508,23.059999465942383,21.700000762939453,22.15999984741211,22.15999984741211,3791700
2026-07-21,21.790000915527344,22.350000381469727,21.18000030517578,22.280000686645508,22.280000686645508,4218877
2026-07-22,22.110000610351562,22.43000030517578,21.780000686645508,21.920000076293945,21.920000076293945,2968942
2026-07-23,22.200000762939453,22.780000686645508,21.93000030517578,22.770000457763672,22.770000457763672,3123412
2026-07-24,22.540000915527344,22.889999389648438,22.09000015258789,22.110000610351562,22.110000610351562,2335125
2026-07-27,22.100000381469727,22.950000762939453,22.06999969482422,22.850000381469727,22.850000381469727,2085060
2026-07-28,22.610000610351562,23.479999542236328,22.610000610351562,23.079999923706055,23.079999923706055,2394400
2026-07-29,22.829999923706055,23.540000915527344,22.520000457763672,23.299999237060547,23.299999237060547,3181300
2026-07-30,23.229999542236328,23.8799991607666,23.15999984741211,23.299999237060547,23.299999237060547,2934104
2026-07-31,23.360000610351562,23.940000534057617,23.350000381469727,23.709999084472656,23.709999084472656,2894277
2026-08-03,24.0,24.670000076293945,23.799999237060547,24.479999542236328,24.479999542236328,3635110
2026-08-04,24.479999542236328,24.780000686645508,24.25,24.43000030517578,24.43000030517578,2462600
2026-08-05,24.399999618530273,24.739999771118164,24.329999923706055,24.56999969482422,24.56999969482422,2489816
2026-08-06,24.459999084472656,24.75,23.969999313354492,24.360000610351562,24.360000610351562,2353700
2026-08-07,24.440000534057617,24.969999313354492,24.059999465942383,24.530000686645508,24.530000686645508,2422600
2026-08-10,24.5,24.979999542236328,24.31999969482422,24.969999313354492,24.969999313354492,2471488
2026-08-11,24.979999542236328,25.280000686645508,24.3700008392334,25.040000915527344,25.040000915527344,2805007
2026-08-12,24.989999771118164,27.540000915527344,24.920000076293945,27.540000915527344,27.540000915527344,5944828
2026-08-13,27.389999389648438,27.959999084472656,26.6200008392334,26.6299991607666,26.6299991607666,11103061
2026-08-14,26.6299991607666,26.899999618530273,26.15999984741211,26.260000228881836,26.260000228881836,5393856
