Date,Open,High,Low,Close,Adj Close,Volume
2021-08-16,6.889999866485596,6.949999809265137,6.860000133514404,6.900000095367432,6.853220462799072,2722328
2021-08-17,6.869999885559082,6.909999847412109,6.71999979019165,6.739999771118164,6.694304943084717,3681978
2021-08-18,6.75,6.869999885559082,6.679999828338623,6.849999904632568,6.803559303283691,3446603
2021-08-19,6.849999904632568,6.920000076293945,6.800000190734863,6.909999847412109,6.863152503967285,3439404
2021-08-20,6.849999904632568,6.889999866485596,6.789999961853027,6.849999904632568,6.803559303283691,2853925
2021-08-23,6.849999904632568,6.980000019073486,6.829999923706055,6.909999847412109,6.863152503967285,5705288
2021-08-24,6.949999809265137,6.949999809265137,6.789999961853027,6.800000190734863,6.753898620605469,5008173
2021-08-25,6.789999961853027,6.809999942779541,6.710000038146973,6.71999979019165,6.674440383911133,5768433
2021-08-26,6.71999979019165,6.75,6.659999847412109,6.699999809265137,6.654575824737549,4248495
2021-08-27,6.699999809265137,6.71999979019165,6.610000133514404,6.659999847412109,6.614847183227539,4565080
2021-08-30,6.670000076293945,6.730000019073486,6.619999885559082,6.639999866485596,6.594982624053955,4567920
2021-08-31,6.639999866485596,6.650000095367432,6.53000020980835,6.550000190734863,6.505593299865723,4614258
2021-09-01,6.559999942779541,6.639999866485596,6.5,6.630000114440918,6.5850510597229,3920771
2021-09-02,6.630000114440918,6.710000038146973,6.539999961853027,6.679999828338623,6.634711742401123,3908123
2021-09-03,6.679999828338623,6.71999979019165,6.650000095367432,6.690000057220459,6.644644260406494,3170220
2021-09-06,6.690000057220459,6.820000171661377,6.670000076293945,6.789999961853027,6.743966102600098,4397782
2021-09-07,6.789999961853027,6.869999885559082,6.75,6.840000152587891,6.793627262115479,4219228
2021-09-08,6.840000152587891,6.949999809265137,6.800000190734863,6.929999828338623,6.883016586303711,5098807
2021-09-09,6.880000114440918,6.949999809265137,6.860000133514404,6.929999828338623,6.883016586303711,4771983
2021-09-10,6.929999828338623,6.960000038146973,6.820000171661377,6.869999885559082,6.823423385620117,3719366
2021-09-13,6.869999885559082,6.920000076293945,6.829999923706055,6.860000133514404,6.813491821289063,2891560
2021-09-14,6.869999885559082,6.900000095367432,6.739999771118164,6.739999771118164,6.694304943084717,3980655
2021-09-15,6.739999771118164,6.800000190734863,6.710000038146973,6.769999980926514,6.724101543426514,2265492
2021-09-16,6.800000190734863,6.980000019073486,6.78000020980835,6.840000152587891,6.793627262115479,5828228
2021-09-17,6.840000152587891,6.840000152587891,6.699999809265137,6.760000228881836,6.714169502258301,3440378
2021-09-22,6.710000038146973,6.75,6.630000114440918,6.730000019073486,6.684372901916504,3019344
2021-09-23,6.75,6.920000076293945,6.75,6.840000152587891,6.793627262115479,4781371
2021-09-24,6.840000152587891,6.840000152587891,6.690000057220459,6.699999809265137,6.654575824737549,3826319
2021-09-27,6.710000038146973,6.769999980926514,6.599999904632568,6.71999979019165,6.674440383911133,4580110
2021-09-28,6.699999809265137,6.730000019073486,6.659999847412109,6.699999809265137,6.654575824737549,2592326
2021-09-29,6.650000095367432,6.670000076293945,6.579999923706055,6.610000133514404,6.565186500549316,3098028
2021-09-30,6.630000114440918,6.670000076293945,6.590000152587891,6.630000114440918,6.5850510597229,2998389
2021-10-08,6.659999847412109,6.820000171661377,6.630000114440918,6.739999771118164,6.694304943084717,3950332
2021-10-11,6.739999771118164,6.769999980926514,6.699999809265137,6.739999771118164,6.694304943084717,2015579
2021-10-12,6.769999980926514,6.769999980926514,6.659999847412109,6.690000057220459,6.644644260406494,1984076
2021-10-13,6.699999809265137,6.739999771118164,6.650000095367432,6.730000019073486,6.684372901916504,1606254
2021-10-14,6.730000019073486,6.809999942779541,6.690000057220459,6.809999942779541,6.763830184936523,3114726
2021-10-15,6.809999942779541,6.849999904632568,6.730000019073486,6.739999771118164,6.694304943084717,2453192
2021-10-18,6.71999979019165,6.739999771118164,6.650000095367432,6.679999828338623,6.634711742401123,2863689
2021-10-19,6.650000095367432,6.809999942779541,6.650000095367432,6.730000019073486,6.684372901916504,3463565
2021-10-20,6.710000038146973,6.800000190734863,6.699999809265137,6.71999979019165,6.674440383911133,2163372
2021-10-21,6.71999979019165,6.71999979019165,6.630000114440918,6.659999847412109,6.614847183227539,2546764
2021-10-22,6.670000076293945,6.679999828338623,6.630000114440918,6.650000095367432,6.604915142059326,1201252
2021-10-25,6.670000076293945,6.670000076293945,6.590000152587891,6.619999885559082,6.575118541717529,1657060
2021-10-26,6.5,6.550000190734863,6.25,6.300000190734863,6.257288455963135,10173780
2021-10-27,6.269999980926514,6.400000095367432,5.849999904632568,5.949999809265137,5.909660816192627,9696230
2021-10-28,5.900000095367432,5.989999771118164,5.800000190734863,5.860000133514404,5.8202714920043945,2607437
2021-10-29,5.889999866485596,5.900000095367432,5.820000171661377,5.880000114440918,5.84013557434082,2597534
2021-11-01,5.880000114440918,5.96999979019165,5.840000152587891,5.960000038146973,5.919593334197998,2308627
2021-11-02,5.960000038146973,5.980000019073486,5.690000057220459,5.730000019073486,5.691152572631836,4710096
2021-11-03,5.769999980926514,5.829999923706055,5.739999771118164,5.820000171661377,5.780542373657227,2483288
2021-11-04,5.829999923706055,5.840000152587891,5.769999980926514,5.809999942779541,5.770609855651856,1727500
2021-11-05,5.800000190734863,5.929999828338623,5.789999961853027,5.889999866485596,5.850067615509033,2259848
2021-11-08,5.909999847412109,5.960000038146973,5.800000190734863,5.840000152587891,5.8004069328308105,2293672
2021-11-09,5.849999904632568,5.909999847412109,5.829999923706055,5.869999885559082,5.830203056335449,1909300
2021-11-10,5.860000133514404,5.920000076293945,5.820000171661377,5.880000114440918,5.84013557434082,2286152
2021-11-11,5.900000095367432,6.150000095367432,5.869999885559082,6.079999923706055,6.0387797355651855,5545192
2021-11-12,6.059999942779541,6.150000095367432,6.03000020980835,6.130000114440918,6.088440895080566,3148623
2021-11-15,6.119999885559082,6.28000020980835,6.090000152587891,6.230000019073486,6.18776273727417,3364100
2021-11-16,6.230000019073486,6.28000020980835,6.099999904632568,6.130000114440918,6.088440895080566,2726528
2021-11-17,6.139999866485596,6.449999809265137,6.139999866485596,6.360000133514404,6.3168816566467285,5110986
2021-11-18,6.349999904632568,6.400000095367432,6.239999771118164,6.25,6.207627296447754,2815404
2021-11-19,6.289999961853027,6.340000152587891,6.190000057220459,6.289999961853027,6.247355937957764,3047611
2021-11-22,6.309999942779541,6.340000152587891,6.199999809265137,6.25,6.207627296447754,2390832
2021-11-23,6.28000020980835,6.320000171661377,6.190000057220459,6.230000019073486,6.18776273727417,2310630
2021-11-24,6.230000019073486,6.349999904632568,6.170000076293945,6.269999980926514,6.22749137878418,2772126
2021-11-25,6.269999980926514,6.300000190734863,6.230000019073486,6.25,6.207627296447754,1484728
2021-11-26,6.230000019073486,6.25,6.150000095367432,6.179999828338623,6.138101577758789,2389980
2021-11-29,6.119999885559082,6.21999979019165,6.090000152587891,6.179999828338623,6.138101577758789,1875147
2021-11-30,6.190000057220459,6.380000114440918,6.170000076293945,6.320000171661377,6.2771525382995605,4104503
2021-12-01,6.320000171661377,6.389999866485596,6.28000020980835,6.369999885559082,6.326813220977783,3713422
2021-12-02,6.380000114440918,6.429999828338623,6.25,6.300000190734863,6.257288455963135,3439883
2021-12-03,6.289999961853027,6.53000020980835,6.239999771118164,6.449999809265137,6.406270980834961,5766136
2021-12-06,6.5,6.510000228881836,6.300000190734863,6.320000171661377,6.2771525382995605,4357401
2021-12-07,6.340000152587891,6.380000114440918,6.260000228881836,6.28000020980835,6.237423896789551,2367160
2021-12-08,6.289999961853027,6.320000171661377,6.239999771118164,6.300000190734863,6.257288455963135,1982000
2021-12-09,6.300000190734863,6.380000114440918,6.260000228881836,6.329999923706055,6.287084579467773,2377654
2021-12-10,6.309999942779541,6.440000057220459,6.289999961853027,6.409999847412109,6.366542339324951,3875436
2021-12-13,6.420000076293945,7.050000190734863,6.420000076293945,7.050000190734863,7.002203464508057,19237176
2021-12-14,6.949999809265137,7.139999866485596,6.699999809265137,6.820000171661377,6.773762702941895,26535972
2021-12-15,6.820000171661377,6.860000133514404,6.699999809265137,6.71999979019165,6.674440383911133,9097613
2021-12-16,6.71999979019165,6.900000095367432,6.650000095367432,6.829999923706055,6.783694744110107,8191764
2021-12-17,6.800000190734863,6.860000133514404,6.710000038146973,6.800000190734863,6.753898620605469,5218477
2021-12-20,6.730000019073486,6.849999904632568,6.710000038146973,6.829999923706055,6.783694744110107,5305217
2021-12-21,6.849999904632568,6.849999904632568,6.730000019073486,6.849999904632568,6.803559303283691,5246812
2021-12-22,6.860000133514404,7.019999980926514,6.75,6.769999980926514,6.724101543426514,7309795
2021-12-23,6.78000020980835,6.840000152587891,6.699999809265137,6.71999979019165,6.674440383911133,4282583
2021-12-24,6.699999809265137,6.78000020980835,6.619999885559082,6.630000114440918,6.5850510597229,3939954
2021-12-27,6.650000095367432,6.769999980926514,6.559999942779541,6.690000057220459,6.644644260406494,3670460
2021-12-28,6.699999809265137,6.769999980926514,6.690000057220459,6.71999979019165,6.674440383911133,2895800
2021-12-29,6.699999809265137,6.820000171661377,6.659999847412109,6.760000228881836,6.714169502258301,3418685
2021-12-30,6.849999904632568,6.880000114440918,6.78000020980835,6.849999904632568,6.803559303283691,5054594
2021-12-31,6.869999885559082,6.940000057220459,6.840000152587891,6.889999866485596,6.843287944793701,5008581
2022-01-04,7.03000020980835,7.579999923706055,6.949999809265137,7.409999847412109,7.359762668609619,33710685
2022-01-05,7.260000228881836,7.400000095367432,7.079999923706055,7.190000057220459,7.141254425048828,21249523
2022-01-06,7.179999828338623,7.25,7.110000133514404,7.199999809265137,7.151185989379883,8612400
2022-01-07,7.190000057220459,7.25,7.03000020980835,7.050000190734863,7.002203464508057,7736800
2022-01-10,7.059999942779541,7.139999866485596,7.0,7.119999885559082,7.071728706359863,5120797
2022-01-11,7.079999923706055,7.190000057220459,7.019999980926514,7.119999885559082,7.071728706359863,4737452
2022-01-12,7.130000114440918,7.25,7.099999904632568,7.230000019073486,7.180983066558838,4982753
2022-01-13,7.260000228881836,7.28000020980835,7.179999828338623,7.190000057220459,7.141254425048828,4307083
2022-01-14,7.150000095367432,7.170000076293945,7.039999961853027,7.050000190734863,7.002203464508057,5193215
2022-01-17,7.090000152587891,7.320000171661377,7.079999923706055,7.320000171661377,7.270372867584228,7467791
2022-01-18,7.28000020980835,7.349999904632568,7.139999866485596,7.159999847412109,7.111457347869873,6190702
2022-01-19,7.119999885559082,7.289999961853027,7.119999885559082,7.260000228881836,7.210779666900635,4998000
2022-01-20,7.239999771118164,7.269999980926514,7.090000152587891,7.099999904632568,7.051864147186279,4171634
2022-01-21,7.079999923706055,7.210000038146973,7.059999942779541,7.090000152587891,7.041932106018066,4183942
2022-01-24,7.090000152587891,7.139999866485596,6.920000076293945,6.940000057220459,6.892949104309082,5556062
2022-01-25,6.929999828338623,7.0,6.579999923706055,6.579999923706055,6.53538990020752,7169594
2022-01-26,6.579999923706055,6.760000228881836,6.570000171661377,6.730000019073486,6.684372901916504,4423152
2022-01-27,6.760000228881836,6.760000228881836,6.320000171661377,6.360000133514404,6.3168816566467285,7523435
2022-01-28,6.360000133514404,6.539999961853027,6.360000133514404,6.449999809265137,6.406270980834961,3324620
2022-02-07,6.550000190734863,6.619999885559082,6.449999809265137,6.550000190734863,6.505593299865723,3554639
2022-02-08,6.510000228881836,6.690000057220459,6.449999809265137,6.690000057220459,6.644644260406494,3630546
2022-02-09,6.71999979019165,6.809999942779541,6.670000076293945,6.78000020980835,6.734034061431885,3894236
2022-02-10,6.800000190734863,6.800000190734863,6.679999828338623,6.710000038146973,6.66450834274292,2770248
2022-02-11,6.710000038146973,6.739999771118164,6.539999961853027,6.570000171661377,6.525457859039307,3237600
2022-02-14,6.550000190734863,6.630000114440918,6.510000228881836,6.550000190734863,6.505593299865723,2481287
2022-02-15,6.579999923706055,6.610000133514404,6.449999809265137,6.489999771118164,6.445999622344971,3043900
2022-02-16,6.550000190734863,6.630000114440918,6.53000020980835,6.559999942779541,6.515525341033936,2677013
2022-02-17,6.559999942779541,6.619999885559082,6.480000019073486,6.480000019073486,6.436067581176758,2987659
2022-02-18,6.46999979019165,6.590000152587891,6.449999809265137,6.579999923706055,6.53538990020752,2439500
2022-02-21,6.650000095367432,6.960000038146973,6.599999904632568,6.940000057220459,6.892949104309082,7907927
2022-02-22,6.940000057220459,6.940000057220459,6.78000020980835,6.869999885559082,6.823423385620117,5062256
2022-02-23,6.869999885559082,6.929999828338623,6.820000171661377,6.880000114440918,6.833355903625488,3815552
2022-02-24,6.860000133514404,6.909999847412109,6.610000133514404,6.679999828338623,6.634711742401123,6031980
2022-02-25,6.739999771118164,6.78000020980835,6.650000095367432,6.679999828338623,6.634711742401123,3200848
2022-02-28,6.650000095367432,6.690000057220459,6.539999961853027,6.659999847412109,6.614847183227539,3370366
2022-03-01,6.670000076293945,6.75,6.639999866485596,6.739999771118164,6.694304943084717,2930074
2022-03-02,6.690000057220459,6.789999961853027,6.690000057220459,6.769999980926514,6.724101543426514,2496243
2022-03-03,6.75,6.800000190734863,6.710000038146973,6.730000019073486,6.684372901916504,2283503
2022-03-04,6.699999809265137,6.849999904632568,6.659999847412109,6.690000057220459,6.644644260406494,4083650
2022-03-07,6.690000057220459,6.699999809265137,6.5,6.610000133514404,6.565186500549316,3939957
2022-03-08,6.579999923706055,6.670000076293945,6.360000133514404,6.360000133514404,6.3168816566467285,4437033
2022-03-09,6.420000076293945,6.440000057220459,5.949999809265137,6.210000038146973,6.167898178100586,5769293
2022-03-10,6.309999942779541,6.420000076293945,6.300000190734863,6.340000152587891,6.2970170974731445,3766032
2022-03-11,6.28000020980835,6.380000114440918,6.130000114440918,6.360000133514404,6.3168816566467285,2912280
2022-03-14,6.360000133514404,6.599999904632568,6.320000171661377,6.389999866485596,6.346677780151367,5308240
2022-03-15,6.340000152587891,6.590000152587891,6.269999980926514,6.289999961853027,6.247355937957764,7812368
2022-03-16,6.349999904632568,6.659999847412109,6.289999961853027,6.639999866485596,6.594982624053955,8828540
2022-03-17,7.0,7.090000152587891,6.659999847412109,6.840000152587891,6.793627262115479,18297445
2022-03-18,6.800000190734863,7.0,6.769999980926514,6.880000114440918,6.833355903625488,9669215
2022-03-21,6.909999847412109,7.050000190734863,6.800000190734863,7.03000020980835,6.982338905334473,9386658
2022-03-22,7.019999980926514,7.119999885559082,6.960000038146973,7.059999942779541,7.0121355056762695,8354315
2022-03-23,7.119999885559082,7.769999980926514,7.019999980926514,7.769999980926514,7.717321872711182,21385413
2022-03-24,8.0,8.100000381469727,7.25,7.369999885559082,7.320033550262451,45996101
2022-03-25,7.099999904632568,7.25,6.940000057220459,7.0,6.952542304992676,28706952
2022-03-28,6.960000038146973,6.96999979019165,6.769999980926514,6.880000114440918,6.833355903625488,13592078
2022-03-29,6.829999923706055,6.909999847412109,6.639999866485596,6.710000038146973,6.66450834274292,11115770
2022-03-30,6.710000038146973,6.760000228881836,6.599999904632568,6.710000038146973,6.66450834274292,8610409
2022-03-31,6.679999828338623,6.739999771118164,6.650000095367432,6.710000038146973,6.66450834274292,6511751
2022-04-01,6.679999828338623,6.679999828338623,6.440000057220459,6.559999942779541,6.515525341033936,8618204
2022-04-06,6.559999942779541,6.840000152587891,6.559999942779541,6.78000020980835,6.734034061431885,8915995
2022-04-07,6.760000228881836,6.829999923706055,6.590000152587891,6.590000152587891,6.545321941375732,5683475
2022-04-08,6.590000152587891,6.599999904632568,6.380000114440918,6.5,6.455932140350342,5425800
2022-04-11,6.5,6.5,6.28000020980835,6.329999923706055,6.287084579467773,4879940
2022-04-12,6.349999904632568,6.409999847412109,6.210000038146973,6.389999866485596,6.346677780151367,3952328
2022-04-13,6.340000152587891,6.380000114440918,6.260000228881836,6.289999961853027,6.247355937957764,2936356
2022-04-14,6.349999904632568,6.389999866485596,6.309999942779541,6.329999923706055,6.287084579467773,2456366
2022-04-15,6.309999942779541,6.309999942779541,6.150000095367432,6.170000076293945,6.128169536590576,4100875
2022-04-18,6.170000076293945,6.559999942779541,6.150000095367432,6.460000038146973,6.416203498840332,9993981
2022-04-19,6.449999809265137,6.659999847412109,6.369999885559082,6.610000133514404,6.565186500549316,9065141
2022-04-20,6.670000076293945,6.800000190734863,6.539999961853027,6.559999942779541,6.515525341033936,6441013
2022-04-21,6.579999923706055,6.670000076293945,6.429999828338623,6.579999923706055,6.53538990020752,8010226
2022-04-22,6.550000190734863,6.650000095367432,6.309999942779541,6.590000152587891,6.545321941375732,7851360
2022-04-25,6.46999979019165,6.539999961853027,5.96999979019165,5.989999771118164,5.949389457702637,7273799
2022-04-26,6.079999923706055,6.099999904632568,5.539999961853027,5.579999923706055,5.542169570922852,9755375
2022-04-27,5.53000020980835,5.71999979019165,5.369999885559082,5.699999809265137,5.661355495452881,7518174
2022-04-28,5.619999885559082,5.699999809265137,5.550000190734863,5.590000152587891,5.5521016120910645,4225660
2022-04-29,5.650000095367432,5.849999904632568,5.599999904632568,5.760000228881836,5.720949172973633,5923152
2022-05-05,5.599999904632568,5.599999904632568,5.369999885559082,5.46999979019165,5.432915210723877,11534634
2022-05-06,5.369999885559082,5.389999866485596,5.25,5.28000020980835,5.244203567504883,8240689
2022-05-09,5.28000020980835,5.400000095367432,5.25,5.329999923706055,5.2938642501831055,4804900
2022-05-10,5.25,5.369999885559082,5.230000019073486,5.349999904632568,5.3137288093566895,4494271
2022-05-11,5.349999904632568,5.449999809265137,5.340000152587891,5.360000133514404,5.3236613273620605,6059760
2022-05-12,5.309999942779541,5.420000076293945,5.300000190734863,5.420000076293945,5.383254051208496,3732300
2022-05-13,5.389999866485596,5.420000076293945,5.329999923706055,5.380000114440918,5.343525409698486,3192771
2022-05-16,5.409999847412109,5.46999979019165,5.369999885559082,5.46999979019165,5.432915210723877,3925111
2022-05-17,5.46999979019165,5.46999979019165,5.309999942779541,5.360000133514404,5.3236613273620605,3734325
2022-05-18,5.380000114440918,5.480000019073486,5.360000133514404,5.46999979019165,5.432915210723877,5058076
2022-05-19,5.389999866485596,5.539999961853027,5.329999923706055,5.510000228881836,5.472644329071045,4583832
2022-05-20,5.510000228881836,5.599999904632568,5.460000038146973,5.559999942779541,5.522305011749268,4513314
2022-05-23,5.559999942779541,5.730000019073486,5.539999961853027,5.730000019073486,5.691152572631836,4028592
2022-05-24,5.710000038146973,5.739999771118164,5.400000095367432,5.400000095367432,5.36338996887207,5130460
2022-05-25,5.380000114440918,5.519999980926514,5.380000114440918,5.519999980926514,5.482576370239258,3154857
2022-05-26,5.53000020980835,5.619999885559082,5.440000057220459,5.599999904632568,5.562033653259277,3687101
2022-05-27,5.579999923706055,5.630000114440918,5.510000228881836,5.539999961853027,5.502440452575684,3199304
2022-05-30,5.570000171661377,5.579999923706055,5.510000228881836,5.559999942779541,5.522305011749268,2741717
2022-05-31,5.570000171661377,5.639999866485596,5.53000020980835,5.630000114440918,5.591830730438232,2913260
2022-06-01,5.650000095367432,5.670000076293945,5.579999923706055,5.619999885559082,5.581898212432861,3473168
2022-06-02,5.610000133514404,5.690000057220459,5.539999961853027,5.679999828338623,5.641491413116455,3712519
2022-06-06,5.690000057220459,5.78000020980835,5.659999847412109,5.769999980926514,5.730881214141846,4378899
2022-06-07,5.739999771118164,5.789999961853027,5.690000057220459,5.769999980926514,5.730881214141846,3634980
2022-06-08,5.760000228881836,5.840000152587891,5.639999866485596,5.710000038146973,5.671288013458252,3789225
2022-06-09,5.659999847412109,5.739999771118164,5.550000190734863,5.579999923706055,5.542169570922852,3206660
2022-06-10,5.599999904632568,5.710000038146973,5.539999961853027,5.659999847412109,5.621626853942871,3100632
2022-06-13,5.650000095367432,6.199999809265137,5.590000152587891,5.860000133514404,5.8202714920043945,10694621
2022-06-14,5.800000190734863,5.860000133514404,5.690000057220459,5.829999923706055,5.79047441482544,6500345
2022-06-15,5.78000020980835,5.909999847412109,5.78000020980835,5.800000190734863,5.760678291320801,5080252
2022-06-16,5.789999961853027,6.0,5.769999980926514,5.940000057220459,5.899728775024414,7187372
2022-06-17,5.849999904632568,5.849999904632568,5.699999809265137,5.789999961853027,5.75074577331543,6857040
2022-06-20,5.75,5.809999942779541,5.71999979019165,5.789999961853027,5.75074577331543,3324333
2022-06-21,5.75,5.840000152587891,5.710000038146973,5.789999961853027,5.75074577331543,4662433
2022-06-22,5.809999942779541,5.829999923706055,5.679999828338623,5.679999828338623,5.641491413116455,3116848
2022-06-23,5.670000076293945,5.730000019073486,5.639999866485596,5.71999979019165,5.681220054626465,3557500
2022-06-24,5.78000020980835,5.800000190734863,5.71999979019165,5.78000020980835,5.740813732147217,3644352
2022-06-27,5.78000020980835,5.840000152587891,5.71999979019165,5.769999980926514,5.730881214141846,3868172
2022-06-28,5.760000228881836,5.920000076293945,5.75,5.900000095367432,5.860000133514404,6812410
2022-06-29,5.880000114440918,5.900000095367432,5.739999771118164,5.739999771118164,5.739999771118164,3862738
2022-06-30,5.739999771118164,5.829999923706055,5.739999771118164,5.760000228881836,5.760000228881836,3149764
2022-07-01,5.789999961853027,5.809999942779541,5.699999809265137,5.699999809265137,5.699999809265137,2875266
2022-07-04,5.710000038146973,5.710000038146973,5.550000190734863,5.590000152587891,5.590000152587891,6247100
2022-07-05,5.599999904632568,5.619999885559082,5.409999847412109,5.510000228881836,5.510000228881836,4891662
2022-07-06,5.519999980926514,5.539999961853027,5.440000057220459,5.480000019073486,5.480000019073486,3126200
2022-07-07,5.480000019073486,5.550000190734863,5.440000057220459,5.519999980926514,5.519999980926514,2791582
2022-07-08,5.510000228881836,5.650000095367432,5.5,5.650000095367432,5.650000095367432,4507524
2022-07-11,5.650000095367432,5.659999847412109,5.489999771118164,5.539999961853027,5.539999961853027,3455060
2022-07-12,5.5,5.53000020980835,5.420000076293945,5.429999828338623,5.429999828338623,3171500
2022-07-13,5.440000057220459,5.53000020980835,5.429999828338623,5.5,5.5,2724881
2022-07-14,5.539999961853027,5.539999961853027,5.429999828338623,5.440000057220459,5.440000057220459,2975884
2022-07-15,5.199999809265137,5.199999809265137,4.900000095367432,4.900000095367432,4.900000095367432,17739897
2022-07-18,4.820000171661377,5.130000114440918,4.820000171661377,5.090000152587891,5.090000152587891,10090902
2022-07-19,5.139999866485596,5.369999885559082,5.079999923706055,5.289999961853027,5.289999961853027,7462597
2022-07-20,5.329999923706055,5.360000133514404,5.239999771118164,5.329999923706055,5.329999923706055,4165230
2022-07-21,5.329999923706055,5.46999979019165,5.289999961853027,5.300000190734863,5.300000190734863,3465707
2022-07-22,5.309999942779541,5.380000114440918,5.260000228881836,5.300000190734863,5.300000190734863,3236020
2022-07-25,5.380000114440918,5.429999828338623,5.239999771118164,5.269999980926514,5.269999980926514,3417592
2022-07-26,5.300000190734863,5.349999904632568,5.230000019073486,5.349999904632568,5.349999904632568,2725067
2022-07-27,5.340000152587891,5.369999885559082,5.300000190734863,5.360000133514404,5.360000133514404,2738897
2022-07-28,5.360000133514404,5.559999942779541,5.349999904632568,5.510000228881836,5.510000228881836,5839172
2022-07-29,5.53000020980835,5.820000171661377,5.53000020980835,5.559999942779541,5.559999942779541,7591104
2022-08-01,5.559999942779541,5.75,5.5,5.679999828338623,5.679999828338623,6535887
2022-08-02,5.619999885559082,5.670000076293945,5.349999904632568,5.380000114440918,5.380000114440918,7115400
2022-08-03,5.389999866485596,5.590000152587891,5.369999885559082,5.400000095367432,5.400000095367432,4889789
2022-08-04,5.480000019073486,5.559999942779541,5.420000076293945,5.510000228881836,5.510000228881836,2949996
2022-08-05,5.510000228881836,5.670000076293945,5.510000228881836,5.670000076293945,5.670000076293945,4100092
2022-08-08,5.670000076293945,5.800000190734863,5.619999885559082,5.789999961853027,5.789999961853027,4923020
2022-08-09,5.820000171661377,5.909999847412109,5.690000057220459,5.769999980926514,5.769999980926514,5389420
2022-08-10,5.820000171661377,5.840000152587891,5.690000057220459,5.71999979019165,5.71999979019165,3244313
2022-08-11,5.699999809265137,5.820000171661377,5.699999809265137,5.730000019073486,5.730000019073486,4154664
2022-08-12,5.730000019073486,5.769999980926514,5.679999828338623,5.699999809265137,5.699999809265137,4443993
2022-08-15,5.659999847412109,5.679999828338623,5.590000152587891,5.639999866485596,5.639999866485596,3610522
2022-08-16,5.650000095367432,5.699999809265137,5.619999885559082,5.679999828338623,5.679999828338623,3268600
2022-08-17,5.699999809265137,5.71999979019165,5.659999847412109,5.690000057220459,5.690000057220459,3023888
2022-08-18,5.71999979019165,5.71999979019165,5.610000133514404,5.71999979019165,5.71999979019165,3707848
2022-08-19,5.710000038146973,5.800000190734863,5.630000114440918,5.630000114440918,5.630000114440918,3675200
2022-08-22,5.639999866485596,5.739999771118164,5.550000190734863,5.630000114440918,5.630000114440918,3214716
2022-08-23,5.619999885559082,5.659999847412109,5.570000171661377,5.590000152587891,5.590000152587891,2645040
2022-08-24,5.599999904632568,5.650000095367432,5.409999847412109,5.420000076293945,5.420000076293945,4029500
2022-08-25,5.429999828338623,5.5,5.329999923706055,5.5,5.5,4448476
2022-08-26,5.460000038146973,5.550000190734863,5.420000076293945,5.480000019073486,5.480000019073486,2887596
2022-08-29,5.489999771118164,5.590000152587891,5.340000152587891,5.579999923706055,5.579999923706055,2972176
2022-08-30,5.579999923706055,5.659999847412109,5.46999979019165,5.519999980926514,5.519999980926514,4297055
2022-08-31,5.519999980926514,5.559999942779541,5.360000133514404,5.360000133514404,5.360000133514404,3484943
2022-09-01,5.349999904632568,5.53000020980835,5.349999904632568,5.360000133514404,5.360000133514404,3509836
2022-09-02,5.349999904632568,5.579999923706055,5.349999904632568,5.570000171661377,5.570000171661377,4592760
2022-09-05,5.570000171661377,5.650000095367432,5.510000228881836,5.570000171661377,5.570000171661377,2673360
2022-09-06,5.570000171661377,5.590000152587891,5.480000019073486,5.5,5.5,2768580
2022-09-07,5.519999980926514,5.519999980926514,5.400000095367432,5.46999979019165,5.46999979019165,3621480
2022-09-08,5.5,5.5,5.369999885559082,5.389999866485596,5.389999866485596,2691100
2022-09-09,5.400000095367432,5.449999809265137,5.340000152587891,5.389999866485596,5.389999866485596,2414800
2022-09-13,5.449999809265137,5.53000020980835,5.389999866485596,5.400000095367432,5.400000095367432,3512300
2022-09-14,5.349999904632568,5.380000114440918,5.300000190734863,5.340000152587891,5.340000152587891,2432808
2022-09-15,5.349999904632568,5.409999847412109,5.170000076293945,5.21999979019165,5.21999979019165,3324229
2022-09-16,5.260000228881836,5.300000190734863,5.099999904632568,5.099999904632568,5.099999904632568,3161494
2022-09-19,5.110000133514404,5.159999847412109,4.989999771118164,5.019999980926514,5.019999980926514,3742585
2022-09-20,5.079999923706055,5.139999866485596,5.039999961853027,5.079999923706055,5.079999923706055,2064988
2022-09-21,5.079999923706055,5.170000076293945,4.96999979019165,5.139999866485596,5.139999866485596,3126401
2022-09-22,5.110000133514404,5.179999828338623,5.079999923706055,5.099999904632568,5.099999904632568,2955100
2022-09-23,5.130000114440918,5.130000114440918,4.949999809265137,4.949999809265137,4.949999809265137,2719571
2022-09-26,4.920000076293945,4.929999828338623,4.75,4.769999980926514,4.769999980926514,3963840
2022-09-27,4.800000190734863,4.880000114440918,4.760000228881836,4.880000114440918,4.880000114440918,2849265
2022-09-28,4.909999847412109,4.909999847412109,4.760000228881836,4.760000228881836,4.760000228881836,2599772
2022-09-29,4.78000020980835,4.880000114440918,4.690000057220459,4.71999979019165,4.71999979019165,3427720
2022-09-30,4.71999979019165,4.78000020980835,4.670000076293945,4.670000076293945,4.670000076293945,1755072
2022-10-10,4.670000076293945,4.739999771118164,4.559999942779541,4.590000152587891,4.590000152587891,2505740
2022-10-11,4.559999942779541,4.650000095367432,4.510000228881836,4.539999961853027,4.539999961853027,2519300
2022-10-12,4.539999961853027,4.75,4.519999980926514,4.75,4.75,4520620
2022-10-13,4.75,4.909999847412109,4.699999809265137,4.880000114440918,4.880000114440918,5071784
2022-10-14,4.889999866485596,4.949999809265137,4.849999904632568,4.929999828338623,4.929999828338623,4191679
2022-10-17,4.900000095367432,5.079999923706055,4.900000095367432,5.070000171661377,5.070000171661377,4201600
2022-10-18,5.079999923706055,5.25,5.039999961853027,5.150000095367432,5.150000095367432,5034682
2022-10-19,5.099999904632568,5.670000076293945,5.079999923706055,5.670000076293945,5.670000076293945,23110038
2022-10-20,5.480000019073486,5.619999885559082,5.369999885559082,5.5,5.5,29984110
2022-10-21,5.409999847412109,5.909999847412109,5.369999885559082,5.53000020980835,5.53000020980835,23272197
2022-10-24,5.550000190734863,5.71999979019165,5.460000038146973,5.510000228881836,5.510000228881836,16972161
2022-10-25,5.46999979019165,5.53000020980835,5.309999942779541,5.389999866485596,5.389999866485596,12483385
2022-10-26,5.420000076293945,5.690000057220459,5.349999904632568,5.659999847412109,5.659999847412109,17041551
2022-10-27,5.610000133514404,5.639999866485596,5.510000228881836,5.510000228881836,5.510000228881836,10377783
2022-10-28,5.449999809265137,5.610000133514404,5.349999904632568,5.369999885559082,5.369999885559082,8711823
2022-10-31,5.25,5.599999904632568,5.199999809265137,5.550000190734863,5.550000190734863,11796821
2022-11-01,5.539999961853027,5.599999904632568,5.449999809265137,5.579999923706055,5.579999923706055,7525703
2022-11-02,5.570000171661377,5.809999942779541,5.550000190734863,5.699999809265137,5.699999809265137,10897102
2022-11-03,5.690000057220459,5.690000057220459,5.510000228881836,5.550000190734863,5.550000190734863,7175519
2022-11-04,5.559999942779541,5.590000152587891,5.489999771118164,5.559999942779541,5.559999942779541,6217313
2022-11-07,5.519999980926514,5.650000095367432,5.510000228881836,5.539999961853027,5.539999961853027,5028187
2022-11-08,5.599999904632568,6.090000152587891,5.429999828338623,6.090000152587891,6.090000152587891,20774440
2022-11-09,6.550000190734863,6.699999809265137,6.119999885559082,6.150000095367432,6.150000095367432,56992368
2022-11-10,6.070000171661377,6.320000171661377,5.949999809265137,6.21999979019165,6.21999979019165,32297628
2022-11-11,6.269999980926514,6.329999923706055,5.909999847412109,5.929999828338623,5.929999828338623,32978918
2022-11-14,5.929999828338623,6.199999809265137,5.800000190734863,6.079999923706055,6.079999923706055,22744340
2022-11-15,6.099999904632568,6.139999866485596,5.900000095367432,6.070000171661377,6.070000171661377,18859719
2022-11-16,6.090000152587891,6.099999904632568,5.900000095367432,5.909999847412109,5.909999847412109,13616844
2022-11-17,5.940000057220459,6.059999942779541,5.869999885559082,6.059999942779541,6.059999942779541,12835615
2022-11-18,6.039999961853027,6.110000133514404,6.0,6.0,6.0,12334476
2022-11-21,5.96999979019165,6.090000152587891,5.909999847412109,6.070000171661377,6.070000171661377,10170726
2022-11-22,6.050000190734863,6.130000114440918,5.980000019073486,5.980000019073486,5.980000019073486,9625812
2022-11-23,5.980000019073486,5.980000019073486,5.699999809265137,5.739999771118164,5.739999771118164,12056603
2022-11-24,5.78000020980835,5.840000152587891,5.699999809265137,5.789999961853027,5.789999961853027,6973408
2022-11-25,5.760000228881836,5.789999961853027,5.639999866485596,5.739999771118164,5.739999771118164,6236100
2022-11-28,5.679999828338623,5.699999809265137,5.570000171661377,5.610000133514404,5.610000133514404,5246300
2022-11-29,5.619999885559082,5.659999847412109,5.570000171661377,5.639999866485596,5.639999866485596,5139432
2022-11-30,5.630000114440918,5.829999923706055,5.519999980926514,5.71999979019165,5.71999979019165,8783264
2022-12-01,5.71999979019165,5.789999961853027,5.679999828338623,5.739999771118164,5.739999771118164,5627820
2022-12-02,5.739999771118164,5.869999885559082,5.730000019073486,5.829999923706055,5.829999923706055,6804624
2022-12-05,5.840000152587891,6.090000152587891,5.829999923706055,6.079999923706055,6.079999923706055,10390904
2022-12-06,6.079999923706055,6.079999923706055,5.909999847412109,5.949999809265137,5.949999809265137,7642104
2022-12-07,5.949999809265137,5.96999979019165,5.869999885559082,5.909999847412109,5.909999847412109,4387800
2022-12-08,5.949999809265137,5.949999809265137,5.760000228881836,5.78000020980835,5.78000020980835,5204701
2022-12-09,5.820000171661377,5.829999923706055,5.699999809265137,5.710000038146973,5.710000038146973,4857680
2022-12-12,5.690000057220459,5.800000190734863,5.639999866485596,5.769999980926514,5.769999980926514,4674305
2022-12-13,5.800000190734863,5.800000190734863,5.619999885559082,5.650000095367432,5.650000095367432,4875909
2022-12-14,5.659999847412109,5.690000057220459,5.570000171661377,5.610000133514404,5.610000133514404,4002124
2022-12-15,5.610000133514404,5.75,5.579999923706055,5.659999847412109,5.659999847412109,4394004
2022-12-16,5.650000095367432,5.650000095367432,5.429999828338623,5.429999828338623,5.429999828338623,6438233
2022-12-19,5.440000057220459,5.46999979019165,5.289999961853027,5.320000171661377,5.320000171661377,4393788
2022-12-20,5.309999942779541,5.409999847412109,5.230000019073486,5.260000228881836,5.260000228881836,4131236
2022-12-21,5.239999771118164,5.300000190734863,5.170000076293945,5.190000057220459,5.190000057220459,2895700
2022-12-22,5.210000038146973,5.269999980926514,5.159999847412109,5.170000076293945,5.170000076293945,3120692
2022-12-23,5.159999847412109,5.269999980926514,5.139999866485596,5.239999771118164,5.239999771118164,2679200
2022-12-26,5.239999771118164,5.309999942779541,5.210000038146973,5.269999980926514,5.269999980926514,3136800
2022-12-27,5.369999885559082,5.369999885559082,5.159999847412109,5.210000038146973,5.210000038146973,4054025
2022-12-28,5.21999979019165,5.230000019073486,5.079999923706055,5.099999904632568,5.099999904632568,3431400
2022-12-29,5.110000133514404,5.210000038146973,5.099999904632568,5.119999885559082,5.119999885559082,3540259
2022-12-30,5.130000114440918,5.210000038146973,5.099999904632568,5.199999809265137,5.199999809265137,2515460
2023-01-03,5.210000038146973,5.420000076293945,5.199999809265137,5.409999847412109,5.409999847412109,5509425
2023-01-04,5.409999847412109,5.519999980926514,5.380000114440918,5.510000228881836,5.510000228881836,5804801
2023-01-05,5.519999980926514,5.519999980926514,5.440000057220459,5.510000228881836,5.510000228881836,3570666
2023-01-06,5.510000228881836,5.519999980926514,5.380000114440918,5.389999866485596,5.389999866485596,3553632
2023-01-09,5.389999866485596,5.460000038146973,5.380000114440918,5.400000095367432,5.400000095367432,2755160
2023-01-10,5.429999828338623,5.429999828338623,5.329999923706055,5.349999904632568,5.349999904632568,2409800
2023-01-11,5.389999866485596,5.389999866485596,5.210000038146973,5.21999979019165,5.21999979019165,3701998
2023-01-12,5.21999979019165,5.320000171661377,5.210000038146973,5.239999771118164,5.239999771118164,2601480
2023-01-13,5.28000020980835,5.289999961853027,5.150000095367432,5.179999828338623,5.179999828338623,2970980
2023-01-16,5.159999847412109,5.320000171661377,5.150000095367432,5.269999980926514,5.269999980926514,3706484
2023-01-17,5.289999961853027,5.309999942779541,5.150000095367432,5.159999847412109,5.159999847412109,3073068
2023-01-18,5.190000057220459,5.340000152587891,5.150000095367432,5.340000152587891,5.340000152587891,4576600
2023-01-19,5.340000152587891,5.460000038146973,5.309999942779541,5.460000038146973,5.460000038146973,4881400
2023-01-20,5.46999979019165,5.53000020980835,5.409999847412109,5.46999979019165,5.46999979019165,4798720
2023-01-30,5.539999961853027,5.650000095367432,5.53000020980835,5.639999866485596,5.639999866485596,5863556
2023-01-31,5.619999885559082,5.639999866485596,5.5,5.579999923706055,5.579999923706055,5536662
2023-02-01,5.599999904632568,5.78000020980835,5.590000152587891,5.730000019073486,5.730000019073486,7937492
2023-02-02,5.789999961853027,5.909999847412109,5.710000038146973,5.800000190734863,5.800000190734863,9056619
2023-02-03,5.829999923706055,6.380000114440918,5.800000190734863,6.380000114440918,6.380000114440918,12140195
2023-02-06,6.940000057220459,7.019999980926514,6.449999809265137,6.539999961853027,6.539999961853027,72442377
2023-02-07,6.340000152587891,6.659999847412109,6.300000190734863,6.480000019073486,6.480000019073486,48030675
2023-02-08,6.510000228881836,6.53000020980835,6.199999809265137,6.199999809265137,6.199999809265137,33935768
2023-02-09,6.199999809265137,6.329999923706055,6.110000133514404,6.289999961853027,6.289999961853027,25674538
2023-02-10,6.360000133514404,6.5,6.300000190734863,6.349999904632568,6.349999904632568,26062857
2023-02-13,6.400000095367432,6.5,6.340000152587891,6.460000038146973,6.460000038146973,20934918
2023-02-14,6.460000038146973,6.46999979019165,6.349999904632568,6.369999885559082,6.369999885559082,12847643
2023-02-15,6.369999885559082,6.559999942779541,6.340000152587891,6.519999980926514,6.519999980926514,16268980
2023-02-16,6.489999771118164,6.769999980926514,6.480000019073486,6.539999961853027,6.539999961853027,29867175
2023-02-17,6.570000171661377,6.650000095367432,6.340000152587891,6.380000114440918,6.380000114440918,13171531
2023-02-20,6.400000095367432,6.46999979019165,6.340000152587891,6.440000057220459,6.440000057220459,9211455
2023-02-21,6.5,6.559999942779541,6.349999904632568,6.409999847412109,6.409999847412109,6821600
2023-02-22,6.380000114440918,6.489999771118164,6.260000228881836,6.46999979019165,6.46999979019165,8674648
2023-02-23,6.550000190734863,6.579999923706055,6.309999942779541,6.369999885559082,6.369999885559082,7252680
2023-02-24,6.409999847412109,6.420000076293945,6.349999904632568,6.349999904632568,6.349999904632568,5580000
2023-02-27,6.360000133514404,6.449999809265137,6.269999980926514,6.300000190734863,6.300000190734863,6168140
2023-02-28,6.400000095367432,6.489999771118164,6.289999961853027,6.409999847412109,6.409999847412109,7911700
2023-03-01,6.409999847412109,7.050000190734863,6.400000095367432,7.050000190734863,7.050000190734863,12167400
2023-03-02,7.760000228881836,7.760000228881836,7.760000228881836,7.760000228881836,7.760000228881836,7033330
2023-03-03,8.0600004196167,8.260000228881836,7.28000020980835,7.400000095367432,7.400000095367432,106301425
2023-03-06,7.099999904632568,7.179999828338623,6.840000152587891,6.909999847412109,6.909999847412109,62017788
2023-03-07,6.849999904632568,6.909999847412109,6.670000076293945,6.670000076293945,6.670000076293945,32859550
2023-03-08,6.71999979019165,6.809999942779541,6.670000076293945,6.809999942779541,6.809999942779541,23000875
2023-03-09,6.789999961853027,6.800000190734863,6.630000114440918,6.690000057220459,6.690000057220459,19923735
2023-03-10,6.670000076293945,7.360000133514404,6.659999847412109,7.360000133514404,7.360000133514404,77025494
2023-03-13,7.360000133514404,7.889999866485596,7.190000057220459,7.53000020980835,7.53000020980835,95720182
2023-03-14,7.320000171661377,7.409999847412109,7.199999809265137,7.309999942779541,7.309999942779541,58728329
2023-03-15,7.400000095367432,7.480000019073486,7.25,7.28000020980835,7.28000020980835,36453885
2023-03-16,7.210000038146973,7.300000190734863,6.96999979019165,7.130000114440918,7.130000114440918,30070580
2023-03-17,7.139999866485596,7.360000133514404,7.110000133514404,7.28000020980835,7.28000020980835,39519669
2023-03-20,7.21999979019165,7.389999866485596,7.0,7.050000190734863,7.050000190734863,31090410
2023-03-21,7.070000171661377,7.150000095367432,6.849999904632568,7.119999885559082,7.119999885559082,20089420
2023-03-22,7.159999847412109,7.289999961853027,7.059999942779541,7.269999980926514,7.269999980926514,25251477
2023-03-23,7.190000057220459,7.400000095367432,7.130000114440918,7.329999923706055,7.329999923706055,28242817
2023-03-24,7.320000171661377,7.440000057220459,7.179999828338623,7.420000076293945,7.420000076293945,30438070
2023-03-27,7.440000057220459,7.550000190734863,7.199999809265137,7.389999866485596,7.389999866485596,35301480
2023-03-28,7.320000171661377,7.320000171661377,7.119999885559082,7.130000114440918,7.130000114440918,22587514
2023-03-29,7.190000057220459,7.21999979019165,6.980000019073486,7.059999942779541,7.059999942779541,15340700
2023-03-30,7.0,7.079999923706055,6.840000152587891,6.849999904632568,6.849999904632568,17547804
2023-03-31,6.869999885559082,7.139999866485596,6.800000190734863,7.090000152587891,7.090000152587891,17727117
2023-04-03,7.050000190734863,7.210000038146973,6.989999771118164,7.159999847412109,7.159999847412109,18750952
2023-04-04,7.150000095367432,7.190000057220459,6.880000114440918,6.949999809265137,6.949999809265137,19279925
2023-04-06,6.940000057220459,7.0,6.760000228881836,6.789999961853027,6.789999961853027,17221218
2023-04-07,6.78000020980835,7.110000133514404,6.730000019073486,7.050000190734863,7.050000190734863,18399083
2023-04-10,7.179999828338623,7.659999847412109,6.960000038146973,7.039999961853027,7.039999961853027,36817098
2023-04-11,7.090000152587891,7.090000152587891,6.760000228881836,6.840000152587891,6.840000152587891,18604825
2023-04-12,6.829999923706055,7.519999980926514,6.829999923706055,7.519999980926514,7.519999980926514,33044461
2023-04-13,7.510000228881836,7.519999980926514,7.21999979019165,7.300000190734863,7.300000190734863,48116806
2023-04-14,7.289999961853027,7.5,7.139999866485596,7.300000190734863,7.300000190734863,29122281
2023-04-17,7.369999885559082,7.429999828338623,7.119999885559082,7.150000095367432,7.150000095367432,20300462
2023-04-18,7.139999866485596,7.260000228881836,6.889999866485596,7.210000038146973,7.210000038146973,22042743
2023-04-19,7.179999828338623,7.480000019073486,7.079999923706055,7.170000076293945,7.170000076293945,24540337
2023-04-20,7.139999866485596,7.210000038146973,7.0,7.039999961853027,7.039999961853027,13553241
2023-04-21,7.139999866485596,7.21999979019165,6.659999847412109,6.670000076293945,6.670000076293945,23085399
2023-04-24,6.590000152587891,6.710000038146973,6.5,6.590000152587891,6.590000152587891,14725710
2023-04-25,6.559999942779541,6.619999885559082,6.389999866485596,6.429999828338623,6.429999828338623,13040268
2023-04-26,6.360000133514404,6.480000019073486,6.159999847412109,6.179999828338623,6.179999828338623,14317812
2023-04-27,6.170000076293945,6.260000228881836,6.050000190734863,6.079999923706055,6.079999923706055,10931459
2023-04-28,6.119999885559082,6.349999904632568,6.099999904632568,6.329999923706055,6.329999923706055,8684319
2023-05-04,6.239999771118164,6.289999961853027,6.03000020980835,6.130000114440918,6.130000114440918,13363748
2023-05-05,6.139999866485596,6.230000019073486,6.079999923706055,6.170000076293945,6.170000076293945,10968045
2023-05-08,6.159999847412109,6.230000019073486,6.059999942779541,6.210000038146973,6.210000038146973,9381357
2023-05-09,6.130000114440918,6.25,6.090000152587891,6.150000095367432,6.150000095367432,9092902
2023-05-10,6.150000095367432,6.239999771118164,6.070000171661377,6.099999904632568,6.099999904632568,7904768
2023-05-11,6.150000095367432,6.480000019073486,6.079999923706055,6.289999961853027,6.289999961853027,17281307
2023-05-12,6.179999828338623,6.920000076293945,6.179999828338623,6.639999866485596,6.639999866485596,41769381
2023-05-15,6.789999961853027,7.300000190734863,6.5,7.300000190734863,7.300000190734863,34254952
2023-05-16,7.320000171661377,7.539999961853027,7.03000020980835,7.21999979019165,7.21999979019165,60801123
2023-05-17,7.119999885559082,7.670000076293945,7.099999904632568,7.309999942779541,7.309999942779541,36234708
2023-05-18,7.25,7.630000114440918,7.239999771118164,7.590000152587891,7.590000152587891,42591255
2023-05-19,7.449999809265137,7.980000019073486,7.429999828338623,7.809999942779541,7.809999942779541,40978781
2023-05-22,7.739999771118164,7.980000019073486,7.429999828338623,7.539999961853027,7.539999961853027,38616410
2023-05-23,7.519999980926514,7.539999961853027,7.170000076293945,7.21999979019165,7.21999979019165,24215187
2023-05-24,7.25,7.360000133514404,7.099999904632568,7.25,7.25,15975319
2023-05-25,7.260000228881836,7.420000076293945,7.019999980926514,7.130000114440918,7.130000114440918,15370997
2023-05-26,7.110000133514404,7.28000020980835,7.0,7.260000228881836,7.260000228881836,14506742
2023-05-29,7.260000228881836,7.309999942779541,7.110000133514404,7.170000076293945,7.170000076293945,9417127
2023-05-30,7.150000095367432,7.550000190734863,7.03000020980835,7.550000190734863,7.550000190734863,25666510
2023-05-31,7.519999980926514,7.519999980926514,7.300000190734863,7.449999809265137,7.449999809265137,23596128
2023-06-01,7.389999866485596,7.670000076293945,7.260000228881836,7.519999980926514,7.519999980926514,20638677
2023-06-02,7.570000171661377,7.659999847412109,7.449999809265137,7.489999771118164,7.489999771118164,16387682
2023-06-05,7.480000019073486,7.510000228881836,7.389999866485596,7.460000038146973,7.460000038146973,11844143
2023-06-06,7.480000019073486,7.480000019073486,7.210000038146973,7.25,7.25,11173811
2023-06-07,7.349999904632568,7.400000095367432,7.159999847412109,7.380000114440918,7.380000114440918,9749684
2023-06-08,7.329999923706055,7.329999923706055,7.090000152587891,7.190000057220459,7.190000057220459,10081171
2023-06-09,7.199999809265137,7.480000019073486,7.170000076293945,7.449999809265137,7.449999809265137,14469860
2023-06-12,7.380000114440918,7.550000190734863,7.320000171661377,7.340000152587891,7.340000152587891,8700553
2023-06-13,7.289999961853027,7.440000057220459,7.21999979019165,7.429999828338623,7.429999828338623,9545506
2023-06-14,7.449999809265137,7.639999866485596,7.369999885559082,7.480000019073486,7.480000019073486,12208188
2023-06-15,7.510000228881836,7.659999847412109,7.360000133514404,7.380000114440918,7.380000114440918,16115171
2023-06-16,7.409999847412109,7.480000019073486,7.239999771118164,7.420000076293945,7.420000076293945,10842100
2023-06-19,7.5,7.840000152587891,7.420000076293945,7.829999923706055,7.829999923706055,27481928
2023-06-20,7.769999980926514,7.78000020980835,7.400000095367432,7.420000076293945,7.420000076293945,33114791
2023-06-21,7.519999980926514,7.550000190734863,7.179999828338623,7.199999809265137,7.199999809265137,18436786
2023-06-26,7.130000114440918,7.199999809265137,6.75,6.760000228881836,6.760000228881836,17944211
2023-06-27,6.78000020980835,6.860000133514404,6.739999771118164,6.809999942779541,6.809999942779541,8799012
2023-06-28,6.820000171661377,6.849999904632568,6.409999847412109,6.610000133514404,6.610000133514404,12330355
2023-06-29,6.539999961853027,6.789999961853027,6.539999961853027,6.75,6.75,9019000
2023-06-30,6.670000076293945,6.940000057220459,6.670000076293945,6.869999885559082,6.869999885559082,10571900
2023-07-03,6.860000133514404,6.960000038146973,6.679999828338623,6.75,6.75,9361594
2023-07-04,6.789999961853027,6.929999828338623,6.710000038146973,6.900000095367432,6.900000095367432,9394226
2023-07-05,6.900000095367432,7.03000020980835,6.78000020980835,6.800000190734863,6.800000190734863,9308529
2023-07-06,6.800000190734863,6.920000076293945,6.71999979019165,6.800000190734863,6.800000190734863,7291337
2023-07-07,6.829999923706055,6.829999923706055,6.550000190734863,6.659999847412109,6.659999847412109,8701138
2023-07-10,6.679999828338623,6.710000038146973,6.559999942779541,6.570000171661377,6.570000171661377,5773800
2023-07-11,6.599999904632568,6.690000057220459,6.539999961853027,6.659999847412109,6.659999847412109,4647745
2023-07-12,6.690000057220459,6.699999809265137,6.420000076293945,6.420000076293945,6.420000076293945,9918895
2023-07-13,6.449999809265137,6.53000020980835,6.400000095367432,6.5,6.5,6948572
2023-07-14,6.5,6.670000076293945,6.480000019073486,6.610000133514404,6.610000133514404,6363821
2023-07-17,6.610000133514404,6.619999885559082,6.53000020980835,6.559999942779541,6.559999942779541,5440430
2023-07-18,6.590000152587891,6.610000133514404,6.5,6.510000228881836,6.510000228881836,5997700
2023-07-19,6.53000020980835,6.670000076293945,6.510000228881836,6.559999942779541,6.559999942779541,6972939
2023-07-20,6.570000171661377,6.579999923706055,6.429999828338623,6.429999828338623,6.429999828338623,6558517
2023-07-21,6.449999809265137,6.5,6.360000133514404,6.400000095367432,6.400000095367432,5494500
2023-07-24,6.400000095367432,6.579999923706055,6.369999885559082,6.5,6.5,6587170
2023-07-25,6.53000020980835,6.710000038146973,6.480000019073486,6.679999828338623,6.679999828338623,11273772
2023-07-26,6.679999828338623,6.679999828338623,6.429999828338623,6.440000057220459,6.440000057220459,13247312
2023-07-27,6.449999809265137,6.460000038146973,6.329999923706055,6.349999904632568,6.349999904632568,9731845
2023-07-28,6.329999923706055,6.389999866485596,6.28000020980835,6.369999885559082,6.369999885559082,7319128
2023-07-31,6.369999885559082,6.480000019073486,6.289999961853027,6.449999809265137,6.449999809265137,7869755
2023-08-01,6.409999847412109,6.440000057220459,6.320000171661377,6.429999828338623,6.429999828338623,6578700
2023-08-02,6.420000076293945,6.480000019073486,6.369999885559082,6.480000019073486,6.480000019073486,5878704
2023-08-03,6.449999809265137,6.510000228881836,6.380000114440918,6.409999847412109,6.409999847412109,6487866
2023-08-04,6.409999847412109,6.590000152587891,6.400000095367432,6.559999942779541,6.559999942779541,9762456
2023-08-07,6.630000114440918,6.769999980926514,6.570000171661377,6.630000114440918,6.630000114440918,11908900
2023-08-08,6.610000133514404,6.650000095367432,6.550000190734863,6.570000171661377,6.570000171661377,6808075
2023-08-09,6.570000171661377,6.659999847412109,6.519999980926514,6.539999961853027,6.539999961853027,6150800
2023-08-10,6.510000228881836,6.599999904632568,6.460000038146973,6.539999961853027,6.539999961853027,5613994
2023-08-11,6.510000228881836,6.550000190734863,6.360000133514404,6.369999885559082,6.369999885559082,6079975
2023-08-14,6.320000171661377,6.489999771118164,6.320000171661377,6.480000019073486,6.480000019073486,6379100
2023-08-15,6.53000020980835,6.53000020980835,6.320000171661377,6.349999904632568,6.349999904632568,5527732
2023-08-16,6.420000076293945,6.420000076293945,6.179999828338623,6.190000057220459,6.190000057220459,6184807
2023-08-17,6.199999809265137,6.300000190734863,6.119999885559082,6.260000228881836,6.260000228881836,4962240
2023-08-18,6.300000190734863,6.340000152587891,6.070000171661377,6.079999923706055,6.079999923706055,6181900
2023-08-21,6.090000152587891,6.28000020980835,6.050000190734863,6.130000114440918,6.130000114440918,6518500
2023-08-22,6.119999885559082,6.329999923706055,6.119999885559082,6.309999942779541,6.309999942779541,7460100
2023-08-23,6.329999923706055,6.329999923706055,6.199999809265137,6.239999771118164,6.239999771118164,7552600
2023-08-24,6.269999980926514,6.309999942779541,6.159999847412109,6.210000038146973,6.210000038146973,6575600
2023-08-25,6.179999828338623,6.230000019073486,5.920000076293945,5.940000057220459,5.940000057220459,9217194
2023-08-28,6.269999980926514,6.269999980926514,5.989999771118164,6.010000228881836,6.010000228881836,9654196
2023-08-29,6.0,6.300000190734863,5.989999771118164,6.28000020980835,6.28000020980835,9866765
2023-08-30,6.329999923706055,6.429999828338623,6.300000190734863,6.380000114440918,6.380000114440918,8489496
2023-08-31,6.380000114440918,6.409999847412109,6.289999961853027,6.349999904632568,6.349999904632568,5351460
2023-09-01,6.420000076293945,6.429999828338623,6.269999980926514,6.28000020980835,6.28000020980835,6364235
2023-09-04,6.320000171661377,6.369999885559082,6.25,6.360000133514404,6.360000133514404,5909000
2023-09-05,6.369999885559082,6.429999828338623,6.300000190734863,6.380000114440918,6.380000114440918,5437400
2023-09-06,6.360000133514404,6.489999771118164,6.289999961853027,6.480000019073486,6.480000019073486,8778217
2023-09-07,6.409999847412109,6.519999980926514,6.380000114440918,6.380000114440918,6.380000114440918,6460080
2023-09-08,6.429999828338623,6.519999980926514,6.329999923706055,6.480000019073486,6.480000019073486,6695575
2023-09-11,6.489999771118164,6.550000190734863,6.409999847412109,6.5,6.5,5887840
2023-09-12,6.510000228881836,6.519999980926514,6.449999809265137,6.46999979019165,6.46999979019165,3973581
2023-09-13,6.460000038146973,6.460000038146973,6.260000228881836,6.309999942779541,6.309999942779541,5497100
2023-09-14,6.340000152587891,6.380000114440918,6.239999771118164,6.289999961853027,6.289999961853027,6508326
2023-09-15,6.349999904632568,6.360000133514404,6.179999828338623,6.25,6.25,5407800
2023-09-18,6.230000019073486,6.230000019073486,6.150000095367432,6.179999828338623,6.179999828338623,5559300
2023-09-19,6.21999979019165,6.21999979019165,6.010000228881836,6.039999961853027,6.039999961853027,6418480
2023-09-20,6.010000228881836,6.079999923706055,5.960000038146973,5.96999979019165,5.96999979019165,4677294
2023-09-21,5.960000038146973,6.170000076293945,5.920000076293945,6.050000190734863,6.050000190734863,6294937
2023-09-22,6.050000190734863,6.309999942779541,6.039999961853027,6.309999942779541,6.309999942779541,7956707
2023-09-25,6.340000152587891,6.400000095367432,6.230000019073486,6.25,6.25,6379387
2023-09-26,6.300000190734863,6.5,6.260000228881836,6.349999904632568,6.349999904632568,9596758
2023-09-27,6.260000228881836,6.329999923706055,6.21999979019165,6.239999771118164,6.239999771118164,6364248
2023-09-28,6.239999771118164,6.429999828338623,6.239999771118164,6.409999847412109,6.409999847412109,7450455
2023-10-09,6.449999809265137,6.489999771118164,6.380000114440918,6.429999828338623,6.429999828338623,6137783
2023-10-10,6.480000019073486,6.659999847412109,6.46999979019165,6.550000190734863,6.550000190734863,8373893
2023-10-11,6.550000190734863,6.619999885559082,6.460000038146973,6.559999942779541,6.559999942779541,6656280
2023-10-12,6.599999904632568,6.610000133514404,6.489999771118164,6.550000190734863,6.550000190734863,5159588
2023-10-13,6.53000020980835,6.570000171661377,6.460000038146973,6.510000228881836,6.510000228881836,5655998
2023-10-16,6.510000228881836,6.550000190734863,6.400000095367432,6.5,6.5,6233480
2023-10-17,6.550000190734863,6.559999942779541,6.440000057220459,6.519999980926514,6.519999980926514,5014060
2023-10-18,6.519999980926514,6.53000020980835,6.340000152587891,6.400000095367432,6.400000095367432,4909240
2023-10-19,6.369999885559082,6.539999961853027,6.340000152587891,6.389999866485596,6.389999866485596,5593000
2023-10-20,6.360000133514404,6.460000038146973,6.199999809265137,6.210000038146973,6.210000038146973,6202312
2023-10-23,6.210000038146973,6.230000019073486,5.960000038146973,5.989999771118164,5.989999771118164,6267136
2023-10-24,6.010000228881836,6.170000076293945,5.860000133514404,6.119999885559082,6.119999885559082,8132355
2023-10-25,6.130000114440918,6.429999828338623,6.090000152587891,6.329999923706055,6.329999923706055,9036161
2023-10-26,6.320000171661377,6.440000057220459,6.269999980926514,6.400000095367432,6.400000095367432,5505032
2023-10-27,6.409999847412109,6.440000057220459,6.199999809265137,6.239999771118164,6.239999771118164,8381548
2023-10-30,6.179999828338623,6.269999980926514,5.769999980926514,6.179999828338623,6.179999828338623,18909364
2023-10-31,6.170000076293945,6.289999961853027,6.130000114440918,6.170000076293945,6.170000076293945,8201397
2023-11-01,6.179999828338623,6.320000171661377,6.159999847412109,6.210000038146973,6.210000038146973,7043500
2023-11-02,6.210000038146973,6.300000190734863,6.110000133514404,6.150000095367432,6.150000095367432,7444740
2023-11-03,6.130000114440918,6.389999866485596,6.130000114440918,6.369999885559082,6.369999885559082,10554819
2023-11-06,6.360000133514404,6.5,6.360000133514404,6.480000019073486,6.480000019073486,8123972
2023-11-07,6.5,6.579999923706055,6.460000038146973,6.559999942779541,6.559999942779541,7536228
2023-11-08,6.550000190734863,6.650000095367432,6.510000228881836,6.570000171661377,6.570000171661377,7782003
2023-11-09,6.579999923706055,6.679999828338623,6.5,6.539999961853027,6.539999961853027,6963472
2023-11-10,6.610000133514404,6.650000095367432,6.449999809265137,6.590000152587891,6.590000152587891,7486184
2023-11-13,6.579999923706055,6.809999942779541,6.559999942779541,6.769999980926514,6.769999980926514,11045509
2023-11-14,6.760000228881836,6.880000114440918,6.739999771118164,6.869999885559082,6.869999885559082,9835800
2023-11-15,6.860000133514404,6.929999828338623,6.809999942779541,6.829999923706055,6.829999923706055,7401700
2023-11-16,6.809999942779541,6.889999866485596,6.760000228881836,6.789999961853027,6.789999961853027,6853811
2023-11-17,6.789999961853027,6.840000152587891,6.760000228881836,6.820000171661377,6.820000171661377,4864516
2023-11-20,6.849999904632568,6.920000076293945,6.789999961853027,6.820000171661377,6.820000171661377,7316614
2023-11-21,6.789999961853027,6.849999904632568,6.699999809265137,6.739999771118164,6.739999771118164,6601015
2023-11-22,6.710000038146973,6.78000020980835,6.659999847412109,6.659999847412109,6.659999847412109,6545063
2023-11-23,6.690000057220459,6.75,6.599999904632568,6.730000019073486,6.730000019073486,6399793
2023-11-24,6.71999979019165,6.75,6.599999904632568,6.619999885559082,6.619999885559082,5376418
2023-11-27,6.619999885559082,6.809999942779541,6.610000133514404,6.670000076293945,6.670000076293945,6534638
2023-11-28,6.670000076293945,6.820000171661377,6.610000133514404,6.739999771118164,6.739999771118164,6893805
2023-11-29,6.730000019073486,6.849999904632568,6.650000095367432,6.739999771118164,6.739999771118164,9186899
2023-11-30,6.710000038146973,6.75,6.559999942779541,6.639999866485596,6.639999866485596,9510300
2023-12-01,6.639999866485596,6.78000020980835,6.599999904632568,6.78000020980835,6.78000020980835,6316912
2023-12-04,6.829999923706055,6.929999828338623,6.78000020980835,6.840000152587891,6.840000152587891,7908551
2023-12-05,6.860000133514404,6.860000133514404,6.639999866485596,6.659999847412109,6.659999847412109,6526458
2023-12-06,6.659999847412109,6.699999809265137,6.519999980926514,6.639999866485596,6.639999866485596,5174146
2023-12-07,6.710000038146973,7.300000190734863,6.639999866485596,7.300000190734863,7.300000190734863,9828966
2023-12-08,8.029999732971191,8.029999732971191,8.029999732971191,8.029999732971191,8.029999732971191,7945992
2023-12-11,8.829999923706055,8.829999923706055,8.829999923706055,8.829999923706055,8.829999923706055,6800422
2023-12-12,9.710000038146973,9.710000038146973,9.710000038146973,9.710000038146973,9.710000038146973,4831748
2023-12-13,10.68000030517578,10.68000030517578,10.68000030517578,10.68000030517578,10.68000030517578,4412864
2023-12-14,11.75,11.75,11.59000015258789,11.75,11.75,89131919
2023-12-15,11.75,12.079999923706056,10.630000114440918,10.829999923706056,10.829999923706056,187653982
2023-12-18,10.800000190734863,10.81999969482422,9.899999618530272,10.289999961853027,10.289999961853027,137841631
2023-12-19,10.279999732971191,10.649999618530272,10.029999732971191,10.510000228881836,10.510000228881836,115591492
2023-12-20,10.279999732971191,10.600000381469728,9.470000267028809,9.710000038146973,9.710000038146973,112073969
2023-12-21,9.6899995803833,9.800000190734863,8.75,9.020000457763672,9.020000457763672,118791454
2023-12-22,8.989999771118164,9.050000190734863,8.380000114440918,8.449999809265137,8.449999809265137,94285549
2023-12-25,8.399999618530273,8.779999732971191,8.329999923706055,8.640000343322754,8.640000343322754,71252026
2023-12-26,8.670000076293945,8.970000267028809,8.579999923706055,8.859999656677246,8.859999656677246,82925758
2023-12-27,8.819999694824219,8.819999694824219,8.460000038146973,8.630000114440918,8.630000114440918,58221496
2023-12-28,8.65999984741211,8.710000038146973,8.369999885559082,8.59000015258789,8.59000015258789,55906239
2023-12-29,8.59000015258789,8.920000076293945,8.510000228881836,8.789999961853027,8.789999961853027,57200423
2024-01-02,8.84000015258789,8.930000305175781,8.510000228881836,8.579999923706055,8.579999923706055,46087236
2024-01-03,8.600000381469727,8.670000076293945,8.380000114440918,8.5,8.5,37503490
2024-01-04,8.520000457763672,8.569999694824219,8.34000015258789,8.550000190734863,8.550000190734863,29820658
2024-01-05,8.609999656677246,8.65999984741211,8.180000305175781,8.270000457763672,8.270000457763672,41017771
2024-01-08,8.149999618530273,8.229999542236328,8.050000190734863,8.079999923706055,8.079999923706055,27031271
2024-01-09,8.149999618530273,8.300000190734863,8.039999961853027,8.140000343322754,8.140000343322754,26284891
2024-01-10,8.109999656677246,8.109999656677246,7.809999942779541,7.849999904632568,7.849999904632568,31086859
2024-01-11,7.840000152587891,8.039999961853027,7.800000190734863,8.010000228881836,8.010000228881836,25806077
2024-01-12,7.980000019073486,8.25,7.860000133514404,7.900000095367432,7.900000095367432,42330872
2024-01-15,7.880000114440918,8.199999809265137,7.809999942779541,7.949999809265137,7.949999809265137,49882528
2024-01-16,7.900000095367432,8.109999656677246,7.739999771118164,7.889999866485596,7.889999866485596,47232194
2024-01-17,7.940000057220459,7.940000057220459,7.690000057220459,7.699999809265137,7.699999809265137,25588209
2024-01-18,7.710000038146973,7.909999847412109,7.590000152587891,7.829999923706055,7.829999923706055,49956270
2024-01-19,8.0,8.180000305175781,7.550000190734863,7.550000190734863,7.550000190734863,66548219
2024-01-22,7.460000038146973,7.599999904632568,7.159999847412109,7.230000019073486,7.230000019073486,43793325
2024-01-23,7.239999771118164,7.300000190734863,7.0,7.260000228881836,7.260000228881836,29394352
2024-01-24,7.260000228881836,7.369999885559082,7.070000171661377,7.329999923706055,7.329999923706055,51348055
2024-01-25,7.400000095367432,7.519999980926514,7.119999885559082,7.429999828338623,7.429999828338623,42412592
2024-01-26,7.590000152587891,7.769999980926514,7.320000171661377,7.449999809265137,7.449999809265137,49314925
2024-01-29,7.360000133514404,7.460000038146973,7.179999828338623,7.199999809265137,7.199999809265137,27689624
2024-01-30,7.159999847412109,7.25,7.019999980926514,7.079999923706055,7.079999923706055,19099781
2024-01-31,7.230000019073486,7.260000228881836,6.590000152587891,6.639999866485596,6.639999866485596,27869009
2024-02-01,6.559999942779541,6.650000095367432,6.300000190734863,6.429999828338623,6.429999828338623,23134800
2024-02-02,6.5,6.670000076293945,5.860000133514404,6.110000133514404,6.110000133514404,26902982
2024-02-05,6.110000133514404,6.199999809265137,5.5,5.5,5.5,20344030
2024-02-06,5.099999904632568,5.289999961853027,4.949999809265137,5.010000228881836,5.010000228881836,42694821
2024-02-07,5.099999904632568,5.159999847412109,4.510000228881836,4.519999980926514,4.519999980926514,46983192
2024-02-08,4.599999904632568,4.96999979019165,4.550000190734863,4.900000095367432,4.900000095367432,87368977
2024-02-19,5.389999866485596,5.389999866485596,5.389999866485596,5.389999866485596,5.389999866485596,3200000
2024-02-20,5.929999828338623,5.929999828338623,5.929999828338623,5.929999828338623,5.929999828338623,10786931
2024-02-21,5.800000190734863,6.190000057220459,5.619999885559082,5.909999847412109,5.909999847412109,118544152
2024-02-22,5.800000190734863,6.329999923706055,5.789999961853027,6.300000190734863,6.300000190734863,94818032
2024-02-23,6.269999980926514,6.480000019073486,6.159999847412109,6.409999847412109,6.409999847412109,81317800
2024-02-26,6.420000076293945,7.050000190734863,6.260000228881836,7.050000190734863,7.050000190734863,68297277
2024-02-27,7.0,7.480000019073486,6.809999942779541,7.400000095367432,7.400000095367432,99942260
2024-02-28,7.260000228881836,7.380000114440918,6.659999847412109,6.659999847412109,6.659999847412109,86665793
2024-02-29,6.400000095367432,7.21999979019165,6.400000095367432,7.0,7.0,73296080
2024-03-01,7.099999904632568,7.699999809265137,6.739999771118164,7.699999809265137,7.699999809265137,92340285
2024-03-04,8.149999618530273,8.470000267028809,8.0,8.470000267028809,8.470000267028809,145769879
2024-03-05,7.949999809265137,9.270000457763672,7.849999904632568,8.279999732971191,8.279999732971191,137871091
2024-03-06,8.020000457763672,8.859999656677246,8.020000457763672,8.609999656677246,8.609999656677246,113008817
2024-03-07,8.600000381469727,8.819999694824219,8.050000190734863,8.119999885559082,8.119999885559082,78313556
2024-03-08,8.109999656677246,8.270000457763672,7.860000133514404,8.239999771118164,8.239999771118164,59679383
2024-03-11,8.050000190734863,9.0600004196167,8.029999732971191,9.0600004196167,9.0600004196167,86534403
2024-03-12,9.449999809265137,9.449999809265137,8.529999732971191,8.5600004196167,8.5600004196167,107352183
2024-03-13,8.649999618530273,8.819999694824219,8.4399995803833,8.579999923706055,8.579999923706055,68352815
2024-03-14,8.399999618530273,8.430000305175781,8.0,8.1899995803833,8.1899995803833,63914876
2024-03-15,8.100000381469727,8.25,7.860000133514404,8.25,8.25,43213799
2024-03-18,8.300000190734863,8.390000343322754,8.15999984741211,8.3100004196167,8.3100004196167,46004174
2024-03-19,8.260000228881836,8.380000114440918,8.180000305175781,8.289999961853027,8.289999961853027,42725181
2024-03-20,8.25,8.680000305175781,8.130000114440918,8.520000457763672,8.520000457763672,62277193
2024-03-21,8.489999771118164,8.5,8.260000228881836,8.329999923706055,8.329999923706055,44112087
2024-03-22,8.229999542236328,8.289999961853027,8.029999732971191,8.100000381469727,8.100000381469727,37521292
2024-03-25,8.180000305175781,8.90999984741211,8.180000305175781,8.65999984741211,8.65999984741211,130338549
2024-03-26,8.34000015258789,8.34000015258789,7.789999961853027,7.789999961853027,7.789999961853027,92492919
2024-03-27,7.650000095367432,7.679999828338623,7.119999885559082,7.210000038146973,7.210000038146973,62628789
2024-03-28,7.179999828338623,7.53000020980835,7.179999828338623,7.440000057220459,7.440000057220459,44572081
2024-03-29,7.380000114440918,7.739999771118164,7.380000114440918,7.599999904632568,7.599999904632568,28068914
2024-04-01,7.610000133514404,7.829999923706055,7.599999904632568,7.739999771118164,7.739999771118164,36763140
2024-04-02,7.690000057220459,7.690000057220459,7.300000190734863,7.400000095367432,7.400000095367432,33597867
2024-04-03,7.400000095367432,7.420000076293945,7.059999942779541,7.099999904632568,7.099999904632568,27208908
2024-04-08,7.099999904632568,7.139999866485596,6.809999942779541,6.849999904632568,6.849999904632568,22274796
2024-04-09,6.849999904632568,6.949999809265137,6.769999980926514,6.889999866485596,6.889999866485596,18093315
2024-04-10,6.920000076293945,6.940000057220459,6.619999885559082,6.710000038146973,6.710000038146973,20967592
2024-04-11,6.639999866485596,6.869999885559082,6.610000133514404,6.800000190734863,6.800000190734863,18135852
2024-04-12,6.769999980926514,6.909999847412109,6.699999809265137,6.730000019073486,6.730000019073486,18962752
2024-04-15,6.75,6.829999923706055,6.119999885559082,6.28000020980835,6.28000020980835,29994670
2024-04-16,6.230000019073486,6.25,5.650000095367432,5.650000095367432,5.650000095367432,29892640
2024-04-17,5.75,6.21999979019165,5.75,6.21999979019165,6.21999979019165,27358457
2024-04-18,6.320000171661377,6.53000020980835,6.199999809265137,6.380000114440918,6.380000114440918,39527641
2024-04-19,6.429999828338623,6.46999979019165,6.239999771118164,6.289999961853027,6.289999961853027,21649835
2024-04-22,6.199999809265137,6.28000020980835,5.96999979019165,6.099999904632568,6.099999904632568,17184100
2024-04-23,6.150000095367432,6.28000020980835,6.150000095367432,6.199999809265137,6.199999809265137,13838900
2024-04-24,6.230000019073486,6.519999980926514,6.230000019073486,6.489999771118164,6.489999771118164,19046079
2024-04-25,6.480000019073486,6.710000038146973,6.409999847412109,6.590000152587891,6.590000152587891,23766700
2024-04-26,6.510000228881836,7.099999904632568,6.489999771118164,6.920000076293945,6.920000076293945,36749654
2024-04-29,6.800000190734863,7.059999942779541,6.78000020980835,6.909999847412109,6.909999847412109,40679024
2024-04-30,6.960000038146973,7.03000020980835,6.710000038146973,6.800000190734863,6.800000190734863,26071927
2024-05-06,6.889999866485596,6.949999809265137,6.679999828338623,6.710000038146973,6.710000038146973,20503520
2024-05-07,6.679999828338623,6.849999904632568,6.679999828338623,6.760000228881836,6.760000228881836,15958636
2024-05-08,6.71999979019165,6.739999771118164,6.510000228881836,6.53000020980835,6.53000020980835,16331546
2024-05-09,6.599999904632568,6.679999828338623,6.46999979019165,6.489999771118164,6.489999771118164,17036886
2024-05-10,6.550000190734863,6.679999828338623,6.289999961853027,6.340000152587891,6.340000152587891,20516400
2024-05-13,6.340000152587891,6.559999942779541,6.090000152587891,6.119999885559082,6.119999885559082,23117872
2024-05-14,6.159999847412109,6.389999866485596,6.090000152587891,6.329999923706055,6.329999923706055,22534368
2024-05-15,6.269999980926514,6.369999885559082,6.170000076293945,6.190000057220459,6.190000057220459,14818214
2024-05-16,6.21999979019165,6.329999923706055,6.21999979019165,6.28000020980835,6.28000020980835,14594112
2024-05-17,6.269999980926514,6.400000095367432,6.210000038146973,6.369999885559082,6.369999885559082,14601042
2024-05-20,6.380000114440918,6.429999828338623,6.210000038146973,6.25,6.25,14282000
2024-05-21,6.25,6.260000228881836,6.119999885559082,6.130000114440918,6.130000114440918,9878200
2024-05-22,6.130000114440918,6.21999979019165,6.059999942779541,6.179999828338623,6.179999828338623,9197286
2024-05-23,6.170000076293945,6.170000076293945,5.960000038146973,5.980000019073486,5.980000019073486,12334507
2024-05-24,6.0,6.039999961853027,5.829999923706055,5.829999923706055,5.829999923706055,11700958
2024-05-27,5.849999904632568,5.889999866485596,5.679999828338623,5.860000133514404,5.860000133514404,9154491
2024-05-28,5.900000095367432,5.900000095367432,5.739999771118164,5.760000228881836,5.760000228881836,7542978
2024-05-29,5.78000020980835,5.849999904632568,5.690000057220459,5.730000019073486,5.730000019073486,8124198
2024-05-30,5.75,5.789999961853027,5.650000095367432,5.730000019073486,5.730000019073486,9842816
2024-05-31,5.730000019073486,5.960000038146973,5.699999809265137,5.909999847412109,5.909999847412109,15305900
2024-06-03,5.920000076293945,5.949999809265137,5.650000095367432,5.690000057220459,5.690000057220459,13732500
2024-06-04,5.739999771118164,5.739999771118164,5.420000076293945,5.599999904632568,5.599999904632568,16447300
2024-06-05,5.639999866485596,5.909999847412109,5.559999942779541,5.659999847412109,5.659999847412109,30087691
2024-06-06,5.599999904632568,5.630000114440918,5.21999979019165,5.260000228881836,5.260000228881836,27640042
2024-06-07,5.329999923706055,5.400000095367432,5.230000019073486,5.309999942779541,5.309999942779541,14174503
2024-06-11,5.289999961853027,5.389999866485596,5.170000076293945,5.360000133514404,5.360000133514404,11204572
2024-06-12,5.360000133514404,5.519999980926514,5.320000171661377,5.489999771118164,5.489999771118164,11349992
2024-06-13,5.480000019073486,5.550000190734863,5.380000114440918,5.400000095367432,5.400000095367432,7986262
2024-06-14,5.449999809265137,5.449999809265137,5.320000171661377,5.429999828338623,5.429999828338623,7351100
2024-06-17,5.420000076293945,5.480000019073486,5.360000133514404,5.380000114440918,5.380000114440918,6931220
2024-06-18,5.380000114440918,5.920000076293945,5.360000133514404,5.920000076293945,5.920000076293945,20700804
2024-06-19,6.099999904632568,6.510000228881836,6.050000190734863,6.449999809265137,6.449999809265137,95094340
2024-06-20,6.070000171661377,6.190000057220459,5.880000114440918,5.900000095367432,5.900000095367432,57692083
2024-06-21,5.78000020980835,5.96999979019165,5.699999809265137,5.820000171661377,5.820000171661377,32120384
2024-06-24,5.710000038146973,5.78000020980835,5.400000095367432,5.429999828338623,5.429999828338623,33917632
2024-06-25,5.5,5.760000228881836,5.340000152587891,5.5,5.5,30142300
2024-06-26,5.360000133514404,5.690000057220459,5.179999828338623,5.690000057220459,5.690000057220459,30856959
2024-06-27,5.650000095367432,5.670000076293945,5.449999809265137,5.46999979019165,5.46999979019165,23080289
2024-06-28,5.409999847412109,5.630000114440918,5.389999866485596,5.460000038146973,5.460000038146973,20991560
2024-07-01,5.519999980926514,5.590000152587891,5.340000152587891,5.440000057220459,5.440000057220459,18417600
2024-07-02,5.440000057220459,5.670000076293945,5.400000095367432,5.570000171661377,5.570000171661377,27857028
2024-07-03,5.489999771118164,5.510000228881836,5.300000190734863,5.300000190734863,5.300000190734863,22566317
2024-07-04,5.420000076293945,5.510000228881836,5.090000152587891,5.099999904632568,5.099999904632568,24432640
2024-07-05,5.099999904632568,5.099999904632568,5.099999904632568,5.099999904632568,5.099999904632568,0
2024-07-08,5.130000114440918,5.159999847412109,4.889999866485596,4.909999847412109,4.909999847412109,15737869
2024-07-09,4.909999847412109,5.059999942779541,4.769999980926514,5.039999961853027,5.039999961853027,17424933
2024-07-10,4.900000095367432,4.980000019073486,4.800000190734863,4.849999904632568,4.849999904632568,16158542
2024-07-11,4.949999809265137,5.110000133514404,4.949999809265137,5.099999904632568,5.099999904632568,21172823
2024-07-12,5.119999885559082,5.190000057220459,4.989999771118164,5.010000228881836,5.010000228881836,14084300
2024-07-15,5.059999942779541,5.099999904632568,4.900000095367432,4.920000076293945,4.920000076293945,12399060
2024-07-16,4.909999847412109,4.980000019073486,4.840000152587891,4.949999809265137,4.949999809265137,10095229
2024-07-17,4.949999809265137,4.96999979019165,4.820000171661377,4.820000171661377,4.820000171661377,9592100
2024-07-18,4.78000020980835,4.789999961853027,4.590000152587891,4.71999979019165,4.71999979019165,12410448
2024-07-19,4.659999847412109,4.820000171661377,4.659999847412109,4.789999961853027,4.789999961853027,9572202
2024-07-22,4.78000020980835,4.989999771118164,4.75,4.940000057220459,4.940000057220459,15185081
2024-07-23,4.940000057220459,5.0,4.849999904632568,4.869999885559082,4.869999885559082,10790884
2024-07-24,4.860000133514404,4.889999866485596,4.760000228881836,4.760000228881836,4.760000228881836,8653043
2024-07-25,4.760000228881836,4.849999904632568,4.650000095367432,4.78000020980835,4.78000020980835,8715260
2024-07-26,4.75,4.920000076293945,4.75,4.900000095367432,4.900000095367432,8826860
2024-07-29,4.900000095367432,4.980000019073486,4.820000171661377,4.949999809265137,4.949999809265137,9097660
2024-07-30,5.0,5.090000152587891,4.949999809265137,5.039999961853027,5.039999961853027,15541500
2024-07-31,5.079999923706055,5.25,5.039999961853027,5.210000038146973,5.210000038146973,18467160
2024-08-01,5.25,5.369999885559082,5.199999809265137,5.269999980926514,5.269999980926514,18337840
2024-08-02,5.380000114440918,5.380000114440918,5.150000095367432,5.159999847412109,5.159999847412109,16537696
2024-08-05,5.119999885559082,5.230000019073486,4.940000057220459,4.949999809265137,4.949999809265137,15187900
2024-08-06,5.449999809265137,5.449999809265137,5.449999809265137,5.449999809265137,5.449999809265137,13574100
2024-08-07,5.800000190734863,5.800000190734863,5.25,5.28000020980835,5.28000020980835,68121001
2024-08-08,5.039999961853027,5.170000076293945,4.929999828338623,5.090000152587891,5.090000152587891,41810033
2024-08-09,5.050000190734863,5.099999904632568,4.920000076293945,4.920000076293945,4.920000076293945,23373078
2024-08-12,4.900000095367432,4.920000076293945,4.769999980926514,4.800000190734863,4.800000190734863,15352600
2024-08-13,4.800000190734863,4.849999904632568,4.71999979019165,4.849999904632568,4.849999904632568,10296400
2024-08-14,4.860000133514404,4.949999809265137,4.829999923706055,4.920000076293945,4.920000076293945,11910500
2024-08-15,4.960000038146973,5.050000190734863,4.849999904632568,5.039999961853027,5.039999961853027,14975568
2024-08-16,5.070000171661377,5.130000114440918,5.039999961853027,5.059999942779541,5.059999942779541,13847068
2024-08-19,5.059999942779541,5.079999923706055,4.949999809265137,4.980000019073486,4.980000019073486,9945500
2024-08-20,4.989999771118164,4.989999771118164,4.869999885559082,4.889999866485596,4.889999866485596,8842000
2024-08-21,4.900000095367432,4.940000057220459,4.829999923706055,4.860000133514404,4.860000133514404,6558755
2024-08-22,4.889999866485596,4.940000057220459,4.71999979019165,4.71999979019165,4.71999979019165,9746477
2024-08-23,4.75,4.949999809265137,4.670000076293945,4.75,4.75,18964375
2024-08-26,4.699999809265137,4.840000152587891,4.650000095367432,4.800000190734863,4.800000190734863,13156160
2024-08-27,4.78000020980835,4.809999942779541,4.630000114440918,4.639999866485596,4.639999866485596,9876500
2024-08-28,4.639999866485596,4.78000020980835,4.570000171661377,4.71999979019165,4.71999979019165,10901025
2024-08-29,4.710000038146973,4.840000152587891,4.650000095367432,4.800000190734863,4.800000190734863,9749668
2024-08-30,4.800000190734863,4.989999771118164,4.800000190734863,4.929999828338623,4.929999828338623,12102922
2024-09-02,5.039999961853027,5.050000190734863,4.800000190734863,4.800000190734863,4.800000190734863,10590700
2024-09-03,4.800000190734863,4.920000076293945,4.789999961853027,4.900000095367432,4.900000095367432,8454156
2024-09-04,4.900000095367432,4.929999828338623,4.820000171661377,4.869999885559082,4.869999885559082,7061380
2024-09-05,4.940000057220459,5.019999980926514,4.880000114440918,5.019999980926514,5.019999980926514,13362280
2024-09-06,5.010000228881836,5.130000114440918,4.849999904632568,4.849999904632568,4.849999904632568,13735900
2024-09-09,4.829999923706055,4.900000095367432,4.760000228881836,4.820000171661377,4.820000171661377,7482434
2024-09-10,4.869999885559082,4.980000019073486,4.769999980926514,4.96999979019165,4.96999979019165,10902528
2024-09-11,4.920000076293945,5.0,4.869999885559082,4.909999847412109,4.909999847412109,6802360
2024-09-12,4.940000057220459,5.03000020980835,4.909999847412109,4.980000019073486,4.980000019073486,10695068
2024-09-13,4.989999771118164,5.0,4.849999904632568,4.860000133514404,4.860000133514404,7418800
2024-09-18,4.860000133514404,4.889999866485596,4.690000057220459,4.760000228881836,4.760000228881836,8239300
2024-09-19,4.800000190734863,5.010000228881836,4.789999961853027,5.010000228881836,5.010000228881836,13688100
2024-09-20,5.0,5.099999904632568,4.96999979019165,5.059999942779541,5.059999942779541,10310000
2024-09-23,5.110000133514404,5.159999847412109,5.050000190734863,5.130000114440918,5.130000114440918,9062760
2024-09-24,5.130000114440918,5.21999979019165,5.03000020980835,5.210000038146973,5.210000038146973,14082614
2024-09-25,5.260000228881836,5.360000133514404,5.210000038146973,5.21999979019165,5.21999979019165,16971005
2024-09-26,5.21999979019165,5.349999904632568,5.190000057220459,5.340000152587891,5.340000152587891,12967815
2024-09-27,5.400000095367432,5.619999885559082,5.380000114440918,5.559999942779541,5.559999942779541,15723013
2024-09-30,5.880000114440918,6.110000133514404,5.639999866485596,6.090000152587891,6.090000152587891,37701024
2024-10-08,6.699999809265137,6.699999809265137,6.269999980926514,6.699999809265137,6.699999809265137,47845136
2024-10-09,6.78000020980835,7.21999979019165,6.349999904632568,6.860000133514404,6.860000133514404,78842351
2024-10-10,6.860000133514404,6.869999885559082,6.260000228881836,6.539999961853027,6.539999961853027,48694410
2024-10-11,6.360000133514404,6.449999809265137,5.989999771118164,6.090000152587891,6.090000152587891,26557384
2024-10-14,6.230000019073486,6.480000019073486,6.099999904632568,6.46999979019165,6.46999979019165,31584160
2024-10-15,6.449999809265137,6.75,6.329999923706055,6.579999923706055,6.579999923706055,27905493
2024-10-16,6.53000020980835,7.059999942779541,6.460000038146973,6.900000095367432,6.900000095367432,42093726
2024-10-17,6.900000095367432,7.590000152587891,6.889999866485596,7.289999961853027,7.289999961853027,58068265
2024-10-18,7.639999866485596,7.989999771118164,7.380000114440918,7.409999847412109,7.409999847412109,93003924
2024-10-21,7.239999771118164,7.570000171661377,6.690000057220459,6.769999980926514,6.769999980926514,107848974
2024-10-22,6.78000020980835,6.920000076293945,6.559999942779541,6.730000019073486,6.730000019073486,52429461
2024-10-23,6.690000057220459,6.96999979019165,6.590000152587891,6.860000133514404,6.860000133514404,39968444
2024-10-24,6.860000133514404,6.860000133514404,6.590000152587891,6.670000076293945,6.670000076293945,25772488
2024-10-25,6.670000076293945,6.909999847412109,6.670000076293945,6.78000020980835,6.78000020980835,29996849
2024-10-28,6.730000019073486,7.130000114440918,6.690000057220459,7.039999961853027,7.039999961853027,39007628
2024-10-29,7.03000020980835,7.170000076293945,6.880000114440918,6.929999828338623,6.929999828338623,28119340
2024-10-30,6.949999809265137,7.079999923706055,6.840000152587891,7.010000228881836,7.010000228881836,24939456
2024-10-31,7.070000171661377,7.710000038146973,6.989999771118164,7.489999771118164,7.489999771118164,63671686
2024-11-01,7.579999923706055,7.590000152587891,6.739999771118164,6.739999771118164,6.739999771118164,55901980
2024-11-04,6.739999771118164,7.019999980926514,6.690000057220459,6.940000057220459,6.940000057220459,32380076
2024-11-05,6.949999809265137,7.170000076293945,6.909999847412109,7.099999904632568,7.099999904632568,25823064
2024-11-06,7.150000095367432,7.309999942779541,7.019999980926514,7.099999904632568,7.099999904632568,29088860
2024-11-07,7.079999923706055,7.300000190734863,7.019999980926514,7.28000020980835,7.28000020980835,24111796
2024-11-08,7.429999828338623,7.429999828338623,7.179999828338623,7.269999980926514,7.269999980926514,22834473
2024-11-11,7.269999980926514,7.710000038146973,7.230000019073486,7.599999904632568,7.599999904632568,29432840
2024-11-12,7.650000095367432,7.650000095367432,7.25,7.320000171661377,7.320000171661377,22669236
2024-11-13,7.21999979019165,7.480000019073486,7.130000114440918,7.480000019073486,7.480000019073486,23643596
2024-11-14,7.389999866485596,7.519999980926514,7.179999828338623,7.199999809265137,7.199999809265137,19435736
2024-11-15,7.150000095367432,7.550000190734863,7.059999942779541,7.090000152587891,7.090000152587891,26777101
2024-11-18,7.090000152587891,7.170000076293945,6.590000152587891,6.650000095367432,6.650000095367432,31514220
2024-11-19,6.650000095367432,6.869999885559082,6.590000152587891,6.869999885559082,6.869999885559082,19638236
2024-11-20,6.889999866485596,7.139999866485596,6.809999942779541,7.090000152587891,7.090000152587891,20961732
2024-11-21,7.110000133514404,7.800000190734863,6.980000019073486,7.360000133514404,7.360000133514404,74254100
2024-11-22,7.159999847412109,7.619999885559082,7.03000020980835,7.199999809265137,7.199999809265137,62173918
2024-11-25,7.260000228881836,7.800000190734863,6.849999904632568,7.590000152587891,7.590000152587891,66833016
2024-11-26,7.46999979019165,8.350000381469727,7.389999866485596,8.350000381469727,8.350000381469727,124952822
2024-11-27,9.170000076293944,9.1899995803833,8.979999542236328,9.1899995803833,9.1899995803833,54554576
2024-11-28,10.109999656677246,10.109999656677246,10.109999656677246,10.109999656677246,10.109999656677246,2827453
2024-11-29,10.109999656677246,11.119999885559082,9.300000190734863,10.149999618530272,10.149999618530272,219462633
2024-12-02,9.43000030517578,9.890000343322754,9.140000343322754,9.199999809265137,9.199999809265137,182766998
2024-12-03,8.800000190734863,8.920000076293945,8.40999984741211,8.420000076293945,8.420000076293945,133592415
2024-12-04,8.289999961853027,8.65999984741211,8.260000228881836,8.460000038146973,8.460000038146973,79342280
2024-12-05,8.399999618530273,8.829999923706055,8.239999771118164,8.59000015258789,8.59000015258789,83183135
2024-12-06,8.520000457763672,8.600000381469727,8.3100004196167,8.399999618530273,8.399999618530273,64590029
2024-12-09,8.399999618530273,8.520000457763672,8.100000381469727,8.229999542236328,8.229999542236328,53412982
2024-12-10,8.4399995803833,8.520000457763672,8.260000228881836,8.359999656677246,8.359999656677246,58144218
2024-12-11,8.5600004196167,8.949999809265137,8.479999542236328,8.65999984741211,8.65999984741211,91901406
2024-12-12,8.670000076293945,9.239999771118164,8.670000076293945,8.979999542236328,8.979999542236328,98164576
2024-12-13,8.850000381469727,8.859999656677246,8.550000190734863,8.569999694824219,8.569999694824219,66788149
2024-12-16,8.5,8.510000228881836,8.119999885559082,8.199999809265137,8.199999809265137,51388476
2024-12-17,8.199999809265137,8.25,7.659999847412109,7.710000038146973,7.710000038146973,45999186
2024-12-18,7.820000171661377,8.09000015258789,7.730000019073486,7.960000038146973,7.960000038146973,40021959
2024-12-19,8.0,8.170000076293945,7.800000190734863,7.880000114440918,7.880000114440918,36120229
2024-12-20,7.800000190734863,8.029999732971191,7.760000228881836,7.980000019073486,7.980000019073486,30809371
2024-12-23,7.980000019073486,8.0,7.309999942779541,7.329999923706055,7.329999923706055,41764786
2024-12-24,7.400000095367432,7.449999809265137,7.059999942779541,7.230000019073486,7.230000019073486,31864096
2024-12-25,7.159999847412109,7.230000019073486,6.800000190734863,6.900000095367432,6.900000095367432,34591251
2024-12-26,7.0,7.059999942779541,6.889999866485596,6.949999809265137,6.949999809265137,21930272
2024-12-27,6.980000019073486,7.25,6.920000076293945,7.110000133514404,7.110000133514404,26997842
2024-12-30,7.110000133514404,7.139999866485596,6.820000171661377,6.940000057220459,6.940000057220459,20737864
2024-12-31,6.960000038146973,7.03000020980835,6.679999828338623,6.710000038146973,6.710000038146973,23564474
2025-01-02,6.659999847412109,6.820000171661377,6.550000190734863,6.599999904632568,6.599999904632568,23530751
2025-01-03,6.630000114440918,6.699999809265137,6.139999866485596,6.170000076293945,6.170000076293945,30548068
2025-01-06,6.159999847412109,6.170000076293945,5.860000133514404,6.010000228881836,6.010000228881836,20639307
2025-01-07,6.070000171661377,6.28000020980835,6.070000171661377,6.269999980926514,6.269999980926514,22006611
2025-01-08,6.260000228881836,6.369999885559082,6.059999942779541,6.300000190734863,6.300000190734863,24648442
2025-01-09,6.239999771118164,6.46999979019165,6.239999771118164,6.400000095367432,6.400000095367432,19715889
2025-01-10,6.409999847412109,6.449999809265137,6.079999923706055,6.110000133514404,6.110000133514404,16286461
2025-01-13,6.0,6.179999828338623,5.820000171661377,6.130000114440918,6.130000114440918,17979737
2025-01-14,6.170000076293945,6.519999980926514,6.139999866485596,6.519999980926514,6.519999980926514,22905058
2025-01-15,6.599999904632568,6.619999885559082,6.449999809265137,6.53000020980835,6.53000020980835,20635026
2025-01-16,6.559999942779541,6.710000038146973,6.5,6.599999904632568,6.599999904632568,17105829
2025-01-17,6.989999771118164,7.159999847412109,6.619999885559082,6.639999866485596,6.639999866485596,44322971
2025-01-20,6.760000228881836,6.889999866485596,6.630000114440918,6.840000152587891,6.840000152587891,32500981
2025-01-21,6.849999904632568,6.920000076293945,6.630000114440918,6.679999828338623,6.679999828338623,19173935
2025-01-22,6.679999828338623,6.71999979019165,6.570000171661377,6.659999847412109,6.659999847412109,14223063
2025-01-23,6.71999979019165,6.869999885559082,6.599999904632568,6.599999904632568,6.599999904632568,17296737
2025-01-24,6.53000020980835,6.860000133514404,6.53000020980835,6.840000152587891,6.840000152587891,20573527
2025-01-27,6.940000057220459,7.139999866485596,6.840000152587891,6.949999809265137,6.949999809265137,24177661
2025-02-05,7.130000114440918,7.289999961853027,7.079999923706055,7.230000019073486,7.230000019073486,24454772
2025-02-06,7.159999847412109,7.369999885559082,7.070000171661377,7.360000133514404,7.360000133514404,23809392
2025-02-07,7.380000114440918,7.559999942779541,7.289999961853027,7.409999847412109,7.409999847412109,27295770
2025-02-10,7.510000228881836,7.78000020980835,7.420000076293945,7.769999980926514,7.769999980926514,31571808
2025-02-11,7.699999809265137,8.550000190734863,7.570000171661377,8.550000190734863,8.550000190734863,39272232
2025-02-12,8.550000190734863,8.550000190734863,8.170000076293945,8.199999809265137,8.199999809265137,91524506
2025-02-13,8.130000114440918,8.359999656677246,7.989999771118164,8.130000114440918,8.130000114440918,55444679
2025-02-14,8.0600004196167,8.109999656677246,7.869999885559082,8.010000228881836,8.010000228881836,40618332
2025-02-17,8.0600004196167,8.149999618530273,7.929999828338623,8.0600004196167,8.0600004196167,36897652
2025-02-18,8.0,8.119999885559082,7.639999866485596,7.679999828338623,7.679999828338623,32726886
2025-02-19,7.800000190734863,7.980000019073486,7.670000076293945,7.880000114440918,7.880000114440918,25591346
2025-02-20,8.029999732971191,8.180000305175781,7.900000095367432,7.96999979019165,7.96999979019165,29387154
2025-02-21,7.980000019073486,8.130000114440918,7.869999885559082,8.09000015258789,8.09000015258789,34583472
2025-02-24,8.109999656677246,8.319999694824219,7.949999809265137,8.220000267028809,8.220000267028809,45094524
2025-02-25,8.050000190734863,8.210000038146973,7.960000038146973,8.0,8.0,30542732
2025-02-26,8.140000343322754,8.199999809265137,8.039999961853027,8.130000114440918,8.130000114440918,23707787
2025-02-27,8.9399995803833,8.9399995803833,8.760000228881836,8.9399995803833,8.9399995803833,38077280
2025-02-28,9.59000015258789,9.829999923706056,9.279999732971191,9.4399995803833,9.4399995803833,104654347
2025-03-03,9.619999885559082,9.779999732971191,8.5,8.5,8.5,103217342
2025-03-04,7.75,7.96999979019165,7.75,7.900000095367432,7.900000095367432,83828289
2025-03-05,7.809999942779541,7.929999828338623,7.699999809265137,7.880000114440918,7.880000114440918,50747547
2025-03-06,7.909999847412109,8.25,7.909999847412109,8.170000076293945,8.170000076293945,61727414
2025-03-07,8.210000038146973,8.430000305175781,7.980000019073486,8.029999732971191,8.029999732971191,55048675
2025-03-10,8.170000076293945,8.199999809265137,7.909999847412109,7.949999809265137,7.949999809265137,29775002
2025-03-11,7.769999980926514,7.940000057220459,7.75,7.920000076293945,7.920000076293945,21246957
2025-03-12,8.039999961853027,8.130000114440918,7.960000038146973,8.050000190734863,8.050000190734863,31117181
2025-03-13,8.010000228881836,8.020000457763672,7.739999771118164,7.820000171661377,7.820000171661377,25645848
2025-03-14,7.820000171661377,7.949999809265137,7.769999980926514,7.889999866485596,7.889999866485596,19129234
2025-03-17,7.96999979019165,8.229999542236328,7.949999809265137,8.020000457763672,8.020000457763672,34858176
2025-03-18,8.050000190734863,8.350000381469727,8.0,8.149999618530273,8.149999618530273,43846598
2025-03-19,8.0600004196167,8.09000015258789,7.929999828338623,7.989999771118164,7.989999771118164,27206465
2025-03-20,8.020000457763672,8.039999961853027,7.889999866485596,7.889999866485596,7.889999866485596,19187005
2025-03-21,7.869999885559082,7.869999885559082,7.610000133514404,7.610000133514404,7.610000133514404,23190704
2025-03-24,7.610000133514404,7.659999847412109,7.110000133514404,7.28000020980835,7.28000020980835,25622074
2025-03-25,7.329999923706055,7.340000152587891,7.159999847412109,7.21999979019165,7.21999979019165,14905628
2025-03-26,7.21999979019165,7.329999923706055,7.210000038146973,7.289999961853027,7.289999961853027,10848767
2025-03-27,7.260000228881836,7.309999942779541,7.150000095367432,7.21999979019165,7.21999979019165,10934744
2025-03-28,7.25,7.28000020980835,7.099999904632568,7.130000114440918,7.130000114440918,9214642
2025-03-31,7.130000114440918,7.150000095367432,6.940000057220459,7.099999904632568,7.099999904632568,12322944
2025-04-01,7.090000152587891,7.239999771118164,7.090000152587891,7.139999866485596,7.139999866485596,9892362
2025-04-02,7.139999866485596,7.179999828338623,7.059999942779541,7.079999923706055,7.079999923706055,8005800
2025-04-03,7.010000228881836,7.150000095367432,6.960000038146973,7.050000190734863,7.050000190734863,8326687
2025-04-07,6.610000133514404,6.659999847412109,6.349999904632568,6.349999904632568,6.349999904632568,9498400
2025-04-08,6.0,6.329999923706055,5.800000190734863,5.929999828338623,5.929999828338623,31357982
2025-04-09,5.849999904632568,6.269999980926514,5.409999847412109,6.170000076293945,6.170000076293945,27283453
2025-04-10,6.380000114440918,6.449999809265137,6.289999961853027,6.309999942779541,6.309999942779541,15217220
2025-04-11,6.269999980926514,6.409999847412109,6.21999979019165,6.360000133514404,6.360000133514404,11900551
2025-04-14,6.449999809265137,6.610000133514404,6.449999809265137,6.559999942779541,6.559999942779541,14034496
2025-04-15,6.559999942779541,6.610000133514404,6.449999809265137,6.53000020980835,6.53000020980835,9727800
2025-04-16,6.510000228881836,6.550000190734863,6.25,6.360000133514404,6.360000133514404,10936979
2025-04-17,6.300000190734863,6.5,6.300000190734863,6.409999847412109,6.409999847412109,10010660
2025-04-18,6.389999866485596,6.460000038146973,6.320000171661377,6.400000095367432,6.400000095367432,7306120
2025-04-21,6.400000095367432,6.599999904632568,6.320000171661377,6.579999923706055,6.579999923706055,12418600
2025-04-22,6.550000190734863,6.650000095367432,6.519999980926514,6.53000020980835,6.53000020980835,11912700
2025-04-23,6.599999904632568,6.690000057220459,6.579999923706055,6.619999885559082,6.619999885559082,11727600
2025-04-24,6.619999885559082,6.619999885559082,6.400000095367432,6.409999847412109,6.409999847412109,11625873
2025-04-25,6.409999847412109,6.550000190734863,6.389999866485596,6.440000057220459,6.440000057220459,9211860
2025-04-28,6.449999809265137,7.050000190734863,6.449999809265137,6.619999885559082,6.619999885559082,30293416
2025-04-29,6.449999809265137,6.570000171661377,6.369999885559082,6.369999885559082,6.369999885559082,28750960
2025-04-30,6.46999979019165,6.650000095367432,6.380000114440918,6.599999904632568,6.599999904632568,24496731
2025-05-06,6.670000076293945,6.840000152587891,6.670000076293945,6.840000152587891,6.840000152587891,19924592
2025-05-07,6.920000076293945,6.949999809265137,6.769999980926514,6.869999885559082,6.869999885559082,17586963
2025-05-08,6.800000190734863,7.079999923706055,6.78000020980835,7.0,7.0,19507508
2025-05-09,6.920000076293945,7.010000228881836,6.820000171661377,6.840000152587891,6.840000152587891,13117900
2025-05-12,6.889999866485596,6.960000038146973,6.809999942779541,6.949999809265137,6.949999809265137,13389000
2025-05-13,7.019999980926514,7.050000190734863,6.880000114440918,6.96999979019165,6.96999979019165,14017000
2025-05-14,6.929999828338623,7.170000076293945,6.889999866485596,6.949999809265137,6.949999809265137,20512244
2025-05-15,6.949999809265137,6.949999809265137,6.739999771118164,6.75,6.75,11990000
2025-05-16,6.670000076293945,6.840000152587891,6.670000076293945,6.760000228881836,6.760000228881836,10210299
2025-05-19,6.789999961853027,6.900000095367432,6.730000019073486,6.889999866485596,6.889999866485596,10646700
2025-05-20,6.900000095367432,7.039999961853027,6.809999942779541,7.03000020980835,7.03000020980835,15715400
2025-05-21,7.059999942779541,7.059999942779541,6.829999923706055,6.869999885559082,6.869999885559082,11733125
2025-05-22,6.860000133514404,6.929999828338623,6.78000020980835,6.840000152587891,6.840000152587891,10708980
2025-05-23,6.829999923706055,6.940000057220459,6.690000057220459,6.690000057220459,6.690000057220459,14784608
2025-05-26,6.690000057220459,6.989999771118164,6.650000095367432,6.900000095367432,6.900000095367432,18559423
2025-05-27,6.940000057220459,6.940000057220459,6.78000020980835,6.849999904632568,6.849999904632568,12285400
2025-05-28,6.800000190734863,7.150000095367432,6.789999961853027,6.980000019073486,6.980000019073486,31943249
2025-05-29,6.960000038146973,7.170000076293945,6.960000038146973,7.119999885559082,7.119999885559082,30546848
2025-05-30,7.070000171661377,7.110000133514404,6.849999904632568,6.900000095367432,6.900000095367432,19547800
2025-06-03,6.829999923706055,7.019999980926514,6.829999923706055,6.909999847412109,6.909999847412109,14624728
2025-06-04,6.920000076293945,6.989999771118164,6.840000152587891,6.949999809265137,6.949999809265137,10507586
2025-06-05,6.940000057220459,7.099999904632568,6.900000095367432,7.070000171661377,7.070000171661377,17734972
2025-06-06,7.03000020980835,7.150000095367432,7.03000020980835,7.110000133514404,7.110000133514404,15594800
2025-06-09,7.139999866485596,7.179999828338623,7.070000171661377,7.130000114440918,7.130000114440918,15830600
2025-06-10,7.329999923706055,7.550000190734863,6.960000038146973,7.070000171661377,7.070000171661377,43968193
2025-06-11,7.059999942779541,7.150000095367432,6.980000019073486,7.050000190734863,7.050000190734863,20188076
2025-06-12,7.019999980926514,7.400000095367432,6.980000019073486,7.179999828338623,7.179999828338623,36371095
2025-06-13,7.099999904632568,7.170000076293945,6.909999847412109,6.929999828338623,6.929999828338623,24275414
2025-06-16,6.909999847412109,7.099999904632568,6.880000114440918,7.039999961853027,7.039999961853027,16607849
2025-06-17,6.980000019073486,7.079999923706055,6.940000057220459,7.0,7.0,12025447
2025-06-18,6.960000038146973,7.0,6.880000114440918,6.940000057220459,6.940000057220459,10917868
2025-06-19,6.909999847412109,6.96999979019165,6.739999771118164,6.789999961853027,6.789999961853027,12488960
2025-06-20,6.760000228881836,6.829999923706055,6.639999866485596,6.710000038146973,6.710000038146973,12902658
2025-06-23,6.630000114440918,6.909999847412109,6.599999904632568,6.880000114440918,6.880000114440918,12618907
2025-06-24,6.940000057220459,7.119999885559082,6.909999847412109,7.090000152587891,7.090000152587891,16352860
2025-06-25,7.139999866485596,7.150000095367432,7.039999961853027,7.139999866485596,7.139999866485596,15701800
2025-06-26,7.159999847412109,7.179999828338623,7.099999904632568,7.130000114440918,7.130000114440918,14887366
2025-06-27,7.130000114440918,7.199999809265137,7.099999904632568,7.139999866485596,7.139999866485596,11945739
2025-06-30,7.179999828338623,7.239999771118164,7.150000095367432,7.230000019073486,7.230000019073486,12257124
2025-07-01,7.230000019073486,7.239999771118164,7.099999904632568,7.150000095367432,7.150000095367432,10056001
2025-07-02,7.159999847412109,7.179999828338623,7.019999980926514,7.070000171661377,7.070000171661377,9820400
2025-07-03,7.090000152587891,7.159999847412109,7.050000190734863,7.110000133514404,7.110000133514404,7712800
2025-07-04,7.110000133514404,7.119999885559082,6.980000019073486,7.019999980926514,7.019999980926514,10418700
2025-07-07,7.019999980926514,7.099999904632568,6.989999771118164,7.050000190734863,7.050000190734863,6645254
2025-07-08,7.070000171661377,7.139999866485596,7.039999961853027,7.130000114440918,7.130000114440918,8007768
2025-07-09,7.159999847412109,7.190000057220459,7.090000152587891,7.110000133514404,7.110000133514404,8713364
2025-07-10,7.130000114440918,7.190000057220459,7.090000152587891,7.150000095367432,7.150000095367432,8697378
2025-07-11,7.179999828338623,7.25,7.070000171661377,7.239999771118164,7.239999771118164,15527916
2025-07-14,7.210000038146973,7.260000228881836,7.159999847412109,7.239999771118164,7.239999771118164,9926789
2025-07-15,7.170000076293945,7.210000038146973,6.880000114440918,7.050000190734863,7.050000190734863,23124977
2025-07-16,7.059999942779541,7.139999866485596,7.03000020980835,7.079999923706055,7.079999923706055,11645904
2025-07-17,7.079999923706055,7.170000076293945,7.03000020980835,7.150000095367432,7.150000095367432,11166880
2025-07-18,7.179999828338623,7.21999979019165,7.130000114440918,7.199999809265137,7.199999809265137,9830212
2025-07-21,7.199999809265137,7.269999980926514,7.179999828338623,7.239999771118164,7.239999771118164,10340000
2025-07-22,7.269999980926514,7.269999980926514,7.099999904632568,7.159999847412109,7.159999847412109,13614780
2025-07-23,7.159999847412109,7.159999847412109,7.070000171661377,7.070000171661377,7.070000171661377,10570685
2025-07-24,7.090000152587891,7.150000095367432,7.079999923706055,7.139999866485596,7.139999866485596,9953504
2025-07-25,7.130000114440918,7.420000076293945,7.130000114440918,7.389999866485596,7.389999866485596,40836762
2025-07-28,7.389999866485596,7.400000095367432,7.28000020980835,7.320000171661377,7.320000171661377,18211060
2025-07-29,7.300000190734863,7.320000171661377,7.179999828338623,7.28000020980835,7.28000020980835,12545768
2025-07-30,7.269999980926514,7.5,7.210000038146973,7.340000152587891,7.340000152587891,34169180
2025-07-31,7.28000020980835,7.429999828338623,7.260000228881836,7.289999961853027,7.289999961853027,23882760
2025-08-01,7.329999923706055,7.409999847412109,7.269999980926514,7.389999866485596,7.389999866485596,21208761
2025-08-04,7.389999866485596,7.480000019073486,7.309999942779541,7.480000019073486,7.480000019073486,17296471
2025-08-05,7.460000038146973,7.53000020980835,7.440000057220459,7.53000020980835,7.53000020980835,18296138
2025-08-06,7.579999923706055,8.279999732971191,7.5,7.920000076293945,7.920000076293945,83733732
2025-08-07,7.800000190734863,8.069999694824219,7.760000228881836,7.869999885559082,7.869999885559082,58524269
2025-08-08,7.980000019073486,7.980000019073486,7.670000076293945,7.670000076293945,7.670000076293945,37918462
2025-08-11,7.659999847412109,7.75,7.650000095367432,7.670000076293945,7.670000076293945,24165616
2025-08-12,7.679999828338623,7.699999809265137,7.559999942779541,7.639999866485596,7.639999866485596,19790058
2025-08-13,7.659999847412109,7.690000057220459,7.519999980926514,7.550000190734863,7.550000190734863,22255270
2025-08-14,7.550000190734863,7.590000152587891,7.409999847412109,7.429999828338623,7.429999828338623,19421568
2025-08-15,7.400000095367432,7.539999961853027,7.389999866485596,7.539999961853027,7.539999961853027,15244037
2025-08-18,7.559999942779541,7.909999847412109,7.559999942779541,7.860000133514404,7.860000133514404,40606722
2025-08-19,7.880000114440918,8.100000381469727,7.809999942779541,8.0,8.0,35487180
2025-08-20,7.929999828338623,8.069999694824219,7.920000076293945,8.010000228881836,8.010000228881836,26820234
2025-08-21,8.069999694824219,8.100000381469727,7.940000057220459,7.980000019073486,7.980000019073486,21703844
2025-08-22,7.980000019073486,8.3100004196167,7.960000038146973,8.279999732971191,8.279999732971191,37489212
2025-08-25,8.34000015258789,8.460000038146973,8.239999771118164,8.300000190734863,8.300000190734863,34166662
2025-08-26,8.289999961853027,8.479999542236328,8.229999542236328,8.390000343322754,8.390000343322754,27133823
2025-08-27,8.40999984741211,8.649999618530273,8.029999732971191,8.039999961853027,8.039999961853027,38800036
2025-08-28,7.989999771118164,8.15999984741211,7.840000152587891,8.15999984741211,8.15999984741211,26619352
2025-08-29,8.180000305175781,8.279999732971191,8.0600004196167,8.069999694824219,8.069999694824219,21462306
2025-09-01,8.109999656677246,8.880000114440918,8.109999656677246,8.880000114440918,8.880000114440918,33954426
2025-09-02,8.84000015258789,8.960000038146973,8.460000038146973,8.630000114440918,8.630000114440918,101035657
2025-09-03,8.640000343322754,8.880000114440918,8.460000038146973,8.5,8.5,48218426
2025-09-04,8.609999656677246,8.649999618530273,8.140000343322754,8.319999694824219,8.319999694824219,40649228
2025-09-05,8.319999694824219,8.539999961853027,8.170000076293945,8.520000457763672,8.520000457763672,28779471
2025-09-08,8.510000228881836,8.680000305175781,8.399999618530273,8.569999694824219,8.569999694824219,24687501
2025-09-09,8.529999732971191,8.880000114440918,8.520000457763672,8.6899995803833,8.6899995803833,39672469
2025-09-10,8.649999618530273,8.8100004196167,8.579999923706055,8.630000114440918,8.630000114440918,21966232
2025-09-11,8.630000114440918,8.729999542236328,8.479999542236328,8.670000076293945,8.670000076293945,23953715
2025-09-12,8.75,8.779999732971191,8.40999984741211,8.4399995803833,8.4399995803833,30578635
2025-09-15,8.40999984741211,8.5,8.270000457763672,8.4399995803833,8.4399995803833,21168182
2025-09-16,8.420000076293945,8.710000038146973,8.380000114440918,8.680000305175781,8.680000305175781,31583191
2025-09-17,8.550000190734863,8.649999618530273,8.420000076293945,8.470000267028809,8.470000267028809,20821431
2025-09-18,8.449999809265137,8.460000038146973,8.029999732971191,8.09000015258789,8.09000015258789,35737587
2025-09-19,8.069999694824219,8.399999618530273,8.069999694824219,8.220000267028809,8.220000267028809,27739106
2025-09-22,8.34000015258789,8.350000381469727,8.079999923706055,8.149999618530273,8.149999618530273,13251711
2025-09-23,8.149999618530273,8.149999618530273,7.71999979019165,8.020000457763672,8.020000457763672,24365875
2025-09-24,8.010000228881836,8.149999618530273,7.860000133514404,8.140000343322754,8.140000343322754,12542082
2025-09-25,8.140000343322754,8.600000381469727,8.100000381469727,8.239999771118164,8.239999771118164,22747359
2025-09-26,8.199999809265137,8.239999771118164,7.900000095367432,7.909999847412109,7.909999847412109,14985978
2025-09-29,7.929999828338623,8.260000228881836,7.880000114440918,8.010000228881836,8.010000228881836,16381720
2025-09-30,8.010000228881836,8.15999984741211,8.0,8.0600004196167,8.0600004196167,12180851
2025-10-09,8.260000228881836,8.859999656677246,8.15999984741211,8.609999656677246,8.609999656677246,45369090
2025-10-10,8.479999542236328,8.699999809265137,8.329999923706055,8.390000343322754,8.390000343322754,27969679
2025-10-13,8.0,8.489999771118164,7.78000020980835,8.319999694824219,8.319999694824219,21396617
2025-10-14,8.399999618530273,8.470000267028809,7.980000019073486,8.010000228881836,8.010000228881836,24642239
2025-10-15,8.020000457763672,8.210000038146973,7.900000095367432,8.1899995803833,8.1899995803833,18795040
2025-10-16,8.180000305175781,8.229999542236328,7.989999771118164,8.010000228881836,8.010000228881836,14441266
2025-10-17,8.020000457763672,8.09000015258789,7.699999809265137,7.75,7.75,15605925
2025-10-20,7.800000190734863,8.229999542236328,7.789999961853027,8.109999656677246,8.109999656677246,20453984
2025-10-21,8.149999618530273,8.529999732971191,8.020000457763672,8.430000305175781,8.430000305175781,22443505
2025-10-22,8.449999809265137,8.449999809265137,8.25,8.300000190734863,8.300000190734863,11093437
2025-10-23,8.239999771118164,8.59000015258789,8.149999618530273,8.460000038146973,8.460000038146973,20451701
2025-10-24,8.539999961853027,8.539999961853027,8.329999923706055,8.430000305175781,8.430000305175781,22442559
2025-10-27,8.4399995803833,8.739999771118164,8.390000343322754,8.489999771118164,8.489999771118164,21686624
2025-10-28,8.460000038146973,8.8100004196167,8.4399995803833,8.670000076293945,8.670000076293945,29193722
2025-10-29,8.600000381469727,8.729999542236328,8.529999732971191,8.579999923706055,8.579999923706055,18251025
2025-10-30,8.5600004196167,8.869999885559082,8.489999771118164,8.65999984741211,8.65999984741211,23696115
2025-10-31,8.539999961853027,8.819999694824219,8.489999771118164,8.680000305175781,8.680000305175781,22444716
2025-11-03,8.6899995803833,8.920000076293945,8.59000015258789,8.829999923706055,8.829999923706055,20600562
2025-11-04,8.760000228881836,8.800000190734863,8.630000114440918,8.739999771118164,8.739999771118164,14322408
2025-11-05,8.600000381469727,9.100000381469728,8.579999923706055,8.850000381469727,8.850000381469727,24647039
2025-11-06,8.829999923706055,9.0,8.729999542236328,8.989999771118164,8.989999771118164,17292386
2025-11-07,8.9399995803833,8.979999542236328,8.75,8.90999984741211,8.90999984741211,16774544
2025-11-10,8.84000015258789,8.949999809265137,8.729999542236328,8.779999732971191,8.779999732971191,15274885
2025-11-11,8.779999732971191,9.18000030517578,8.739999771118164,9.050000190734863,9.050000190734863,25360615
2025-11-12,9.09000015258789,9.539999961853027,9.09000015258789,9.329999923706056,9.329999923706056,39814229
2025-11-13,9.279999732971191,9.399999618530272,9.100000381469728,9.369999885559082,9.369999885559082,28522687
2025-11-14,9.470000267028809,9.770000457763672,9.359999656677246,9.510000228881836,9.510000228881836,33276955
2025-11-17,9.489999771118164,10.460000038146973,9.449999809265137,10.170000076293944,10.170000076293944,65821755
2025-11-18,10.100000381469728,10.75,10.0,10.369999885559082,10.369999885559082,59529615
2025-11-19,10.289999961853027,10.380000114440918,10.0,10.100000381469728,10.100000381469728,37924161
2025-11-20,10.119999885559082,10.859999656677246,10.109999656677246,10.539999961853027,10.539999961853027,52515119
2025-11-21,10.300000190734863,10.550000190734863,9.899999618530272,9.989999771118164,9.989999771118164,43781067
2025-11-24,10.149999618530272,10.18000030517578,9.729999542236328,9.899999618530272,9.899999618530272,30740099
2025-11-25,10.0,10.399999618530272,9.899999618530272,10.050000190734863,10.050000190734863,27368541
2025-11-26,10.239999771118164,10.239999771118164,9.960000038146973,10.029999732971191,10.029999732971191,19574163
2025-11-27,9.899999618530272,10.260000228881836,9.829999923706056,9.850000381469728,9.850000381469728,22748313
2025-11-28,9.899999618530272,10.130000114440918,9.56999969482422,9.75,9.75,21866916
2025-12-01,9.960000038146973,10.289999961853027,9.779999732971191,10.050000190734863,10.050000190734863,37328823
2025-12-02,10.029999732971191,10.029999732971191,9.520000457763672,9.880000114440918,9.880000114440918,25094847
2025-12-03,9.850000381469728,9.960000038146973,9.470000267028809,9.649999618530272,9.649999618530272,21628414
2025-12-04,9.600000381469728,9.699999809265137,9.369999885559082,9.5,9.5,15810433
2025-12-05,9.510000228881836,9.649999618530272,9.289999961853027,9.59000015258789,9.59000015258789,15441292
2025-12-08,9.619999885559082,10.399999618530272,9.609999656677246,10.220000267028809,10.220000267028809,33877139
2025-12-09,10.220000267028809,10.449999809265137,10.0,10.140000343322754,10.140000343322754,33060823
2025-12-10,10.109999656677246,10.390000343322754,9.960000038146973,10.329999923706056,10.329999923706056,24912120
2025-12-11,10.380000114440918,10.390000343322754,10.119999885559082,10.1899995803833,10.1899995803833,19135290
2025-12-12,10.199999809265137,10.6899995803833,10.039999961853027,10.449999809265137,10.449999809265137,31548831
2025-12-15,10.399999618530272,10.479999542236328,10.130000114440918,10.359999656677246,10.359999656677246,20346679
2025-12-16,10.210000038146973,10.40999984741211,9.899999618530272,9.920000076293944,9.920000076293944,21405548
2025-12-17,9.899999618530272,10.119999885559082,9.829999923706056,10.010000228881836,10.010000228881836,18724523
2025-12-18,9.989999771118164,10.149999618530272,9.829999923706056,9.920000076293944,9.920000076293944,14081936
2025-12-19,9.920000076293944,10.109999656677246,9.920000076293944,10.050000190734863,10.050000190734863,11249736
2025-12-22,10.06999969482422,10.06999969482422,9.800000190734863,9.9399995803833,9.9399995803833,15216362
2025-12-23,9.979999542236328,9.979999542236328,9.470000267028809,9.829999923706056,9.829999923706056,23247952
2025-12-24,9.699999809265137,10.100000381469728,9.699999809265137,10.0600004196167,10.0600004196167,17834257
2025-12-25,10.050000190734863,10.140000343322754,9.829999923706056,10.050000190734863,10.050000190734863,22692526
2025-12-26,10.149999618530272,11.0600004196167,10.149999618530272,11.0600004196167,11.0600004196167,70442975
2025-12-29,11.0600004196167,11.239999771118164,10.699999809265137,10.710000038146973,10.710000038146973,51570992
2025-12-30,10.800000190734863,10.9399995803833,10.390000343322754,10.479999542236328,10.479999542236328,32019638
2025-12-31,10.720000267028809,11.239999771118164,10.40999984741211,11.029999732971191,11.029999732971191,48164170
2026-01-05,11.06999969482422,11.579999923706056,10.989999771118164,11.4399995803833,11.4399995803833,42586899
2026-01-06,11.239999771118164,11.729999542236328,11.15999984741211,11.260000228881836,11.260000228881836,41436107
2026-01-07,11.199999809265137,11.390000343322754,11.100000381469728,11.350000381469728,11.350000381469728,29203478
2026-01-08,11.350000381469728,11.359999656677246,11.010000228881836,11.130000114440918,11.130000114440918,21968245
2026-01-09,11.109999656677246,11.489999771118164,11.109999656677246,11.43000030517578,11.43000030517578,27407429
2026-01-12,11.699999809265137,12.479999542236328,11.699999809265137,12.220000267028809,12.220000267028809,45919886
2026-01-13,12.380000114440918,12.43000030517578,11.850000381469728,11.920000076293944,11.920000076293944,33456953
2026-01-14,11.899999618530272,12.149999618530272,11.5,11.800000190734863,11.800000190734863,36685373
2026-01-15,11.6899995803833,11.6899995803833,11.130000114440918,11.34000015258789,11.34000015258789,29170874
2026-01-16,11.279999732971191,11.460000038146973,11.119999885559082,11.239999771118164,11.239999771118164,23085921
2026-01-19,11.239999771118164,11.239999771118164,10.600000381469728,11.149999618530272,11.149999618530272,26627100
2026-01-20,10.949999809265137,11.729999542236328,10.949999809265137,11.56999969482422,11.56999969482422,40838553
2026-01-21,11.520000457763672,11.869999885559082,11.149999618530272,11.43000030517578,11.43000030517578,32310193
2026-01-22,11.390000343322754,11.75,11.31999969482422,11.649999618530272,11.649999618530272,26136432
2026-01-23,11.600000381469728,11.600000381469728,11.06999969482422,11.18000030517578,11.18000030517578,39210827
2026-01-26,11.170000076293944,11.43000030517578,11.010000228881836,11.199999809265137,11.199999809265137,21029151
2026-01-27,12.300000190734863,12.300000190734863,10.699999809265137,10.75,10.75,39407981
2026-01-28,10.75,10.93000030517578,10.239999771118164,10.699999809265137,10.699999809265137,30647164
2026-01-29,10.520000457763672,10.779999732971191,10.260000228881836,10.359999656677246,10.359999656677246,20872627
2026-01-30,10.270000457763672,10.420000076293944,9.93000030517578,10.0600004196167,10.0600004196167,21188499
2026-02-02,9.979999542236328,10.140000343322754,9.699999809265137,9.779999732971191,9.779999732971191,19567335
2026-02-03,9.899999618530272,10.0600004196167,9.770000457763672,10.039999961853027,10.039999961853027,12398194
2026-02-04,9.9399995803833,10.039999961853027,9.81999969482422,9.899999618530272,9.899999618530272,11905337
2026-02-05,9.850000381469728,10.06999969482422,9.800000190734863,9.90999984741211,9.90999984741211,11944542
2026-02-06,9.920000076293944,9.960000038146973,9.65999984741211,9.65999984741211,9.65999984741211,18832093
2026-02-09,9.800000190734863,10.350000381469728,9.779999732971191,10.329999923706056,10.329999923706056,24383870
2026-02-10,10.300000190734863,10.4399995803833,10.079999923706056,10.34000015258789,10.34000015258789,13720412
2026-02-11,10.399999618530272,10.399999618530272,10.06999969482422,10.100000381469728,10.100000381469728,11475618
2026-02-12,10.109999656677246,10.210000038146973,9.949999809265137,10.109999656677246,10.109999656677246,10758922
2026-02-13,10.079999923706056,10.350000381469728,10.029999732971191,10.039999961853027,10.039999961853027,10161256
2026-02-24,10.0600004196167,10.18000030517578,9.9399995803833,10.020000457763672,10.020000457763672,10326520
2026-02-25,10.020000457763672,10.270000457763672,9.899999618530272,10.229999542236328,10.229999542236328,14114858
2026-02-26,10.229999542236328,10.300000190734863,10.050000190734863,10.119999885559082,10.119999885559082,11814368
2026-02-27,10.09000015258789,10.149999618530272,10.020000457763672,10.109999656677246,10.109999656677246,8924909
2026-03-02,9.989999771118164,10.399999618530272,9.9399995803833,10.06999969482422,10.06999969482422,16134267
2026-03-03,10.029999732971191,10.15999984741211,9.8100004196167,9.880000114440918,9.880000114440918,17269112
2026-03-04,9.880000114440918,10.170000076293944,9.729999542236328,10.09000015258789,10.09000015258789,12914274
2026-03-05,10.210000038146973,10.25,9.979999542236328,10.029999732971191,10.029999732971191,13117981
2026-03-06,10.0,10.149999618530272,9.970000267028809,9.989999771118164,9.989999771118164,12032188
2026-03-09,9.979999542236328,10.220000267028809,9.579999923706056,10.079999923706056,10.079999923706056,19710338
2026-03-10,10.149999618530272,10.31999969482422,10.109999656677246,10.270000457763672,10.270000457763672,15305749
2026-03-11,10.279999732971191,10.279999732971191,9.960000038146973,9.970000267028809,9.970000267028809,15062858
2026-03-12,9.960000038146973,10.09000015258789,9.779999732971191,9.789999961853027,9.789999961853027,10463043
2026-03-13,9.84000015258789,9.859999656677246,9.390000343322754,9.5,9.5,17171510
2026-03-16,9.470000267028809,9.489999771118164,9.300000190734863,9.460000038146973,9.460000038146973,9968232
2026-03-17,9.460000038146973,9.520000457763672,9.220000267028809,9.260000228881836,9.260000228881836,9902483
2026-03-18,9.279999732971191,9.739999771118164,9.15999984741211,9.710000038146973,9.710000038146973,14748074
2026-03-19,9.600000381469728,10.5,9.529999732971191,10.170000076293944,10.170000076293944,42146787
2026-03-20,10.18000030517578,10.279999732971191,9.609999656677246,9.630000114440918,9.630000114440918,21364175
2026-03-23,9.399999618530272,9.460000038146973,8.899999618530273,9.010000228881836,9.010000228881836,17162669
2026-03-24,9.1899995803833,9.229999542236328,8.859999656677246,9.09000015258789,9.09000015258789,14761689
2026-03-25,9.06999969482422,9.289999961853027,9.010000228881836,9.079999923706056,9.079999923706056,14668699
2026-03-26,9.079999923706056,9.15999984741211,8.739999771118164,8.800000190734863,8.800000190734863,11467692
2026-03-27,8.800000190734863,9.100000381469728,8.680000305175781,8.90999984741211,8.90999984741211,10863757
2026-03-30,8.75,8.9399995803833,8.710000038146973,8.850000381469727,8.850000381469727,8875638
2026-03-31,8.829999923706055,9.739999771118164,8.829999923706055,9.739999771118164,9.739999771118164,35791558
2026-04-01,9.880000114440918,9.890000343322754,9.4399995803833,9.4399995803833,9.4399995803833,27171204
2026-04-02,9.43000030517578,9.539999961853027,9.130000114440918,9.239999771118164,9.239999771118164,15116224
2026-04-03,9.31999969482422,9.34000015258789,8.84000015258789,8.930000305175781,8.930000305175781,15398321
2026-04-07,8.930000305175781,9.050000190734863,8.859999656677246,8.9399995803833,8.9399995803833,8411900
2026-04-08,9.149999618530272,9.649999618530272,9.149999618530272,9.520000457763672,9.520000457763672,23012951
2026-04-09,9.43000030517578,9.510000228881836,9.260000228881836,9.390000343322754,9.390000343322754,13169077
2026-04-10,9.449999809265137,9.93000030517578,9.449999809265137,9.579999923706056,9.579999923706056,18266403
2026-04-13,9.56999969482422,10.260000228881836,9.449999809265137,10.020000457763672,10.020000457763672,29987299
2026-04-14,10.149999618530272,10.380000114440918,10.0,10.229999542236328,10.229999542236328,29266336
2026-04-15,10.300000190734863,10.380000114440918,10.100000381469728,10.140000343322754,10.140000343322754,17205372
2026-04-16,10.130000114440918,10.260000228881836,10.0600004196167,10.210000038146973,10.210000038146973,14976830
2026-04-17,10.199999809265137,10.25,10.0,10.010000228881836,10.010000228881836,16823388
2026-04-20,10.020000457763672,10.479999542236328,9.979999542236328,10.239999771118164,10.239999771118164,23336640
2026-04-21,10.25,10.34000015258789,10.039999961853027,10.149999618530272,10.149999618530272,15221953
2026-04-22,10.149999618530272,10.779999732971191,10.100000381469728,10.65999984741211,10.65999984741211,33132870
2026-04-23,10.600000381469728,10.640000343322754,10.229999542236328,10.449999809265137,10.449999809265137,20146071
2026-04-24,10.399999618530272,10.739999771118164,10.289999961853027,10.640000343322754,10.640000343322754,27254698
2026-04-27,10.600000381469728,11.649999618530272,10.56999969482422,11.380000114440918,11.380000114440918,56060560
2026-04-28,11.289999961853027,11.68000030517578,11.18000030517578,11.300000190734863,11.300000190734863,34768790
2026-04-29,11.15999984741211,11.600000381469728,11.029999732971191,11.420000076293944,11.420000076293944,36299745
2026-04-30,11.34000015258789,12.380000114440918,11.3100004196167,12.15999984741211,12.15999984741211,60802745
2026-05-06,13.149999618530272,13.279999732971191,12.65999984741211,13.020000457763672,13.020000457763672,59758039
2026-05-07,13.09000015258789,13.399999618530272,12.949999809265137,13.289999961853027,13.289999961853027,43539052
2026-05-08,13.359999656677246,13.539999961853027,12.729999542236328,13.329999923706056,13.329999923706056,47504110
2026-05-11,13.5,14.199999809265137,13.0,13.84000015258789,13.84000015258789,59014562
2026-05-12,13.869999885559082,13.949999809265137,13.390000343322754,13.779999732971191,13.779999732971191,38519080
2026-05-13,13.579999923706056,14.199999809265137,13.579999923706056,13.869999885559082,13.869999885559082,45609606
2026-05-14,13.899999618530272,14.119999885559082,13.579999923706056,13.670000076293944,13.670000076293944,35741552
2026-05-15,13.649999618530272,13.890000343322754,12.949999809265137,13.140000343322754,13.140000343322754,43848928
2026-05-18,13.109999656677246,13.239999771118164,12.649999618530272,12.899999618530272,12.899999618530272,39658423
2026-05-19,12.970000267028809,13.520000457763672,12.8100004196167,13.489999771118164,13.489999771118164,30063234
2026-05-20,13.520000457763672,14.529999732971191,13.0600004196167,13.109999656677246,13.109999656677246,48388982
2026-05-21,13.229999542236328,13.270000457763672,12.380000114440918,12.479999542236328,12.479999542236328,37624500
2026-05-22,12.510000228881836,12.789999961853027,12.210000038146973,12.40999984741211,12.40999984741211,25889677
2026-05-25,12.649999618530272,12.93000030517578,12.079999923706056,12.65999984741211,12.65999984741211,34944864
2026-05-26,12.609999656677246,13.149999618530272,12.43000030517578,12.880000114440918,12.880000114440918,28473957
2026-05-27,12.800000190734863,12.979999542236328,12.56999969482422,12.880000114440918,12.880000114440918,28163792
2026-05-28,12.8100004196167,13.34000015258789,12.479999542236328,12.600000381469728,12.600000381469728,40045930
2026-05-29,12.600000381469728,12.649999618530272,11.75,11.880000114440918,11.880000114440918,31834678
2026-06-01,11.890000343322754,12.239999771118164,11.739999771118164,11.800000190734863,11.800000190734863,20316483
2026-06-02,11.800000190734863,11.899999618530272,11.350000381469728,11.399999618530272,11.399999618530272,22041344
2026-06-03,11.56999969482422,12.260000228881836,11.279999732971191,11.899999618530272,11.899999618530272,31825031
2026-06-04,11.869999885559082,12.270000457763672,11.510000228881836,11.90999984741211,11.90999984741211,22996173
2026-06-05,11.90999984741211,12.029999732971191,11.600000381469728,11.640000343322754,11.640000343322754,16735168
2026-06-08,11.369999885559082,11.619999885559082,10.90999984741211,11.18000030517578,11.18000030517578,20546916
2026-06-09,11.300000190734863,11.6899995803833,11.020000457763672,11.550000190734863,11.550000190734863,21291100
2026-06-10,11.550000190734863,11.720000267028809,11.079999923706056,11.220000267028809,11.220000267028809,18111799
2026-06-11,11.100000381469728,11.220000267028809,10.729999542236328,11.029999732971191,11.029999732971191,18054064
2026-06-12,11.130000114440918,11.210000038146973,10.81999969482422,11.130000114440918,11.130000114440918,17673838
2026-06-15,11.119999885559082,11.380000114440918,10.9399995803833,11.119999885559082,11.119999885559082,24580385
2026-06-16,11.350000381469728,12.079999923706056,11.0,11.93000030517578,11.93000030517578,30275598
2026-06-17,11.829999923706056,12.470000267028809,11.829999923706056,12.170000076293944,12.170000076293944,28564227
2026-06-18,12.170000076293944,12.350000381469728,11.800000190734863,12.170000076293944,12.170000076293944,22653442
2026-06-22,12.5600004196167,13.390000343322754,12.5600004196167,13.199999809265137,13.199999809265137,61287859
2026-06-23,13.43000030517578,13.770000457763672,13.079999923706056,13.420000076293944,13.420000076293944,43515408
2026-06-24,13.380000114440918,13.770000457763672,12.84000015258789,13.359999656677246,13.359999656677246,34355897
2026-06-25,13.40999984741211,13.649999618530272,12.800000190734863,12.850000381469728,12.850000381469728,29027007
2026-06-26,12.8100004196167,12.829999923706056,11.93000030517578,11.979999542236328,11.979999542236328,26546363
2026-06-29,11.979999542236328,12.199999809265137,11.359999656677246,11.699999809265137,11.699999809265137,25279583
2026-06-30,11.699999809265137,12.579999923706056,11.609999656677246,12.25,12.25,25829069
2026-07-01,12.1899995803833,12.3100004196167,11.710000038146973,11.729999542236328,11.729999542236328,25159980
2026-07-02,11.789999961853027,12.289999961853027,11.399999618530272,11.4399995803833,11.4399995803833,25663107
2026-07-03,11.4399995803833,11.56999969482422,11.079999923706056,11.130000114440918,11.130000114440918,21993961
2026-07-06,11.199999809265137,11.609999656677246,11.0,11.1899995803833,11.1899995803833,27848508
2026-07-07,11.0600004196167,11.289999961853027,10.65999984741211,10.710000038146973,10.710000038146973,17792259
2026-07-08,10.890000343322754,11.020000457763672,10.229999542236328,10.329999923706056,10.329999923706056,19903848
2026-07-09,10.34000015258789,10.43000030517578,9.8100004196167,10.260000228881836,10.260000228881836,21012834
2026-07-10,10.510000228881836,11.050000190734863,10.1899995803833,10.5,10.5,22729521
2026-07-13,10.31999969482422,10.539999961853027,9.449999809265137,9.449999809265137,9.449999809265137,23759727
2026-07-14,9.43000030517578,9.710000038146973,9.09000015258789,9.630000114440918,9.630000114440918,19073852
2026-07-15,9.579999923706056,9.890000343322754,9.399999618530272,9.539999961853027,9.539999961853027,13245872
2026-07-16,9.40999984741211,9.649999618530272,9.130000114440918,9.199999809265137,9.199999809265137,14610581
2026-07-17,9.1899995803833,9.220000267028809,8.279999732971191,8.279999732971191,8.279999732971191,25534479
2026-07-20,8.5,8.600000381469727,7.599999904632568,7.900000095367432,7.900000095367432,26764612
2026-07-21,8.109999656677246,8.109999656677246,7.110000133514404,7.980000019073486,7.980000019073486,34243338
2026-07-22,7.960000038146973,8.220000267028809,7.75,7.849999904632568,7.849999904632568,20552122
2026-07-23,7.849999904632568,7.989999771118164,7.650000095367432,7.849999904632568,7.849999904632568,16046537
2026-07-24,7.78000020980835,7.989999771118164,7.690000057220459,7.710000038146973,7.710000038146973,17683835
2026-07-27,7.71999979019165,8.479999542236328,7.599999904632568,8.479999542236328,8.479999542236328,20296731
2026-07-28,8.640000343322754,8.699999809265137,8.09000015258789,8.220000267028809,8.220000267028809,33513762
2026-07-29,8.229999542236328,8.300000190734863,7.809999942779541,8.029999732971191,8.029999732971191,20797388
2026-07-30,7.96999979019165,8.829999923706055,7.96999979019165,8.829999923706055,8.829999923706055,34100589
2026-07-31,8.829999923706055,9.420000076293944,8.520000457763672,9.329999923706056,9.329999923706056,45113118
2026-08-03,8.970000267028809,10.260000228881836,8.960000038146973,9.970000267028809,9.970000267028809,42554741
2026-08-04,9.989999771118164,10.279999732971191,9.779999732971191,10.260000228881836,10.260000228881836,31595112
2026-08-05,10.260000228881836,10.59000015258789,10.229999542236328,10.460000038146973,10.460000038146973,25568368
2026-08-06,10.550000190734863,11.100000381469728,10.449999809265137,10.899999618530272,10.899999618530272,31882191
2026-08-07,11.0,11.989999771118164,10.970000267028809,11.989999771118164,11.989999771118164,33710642
2026-08-10,12.1899995803833,12.329999923706055,11.710000038146973,12.25,12.25,42208170
2026-08-11,12.270000457763672,12.430000305175781,11.899999618530273,12.100000381469727,12.100000381469727,26498692
2026-08-12,12.279999732971191,12.289999961853027,11.920000076293945,12.1899995803833,12.1899995803833,25923865
2026-08-13,12.25,12.770000457763672,11.739999771118164,11.800000190734863,11.800000190734863,36372574
2026-08-14,12.0,12.0,11.529999732971191,11.859999656677246,11.859999656677246,23575150
