Date,Open,High,Low,Close,Adj Close,Volume
2021-08-16,29.96999931335449,30.0,28.440000534057617,28.489999771118164,28.489999771118164,992400
2021-08-17,28.149999618530277,28.184999465942383,26.799999237060547,27.209999084472656,27.209999084472656,1740700
2021-08-18,27.25,28.01000022888184,26.81399917602539,27.459999084472656,27.459999084472656,1604900
2021-08-19,27.239999771118164,27.290000915527344,26.270000457763672,26.399999618530277,26.399999618530277,1223300
2021-08-20,26.350000381469727,27.21999931335449,26.350000381469727,26.81999969482422,26.81999969482422,876100
2021-08-23,27.030000686645508,27.690000534057617,27.020000457763672,27.51000022888184,27.51000022888184,659700
2021-08-24,27.790000915527344,28.229999542236328,27.38999938964844,28.209999084472656,28.209999084472656,874100
2021-08-25,28.11000061035156,28.71999931335449,27.96999931335449,28.34000015258789,28.34000015258789,852600
2021-08-26,29.850000381469727,30.299999237060547,29.25,29.420000076293945,29.420000076293945,1109900
2021-08-27,29.43000030517578,31.09000015258789,29.40999984741211,30.950000762939453,30.950000762939453,1216000
2021-08-30,31.059999465942383,31.81999969482422,30.170000076293945,31.049999237060547,31.049999237060547,1527600
2021-08-31,30.899999618530277,31.200000762939453,30.190000534057617,30.3799991607666,30.3799991607666,1597400
2021-09-01,30.57999992370605,31.045000076293945,30.26499938964844,30.68000030517578,30.68000030517578,1237000
2021-09-02,30.88999938964844,30.959999084472656,29.68000030517578,29.770000457763672,29.770000457763672,754300
2021-09-03,29.649999618530277,29.979999542236328,29.190000534057617,29.920000076293945,29.920000076293945,1129600
2021-09-07,30.0,30.149999618530277,29.540000915527344,29.75,29.75,579500
2021-09-08,29.540000915527344,29.81999969482422,28.979999542236328,29.549999237060547,29.549999237060547,833500
2021-09-09,29.299999237060547,30.420000076293945,29.28499984741211,30.34000015258789,30.34000015258789,994500
2021-09-10,30.559999465942383,31.93000030517578,30.375,31.520000457763672,31.520000457763672,693200
2021-09-13,31.5,32.18000030517578,31.299999237060547,31.71999931335449,31.71999931335449,922000
2021-09-14,31.959999084472656,31.989999771118164,30.989999771118164,31.149999618530277,31.149999618530277,728700
2021-09-15,31.149999618530277,32.310001373291016,30.850000381469727,32.16999816894531,32.16999816894531,723100
2021-09-16,32.220001220703125,32.220001220703125,31.02899932861328,31.770000457763672,31.770000457763672,873600
2021-09-17,32.25,32.5,31.51000022888184,31.989999771118164,31.989999771118164,1677600
2021-09-20,31.149999618530277,31.729999542236328,30.84499931335449,30.96999931335449,30.96999931335449,962600
2021-09-21,31.1200008392334,32.040000915527344,31.030000686645508,31.11000061035156,31.11000061035156,1449500
2021-09-22,31.18000030517578,31.790000915527344,30.951000213623047,31.600000381469727,31.600000381469727,741800
2021-09-23,31.770000457763672,32.18000030517578,31.43000030517578,32.0,32.0,749000
2021-09-24,31.850000381469727,32.95000076293945,31.790000915527344,32.810001373291016,32.810001373291016,605800
2021-09-27,33.0,33.349998474121094,32.34000015258789,32.599998474121094,32.599998474121094,1802000
2021-09-28,32.2599983215332,32.2599983215332,31.020000457763672,31.21999931335449,31.21999931335449,794900
2021-09-29,31.61000061035156,31.780000686645508,30.98500061035156,31.170000076293945,31.170000076293945,560800
2021-09-30,31.26000022888184,31.90999984741211,30.940000534057617,31.40999984741211,31.40999984741211,850200
2021-10-01,31.600000381469727,33.099998474121094,31.549999237060547,32.54999923706055,32.54999923706055,885300
2021-10-04,32.369998931884766,32.369998931884766,30.90999984741211,31.11000061035156,31.11000061035156,727700
2021-10-05,31.149999618530277,32.09000015258789,30.850000381469727,31.799999237060547,31.799999237060547,973700
2021-10-06,31.209999084472656,32.13999938964844,31.01000022888184,32.060001373291016,32.060001373291016,731100
2021-10-07,32.400001525878906,34.59000015258789,32.060001373291016,34.0,34.0,1864100
2021-10-08,34.56999969482422,35.43000030517578,34.17499923706055,34.689998626708984,34.689998626708984,1573200
2021-10-11,34.70000076293945,34.880001068115234,33.5,33.810001373291016,33.810001373291016,1145600
2021-10-12,34.0,35.08700180053711,33.74800109863281,34.0099983215332,34.0099983215332,1040900
2021-10-13,34.310001373291016,34.790000915527344,34.0099983215332,34.4900016784668,34.4900016784668,901200
2021-10-14,35.0,35.58000183105469,34.5099983215332,35.060001373291016,35.060001373291016,1373400
2021-10-15,35.54999923706055,35.54999923706055,34.29999923706055,34.65999984741211,34.65999984741211,723600
2021-10-18,34.529998779296875,34.79999923706055,34.20000076293945,34.77000045776367,34.77000045776367,623700
2021-10-19,35.0099983215332,35.154998779296875,34.18000030517578,34.380001068115234,34.380001068115234,821900
2021-10-20,34.41999816894531,34.470001220703125,33.16999816894531,33.7599983215332,33.7599983215332,743100
2021-10-21,33.7599983215332,34.5,33.5099983215332,34.400001525878906,34.400001525878906,483400
2021-10-22,34.33000183105469,34.540000915527344,33.54999923706055,33.88999938964844,33.88999938964844,752500
2021-10-25,33.90999984741211,34.91999816894531,33.790000915527344,34.849998474121094,34.849998474121094,564300
2021-10-26,35.18000030517578,35.29999923706055,33.939998626708984,34.59000015258789,34.59000015258789,618800
2021-10-27,34.790000915527344,34.790000915527344,33.2400016784668,33.310001373291016,33.310001373291016,456100
2021-10-28,33.52000045776367,34.15999984741211,33.2400016784668,33.27000045776367,33.27000045776367,347000
2021-10-29,33.04999923706055,33.599998474121094,32.83000183105469,33.540000915527344,33.540000915527344,527700
2021-11-01,33.72999954223633,33.9900016784668,33.11000061035156,33.58000183105469,33.58000183105469,1029400
2021-11-02,33.52000045776367,34.47999954223633,32.68000030517578,34.439998626708984,34.439998626708984,1078200
2021-11-03,34.439998626708984,35.349998474121094,33.83000183105469,35.33000183105469,35.33000183105469,1288300
2021-11-04,35.630001068115234,35.970001220703125,35.005001068115234,35.75,35.75,1473600
2021-11-05,36.25,36.66999816894531,35.36000061035156,36.52999877929688,36.52999877929688,2011300
2021-11-08,37.0,37.27999877929688,35.720001220703125,35.900001525878906,35.900001525878906,2178100
2021-11-09,35.72999954223633,39.040000915527344,35.29999923706055,36.0,36.0,2174000
2021-11-10,37.560001373291016,39.5,36.060001373291016,38.0099983215332,38.0099983215332,4019600
2021-11-11,38.0099983215332,39.7599983215332,37.97999954223633,38.79999923706055,38.79999923706055,1090500
2021-11-12,39.0,39.0,38.0,38.52999877929688,38.52999877929688,921600
2021-11-15,38.84999847412109,39.4900016784668,37.80500030517578,38.18000030517578,38.18000030517578,702500
2021-11-16,37.959999084472656,39.130001068115234,37.5,38.93999862670898,38.93999862670898,924600
2021-11-17,38.70000076293945,38.79999923706055,38.22999954223633,38.45000076293945,38.45000076293945,567500
2021-11-18,38.45000076293945,38.900001525878906,37.6150016784668,38.08000183105469,38.08000183105469,657300
2021-11-19,38.13999938964844,38.53499984741211,37.619998931884766,37.900001525878906,37.900001525878906,715500
2021-11-22,37.97999954223633,38.28900146484375,36.52999877929688,37.369998931884766,37.369998931884766,1212200
2021-11-23,37.04999923706055,37.13999938964844,35.18000030517578,36.15999984741211,36.15999984741211,874000
2021-11-24,35.970001220703125,36.95000076293945,35.75,36.09999847412109,36.09999847412109,400300
2021-11-26,35.47999954223633,37.18000030517578,35.400001525878906,37.13999938964844,37.13999938964844,603400
2021-11-29,37.7599983215332,38.060001373291016,36.880001068115234,37.27999877929688,37.27999877929688,1062600
2021-11-30,37.38999938964844,37.959999084472656,36.36000061035156,37.5,37.5,1519800
2021-12-01,37.880001068115234,38.34000015258789,36.60200119018555,36.68999862670898,36.68999862670898,1748400
2021-12-02,36.165000915527344,37.2400016784668,35.5,37.20000076293945,37.20000076293945,1595900
2021-12-03,37.29999923706055,37.47999954223633,35.689998626708984,36.150001525878906,36.150001525878906,1221000
2021-12-06,35.599998474121094,37.88999938964844,35.529998779296875,37.7599983215332,37.7599983215332,1019800
2021-12-07,38.68999862670898,39.77000045776367,38.45000076293945,39.13999938964844,39.13999938964844,1592100
2021-12-08,39.15999984741211,39.45000076293945,37.619998931884766,38.310001373291016,38.310001373291016,1361000
2021-12-09,37.959999084472656,38.65999984741211,36.665000915527344,36.81999969482422,36.81999969482422,788400
2021-12-10,36.7599983215332,37.47999954223633,35.27000045776367,35.70000076293945,35.70000076293945,893500
2021-12-13,35.709999084472656,36.220001220703125,34.7599983215332,34.91999816894531,34.91999816894531,909700
2021-12-14,34.689998626708984,35.02000045776367,33.185001373291016,33.31999969482422,33.31999969482422,1291600
2021-12-15,33.36000061035156,33.470001220703125,32.14500045776367,33.33000183105469,33.33000183105469,1458800
2021-12-16,33.599998474121094,34.130001068115234,32.68000030517578,32.70000076293945,32.70000076293945,849000
2021-12-17,32.630001068115234,33.04999923706055,31.26000022888184,32.45000076293945,32.45000076293945,1457500
2021-12-20,31.940000534057617,32.02000045776367,31.049999237060547,31.059999465942383,31.059999465942383,930300
2021-12-21,31.290000915527344,33.220001220703125,31.170000076293945,33.08000183105469,33.08000183105469,1241900
2021-12-22,32.959999084472656,33.19499969482422,32.48899841308594,32.720001220703125,32.720001220703125,1124000
2021-12-23,32.65999984741211,33.880001068115234,32.3650016784668,33.54999923706055,33.54999923706055,1069700
2021-12-27,33.59000015258789,34.18000030517578,33.54999923706055,34.11000061035156,34.11000061035156,987800
2021-12-28,34.02000045776367,34.45000076293945,33.459999084472656,33.810001373291016,33.810001373291016,1201700
2021-12-29,33.75,34.375999450683594,32.88999938964844,33.189998626708984,33.189998626708984,878700
2021-12-30,33.29999923706055,34.029998779296875,33.18000030517578,33.25,33.25,918700
2021-12-31,33.099998474121094,33.720001220703125,32.599998474121094,33.63999938964844,33.63999938964844,1238300
2022-01-03,33.720001220703125,35.09000015258789,33.209999084472656,35.0,35.0,877700
2022-01-04,35.04999923706055,35.88999938964844,34.25,34.720001220703125,34.720001220703125,959400
2022-01-05,34.38999938964844,34.38999938964844,31.90999984741211,31.920000076293945,31.920000076293945,1079300
2022-01-06,31.770000457763672,32.790000915527344,31.09000015258789,32.540000915527344,32.540000915527344,1134900
2022-01-07,33.83000183105469,34.369998931884766,32.474998474121094,32.58000183105469,32.58000183105469,1481900
2022-01-10,32.04999923706055,33.310001373291016,31.573999404907227,33.040000915527344,33.040000915527344,910600
2022-01-11,33.040000915527344,33.81999969482422,32.38999938964844,33.11000061035156,33.11000061035156,787600
2022-01-12,33.349998474121094,33.73500061035156,32.040000915527344,32.88999938964844,32.88999938964844,842900
2022-01-13,33.0,33.209999084472656,31.90999984741211,32.0,32.0,635000
2022-01-14,31.729999542236328,32.0,30.709999084472656,31.940000534057617,31.940000534057617,884400
2022-01-18,31.32999992370605,32.029998779296875,30.90999984741211,31.170000076293945,31.170000076293945,737300
2022-01-19,31.38999938964844,31.38999938964844,29.780000686645508,30.709999084472656,30.709999084472656,1908400
2022-01-20,31.100000381469727,32.0099983215332,30.295000076293945,30.3700008392334,30.3700008392334,757900
2022-01-21,29.920000076293945,30.8700008392334,29.36000061035156,29.690000534057617,29.690000534057617,951600
2022-01-24,29.190000534057617,31.170000076293945,28.5,30.959999084472656,30.959999084472656,1175100
2022-01-25,30.32999992370605,30.649999618530277,29.780000686645508,29.90999984741211,29.90999984741211,898600
2022-01-26,30.670000076293945,31.1200008392334,29.559999465942383,29.770000457763672,29.770000457763672,682100
2022-01-27,30.13999938964844,30.920000076293945,29.165000915527344,29.32999992370605,29.32999992370605,654800
2022-01-28,29.46999931335449,30.420000076293945,29.229999542236328,30.420000076293945,30.420000076293945,861700
2022-01-31,30.25,32.150001525878906,29.95199966430664,31.899999618530277,31.899999618530277,1444300
2022-02-01,32.04999923706055,33.31999969482422,31.31999969482422,33.060001373291016,33.060001373291016,1981300
2022-02-02,33.375,34.20000076293945,33.15999984741211,33.61000061035156,33.61000061035156,1162900
2022-02-03,32.61000061035156,33.63999938964844,32.400001525878906,32.849998474121094,32.849998474121094,540800
2022-02-04,32.83000183105469,34.47999954223633,32.4900016784668,34.099998474121094,34.099998474121094,769600
2022-02-07,34.15999984741211,35.22999954223633,34.13999938964844,34.650001525878906,34.650001525878906,735100
2022-02-08,34.41999816894531,35.22999954223633,34.380001068115234,34.880001068115234,34.880001068115234,718800
2022-02-09,35.540000915527344,35.88999938964844,35.08000183105469,35.81999969482422,35.81999969482422,634400
2022-02-10,35.369998931884766,36.25,35.040000915527344,35.27000045776367,35.27000045776367,896900
2022-02-11,35.400001525878906,35.4900016784668,34.20000076293945,34.63999938964844,34.63999938964844,752500
2022-02-14,34.529998779296875,35.36000061035156,34.01100158691406,34.08000183105469,34.08000183105469,881400
2022-02-15,34.4900016784668,36.18000030517578,34.4900016784668,36.040000915527344,36.040000915527344,734000
2022-02-16,35.369998931884766,36.45000076293945,35.290000915527344,36.27000045776367,36.27000045776367,414600
2022-02-17,35.7599983215332,36.125,34.95000076293945,35.310001373291016,35.310001373291016,575800
2022-02-18,35.13999938964844,35.65999984741211,34.400001525878906,34.439998626708984,34.439998626708984,840300
2022-02-22,34.209999084472656,34.4900016784668,32.060001373291016,32.150001525878906,32.150001525878906,740900
2022-02-23,32.52000045776367,32.869998931884766,30.940000534057617,31.01000022888184,31.01000022888184,850000
2022-02-24,29.80500030517578,32.27000045776367,29.549999237060547,32.2599983215332,32.2599983215332,1151600
2022-02-25,36.59999847412109,47.18000030517578,35.47999954223633,46.43999862670898,46.43999862670898,8928100
2022-02-28,45.59999847412109,50.02999877929688,44.95000076293945,48.45000076293945,48.45000076293945,3779900
2022-03-01,47.900001525878906,48.8650016784668,45.7599983215332,46.5099983215332,46.5099983215332,3019400
2022-03-02,46.56999969482422,46.59000015258789,43.290000915527344,46.040000915527344,46.040000915527344,2529800
2022-03-03,46.04999923706055,46.58000183105469,43.209999084472656,43.65999984741211,43.65999984741211,1557000
2022-03-04,44.02000045776367,44.39500045776367,41.06999969482422,41.720001220703125,41.720001220703125,1585900
2022-03-07,41.61000061035156,42.08000183105469,37.68999862670898,37.959999084472656,37.959999084472656,1407900
2022-03-08,38.18999862670898,38.34000015258789,35.689998626708984,36.959999084472656,36.959999084472656,1603900
2022-03-09,38.25,40.45000076293945,37.43999862670898,40.20000076293945,40.20000076293945,1473700
2022-03-10,39.54999923706055,41.959999084472656,38.7599983215332,41.869998931884766,41.869998931884766,1317100
2022-03-11,42.0,42.77999877929688,41.0,41.27000045776367,41.27000045776367,757900
2022-03-14,41.09999847412109,41.40999984741211,37.5,37.540000915527344,37.540000915527344,1529000
2022-03-15,37.7599983215332,40.52000045776367,37.310001373291016,40.290000915527344,40.290000915527344,773600
2022-03-16,41.119998931884766,43.27999877929688,40.75,43.20000076293945,43.20000076293945,1238400
2022-03-17,42.77000045776367,44.02000045776367,42.5099983215332,43.209999084472656,43.209999084472656,1301600
2022-03-18,43.25,45.08000183105469,43.15999984741211,43.459999084472656,43.459999084472656,1355500
2022-03-21,43.38999938964844,43.720001220703125,42.13999938964844,43.720001220703125,43.720001220703125,810000
2022-03-22,43.650001525878906,45.27000045776367,43.59799957275391,44.220001220703125,44.220001220703125,1278600
2022-03-23,43.5099983215332,43.935001373291016,42.34999847412109,43.310001373291016,43.310001373291016,1067000
2022-03-24,43.72999954223633,43.72999954223633,41.810001373291016,42.81999969482422,42.81999969482422,796400
2022-03-25,42.88999938964844,43.0099983215332,41.040000915527344,41.38999938964844,41.38999938964844,928700
2022-03-28,41.5,42.119998931884766,40.45000076293945,41.72999954223633,41.72999954223633,686500
2022-03-29,42.59999847412109,44.31999969482422,42.20000076293945,44.02999877929688,44.02999877929688,813700
2022-03-30,44.790000915527344,45.68000030517578,43.33000183105469,43.65999984741211,43.65999984741211,1118700
2022-03-31,43.310001373291016,43.52999877929688,42.27999877929688,42.459999084472656,42.459999084472656,757300
2022-04-01,42.81999969482422,43.66999816894531,42.540000915527344,43.52000045776367,43.52000045776367,852900
2022-04-04,43.7599983215332,45.470001220703125,43.244998931884766,44.77000045776367,44.77000045776367,1231000
2022-04-05,44.79999923706055,45.04499816894531,42.16999816894531,43.220001220703125,43.220001220703125,821400
2022-04-06,42.18199920654297,42.61000061035156,40.33000183105469,41.630001068115234,41.630001068115234,1300300
2022-04-07,41.2599983215332,42.31999969482422,40.400001525878906,41.84000015258789,41.84000015258789,1609800
2022-04-08,41.470001220703125,42.2400016784668,40.45000076293945,40.630001068115234,40.630001068115234,1072300
2022-04-11,40.0,41.290000915527344,39.5099983215332,40.5099983215332,40.5099983215332,639600
2022-04-12,41.68000030517578,43.15999984741211,40.52999877929688,40.58000183105469,40.58000183105469,895800
2022-04-13,40.70000076293945,42.59700012207031,40.44499969482422,42.58000183105469,42.58000183105469,788100
2022-04-14,42.619998931884766,43.290000915527344,42.09999847412109,42.869998931884766,42.869998931884766,961800
2022-04-18,42.959999084472656,43.18999862670898,40.959999084472656,41.470001220703125,41.470001220703125,1094400
2022-04-19,40.90999984741211,41.29999923706055,39.810001373291016,40.0,40.0,799400
2022-04-20,39.810001373291016,40.25,35.279998779296875,36.25,36.25,1709800
2022-04-21,36.45000076293945,36.45000076293945,34.91999816894531,35.33000183105469,35.33000183105469,1375700
2022-04-22,35.54999923706055,35.85499954223633,34.599998474121094,34.7599983215332,34.7599983215332,843300
2022-04-25,34.04999923706055,36.56999969482422,33.75,36.52000045776367,36.52000045776367,1675700
2022-04-26,36.0099983215332,36.18000030517578,34.86000061035156,35.34000015258789,35.34000015258789,1108400
2022-04-27,35.09000015258789,36.185001373291016,34.619998931884766,34.75,34.75,673800
2022-04-28,35.38999938964844,36.9900016784668,32.869998931884766,34.369998931884766,34.369998931884766,1162900
2022-04-29,34.04999923706055,35.04999923706055,32.459999084472656,32.68000030517578,32.68000030517578,946000
2022-05-02,32.45000076293945,33.68000030517578,31.899999618530277,33.56999969482422,33.56999969482422,1217300
2022-05-03,33.459999084472656,34.119998931884766,32.744998931884766,33.560001373291016,33.560001373291016,1155700
2022-05-04,33.560001373291016,37.09000015258789,33.08000183105469,37.060001373291016,37.060001373291016,1916600
2022-05-05,36.209999084472656,36.209999084472656,33.18000030517578,33.939998626708984,33.939998626708984,1083700
2022-05-06,33.279998779296875,33.42499923706055,30.937000274658203,31.75,31.75,1354600
2022-05-09,31.09000015258789,31.780000686645508,29.6299991607666,29.82999992370605,29.82999992370605,2268400
2022-05-10,25.530000686645508,25.530000686645508,20.149999618530277,23.01000022888184,23.01000022888184,6658700
2022-05-11,22.71999931335449,24.420000076293945,21.57999992370605,22.350000381469727,22.350000381469727,2452400
2022-05-12,22.030000686645508,24.68000030517578,21.690000534057617,23.540000915527344,23.540000915527344,2039900
2022-05-13,24.059999465942383,25.75,24.059999465942383,25.3700008392334,25.3700008392334,1524400
2022-05-16,25.1299991607666,25.530000686645508,24.1200008392334,24.649999618530277,24.649999618530277,1196100
2022-05-17,25.489999771118164,25.888999938964844,24.280000686645508,25.32999992370605,25.32999992370605,1264800
2022-05-18,24.770000457763672,25.46999931335449,22.96999931335449,23.15999984741211,23.15999984741211,1100700
2022-05-19,22.770000457763672,24.49399948120117,22.770000457763672,23.38999938964844,23.38999938964844,1140000
2022-05-20,24.01000022888184,24.01000022888184,22.170000076293945,22.93000030517578,22.93000030517578,961000
2022-05-23,22.96999931335449,23.01499938964844,21.729999542236328,22.1299991607666,22.1299991607666,1510500
2022-05-24,21.88999938964844,22.670000076293945,21.25,22.350000381469727,22.350000381469727,1392900
2022-05-25,22.209999084472656,25.270000457763672,22.209999084472656,23.90999984741211,23.90999984741211,2968100
2022-05-26,24.11000061035156,25.75,23.93000030517578,24.76000022888184,24.76000022888184,1912100
2022-05-27,24.84000015258789,26.11000061035156,24.84000015258789,25.790000915527344,25.790000915527344,884700
2022-05-31,25.59000015258789,26.09000015258789,24.71500015258789,25.31999969482422,25.31999969482422,1695900
2022-06-01,25.43000030517578,26.239999771118164,24.600000381469727,25.43000030517578,25.43000030517578,1529600
2022-06-02,25.32999992370605,26.729999542236328,25.32999992370605,26.450000762939453,26.450000762939453,851400
2022-06-03,26.059999465942383,26.399999618530277,25.38999938964844,25.46999931335449,25.46999931335449,1132300
2022-06-06,25.84000015258789,25.96999931335449,24.979999542236328,25.690000534057617,25.690000534057617,1203900
2022-06-07,25.459999084472656,26.07999992370605,25.15999984741211,25.71999931335449,25.71999931335449,711400
2022-06-08,25.6200008392334,26.3700008392334,25.420000076293945,25.5,25.5,628200
2022-06-09,25.07999992370605,25.479999542236328,24.170000076293945,24.25,24.25,866800
2022-06-10,23.739999771118164,24.18000030517578,23.01000022888184,23.21999931335449,23.21999931335449,970700
2022-06-13,22.270000457763672,22.770000457763672,21.770000457763672,22.32999992370605,22.32999992370605,1205100
2022-06-14,22.3700008392334,22.3799991607666,20.780000686645508,21.200000762939453,21.200000762939453,1379500
2022-06-15,21.71999931335449,22.88999938964844,21.6299991607666,22.420000076293945,22.420000076293945,1114000
2022-06-16,21.530000686645508,21.899999618530277,21.149999618530277,21.46999931335449,21.46999931335449,665100
2022-06-17,21.81999969482422,22.93000030517578,21.81999969482422,22.520000457763672,22.520000457763672,892100
2022-06-21,22.6200008392334,23.56999969482422,22.450000762939453,22.46999931335449,22.46999931335449,745200
2022-06-22,22.170000076293945,23.049999237060547,22.170000076293945,22.670000076293945,22.670000076293945,498500
2022-06-23,22.690000534057617,23.530000686645508,22.690000534057617,23.040000915527344,23.040000915527344,693800
2022-06-24,23.290000915527344,23.82999992370605,23.11000061035156,23.649999618530277,23.649999618530277,1664400
2022-06-27,23.979999542236328,24.13999938964844,22.959999084472656,23.540000915527344,23.540000915527344,1081700
2022-06-28,23.770000457763672,24.024999618530277,22.600000381469727,22.6299991607666,22.6299991607666,754100
2022-06-29,22.56999969482422,22.655000686645508,21.96999931335449,22.3799991607666,22.3799991607666,415000
2022-06-30,21.989999771118164,21.989999771118164,20.81999969482422,21.489999771118164,21.489999771118164,812400
2022-07-01,21.43000030517578,22.71999931335449,21.43000030517578,22.420000076293945,22.420000076293945,563700
2022-07-05,21.899999618530277,22.850000381469727,21.729999542236328,22.75,22.75,562100
2022-07-06,22.8799991607666,22.989999771118164,21.88999938964844,22.21999931335449,22.21999931335449,582900
2022-07-07,22.280000686645508,22.875,22.18000030517578,22.670000076293945,22.670000076293945,494500
2022-07-08,22.290000915527344,23.8700008392334,22.21999931335449,23.190000534057617,23.190000534057617,844300
2022-07-11,22.649999618530277,23.25,22.26000022888184,22.75,22.75,652900
2022-07-12,22.770000457763672,23.152999877929688,22.07999992370605,22.600000381469727,22.600000381469727,750700
2022-07-13,22.0,22.55500030517578,21.8700008392334,22.32999992370605,22.32999992370605,570700
2022-07-14,22.049999237060547,22.13999938964844,21.46999931335449,21.700000762939453,21.700000762939453,364300
2022-07-15,22.200000762939453,22.84000015258789,21.6200008392334,22.399999618530277,22.399999618530277,914600
2022-07-18,22.8700008392334,23.32999992370605,22.38999938964844,22.530000686645508,22.530000686645508,427300
2022-07-19,22.959999084472656,24.350000381469727,22.959999084472656,24.13999938964844,24.13999938964844,638100
2022-07-20,24.299999237060547,25.059999465942383,24.084999084472656,24.700000762939453,24.700000762939453,1077600
2022-07-21,24.56999969482422,25.100000381469727,24.26000022888184,25.100000381469727,25.100000381469727,879100
2022-07-22,25.020000457763672,25.13999938964844,23.57099914550781,23.770000457763672,23.770000457763672,825600
2022-07-25,23.770000457763672,23.770000457763672,23.15999984741211,23.6299991607666,23.6299991607666,518000
2022-07-26,23.309999465942383,23.309999465942383,22.530000686645508,23.0,23.0,542300
2022-07-27,23.600000381469727,24.21999931335449,23.309999465942383,23.8700008392334,23.8700008392334,521600
2022-07-28,24.0,24.700000762939453,23.649999618530277,24.6299991607666,24.6299991607666,399400
2022-07-29,24.32999992370605,24.63999938964844,23.65999984741211,24.290000915527344,24.290000915527344,1826700
2022-08-01,24.21999931335449,24.700000762939453,23.82999992370605,24.63999938964844,24.63999938964844,523400
2022-08-02,24.5,25.045000076293945,24.325000762939453,24.86000061035156,24.86000061035156,354900
2022-08-03,25.059999465942383,25.38999938964844,24.600000381469727,25.32999992370605,25.32999992370605,710400
2022-08-04,25.479999542236328,25.950000762939453,24.809999465942383,25.299999237060547,25.299999237060547,1139200
2022-08-05,24.86000061035156,25.770000457763672,24.6200008392334,25.690000534057617,25.690000534057617,854700
2022-08-08,25.96999931335449,26.43000030517578,25.190000534057617,25.71999931335449,25.71999931335449,2584500
2022-08-09,21.88999938964844,22.5,19.049999237060547,19.15999984741211,19.15999984741211,4653900
2022-08-10,19.71999931335449,20.66399955749512,19.506000518798828,20.479999542236328,20.479999542236328,2034000
2022-08-11,20.729999542236328,21.43000030517578,20.030000686645508,20.34000015258789,20.34000015258789,2730800
2022-08-12,20.670000076293945,20.8700008392334,20.09000015258789,20.1200008392334,20.1200008392334,1319200
2022-08-15,19.8700008392334,20.53899955749512,19.799999237060547,20.399999618530277,20.399999618530277,1396300
2022-08-16,20.190000534057617,21.31999969482422,19.86000061035156,20.76000022888184,20.76000022888184,3868700
2022-08-17,20.309999465942383,20.649999618530277,19.709999084472656,20.07999992370605,20.07999992370605,1029900
2022-08-18,20.01000022888184,20.0310001373291,19.60400009155273,19.989999771118164,19.989999771118164,907600
2022-08-19,19.559999465942383,19.71999931335449,18.8799991607666,19.32999992370605,19.32999992370605,3484700
2022-08-22,18.950000762939453,19.13999938964844,18.1200008392334,18.229999542236328,18.229999542236328,1002400
2022-08-23,18.209999084472656,18.979999542236328,18.11000061035156,18.75,18.75,1141200
2022-08-24,18.809999465942383,19.63999938964844,18.690000534057617,18.989999771118164,18.989999771118164,922400
2022-08-25,19.190000534057617,19.76000022888184,19.11000061035156,19.709999084472656,19.709999084472656,798200
2022-08-26,19.76000022888184,19.989999771118164,19.059999465942383,19.200000762939453,19.200000762939453,639200
2022-08-29,18.940000534057617,19.420000076293945,18.940000534057617,19.11000061035156,19.11000061035156,546600
2022-08-30,19.350000381469727,19.670000076293945,18.82999992370605,19.06999969482422,19.06999969482422,586600
2022-08-31,19.25,19.270000457763672,18.700000762939453,18.700000762939453,18.700000762939453,1029000
2022-09-01,18.36000061035156,19.239999771118164,17.899999618530273,19.21999931335449,19.21999931335449,1324800
2022-09-02,19.479999542236328,20.114999771118164,19.01000022888184,19.07999992370605,19.07999992370605,1221700
2022-09-06,19.030000686645508,19.030000686645508,18.3700008392334,18.51000022888184,18.51000022888184,639500
2022-09-07,18.450000762939453,18.93000030517578,18.309999465942383,18.8799991607666,18.8799991607666,874000
2022-09-08,18.520000457763672,19.290000915527344,18.364999771118164,19.1299991607666,19.1299991607666,1033200
2022-09-09,19.07999992370605,19.59000015258789,18.98500061035156,19.11000061035156,19.11000061035156,1052000
2022-09-12,19.350000381469727,19.670000076293945,19.020000457763672,19.149999618530277,19.149999618530277,1183400
2022-09-13,18.440000534057617,18.440000534057617,17.235000610351562,17.309999465942383,17.309999465942383,1417700
2022-09-14,17.200000762939453,17.4950008392334,16.809999465942383,17.149999618530273,17.149999618530273,1566700
2022-09-15,16.8799991607666,17.200000762939453,16.360000610351562,16.56999969482422,16.56999969482422,2144800
2022-09-16,16.31999969482422,16.31999969482422,15.90999984741211,16.229999542236328,16.229999542236328,1342300
2022-09-19,16.059999465942383,16.31999969482422,15.741000175476074,15.9399995803833,15.9399995803833,1693900
2022-09-20,15.5600004196167,15.701000213623049,15.095000267028809,15.300000190734863,15.300000190734863,1950400
2022-09-21,15.5,15.890000343322754,15.149999618530272,15.220000267028809,15.220000267028809,1862800
2022-09-22,15.109999656677246,15.279999732971191,14.619999885559082,14.899999618530272,14.899999618530272,1324300
2022-09-23,14.779999732971191,15.0,14.5600004196167,14.880000114440918,14.880000114440918,1092900
2022-09-26,14.850000381469728,15.3100004196167,14.539999961853027,14.5600004196167,14.5600004196167,1249400
2022-09-27,14.81999969482422,15.107999801635742,14.470000267028809,14.510000228881836,14.510000228881836,908300
2022-09-28,14.579999923706056,14.970000267028809,14.43000030517578,14.720000267028809,14.720000267028809,1128000
2022-09-29,14.199999809265137,14.4399995803833,13.65999984741211,14.40999984741211,14.40999984741211,2121700
2022-09-30,14.270000457763672,15.085000038146973,14.15999984741211,14.170000076293944,14.170000076293944,1635500
2022-10-03,14.31999969482422,15.0649995803833,14.229999542236328,14.920000076293944,14.920000076293944,1275400
2022-10-04,15.369999885559082,15.770000457763672,15.010000228881836,15.229999542236328,15.229999542236328,981500
2022-10-05,14.93000030517578,15.15999984741211,14.43000030517578,14.609999656677246,14.609999656677246,878000
2022-10-06,14.479999542236328,14.829999923706056,14.140000343322754,14.5600004196167,14.5600004196167,739800
2022-10-07,14.25,14.25,13.829999923706056,13.989999771118164,13.989999771118164,1066900
2022-10-10,14.06999969482422,14.40999984741211,13.81999969482422,14.050000190734863,14.050000190734863,927900
2022-10-11,13.960000038146973,14.289999961853027,13.510000228881836,14.039999961853027,14.039999961853027,1144600
2022-10-12,14.079999923706056,14.220000267028809,13.81999969482422,14.149999618530272,14.149999618530272,1166500
2022-10-13,13.75,14.255000114440918,13.46500015258789,14.09000015258789,14.09000015258789,1255900
2022-10-14,14.34000015258789,14.630000114440918,13.675000190734863,13.699999809265137,13.699999809265137,802600
2022-10-17,14.170000076293944,14.68000030517578,14.09000015258789,14.149999618530272,14.149999618530272,1745100
2022-10-18,14.670000076293944,14.71500015258789,13.75,14.670000076293944,14.670000076293944,2716000
2022-10-19,14.640000343322754,14.729999542236328,13.585000038146973,13.6899995803833,13.6899995803833,2352600
2022-10-20,13.760000228881836,14.34000015258789,13.470000267028809,13.56999969482422,13.56999969482422,1845700
2022-10-21,13.420000076293944,13.470000267028809,12.899999618530272,13.329999923706056,13.329999923706056,2617200
2022-10-24,13.43000030517578,13.5,12.800000190734863,12.90999984741211,12.90999984741211,1467000
2022-10-25,13.039999961853027,14.204999923706056,13.039999961853027,14.010000228881836,14.010000228881836,1306100
2022-10-26,13.75,14.359999656677246,13.664999961853027,13.800000190734863,13.800000190734863,735400
2022-10-27,13.84000015258789,14.050000190734863,13.539999961853027,13.829999923706056,13.829999923706056,799400
2022-10-28,13.869999885559082,14.210000038146973,13.5600004196167,14.18000030517578,14.18000030517578,599200
2022-10-31,14.050000190734863,14.93000030517578,14.050000190734863,14.5600004196167,14.5600004196167,1251700
2022-11-01,14.899999618530272,15.449999809265137,14.600000381469728,15.170000076293944,15.170000076293944,919900
2022-11-02,15.079999923706056,15.100000381469728,14.079999923706056,14.130000114440918,14.130000114440918,1594500
2022-11-03,13.859999656677246,14.579999923706056,13.789999961853027,14.470000267028809,14.470000267028809,6820100
2022-11-04,14.56999969482422,14.920000076293944,14.015000343322754,14.1899995803833,14.1899995803833,1255500
2022-11-07,14.56999969482422,14.56999969482422,13.59000015258789,14.210000038146973,14.210000038146973,8069000
2022-11-08,14.380000114440918,14.649999618530272,13.449999809265137,13.760000228881836,13.760000228881836,4704400
2022-11-09,9.31999969482422,13.079999923706056,9.142000198364258,12.670000076293944,12.670000076293944,11282600
2022-11-10,13.59000015258789,14.390000343322754,12.890000343322754,13.979999542236328,13.979999542236328,3159600
2022-11-11,13.93000030517578,14.93000030517578,13.720000267028809,14.68000030517578,14.68000030517578,2562100
2022-11-14,14.5600004196167,14.68000030517578,13.989999771118164,14.020000457763672,14.020000457763672,1526000
2022-11-15,14.460000038146973,15.0,14.460000038146973,14.539999961853027,14.539999961853027,1426200
2022-11-16,14.220000267028809,14.510000228881836,13.625,13.970000267028809,13.970000267028809,1989700
2022-11-17,13.529999732971191,13.854999542236328,13.279999732971191,13.420000076293944,13.420000076293944,1135300
2022-11-18,13.770000457763672,13.770000457763672,12.949999809265137,13.300000190734863,13.300000190734863,1275000
2022-11-21,13.130000114440918,13.369999885559082,13.010000228881836,13.3100004196167,13.3100004196167,1433900
2022-11-22,13.399999618530272,13.619999885559082,13.010000228881836,13.600000381469728,13.600000381469728,3268300
2022-11-23,13.670000076293944,13.845999717712402,13.18000030517578,13.199999809265137,13.199999809265137,888400
2022-11-25,12.989999771118164,13.380000114440918,12.890000343322754,12.960000038146973,12.960000038146973,393100
2022-11-28,12.84000015258789,12.859999656677246,12.260000228881836,12.34000015258789,12.34000015258789,1526300
2022-11-29,12.289999961853027,12.529999732971191,12.234999656677246,12.31999969482422,12.31999969482422,1715200
2022-11-30,12.31999969482422,13.199999809265137,12.06999969482422,13.079999923706056,13.079999923706056,2158100
2022-12-01,13.1899995803833,13.390000343322754,12.970000267028809,13.079999923706056,13.079999923706056,2136300
2022-12-02,12.880000114440918,13.125,12.59000015258789,13.079999923706056,13.079999923706056,946100
2022-12-05,13.020000457763672,13.210000038146973,12.479999542236328,12.59000015258789,12.59000015258789,1123300
2022-12-06,12.550000190734863,12.640000343322754,12.100000381469728,12.15999984741211,12.15999984741211,1014800
2022-12-07,12.039999961853027,12.18000030517578,11.8100004196167,11.93000030517578,11.93000030517578,2404600
2022-12-08,12.539999961853027,13.65999984741211,12.350000381469728,13.329999923706056,13.329999923706056,2133600
2022-12-09,13.239999771118164,13.260000228881836,12.859999656677246,12.9399995803833,12.9399995803833,1003700
2022-12-12,12.920000076293944,13.300000190734863,12.65999984741211,13.06999969482422,13.06999969482422,1339700
2022-12-13,13.609999656677246,14.130000114440918,13.390000343322754,13.6899995803833,13.6899995803833,1559500
2022-12-14,13.779999732971191,14.364999771118164,13.585000038146973,14.130000114440918,14.130000114440918,1349600
2022-12-15,13.779999732971191,14.479999542236328,13.765000343322754,14.43000030517578,14.43000030517578,1882200
2022-12-16,14.329999923706056,14.59000015258789,13.5,13.829999923706056,13.829999923706056,1971300
2022-12-19,13.789999961853027,13.859999656677246,13.229999542236328,13.369999885559082,13.369999885559082,1079500
2022-12-20,13.210000038146973,13.609999656677246,13.09000015258789,13.449999809265137,13.449999809265137,903900
2022-12-21,13.510000228881836,13.729999542236328,13.34000015258789,13.550000190734863,13.550000190734863,696200
2022-12-22,12.979999542236328,13.43000030517578,12.979999542236328,13.390000343322754,13.390000343322754,1490000
2022-12-23,13.300000190734863,13.59000015258789,13.119999885559082,13.529999732971191,13.529999732971191,638300
2022-12-27,13.43000030517578,13.520000457763672,13.06999969482422,13.079999923706056,13.079999923706056,614900
2022-12-28,13.029999732971191,13.449999809265137,12.949999809265137,13.329999923706056,13.329999923706056,1625000
2022-12-29,13.579999923706056,14.15999984741211,13.369999885559082,13.899999618530272,13.899999618530272,1096500
2022-12-30,13.609999656677246,14.079999923706056,13.529999732971191,14.010000228881836,14.010000228881836,1064400
2023-01-03,14.220000267028809,14.595000267028809,14.125,14.369999885559082,14.369999885559082,2164200
2023-01-04,14.609999656677246,14.9399995803833,14.3100004196167,14.880000114440918,14.880000114440918,1450200
2023-01-05,14.710000038146973,14.739999771118164,14.244999885559082,14.399999618530272,14.399999618530272,1431600
2023-01-06,14.539999961853027,15.100000381469728,14.449999809265137,15.020000457763672,15.020000457763672,1038900
2023-01-09,15.199999809265137,15.55500030517578,15.0600004196167,15.460000038146973,15.460000038146973,1532000
2023-01-10,15.260000228881836,15.479999542236328,15.100000381469728,15.210000038146973,15.210000038146973,853100
2023-01-11,15.260000228881836,16.020000457763672,15.19499969482422,15.890000343322754,15.890000343322754,1420100
2023-01-12,15.920000076293944,16.639999389648438,15.739999771118164,16.360000610351562,16.360000610351562,1148200
2023-01-13,16.030000686645508,16.625,15.989999771118164,16.270000457763672,16.270000457763672,1022300
2023-01-17,16.260000228881836,16.434999465942383,16.05500030517578,16.149999618530273,16.149999618530273,1304800
2023-01-18,16.260000228881836,16.690000534057617,15.75,15.880000114440918,15.880000114440918,2199800
2023-01-19,15.779999732971191,15.989999771118164,15.414999961853027,15.8100004196167,15.8100004196167,1690600
2023-01-20,16.040000915527344,16.420000076293945,15.770000457763672,16.1299991607666,16.1299991607666,1146900
2023-01-23,16.139999389648438,16.770000457763672,16.059999465942383,16.489999771118164,16.489999771118164,1352200
2023-01-24,16.329999923706055,16.850000381469727,16.270000457763672,16.59000015258789,16.59000015258789,989700
2023-01-25,16.270000457763672,16.760000228881836,16.1200008392334,16.6299991607666,16.6299991607666,1097800
2023-01-26,16.920000076293945,17.145000457763672,16.559999465942383,16.920000076293945,16.920000076293945,682500
2023-01-27,16.8700008392334,17.450000762939453,16.847000122070312,17.260000228881836,17.260000228881836,836100
2023-01-30,17.059999465942383,17.670000076293945,17.010000228881836,17.149999618530273,17.149999618530273,1714800
2023-01-31,17.219999313354492,17.854999542236328,17.200000762939453,17.649999618530273,17.649999618530273,1687200
2023-02-01,17.610000610351562,17.84000015258789,17.014999389648438,17.65999984741211,17.65999984741211,1325800
2023-02-02,18.170000076293945,18.530000686645508,17.760000228881836,18.09000015258789,18.09000015258789,1498000
2023-02-03,17.559999465942383,18.049999237060547,17.15999984741211,17.479999542236328,17.479999542236328,1226600
2023-02-06,17.219999313354492,17.700000762939453,17.049999237060547,17.440000534057617,17.440000534057617,723500
2023-02-07,17.299999237060547,17.739999771118164,17.09000015258789,17.690000534057617,17.690000534057617,684400
2023-02-08,17.530000686645508,17.780000686645508,17.2450008392334,17.299999237060547,17.299999237060547,575500
2023-02-09,17.450000762939453,17.639999389648438,16.770000457763672,16.799999237060547,16.799999237060547,827500
2023-02-10,16.639999389648438,16.780000686645508,16.299999237060547,16.329999923706055,16.329999923706055,794600
2023-02-13,16.489999771118164,17.0,16.3799991607666,16.75,16.75,852800
2023-02-14,16.610000610351562,17.15999984741211,16.336999893188477,17.1299991607666,17.1299991607666,711700
2023-02-15,17.010000228881836,17.520000457763672,16.81999969482422,17.299999237060547,17.299999237060547,956900
2023-02-16,15.54300022125244,17.06999969482422,15.369999885559082,16.719999313354492,16.719999313354492,1805800
2023-02-17,16.719999313354492,17.110000610351562,16.584999084472656,17.06999969482422,17.06999969482422,1117400
2023-02-21,16.700000762939453,17.100000381469727,16.459999084472656,16.520000457763672,16.520000457763672,1516800
2023-02-22,16.610000610351562,16.9950008392334,16.5,16.799999237060547,16.799999237060547,864100
2023-02-23,17.049999237060547,17.315000534057617,16.854999542236328,17.15999984741211,17.15999984741211,779500
2023-02-24,16.65999984741211,17.09000015258789,16.323999404907227,17.020000457763672,17.020000457763672,713500
2023-02-27,17.31999969482422,17.422000885009766,17.040000915527344,17.05500030517578,17.05500030517578,1072700
2023-02-28,17.059999465942383,17.459999084472656,16.639999389648438,17.049999237060547,17.049999237060547,1967200
2023-03-01,17.950000762939453,19.76000022888184,17.809999465942383,18.13999938964844,18.13999938964844,4191600
2023-03-02,17.84000015258789,18.21999931335449,17.549999237060547,17.684999465942383,17.684999465942383,1559300
2023-03-03,17.770000457763672,17.770000457763672,17.270000457763672,17.459999084472656,17.459999084472656,1660200
2023-03-06,17.510000228881836,17.510000228881836,16.93000030517578,17.299999237060547,17.299999237060547,1185600
2023-03-07,17.399999618530273,17.56999969482422,17.184999465942383,17.229999542236328,17.229999542236328,1130200
2023-03-08,17.290000915527344,17.290000915527344,16.93000030517578,17.139999389648438,17.139999389648438,696400
2023-03-09,17.1200008392334,17.3700008392334,17.020000457763672,17.09000015258789,17.09000015258789,1056600
2023-03-10,16.969999313354492,17.190000534057617,16.510000228881836,16.81999969482422,16.81999969482422,827400
2023-03-13,16.6299991607666,17.170000076293945,16.510000228881836,17.049999237060547,17.049999237060547,784300
2023-03-14,17.5,17.68000030517578,16.950000762939453,17.09000015258789,17.09000015258789,882800
2023-03-15,16.75,17.459999084472656,16.704999923706055,17.399999618530273,17.399999618530273,1275400
2023-03-16,17.309999465942383,18.01499938964844,17.235000610351562,17.809999465942383,17.809999465942383,1109500
2023-03-17,17.90999984741211,18.350000381469727,17.75,17.8799991607666,17.8799991607666,1411300
2023-03-20,17.8799991607666,18.21500015258789,17.725000381469727,17.979999542236328,17.979999542236328,900900
2023-03-21,18.190000534057617,18.56999969482422,18.18000030517578,18.3799991607666,18.3799991607666,879100
2023-03-22,18.440000534057617,18.68000030517578,18.09000015258789,18.18000030517578,18.18000030517578,736800
2023-03-23,18.31999969482422,18.68000030517578,18.26000022888184,18.540000915527344,18.540000915527344,777100
2023-03-24,18.479999542236328,18.63999938964844,18.20499992370605,18.6299991607666,18.6299991607666,758500
2023-03-27,18.63999938964844,18.63999938964844,17.950000762939453,18.31999969482422,18.31999969482422,1071700
2023-03-28,18.18000030517578,18.420000076293945,17.96500015258789,18.09000015258789,18.09000015258789,662500
2023-03-29,18.200000762939453,18.399999618530277,17.93000030517578,17.959999084472656,17.959999084472656,625200
2023-03-30,18.1299991607666,18.280000686645508,18.020000457763672,18.13999938964844,18.13999938964844,419000
2023-03-31,18.209999084472656,18.700000762939453,18.209999084472656,18.68000030517578,18.68000030517578,758900
2023-04-03,18.450000762939453,18.5,18.25,18.440000534057617,18.440000534057617,996700
2023-04-04,18.57999992370605,18.774999618530277,18.25,18.290000915527344,18.290000915527344,541900
2023-04-05,18.13999938964844,18.21999931335449,17.420000076293945,17.440000534057617,17.440000534057617,682100
2023-04-06,17.450000762939453,17.450000762939453,17.170000076293945,17.229999542236328,17.229999542236328,955200
2023-04-10,16.950000762939453,17.514999389648438,16.889999389648438,17.40999984741211,17.40999984741211,2271100
2023-04-11,17.440000534057617,17.790000915527344,17.40999984741211,17.600000381469727,17.600000381469727,992900
2023-04-12,17.829999923706055,17.950000762939453,17.610000610351562,17.700000762939453,17.700000762939453,608100
2023-04-13,17.950000762939453,18.21999931335449,17.920000076293945,18.09000015258789,18.09000015258789,630000
2023-04-14,18.07999992370605,18.07999992370605,16.8700008392334,17.170000076293945,17.170000076293945,2010000
2023-04-17,17.1299991607666,17.329999923706055,17.030000686645508,17.25,17.25,818600
2023-04-18,17.350000381469727,17.579999923706055,17.25,17.399999618530273,17.399999618530273,689300
2023-04-19,17.1299991607666,17.524999618530273,17.010000228881836,17.34000015258789,17.34000015258789,769200
2023-04-20,17.18000030517578,17.299999237060547,17.09000015258789,17.190000534057617,17.190000534057617,518400
2023-04-21,17.190000534057617,17.292999267578125,16.93000030517578,16.989999771118164,16.989999771118164,537000
2023-04-24,16.969999313354492,17.0,16.549999237060547,16.850000381469727,16.850000381469727,570100
2023-04-25,16.719999313354492,16.729999542236328,16.219999313354492,16.299999237060547,16.299999237060547,1309100
2023-04-26,16.420000076293945,16.559999465942383,16.19499969482422,16.270000457763672,16.270000457763672,756600
2023-04-27,16.579999923706055,16.639999389648438,16.25,16.350000381469727,16.350000381469727,917800
2023-04-28,16.280000686645508,16.700000762939453,16.170000076293945,16.440000534057617,16.440000534057617,793700
2023-05-01,16.420000076293945,16.68000030517578,16.299999237060547,16.3799991607666,16.3799991607666,787800
2023-05-02,16.270000457763672,16.299999237060547,15.800000190734863,16.010000228881836,16.010000228881836,955800
2023-05-03,16.100000381469727,16.190000534057617,15.81999969482422,15.859999656677246,15.859999656677246,962600
2023-05-04,15.8100004196167,15.8100004196167,15.34000015258789,15.5,15.5,975800
2023-05-05,15.770000457763672,16.209999084472656,15.704999923706056,16.155000686645508,16.155000686645508,907300
2023-05-08,16.149999618530273,16.420000076293945,16.139999389648438,16.25,16.25,1577500
2023-05-09,16.06999969482422,16.395000457763672,16.020000457763672,16.3700008392334,16.3700008392334,1172600
2023-05-10,19.51000022888184,20.1200008392334,18.059999465942383,18.809999465942383,18.809999465942383,4561800
2023-05-11,18.989999771118164,20.209999084472656,18.81999969482422,19.479999542236328,19.479999542236328,2933600
2023-05-12,19.59000015258789,19.979999542236328,18.959999084472656,19.059999465942383,19.059999465942383,1504800
2023-05-15,19.059999465942383,19.424999237060547,18.834999084472656,19.350000381469727,19.350000381469727,1303800
2023-05-16,19.25,19.38500022888184,18.82999992370605,19.229999542236328,19.229999542236328,1087500
2023-05-17,19.239999771118164,19.59000015258789,18.82999992370605,19.399999618530277,19.399999618530277,1248100
2023-05-18,19.38999938964844,19.655000686645508,19.170000076293945,19.36000061035156,19.36000061035156,1304000
2023-05-19,19.459999084472656,19.459999084472656,18.959999084472656,19.020000457763672,19.020000457763672,1234000
2023-05-22,19.1299991607666,19.155000686645508,18.75,18.979999542236328,18.979999542236328,1122000
2023-05-23,18.8700008392334,19.100000381469727,18.549999237060547,18.68000030517578,18.68000030517578,823300
2023-05-24,18.51000022888184,18.84499931335449,18.350000381469727,18.739999771118164,18.739999771118164,804400
2023-05-25,18.90999984741211,18.96999931335449,18.4950008392334,18.739999771118164,18.739999771118164,756600
2023-05-26,18.799999237060547,19.280000686645508,18.65999984741211,18.979999542236328,18.979999542236328,785000
2023-05-30,19.239999771118164,19.34499931335449,18.729999542236328,19.049999237060547,19.049999237060547,827800
2023-05-31,18.795000076293945,19.1299991607666,18.73500061035156,18.790000915527344,18.790000915527344,1277900
2023-06-01,18.809999465942383,19.280000686645508,18.729999542236328,19.1200008392334,19.1200008392334,920800
2023-06-02,19.31999969482422,19.76000022888184,19.200000762939453,19.5,19.5,1165800
2023-06-05,19.96999931335449,20.799999237060547,19.5,20.3799991607666,20.3799991607666,2540400
2023-06-06,20.270000457763672,20.44499969482422,19.989999771118164,20.0,20.0,1521900
2023-06-07,20.09000015258789,20.61000061035156,20.0,20.299999237060547,20.299999237060547,1350000
2023-06-08,20.32999992370605,20.709999084472656,20.13999938964844,20.600000381469727,20.600000381469727,1394000
2023-06-09,20.690000534057617,21.200000762939453,20.690000534057617,20.959999084472656,20.959999084472656,1187400
2023-06-12,21.0,21.709999084472656,20.85300064086914,21.649999618530277,21.649999618530277,2017600
2023-06-13,21.93000030517578,22.549999237060547,21.604999542236328,22.51000022888184,22.51000022888184,1780200
2023-06-14,22.51000022888184,22.68000030517578,21.979999542236328,22.26000022888184,22.26000022888184,2103000
2023-06-15,22.15999984741211,22.239999771118164,21.729999542236328,21.780000686645508,21.780000686645508,2369100
2023-06-16,21.8799991607666,22.18000030517578,21.549999237060547,21.96999931335449,21.96999931335449,20623500
2023-06-20,21.709999084472656,22.11000061035156,21.690000534057617,22.07999992370605,22.07999992370605,2152200
2023-06-21,21.924999237060547,21.989999771118164,21.295000076293945,21.40999984741211,21.40999984741211,1857700
2023-06-22,21.25,21.334999084472656,20.899999618530277,21.21999931335449,21.21999931335449,2245300
2023-06-23,20.86000061035156,20.93000030517578,20.40999984741211,20.61000061035156,20.61000061035156,2162300
2023-06-26,20.46999931335449,20.88999938964844,20.43000030517578,20.6200008392334,20.6200008392334,1057600
2023-06-27,21.280000686645508,22.26000022888184,21.15999984741211,22.239999771118164,22.239999771118164,1369000
2023-06-28,22.239999771118164,23.0049991607666,22.15999984741211,22.76000022888184,22.76000022888184,1958800
2023-06-29,23.09000015258789,23.100000381469727,22.68400001525879,22.770000457763672,22.770000457763672,1285400
2023-06-30,22.940000534057617,23.030000686645508,22.6200008392334,22.6299991607666,22.6299991607666,967100
2023-07-03,22.51000022888184,22.709999084472656,22.44499969482422,22.670000076293945,22.670000076293945,697600
2023-07-05,22.56999969482422,22.56999969482422,21.799999237060547,21.809999465942383,21.809999465942383,1100300
2023-07-06,21.51000022888184,21.71500015258789,21.489999771118164,21.670000076293945,21.670000076293945,795600
2023-07-07,21.780000686645508,22.13999938964844,21.75,22.059999465942383,22.059999465942383,939100
2023-07-10,21.920000076293945,22.57999992370605,21.88500022888184,22.51000022888184,22.51000022888184,1896200
2023-07-11,22.600000381469727,22.8799991607666,22.55500030517578,22.82999992370605,22.82999992370605,1653800
2023-07-12,23.21999931335449,23.700000762939453,22.88999938964844,23.65999984741211,23.65999984741211,976000
2023-07-13,23.729999542236328,23.809999465942383,23.25,23.56999969482422,23.56999969482422,888100
2023-07-14,23.5,23.690000534057617,23.270000457763672,23.3700008392334,23.3700008392334,1766600
2023-07-17,23.34000015258789,23.815000534057617,23.32999992370605,23.739999771118164,23.739999771118164,654000
2023-07-18,23.86000061035156,23.86000061035156,23.53499984741211,23.709999084472656,23.709999084472656,623600
2023-07-19,24.1299991607666,24.21999931335449,23.40999984741211,23.57999992370605,23.57999992370605,1330300
2023-07-20,23.729999542236328,24.020000457763672,23.125,23.190000534057617,23.190000534057617,1153600
2023-07-21,23.25,23.59000015258789,22.684999465942383,22.71999931335449,22.71999931335449,1312200
2023-07-24,22.71999931335449,22.850000381469727,22.149999618530277,22.709999084472656,22.709999084472656,1257100
2023-07-25,23.0,23.13999938964844,22.645000457763672,22.65999984741211,22.65999984741211,659400
2023-07-26,22.489999771118164,22.530000686645508,22.299999237060547,22.450000762939453,22.450000762939453,919000
2023-07-27,22.6200008392334,22.75,21.674999237060547,21.799999237060547,21.799999237060547,1147500
2023-07-28,22.07999992370605,22.280000686645508,22.024999618530277,22.200000762939453,22.200000762939453,1028900
2023-07-31,22.200000762939453,22.65999984741211,22.145000457763672,22.65999984741211,22.65999984741211,1061900
2023-08-01,22.489999771118164,22.489999771118164,22.01499938964844,22.280000686645508,22.280000686645508,1221100
2023-08-02,21.989999771118164,22.68000030517578,21.989999771118164,22.36000061035156,22.36000061035156,1236100
2023-08-03,21.81999969482422,21.934999465942383,21.46999931335449,21.489999771118164,21.489999771118164,1512600
2023-08-04,19.040000915527344,19.09499931335449,17.510000228881836,18.09000015258789,18.09000015258789,3000200
2023-08-07,18.0,18.90999984741211,17.75,18.780000686645508,18.780000686645508,2049300
2023-08-08,19.38999938964844,19.709999084472656,18.96500015258789,19.489999771118164,19.489999771118164,1854700
2023-08-09,19.239999771118164,19.5,19.114999771118164,19.239999771118164,19.239999771118164,1556300
2023-08-10,19.809999465942383,20.020000457763672,17.579999923706055,18.06999969482422,18.06999969482422,3020500
2023-08-11,18.06999969482422,18.665000915527344,18.06999969482422,18.40999984741211,18.40999984741211,2328800
2023-08-14,18.239999771118164,18.32999992370605,17.860000610351562,18.09000015258789,18.09000015258789,1129600
2023-08-15,17.959999084472656,18.174999237060547,17.899999618530273,17.989999771118164,17.989999771118164,795800
2023-08-16,17.969999313354492,18.040000915527344,17.780000686645508,17.8799991607666,17.8799991607666,976000
2023-08-17,17.940000534057617,18.19499969482422,17.895000457763672,17.940000534057617,17.940000534057617,862500
2023-08-18,17.709999084472656,18.1299991607666,17.700000762939453,18.07999992370605,18.07999992370605,890700
2023-08-21,18.06999969482422,18.09000015258789,17.7450008392334,18.040000915527344,18.040000915527344,846000
2023-08-22,18.149999618530277,18.200000762939453,17.889999389648438,17.979999542236328,17.979999542236328,972900
2023-08-23,18.06999969482422,18.48500061035156,18.06999969482422,18.32999992370605,18.32999992370605,976500
2023-08-24,18.3700008392334,18.450000762939453,17.735000610351562,17.739999771118164,17.739999771118164,1206200
2023-08-25,17.799999237060547,18.05500030517578,17.68000030517578,17.90999984741211,17.90999984741211,863600
2023-08-28,18.0,18.128999710083008,17.8700008392334,17.93000030517578,17.93000030517578,616200
2023-08-29,17.969999313354492,18.13999938964844,17.90999984741211,18.1299991607666,18.1299991607666,819100
2023-08-30,18.13999938964844,18.489999771118164,18.049999237060547,18.32999992370605,18.32999992370605,614300
2023-08-31,18.350000381469727,18.479999542236328,18.040000915527344,18.11000061035156,18.11000061035156,1579400
2023-09-01,18.280000686645508,18.53499984741211,18.149999618530277,18.46999931335449,18.46999931335449,961100
2023-09-05,18.200000762939453,18.73500061035156,17.940000534057617,18.6200008392334,18.6200008392334,977800
2023-09-06,18.59000015258789,18.780000686645508,18.40999984741211,18.540000915527344,18.540000915527344,966800
2023-09-07,18.46999931335449,18.479999542236328,17.989999771118164,18.32999992370605,18.32999992370605,837100
2023-09-08,18.40999984741211,18.780000686645508,18.290000915527344,18.36000061035156,18.36000061035156,1610400
2023-09-11,18.46999931335449,18.799999237060547,18.375,18.6299991607666,18.6299991607666,972000
2023-09-12,18.56999969482422,18.59499931335449,18.114999771118164,18.15999984741211,18.15999984741211,876800
2023-09-13,18.170000076293945,18.280000686645508,17.829999923706055,17.8700008392334,17.8700008392334,937900
2023-09-14,18.0,18.399999618530277,18.0,18.290000915527344,18.290000915527344,1306700
2023-09-15,18.270000457763672,18.270000457763672,17.415000915527344,17.639999389648438,17.639999389648438,3402000
2023-09-18,17.610000610351562,17.924999237060547,17.56599998474121,17.860000610351562,17.860000610351562,1508100
2023-09-19,17.729999542236328,17.8799991607666,17.6200008392334,17.8799991607666,17.8799991607666,693500
2023-09-20,17.940000534057617,18.024999618530277,17.479999542236328,17.540000915527344,17.540000915527344,712700
2023-09-21,17.360000610351562,17.690000534057617,17.219999313354492,17.549999237060547,17.549999237060547,1124000
2023-09-22,17.68000030517578,17.790000915527344,17.520000457763672,17.530000686645508,17.530000686645508,493800
2023-09-25,17.450000762939453,17.639999389648438,17.34000015258789,17.459999084472656,17.459999084472656,500800
2023-09-26,17.3799991607666,17.489999771118164,17.209999084472656,17.25,17.25,582800
2023-09-27,17.350000381469727,17.69499969482422,17.325000762939453,17.489999771118164,17.489999771118164,498600
2023-09-28,17.469999313354492,17.860000610351562,17.469999313354492,17.729999542236328,17.729999542236328,722300
2023-09-29,17.860000610351562,17.8799991607666,17.489999771118164,17.520000457763672,17.520000457763672,752600
2023-10-02,17.40999984741211,17.5049991607666,17.219999313354492,17.350000381469727,17.350000381469727,673400
2023-10-03,17.229999542236328,17.32900047302246,16.924999237060547,17.010000228881836,17.010000228881836,968500
2023-10-04,16.989999771118164,17.329999923706055,16.93000030517578,17.290000915527344,17.290000915527344,553800
2023-10-05,17.219999313354492,17.299999237060547,17.010000228881836,17.1299991607666,17.1299991607666,542100
2023-10-06,17.06999969482422,17.437999725341797,17.03499984741211,17.34000015258789,17.34000015258789,562600
2023-10-09,17.18000030517578,17.510000228881836,17.024999618530273,17.450000762939453,17.450000762939453,433100
2023-10-10,17.510000228881836,17.829999923706055,17.510000228881836,17.770000457763672,17.770000457763672,677600
2023-10-11,17.799999237060547,17.924999237060547,17.68000030517578,17.790000915527344,17.790000915527344,779000
2023-10-12,17.760000228881836,17.760000228881836,17.459999084472656,17.649999618530273,17.649999618530273,931300
2023-10-13,17.690000534057617,17.799999237060547,17.350000381469727,17.3700008392334,17.3700008392334,1160000
2023-10-16,17.450000762939453,17.940000534057617,17.295000076293945,17.940000534057617,17.940000534057617,1063700
2023-10-17,17.8700008392334,18.020000457763672,17.780000686645508,17.8799991607666,17.8799991607666,782000
2023-10-18,17.739999771118164,17.969999313354492,17.614999771118164,17.8700008392334,17.8700008392334,1036400
2023-10-19,17.889999389648438,18.32999992370605,17.8799991607666,17.93000030517578,17.93000030517578,1136200
2023-10-20,18.020000457763672,18.13999938964844,17.670000076293945,17.84000015258789,17.84000015258789,988500
2023-10-23,17.700000762939453,18.25,17.655000686645508,17.8700008392334,17.8700008392334,958900
2023-10-24,18.09000015258789,18.239999771118164,17.915000915527344,18.1299991607666,18.1299991607666,805200
2023-10-25,18.06999969482422,18.13999938964844,17.350000381469727,17.399999618530273,17.399999618530273,1091500
2023-10-26,17.469999313354492,17.559999465942383,17.049999237060547,17.209999084472656,17.209999084472656,555400
2023-10-27,17.290000915527344,17.434999465942383,16.905000686645508,17.0,17.0,589100
2023-10-30,17.049999237060547,17.239999771118164,16.704999923706055,17.06999969482422,17.06999969482422,773700
2023-10-31,17.110000610351562,17.5,17.100000381469727,17.229999542236328,17.229999542236328,634000
2023-11-01,17.190000534057617,17.25,16.760000228881836,17.06999969482422,17.06999969482422,907200
2023-11-02,17.18000030517578,17.809999465942383,17.18000030517578,17.799999237060547,17.799999237060547,778200
2023-11-03,18.1299991607666,18.770000457763672,18.06999969482422,18.670000076293945,18.670000076293945,870000
2023-11-06,18.6200008392334,18.739999771118164,18.250999450683597,18.5,18.5,675400
2023-11-07,18.549999237060547,18.670000076293945,18.334999084472656,18.36000061035156,18.36000061035156,662300
2023-11-08,19.709999084472656,20.11000061035156,18.86000061035156,19.15999984741211,19.15999984741211,1916800
2023-11-09,19.209999084472656,19.3799991607666,18.59000015258789,18.739999771118164,18.739999771118164,1247100
2023-11-10,18.71999931335449,19.18000030517578,18.71999931335449,19.09000015258789,19.09000015258789,1143600
2023-11-13,19.07999992370605,19.38500022888184,18.82999992370605,19.06999969482422,19.06999969482422,1106300
2023-11-14,19.46999931335449,20.38999938964844,19.46999931335449,20.31999969482422,20.31999969482422,1437800
2023-11-15,20.450000762939453,21.15999984741211,20.450000762939453,20.63999938964844,20.63999938964844,1109500
2023-11-16,20.51000022888184,21.020000457763672,18.899999618530277,20.100000381469727,20.100000381469727,2668400
2023-11-17,20.149999618530277,20.725000381469727,19.940000534057617,20.6299991607666,20.6299991607666,1338200
2023-11-20,20.57999992370605,21.1299991607666,20.020000457763672,20.959999084472656,20.959999084472656,884500
2023-11-21,20.729999542236328,21.03499984741211,20.71999931335449,20.959999084472656,20.959999084472656,1301000
2023-11-22,21.15999984741211,21.5049991607666,20.625,21.149999618530277,21.149999618530277,679800
2023-11-24,21.020000457763672,21.5,21.020000457763672,21.31999969482422,21.31999969482422,305100
2023-11-27,21.1200008392334,21.78499984741211,21.1200008392334,21.440000534057617,21.440000534057617,838000
2023-11-28,21.440000534057617,21.71999931335449,21.34000015258789,21.61000061035156,21.61000061035156,966000
2023-11-29,21.739999771118164,22.084999084472656,21.73500061035156,21.93000030517578,21.93000030517578,1306500
2023-11-30,22.0,22.06999969482422,21.520000457763672,21.6200008392334,21.6200008392334,1103600
2023-12-01,21.549999237060547,21.729999542236328,21.020000457763672,21.68000030517578,21.68000030517578,1184900
2023-12-04,21.43000030517578,22.040000915527344,21.399999618530277,21.84000015258789,21.84000015258789,952400
2023-12-05,21.549999237060547,21.799999237060547,21.295000076293945,21.299999237060547,21.299999237060547,776400
2023-12-06,21.489999771118164,21.815000534057617,21.21999931335449,21.25,21.25,822800
2023-12-07,21.34000015258789,21.57999992370605,21.1200008392334,21.34000015258789,21.34000015258789,803300
2023-12-08,21.309999465942383,21.71999931335449,21.280000686645508,21.59000015258789,21.59000015258789,629300
2023-12-11,21.540000915527344,22.170000076293945,21.420000076293945,22.030000686645508,22.030000686645508,875400
2023-12-12,22.049999237060547,22.13400077819824,21.774999618530277,22.040000915527344,22.040000915527344,786300
2023-12-13,22.07999992370605,22.895000457763672,21.834999084472656,22.770000457763672,22.770000457763672,1618500
2023-12-14,23.136999130249023,23.61000061035156,23.01000022888184,23.540000915527344,23.540000915527344,1318300
2023-12-15,23.729999542236328,23.799999237060547,23.2450008392334,23.690000534057617,23.690000534057617,4631300
2023-12-18,23.68000030517578,23.959999084472656,23.299999237060547,23.940000534057617,23.940000534057617,980600
2023-12-19,24.020000457763672,24.549999237060547,24.020000457763672,24.3799991607666,24.3799991607666,862900
2023-12-20,24.38999938964844,24.63999938964844,23.780000686645508,23.8700008392334,23.8700008392334,761600
2023-12-21,24.280000686645508,24.40999984741211,23.959999084472656,24.209999084472656,24.209999084472656,835000
2023-12-22,24.399999618530277,24.459999084472656,23.940000534057617,24.21999931335449,24.21999931335449,638900
2023-12-26,24.21999931335449,24.475000381469727,23.9950008392334,24.32999992370605,24.32999992370605,445600
2023-12-27,24.43000030517578,24.530000686645508,24.21199989318848,24.440000534057617,24.440000534057617,490200
2023-12-28,24.350000381469727,24.520000457763672,24.13999938964844,24.489999771118164,24.489999771118164,501600
2023-12-29,24.31999969482422,24.57999992370605,24.07999992370605,24.15999984741211,24.15999984741211,539600
2024-01-02,23.84000015258789,23.920000076293945,23.270000457763672,23.520000457763672,23.520000457763672,642700
2024-01-03,23.209999084472656,23.299999237060547,22.82999992370605,22.84000015258789,22.84000015258789,717200
2024-01-04,22.82999992370605,23.020000457763672,22.59000015258789,22.75,22.75,573100
2024-01-05,22.520000457763672,22.791000366210938,22.46999931335449,22.489999771118164,22.489999771118164,647500
2024-01-08,22.670000076293945,23.200000762939453,22.600000381469727,22.989999771118164,22.989999771118164,805600
2024-01-09,22.739999771118164,23.01499938964844,22.59000015258789,22.899999618530277,22.899999618530277,627500
2024-01-10,23.030000686645508,23.420000076293945,22.899999618530277,23.309999465942383,23.309999465942383,500200
2024-01-11,23.18000030517578,23.299999237060547,22.649999618530277,22.959999084472656,22.959999084472656,608200
2024-01-12,23.13999938964844,23.13999938964844,22.70499992370605,22.770000457763672,22.770000457763672,646800
2024-01-16,22.700000762939453,22.940000534057617,22.57999992370605,22.850000381469727,22.850000381469727,486200
2024-01-17,22.459999084472656,23.040000915527344,22.459999084472656,23.0,23.0,486500
2024-01-18,23.399999618530277,23.450000762939453,23.030000686645508,23.26000022888184,23.26000022888184,521200
2024-01-19,23.440000534057617,23.440000534057617,23.01499938964844,23.34000015258789,23.34000015258789,455000
2024-01-22,23.600000381469727,23.989999771118164,23.459999084472656,23.6200008392334,23.6200008392334,649100
2024-01-23,23.950000762939453,23.950000762939453,23.049999237060547,23.059999465942383,23.059999465942383,716000
2024-01-24,23.399999618530277,23.40999984741211,22.739999771118164,22.76000022888184,22.76000022888184,636200
2024-01-25,22.959999084472656,23.06999969482422,22.71999931335449,23.0,23.0,678700
2024-01-26,23.040000915527344,23.34000015258789,22.989999771118164,23.13999938964844,23.13999938964844,432700
2024-01-29,23.200000762939453,23.8700008392334,23.18000030517578,23.86000061035156,23.86000061035156,458000
2024-01-30,23.700000762939453,23.809999465942383,23.4950008392334,23.709999084472656,23.709999084472656,637500
2024-01-31,23.46999931335449,24.01499938964844,23.200000762939453,23.239999771118164,23.239999771118164,793400
2024-02-01,23.36000061035156,23.68000030517578,23.07999992370605,23.65999984741211,23.65999984741211,555000
2024-02-02,23.61000061035156,24.21999931335449,23.40999984741211,23.959999084472656,23.959999084472656,573300
2024-02-05,23.729999542236328,24.024999618530277,23.479999542236328,23.82999992370605,23.82999992370605,753300
2024-02-06,23.799999237060547,24.100000381469727,23.774999618530277,23.90999984741211,23.90999984741211,469900
2024-02-07,23.799999237060547,23.81999969482422,23.21999931335449,23.26000022888184,23.26000022888184,1091700
2024-02-08,23.299999237060547,23.7549991607666,23.299999237060547,23.3799991607666,23.3799991607666,745900
2024-02-09,23.649999618530277,24.0,23.51000022888184,23.920000076293945,23.920000076293945,581400
2024-02-12,23.989999771118164,24.19599914550781,23.81999969482422,23.86000061035156,23.86000061035156,934500
2024-02-13,23.07999992370605,23.26000022888184,22.350000381469727,22.51000022888184,22.51000022888184,872400
2024-02-14,22.90999984741211,23.3700008392334,22.850000381469727,23.200000762939453,23.200000762939453,958400
2024-02-15,23.299999237060547,23.674999237060547,23.09000015258789,23.59000015258789,23.59000015258789,651100
2024-02-16,23.239999771118164,23.280000686645508,22.674999237060547,23.049999237060547,23.049999237060547,872400
2024-02-20,22.770000457763672,23.075000762939453,22.6299991607666,22.959999084472656,22.959999084472656,872300
2024-02-21,22.81999969482422,23.040000915527344,22.690000534057617,22.899999618530277,22.899999618530277,594700
2024-02-22,23.049999237060547,23.6200008392334,22.959999084472656,23.559999465942383,23.559999465942383,736700
2024-02-23,23.56999969482422,23.90999984741211,23.450000762939453,23.84000015258789,23.84000015258789,833600
2024-02-26,24.01000022888184,24.270000457763672,23.71999931335449,23.88999938964844,23.88999938964844,2073600
2024-02-27,22.5,23.989999771118164,21.950000762939453,23.520000457763672,23.520000457763672,4654500
2024-02-28,23.18000030517578,23.18199920654297,21.71500015258789,21.850000381469727,21.850000381469727,2692400
2024-02-29,22.020000457763672,22.479999542236328,21.96999931335449,22.13999938964844,22.13999938964844,1735400
2024-03-01,22.21999931335449,22.690000534057617,22.13999938964844,22.68000030517578,22.68000030517578,1187300
2024-03-04,22.600000381469727,23.07999992370605,22.46999931335449,22.940000534057617,22.940000534057617,1636100
2024-03-05,22.61000061035156,22.850000381469727,22.1200008392334,22.229999542236328,22.229999542236328,1795600
2024-03-06,22.549999237060547,22.82999992370605,22.3799991607666,22.549999237060547,22.549999237060547,1546100
2024-03-07,22.809999465942383,23.36000061035156,22.729999542236328,23.280000686645508,23.280000686645508,1224200
2024-03-08,23.43000030517578,24.21999931335449,22.959999084472656,23.0,23.0,1555300
2024-03-11,22.93000030517578,23.07999992370605,22.700000762939453,23.0,23.0,1388100
2024-03-12,23.0,23.440000534057617,22.959999084472656,22.989999771118164,22.989999771118164,1101600
2024-03-13,23.0,23.13999938964844,22.68000030517578,22.71999931335449,22.71999931335449,1094100
2024-03-14,22.770000457763672,22.96999931335449,22.020000457763672,22.21999931335449,22.21999931335449,1363300
2024-03-15,22.059999465942383,22.5,22.01000022888184,22.46999931335449,22.46999931335449,8328300
2024-03-18,22.559999465942383,23.520000457763672,22.36000061035156,23.459999084472656,23.459999084472656,1405100
2024-03-19,23.450000762939453,23.670000076293945,23.1299991607666,23.440000534057617,23.440000534057617,1001500
2024-03-20,23.440000534057617,23.815000534057617,23.13999938964844,23.399999618530277,23.399999618530277,803600
2024-03-21,23.59000015258789,23.76499938964844,23.01000022888184,23.01000022888184,23.01000022888184,1031300
2024-03-22,23.13999938964844,23.420000076293945,22.950000762939453,23.200000762939453,23.200000762939453,636700
2024-03-25,23.18000030517578,23.3799991607666,23.020000457763672,23.030000686645508,23.030000686645508,570200
2024-03-26,23.31999969482422,23.7450008392334,23.15999984741211,23.18000030517578,23.18000030517578,605000
2024-03-27,23.38999938964844,23.6200008392334,22.90999984741211,23.0,23.0,1096000
2024-03-28,23.100000381469727,23.3700008392334,22.94599914550781,23.07999992370605,23.07999992370605,755900
2024-04-01,23.040000915527344,23.36000061035156,22.899999618530277,23.0,23.0,651000
2024-04-02,22.459999084472656,22.71999931335449,22.395000457763672,22.600000381469727,22.600000381469727,731400
2024-04-03,22.440000534057617,22.93000030517578,22.440000534057617,22.729999542236328,22.729999542236328,776700
2024-04-04,22.93000030517578,23.3799991607666,22.82999992370605,22.850000381469727,22.850000381469727,649300
2024-04-05,22.8700008392334,23.475000381469727,22.809999465942383,23.350000381469727,23.350000381469727,592800
2024-04-08,23.459999084472656,23.71999931335449,23.299999237060547,23.459999084472656,23.459999084472656,593000
2024-04-09,23.68000030517578,23.729999542236328,23.375,23.63999938964844,23.63999938964844,411900
2024-04-10,23.059999465942383,23.280000686645508,22.61000061035156,22.63999938964844,22.63999938964844,853200
2024-04-11,22.729999542236328,23.01000022888184,22.488000869750977,22.8799991607666,22.8799991607666,860600
2024-04-12,22.71999931335449,22.850000381469727,22.149999618530277,22.36000061035156,22.36000061035156,588600
2024-04-15,22.450000762939453,22.56999969482422,21.59000015258789,21.68000030517578,21.68000030517578,933400
2024-04-16,21.420000076293945,21.71500015258789,21.270000457763672,21.59000015258789,21.59000015258789,758600
2024-04-17,21.76000022888184,21.82999992370605,21.18000030517578,21.21999931335449,21.21999931335449,642100
2024-04-18,21.25,21.81999969482422,21.21999931335449,21.540000915527344,21.540000915527344,594700
2024-04-19,21.549999237060547,22.21999931335449,21.549999237060547,22.200000762939453,22.200000762939453,677700
2024-04-22,22.309999465942383,22.65999984741211,22.198999404907227,22.6299991607666,22.6299991607666,588000
2024-04-23,22.799999237060547,23.55500030517578,22.75,23.46999931335449,23.46999931335449,561300
2024-04-24,23.46999931335449,23.559999465942383,23.15999984741211,23.34000015258789,23.34000015258789,611400
2024-04-25,22.88999938964844,23.209999084472656,22.670000076293945,22.90999984741211,22.90999984741211,1079800
2024-04-26,23.190000534057617,23.479999542236328,23.13999938964844,23.21999931335449,23.21999931335449,431600
2024-04-29,23.18000030517578,23.38999938964844,22.850000381469727,22.850000381469727,22.850000381469727,623700
2024-04-30,22.82999992370605,22.920000076293945,22.420000076293945,22.459999084472656,22.459999084472656,1034900
2024-05-01,22.600000381469727,22.979999542236328,22.31999969482422,22.31999969482422,22.31999969482422,538600
2024-05-02,22.690000534057617,23.01000022888184,22.420000076293945,22.90999984741211,22.90999984741211,658800
2024-05-03,23.36000061035156,23.424999237060547,22.700000762939453,22.75,22.75,707400
2024-05-06,22.809999465942383,23.125999450683597,22.700000762939453,23.0,23.0,459200
2024-05-07,22.68000030517578,23.11000061035156,22.56999969482422,22.61000061035156,22.61000061035156,701200
2024-05-08,22.25,22.36000061035156,21.989999771118164,22.149999618530277,22.149999618530277,628400
2024-05-09,22.229999542236328,22.57999992370605,22.1200008392334,22.280000686645508,22.280000686645508,1460200
2024-05-10,23.424999237060547,24.76000022888184,23.3700008392334,24.21999931335449,24.21999931335449,1955900
2024-05-13,24.290000915527344,24.399999618530277,23.520000457763672,24.049999237060547,24.049999237060547,940800
2024-05-14,24.059999465942383,24.65999984741211,23.983999252319336,24.489999771118164,24.489999771118164,1191700
2024-05-15,24.670000076293945,24.979999542236328,24.13999938964844,24.959999084472656,24.959999084472656,886500
2024-05-16,24.729999542236328,24.834999084472656,23.780000686645508,23.799999237060547,23.799999237060547,1214700
2024-05-17,23.780000686645508,24.03199958801269,23.68000030517578,23.780000686645508,23.780000686645508,747600
2024-05-20,23.690000534057617,24.01000022888184,23.549999237060547,23.56999969482422,23.56999969482422,824400
2024-05-21,23.450000762939453,23.90999984741211,23.200000762939453,23.8700008392334,23.8700008392334,763900
2024-05-22,23.84000015258789,24.125999450683597,23.6299991607666,23.71999931335449,23.71999931335449,715500
2024-05-23,23.809999465942383,23.899999618530277,23.34000015258789,23.61000061035156,23.61000061035156,628300
2024-05-24,23.76000022888184,24.209999084472656,23.75,23.93000030517578,23.93000030517578,515700
2024-05-28,24.059999465942383,24.13999938964844,23.415000915527344,23.46999931335449,23.46999931335449,699200
2024-05-29,23.13999938964844,23.739999771118164,23.040000915527344,23.440000534057617,23.440000534057617,584100
2024-05-30,23.540000915527344,23.989999771118164,23.51000022888184,23.670000076293945,23.670000076293945,614400
2024-05-31,23.770000457763672,24.290000915527344,23.75,24.209999084472656,24.209999084472656,659400
2024-06-03,24.3799991607666,24.549999237060547,23.815000534057617,23.8700008392334,23.8700008392334,732600
2024-06-04,23.690000534057617,24.1299991607666,23.57999992370605,24.1200008392334,24.1200008392334,649400
2024-06-05,24.350000381469727,24.940000534057617,23.989999771118164,24.8799991607666,24.8799991607666,744600
2024-06-06,25.0,25.670000076293945,24.700000762939453,25.170000076293945,25.170000076293945,1466800
2024-06-07,25.270000457763672,26.59000015258789,25.200000762939453,26.190000534057617,26.190000534057617,1275500
2024-06-10,25.790000915527344,26.229999542236328,25.31999969482422,25.979999542236328,25.979999542236328,1139900
2024-06-11,25.84000015258789,26.190000534057617,25.540000915527344,26.18000030517578,26.18000030517578,797700
2024-06-12,26.770000457763672,26.899999618530277,26.459999084472656,26.71999931335449,26.71999931335449,682900
2024-06-13,26.71999931335449,26.739999771118164,25.76000022888184,25.8799991607666,25.8799991607666,590300
2024-06-14,25.559999465942383,25.63999938964844,25.25,25.420000076293945,25.420000076293945,582700
2024-06-17,25.299999237060547,25.709999084472656,25.1200008392334,25.46999931335449,25.46999931335449,534100
2024-06-18,25.3700008392334,25.38500022888184,25.13800048828125,25.309999465942383,25.309999465942383,567100
2024-06-20,25.209999084472656,25.309999465942383,24.88999938964844,25.07999992370605,25.07999992370605,733400
2024-06-21,25.1200008392334,25.270000457763672,24.88999938964844,25.200000762939453,25.200000762939453,3148200
2024-06-24,25.149999618530277,25.448999404907227,24.88999938964844,25.25,25.25,776600
2024-06-25,25.479999542236328,25.549999237060547,25.040000915527344,25.170000076293945,25.170000076293945,617300
2024-06-26,24.940000534057617,25.57999992370605,24.549999237060547,25.5,25.5,589500
2024-06-27,25.59000015258789,25.915000915527344,25.450000762939453,25.8700008392334,25.8700008392334,538300
2024-06-28,25.959999084472656,26.239999771118164,25.763999938964844,26.200000762939453,26.200000762939453,1464100
2024-07-01,26.200000762939453,26.29199981689453,24.739999771118164,24.979999542236328,24.979999542236328,794000
2024-07-02,24.90999984741211,25.549999237060547,24.81999969482422,25.489999771118164,25.489999771118164,580000
2024-07-03,25.65999984741211,26.045000076293945,24.15999984741211,24.32999992370605,24.32999992370605,1339300
2024-07-05,24.299999237060547,24.940000534057617,24.184999465942383,24.93000030517578,24.93000030517578,648700
2024-07-08,25.11000061035156,25.11000061035156,24.700000762939453,24.989999771118164,24.989999771118164,481500
2024-07-09,24.899999618530277,25.149999618530277,24.71999931335449,24.979999542236328,24.979999542236328,440900
2024-07-10,25.030000686645508,25.239999771118164,24.6299991607666,24.93000030517578,24.93000030517578,488600
2024-07-11,25.290000915527344,25.549999237060547,25.1299991607666,25.489999771118164,25.489999771118164,473800
2024-07-12,25.729999542236328,25.920000076293945,25.290000915527344,25.299999237060547,25.299999237060547,433700
2024-07-15,25.520000457763672,26.28499984741211,25.32999992370605,26.18000030517578,26.18000030517578,689100
2024-07-16,26.61000061035156,26.82999992370605,26.209999084472656,26.68000030517578,26.68000030517578,732500
2024-07-17,26.399999618530277,26.77300071716309,26.084999084472656,26.31999969482422,26.31999969482422,454600
2024-07-18,26.170000076293945,26.70499992370605,25.59000015258789,25.690000534057617,25.690000534057617,634500
2024-07-19,25.65999984741211,25.959999084472656,25.459999084472656,25.81999969482422,25.81999969482422,457800
2024-07-22,25.979999542236328,26.149999618530277,25.614999771118164,25.8700008392334,25.8700008392334,433300
2024-07-23,25.96999931335449,26.34000015258789,25.850000381469727,26.0,26.0,550600
2024-07-24,25.51000022888184,25.989999771118164,25.17099952697754,25.280000686645508,25.280000686645508,488200
2024-07-25,25.3799991607666,25.70499992370605,24.920000076293945,25.190000534057617,25.190000534057617,550900
2024-07-26,25.6200008392334,25.76000022888184,24.93000030517578,25.25,25.25,874600
2024-07-29,25.440000534057617,25.71500015258789,25.059999465942383,25.1200008392334,25.1200008392334,566100
2024-07-30,25.1200008392334,25.51000022888184,24.600000381469727,24.700000762939453,24.700000762939453,641900
2024-07-31,25.040000915527344,25.149999618530277,24.434999465942383,24.81999969482422,24.81999969482422,915600
2024-08-01,25.020000457763672,25.290000915527344,23.8799991607666,24.100000381469727,24.100000381469727,825500
2024-08-02,22.959999084472656,23.6299991607666,22.8799991607666,23.32999992370605,23.32999992370605,770600
2024-08-05,22.190000534057617,22.68000030517578,21.71999931335449,22.299999237060547,22.299999237060547,894900
2024-08-06,22.299999237060547,22.71999931335449,22.13999938964844,22.209999084472656,22.209999084472656,828100
2024-08-07,22.63999938964844,22.84000015258789,21.975000381469727,22.11000061035156,22.11000061035156,898000
2024-08-08,22.170000076293945,22.6200008392334,21.649999618530277,22.399999618530277,22.399999618530277,1420600
2024-08-09,25.059999465942383,27.0,24.780000686645508,26.940000534057617,26.940000534057617,2005400
2024-08-12,27.100000381469727,27.774999618530277,26.770000457763672,27.600000381469727,27.600000381469727,1273200
2024-08-13,27.40999984741211,28.46999931335449,26.920000076293945,28.420000076293945,28.420000076293945,1218200
2024-08-14,28.530000686645508,28.670000076293945,27.670000076293945,27.68000030517578,27.68000030517578,885600
2024-08-15,28.0,28.36000061035156,27.65999984741211,28.229999542236328,28.229999542236328,1195100
2024-08-16,28.200000762939453,28.700000762939453,28.114999771118164,28.280000686645508,28.280000686645508,713600
2024-08-19,28.3799991607666,28.3799991607666,27.96500015258789,28.209999084472656,28.209999084472656,537300
2024-08-20,28.25,28.43000030517578,28.07999992370605,28.15999984741211,28.15999984741211,589800
2024-08-21,28.31999969482422,28.649999618530277,27.989999771118164,28.5,28.5,890500
2024-08-22,28.5,28.68000030517578,27.950000762939453,28.020000457763672,28.020000457763672,357900
2024-08-23,28.32999992370605,29.040000915527344,28.239999771118164,28.71999931335449,28.71999931335449,532300
2024-08-26,28.84000015258789,28.886999130249023,28.540000915527344,28.649999618530277,28.649999618530277,450500
2024-08-27,28.559999465942383,28.690000534057617,28.2549991607666,28.6299991607666,28.6299991607666,429900
2024-08-28,28.57999992370605,28.739999771118164,28.15999984741211,28.270000457763672,28.270000457763672,505000
2024-08-29,28.479999542236328,29.26000022888184,28.479999542236328,29.0,29.0,796700
2024-08-30,29.0,29.402999877929688,28.46999931335449,28.979999542236328,28.979999542236328,719000
2024-09-03,28.420000076293945,29.09000015258789,27.850000381469727,27.899999618530277,27.899999618530277,679900
2024-09-04,27.82999992370605,28.239999771118164,27.649999618530277,28.07999992370605,28.07999992370605,775900
2024-09-05,28.06999969482422,28.6200008392334,27.96999931335449,28.270000457763672,28.270000457763672,661400
2024-09-06,28.21999931335449,28.43000030517578,27.15999984741211,27.229999542236328,27.229999542236328,595200
2024-09-09,27.309999465942383,27.63500022888184,26.86000061035156,27.200000762939453,27.200000762939453,634600
2024-09-10,27.190000534057617,27.26499938964844,26.36000061035156,26.479999542236328,26.479999542236328,763100
2024-09-11,26.38999938964844,27.440000534057617,26.229999542236328,27.34000015258789,27.34000015258789,731300
2024-09-12,27.440000534057617,28.625,27.38500022888184,28.420000076293945,28.420000076293945,671200
2024-09-13,28.6299991607666,29.270000457763672,28.6299991607666,29.1200008392334,29.1200008392334,551400
2024-09-16,29.100000381469727,29.170000076293945,28.61000061035156,28.989999771118164,28.989999771118164,535100
2024-09-17,29.309999465942383,29.88999938964844,29.25,29.71999931335449,29.71999931335449,773300
2024-09-18,29.780000686645508,30.711000442504883,29.70499992370605,30.0,30.0,775800
2024-09-19,30.729999542236328,30.989999771118164,30.40999984741211,30.57999992370605,30.57999992370605,939200
2024-09-20,30.559999465942383,30.799999237060547,30.280000686645508,30.350000381469727,30.350000381469727,2997500
2024-09-23,30.56999969482422,30.56999969482422,29.73500061035156,29.790000915527344,29.790000915527344,508300
2024-09-24,29.809999465942383,30.07999992370605,29.770000457763672,30.030000686645508,30.030000686645508,496900
2024-09-25,29.920000076293945,30.06999969482422,29.540000915527344,29.59000015258789,29.59000015258789,579600
2024-09-26,30.11000061035156,30.11000061035156,29.350000381469727,29.36000061035156,29.36000061035156,419500
2024-09-27,29.649999618530277,29.88999938964844,29.40999984741211,29.690000534057617,29.690000534057617,452000
2024-09-30,29.459999084472656,30.06999969482422,29.31999969482422,30.030000686645508,30.030000686645508,485300
2024-10-01,30.0,30.15999984741211,29.459999084472656,29.649999618530277,29.649999618530277,397300
2024-10-02,29.43000030517578,29.5,29.09000015258789,29.290000915527344,29.290000915527344,464600
2024-10-03,28.979999542236328,29.420000076293945,28.899999618530277,29.049999237060547,29.049999237060547,380700
2024-10-04,29.540000915527344,29.61000061035156,29.01000022888184,29.290000915527344,29.290000915527344,288200
2024-10-07,29.100000381469727,29.43000030517578,28.934999465942383,29.200000762939453,29.200000762939453,376000
2024-10-08,29.32999992370605,30.350000381469727,29.225000381469727,30.21999931335449,30.21999931335449,590100
2024-10-09,30.34000015258789,30.84000015258789,30.20499992370605,30.540000915527344,30.540000915527344,544600
2024-10-10,30.1299991607666,30.350000381469727,29.875,30.309999465942383,30.309999465942383,467100
2024-10-11,30.3700008392334,31.01000022888184,30.3700008392334,30.88999938964844,30.88999938964844,422900
2024-10-14,30.81999969482422,31.299999237060547,30.559999465942383,31.1200008392334,31.1200008392334,490600
2024-10-15,31.229999542236328,31.549999237060547,30.82999992370605,31.450000762939453,31.450000762939453,466600
2024-10-16,31.649999618530277,31.940000534057617,31.229999542236328,31.63999938964844,31.63999938964844,488200
2024-10-17,31.5,31.690000534057617,31.325000762939453,31.450000762939453,31.450000762939453,395100
2024-10-18,31.530000686645508,31.6200008392334,31.280000686645508,31.57999992370605,31.57999992370605,349000
2024-10-21,31.420000076293945,31.8799991607666,31.395000457763672,31.65999984741211,31.65999984741211,384900
2024-10-22,31.65999984741211,32.36000061035156,31.61000061035156,32.040000915527344,32.040000915527344,515800
2024-10-23,31.8700008392334,32.09000015258789,31.3799991607666,31.56999969482422,31.56999969482422,483200
2024-10-24,31.729999542236328,32.18000030517578,31.65999984741211,32.150001525878906,32.150001525878906,422300
2024-10-25,32.349998474121094,32.349998474121094,31.489999771118164,31.530000686645508,31.530000686645508,377000
2024-10-28,31.84000015258789,32.09000015258789,31.56999969482422,31.59000015258789,31.59000015258789,503400
2024-10-29,31.350000381469727,31.545000076293945,31.170000076293945,31.450000762939453,31.450000762939453,421200
2024-10-30,31.459999084472656,32.15999984741211,31.43000030517578,31.530000686645508,31.530000686645508,526300
2024-10-31,31.46999931335449,31.7549991607666,30.99099922180176,31.020000457763672,31.020000457763672,418700
2024-11-01,30.770000457763672,31.34000015258789,30.700000762939453,31.149999618530277,31.149999618530277,507200
2024-11-04,30.65999984741211,31.56999969482422,30.09000015258789,31.290000915527344,31.290000915527344,651500
2024-11-05,31.280000686645508,31.780000686645508,30.82999992370605,31.75,31.75,405000
2024-11-06,33.0,33.41999816894531,32.57500076293945,32.88999938964844,32.88999938964844,864300
2024-11-07,32.939998626708984,33.95000076293945,32.78499984741211,33.36000061035156,33.36000061035156,1095200
2024-11-08,37.75,37.88999938964844,34.650001525878906,34.810001373291016,34.810001373291016,1309900
2024-11-11,35.36000061035156,36.7599983215332,35.16999816894531,36.5099983215332,36.5099983215332,938700
2024-11-12,36.209999084472656,37.93999862670898,36.11000061035156,37.5,37.5,1191600
2024-11-13,37.43999862670898,37.810001373291016,36.47999954223633,36.56999969482422,36.56999969482422,718900
2024-11-14,36.33000183105469,36.52000045776367,35.650001525878906,35.88999938964844,35.88999938964844,552200
2024-11-15,35.9900016784668,36.0,35.3650016784668,35.63999938964844,35.63999938964844,713500
2024-11-18,35.40999984741211,35.91999816894531,35.18000030517578,35.400001525878906,35.400001525878906,550600
2024-11-19,35.18000030517578,35.5629997253418,34.641998291015625,35.45000076293945,35.45000076293945,637400
2024-11-20,35.70000076293945,35.880001068115234,35.130001068115234,35.15999984741211,35.15999984741211,644900
2024-11-21,35.06999969482422,36.0,34.779998779296875,35.72999954223633,35.72999954223633,716500
2024-11-22,36.08000183105469,36.220001220703125,35.52000045776367,35.619998931884766,35.619998931884766,674900
2024-11-25,35.77000045776367,36.09999847412109,35.560001373291016,35.83000183105469,35.83000183105469,890600
2024-11-26,35.66999816894531,36.5,35.369998931884766,36.459999084472656,36.459999084472656,805900
2024-11-27,36.66999816894531,37.845001220703125,36.54999923706055,37.63999938964844,37.63999938964844,707000
2024-11-29,37.68000030517578,38.150001525878906,37.540000915527344,37.81999969482422,37.81999969482422,467300
2024-12-02,37.4900016784668,38.0099983215332,37.27799987792969,37.869998931884766,37.869998931884766,638800
2024-12-03,37.709999084472656,38.09999847412109,37.40999984741211,38.060001373291016,38.060001373291016,466100
2024-12-04,38.0,38.86899948120117,37.48500061035156,38.77999877929688,38.77999877929688,753200
2024-12-05,38.91999816894531,38.946998596191406,38.220001220703125,38.380001068115234,38.380001068115234,568300
2024-12-06,38.59999847412109,39.09999847412109,38.15999984741211,38.36000061035156,38.36000061035156,725200
2024-12-09,38.65999984741211,38.65999984741211,37.70000076293945,37.869998931884766,37.869998931884766,509400
2024-12-10,37.880001068115234,38.43999862670898,37.70000076293945,38.11000061035156,38.11000061035156,634200
2024-12-11,38.45000076293945,38.560001373291016,38.02000045776367,38.04999923706055,38.04999923706055,900300
2024-12-12,37.68999862670898,38.20000076293945,37.540000915527344,37.7599983215332,37.7599983215332,425600
2024-12-13,37.58000183105469,37.77000045776367,37.40499877929688,37.66999816894531,37.66999816894531,388100
2024-12-16,37.70000076293945,38.68999862670898,37.5099983215332,38.68000030517578,38.68000030517578,593200
2024-12-17,38.52000045776367,38.65999984741211,36.93999862670898,37.13999938964844,37.13999938964844,720800
2024-12-18,37.2400016784668,38.09999847412109,36.04999923706055,36.09000015258789,36.09000015258789,694300
2024-12-19,36.38999938964844,37.040000915527344,35.939998626708984,36.08000183105469,36.08000183105469,704100
2024-12-20,35.560001373291016,36.59999847412109,35.560001373291016,36.02999877929688,36.02999877929688,1795900
2024-12-23,36.060001373291016,36.2400016784668,35.65999984741211,35.91999816894531,35.91999816894531,431400
2024-12-24,36.06999969482422,36.540000915527344,35.84000015258789,36.540000915527344,36.540000915527344,312000
2024-12-26,36.369998931884766,37.04499816894531,35.9900016784668,36.880001068115234,36.880001068115234,347300
2024-12-27,36.75,37.09000015258789,36.130001068115234,37.06999969482422,37.06999969482422,516400
2024-12-30,36.59999847412109,37.1150016784668,36.13999938964844,37.02999877929688,37.02999877929688,467000
2024-12-31,37.33000183105469,37.560001373291016,36.47499847412109,36.540000915527344,36.540000915527344,592100
2025-01-02,36.619998931884766,36.93999862670898,35.52000045776367,35.72999954223633,35.72999954223633,641400
2025-01-03,35.779998779296875,36.13999938964844,35.56999969482422,35.81999969482422,35.81999969482422,623800
2025-01-06,36.0,37.290000915527344,35.994998931884766,36.95000076293945,36.95000076293945,589700
2025-01-07,36.88999938964844,37.21500015258789,36.380001068115234,36.7599983215332,36.7599983215332,514800
2025-01-08,36.45000076293945,37.11000061035156,36.41999816894531,37.11000061035156,37.11000061035156,604100
2025-01-10,36.43999862670898,36.60499954223633,35.099998474121094,35.560001373291016,35.560001373291016,673000
2025-01-13,34.88999938964844,35.970001220703125,34.400001525878906,35.959999084472656,35.959999084472656,749100
2025-01-14,36.20000076293945,37.0,35.66999816894531,35.88999938964844,35.88999938964844,948300
2025-01-15,36.5,37.38999938964844,36.470001220703125,37.25,37.25,913700
2025-01-16,37.400001525878906,37.97999954223633,36.97999954223633,37.650001525878906,37.650001525878906,1070600
2025-01-17,38.119998931884766,38.13999938964844,36.79999923706055,37.790000915527344,37.790000915527344,982300
2025-01-21,38.0099983215332,38.52999877929688,37.775001525878906,38.4900016784668,38.4900016784668,835000
2025-01-22,38.45000076293945,38.68000030517578,38.11000061035156,38.4900016784668,38.4900016784668,779700
2025-01-23,38.20000076293945,39.619998931884766,38.165000915527344,39.33000183105469,39.33000183105469,749600
2025-01-24,39.08000183105469,39.375,38.584999084472656,38.93000030517578,38.93000030517578,669900
2025-01-27,38.619998931884766,39.2599983215332,38.00899887084961,38.9900016784668,38.9900016784668,695900
2025-01-28,39.02000045776367,40.70000076293945,38.77000045776367,40.45000076293945,40.45000076293945,1343000
2025-01-29,40.43000030517578,40.68999862670898,40.0,40.5099983215332,40.5099983215332,780000
2025-01-30,40.959999084472656,41.33000183105469,40.2599983215332,40.54999923706055,40.54999923706055,695200
2025-01-31,40.619998931884766,40.69499969482422,38.88999938964844,39.20000076293945,39.20000076293945,800600
2025-02-03,38.24599838256836,38.720001220703125,37.16999816894531,38.41999816894531,38.41999816894531,924000
2025-02-04,38.810001373291016,39.345001220703125,38.720001220703125,39.06999969482422,39.06999969482422,735300
2025-02-05,38.93000030517578,39.63999938964844,38.869998931884766,39.59999847412109,39.59999847412109,567200
2025-02-06,39.77999877929688,40.150001525878906,38.90999984741211,39.02999877929688,39.02999877929688,550600
2025-02-07,39.27999877929688,39.90999984741211,39.04999923706055,39.58000183105469,39.58000183105469,631000
2025-02-10,39.66999816894531,40.18000030517578,39.505001068115234,39.959999084472656,39.959999084472656,535600
2025-02-11,39.630001068115234,40.2859992980957,39.43999862670898,39.52000045776367,39.52000045776367,473700
2025-02-12,38.95000076293945,39.65999984741211,38.55500030517578,39.290000915527344,39.290000915527344,518300
2025-02-13,39.470001220703125,40.36000061035156,39.334999084472656,40.119998931884766,40.119998931884766,647000
2025-02-14,40.209999084472656,40.369998931884766,39.65999984741211,39.77000045776367,39.77000045776367,494900
2025-02-18,39.79999923706055,40.15999984741211,39.380001068115234,39.93999862670898,39.93999862670898,816400
2025-02-19,39.369998931884766,39.70000076293945,37.959999084472656,38.13999938964844,38.13999938964844,1026300
2025-02-20,37.709999084472656,38.27999877929688,36.869998931884766,37.59000015258789,37.59000015258789,1475800
2025-02-21,32.29999923706055,33.9900016784668,29.850000381469727,31.149999618530277,31.149999618530277,3764400
2025-02-24,30.51000022888184,31.11000061035156,29.280000686645508,30.920000076293945,30.920000076293945,2051400
2025-02-25,30.93000030517578,31.63500022888184,30.100000381469727,31.07999992370605,31.07999992370605,1926300
2025-02-26,30.799999237060547,31.61000061035156,30.799999237060547,31.209999084472656,31.209999084472656,1499600
2025-02-27,31.020000457763672,31.57999992370605,30.524999618530277,30.75,30.75,1537500
2025-02-28,30.739999771118164,32.20000076293945,30.6200008392334,32.189998626708984,32.189998626708984,2259400
2025-03-03,32.150001525878906,33.0099983215332,31.756999969482425,31.8799991607666,31.8799991607666,1916200
2025-03-04,31.399999618530277,32.59000015258789,30.81100082397461,31.8700008392334,31.8700008392334,1906100
2025-03-05,32.130001068115234,32.71500015258789,32.01499938964844,32.459999084472656,32.459999084472656,1182900
2025-03-06,31.8799991607666,32.54999923706055,30.979999542236328,31.049999237060547,31.049999237060547,1199600
2025-03-07,30.989999771118164,31.670000076293945,30.350000381469727,31.649999618530277,31.649999618530277,1216700
2025-03-10,30.96999931335449,31.690000534057617,30.690000534057617,30.8799991607666,30.8799991607666,1220900
2025-03-11,30.8799991607666,32.439998626708984,30.86000061035156,31.799999237060547,31.799999237060547,1390900
2025-03-12,32.25,32.40999984741211,31.18000030517578,31.18000030517578,31.18000030517578,1661800
2025-03-13,31.21999931335449,31.530000686645508,30.045000076293945,30.13999938964844,30.13999938964844,1410600
2025-03-14,30.530000686645508,31.030000686645508,30.399999618530277,30.780000686645508,30.780000686645508,1602400
2025-03-17,30.75,31.459999084472656,30.632999420166016,31.1299991607666,31.1299991607666,1141300
2025-03-18,31.09000015258789,31.1299991607666,29.88999938964844,29.93000030517578,29.93000030517578,1097700
2025-03-19,30.0,30.899999618530277,29.75,29.90999984741211,29.90999984741211,1838200
2025-03-20,29.530000686645508,30.600000381469727,29.399999618530277,29.8700008392334,29.8700008392334,1634500
2025-03-21,29.5,30.350000381469727,29.350000381469727,30.11000061035156,30.11000061035156,2003200
2025-03-24,30.8799991607666,31.44499969482422,30.65999984741211,31.399999618530277,31.399999618530277,1040200
2025-03-25,31.40999984741211,32.029998779296875,31.31999969482422,31.75,31.75,1059200
2025-03-26,31.57999992370605,31.96999931335449,31.030000686645508,31.32999992370605,31.32999992370605,878100
2025-03-27,29.899999618530277,30.11000061035156,27.670000076293945,29.71999931335449,29.71999931335449,2379400
2025-03-28,29.440000534057617,29.940000534057617,28.540000915527344,28.81999969482422,28.81999969482422,1714100
2025-03-31,28.57999992370605,29.399999618530277,28.0,29.1299991607666,29.1299991607666,1274500
2025-04-01,29.01000022888184,29.38999938964844,28.780000686645508,29.239999771118164,29.239999771118164,1295800
2025-04-02,28.6299991607666,29.63500022888184,28.61000061035156,29.51000022888184,29.51000022888184,1376900
2025-04-03,27.68000030517578,28.834999084472656,26.65999984741211,27.21999931335449,27.21999931335449,1331000
2025-04-04,26.170000076293945,26.96500015258789,25.799999237060547,26.290000915527344,26.290000915527344,1486100
2025-04-07,24.75,27.600000381469727,24.649999618530277,25.76000022888184,25.76000022888184,2210100
2025-04-08,27.36000061035156,27.65999984741211,24.825000762939453,25.190000534057617,25.190000534057617,2171300
2025-04-09,24.979999542236328,28.225000381469727,24.93000030517578,27.950000762939453,27.950000762939453,2854800
2025-04-10,27.32999992370605,27.32999992370605,25.940000534057617,26.56999969482422,26.56999969482422,948300
2025-04-11,26.5,27.209999084472656,25.94499969482422,27.0,27.0,1209100
2025-04-14,27.600000381469727,27.600000381469727,26.61000061035156,27.0,27.0,963600
2025-04-15,27.020000457763672,27.489999771118164,26.770000457763672,27.07999992370605,27.07999992370605,855000
2025-04-16,26.84000015258789,27.1299991607666,26.32999992370605,26.71999931335449,26.71999931335449,1036100
2025-04-17,26.729999542236328,26.972999572753903,26.459999084472656,26.61000061035156,26.61000061035156,960800
2025-04-21,26.450000762939453,26.53499984741211,25.88999938964844,26.239999771118164,26.239999771118164,570700
2025-04-22,26.709999084472656,27.149999618530277,26.549999237060547,27.0,27.0,999400
2025-04-23,27.84000015258789,28.25,27.559999465942383,27.729999542236328,27.729999542236328,753100
2025-04-24,27.84000015258789,28.364999771118164,27.614999771118164,28.280000686645508,28.280000686645508,560900
2025-04-25,28.3700008392334,28.604999542236328,28.020000457763672,28.489999771118164,28.489999771118164,646000
2025-04-28,28.530000686645508,28.76499938964844,28.100000381469727,28.34000015258789,28.34000015258789,484600
2025-04-29,28.149999618530277,28.780000686645508,28.01000022888184,28.420000076293945,28.420000076293945,642100
2025-04-30,27.76000022888184,28.06999969482422,27.239999771118164,27.959999084472656,27.959999084472656,850300
2025-05-01,28.26000022888184,28.479999542236328,27.8799991607666,27.899999618530277,27.899999618530277,998700
2025-05-02,28.290000915527344,28.520000457763672,27.979999542236328,28.190000534057617,28.190000534057617,843100
2025-05-05,27.8700008392334,28.513999938964844,27.7549991607666,28.01000022888184,28.01000022888184,776700
2025-05-06,25.40999984741211,28.190000534057617,25.40999984741211,27.950000762939453,27.950000762939453,904500
2025-05-07,28.21999931335449,28.5,27.770000457763672,28.350000381469727,28.350000381469727,940300
2025-05-08,28.739999771118164,28.75,27.399999618530277,27.950000762939453,27.950000762939453,2123500
2025-05-09,31.670000076293945,32.04999923706055,30.524999618530277,31.07999992370605,31.07999992370605,2891500
2025-05-12,32.529998779296875,33.279998779296875,31.65999984741211,32.959999084472656,32.959999084472656,1815800
2025-05-13,33.130001068115234,33.755001068115234,32.959999084472656,33.56999969482422,33.56999969482422,1425100
2025-05-14,33.40999984741211,34.16999816894531,33.154998779296875,33.63999938964844,33.63999938964844,1007000
2025-05-15,33.63999938964844,33.86000061035156,32.83000183105469,32.900001525878906,32.900001525878906,727500
2025-05-16,32.689998626708984,32.88999938964844,32.41299819946289,32.459999084472656,32.459999084472656,803500
2025-05-19,32.2599983215332,32.380001068115234,31.871000289916992,32.029998779296875,32.029998779296875,724200
2025-05-20,31.899999618530277,32.5,31.790000915527344,32.470001220703125,32.470001220703125,905400
2025-05-21,32.150001525878906,32.70000076293945,31.51000022888184,31.559999465942383,31.559999465942383,692900
2025-05-22,31.51000022888184,31.950000762939453,31.25,31.809999465942383,31.809999465942383,813100
2025-05-23,31.0,31.43899917602539,31.0,31.149999618530277,31.149999618530277,499200
2025-05-27,31.6200008392334,31.76000022888184,31.280000686645508,31.709999084472656,31.709999084472656,701900
2025-05-28,31.690000534057617,32.15900039672852,31.59000015258789,31.850000381469727,31.850000381469727,771600
2025-05-29,32.0099983215332,32.3650016784668,31.309999465942383,31.459999084472656,31.459999084472656,608100
2025-05-30,31.3700008392334,31.49799919128418,30.729999542236328,31.34000015258789,31.34000015258789,807500
2025-06-02,31.190000534057617,31.489999771118164,30.63999938964844,31.239999771118164,31.239999771118164,936300
2025-06-03,31.13999938964844,31.44499969482422,30.8799991607666,31.40999984741211,31.40999984741211,633100
2025-06-04,31.3700008392334,32.060001373291016,31.3700008392334,32.0099983215332,32.0099983215332,904400
2025-06-05,32.0099983215332,32.150001525878906,31.700000762939453,31.75,31.75,513400
2025-06-06,32.13999938964844,32.45000076293945,31.76499938964844,31.979999542236328,31.979999542236328,564500
2025-06-09,32.38999938964844,32.5260009765625,31.989999771118164,32.02000045776367,32.02000045776367,841400
2025-06-10,32.13999938964844,33.040000915527344,32.029998779296875,32.900001525878906,32.900001525878906,777400
2025-06-11,33.02000045776367,33.189998626708984,32.63999938964844,32.650001525878906,32.650001525878906,731500
2025-06-12,32.2599983215332,32.41999816894531,31.940000534057617,32.29999923706055,32.29999923706055,980600
2025-06-13,31.71999931335449,31.88500022888184,30.739999771118164,30.780000686645508,30.780000686645508,681200
2025-06-16,31.09000015258789,31.6200008392334,30.850000381469727,31.420000076293945,31.420000076293945,636700
2025-06-17,31.18000030517578,31.6299991607666,31.075000762939453,31.18000030517578,31.18000030517578,682500
2025-06-18,31.15999984741211,31.81999969482422,31.097999572753903,31.75,31.75,904400
2025-06-20,32.0,32.150001525878906,31.6200008392334,32.099998474121094,32.099998474121094,1650200
2025-06-23,31.86000061035156,32.59000015258789,31.670000076293945,32.529998779296875,32.529998779296875,809400
2025-06-24,32.869998931884766,33.5099983215332,32.58000183105469,33.310001373291016,33.310001373291016,753800
2025-06-25,33.33000183105469,33.459999084472656,32.28499984741211,32.45000076293945,32.45000076293945,562600
2025-06-26,32.58000183105469,32.83000183105469,32.2599983215332,32.790000915527344,32.790000915527344,1035200
2025-06-27,32.91999816894531,33.349998474121094,32.529998779296875,33.2599983215332,33.2599983215332,1590800
2025-06-30,33.560001373291016,33.834999084472656,33.130001068115234,33.470001220703125,33.470001220703125,941300
2025-07-01,33.349998474121094,34.349998474121094,33.279998779296875,33.7400016784668,33.7400016784668,931600
2025-07-02,33.09000015258789,33.81999969482422,32.994998931884766,33.650001525878906,33.650001525878906,740000
2025-07-03,33.869998931884766,34.02000045776367,33.564998626708984,33.70000076293945,33.70000076293945,410700
2025-07-07,33.540000915527344,33.724998474121094,33.099998474121094,33.31999969482422,33.31999969482422,608200
2025-07-08,33.58000183105469,34.0,32.95000076293945,33.70000076293945,33.70000076293945,784000
2025-07-09,33.93000030517578,34.80500030517578,33.81999969482422,34.790000915527344,34.790000915527344,776500
2025-07-10,34.81999969482422,35.375,34.483001708984375,34.68000030517578,34.68000030517578,808800
2025-07-11,34.41999816894531,34.56999969482422,33.939998626708984,34.29999923706055,34.29999923706055,944800
2025-07-14,34.099998474121094,34.47999954223633,34.060001373291016,34.38999938964844,34.38999938964844,624200
2025-07-15,34.5,34.70500183105469,33.599998474121094,33.599998474121094,33.599998474121094,660100
2025-07-16,33.880001068115234,34.11000061035156,33.34000015258789,33.810001373291016,33.810001373291016,965500
2025-07-17,33.84000015258789,34.27000045776367,33.27000045776367,33.47999954223633,33.47999954223633,768300
2025-07-18,33.72999954223633,33.72999954223633,32.97999954223633,33.15999984741211,33.15999984741211,751100
2025-07-21,33.349998474121094,33.7599983215332,33.220001220703125,33.220001220703125,33.220001220703125,770200
2025-07-22,33.34000015258789,33.529998779296875,33.060001373291016,33.29999923706055,33.29999923706055,726600
2025-07-23,33.5099983215332,34.04999923706055,33.2400016784668,34.0099983215332,34.0099983215332,981500
2025-07-24,34.13999938964844,34.474998474121094,33.619998931884766,33.630001068115234,33.630001068115234,684300
2025-07-25,33.81999969482422,34.08000183105469,33.439998626708984,33.5099983215332,33.5099983215332,578700
2025-07-28,33.61000061035156,33.79499816894531,33.4900016784668,33.599998474121094,33.599998474121094,512200
2025-07-29,33.72999954223633,33.84000015258789,32.869998931884766,32.970001220703125,32.970001220703125,545600
2025-07-30,32.95000076293945,33.332000732421875,32.779998779296875,32.9900016784668,32.9900016784668,735700
2025-07-31,33.189998626708984,33.540000915527344,32.7400016784668,32.81999969482422,32.81999969482422,801000
2025-08-01,32.290000915527344,32.41999816894531,31.799999237060547,31.86000061035156,31.86000061035156,753300
2025-08-04,32.099998474121094,32.220001220703125,31.290000915527344,31.56999969482422,31.56999969482422,1391100
2025-08-05,31.690000534057617,31.8700008392334,31.084999084472656,31.479999542236328,31.479999542236328,1085100
2025-08-06,31.38999938964844,31.95499992370605,30.850000381469727,31.809999465942383,31.809999465942383,1162800
2025-08-07,31.940000534057617,32.40999984741211,30.559999465942383,31.40999984741211,31.40999984741211,1954600
2025-08-08,30.51000022888184,31.200000762939453,28.93000030517578,29.11000061035156,29.11000061035156,2008000
2025-08-11,29.0,29.690000534057617,28.799999237060547,29.649999618530277,29.649999618530277,1492600
2025-08-12,29.63999938964844,30.799999237060547,29.392000198364254,30.600000381469727,30.600000381469727,1139300
2025-08-13,30.700000762939453,32.404998779296875,30.614999771118164,32.099998474121094,32.099998474121094,2022800
2025-08-14,31.520000457763672,32.005001068115234,31.474000930786133,31.75,31.75,946300
2025-08-15,31.940000534057617,32.61000061035156,31.8700008392334,32.38999938964844,32.38999938964844,1006400
2025-08-18,32.310001373291016,32.61000061035156,32.18000030517578,32.38999938964844,32.38999938964844,827200
2025-08-19,32.400001525878906,32.59000015258789,31.979999542236328,32.45000076293945,32.45000076293945,718500
2025-08-20,32.33000183105469,32.33000183105469,31.61000061035156,31.739999771118164,31.739999771118164,988500
2025-08-21,31.530000686645508,32.25,31.36000061035156,32.20000076293945,32.20000076293945,1010400
2025-08-22,32.5,34.2400016784668,32.310001373291016,34.18000030517578,34.18000030517578,1713500
2025-08-25,34.150001525878906,34.93000030517578,34.0,34.11000061035156,34.11000061035156,1466400
2025-08-26,33.959999084472656,34.599998474121094,33.720001220703125,34.119998931884766,34.119998931884766,1566400
2025-08-27,33.93000030517578,34.560001373291016,33.91999816894531,34.2599983215332,34.2599983215332,910700
2025-08-28,34.2599983215332,34.59000015258789,33.959999084472656,34.380001068115234,34.380001068115234,1121100
2025-08-29,34.470001220703125,34.939998626708984,34.314998626708984,34.599998474121094,34.599998474121094,934200
2025-09-02,34.04999923706055,34.810001373291016,33.91999816894531,34.779998779296875,34.779998779296875,1019900
2025-09-03,34.97999954223633,35.744998931884766,34.84000015258789,35.380001068115234,35.380001068115234,1070300
2025-09-04,35.38999938964844,36.18999862670898,35.095001220703125,36.18000030517578,36.18000030517578,1042800
2025-09-05,36.34999847412109,36.650001525878906,35.849998474121094,36.15999984741211,36.15999984741211,909900
2025-09-08,36.22999954223633,36.45000076293945,35.58000183105469,35.939998626708984,35.939998626708984,1258800
2025-09-09,35.869998931884766,35.9900016784668,35.220001220703125,35.83000183105469,35.83000183105469,850000
2025-09-10,35.779998779296875,36.0,35.3650016784668,35.400001525878906,35.400001525878906,732600
2025-09-11,35.41999816894531,36.880001068115234,35.27000045776367,36.290000915527344,36.290000915527344,915900
2025-09-12,36.130001068115234,36.34999847412109,35.869998931884766,36.02999877929688,36.02999877929688,661200
2025-09-15,36.310001373291016,36.52000045776367,36.02999877929688,36.18999862670898,36.18999862670898,1006400
2025-09-16,36.08000183105469,36.38999938964844,35.560001373291016,36.27999877929688,36.27999877929688,862300
2025-09-17,36.41999816894531,37.2599983215332,36.3849983215332,36.75,36.75,1378700
2025-09-18,37.06999969482422,37.595001220703125,36.81999969482422,37.56999969482422,37.56999969482422,984400
2025-09-19,37.810001373291016,37.93999862670898,37.27999877929688,37.34000015258789,37.34000015258789,1988300
2025-09-22,37.33000183105469,37.95000076293945,36.84000015258789,37.83000183105469,37.83000183105469,1793300
2025-09-23,37.95000076293945,38.119998931884766,37.27000045776367,37.31999969482422,37.31999969482422,1860900
2025-09-24,37.36000061035156,37.93000030517578,36.95000076293945,37.84999847412109,37.84999847412109,1157200
2025-09-25,37.52000045776367,37.65999984741211,36.81499862670898,37.02000045776367,37.02000045776367,1142500
2025-09-26,37.150001525878906,37.59000015258789,37.0099983215332,37.5,37.5,667800
2025-09-29,37.619998931884766,37.845001220703125,37.310001373291016,37.45000076293945,37.45000076293945,1103400
2025-09-30,37.36000061035156,37.81999969482422,36.84999847412109,37.22999954223633,37.22999954223633,1079300
2025-10-01,36.880001068115234,37.93000030517578,36.619998931884766,37.54999923706055,37.54999923706055,1323600
2025-10-02,37.70000076293945,38.29499816894531,37.43000030517578,38.209999084472656,38.209999084472656,734200
2025-10-03,38.43000030517578,38.625,37.59000015258789,37.880001068115234,37.880001068115234,1113700
2025-10-06,37.84000015258789,38.02000045776367,35.790000915527344,36.2400016784668,36.2400016784668,1383200
2025-10-07,36.369998931884766,36.52000045776367,35.494998931884766,35.5,35.5,961700
2025-10-08,35.5,35.81999969482422,34.66999816894531,34.77000045776367,34.77000045776367,945700
2025-10-09,34.68000030517578,34.970001220703125,33.94499969482422,33.9900016784668,33.9900016784668,921600
2025-10-10,33.959999084472656,34.31999969482422,33.20000076293945,33.5,33.5,1078400
2025-10-13,33.97999954223633,34.380001068115234,33.75,33.9900016784668,33.9900016784668,896800
2025-10-14,33.599998474121094,35.13999938964844,33.13199996948242,34.9900016784668,34.9900016784668,1066600
2025-10-15,35.16999816894531,35.54999923706055,34.67300033569336,35.040000915527344,35.040000915527344,786100
2025-10-16,34.91999816894531,35.790000915527344,34.91999816894531,35.25,35.25,837600
2025-10-17,35.20000076293945,35.93000030517578,34.900001525878906,34.91999816894531,34.91999816894531,1012000
2025-10-20,35.09000015258789,35.91999816894531,35.09000015258789,35.7599983215332,35.7599983215332,618600
2025-10-21,35.7599983215332,36.334999084472656,35.68000030517578,36.02000045776367,36.02000045776367,701600
2025-10-22,36.02000045776367,36.40999984741211,35.459999084472656,36.119998931884766,36.119998931884766,714500
2025-10-23,35.939998626708984,36.334999084472656,35.47999954223633,36.209999084472656,36.209999084472656,774200
2025-10-24,36.75,36.9900016784668,36.56999969482422,36.790000915527344,36.790000915527344,639900
2025-10-27,36.970001220703125,36.970001220703125,35.75,35.7599983215332,35.7599983215332,714600
2025-10-28,35.630001068115234,35.869998931884766,35.459999084472656,35.4900016784668,35.4900016784668,446900
2025-10-29,35.2599983215332,35.3650016784668,34.09000015258789,34.279998779296875,34.279998779296875,809500
2025-10-30,34.150001525878906,34.630001068115234,33.869998931884766,34.150001525878906,34.150001525878906,827000
2025-10-31,34.310001373291016,35.20000076293945,34.08000183105469,35.119998931884766,35.119998931884766,785600
2025-11-03,34.97999954223633,35.470001220703125,34.34000015258789,35.09000015258789,35.09000015258789,1040800
2025-11-04,34.72999954223633,35.02000045776367,33.88999938964844,33.97999954223633,33.97999954223633,894600
2025-11-05,34.06999969482422,35.06999969482422,33.939998626708984,34.060001373291016,34.060001373291016,855100
2025-11-06,34.119998931884766,34.47999954223633,32.459999084472656,33.130001068115234,33.130001068115234,2073400
2025-11-07,34.18000030517578,36.27999877929688,33.0,33.34000015258789,33.34000015258789,1811600
2025-11-10,33.91999816894531,36.0,33.34000015258789,35.41999816894531,35.41999816894531,1439000
2025-11-11,35.0,35.4900016784668,34.47999954223633,34.630001068115234,34.630001068115234,807600
2025-11-12,34.63999938964844,36.060001373291016,34.63999938964844,35.650001525878906,35.650001525878906,976200
2025-11-13,35.279998779296875,36.33000183105469,35.08000183105469,36.220001220703125,36.220001220703125,939500
2025-11-14,35.7599983215332,36.0099983215332,35.1150016784668,35.52000045776367,35.52000045776367,912400
2025-11-17,35.4900016784668,36.150001525878906,34.91999816894531,34.970001220703125,34.970001220703125,919600
2025-11-18,34.65999984741211,35.22999954223633,34.55500030517578,34.959999084472656,34.959999084472656,765200
2025-11-19,34.779998779296875,35.01499938964844,33.54999923706055,33.91999816894531,33.91999816894531,992800
2025-11-20,34.2400016784668,34.6150016784668,33.595001220703125,33.90999984741211,33.90999984741211,790100
2025-11-21,33.9900016784668,35.119998931884766,33.70500183105469,34.599998474121094,34.599998474121094,900900
2025-11-24,34.650001525878906,35.349998474121094,34.40999984741211,35.189998626708984,35.189998626708984,774600
2025-11-25,35.619998931884766,36.345001220703125,35.32500076293945,36.02000045776367,36.02000045776367,788600
2025-11-26,35.880001068115234,36.25,35.78499984741211,35.88999938964844,35.88999938964844,954400
2025-11-28,36.08000183105469,36.5,35.220001220703125,35.279998779296875,35.279998779296875,445300
2025-12-01,34.880001068115234,35.79999923706055,34.66999816894531,35.650001525878906,35.650001525878906,734100
2025-12-02,35.68000030517578,36.02999877929688,35.22999954223633,35.52000045776367,35.52000045776367,567700
2025-12-03,35.599998474121094,36.27999877929688,34.96500015258789,36.02000045776367,36.02000045776367,619300
2025-12-04,36.130001068115234,36.2599983215332,35.525001525878906,35.86000061035156,35.86000061035156,1215800
2025-12-05,35.70000076293945,36.56999969482422,35.18000030517578,35.84000015258789,35.84000015258789,1066100
2025-12-08,36.0,36.0,35.224998474121094,35.40999984741211,35.40999984741211,728800
2025-12-09,35.220001220703125,37.40999984741211,35.130001068115234,37.119998931884766,37.119998931884766,1063300
2025-12-10,37.119998931884766,37.66999816894531,36.755001068115234,37.119998931884766,37.119998931884766,975100
2025-12-11,37.0,37.709999084472656,36.54999923706055,37.52000045776367,37.52000045776367,775700
2025-12-12,37.7599983215332,38.58300018310547,37.45000076293945,38.5,38.5,1158700
2025-12-15,38.369998931884766,38.869998931884766,38.04999923706055,38.560001373291016,38.560001373291016,916800
2025-12-16,38.38999938964844,38.95000076293945,38.04999923706055,38.18999862670898,38.18999862670898,926400
2025-12-17,38.18999862670898,38.625,37.65999984741211,38.20000076293945,38.20000076293945,703700
2025-12-18,38.59999847412109,38.95500183105469,38.25,38.459999084472656,38.459999084472656,529300
2025-12-19,38.2599983215332,38.900001525878906,38.06999969482422,38.619998931884766,38.619998931884766,3304500
2025-12-22,38.709999084472656,39.27000045776367,38.185001373291016,38.91999816894531,38.91999816894531,533500
2025-12-23,38.65999984741211,39.130001068115234,38.48500061035156,39.02999877929688,39.02999877929688,435700
2025-12-24,38.77999877929688,39.40499877929688,38.77999877929688,38.88999938964844,38.88999938964844,239900
2025-12-26,38.810001373291016,39.02000045776367,38.40999984741211,38.63999938964844,38.63999938964844,360300
2025-12-29,38.58000183105469,38.7400016784668,38.290000915527344,38.58000183105469,38.58000183105469,397600
2025-12-30,38.45000076293945,38.68000030517578,38.11000061035156,38.150001525878906,38.150001525878906,394000
2025-12-31,38.09999847412109,38.5,38.06499862670898,38.34999847412109,38.34999847412109,799700
2026-01-02,38.45000076293945,38.790000915527344,37.5099983215332,37.650001525878906,37.650001525878906,876200
2026-01-05,37.36000061035156,38.400001525878906,37.36000061035156,37.84999847412109,37.84999847412109,839600
2026-01-06,37.720001220703125,38.59000015258789,37.415000915527344,38.459999084472656,38.459999084472656,747700
2026-01-07,38.54999923706055,39.02000045776367,37.65999984741211,37.970001220703125,37.970001220703125,570700
2026-01-08,37.959999084472656,38.650001525878906,37.709999084472656,38.619998931884766,38.619998931884766,810500
2026-01-09,38.59000015258789,38.875,37.81999969482422,38.84000015258789,38.84000015258789,635200
2026-01-12,38.70500183105469,39.41999816894531,38.41999816894531,38.709999084472656,38.709999084472656,767200
2026-01-13,38.7400016784668,38.93999862670898,35.90999984741211,36.33000183105469,36.33000183105469,1755000
2026-01-14,36.290000915527344,36.34999847412109,34.45000076293945,34.959999084472656,34.959999084472656,1148100
2026-01-15,34.900001525878906,35.130001068115234,34.27000045776367,34.7400016784668,34.7400016784668,898200
2026-01-16,34.7400016784668,35.0,34.0099983215332,34.16999816894531,34.16999816894531,1223100
2026-01-20,33.959999084472656,34.32500076293945,33.25,33.54999923706055,33.54999923706055,754700
2026-01-21,33.5099983215332,33.880001068115234,33.2599983215332,33.65999984741211,33.65999984741211,675200
2026-01-22,33.91999816894531,35.04999923706055,33.91999816894531,34.15999984741211,34.15999984741211,697500
2026-01-23,34.130001068115234,34.56999969482422,33.630001068115234,34.0,34.0,724800
2026-01-26,34.130001068115234,34.630001068115234,33.81999969482422,34.22999954223633,34.22999954223633,690400
2026-01-27,34.349998474121094,34.494998931884766,33.369998931884766,33.93000030517578,33.93000030517578,642900
2026-01-28,34.20000076293945,34.459999084472656,33.36000061035156,33.41999816894531,33.41999816894531,575400
2026-01-29,33.47999954223633,33.68000030517578,32.7400016784668,33.0099983215332,33.0099983215332,833200
2026-01-30,32.75,33.040000915527344,32.20000076293945,32.400001525878906,32.400001525878906,858000
2026-02-02,32.209999084472656,32.69499969482422,31.920000076293945,32.380001068115234,32.380001068115234,533000
2026-02-03,31.979999542236328,32.1349983215332,28.81999969482422,29.479999542236328,29.479999542236328,1731500
2026-02-04,29.3700008392334,29.3700008392334,27.56999969482422,28.950000762939453,28.950000762939453,2408400
2026-02-05,28.709999084472656,29.295000076293945,28.18000030517578,28.440000534057617,28.440000534057617,1335300
2026-02-06,28.6299991607666,28.79800033569336,27.780000686645508,28.61000061035156,28.61000061035156,1356000
2026-02-09,28.5,28.729999542236328,27.61000061035156,28.51000022888184,28.51000022888184,938200
2026-02-10,28.489999771118164,29.1299991607666,28.1200008392334,28.239999771118164,28.239999771118164,863400
2026-02-11,28.18000030517578,28.18000030517578,26.670000076293945,27.51000022888184,27.51000022888184,1426800
2026-02-12,27.600000381469727,27.63999938964844,26.38999938964844,26.959999084472656,26.959999084472656,1562600
2026-02-13,26.959999084472656,27.530000686645508,26.770000457763672,27.34000015258789,27.34000015258789,1048300
2026-02-17,27.36000061035156,28.09000015258789,26.93000030517578,27.729999542236328,27.729999542236328,1863000
2026-02-18,27.700000762939453,28.34000015258789,27.559999465942383,28.299999237060547,28.299999237060547,1648100
2026-02-19,28.040000915527344,29.32999992370605,28.0,29.200000762939453,29.200000762939453,2880600
2026-02-20,28.479999542236328,30.59000015258789,27.950000762939453,30.170000076293945,30.170000076293945,3302500
2026-02-23,30.049999237060547,30.524999618530277,27.690000534057617,27.86000061035156,27.86000061035156,2026700
2026-02-24,27.899999618530277,29.2549991607666,27.56999969482422,28.979999542236328,28.979999542236328,2039200
2026-02-25,29.170000076293945,30.280000686645508,28.850000381469727,30.26000022888184,30.26000022888184,1729700
2026-02-26,30.21999931335449,31.31999969482422,30.19499969482422,31.01000022888184,31.01000022888184,1916400
2026-02-27,30.63999938964844,31.1200008392334,30.34499931335449,30.700000762939453,30.700000762939453,2338100
2026-03-02,29.75,31.3700008392334,29.559999465942383,31.309999465942383,31.309999465942383,1656500
2026-03-03,30.76000022888184,32.68000030517578,29.899999618530277,32.45000076293945,32.45000076293945,1809200
2026-03-04,32.54999923706055,33.65999984741211,32.41999816894531,33.529998779296875,33.529998779296875,1482400
2026-03-05,34.529998779296875,34.93000030517578,33.72999954223633,34.20000076293945,34.20000076293945,1741900
2026-03-06,33.93000030517578,34.029998779296875,33.400001525878906,33.65999984741211,33.65999984741211,1017900
2026-03-09,33.369998931884766,34.06999969482422,32.43000030517578,33.849998474121094,33.849998474121094,1226700
2026-03-10,33.7400016784668,33.7400016784668,32.36000061035156,32.380001068115234,32.380001068115234,960700
2026-03-11,32.36000061035156,32.790000915527344,31.07999992370605,31.38999938964844,31.38999938964844,940300
2026-03-12,31.100000381469727,31.76499938964844,30.809999465942383,30.959999084472656,30.959999084472656,993400
2026-03-13,31.100000381469727,31.299999237060547,30.520000457763672,30.86000061035156,30.86000061035156,813600
2026-03-16,31.030000686645508,31.59000015258789,30.71999931335449,31.059999465942383,31.059999465942383,1039900
2026-03-17,31.1299991607666,33.5,31.020000457763672,33.41999816894531,33.41999816894531,1558400
2026-03-18,32.91999816894531,34.45000076293945,32.76499938964844,33.959999084472656,33.959999084472656,1531400
2026-03-19,33.45000076293945,35.0099983215332,33.45000076293945,33.9900016784668,33.9900016784668,1621800
2026-03-20,34.029998779296875,34.599998474121094,33.439998626708984,33.599998474121094,33.599998474121094,3251300
2026-03-23,34.15999984741211,34.88999938964844,33.91999816894531,34.349998474121094,34.349998474121094,1258300
2026-03-24,34.290000915527344,35.029998779296875,34.1349983215332,34.83000183105469,34.83000183105469,1325500
2026-03-25,35.349998474121094,36.09000015258789,34.349998474121094,35.45000076293945,35.45000076293945,1059300
2026-03-26,35.2599983215332,36.400001525878906,35.20000076293945,35.65999984741211,35.65999984741211,1144700
2026-03-27,35.2599983215332,35.880001068115234,34.91999816894531,35.0099983215332,35.0099983215332,1007100
2026-03-30,35.34000015258789,35.845001220703125,35.025001525878906,35.279998779296875,35.279998779296875,1147400
2026-03-31,35.61000061035156,35.61000061035156,33.75,34.04999923706055,34.04999923706055,1401200
2026-04-01,34.0,34.5,33.0,33.54999923706055,33.54999923706055,1069200
2026-04-02,33.040000915527344,33.54999923706055,32.369998931884766,33.33000183105469,33.33000183105469,912300
2026-04-06,33.400001525878906,34.90999984741211,33.25,34.75,34.75,908100
2026-04-07,34.720001220703125,35.36000061035156,34.06999969482422,35.2400016784668,35.2400016784668,1516500
2026-04-08,35.77000045776367,36.43999862670898,34.47999954223633,34.56999969482422,34.56999969482422,1028700
2026-04-09,34.41999816894531,34.814998626708984,33.3390007019043,34.400001525878906,34.400001525878906,668300
2026-04-10,34.40999984741211,34.63999938964844,33.810001373291016,34.150001525878906,34.150001525878906,853400
2026-04-13,34.119998931884766,34.9900016784668,33.689998626708984,34.84000015258789,34.84000015258789,1020000
2026-04-14,34.959999084472656,35.779998779296875,34.959999084472656,35.77000045776367,35.77000045776367,413300
2026-04-15,35.83000183105469,36.27000045776367,35.630001068115234,35.86000061035156,35.86000061035156,614000
2026-04-16,35.91999816894531,36.31999969482422,35.685001373291016,36.209999084472656,36.209999084472656,868100
2026-04-17,36.61000061035156,37.52000045776367,36.5,36.86000061035156,36.86000061035156,770800
2026-04-20,36.709999084472656,37.36000061035156,36.650001525878906,37.130001068115234,37.130001068115234,590800
2026-04-21,37.29999923706055,38.334999084472656,37.07500076293945,37.86000061035156,37.86000061035156,855300
2026-04-22,38.15999984741211,38.65999984741211,37.72499847412109,38.130001068115234,38.130001068115234,535900
2026-04-23,37.68999862670898,38.11000061035156,37.040000915527344,37.47999954223633,37.47999954223633,476900
2026-04-24,37.45000076293945,37.90999984741211,37.20000076293945,37.619998931884766,37.619998931884766,1141300
2026-04-27,37.43000030517578,38.220001220703125,37.33000183105469,37.72999954223633,37.72999954223633,806800
2026-04-28,37.97999954223633,38.29999923706055,36.88999938964844,36.95000076293945,36.95000076293945,854400
2026-04-29,36.77000045776367,37.36000061035156,36.20000076293945,36.66999816894531,36.66999816894531,1081600
2026-04-30,36.470001220703125,36.81999969482422,36.150001525878906,36.459999084472656,36.459999084472656,1229500
2026-05-01,36.720001220703125,37.43999862670898,36.720001220703125,37.040000915527344,37.040000915527344,1673500
2026-05-04,36.970001220703125,37.56999969482422,36.89500045776367,36.97999954223633,36.97999954223633,1074800
2026-05-05,37.0,38.18999862670898,37.0,37.66999816894531,37.66999816894531,1993300
2026-05-06,37.66999816894531,37.84000015258789,36.78499984741211,37.40999984741211,37.40999984741211,1129000
2026-05-07,37.630001068115234,38.25,37.43000030517578,38.15999984741211,38.15999984741211,1794600
2026-05-08,38.09999847412109,38.09999847412109,33.75,34.744998931884766,34.744998931884766,1907500
2026-05-11,34.59000015258789,34.849998474121094,32.33000183105469,32.38999938964844,32.38999938964844,1550900
2026-05-12,32.41999816894531,32.439998626708984,31.315000534057617,31.56999969482422,31.56999969482422,1397400
2026-05-13,31.100000381469727,31.31999969482422,30.56999969482422,31.21999931335449,31.21999931335449,1095300
2026-05-14,31.190000534057617,31.43000030517578,29.899999618530277,30.040000915527344,30.040000915527344,1694200
2026-05-15,30.149999618530277,30.57999992370605,28.4950008392334,28.670000076293945,28.670000076293945,1552800
2026-05-18,28.81999969482422,29.96999931335449,28.63999938964844,28.65999984741211,28.65999984741211,2832700
2026-05-19,28.88999938964844,29.540000915527344,28.309999465942383,28.38999938964844,28.38999938964844,1660700
2026-05-20,28.21999931335449,28.424999237060547,27.43000030517578,28.209999084472656,28.209999084472656,1550900
2026-05-21,28.0,28.065000534057617,27.25,27.600000381469727,27.600000381469727,1021500
2026-05-22,27.51000022888184,28.280000686645508,27.51000022888184,28.239999771118164,28.239999771118164,1397200
2026-05-26,28.030000686645508,28.43000030517578,27.63999938964844,27.790000915527344,27.790000915527344,1758600
2026-05-27,27.790000915527344,29.31999969482422,27.790000915527344,28.899999618530277,28.899999618530277,2968900
2026-05-28,28.920000076293945,30.3700008392334,28.63999938964844,30.350000381469727,30.350000381469727,1676000
2026-05-29,30.459999084472656,30.770000457763672,29.84000015258789,29.86000061035156,29.86000061035156,2407900
2026-06-01,29.86000061035156,30.22800064086914,29.030000686645508,29.729999542236328,29.729999542236328,1396200
2026-06-02,29.520000457763672,29.71999931335449,28.5,28.63999938964844,28.63999938964844,1408200
2026-06-03,28.479999542236328,28.68000030517578,26.780000686645508,27.25,27.25,2754000
2026-06-04,27.8799991607666,28.489999771118164,27.34000015258789,27.3700008392334,27.3700008392334,1010900
2026-06-05,27.649999618530277,28.11000061035156,27.040000915527344,27.420000076293945,27.420000076293945,775400
2026-06-08,27.420000076293945,27.56999969482422,26.93000030517578,27.51000022888184,27.51000022888184,1045300
2026-06-09,27.59000015258789,28.600000381469727,27.489999771118164,28.26000022888184,28.26000022888184,1168700
2026-06-10,27.979999542236328,28.63999938964844,27.71500015258789,28.100000381469727,28.100000381469727,1264800
2026-06-11,27.90999984741211,28.0,27.21500015258789,27.68000030517578,27.68000030517578,965800
2026-06-12,28.020000457763672,28.049999237060547,27.020999908447266,27.170000076293945,27.170000076293945,1072100
2026-06-15,27.239999771118164,28.43000030517578,27.07999992370605,27.940000534057617,27.940000534057617,1166400
2026-06-16,28.030000686645508,30.6200008392334,27.989999771118164,29.780000686645508,29.780000686645508,2187000
2026-06-17,29.440000534057617,29.940000534057617,29.07999992370605,29.36000061035156,29.36000061035156,1517300
2026-06-18,29.43000030517578,30.57999992370605,28.850000381469727,30.020000457763672,30.020000457763672,2616200
2026-06-22,29.75,30.790000915527344,29.37700080871582,30.07999992370605,30.07999992370605,1384400
2026-06-23,30.399999618530277,31.030000686645508,30.200000762939453,30.440000534057617,30.440000534057617,1174800
2026-06-24,30.46999931335449,31.51000022888184,30.399999618530277,31.200000762939453,31.200000762939453,1080100
2026-06-25,30.940000534057617,31.739999771118164,30.739999771118164,31.030000686645508,31.030000686645508,915400
2026-06-26,31.13999938964844,33.41999816894531,30.858999252319336,33.029998779296875,33.029998779296875,3093600
2026-06-29,33.029998779296875,34.31700134277344,32.900001525878906,34.0,34.0,1469600
2026-06-30,33.83000183105469,34.18000030517578,33.290000915527344,34.09000015258789,34.09000015258789,1058100
2026-07-01,34.30500030517578,35.689998626708984,34.30500030517578,35.13999938964844,35.13999938964844,1597500
2026-07-02,35.029998779296875,36.34999847412109,35.029998779296875,36.2400016784668,36.2400016784668,1151200
2026-07-06,35.849998474121094,36.2400016784668,35.5,35.65999984741211,35.65999984741211,1188800
2026-07-07,36.290000915527344,36.4900016784668,34.72999954223633,34.91999816894531,34.91999816894531,2431200
2026-07-08,34.95000076293945,34.95000076293945,33.79999923706055,34.189998626708984,34.189998626708984,1122600
2026-07-09,33.68000030517578,34.970001220703125,33.435001373291016,34.5,34.5,1201600
2026-07-10,34.880001068115234,35.38999938964844,33.7599983215332,34.18000030517578,34.18000030517578,925400
2026-07-13,34.18000030517578,34.46500015258789,32.470001220703125,33.75,33.75,1908900
2026-07-14,33.43000030517578,34.20000076293945,33.15999984741211,34.04999923706055,34.04999923706055,794900
2026-07-15,33.9900016784668,35.80500030517578,33.9900016784668,35.65999984741211,35.65999984741211,978500
2026-07-16,35.81999969482422,36.52000045776367,35.599998474121094,36.02000045776367,36.02000045776367,1360200
2026-07-17,35.540000915527344,35.970001220703125,34.869998931884766,35.0,35.0,1380900
2026-07-20,35.220001220703125,35.83000183105469,34.400001525878906,35.15999984741211,35.15999984741211,1124200
2026-07-21,35.150001525878906,35.470001220703125,34.86000061035156,35.060001373291016,35.060001373291016,834700
2026-07-22,34.72999954223633,35.20000076293945,33.5099983215332,33.66999816894531,33.66999816894531,842000
2026-07-23,33.16999816894531,33.33000183105469,32.599998474121094,32.959999084472656,32.959999084472656,1101800
2026-07-24,33.38999938964844,33.880001068115234,33.2400016784668,33.369998931884766,33.369998931884766,782100
2026-07-27,33.849998474121094,35.375,33.625,34.959999084472656,34.959999084472656,608200
2026-07-28,35.4900016784668,36.5099983215332,35.0099983215332,36.41999816894531,36.41999816894531,1054500
2026-07-29,36.290000915527344,37.78499984741211,35.61000061035156,37.06999969482422,37.06999969482422,1225700
2026-07-30,36.47999954223633,36.68000030517578,34.54999923706055,36.0,36.0,957300
2026-07-31,35.70000076293945,36.33000183105469,35.34000015258789,36.2400016784668,36.2400016784668,650000
2026-08-03,36.54999923706055,37.505001068115234,36.54999923706055,36.93000030517578,36.93000030517578,940300
2026-08-04,36.34000015258789,37.9900016784668,36.34000015258789,37.02000045776367,37.02000045776367,782900
2026-08-05,36.68999862670898,36.90999984741211,36.209999084472656,36.40999984741211,36.40999984741211,880600
2026-08-06,35.7400016784668,36.4900016784668,35.33000183105469,36.380001068115234,36.380001068115234,1226900
2026-08-07,40.0,41.220001220703125,37.91999816894531,38.98500061035156,38.98500061035156,2180200
2026-08-10,38.459999084472656,38.65999984741211,36.470001220703125,37.59000015258789,37.59000015258789,1045600
2026-08-11,36.810001373291016,37.29999923706055,36.04999923706055,36.18000030517578,36.18000030517578,1085600
2026-08-12,36.04999923706055,36.959999084472656,35.95000076293945,36.880001068115234,36.880001068115234,751000
2026-08-13,37.0,38.20000076293945,36.994998931884766,37.939998626708984,37.939998626708984,990600
2026-08-14,38.0,38.25,37.040000915527344,37.439998626708984,37.439998626708984,725200
