Date,Open,High,Low,Close,Adj Close,Volume
2021-08-16,9.149999618530272,9.18000030517578,8.600000381469727,8.739999771118164,8.739999771118164,55900
2021-08-17,8.609999656677246,8.939000129699707,8.279999732971191,8.4399995803833,8.4399995803833,34700
2021-08-18,8.319999694824219,8.899999618530273,8.319999694824219,8.770000457763672,8.770000457763672,29900
2021-08-19,8.699999809265137,8.807999610900879,8.550000190734863,8.729999542236328,8.729999542236328,16000
2021-08-20,8.789999961853027,9.109999656677246,8.470000267028809,8.9399995803833,8.9399995803833,40500
2021-08-23,9.039999961853027,9.399999618530272,8.75,8.899999618530273,8.899999618530273,79800
2021-08-24,9.149999618530272,9.149999618530272,8.739999771118164,8.960000038146973,8.960000038146973,55200
2021-08-25,9.270000457763672,9.359999656677246,9.119999885559082,9.31999969482422,9.31999969482422,30600
2021-08-26,9.5,9.5,9.09000015258789,9.220000267028809,9.220000267028809,51800
2021-08-27,9.170000076293944,9.479999542236328,9.170000076293944,9.239999771118164,9.239999771118164,49500
2021-08-30,9.25,9.420000076293944,9.0,9.06999969482422,9.06999969482422,33200
2021-08-31,9.880000114440918,10.0,9.140000343322754,10.0,10.0,44000
2021-09-01,9.93000030517578,10.149999618530272,9.59000015258789,9.850000381469728,9.850000381469728,19300
2021-09-02,10.020000457763672,10.350000381469728,9.699999809265137,10.300000190734863,10.300000190734863,41200
2021-09-03,10.170000076293944,10.489999771118164,9.829999923706056,9.869999885559082,9.869999885559082,13800
2021-09-07,10.010000228881836,10.397000312805176,9.720000267028809,10.380000114440918,10.380000114440918,17400
2021-09-08,10.239999771118164,10.470000267028809,9.920000076293944,10.0600004196167,10.0600004196167,10000
2021-09-09,10.100000381469728,10.800000190734863,10.03499984741211,10.710000038146973,10.710000038146973,28100
2021-09-10,10.6899995803833,10.6899995803833,10.196000099182127,10.350000381469728,10.350000381469728,10600
2021-09-13,10.380000114440918,10.6899995803833,9.829999923706056,10.06999969482422,10.06999969482422,17900
2021-09-14,10.09000015258789,10.491000175476074,9.399999618530272,9.640000343322754,9.640000343322754,22200
2021-09-15,9.539999961853027,10.031000137329102,9.125,9.289999961853027,9.289999961853027,13800
2021-09-16,9.300000190734863,9.454999923706056,9.020000457763672,9.079999923706056,9.079999923706056,22800
2021-09-17,9.100000381469728,9.4399995803833,9.079999923706056,9.119999885559082,9.119999885559082,16100
2021-09-20,8.800000190734863,9.220000267028809,8.789999961853027,8.859999656677246,8.859999656677246,32400
2021-09-21,9.010000228881836,9.59000015258789,9.010000228881836,9.18000030517578,9.18000030517578,31500
2021-09-22,9.34000015258789,9.399999618530272,9.109999656677246,9.300000190734863,9.300000190734863,6400
2021-09-23,9.270000457763672,9.899999618530272,9.149999618530272,9.739999771118164,9.739999771118164,11500
2021-09-24,9.579999923706056,9.899999618530272,9.539999961853027,9.850000381469728,9.850000381469728,19100
2021-09-27,9.81999969482422,10.59000015258789,9.65999984741211,10.399999618530272,10.399999618530272,18900
2021-09-28,10.229999542236328,10.59000015258789,10.229999542236328,10.289999961853027,10.289999961853027,22000
2021-09-29,10.300000190734863,10.529999732971191,10.100000381469728,10.119999885559082,10.119999885559082,35700
2021-09-30,10.187000274658203,10.600000381469728,10.100000381469728,10.4399995803833,10.4399995803833,14700
2021-10-01,10.170000076293944,10.640000343322754,9.765000343322754,9.800000190734863,9.800000190734863,13300
2021-10-04,9.729999542236328,10.0,9.529999732971191,9.579999923706056,9.579999923706056,8600
2021-10-05,10.390000343322754,10.390000343322754,9.300000190734863,9.460000038146973,9.460000038146973,22300
2021-10-06,9.529999732971191,9.885000228881836,9.199999809265137,9.40999984741211,9.40999984741211,15700
2021-10-07,9.739999771118164,9.739999771118164,9.300000190734863,9.460000038146973,9.460000038146973,12500
2021-10-08,9.399999618530272,9.90999984741211,8.899999618530273,9.220000267028809,9.220000267028809,20000
2021-10-11,10.079999923706056,10.079999923706056,8.3100004196167,9.289999961853027,9.289999961853027,27900
2021-10-12,9.25,9.25,8.869999885559082,8.989999771118164,8.989999771118164,9300
2021-10-13,9.25,9.300000190734863,8.920000076293945,9.06999969482422,9.06999969482422,14400
2021-10-14,9.06999969482422,9.850000381469728,8.960000038146973,9.65999984741211,9.65999984741211,19200
2021-10-15,9.529999732971191,9.9399995803833,9.279999732971191,9.40999984741211,9.40999984741211,13000
2021-10-18,9.449999809265137,9.68000030517578,9.449999809265137,9.609999656677246,9.609999656677246,6700
2021-10-19,9.5600004196167,10.029999732971191,9.399999618530272,9.920000076293944,9.920000076293944,14400
2021-10-20,9.859999656677246,10.5,9.788999557495115,10.34000015258789,10.34000015258789,12800
2021-10-21,10.210000038146973,10.449999809265137,9.979999542236328,10.109999656677246,10.109999656677246,8100
2021-10-22,10.300000190734863,10.699999809265137,9.8100004196167,10.0600004196167,10.0600004196167,38000
2021-10-25,9.899999618530272,10.329999923706056,9.899999618530272,10.170000076293944,10.170000076293944,16100
2021-10-26,10.20300006866455,10.489999771118164,9.960000038146973,10.4399995803833,10.4399995803833,21300
2021-10-27,10.5,11.06999969482422,10.5,10.720000267028809,10.720000267028809,35300
2021-10-28,10.65999984741211,11.729999542236328,10.649999618530272,11.199999809265137,11.199999809265137,23800
2021-10-29,10.9399995803833,11.350000381469728,10.875,11.109999656677246,11.109999656677246,22000
2021-11-01,10.949999809265137,11.550000190734863,10.949999809265137,11.420000076293944,11.420000076293944,32100
2021-11-02,11.149999618530272,11.729999542236328,11.06999969482422,11.390000343322754,11.390000343322754,38600
2021-11-03,11.239999771118164,11.239999771118164,10.399999618530272,10.720000267028809,10.720000267028809,42100
2021-11-04,10.954999923706056,11.06999969482422,10.489999771118164,11.0,11.0,17000
2021-11-05,11.25,11.743000030517578,11.010000228881836,11.720000267028809,11.720000267028809,68900
2021-11-08,11.75,11.95199966430664,11.050000190734863,11.149999618530272,11.149999618530272,40000
2021-11-09,11.420000076293944,11.449999809265137,11.0,11.420000076293944,11.420000076293944,27700
2021-11-10,11.020000457763672,11.09000015258789,10.600000381469728,10.949999809265137,10.949999809265137,30700
2021-11-11,11.197999954223633,11.197999954223633,10.609999656677246,10.8149995803833,10.8149995803833,18500
2021-11-12,10.897000312805176,11.149999618530272,10.59000015258789,10.59000015258789,10.59000015258789,22500
2021-11-15,10.65999984741211,10.845000267028809,10.210000038146973,10.5,10.5,10800
2021-11-16,10.56999969482422,10.56999969482422,9.949999809265137,10.239999771118164,10.239999771118164,16000
2021-11-17,10.0,10.005000114440918,9.800000190734863,9.989999771118164,9.989999771118164,21500
2021-11-18,9.949999809265137,9.989999771118164,9.40999984741211,9.5,9.5,20700
2021-11-19,9.845000267028809,9.847999572753906,9.359999656677246,9.5,9.5,12000
2021-11-22,10.1899995803833,10.1899995803833,9.079999923706056,9.5,9.5,33900
2021-11-23,9.399999618530272,9.704999923706056,8.609999656677246,9.199999809265137,9.199999809265137,40900
2021-11-24,9.100000381469728,9.739999771118164,9.100000381469728,9.739999771118164,9.739999771118164,7100
2021-11-26,9.380000114440918,9.739999771118164,9.300000190734863,9.739999771118164,9.739999771118164,9600
2021-11-29,9.75,10.199999809265137,9.40999984741211,9.75,9.75,25800
2021-11-30,9.619999885559082,10.140000343322754,9.329999923706056,9.93000030517578,9.93000030517578,38100
2021-12-01,9.979999542236328,10.239999771118164,9.59000015258789,9.710000038146973,9.710000038146973,77800
2021-12-02,9.279999732971191,9.399999618530272,8.130000114440918,9.130000114440918,9.130000114440918,1986000
2021-12-03,9.039999961853027,9.039999961853027,7.646999835968018,7.909999847412109,7.909999847412109,747300
2021-12-06,7.75,7.860000133514404,7.0,7.199999809265137,7.199999809265137,195700
2021-12-07,7.849999904632568,8.600000381469727,7.75,8.449999809265137,8.449999809265137,249400
2021-12-08,8.350000381469727,9.0,8.100000381469727,8.470000267028809,8.470000267028809,213000
2021-12-09,8.420000076293945,8.5649995803833,8.0,8.020000457763672,8.020000457763672,85500
2021-12-10,8.640000343322754,8.640000343322754,8.130000114440918,8.420000076293945,8.420000076293945,110400
2021-12-13,8.600000381469727,8.600000381469727,7.960000038146973,8.050000190734863,8.050000190734863,63300
2021-12-14,7.949999809265137,8.130000114440918,7.482999801635742,7.610000133514404,7.610000133514404,50300
2021-12-15,7.619999885559082,8.300000190734863,7.420000076293945,8.25,8.25,79800
2021-12-16,8.229999542236328,8.229999542236328,7.699999809265137,8.09000015258789,8.09000015258789,107600
2021-12-17,8.029999732971191,8.149999618530273,7.699999809265137,8.079999923706055,8.079999923706055,28000
2021-12-20,7.860000133514404,8.399999618530273,7.860000133514404,8.279999732971191,8.279999732971191,69700
2021-12-21,8.420000076293945,8.479999542236328,7.896999835968018,8.199999809265137,8.199999809265137,35600
2021-12-22,8.09000015258789,8.27299976348877,7.949999809265137,8.079999923706055,8.079999923706055,18500
2021-12-23,8.100000381469727,8.508999824523926,7.900000095367432,8.449999809265137,8.449999809265137,86000
2021-12-27,8.399999618530273,8.399999618530273,7.849999904632568,8.079999923706055,8.079999923706055,76100
2021-12-28,8.079999923706055,8.079999923706055,7.739999771118164,7.920000076293945,7.920000076293945,39700
2021-12-29,7.840000152587891,7.840000152587891,7.449999809265137,7.590000152587891,7.590000152587891,76400
2021-12-30,7.599999904632568,7.880000114440918,7.409999847412109,7.5,7.5,166300
2021-12-31,7.489999771118164,7.880000114440918,7.25,7.75,7.75,165600
2022-01-03,7.880000114440918,8.0,7.51200008392334,7.949999809265137,7.949999809265137,47500
2022-01-04,8.25,8.25,7.789999961853027,7.849999904632568,7.849999904632568,10100
2022-01-05,7.849999904632568,7.849999904632568,7.25,7.329999923706055,7.329999923706055,28500
2022-01-06,7.360000133514404,7.840000152587891,7.03000020980835,7.360000133514404,7.360000133514404,57000
2022-01-07,7.349999904632568,7.458000183105469,7.125,7.329999923706055,7.329999923706055,33600
2022-01-10,7.099999904632568,7.449999809265137,7.0,7.440000057220459,7.440000057220459,77500
2022-01-11,7.340000152587891,7.47100019454956,7.190000057220459,7.210000038146973,7.210000038146973,19000
2022-01-12,7.320000171661377,7.320000171661377,7.130000114440918,7.25,7.25,18700
2022-01-13,7.460000038146973,7.460000038146973,7.010000228881836,7.099999904632568,7.099999904632568,48400
2022-01-14,7.03000020980835,7.295000076293945,6.974999904632568,7.019999980926514,7.019999980926514,48900
2022-01-18,6.960000038146973,7.079999923706055,6.71999979019165,6.809999942779541,6.809999942779541,43400
2022-01-19,6.610000133514404,7.010000228881836,6.440000057220459,6.820000171661377,6.820000171661377,59900
2022-01-20,6.869999885559082,6.869999885559082,6.619999885559082,6.670000076293945,6.670000076293945,14500
2022-01-21,6.619999885559082,6.699999809265137,6.400000095367432,6.699999809265137,6.699999809265137,69200
2022-01-24,6.579999923706055,6.579999923706055,6.241000175476074,6.460000038146973,6.460000038146973,22300
2022-01-25,6.510000228881836,6.610000133514404,6.269999980926514,6.610000133514404,6.610000133514404,27900
2022-01-26,6.639999866485596,6.980000019073486,6.5,6.650000095367432,6.650000095367432,34700
2022-01-27,6.690000057220459,6.77400016784668,6.360000133514404,6.385000228881836,6.385000228881836,20000
2022-01-28,6.360000133514404,6.489999771118164,6.300000190734863,6.409999847412109,6.409999847412109,22400
2022-01-31,6.53000020980835,6.949999809265137,6.400000095367432,6.900000095367432,6.900000095367432,19300
2022-02-01,6.909999847412109,7.098999977111816,6.455999851226807,6.929999828338623,6.929999828338623,22500
2022-02-02,6.929999828338623,7.360000133514404,6.769999980926514,7.340000152587891,7.340000152587891,55600
2022-02-03,7.190000057220459,7.190000057220459,6.909999847412109,6.989999771118164,6.989999771118164,11600
2022-02-04,7.0,7.5,6.769999980926514,7.389999866485596,7.389999866485596,51600
2022-02-07,7.309999942779541,7.401999950408935,7.170000076293945,7.25,7.25,10600
2022-02-08,6.739999771118164,7.170000076293945,6.599999904632568,7.139999866485596,7.139999866485596,10500
2022-02-09,7.300000190734863,7.650000095367432,7.300000190734863,7.550000190734863,7.550000190734863,40500
2022-02-10,7.320000171661377,7.75,7.320000171661377,7.639999866485596,7.639999866485596,12400
2022-02-11,7.550000190734863,7.658999919891357,7.329999923706055,7.480000019073486,7.480000019073486,3400
2022-02-14,7.400000095367432,7.690000057220459,6.940000057220459,7.400000095367432,7.400000095367432,6500
2022-02-15,7.420000076293945,7.429999828338623,7.360000133514404,7.369999885559082,7.369999885559082,5000
2022-02-16,7.369999885559082,7.369999885559082,6.909999847412109,7.159999847412109,7.159999847412109,26600
2022-02-17,7.0229997634887695,7.03000020980835,6.650000095367432,6.880000114440918,6.880000114440918,16500
2022-02-18,6.809999942779541,6.809999942779541,6.5,6.539999961853027,6.539999961853027,9900
2022-02-22,6.460000038146973,6.84499979019165,6.0,6.510000228881836,6.510000228881836,81900
2022-02-23,6.559999942779541,6.699999809265137,6.369999885559082,6.420000076293945,6.420000076293945,10300
2022-02-24,6.349999904632568,6.550000190734863,6.260000228881836,6.349999904632568,6.349999904632568,20900
2022-02-25,6.449999809265137,6.489999771118164,6.190000057220459,6.309999942779541,6.309999942779541,17300
2022-02-28,6.368000030517578,6.550000190734863,6.349999904632568,6.46999979019165,6.46999979019165,7600
2022-03-01,6.550000190734863,6.809999942779541,6.150000095367432,6.150000095367432,6.150000095367432,29300
2022-03-02,6.28000020980835,6.320000171661377,6.039999961853027,6.25,6.25,17200
2022-03-03,6.059999942779541,6.21999979019165,6.059999942779541,6.190000057220459,6.190000057220459,26100
2022-03-04,6.179999828338623,6.25,6.110000133514404,6.119999885559082,6.119999885559082,7100
2022-03-07,6.110000133514404,6.263000011444092,6.099999904632568,6.179999828338623,6.179999828338623,6700
2022-03-08,6.300000190734863,6.300000190734863,5.619999885559082,5.639999866485596,5.639999866485596,137000
2022-03-09,5.699999809265137,6.0,5.699999809265137,5.75,5.75,104100
2022-03-10,5.75,6.480000019073486,5.75,6.480000019073486,6.480000019073486,12900
2022-03-11,6.28000020980835,6.454999923706055,5.869999885559082,6.21999979019165,6.21999979019165,35700
2022-03-14,6.159999847412109,6.449999809265137,6.119999885559082,6.119999885559082,6.119999885559082,8100
2022-03-15,6.139999866485596,6.389999866485596,6.119999885559082,6.130000114440918,6.130000114440918,4200
2022-03-16,6.139999866485596,6.340000152587891,5.800000190734863,5.900000095367432,5.900000095367432,18700
2022-03-17,5.789999961853027,6.098999977111816,5.75,5.980000019073486,5.980000019073486,44300
2022-03-18,5.869999885559082,6.349999904632568,5.869999885559082,6.0,6.0,30100
2022-03-21,5.840000152587891,5.989999771118164,5.820000171661377,5.900000095367432,5.900000095367432,13000
2022-03-22,6.065000057220459,6.683000087738037,5.860000133514404,6.610000133514404,6.610000133514404,7100
2022-03-23,6.489999771118164,6.599999904632568,6.164999961853027,6.599999904632568,6.599999904632568,6000
2022-03-24,6.389999866485596,6.550000190734863,6.309999942779541,6.320000171661377,6.320000171661377,9300
2022-03-25,6.519999980926514,6.519999980926514,5.940000057220459,6.190000057220459,6.190000057220459,26100
2022-03-28,6.46999979019165,6.46999979019165,6.02899980545044,6.400000095367432,6.400000095367432,13700
2022-03-29,6.360000133514404,6.690000057220459,6.159999847412109,6.5,6.5,29200
2022-03-30,6.46999979019165,6.650000095367432,6.260000228881836,6.5,6.5,13100
2022-03-31,6.491000175476074,6.679999828338623,6.300000190734863,6.400000095367432,6.400000095367432,14900
2022-04-01,6.5,6.504000186920166,6.25,6.25,6.25,15300
2022-04-04,6.340000152587891,6.630000114440918,6.340000152587891,6.550000190734863,6.550000190734863,6700
2022-04-05,6.449999809265137,6.590000152587891,6.400000095367432,6.400000095367432,6.400000095367432,19500
2022-04-06,6.389999866485596,6.5,6.385000228881836,6.420000076293945,6.420000076293945,10500
2022-04-07,6.420000076293945,6.590000152587891,6.389999866485596,6.389999866485596,6.389999866485596,13200
2022-04-08,6.590000152587891,6.590000152587891,6.360000133514404,6.400000095367432,6.400000095367432,9600
2022-04-11,6.590000152587891,6.618000030517578,6.309999942779541,6.409999847412109,6.409999847412109,31100
2022-04-12,6.599999904632568,6.646999835968018,6.389999866485596,6.460000038146973,6.460000038146973,46700
2022-04-13,6.650000095367432,6.684000015258789,6.340000152587891,6.400000095367432,6.400000095367432,24500
2022-04-14,6.519999980926514,6.639999866485596,6.320000171661377,6.409999847412109,6.409999847412109,20200
2022-04-18,6.409999847412109,6.456999778747559,6.230000019073486,6.28000020980835,6.28000020980835,45900
2022-04-19,6.480000019073486,6.480000019073486,6.0,6.380000114440918,6.380000114440918,15600
2022-04-20,6.34499979019165,6.550000190734863,6.34499979019165,6.349999904632568,6.349999904632568,4400
2022-04-21,6.579999923706055,6.579999923706055,6.326000213623047,6.340000152587891,6.340000152587891,13900
2022-04-22,6.2820000648498535,6.400000095367432,6.085000038146973,6.320000171661377,6.320000171661377,12100
2022-04-25,6.369999885559082,6.389999866485596,6.060999870300293,6.349999904632568,6.349999904632568,21600
2022-04-26,6.349999904632568,6.550000190734863,6.138000011444092,6.300000190734863,6.300000190734863,78300
2022-04-27,6.340000152587891,6.340000152587891,6.126999855041504,6.199999809265137,6.199999809265137,17500
2022-04-28,6.050000190734863,6.099999904632568,5.880000114440918,6.019999980926514,6.019999980926514,17400
2022-04-29,6.349999904632568,6.389999866485596,6.0,6.039999961853027,6.039999961853027,8200
2022-05-02,6.039999961853027,6.230000019073486,5.820000171661377,5.849999904632568,5.849999904632568,20500
2022-05-03,5.861000061035156,6.302999973297119,5.861000061035156,6.079999923706055,6.079999923706055,14700
2022-05-04,5.900000095367432,6.239999771118164,5.900000095367432,6.239999771118164,6.239999771118164,4700
2022-05-05,6.050000190734863,6.820000171661377,6.050000190734863,6.320000171661377,6.320000171661377,31000
2022-05-06,6.0,6.099999904632568,5.769999980926514,5.949999809265137,5.949999809265137,43500
2022-05-09,6.0,6.0,5.519999980926514,5.800000190734863,5.800000190734863,37700
2022-05-10,5.539999961853027,5.829999923706055,5.25,5.300000190734863,5.300000190734863,13800
2022-05-11,5.300000190734863,5.800000190734863,5.019999980926514,5.110000133514404,5.110000133514404,33000
2022-05-12,5.019999980926514,5.349999904632568,4.300000190734863,4.699999809265137,4.699999809265137,84600
2022-05-13,5.150000095367432,5.349999904632568,4.820000171661377,4.829999923706055,4.829999923706055,82400
2022-05-16,4.849999904632568,4.849999904632568,4.489999771118164,4.690000057220459,4.690000057220459,49500
2022-05-17,4.619999885559082,4.789999961853027,4.460000038146973,4.460000038146973,4.460000038146973,39200
2022-05-18,4.400000095367432,4.579999923706055,4.400000095367432,4.5,4.5,11600
2022-05-19,4.5,4.590000152587891,4.449999809265137,4.449999809265137,4.449999809265137,10000
2022-05-20,4.590000152587891,4.590000152587891,4.409999847412109,4.510000228881836,4.510000228881836,18400
2022-05-23,4.510000228881836,4.599999904632568,4.409999847412109,4.5,4.5,12800
2022-05-24,4.412000179290772,4.619999885559082,4.400000095367432,4.480000019073486,4.480000019073486,2200
2022-05-25,4.599999904632568,4.78000020980835,4.454999923706055,4.480000019073486,4.480000019073486,10900
2022-05-26,4.519999980926514,4.739999771118164,4.480000019073486,4.5,4.5,7800
2022-05-27,4.610000133514404,4.610000133514404,4.400000095367432,4.559999942779541,4.559999942779541,17500
2022-05-31,4.5,4.752999782562256,4.5,4.610000133514404,4.610000133514404,12400
2022-06-01,4.570000171661377,4.78000020980835,4.400000095367432,4.489999771118164,4.489999771118164,19100
2022-06-02,4.420000076293945,4.5960001945495605,4.420000076293945,4.449999809265137,4.449999809265137,16900
2022-06-03,4.449999809265137,4.5,4.25,4.400000095367432,4.400000095367432,50200
2022-06-06,4.519999980926514,4.550000190734863,4.322000026702881,4.5,4.5,218100
2022-06-07,4.360000133514404,4.425000190734863,3.819999933242798,4.119999885559082,4.119999885559082,179500
2022-06-08,4.21999979019165,4.21999979019165,4.059999942779541,4.150000095367432,4.150000095367432,6500
2022-06-09,4.039999961853027,4.239999771118164,4.019999980926514,4.170000076293945,4.170000076293945,23900
2022-06-10,4.059999942779541,4.139999866485596,4.010000228881836,4.079999923706055,4.079999923706055,18200
2022-06-13,4.019999980926514,4.039999961853027,3.759999990463257,3.849999904632568,3.849999904632568,51800
2022-06-14,3.765000104904175,3.928999900817871,3.740000009536743,3.740000009536743,3.740000009536743,41100
2022-06-15,3.849999904632568,3.890000104904175,3.759999990463257,3.759999990463257,3.759999990463257,12900
2022-06-16,3.75,3.983999967575073,3.5999999046325684,3.630000114440918,3.630000114440918,8600
2022-06-17,3.490000009536743,3.75,3.490000009536743,3.619999885559082,3.619999885559082,32300
2022-06-21,3.660000085830689,3.900000095367432,3.660000085830689,3.7300000190734863,3.7300000190734863,15100
2022-06-22,3.809999942779541,3.974999904632568,3.7699999809265137,3.7799999713897705,3.7799999713897705,25900
2022-06-23,3.900000095367432,3.950999975204468,3.7799999713897705,3.880000114440918,3.880000114440918,13700
2022-06-24,3.630000114440918,3.9800000190734863,3.630000114440918,3.920000076293945,3.920000076293945,11900
2022-06-27,4.0,4.090000152587891,3.849999904632568,4.010000228881836,4.010000228881836,13400
2022-06-28,4.15500020980835,4.24399995803833,4.019999980926514,4.09499979019165,4.09499979019165,17200
2022-06-29,4.03000020980835,4.130000114440918,3.920000076293945,3.990000009536743,3.990000009536743,2000
2022-06-30,3.920000076293945,4.03000020980835,3.7300000190734863,3.990000009536743,3.990000009536743,49000
2022-07-01,3.930000066757202,4.0,3.900000095367432,3.900000095367432,3.900000095367432,2800
2022-07-05,3.690000057220459,3.940000057220459,3.5999999046325684,3.910000085830689,3.910000085830689,11200
2022-07-06,3.950000047683716,3.950000047683716,3.839999914169312,3.839999914169312,3.839999914169312,11200
2022-07-07,3.849999904632568,4.0320000648498535,3.849999904632568,4.0,4.0,24600
2022-07-08,3.990000009536743,4.043000221252441,3.930000066757202,4.019999980926514,4.019999980926514,9900
2022-07-11,3.950000047683716,4.03000020980835,3.934999942779541,3.990000009536743,3.990000009536743,3700
2022-07-12,3.799999952316284,3.829999923706055,3.700000047683716,3.819999933242798,3.819999933242798,7700
2022-07-13,3.819999933242798,3.944999933242798,3.7699999809265137,3.829999923706055,3.829999923706055,4200
2022-07-14,3.829999923706055,3.839999914169312,3.819999933242798,3.819999933242798,3.819999933242798,1400
2022-07-15,3.990000009536743,3.990000009536743,3.7699999809265137,3.9800000190734863,3.9800000190734863,2000
2022-07-18,3.890000104904175,4.079999923706055,3.859999895095825,3.950000047683716,3.950000047683716,14500
2022-07-19,4.0,4.139999866485596,3.900000095367432,3.900000095367432,3.900000095367432,19100
2022-07-20,3.900000095367432,4.099999904632568,3.849999904632568,4.0,4.0,27000
2022-07-21,4.039999961853027,4.489999771118164,3.9700000286102295,4.400000095367432,4.400000095367432,201200
2022-07-22,4.449999809265137,4.659999847412109,4.24399995803833,4.289999961853027,4.289999961853027,102800
2022-07-25,4.380000114440918,4.380000114440918,4.019999980926514,4.150000095367432,4.150000095367432,28200
2022-07-26,4.0,4.315000057220459,4.0,4.260000228881836,4.260000228881836,15200
2022-07-27,4.21999979019165,4.242000102996826,4.110000133514404,4.110000133514404,4.110000133514404,13100
2022-07-28,4.119999885559082,4.329999923706055,4.110000133514404,4.210000038146973,4.210000038146973,39100
2022-07-29,4.099999904632568,4.329999923706055,4.019999980926514,4.170000076293945,4.170000076293945,21700
2022-08-01,4.159999847412109,4.329999923706055,4.159999847412109,4.239999771118164,4.239999771118164,20800
2022-08-02,4.329999923706055,4.480000019073486,4.260000228881836,4.429999828338623,4.429999828338623,31200
2022-08-03,4.409999847412109,4.429999828338623,4.276000022888184,4.300000190734863,4.300000190734863,15400
2022-08-04,4.269999980926514,4.296999931335449,4.150000095367432,4.159999847412109,4.159999847412109,14700
2022-08-05,4.210999965667725,4.400000095367432,4.210999965667725,4.360000133514404,4.360000133514404,12500
2022-08-08,4.269999980926514,4.429999828338623,4.260000228881836,4.380000114440918,4.380000114440918,10100
2022-08-09,4.260000228881836,4.420000076293945,4.25,4.260000228881836,4.260000228881836,13000
2022-08-10,4.260000228881836,4.401000022888184,4.260000228881836,4.360000133514404,4.360000133514404,7500
2022-08-11,4.369999885559082,4.570000171661377,4.369999885559082,4.5,4.5,28000
2022-08-12,4.46999979019165,4.900000095367432,4.46999979019165,4.804999828338623,4.804999828338623,76300
2022-08-15,4.820000171661377,4.820000171661377,4.480000019073486,4.5,4.5,38600
2022-08-16,4.630000114440918,4.650000095367432,4.400000095367432,4.400000095367432,4.400000095367432,21100
2022-08-17,4.4730000495910645,4.636000156402588,4.4730000495910645,4.5,4.5,9100
2022-08-18,4.489999771118164,4.703999996185303,4.400000095367432,4.519999980926514,4.519999980926514,60400
2022-08-19,4.420000076293945,4.480000019073486,4.210000038146973,4.260000228881836,4.260000228881836,13300
2022-08-22,4.349999904632568,4.505000114440918,4.25,4.260000228881836,4.260000228881836,6000
2022-08-23,4.380000114440918,4.400000095367432,4.291999816894531,4.291999816894531,4.291999816894531,2300
2022-08-24,4.364999771118164,4.429999828338623,4.260000228881836,4.289999961853027,4.289999961853027,38300
2022-08-25,4.429999828338623,4.429999828338623,4.300000190734863,4.400000095367432,4.400000095367432,16600
2022-08-26,4.309999942779541,4.5,4.260000228881836,4.260000228881836,4.260000228881836,8400
2022-08-29,4.210000038146973,4.257999897003174,4.070000171661377,4.179999828338623,4.179999828338623,13300
2022-08-30,4.177999973297119,4.25,4.0970001220703125,4.215000152587891,4.215000152587891,3800
2022-08-31,4.218999862670898,4.300000190734863,4.218999862670898,4.235000133514404,4.235000133514404,3800
2022-09-01,4.289000034332275,4.289000034332275,4.079999923706055,4.079999923706055,4.079999923706055,12000
2022-09-02,4.150000095367432,4.300000190734863,3.994999885559082,4.21999979019165,4.21999979019165,33500
2022-09-06,4.204999923706055,4.21999979019165,4.090000152587891,4.210000038146973,4.210000038146973,8200
2022-09-07,4.199999809265137,4.244999885559082,4.099999904632568,4.125,4.125,9600
2022-09-08,4.159999847412109,4.329999923706055,4.059999942779541,4.150000095367432,4.150000095367432,17800
2022-09-09,4.190000057220459,4.309999942779541,4.179999828338623,4.21999979019165,4.21999979019165,5900
2022-09-12,4.315000057220459,4.315000057220459,4.090000152587891,4.170000076293945,4.170000076293945,14300
2022-09-13,4.139999866485596,4.150000095367432,4.019999980926514,4.045000076293945,4.045000076293945,7500
2022-09-14,4.179999828338623,4.179999828338623,3.950000047683716,3.9800000190734863,3.9800000190734863,10900
2022-09-15,4.019999980926514,4.079999923706055,3.910000085830689,3.910000085830689,3.910000085830689,30400
2022-09-16,3.910000085830689,3.950000047683716,3.799999952316284,3.859999895095825,3.859999895095825,38700
2022-09-19,3.825999975204468,3.880000114440918,3.700000047683716,3.700000047683716,3.700000047683716,9700
2022-09-20,3.7100000381469727,3.759999990463257,3.5350000858306885,3.559999942779541,3.559999942779541,12100
2022-09-21,3.670000076293945,3.690000057220459,3.490000009536743,3.609999895095825,3.609999895095825,17900
2022-09-22,3.5899999141693115,3.5899999141693115,3.430000066757202,3.430000066757202,3.430000066757202,9600
2022-09-23,3.430000066757202,3.4800000190734863,3.109999895095825,3.2699999809265137,3.2699999809265137,43700
2022-09-26,3.119999885559082,3.299999952316284,3.0299999713897705,3.0999999046325684,3.0999999046325684,18600
2022-09-27,2.9779999256134038,3.4200000762939453,2.9779999256134038,3.259999990463257,3.259999990463257,17300
2022-09-28,3.190000057220459,3.220000028610229,3.0999999046325684,3.0999999046325684,3.0999999046325684,11700
2022-09-29,3.130000114440918,3.1419999599456787,3.0850000381469727,3.0999999046325684,3.0999999046325684,15200
2022-09-30,3.1449999809265137,3.3299999237060547,3.1449999809265137,3.200000047683716,3.200000047683716,17300
2022-10-03,3.0799999237060547,3.3499999046325684,3.0,3.2699999809265137,3.2699999809265137,12500
2022-10-04,3.256999969482422,3.444999933242798,3.256999969482422,3.3299999237060547,3.3299999237060547,6800
2022-10-05,3.3399999141693115,3.369999885559082,3.2799999713897705,3.2799999713897705,3.2799999713897705,2400
2022-10-06,3.3399999141693115,3.3399999141693115,3.069999933242798,3.140000104904175,3.140000104904175,23600
2022-10-07,3.259999990463257,3.259999990463257,2.9649999141693115,2.970000028610229,2.970000028610229,24800
2022-10-10,2.9800000190734863,3.0,2.809999942779541,2.809999942779541,2.809999942779541,7800
2022-10-11,2.740000009536743,2.900000095367432,2.630000114440918,2.690000057220459,2.690000057220459,226400
2022-10-12,2.650000095367432,2.650000095367432,2.4100000858306885,2.5899999141693115,2.5899999141693115,429900
2022-10-13,2.5999999046325684,2.880000114440918,2.3399999141693115,2.799999952316284,2.799999952316284,383500
2022-10-14,2.9200000762939453,3.150000095367432,2.799999952316284,2.880000114440918,2.880000114440918,60900
2022-10-17,2.940000057220459,3.130000114440918,2.880000114440918,2.900000095367432,2.900000095367432,26100
2022-10-18,2.890000104904175,3.1700000762939453,2.890000104904175,3.0,3.0,51600
2022-10-19,2.950000047683716,3.0299999713897705,2.9100000858306885,2.9600000381469727,2.9600000381469727,11600
2022-10-20,2.990000009536743,3.025000095367432,2.799999952316284,2.859999895095825,2.859999895095825,27900
2022-10-21,2.809999942779541,2.950000047683716,2.805999994277954,2.950000047683716,2.950000047683716,11600
2022-10-24,2.9100000858306885,2.9800000190734863,2.809999942779541,2.9100000858306885,2.9100000858306885,9100
2022-10-25,2.970000028610229,3.130000114440918,2.8299999237060547,2.890000104904175,2.890000104904175,27600
2022-10-26,2.8239998817443848,3.049999952316284,2.8239998817443848,2.890000104904175,2.890000104904175,38700
2022-10-27,2.944999933242798,3.049999952316284,2.799999952316284,2.950000047683716,2.950000047683716,92000
2022-10-28,3.0179998874664307,3.0179998874664307,2.680000066757202,2.8499999046325684,2.8499999046325684,89600
2022-10-31,2.900000095367432,2.9600000381469727,2.812999963760376,2.880000114440918,2.880000114440918,8200
2022-11-01,2.7799999713897705,2.869999885559082,2.7300000190734863,2.859999895095825,2.859999895095825,23700
2022-11-02,2.82699990272522,2.8299999237060547,2.759999990463257,2.799999952316284,2.799999952316284,3400
2022-11-03,2.789999961853028,2.799999952316284,2.75,2.7799999713897705,2.7799999713897705,23000
2022-11-04,2.789999961853028,2.8299999237060547,2.75,2.8299999237060547,2.8299999237060547,22300
2022-11-07,2.880000114440918,3.069999933242798,2.880000114440918,3.0,3.0,46400
2022-11-08,2.9200000762939453,2.9200000762939453,2.75,2.789999961853028,2.789999961853028,43900
2022-11-09,2.900000095367432,2.900000095367432,2.759999990463257,2.799999952316284,2.799999952316284,12400
2022-11-10,2.9200000762939453,2.9200000762939453,2.7799999713897705,2.819999933242798,2.819999933242798,3600
2022-11-11,3.015000104904175,3.015000104904175,2.934999942779541,3.0,3.0,2400
2022-11-14,2.9100000858306885,2.9100000858306885,2.759999990463257,2.759999990463257,2.759999990463257,32900
2022-11-15,2.776000022888184,2.8399999141693115,2.7699999809265137,2.799999952316284,2.799999952316284,33700
2022-11-16,2.802000045776367,2.8499999046325684,2.789999961853028,2.799999952316284,2.799999952316284,15200
2022-11-17,2.789999961853028,2.900000095367432,2.76200008392334,2.890000104904175,2.890000104904175,21700
2022-11-18,2.869999885559082,3.062000036239624,2.819999933242798,3.0299999713897705,3.0299999713897705,8800
2022-11-21,2.9100000858306885,2.996999979019165,2.877000093460083,2.940000057220459,2.940000057220459,14500
2022-11-22,2.940000057220459,3.0199999809265137,2.940000057220459,2.9600000381469727,2.9600000381469727,4700
2022-11-23,2.970000028610229,3.0,2.9200000762939453,2.9200000762939453,2.9200000762939453,3700
2022-11-25,2.865000009536743,2.890000104904175,2.8499999046325684,2.8499999046325684,2.8499999046325684,1300
2022-11-28,2.8499999046325684,2.8499999046325684,2.7699999809265137,2.799999952316284,2.799999952316284,13700
2022-11-29,2.7850000858306885,2.789999961853028,2.7699999809265137,2.7699999809265137,2.7699999809265137,11300
2022-11-30,2.7699999809265137,2.869999885559082,2.7699999809265137,2.8499999046325684,2.8499999046325684,5900
2022-12-01,2.789999961853028,2.930000066757202,2.7699999809265137,2.880000114440918,2.880000114440918,11600
2022-12-02,2.9200000762939453,3.0,2.9200000762939453,3.0,3.0,8500
2022-12-05,3.0,3.0,2.8299999237060547,2.8299999237060547,2.8299999237060547,5000
2022-12-06,2.812000036239624,3.039999961853028,2.812000036239624,2.890000104904175,2.890000104904175,3300
2022-12-07,2.890000104904175,2.900000095367432,2.880000114440918,2.900000095367432,2.900000095367432,7300
2022-12-08,3.009999990463257,3.549999952316284,2.8499999046325684,3.3399999141693115,3.3399999141693115,90000
2022-12-09,3.430000066757202,3.670000076293945,3.400000095367432,3.670000076293945,3.670000076293945,23400
2022-12-12,3.5999999046325684,3.7200000286102295,3.5999999046325684,3.694999933242798,3.694999933242798,19700
2022-12-13,3.7200000286102295,3.75,3.660000085830689,3.700000047683716,3.700000047683716,8400
2022-12-14,3.670000076293945,3.7200000286102295,3.5299999713897705,3.700000047683716,3.700000047683716,75700
2022-12-15,3.75,3.75,3.5,3.559999942779541,3.559999942779541,21900
2022-12-16,3.240000009536743,3.890000104904175,3.0299999713897705,3.7100000381469727,3.7100000381469727,34700
2022-12-19,3.609999895095825,3.7300000190734863,3.509999990463257,3.700000047683716,3.700000047683716,27600
2022-12-20,3.697000026702881,3.700000047683716,3.549999952316284,3.559999942779541,3.559999942779541,17100
2022-12-21,3.7100000381469727,3.7200000286102295,3.588000059127808,3.630000114440918,3.630000114440918,28500
2022-12-22,3.549999952316284,3.630000114440918,3.319999933242798,3.369999885559082,3.369999885559082,16700
2022-12-23,3.5,3.5899999141693115,3.3949999809265137,3.5899999141693115,3.5899999141693115,16400
2022-12-27,3.4800000190734863,3.5799999237060547,3.3350000381469727,3.4100000858306885,3.4100000858306885,14400
2022-12-28,3.400000095367432,3.4600000381469727,3.2100000381469727,3.2100000381469727,3.2100000381469727,22500
2022-12-29,3.220000028610229,3.400000095367432,3.0899999141693115,3.190000057220459,3.190000057220459,96900
2022-12-30,3.190000057220459,3.5999999046325684,3.1600000858306885,3.5999999046325684,3.5999999046325684,53600
2023-01-03,3.5999999046325684,3.5999999046325684,3.4600000381469727,3.4600000381469727,3.4600000381469727,22500
2023-01-04,3.5299999713897705,3.5999999046325684,3.444000005722046,3.490000009536743,3.490000009536743,15600
2023-01-05,3.5409998893737797,3.5999999046325684,3.5,3.509999990463257,3.509999990463257,21800
2023-01-06,3.5199999809265137,3.571000099182129,3.5,3.509999990463257,3.509999990463257,7300
2023-01-09,3.549999952316284,3.5899999141693115,3.5350000858306885,3.569999933242798,3.569999933242798,8200
2023-01-10,3.5999999046325684,3.5999999046325684,3.509999990463257,3.509999990463257,3.509999990463257,12100
2023-01-11,3.509999990463257,3.5999999046325684,3.509999990463257,3.5789999961853027,3.5789999961853027,4700
2023-01-12,3.5,3.562999963760376,3.5,3.5199999809265137,3.5199999809265137,10400
2023-01-13,3.559999942779541,3.890000104904175,3.549999952316284,3.880000114440918,3.880000114440918,101000
2023-01-17,3.849999904632568,3.940000057220459,3.700000047683716,3.920000076293945,3.920000076293945,17700
2023-01-18,3.7690000534057617,3.940000057220459,3.572000026702881,3.7799999713897705,3.7799999713897705,18300
2023-01-19,3.859999895095825,3.869999885559082,3.7300000190734863,3.740000009536743,3.740000009536743,3200
2023-01-20,3.7300000190734863,3.8949999809265137,3.7100000381469727,3.75,3.75,8200
2023-01-23,3.859999895095825,3.880000114440918,3.825000047683716,3.880000114440918,3.880000114440918,13900
2023-01-24,3.880000114440918,3.890000104904175,3.805000066757202,3.849999904632568,3.849999904632568,5300
2023-01-25,3.75,3.839999914169312,3.700000047683716,3.744999885559082,3.744999885559082,10600
2023-01-26,3.7200000286102295,3.799999952316284,3.700000047683716,3.7300000190734863,3.7300000190734863,1900
2023-01-27,3.7109999656677246,3.7799999713897705,3.7109999656677246,3.75,3.75,7400
2023-01-30,3.799999952316284,3.930000066757202,3.690000057220459,3.690000057220459,3.690000057220459,31100
2023-01-31,3.670000076293945,3.7890000343322754,3.670000076293945,3.7300000190734863,3.7300000190734863,5000
2023-02-01,3.630000114440918,3.740000009536743,3.609999895095825,3.7100000381469727,3.7100000381469727,19000
2023-02-02,3.759999990463257,3.7709999084472656,3.509999990463257,3.509999990463257,3.509999990463257,35500
2023-02-03,3.509999990463257,3.775000095367432,3.509999990463257,3.660000085830689,3.660000085830689,35400
2023-02-06,3.7799999713897705,4.15500020980835,3.7799999713897705,4.079999923706055,4.079999923706055,82000
2023-02-07,4.159999847412109,4.5,4.099999904632568,4.5,4.5,89700
2023-02-08,4.519999980926514,4.670000076293945,4.429999828338623,4.670000076293945,4.670000076293945,84700
2023-02-09,4.730000019073486,5.590000152587891,4.730000019073486,5.449999809265137,5.449999809265137,219000
2023-02-10,5.570000171661377,5.650000095367432,5.059999942779541,5.144999980926514,5.144999980926514,78700
2023-02-13,5.21999979019165,5.21999979019165,4.460000038146973,4.920000076293945,4.920000076293945,75600
2023-02-14,5.03000020980835,5.03000020980835,4.769999980926514,4.824999809265137,4.824999809265137,19000
2023-02-15,4.920000076293945,4.992000102996826,4.710000038146973,4.800000190734863,4.800000190734863,18500
2023-02-16,4.710000038146973,5.150000095367432,4.560999870300293,4.949999809265137,4.949999809265137,34900
2023-02-17,5.039999961853027,5.130000114440918,4.820000171661377,5.059999942779541,5.059999942779541,15200
2023-02-21,5.0,5.090000152587891,4.949999809265137,5.039999961853027,5.039999961853027,33100
2023-02-22,5.070000171661377,5.070000171661377,4.909999847412109,4.980000019073486,4.980000019073486,13500
2023-02-23,4.920000076293945,5.039999961853027,4.809999942779541,5.0,5.0,14600
2023-02-24,4.880000114440918,5.079999923706055,4.880000114440918,4.909999847412109,4.909999847412109,12200
2023-02-27,4.909999847412109,4.929999828338623,4.7820000648498535,4.929999828338623,4.929999828338623,21200
2023-02-28,4.869999885559082,5.058000087738037,4.849999904632568,4.960000038146973,4.960000038146973,15300
2023-03-01,4.940000057220459,4.949999809265137,4.829999923706055,4.840000152587891,4.840000152587891,18100
2023-03-02,4.800000190734863,4.849999904632568,4.800000190734863,4.840000152587891,4.840000152587891,4200
2023-03-03,4.855000019073486,4.940000057220459,4.78000020980835,4.789999961853027,4.789999961853027,23800
2023-03-06,4.71999979019165,4.909999847412109,4.670000076293945,4.75,4.75,15200
2023-03-07,4.820000171661377,4.822000026702881,4.622000217437744,4.78000020980835,4.78000020980835,15800
2023-03-08,4.550000190734863,4.869999885559082,4.550000190734863,4.860000133514404,4.860000133514404,14600
2023-03-09,4.849999904632568,4.849999904632568,4.710000038146973,4.739999771118164,4.739999771118164,8900
2023-03-10,4.572000026702881,4.78000020980835,4.572000026702881,4.708000183105469,4.708000183105469,7300
2023-03-13,4.590000152587891,4.644999980926514,4.5,4.545000076293945,4.545000076293945,16600
2023-03-14,4.519999980926514,4.78000020980835,4.510000228881836,4.670000076293945,4.670000076293945,40200
2023-03-15,4.539999961853027,4.690000057220459,4.449999809265137,4.519999980926514,4.519999980926514,7200
2023-03-16,4.400000095367432,4.630000114440918,4.336999893188477,4.539999961853027,4.539999961853027,22600
2023-03-17,4.375,4.519999980926514,4.375,4.400000095367432,4.400000095367432,44900
2023-03-20,4.320000171661377,4.505000114440918,4.300000190734863,4.320000171661377,4.320000171661377,22300
2023-03-21,4.329999923706055,4.671999931335449,4.239999771118164,4.550000190734863,4.550000190734863,61300
2023-03-22,4.333000183105469,4.739999771118164,4.333000183105469,4.510000228881836,4.510000228881836,23800
2023-03-23,4.521999835968018,4.730000019073486,4.519999980926514,4.670000076293945,4.670000076293945,14700
2023-03-24,4.880000114440918,4.900000095367432,4.560999870300293,4.840000152587891,4.840000152587891,6400
2023-03-27,5.75,6.269999980926514,5.5,6.0,6.0,573600
2023-03-28,5.880000114440918,6.119999885559082,5.820000171661377,5.920000076293945,5.920000076293945,153500
2023-03-29,5.920000076293945,5.940000057220459,5.349999904632568,5.539999961853027,5.539999961853027,91300
2023-03-30,5.539999961853027,5.849999904632568,5.320000171661377,5.625,5.625,28400
2023-03-31,5.679999828338623,5.920000076293945,5.440000057220459,5.75,5.75,80300
2023-04-03,5.869999885559082,6.099999904632568,5.869999885559082,5.920000076293945,5.920000076293945,148300
2023-04-04,5.920000076293945,6.0,5.730000019073486,5.75,5.75,66500
2023-04-05,5.849999904632568,6.099999904632568,5.75,5.900000095367432,5.900000095367432,106300
2023-04-06,5.96999979019165,6.0,5.585999965667725,5.650000095367432,5.650000095367432,22800
2023-04-10,5.789999961853027,5.833000183105469,5.679999828338623,5.739999771118164,5.739999771118164,17500
2023-04-11,5.775000095367432,5.829999923706055,5.699999809265137,5.75,5.75,62300
2023-04-12,5.730000019073486,5.730000019073486,5.559999942779541,5.559999942779541,5.559999942779541,28500
2023-04-13,5.511000156402588,5.639999866485596,5.510000228881836,5.550000190734863,5.550000190734863,43700
2023-04-14,5.630000114440918,5.78000020980835,5.5,5.5,5.5,18200
2023-04-17,5.659999847412109,5.679999828338623,5.559999942779541,5.650000095367432,5.650000095367432,8300
2023-04-18,5.710000038146973,5.710000038146973,5.558000087738037,5.679999828338623,5.679999828338623,11500
2023-04-19,5.630000114440918,5.71999979019165,5.510000228881836,5.650000095367432,5.650000095367432,11000
2023-04-20,5.75,5.949999809265137,5.710000038146973,5.800000190734863,5.800000190734863,27700
2023-04-21,5.730000019073486,6.159999847412109,5.730000019073486,6.019999980926514,6.019999980926514,34900
2023-04-24,6.050000190734863,6.164999961853027,5.880000114440918,5.900000095367432,5.900000095367432,26000
2023-04-25,6.0,6.010000228881836,5.665999889373779,5.690000057220459,5.690000057220459,17200
2023-04-26,5.829999923706055,5.829999923706055,5.579999923706055,5.690000057220459,5.690000057220459,4700
2023-04-27,5.710000038146973,5.710000038146973,5.510000228881836,5.579999923706055,5.579999923706055,15300
2023-04-28,5.590000152587891,5.840000152587891,5.519999980926514,5.730000019073486,5.730000019073486,15000
2023-05-01,5.730000019073486,5.949999809265137,5.730000019073486,5.789999961853027,5.789999961853027,10200
2023-05-02,5.789999961853027,5.849999904632568,5.760000228881836,5.789999961853027,5.789999961853027,3800
2023-05-03,5.630000114440918,6.02899980545044,5.599999904632568,5.820000171661377,5.820000171661377,6500
2023-05-04,5.820000171661377,6.010000228881836,5.679999828338623,6.010000228881836,6.010000228881836,9800
2023-05-05,6.0,6.25,5.909999847412109,6.039999961853027,6.039999961853027,16200
2023-05-08,5.98199987411499,6.099999904632568,5.860000133514404,6.099999904632568,6.099999904632568,18200
2023-05-09,6.130000114440918,6.25,6.0,6.150000095367432,6.150000095367432,55500
2023-05-10,6.25,6.289999961853027,6.010000228881836,6.03000020980835,6.03000020980835,42900
2023-05-11,6.119999885559082,6.119999885559082,5.920000076293945,6.050000190734863,6.050000190734863,5800
2023-05-12,6.150000095367432,6.179999828338623,5.800000190734863,6.005000114440918,6.005000114440918,48600
2023-05-15,6.019999980926514,6.139999866485596,5.934999942779541,6.059999942779541,6.059999942779541,14000
2023-05-16,6.039999961853027,6.21999979019165,5.900000095367432,6.191999912261963,6.191999912261963,53900
2023-05-17,6.139999866485596,6.659999847412109,6.050000190734863,6.519999980926514,6.519999980926514,75600
2023-05-18,6.630000114440918,7.0,6.559999942779541,6.949999809265137,6.949999809265137,166000
2023-05-19,6.980000019073486,7.110000133514404,6.809999942779541,7.079999923706055,7.079999923706055,90500
2023-05-22,7.130000114440918,7.199999809265137,6.849999904632568,7.050000190734863,7.050000190734863,69300
2023-05-23,7.150000095367432,7.25,7.050000190734863,7.159999847412109,7.159999847412109,86900
2023-05-24,7.150000095367432,7.360000133514404,7.079999923706055,7.360000133514404,7.360000133514404,51100
2023-05-25,7.320000171661377,7.670000076293945,7.300000190734863,7.550000190734863,7.550000190734863,78300
2023-05-26,7.53000020980835,7.71999979019165,7.504000186920166,7.710999965667725,7.710999965667725,58700
2023-05-30,7.659999847412109,7.909999847412109,7.659999847412109,7.800000190734863,7.800000190734863,93400
2023-05-31,7.903999805450439,7.989999771118164,7.801000118255615,7.960000038146973,7.960000038146973,76500
2023-06-01,7.989999771118164,7.989999771118164,7.210000038146973,7.510000228881836,7.510000228881836,224000
2023-06-02,7.510000228881836,7.539999961853027,7.199999809265137,7.289999961853027,7.289999961853027,75500
2023-06-05,7.369999885559082,7.46999979019165,6.696000099182129,6.71999979019165,6.71999979019165,70300
2023-06-06,6.800000190734863,7.159999847412109,6.75,7.050000190734863,7.050000190734863,76400
2023-06-07,7.09499979019165,7.150000095367432,6.760000228881836,6.849999904632568,6.849999904632568,39200
2023-06-08,7.085999965667725,7.46999979019165,6.989999771118164,7.0,7.0,18600
2023-06-09,7.2270002365112305,7.2270002365112305,6.900000095367432,6.949999809265137,6.949999809265137,10500
2023-06-12,6.949999809265137,7.28000020980835,6.949999809265137,7.25,7.25,11800
2023-06-13,7.28000020980835,7.28000020980835,6.869999885559082,6.909999847412109,6.909999847412109,23900
2023-06-14,7.150000095367432,7.150000095367432,6.690000057220459,6.690000057220459,6.690000057220459,20800
2023-06-15,6.75,6.988999843597412,6.679999828338623,6.690000057220459,6.690000057220459,35200
2023-06-16,6.599999904632568,6.880000114440918,5.710000038146973,6.289999961853027,6.289999961853027,309500
2023-06-20,6.289999961853027,6.585000038146973,5.929999828338623,5.929999828338623,5.929999828338623,89300
2023-06-21,5.920000076293945,5.940999984741211,5.519999980926514,5.539999961853027,5.539999961853027,113300
2023-06-22,5.508999824523926,5.71999979019165,5.260000228881836,5.380000114440918,5.380000114440918,68100
2023-06-23,5.184999942779541,5.570000171661377,5.184999942779541,5.570000171661377,5.570000171661377,15400
2023-06-26,5.550000190734863,5.690000057220459,5.519999980926514,5.610000133514404,5.610000133514404,29500
2023-06-27,5.690000057220459,6.150000095367432,5.590000152587891,6.059999942779541,6.059999942779541,60000
2023-06-28,6.0,6.179999828338623,5.760000228881836,5.849999904632568,5.849999904632568,62300
2023-06-29,5.940000057220459,5.989999771118164,5.560999870300293,5.78000020980835,5.78000020980835,37500
2023-06-30,5.769999980926514,6.019999980926514,5.599999904632568,5.829999923706055,5.829999923706055,19800
2023-07-03,5.849999904632568,5.96999979019165,5.579999923706055,5.590000152587891,5.590000152587891,23000
2023-07-05,5.570000171661377,5.860000133514404,5.570000171661377,5.650000095367432,5.650000095367432,40900
2023-07-06,5.690000057220459,5.849999904632568,5.610000133514404,5.730000019073486,5.730000019073486,18200
2023-07-07,5.690000057220459,5.849999904632568,5.630000114440918,5.849999904632568,5.849999904632568,25900
2023-07-10,5.619999885559082,5.889999866485596,5.610000133514404,5.679999828338623,5.679999828338623,41600
2023-07-11,5.71999979019165,5.71999979019165,5.630000114440918,5.670000076293945,5.670000076293945,25400
2023-07-12,5.880000114440918,5.880000114440918,5.309999942779541,5.489999771118164,5.489999771118164,374900
2023-07-13,5.389999866485596,5.486999988555908,5.050000190734863,5.130000114440918,5.130000114440918,154300
2023-07-14,5.090000152587891,5.159999847412109,4.900000095367432,4.949999809265137,4.949999809265137,132500
2023-07-17,5.0,5.090000152587891,4.71999979019165,4.849999904632568,4.849999904632568,122200
2023-07-18,4.889999866485596,5.0,4.795000076293945,4.829999923706055,4.829999923706055,148800
2023-07-19,4.849999904632568,4.85699987411499,4.75,4.809999942779541,4.809999942779541,132000
2023-07-20,4.869999885559082,4.900000095367432,4.820000171661377,4.900000095367432,4.900000095367432,137800
2023-07-21,4.920000076293945,5.0,4.860000133514404,4.900000095367432,4.900000095367432,125800
2023-07-24,5.019999980926514,5.019999980926514,4.75,4.820000171661377,4.820000171661377,120500
2023-07-25,4.840000152587891,4.940000057220459,4.840000152587891,4.869999885559082,4.869999885559082,65200
2023-07-26,4.869999885559082,4.960000038146973,4.730000019073486,4.789999961853027,4.789999961853027,69500
2023-07-27,4.75,4.75,4.400000095367432,4.429999828338623,4.429999828338623,135500
2023-07-28,4.429999828338623,4.429999828338623,4.260000228881836,4.28000020980835,4.28000020980835,165200
2023-07-31,4.349999904632568,4.429999828338623,4.269999980926514,4.380000114440918,4.380000114440918,141200
2023-08-01,4.340000152587891,4.349999904632568,4.139999866485596,4.199999809265137,4.199999809265137,221600
2023-08-02,4.199999809265137,4.239999771118164,3.990000009536743,4.0,4.0,150800
2023-08-03,4.0,4.150000095367432,3.900000095367432,4.070000171661377,4.070000171661377,285700
2023-08-04,4.190000057220459,4.53000020980835,3.9600000381469727,4.03000020980835,4.03000020980835,923300
2023-08-07,4.039999961853027,4.159999847412109,3.849999904632568,4.039999961853027,4.039999961853027,461700
2023-08-08,4.050000190734863,4.110000133514404,4.0,4.070000171661377,4.070000171661377,189700
2023-08-09,4.070000171661377,4.159999847412109,3.825000047683716,3.869999885559082,3.869999885559082,415900
2023-08-10,3.859999895095825,3.859999895095825,2.819999933242798,3.2300000190734863,3.2300000190734863,1088900
2023-08-11,3.200000047683716,3.3499999046325684,3.049999952316284,3.1600000858306885,3.1600000858306885,982500
2023-08-14,3.2699999809265137,3.2699999809265137,2.859999895095825,3.119999885559082,3.119999885559082,840400
2023-08-15,5.840000152587891,7.269999980926514,5.340000152587891,5.670000076293945,5.670000076293945,105160200
2023-08-16,5.550000190734863,6.010000228881836,5.199999809265137,5.409999847412109,5.409999847412109,9801200
2023-08-17,5.300000190734863,5.71999979019165,4.800000190734863,4.800000190734863,4.800000190734863,3224500
2023-08-18,4.639999866485596,5.139999866485596,4.630000114440918,5.010000228881836,5.010000228881836,1298400
2023-08-21,4.900000095367432,5.150000095367432,4.699999809265137,5.079999923706055,5.079999923706055,924300
2023-08-22,5.110000133514404,5.630000114440918,5.059999942779541,5.510000228881836,5.510000228881836,1333900
2023-08-23,5.409999847412109,5.88100004196167,5.320000171661377,5.75,5.75,1434400
2023-08-24,5.699999809265137,5.739999771118164,5.230000019073486,5.489999771118164,5.489999771118164,768900
2023-08-25,5.400000095367432,5.539999961853027,5.079999923706055,5.110000133514404,5.110000133514404,631100
2023-08-28,5.050000190734863,5.25,4.920000076293945,4.980000019073486,4.980000019073486,506500
2023-08-29,4.960000038146973,5.099999904632568,4.820000171661377,4.880000114440918,4.880000114440918,719100
2023-08-30,4.909999847412109,5.03000020980835,4.739999771118164,4.809999942779541,4.809999942779541,465100
2023-08-31,4.820000171661377,4.875,4.550000190734863,4.590000152587891,4.590000152587891,706000
2023-09-01,4.590000152587891,5.389999866485596,4.579999923706055,4.860000133514404,4.860000133514404,1113900
2023-09-05,4.900000095367432,4.989999771118164,4.619999885559082,4.650000095367432,4.650000095367432,433900
2023-09-06,4.639999866485596,4.809999942779541,4.449999809265137,4.710000038146973,4.710000038146973,450000
2023-09-07,4.860000133514404,4.860000133514404,4.389999866485596,4.599999904632568,4.599999904632568,639400
2023-09-08,4.730000019073486,5.045000076293945,4.630000114440918,4.809999942779541,4.809999942779541,468100
2023-09-11,4.769999980926514,4.96999979019165,4.769999980926514,4.900000095367432,4.900000095367432,200400
2023-09-12,4.849999904632568,5.050000190734863,4.78000020980835,4.809999942779541,4.809999942779541,219200
2023-09-13,4.730000019073486,4.889999866485596,4.53000020980835,4.53000020980835,4.53000020980835,303300
2023-09-14,4.599999904632568,4.900000095367432,4.539999961853027,4.75,4.75,503400
2023-09-15,4.760000228881836,4.860000133514404,4.420000076293945,4.480000019073486,4.480000019073486,611400
2023-09-18,4.489999771118164,4.505000114440918,4.260000228881836,4.400000095367432,4.400000095367432,406600
2023-09-19,4.420000076293945,4.449999809265137,4.269999980926514,4.429999828338623,4.429999828338623,217100
2023-09-20,4.409999847412109,4.539999961853027,4.28000020980835,4.360000133514404,4.360000133514404,493700
2023-09-21,4.349999904632568,4.349999904632568,4.099999904632568,4.159999847412109,4.159999847412109,397100
2023-09-22,4.210000038146973,4.309999942779541,4.079999923706055,4.139999866485596,4.139999866485596,151700
2023-09-25,4.110000133514404,4.190000057220459,4.0,4.070000171661377,4.070000171661377,332500
2023-09-26,4.03000020980835,4.373000144958496,4.03000020980835,4.119999885559082,4.119999885559082,241400
2023-09-27,4.119999885559082,4.244999885559082,3.9800000190734863,4.019999980926514,4.019999980926514,152200
2023-09-28,4.059999942779541,4.190000057220459,4.019999980926514,4.110000133514404,4.110000133514404,138600
2023-09-29,4.099999904632568,4.340000152587891,4.03000020980835,4.050000190734863,4.050000190734863,240900
2023-10-02,4.03000020980835,4.059999942779541,3.509999990463257,3.7300000190734863,3.7300000190734863,977300
2023-10-03,3.7300000190734863,3.819999933242798,3.575000047683716,3.650000095367432,3.650000095367432,198400
2023-10-04,3.670000076293945,3.7799999713897705,3.640000104904175,3.680000066757202,3.680000066757202,102400
2023-10-05,3.630000114440918,3.759999990463257,3.5899999141693115,3.640000104904175,3.640000104904175,106200
2023-10-06,3.619999885559082,3.740000009536743,3.5199999809265137,3.7200000286102295,3.7200000286102295,107400
2023-10-09,3.670000076293945,3.7100000381469727,3.539999961853028,3.690000057220459,3.690000057220459,132900
2023-10-10,3.7300000190734863,3.900000095367432,3.700000047683716,3.7799999713897705,3.7799999713897705,169400
2023-10-11,3.75,3.7920000553131104,3.494999885559082,3.559999942779541,3.559999942779541,281500
2023-10-12,3.549999952316284,3.559999942779541,3.319999933242798,3.3299999237060547,3.3299999237060547,250600
2023-10-13,3.2699999809265137,3.5299999713897705,3.2699999809265137,3.4600000381469727,3.4600000381469727,187400
2023-10-16,3.490000009536743,3.740000009536743,3.4609999656677246,3.670000076293945,3.670000076293945,225100
2023-10-17,3.630000114440918,3.920000076293945,3.630000114440918,3.829999923706055,3.829999923706055,314500
2023-10-18,3.849999904632568,3.940000057220459,3.759999990463257,3.799999952316284,3.799999952316284,181300
2023-10-19,3.799999952316284,3.888999938964844,3.660000085830689,3.7100000381469727,3.7100000381469727,150800
2023-10-20,3.640000104904175,3.7200000286102295,3.559999942779541,3.5999999046325684,3.5999999046325684,105800
2023-10-23,3.549999952316284,3.5999999046325684,3.450000047683716,3.5,3.5,116500
2023-10-24,3.5,3.5980000495910645,3.5,3.569999933242798,3.569999933242798,120200
2023-10-25,3.549999952316284,3.569999933242798,3.289999961853028,3.440000057220459,3.440000057220459,252700
2023-10-26,3.400000095367432,3.490000009536743,3.3299999237060547,3.369999885559082,3.369999885559082,98800
2023-10-27,3.359999895095825,3.380000114440918,3.259999990463257,3.2799999713897705,3.2799999713897705,108000
2023-10-30,3.299999952316284,3.359999895095825,3.220000028610229,3.25,3.25,232800
2023-10-31,3.2799999713897705,3.2799999713897705,3.150000095367432,3.150000095367432,3.150000095367432,290000
2023-11-01,3.190000057220459,3.220000028610229,3.0,3.109999895095825,3.109999895095825,272100
2023-11-02,3.150000095367432,3.259999990463257,3.009999990463257,3.200000047683716,3.200000047683716,302200
2023-11-03,3.25,3.319999933242798,3.049999952316284,3.119999885559082,3.119999885559082,733200
2023-11-06,3.0999999046325684,3.2799999713897705,3.0899999141693115,3.180000066757202,3.180000066757202,195300
2023-11-07,3.200000047683716,3.289999961853028,3.150000095367432,3.2300000190734863,3.2300000190734863,165500
2023-11-08,3.240000009536743,3.259999990463257,3.119999885559082,3.140000104904175,3.140000104904175,160300
2023-11-09,3.140000104904175,3.140000104904175,2.9100000858306885,2.990000009536743,2.990000009536743,498100
2023-11-10,2.9800000190734863,3.0199999809265137,2.884999990463257,2.950000047683716,2.950000047683716,248500
2023-11-13,2.940000057220459,3.049999952316284,2.890000104904175,2.9800000190734863,2.9800000190734863,205300
2023-11-14,2.950000047683716,2.9600000381469727,2.25,2.25,2.25,1333200
2023-11-15,2.299999952316284,2.619999885559082,2.299999952316284,2.359999895095825,2.359999895095825,616600
2023-11-16,2.490000009536743,2.5199999809265137,2.380000114440918,2.470000028610229,2.470000028610229,567900
2023-11-17,2.4800000190734863,2.569999933242798,2.380000114440918,2.450000047683716,2.450000047683716,848300
2023-11-20,2.509999990463257,2.880000114440918,2.470999956130981,2.700000047683716,2.700000047683716,782200
2023-11-21,2.950000047683716,3.058000087738037,2.7300000190734863,2.9600000381469727,2.9600000381469727,1423200
2023-11-22,3.0,3.0999999046325684,2.878999948501587,2.890000104904175,2.890000104904175,434600
2023-11-24,2.890000104904175,3.0199999809265137,2.859999895095825,2.990000009536743,2.990000009536743,123400
2023-11-27,3.0,3.115000009536743,2.95199990272522,2.9800000190734863,2.9800000190734863,218700
2023-11-28,2.9800000190734863,3.032999992370605,2.799999952316284,2.859999895095825,2.859999895095825,144600
2023-11-29,2.900000095367432,2.940000057220459,2.789999961853028,2.799999952316284,2.799999952316284,229600
2023-11-30,2.799999952316284,2.9100000858306885,2.690000057220459,2.75,2.75,380600
2023-12-01,2.720000028610229,2.9100000858306885,2.690000057220459,2.880000114440918,2.880000114440918,162200
2023-12-04,2.809999942779541,2.900000095367432,2.7300000190734863,2.759999990463257,2.759999990463257,341000
2023-12-05,2.720000028610229,2.789999961853028,2.690000057220459,2.740000009536743,2.740000009536743,203100
2023-12-06,2.740000009536743,2.930000066757202,2.5999999046325684,2.8499999046325684,2.8499999046325684,754100
2023-12-07,2.8499999046325684,2.9200000762939453,2.802999973297119,2.869999885559082,2.869999885559082,213500
2023-12-08,2.880000114440918,3.0,2.859999895095825,2.9800000190734863,2.9800000190734863,221700
2023-12-11,3.0899999141693115,3.0899999141693115,2.8399999141693115,2.869999885559082,2.869999885559082,202500
2023-12-12,3.0,3.220000028610229,2.930000066757202,3.130000114440918,3.130000114440918,552500
2023-12-13,3.109999895095825,3.309999942779541,3.109999895095825,3.244999885559082,3.244999885559082,265800
2023-12-14,3.309999942779541,3.490000009536743,3.200000047683716,3.220000028610229,3.220000028610229,405100
2023-12-15,3.390000104904175,3.470000028610229,3.0999999046325684,3.190000057220459,3.190000057220459,482700
2023-12-18,3.190000057220459,3.549000024795532,3.119999885559082,3.4600000381469727,3.4600000381469727,398800
2023-12-19,3.490000009536743,3.759999990463257,3.490000009536743,3.700000047683716,3.700000047683716,423700
2023-12-20,3.740000009536743,3.740000009536743,3.509999990463257,3.5199999809265137,3.5199999809265137,441800
2023-12-21,3.5299999713897705,3.849999904632568,3.430000066757202,3.809999942779541,3.809999942779541,607400
2023-12-22,3.7100000381469727,4.099999904632568,3.7100000381469727,4.010000228881836,4.010000228881836,1397100
2023-12-26,3.940000057220459,4.090000152587891,3.859999895095825,3.930000066757202,3.930000066757202,138000
2023-12-27,3.869999885559082,4.126999855041504,3.869999885559082,4.059999942779541,4.059999942779541,213900
2023-12-28,4.059999942779541,4.28000020980835,4.010000228881836,4.170000076293945,4.170000076293945,295500
2023-12-29,4.199999809265137,4.300000190734863,4.079999923706055,4.159999847412109,4.159999847412109,299400
2024-01-02,4.150000095367432,4.28000020980835,3.930000066757202,4.105000019073486,4.105000019073486,275400
2024-01-03,4.059999942779541,4.110000133514404,4.0,4.099999904632568,4.099999904632568,180900
2024-01-04,4.059999942779541,4.190000057220459,4.03000020980835,4.119999885559082,4.119999885559082,144400
2024-01-05,4.119999885559082,4.150000095367432,4.050000190734863,4.110000133514404,4.110000133514404,278000
2024-01-08,4.099999904632568,4.639999866485596,4.050000190734863,4.534999847412109,4.534999847412109,463000
2024-01-09,4.53000020980835,4.53000020980835,4.28000020980835,4.380000114440918,4.380000114440918,231000
2024-01-10,4.400000095367432,4.670000076293945,4.329999923706055,4.409999847412109,4.409999847412109,626300
2024-01-11,4.400000095367432,4.484000205993652,4.099999904632568,4.190000057220459,4.190000057220459,474200
2024-01-12,4.190000057220459,4.360000133514404,3.928999900817871,3.990000009536743,3.990000009536743,341000
2024-01-16,3.920000076293945,4.099999904632568,3.900000095367432,4.0,4.0,282900
2024-01-17,3.9600000381469727,3.9800000190734863,3.75,3.849999904632568,3.849999904632568,187700
2024-01-18,3.890000104904175,3.9800000190734863,3.75,3.839999914169312,3.839999914169312,230800
2024-01-19,3.839999914169312,3.9700000286102295,3.759999990463257,3.9600000381469727,3.9600000381469727,134300
2024-01-22,3.920000076293945,4.369999885559082,3.920000076293945,4.289999961853027,4.289999961853027,318400
2024-01-23,4.28000020980835,4.400000095367432,4.230000019073486,4.360000133514404,4.360000133514404,131300
2024-01-24,4.340000152587891,4.400000095367432,4.260000228881836,4.300000190734863,4.300000190734863,126100
2024-01-25,4.28000020980835,4.340000152587891,4.179999828338623,4.320000171661377,4.320000171661377,85000
2024-01-26,4.320000171661377,4.460000038146973,4.320000171661377,4.440000057220459,4.440000057220459,154700
2024-01-29,4.5,4.671999931335449,4.449999809265137,4.599999904632568,4.599999904632568,217500
2024-01-30,4.679999828338623,4.699999809265137,4.400000095367432,4.440000057220459,4.440000057220459,169600
2024-01-31,4.75,5.150000095367432,4.602000236511231,4.789999961853027,4.789999961853027,604700
2024-02-01,4.849999904632568,4.880000114440918,4.550000190734863,4.71999979019165,4.71999979019165,314000
2024-02-02,4.730000019073486,4.769999980926514,4.619999885559082,4.704999923706055,4.704999923706055,130100
2024-02-05,4.679999828338623,4.679999828338623,4.369999885559082,4.53000020980835,4.53000020980835,228300
2024-02-06,4.53000020980835,4.739999771118164,4.53000020980835,4.679999828338623,4.679999828338623,101800
2024-02-07,4.690000057220459,4.690000057220459,4.510000228881836,4.650000095367432,4.650000095367432,76500
2024-02-08,4.699999809265137,4.699999809265137,4.5,4.579999923706055,4.579999923706055,96200
2024-02-09,4.599999904632568,4.775000095367432,4.559999942779541,4.75,4.75,107300
2024-02-12,4.760000228881836,4.912000179290772,4.710000038146973,4.78000020980835,4.78000020980835,120800
2024-02-13,4.760000228881836,4.760000228881836,4.510000228881836,4.570000171661377,4.570000171661377,105700
2024-02-14,4.599999904632568,4.71999979019165,4.510000228881836,4.710000038146973,4.710000038146973,65100
2024-02-15,4.699999809265137,4.809999942779541,4.489999771118164,4.519999980926514,4.519999980926514,116900
2024-02-16,4.550000190734863,4.677999973297119,4.400000095367432,4.400000095367432,4.400000095367432,153800
2024-02-20,4.400000095367432,4.510000228881836,4.177999973297119,4.215000152587891,4.215000152587891,200200
2024-02-21,4.119999885559082,4.269999980926514,4.119999885559082,4.210000038146973,4.210000038146973,94000
2024-02-22,4.380000114440918,4.429999828338623,4.21999979019165,4.28000020980835,4.28000020980835,177400
2024-02-23,4.389999866485596,4.389999866485596,4.21999979019165,4.320000171661377,4.320000171661377,141200
2024-02-26,4.269999980926514,4.400000095367432,4.179999828338623,4.210000038146973,4.210000038146973,103900
2024-02-27,4.269999980926514,4.28000020980835,4.170000076293945,4.230000019073486,4.230000019073486,101000
2024-02-28,4.230000019073486,4.235000133514404,4.090000152587891,4.159999847412109,4.159999847412109,96900
2024-02-29,4.21999979019165,4.269999980926514,4.099999904632568,4.170000076293945,4.170000076293945,64200
2024-03-01,4.159999847412109,4.25,4.150000095367432,4.190000057220459,4.190000057220459,54300
2024-03-04,4.179999828338623,4.239999771118164,4.079999923706055,4.179999828338623,4.179999828338623,168300
2024-03-05,4.170000076293945,4.170000076293945,3.920000076293945,3.944999933242798,3.944999933242798,151000
2024-03-06,3.9600000381469727,4.03000020980835,3.880000114440918,3.900000095367432,3.900000095367432,136900
2024-03-07,3.9600000381469727,4.010000228881836,3.920000076293945,3.990000009536743,3.990000009536743,80500
2024-03-08,4.0,4.090000152587891,3.910000085830689,3.984999895095825,3.984999895095825,296700
2024-03-11,4.03000020980835,4.03000020980835,3.859999895095825,3.880000114440918,3.880000114440918,139200
2024-03-12,3.849999904632568,3.869999885559082,3.809999942779541,3.8450000286102295,3.8450000286102295,135300
2024-03-13,3.829999923706055,3.900000095367432,3.7899999618530273,3.829999923706055,3.829999923706055,139100
2024-03-14,3.799999952316284,3.839999914169312,3.700000047683716,3.7200000286102295,3.7200000286102295,212000
2024-03-15,3.809999942779541,4.300000190734863,3.809999942779541,3.9700000286102295,3.9700000286102295,886300
2024-03-18,3.9800000190734863,4.329999923706055,3.930000066757202,4.179999828338623,4.179999828338623,144600
2024-03-19,4.159999847412109,4.369999885559082,4.123000144958496,4.28000020980835,4.28000020980835,113000
2024-03-20,4.289999961853027,4.489999771118164,4.21999979019165,4.25,4.25,128700
2024-03-21,4.510000228881836,4.769999980926514,4.369999885559082,4.670000076293945,4.670000076293945,317500
2024-03-22,4.690000057220459,4.735000133514404,4.420000076293945,4.679999828338623,4.679999828338623,209600
2024-03-25,4.670000076293945,4.880000114440918,4.563000202178955,4.659999847412109,4.659999847412109,412700
2024-03-26,4.570000171661377,4.75,4.400000095367432,4.610000133514404,4.610000133514404,366800
2024-03-27,4.71999979019165,5.150000095367432,4.510000228881836,5.090000152587891,5.090000152587891,762600
2024-03-28,5.03000020980835,5.050000190734863,4.75,4.769999980926514,4.769999980926514,393100
2024-04-01,4.769999980926514,5.010000228881836,4.75,4.789999961853027,4.789999961853027,329600
2024-04-02,4.789999961853027,4.880000114440918,4.599999904632568,4.699999809265137,4.699999809265137,175700
2024-04-03,4.650000095367432,4.909999847412109,4.650000095367432,4.869999885559082,4.869999885559082,179500
2024-04-04,4.869999885559082,5.090000152587891,4.840000152587891,5.03000020980835,5.03000020980835,253100
2024-04-05,4.989999771118164,5.110000133514404,4.940000057220459,5.0,5.0,164300
2024-04-08,5.050000190734863,5.329999923706055,5.0,5.039999961853027,5.039999961853027,364700
2024-04-09,5.039999961853027,5.136000156402588,4.889999866485596,4.96999979019165,4.96999979019165,131200
2024-04-10,4.900000095367432,5.050000190734863,4.889999866485596,5.0,5.0,211800
2024-04-11,4.989999771118164,5.090000152587891,4.909999847412109,5.0,5.0,134100
2024-04-12,4.989999771118164,5.0,4.849999904632568,4.949999809265137,4.949999809265137,269700
2024-04-15,4.980000019073486,5.010000228881836,4.710000038146973,4.869999885559082,4.869999885559082,182200
2024-04-16,4.860000133514404,4.860000133514404,4.659999847412109,4.730000019073486,4.730000019073486,127400
2024-04-17,4.710000038146973,4.829999923706055,4.440000057220459,4.474999904632568,4.474999904632568,200600
2024-04-18,4.429999828338623,5.03000020980835,4.260000228881836,4.695000171661377,4.695000171661377,335100
2024-04-19,4.769999980926514,4.900000095367432,4.619999885559082,4.869999885559082,4.869999885559082,303300
2024-04-22,4.900000095367432,5.510000228881836,4.869999885559082,5.510000228881836,5.510000228881836,530200
2024-04-23,5.489999771118164,5.742000102996826,5.400000095367432,5.599999904632568,5.599999904632568,220900
2024-04-24,5.610000133514404,5.610000133514404,5.239999771118164,5.449999809265137,5.449999809265137,190700
2024-04-25,5.380000114440918,5.380000114440918,5.039999961853027,5.260000228881836,5.260000228881836,147000
2024-04-26,5.289999961853027,5.5,5.28000020980835,5.300000190734863,5.300000190734863,165100
2024-04-29,5.329999923706055,5.449999809265137,5.199999809265137,5.210000038146973,5.210000038146973,172800
2024-04-30,5.170000076293945,5.324999809265137,5.119999885559082,5.199999809265137,5.199999809265137,164400
2024-05-01,5.190000057220459,5.525000095367432,5.150000095367432,5.400000095367432,5.400000095367432,336700
2024-05-02,5.5,5.570000171661377,5.309999942779541,5.440000057220459,5.440000057220459,317000
2024-05-03,5.550000190734863,5.679999828338623,5.440000057220459,5.559999942779541,5.559999942779541,76800
2024-05-06,5.590000152587891,5.849999904632568,5.556000232696533,5.769999980926514,5.769999980926514,142600
2024-05-07,5.889999866485596,5.889999866485596,5.664000034332275,5.710000038146973,5.710000038146973,137400
2024-05-08,5.75,5.795000076293945,5.420000076293945,5.514999866485596,5.514999866485596,250200
2024-05-09,5.519999980926514,5.670000076293945,5.449999809265137,5.559999942779541,5.559999942779541,153600
2024-05-10,5.590000152587891,5.864999771118164,5.510000228881836,5.710000038146973,5.710000038146973,244600
2024-05-13,5.769999980926514,5.800000190734863,5.300000190734863,5.400000095367432,5.400000095367432,370500
2024-05-14,6.010000228881836,7.349999904632568,5.960000038146973,7.070000171661377,7.070000171661377,1588400
2024-05-15,7.409999847412109,7.650000095367432,7.03000020980835,7.190000057220459,7.190000057220459,491100
2024-05-16,7.159999847412109,7.400000095367432,6.889999866485596,6.960000038146973,6.960000038146973,306900
2024-05-17,7.050000190734863,7.710000038146973,7.0,7.570000171661377,7.570000171661377,335200
2024-05-20,7.46999979019165,8.180000305175781,7.46999979019165,8.029999732971191,8.029999732971191,590800
2024-05-21,8.029999732971191,8.5,7.840000152587891,8.09000015258789,8.09000015258789,472300
2024-05-22,8.109999656677246,8.125,7.650000095367432,7.849999904632568,7.849999904632568,332300
2024-05-23,7.909999847412109,8.050000190734863,7.599999904632568,7.849999904632568,7.849999904632568,181400
2024-05-24,7.849999904632568,8.005000114440918,7.724999904632568,7.78000020980835,7.78000020980835,131800
2024-05-28,7.78000020980835,7.78000020980835,7.230000019073486,7.349999904632568,7.349999904632568,304600
2024-05-29,7.400000095367432,7.5,7.130000114440918,7.150000095367432,7.150000095367432,173200
2024-05-30,7.170000076293945,7.230000019073486,6.760000228881836,6.760000228881836,6.760000228881836,232600
2024-05-31,6.809999942779541,7.239999771118164,6.715000152587891,7.050000190734863,7.050000190734863,309600
2024-06-03,7.070000171661377,7.170000076293945,6.610000133514404,6.730000019073486,6.730000019073486,253700
2024-06-04,6.619999885559082,6.699999809265137,6.329999923706055,6.449999809265137,6.449999809265137,275000
2024-06-05,6.510000228881836,6.920000076293945,6.5,6.860000133514404,6.860000133514404,238600
2024-06-06,6.820000171661377,7.039999961853027,6.607999801635742,6.690000057220459,6.690000057220459,92000
2024-06-07,6.570000171661377,6.789999961853027,6.429999828338623,6.550000190734863,6.550000190734863,101200
2024-06-10,6.5,6.760000228881836,6.420000076293945,6.730000019073486,6.730000019073486,94700
2024-06-11,6.690000057220459,6.980000019073486,6.610000133514404,6.880000114440918,6.880000114440918,85200
2024-06-12,7.099999904632568,7.275000095367432,7.0,7.170000076293945,7.170000076293945,173400
2024-06-13,7.159999847412109,7.739999771118164,7.117000102996826,7.420000076293945,7.420000076293945,183700
2024-06-14,7.5,7.630000114440918,7.380000114440918,7.630000114440918,7.630000114440918,149300
2024-06-17,7.489999771118164,7.840000152587891,7.489999771118164,7.730000019073486,7.730000019073486,305100
2024-06-18,7.769999980926514,8.449999809265137,7.389999866485596,7.639999866485596,7.639999866485596,1048800
2024-06-20,7.900000095367432,8.130000114440918,7.659999847412109,8.130000114440918,8.130000114440918,379600
2024-06-21,8.0600004196167,8.130000114440918,7.840000152587891,8.0600004196167,8.0600004196167,229300
2024-06-24,8.079999923706055,8.260000228881836,7.910999774932861,8.229999542236328,8.229999542236328,173900
2024-06-25,8.25,8.600000381469727,8.109999656677246,8.3100004196167,8.3100004196167,224300
2024-06-26,8.25,8.270000457763672,7.800000190734863,8.100000381469727,8.100000381469727,200600
2024-06-27,8.109999656677246,8.350000381469727,7.960000038146973,8.229999542236328,8.229999542236328,138400
2024-06-28,8.649999618530273,9.18000030517578,8.199999809265137,8.369999885559082,8.369999885559082,495600
2024-07-01,8.319999694824219,8.600000381469727,8.149999618530273,8.260000228881836,8.260000228881836,154400
2024-07-02,8.289999961853027,8.289999961853027,7.769999980926514,7.909999847412109,7.909999847412109,248700
2024-07-03,7.920000076293945,8.039999961853027,7.78000020980835,7.909999847412109,7.909999847412109,116600
2024-07-05,7.920000076293945,8.0,7.630000114440918,7.960000038146973,7.960000038146973,152900
2024-07-08,8.0,8.210000038146973,7.820000171661377,7.909999847412109,7.909999847412109,154800
2024-07-09,7.909999847412109,8.15999984741211,7.829999923706055,8.15999984741211,8.15999984741211,119100
2024-07-10,8.25,8.425000190734863,8.140000343322754,8.140000343322754,8.140000343322754,145000
2024-07-11,8.3100004196167,8.399999618530273,7.840000152587891,8.0,8.0,322000
2024-07-12,8.09000015258789,8.114999771118164,7.900000095367432,8.069999694824219,8.069999694824219,220900
2024-07-15,8.15999984741211,8.319999694824219,7.849999904632568,7.960000038146973,7.960000038146973,127700
2024-07-16,7.989999771118164,8.14900016784668,7.889999866485596,7.96999979019165,7.96999979019165,156400
2024-07-17,7.920000076293945,8.029999732971191,7.5,7.820000171661377,7.820000171661377,300700
2024-07-18,7.75,7.875,7.369999885559082,7.429999828338623,7.429999828338623,200800
2024-07-19,7.380000114440918,8.25,7.380000114440918,8.229999542236328,8.229999542236328,369400
2024-07-22,8.289999961853027,8.428000450134277,8.079999923706055,8.319999694824219,8.319999694824219,167700
2024-07-23,8.329999923706055,8.720000267028809,8.15999984741211,8.6899995803833,8.6899995803833,382000
2024-07-24,8.579999923706055,8.890000343322754,8.470000267028809,8.84000015258789,8.84000015258789,173300
2024-07-25,8.829999923706055,9.0,8.600000381469727,8.699999809265137,8.699999809265137,143300
2024-07-26,8.800000190734863,8.821999549865723,8.390000343322754,8.699999809265137,8.699999809265137,163900
2024-07-29,8.739999771118164,8.890000343322754,8.210000038146973,8.210000038146973,8.210000038146973,92900
2024-07-30,8.210000038146973,8.555000305175781,8.149999618530273,8.470000267028809,8.470000267028809,140400
2024-07-31,8.569999694824219,8.899999618530273,8.289999961853027,8.619999885559082,8.619999885559082,174800
2024-08-01,8.630000114440918,8.789999961853027,7.96999979019165,8.1899995803833,8.1899995803833,282500
2024-08-02,7.889999866485596,8.359999656677246,7.880000114440918,8.119999885559082,8.119999885559082,340000
2024-08-05,7.699999809265137,8.350000381469727,7.349999904632568,8.319999694824219,8.319999694824219,404800
2024-08-06,8.420000076293945,8.449999809265137,7.300000190734863,7.909999847412109,7.909999847412109,985900
2024-08-07,8.010000228881836,8.359999656677246,7.590000152587891,7.789999961853027,7.789999961853027,320000
2024-08-08,7.820000171661377,8.170000076293945,7.800000190734863,8.050000190734863,8.050000190734863,262000
2024-08-09,8.010000228881836,8.039999961853027,7.769999980926514,7.78000020980835,7.78000020980835,134400
2024-08-12,7.769999980926514,7.78000020980835,7.409999847412109,7.46999979019165,7.46999979019165,170600
2024-08-13,7.519999980926514,7.599999904632568,7.340000152587891,7.409999847412109,7.409999847412109,168800
2024-08-14,7.449999809265137,7.449999809265137,7.170000076293945,7.360000133514404,7.360000133514404,155500
2024-08-15,7.409999847412109,7.570000171661377,7.360000133514404,7.489999771118164,7.489999771118164,123200
2024-08-16,7.5,7.639999866485596,7.449999809265137,7.5,7.5,113400
2024-08-19,7.539999961853027,8.119999885559082,7.539999961853027,8.0,8.0,274600
2024-08-20,8.0,8.109999656677246,7.783999919891357,7.880000114440918,7.880000114440918,179400
2024-08-21,7.880000114440918,8.100000381469727,7.840000152587891,7.96999979019165,7.96999979019165,159900
2024-08-22,8.010000228881836,8.149999618530273,7.829999923706055,7.869999885559082,7.869999885559082,164500
2024-08-23,7.869999885559082,8.140000343322754,7.849999904632568,8.010000228881836,8.010000228881836,117200
2024-08-26,8.109999656677246,9.170000076293944,8.085000038146973,9.119999885559082,9.119999885559082,398200
2024-08-27,9.25,10.699999809265137,8.90999984741211,10.539999961853027,10.539999961853027,1516900
2024-08-28,10.510000228881836,10.6899995803833,10.149999618530272,10.640000343322754,10.640000343322754,490100
2024-08-29,10.789999961853027,11.744999885559082,10.350000381469728,10.770000457763672,10.770000457763672,600400
2024-08-30,10.859999656677246,11.15999984741211,10.420000076293944,11.0,11.0,427800
2024-09-03,10.93000030517578,10.949999809265137,10.359999656677246,10.5600004196167,10.5600004196167,280800
2024-09-04,10.460000038146973,11.039999961853027,10.350000381469728,10.859999656677246,10.859999656677246,283300
2024-09-05,10.859999656677246,10.979999542236328,10.4399995803833,10.449999809265137,10.449999809265137,169300
2024-09-06,10.420000076293944,10.420000076293944,9.520000457763672,9.670000076293944,9.670000076293944,492100
2024-09-09,9.699999809265137,10.09000015258789,9.699999809265137,9.779999732971191,9.779999732971191,237100
2024-09-10,9.710000038146973,10.0,9.5600004196167,9.869999885559082,9.869999885559082,93900
2024-09-11,9.850000381469728,10.010000228881836,9.649999618530272,9.960000038146973,9.960000038146973,190900
2024-09-12,10.0,10.399999618530272,9.8100004196167,9.8100004196167,9.8100004196167,313700
2024-09-13,9.770000457763672,9.90999984741211,9.529999732971191,9.539999961853027,9.539999961853027,308900
2024-09-16,9.550000190734863,9.619999885559082,9.34000015258789,9.5,9.5,230700
2024-09-17,9.5,9.78600025177002,9.270000457763672,9.380000114440918,9.380000114440918,204100
2024-09-18,9.380000114440918,9.449999809265137,9.029999732971191,9.050000190734863,9.050000190734863,308500
2024-09-19,9.229999542236328,9.420000076293944,9.050000190734863,9.079999923706056,9.079999923706056,333800
2024-09-20,9.09000015258789,9.190999984741213,8.899999618530273,9.0,9.0,290100
2024-09-23,9.119999885559082,9.15999984741211,8.720000267028809,8.739999771118164,8.739999771118164,283900
2024-09-24,8.739999771118164,9.109000205993652,8.720000267028809,8.9399995803833,8.9399995803833,234000
2024-09-25,8.930000305175781,9.13700008392334,8.850000381469727,8.989999771118164,8.989999771118164,206300
2024-09-26,9.029999732971191,9.229999542236328,8.729999542236328,8.869999885559082,8.869999885559082,247200
2024-09-27,9.010000228881836,9.229999542236328,8.883000373840332,9.135000228881836,9.135000228881836,203000
2024-09-30,9.0600004196167,9.19499969482422,8.899999618530273,9.029999732971191,9.029999732971191,183300
2024-10-01,9.020000457763672,9.25,8.470000267028809,8.859999656677246,8.859999656677246,480000
2024-10-02,8.8100004196167,8.890000343322754,8.520000457763672,8.649999618530273,8.649999618530273,200500
2024-10-03,8.600000381469727,8.779999732971191,8.560999870300293,8.609999656677246,8.609999656677246,191400
2024-10-04,8.630000114440918,8.819999694824219,8.579999923706055,8.770000457763672,8.770000457763672,160400
2024-10-07,8.760000228881836,8.890000343322754,8.39799976348877,8.520000457763672,8.520000457763672,228000
2024-10-08,8.5,8.729999542236328,8.369999885559082,8.4399995803833,8.4399995803833,240800
2024-10-09,8.4399995803833,8.600000381469727,8.430000305175781,8.510000228881836,8.510000228881836,156400
2024-10-10,8.510000228881836,8.5649995803833,8.079999923706055,8.180000305175781,8.180000305175781,255600
2024-10-11,8.1899995803833,8.4350004196167,8.15999984741211,8.324999809265137,8.324999809265137,111600
2024-10-14,8.399999618530273,8.729999542236328,8.350000381469727,8.729999542236328,8.729999542236328,228600
2024-10-15,8.789999961853027,9.15999984741211,8.770000457763672,8.930000305175781,8.930000305175781,246800
2024-10-16,8.960000038146973,9.520000457763672,8.880000114440918,9.510000228881836,9.510000228881836,253300
2024-10-17,10.199999809265137,11.1899995803833,9.984999656677246,10.229999542236328,10.229999542236328,1008100
2024-10-18,10.289999961853027,11.390000343322754,10.029999732971191,11.279999732971191,11.279999732971191,819100
2024-10-21,11.420000076293944,11.600000381469728,10.880000114440918,11.050000190734863,11.050000190734863,476400
2024-10-22,11.0,11.59000015258789,10.961999893188477,11.369999885559082,11.369999885559082,539700
2024-10-23,11.329999923706056,11.65999984741211,10.989999771118164,11.18000030517578,11.18000030517578,437700
2024-10-24,11.239999771118164,11.388999938964844,10.520000457763672,10.649999618530272,10.649999618530272,302800
2024-10-25,10.649999618530272,10.81999969482422,10.470000267028809,10.68000030517578,10.68000030517578,246600
2024-10-28,10.699999809265137,10.890000343322754,10.390000343322754,10.5,10.5,336600
2024-10-29,10.5,10.59000015258789,10.229999542236328,10.380000114440918,10.380000114440918,190200
2024-10-30,10.3100004196167,10.479999542236328,10.109999656677246,10.449999809265137,10.449999809265137,215700
2024-10-31,10.369999885559082,10.9399995803833,10.1899995803833,10.890000343322754,10.890000343322754,454800
2024-11-01,11.0,11.050000190734863,10.40999984741211,10.5,10.5,272400
2024-11-04,10.800000190734863,11.06700038909912,10.5,10.770000457763672,10.770000457763672,337300
2024-11-05,10.800000190734863,10.960000038146973,10.56999969482422,10.899999618530272,10.899999618530272,239000
2024-11-06,11.239999771118164,11.239999771118164,10.800000190734863,10.9399995803833,10.9399995803833,279600
2024-11-07,11.0,11.229999542236328,10.880000114440918,10.9399995803833,10.9399995803833,357800
2024-11-08,12.0,12.880000114440918,10.859999656677246,11.0600004196167,11.0600004196167,1119100
2024-11-11,11.260000228881836,11.260000228881836,9.784000396728516,9.960000038146973,9.960000038146973,765100
2024-11-12,10.0600004196167,10.104999542236328,9.579999923706056,9.699999809265137,9.699999809265137,609700
2024-11-13,9.6899995803833,9.9399995803833,9.40999984741211,9.40999984741211,9.40999984741211,380000
2024-11-14,9.40999984741211,9.53499984741211,9.199999809265137,9.229999542236328,9.229999542236328,324600
2024-11-15,9.199999809265137,9.390000343322754,8.869999885559082,9.390000343322754,9.390000343322754,1023300
2024-11-18,9.529999732971191,9.857999801635742,9.227999687194824,9.739999771118164,9.739999771118164,485000
2024-11-19,9.6899995803833,10.029999732971191,9.592000007629396,9.90999984741211,9.90999984741211,388400
2024-11-20,9.899999618530272,10.039999961853027,9.5,9.630000114440918,9.630000114440918,398000
2024-11-21,9.59000015258789,9.979999542236328,9.59000015258789,9.850000381469728,9.850000381469728,370500
2024-11-22,9.9399995803833,10.010000228881836,9.329999923706056,9.760000228881836,9.760000228881836,640200
2024-11-25,9.800000190734863,10.529999732971191,9.760000228881836,10.494999885559082,10.494999885559082,398000
2024-11-26,10.5600004196167,10.763999938964844,10.31999969482422,10.649999618530272,10.649999618530272,261500
2024-11-27,10.609999656677246,11.279999732971191,10.609999656677246,11.220000267028809,11.220000267028809,474700
2024-11-29,11.220000267028809,11.979999542236328,11.220000267028809,11.880000114440918,11.880000114440918,401600
2024-12-02,11.550000190734863,12.789999961853027,11.43000030517578,12.640000343322754,12.640000343322754,658100
2024-12-03,12.619999885559082,12.619999885559082,11.56999969482422,11.859999656677246,11.859999656677246,415400
2024-12-04,11.899999618530272,12.0,11.420000076293944,11.43000030517578,11.43000030517578,237700
2024-12-05,11.43000030517578,11.789999961853027,11.423999786376951,11.479999542236328,11.479999542236328,188900
2024-12-06,11.479999542236328,11.960000038146973,11.449999809265137,11.869999885559082,11.869999885559082,239700
2024-12-09,11.970000267028809,12.100000381469728,11.359999656677246,11.579999923706056,11.579999923706056,207000
2024-12-10,11.600000381469728,11.9399995803833,11.49899959564209,11.65999984741211,11.65999984741211,187000
2024-12-11,11.670000076293944,12.335000038146973,11.475000381469728,12.270000457763672,12.270000457763672,318400
2024-12-12,12.31999969482422,12.383999824523926,11.770000457763672,11.800000190734863,11.800000190734863,282800
2024-12-13,11.760000228881836,12.350000381469728,11.760000228881836,12.109999656677246,12.109999656677246,300100
2024-12-16,11.800000190734863,13.300999641418455,11.66800022125244,12.220000267028809,12.220000267028809,748500
2024-12-17,12.329999923706056,12.366000175476074,11.81999969482422,11.9399995803833,11.9399995803833,442800
2024-12-18,11.850000381469728,12.0,10.75,10.960000038146973,10.960000038146973,413000
2024-12-19,11.079999923706056,11.390000343322754,10.869999885559082,11.18000030517578,11.18000030517578,293800
2024-12-20,11.149999618530272,11.279999732971191,10.835000038146973,11.010000228881836,11.010000228881836,458900
2024-12-23,11.079999923706056,11.510000228881836,10.75,11.4399995803833,11.4399995803833,276700
2024-12-24,11.399999618530272,11.59000015258789,11.12600040435791,11.34000015258789,11.34000015258789,113300
2024-12-26,11.199999809265137,12.09000015258789,11.020000457763672,11.970000267028809,11.970000267028809,333900
2024-12-27,11.890000343322754,12.0,11.420000076293944,11.960000038146973,11.960000038146973,268800
2024-12-30,11.75,12.0,11.1899995803833,11.890000343322754,11.890000343322754,401000
2024-12-31,12.09000015258789,12.17300033569336,11.642000198364258,12.039999961853027,12.039999961853027,214000
2025-01-02,12.170000076293944,12.710000038146973,11.93000030517578,12.609999656677246,12.609999656677246,527400
2025-01-03,12.850000381469728,12.850000381469728,12.369999885559082,12.670000076293944,12.670000076293944,452600
2025-01-06,12.739999771118164,12.800000190734863,12.229999542236328,12.65999984741211,12.65999984741211,329000
2025-01-07,12.800000190734863,12.84000015258789,12.170000076293944,12.300000190734863,12.300000190734863,293500
2025-01-08,12.279999732971191,12.279999732971191,11.84000015258789,12.0600004196167,12.0600004196167,201900
2025-01-10,11.920000076293944,12.0,11.449999809265137,11.479999542236328,11.479999542236328,291300
2025-01-13,12.979999542236328,12.979999542236328,11.380000114440918,12.789999961853027,12.789999961853027,796900
2025-01-14,12.9399995803833,12.9399995803833,12.395000457763672,12.6899995803833,12.6899995803833,575100
2025-01-15,12.9399995803833,13.100000381469728,12.140000343322754,12.710000038146973,12.710000038146973,554300
2025-01-16,12.899999618530272,14.100000381469728,12.470000267028809,13.670000076293944,13.670000076293944,861500
2025-01-17,14.0,14.470000267028809,13.789999961853027,14.3100004196167,14.3100004196167,573900
2025-01-21,14.479999542236328,15.0600004196167,13.8100004196167,14.979999542236328,14.979999542236328,689500
2025-01-22,15.06999969482422,15.670000076293944,14.729999542236328,15.210000038146973,15.210000038146973,687800
2025-01-23,15.260000228881836,16.34000015258789,14.975000381469728,16.1299991607666,16.1299991607666,644000
2025-01-24,16.1200008392334,16.440000534057617,15.550000190734863,16.0,16.0,841600
2025-01-27,15.699999809265137,15.81999969482422,14.979999542236328,15.449999809265137,15.449999809265137,504600
2025-01-28,15.5,16.0,14.98900032043457,15.989999771118164,15.989999771118164,335000
2025-01-29,16.0,16.094999313354492,15.369999885559082,15.649999618530272,15.649999618530272,177300
2025-01-30,15.760000228881836,16.170000076293945,15.760000228881836,15.970000267028809,15.970000267028809,180100
2025-01-31,16.030000686645508,16.290000915527344,15.600000381469728,15.600000381469728,15.600000381469728,233400
2025-02-03,15.279999732971191,15.835000038146973,15.062000274658203,15.449999809265137,15.449999809265137,428200
2025-02-04,15.550000190734863,16.350000381469727,15.517999649047852,16.25,16.25,726600
2025-02-05,16.360000610351562,16.719999313354492,15.800000190734863,16.299999237060547,16.299999237060547,513000
2025-02-06,16.3700008392334,16.58099937438965,16.010000228881836,16.450000762939453,16.450000762939453,274000
2025-02-07,16.649999618530273,16.969999313354492,16.0,16.25,16.25,340500
2025-02-10,16.399999618530273,16.780000686645508,16.0,16.040000915527344,16.040000915527344,343200
2025-02-11,15.970000267028809,16.09000015258789,15.5,15.970000267028809,15.970000267028809,393900
2025-02-12,15.600000381469728,16.049999237060547,15.600000381469728,15.75,15.75,243500
2025-02-13,15.90999984741211,16.385000228881836,15.6899995803833,16.280000686645508,16.280000686645508,239000
2025-02-14,16.280000686645508,16.43000030517578,15.779999732971191,16.280000686645508,16.280000686645508,245700
2025-02-18,16.270000457763672,16.3700008392334,15.720000267028809,16.3700008392334,16.3700008392334,357100
2025-02-19,16.290000915527344,16.34000015258789,15.68000030517578,15.729999542236328,15.729999542236328,247000
2025-02-20,15.779999732971191,15.779999732971191,15.213000297546388,15.539999961853027,15.539999961853027,253900
2025-02-21,15.619999885559082,15.8149995803833,14.81999969482422,14.880000114440918,14.880000114440918,241200
2025-02-24,14.880000114440918,14.979999542236328,13.920000076293944,14.050000190734863,14.050000190734863,507000
2025-02-25,13.970000267028809,14.359999656677246,13.430999755859377,14.25,14.25,387500
2025-02-26,14.300000190734863,14.970000267028809,14.26099967956543,14.65999984741211,14.65999984741211,222100
2025-02-27,14.579999923706056,14.600000381469728,13.899999618530272,13.949999809265137,13.949999809265137,328700
2025-02-28,13.850000381469728,14.210000038146973,13.675000190734863,14.170000076293944,14.170000076293944,193500
2025-03-03,14.25,14.35200023651123,13.300000190734863,13.350000381469728,13.350000381469728,299600
2025-03-04,13.039999961853027,14.119999885559082,12.619999885559082,13.770000457763672,13.770000457763672,553600
2025-03-05,13.770000457763672,14.024999618530272,13.255000114440918,13.43000030517578,13.43000030517578,417900
2025-03-06,12.960000038146973,13.510000228881836,11.5600004196167,13.220000267028809,13.220000267028809,866400
2025-03-07,13.5,13.850000381469728,12.954999923706056,13.0,13.0,390600
2025-03-10,12.539999961853027,13.0,11.619999885559082,11.8100004196167,11.8100004196167,1113500
2025-03-11,11.880000114440918,12.0,11.109999656677246,11.800000190734863,11.800000190734863,283600
2025-03-12,11.9399995803833,12.538000106811523,11.65999984741211,12.210000038146973,12.210000038146973,429400
2025-03-13,12.4399995803833,12.4399995803833,11.800000190734863,12.079999923706056,12.079999923706056,220800
2025-03-14,12.15999984741211,12.699999809265137,12.15999984741211,12.579999923706056,12.579999923706056,298000
2025-03-17,12.579999923706056,13.529999732971191,12.350000381469728,13.1899995803833,13.1899995803833,381700
2025-03-18,13.5,13.850000381469728,13.140000343322754,13.4399995803833,13.4399995803833,469000
2025-03-19,13.449999809265137,14.0,13.170000076293944,13.579999923706056,13.579999923706056,539900
2025-03-20,13.40999984741211,14.390000343322754,13.218000411987305,14.0,14.0,1044700
2025-03-21,14.100000381469728,14.149999618530272,13.5,13.720000267028809,13.720000267028809,468800
2025-03-24,13.899999618530272,14.050000190734863,13.720000267028809,13.960000038146973,13.960000038146973,351200
2025-03-25,14.119999885559082,14.550000190734863,13.94499969482422,14.260000228881836,14.260000228881836,429700
2025-03-26,14.609999656677246,14.609999656677246,13.289999961853027,13.329999923706056,13.329999923706056,414700
2025-03-27,13.229999542236328,13.585000038146973,13.0,13.399999618530272,13.399999618530272,412100
2025-03-28,13.31999969482422,13.574999809265137,12.91800022125244,13.149999618530272,13.149999618530272,283800
2025-03-31,12.899999618530272,12.949999809265137,12.4399995803833,12.729999542236328,12.729999542236328,739100
2025-04-01,12.630000114440918,12.829999923706056,12.18000030517578,12.56999969482422,12.56999969482422,639200
2025-04-02,12.289999961853027,13.350000381469728,12.248000144958496,12.979999542236328,12.979999542236328,412400
2025-04-03,13.18000030517578,13.390000343322754,11.56999969482422,12.0,12.0,434600
2025-04-04,11.369999885559082,11.609999656677246,10.574999809265137,11.010000228881836,11.010000228881836,642300
2025-04-07,10.1899995803833,11.0649995803833,9.779999732971191,10.90999984741211,10.90999984741211,629200
2025-04-08,11.470000267028809,11.470000267028809,10.210000038146973,10.390000343322754,10.390000343322754,414700
2025-04-09,10.170000076293944,11.619999885559082,9.800000190734863,11.40999984741211,11.40999984741211,958800
2025-04-10,11.140000343322754,11.28499984741211,10.010000228881836,10.529999732971191,10.529999732971191,483500
2025-04-11,10.56999969482422,10.835000038146973,10.140000343322754,10.65999984741211,10.65999984741211,371700
2025-04-14,10.970000267028809,11.710000038146973,10.789999961853027,11.59000015258789,11.59000015258789,503600
2025-04-15,11.630000114440918,11.80500030517578,11.364999771118164,11.399999618530272,11.399999618530272,239300
2025-04-16,11.31999969482422,11.68000030517578,11.199999809265137,11.550000190734863,11.550000190734863,377600
2025-04-17,11.529999732971191,11.84000015258789,11.359999656677246,11.630000114440918,11.630000114440918,315100
2025-04-21,11.510000228881836,11.56999969482422,11.045000076293944,11.34000015258789,11.34000015258789,308200
2025-04-22,11.510000228881836,11.94499969482422,11.449999809265137,11.869999885559082,11.869999885559082,247300
2025-04-23,12.614999771118164,13.09000015258789,11.90999984741211,11.960000038146973,11.960000038146973,332200
2025-04-24,12.130000114440918,12.220000267028809,11.739999771118164,12.0600004196167,12.0600004196167,598300
2025-04-25,11.989999771118164,12.109999656677246,11.779999732971191,12.109999656677246,12.109999656677246,187600
2025-04-28,12.029999732971191,12.1899995803833,11.699999809265137,12.0,12.0,275900
2025-04-29,11.9399995803833,12.368000030517578,11.81999969482422,12.199999809265137,12.199999809265137,268600
2025-04-30,11.850000381469728,12.25,11.850000381469728,12.039999961853027,12.039999961853027,208600
2025-05-01,12.050000190734863,12.25,11.899999618530272,12.079999923706056,12.079999923706056,212200
2025-05-02,12.229999542236328,12.489999771118164,12.114999771118164,12.399999618530272,12.399999618530272,340600
2025-05-05,12.199999809265137,12.31999969482422,11.960000038146973,11.989999771118164,11.989999771118164,459200
2025-05-06,11.81999969482422,11.920000076293944,11.380000114440918,11.720000267028809,11.720000267028809,498600
2025-05-07,11.489999771118164,11.760000228881836,11.449999809265137,11.609999656677246,11.609999656677246,413200
2025-05-08,14.0,14.657999992370604,13.010000228881836,14.354999542236328,14.354999542236328,1318500
2025-05-09,14.369999885559082,15.979999542236328,14.369999885559082,14.84000015258789,14.84000015258789,940900
2025-05-12,15.210000038146973,15.34000015258789,14.220000267028809,14.449999809265137,14.449999809265137,707700
2025-05-13,14.520000457763672,15.31999969482422,14.324999809265137,15.289999961853027,15.289999961853027,452200
2025-05-14,15.279999732971191,15.550000190734863,15.18000030517578,15.470000267028809,15.470000267028809,490300
2025-05-15,15.4399995803833,16.100000381469727,15.34000015258789,16.049999237060547,16.049999237060547,546100
2025-05-16,16.059999465942383,17.149999618530273,15.982999801635742,17.100000381469727,17.100000381469727,539300
2025-05-19,16.760000228881836,18.200000762939453,16.340999603271484,18.100000381469727,18.100000381469727,603000
2025-05-20,18.059999465942383,18.229999542236328,17.770000457763672,17.969999313354492,17.969999313354492,405000
2025-05-21,17.940000534057617,18.1879997253418,17.149999618530273,17.239999771118164,17.239999771118164,529100
2025-05-22,17.540000915527344,17.549999237060547,16.11199951171875,16.149999618530273,16.149999618530273,849200
2025-05-23,16.209999084472656,16.6299991607666,15.920000076293944,16.110000610351562,16.110000610351562,551900
2025-05-27,16.530000686645508,16.809999465942383,16.1200008392334,16.40999984741211,16.40999984741211,793200
2025-05-28,16.43000030517578,16.78499984741211,16.020000457763672,16.190000534057617,16.190000534057617,524200
2025-05-29,16.350000381469727,17.290000915527344,16.09000015258789,17.059999465942383,17.059999465942383,670700
2025-05-30,17.0,17.040000915527344,15.729999542236328,16.209999084472656,16.209999084472656,576100
2025-06-02,16.209999084472656,16.829999923706055,16.09000015258789,16.299999237060547,16.299999237060547,491400
2025-06-03,16.459999084472656,16.459999084472656,15.789999961853027,16.079999923706055,16.079999923706055,361100
2025-06-04,16.1299991607666,16.549999237060547,15.899999618530272,16.3799991607666,16.3799991607666,331400
2025-06-05,16.469999313354492,17.110000610351562,16.079999923706055,16.8700008392334,16.8700008392334,410200
2025-06-06,16.940000534057617,17.351999282836914,16.239999771118164,16.3799991607666,16.3799991607666,391200
2025-06-09,16.389999389648438,16.68000030517578,15.720000267028809,15.949999809265137,15.949999809265137,664800
2025-06-10,15.979999542236328,16.559999465942383,15.979999542236328,16.209999084472656,16.209999084472656,447500
2025-06-11,16.290000915527344,16.43600082397461,15.86400032043457,15.960000038146973,15.960000038146973,358300
2025-06-12,15.869999885559082,15.970000267028809,15.300000190734863,15.640000343322754,15.640000343322754,460300
2025-06-13,15.300000190734863,15.56999969482422,15.119999885559082,15.34000015258789,15.34000015258789,316400
2025-06-16,15.369999885559082,15.56999969482422,14.9399995803833,15.43000030517578,15.43000030517578,550100
2025-06-17,15.25,15.406000137329102,14.600000381469728,14.630000114440918,14.630000114440918,493200
2025-06-18,14.520000457763672,14.619999885559082,13.81999969482422,14.15999984741211,14.15999984741211,688500
2025-06-20,14.260000228881836,14.479999542236328,13.770000457763672,13.850000381469728,13.850000381469728,699400
2025-06-23,13.31999969482422,13.829999923706056,12.979999542236328,13.260000228881836,13.260000228881836,691700
2025-06-24,13.350000381469728,14.119999885559082,13.270000457763672,13.869999885559082,13.869999885559082,835200
2025-06-25,13.899999618530272,14.175000190734863,13.75,13.9399995803833,13.9399995803833,497100
2025-06-26,13.979999542236328,14.100000381469728,13.75,14.050000190734863,14.050000190734863,430300
2025-06-27,14.149999618530272,14.149999618530272,13.300000190734863,13.56999969482422,13.56999969482422,5040200
2025-06-30,13.529999732971191,13.723999977111816,13.300999641418455,13.600000381469728,13.600000381469728,765300
2025-07-01,13.550000190734863,13.550000190734863,12.649999618530272,12.760000228881836,12.760000228881836,965100
2025-07-02,12.6899995803833,12.93299961090088,12.5,12.510000228881836,12.510000228881836,661500
2025-07-03,12.649999618530272,12.899999618530272,12.43000030517578,12.6899995803833,12.6899995803833,372800
2025-07-07,12.649999618530272,12.75,12.125,12.239999771118164,12.239999771118164,685800
2025-07-08,12.220000267028809,12.470000267028809,12.111000061035156,12.34000015258789,12.34000015258789,838400
2025-07-09,12.329999923706056,12.553999900817873,12.1899995803833,12.40999984741211,12.40999984741211,521900
2025-07-10,12.380000114440918,12.720000267028809,12.260000228881836,12.550000190734863,12.550000190734863,486700
2025-07-11,12.510000228881836,12.559000015258787,11.199999809265137,11.34000015258789,11.34000015258789,1458700
2025-07-14,11.34000015258789,11.90999984741211,11.243000030517578,11.869999885559082,11.869999885559082,1201800
2025-07-15,11.949999809265137,12.289999961853027,10.970000267028809,11.020000457763672,11.020000457763672,1132500
2025-07-16,11.06999969482422,11.295000076293944,10.949999809265137,11.25,11.25,774300
2025-07-17,11.46500015258789,11.739999771118164,11.210000038146973,11.31999969482422,11.31999969482422,850000
2025-07-18,11.390000343322754,11.649999618530272,11.225000381469728,11.25,11.25,723300
2025-07-21,11.3100004196167,11.710000038146973,11.239999771118164,11.31999969482422,11.31999969482422,676400
2025-07-22,11.279999732971191,11.40999984741211,10.920000076293944,11.079999923706056,11.079999923706056,565800
2025-07-23,11.170000076293944,11.640000343322754,11.06999969482422,11.609999656677246,11.609999656677246,738800
2025-07-24,11.600000381469728,11.609999656677246,11.234999656677246,11.399999618530272,11.399999618530272,534200
2025-07-25,11.380000114440918,11.43000030517578,11.154000282287598,11.40999984741211,11.40999984741211,431000
2025-07-28,11.4399995803833,11.673999786376951,11.350000381469728,11.40999984741211,11.40999984741211,588800
2025-07-29,11.420000076293944,11.619999885559082,10.850000381469728,10.90999984741211,10.90999984741211,621300
2025-07-30,10.890000343322754,11.350000381469728,10.812999725341797,10.93000030517578,10.93000030517578,461400
2025-07-31,10.880000114440918,11.170000076293944,10.6899995803833,10.75,10.75,517700
2025-08-01,10.630000114440918,10.6899995803833,10.44200038909912,10.59000015258789,10.59000015258789,533300
2025-08-04,10.739999771118164,11.270000457763672,10.65999984741211,11.270000457763672,11.270000457763672,576400
2025-08-05,11.470000267028809,11.470000267028809,10.460000038146973,10.520000457763672,10.520000457763672,1459400
2025-08-06,12.43000030517578,13.4399995803833,10.595000267028809,10.640000343322754,10.640000343322754,2771300
2025-08-07,10.890000343322754,11.010000228881836,9.880000114440918,10.1899995803833,10.1899995803833,1915600
2025-08-08,10.1899995803833,10.289999961853027,9.869999885559082,10.010000228881836,10.010000228881836,1129000
2025-08-11,10.0600004196167,10.600000381469728,9.951000213623049,10.510000228881836,10.510000228881836,744600
2025-08-12,10.56999969482422,10.949999809265137,10.425999641418455,10.880000114440918,10.880000114440918,776900
2025-08-13,10.920000076293944,11.210000038146973,10.760000228881836,11.109999656677246,11.109999656677246,662100
2025-08-14,10.960000038146973,11.00100040435791,10.420000076293944,10.470000267028809,10.470000267028809,629800
2025-08-15,10.510000228881836,10.640000343322754,10.31999969482422,10.359999656677246,10.359999656677246,434300
2025-08-18,10.300000190734863,10.8100004196167,10.300000190734863,10.649999618530272,10.649999618530272,574700
2025-08-19,10.5600004196167,10.600000381469728,10.210000038146973,10.5600004196167,10.5600004196167,841200
2025-08-20,10.5600004196167,10.600000381469728,10.0600004196167,10.329999923706056,10.329999923706056,455700
2025-08-21,10.369999885559082,10.609999656677246,10.25,10.40999984741211,10.40999984741211,413100
2025-08-22,10.43000030517578,11.25,10.43000030517578,11.119999885559082,11.119999885559082,771900
2025-08-25,11.18000030517578,11.30500030517578,10.859999656677246,10.890000343322754,10.890000343322754,694800
2025-08-26,10.890000343322754,11.210000038146973,10.890000343322754,11.119999885559082,11.119999885559082,360300
2025-08-27,11.09000015258789,11.350000381469728,10.93000030517578,10.9399995803833,10.9399995803833,380700
2025-08-28,10.93000030517578,11.020000457763672,10.765000343322754,10.880000114440918,10.880000114440918,326300
2025-08-29,10.90999984741211,11.029999732971191,10.649999618530272,11.020000457763672,11.020000457763672,332200
2025-09-02,10.779999732971191,11.31999969482422,10.739999771118164,10.899999618530272,10.899999618530272,445600
2025-09-03,10.859999656677246,11.140000343322754,10.829999923706056,10.899999618530272,10.899999618530272,388800
2025-09-04,10.93000030517578,11.100000381469728,10.8100004196167,11.100000381469728,11.100000381469728,298900
2025-09-05,11.119999885559082,11.93000030517578,11.104000091552734,11.649999618530272,11.649999618530272,640700
2025-09-08,11.699999809265137,11.8149995803833,11.510000228881836,11.550000190734863,11.550000190734863,517500
2025-09-09,11.479999542236328,11.654999732971191,11.243000030517578,11.600000381469728,11.600000381469728,436900
2025-09-10,11.510000228881836,11.649999618530272,11.010000228881836,11.119999885559082,11.119999885559082,536600
2025-09-11,11.06999969482422,11.32699966430664,11.06999969482422,11.130000114440918,11.130000114440918,415200
2025-09-12,11.199999809265137,11.380000114440918,10.600000381469728,10.84000015258789,10.84000015258789,747400
2025-09-15,10.9399995803833,10.989999771118164,10.640000343322754,10.670000076293944,10.670000076293944,406900
2025-09-16,10.649999618530272,11.15999984741211,10.609999656677246,11.020000457763672,11.020000457763672,782100
2025-09-17,11.039999961853027,11.5,11.039999961853027,11.199999809265137,11.199999809265137,602800
2025-09-18,11.279999732971191,12.045000076293944,11.279999732971191,11.75,11.75,737500
2025-09-19,11.729999542236328,11.84000015258789,11.34000015258789,11.539999961853027,11.539999961853027,1052200
2025-09-22,11.579999923706056,11.710000038146973,11.300000190734863,11.550000190734863,11.550000190734863,434200
2025-09-23,11.5600004196167,11.630000114440918,10.989999771118164,11.0,11.0,621500
2025-09-24,11.0,11.18000030517578,10.970000267028809,11.029999732971191,11.029999732971191,830900
2025-09-25,10.850000381469728,10.949000358581545,10.649999618530272,10.859999656677246,10.859999656677246,647500
2025-09-26,10.829999923706056,11.039999961853027,10.720000267028809,10.744999885559082,10.744999885559082,480300
2025-09-29,10.869999885559082,11.09000015258789,10.75,10.899999618530272,10.899999618530272,914000
2025-09-30,10.850000381469728,10.869999885559082,10.649999618530272,10.75,10.75,1005400
2025-10-01,10.8100004196167,11.220000267028809,10.5649995803833,10.75,10.75,787500
2025-10-02,10.760000228881836,10.789999961853027,10.43299961090088,10.649999618530272,10.649999618530272,714200
2025-10-03,10.67300033569336,11.229999542236328,10.67300033569336,11.100000381469728,11.100000381469728,626200
2025-10-06,11.210000038146973,11.399999618530272,10.720000267028809,10.800000190734863,10.800000190734863,822600
2025-10-07,10.869999885559082,11.220000267028809,10.725000381469728,10.800000190734863,10.800000190734863,659700
2025-10-08,10.770000457763672,11.210000038146973,10.75,11.100000381469728,11.100000381469728,526200
2025-10-09,11.100000381469728,11.270000457763672,10.864999771118164,10.880000114440918,10.880000114440918,625900
2025-10-10,10.890000343322754,10.975000381469728,10.460000038146973,10.460000038146973,10.460000038146973,805900
2025-10-13,10.789999961853027,11.449999809265137,10.5600004196167,11.350000381469728,11.350000381469728,856000
2025-10-14,11.31999969482422,12.050000190734863,11.289999961853027,11.369999885559082,11.369999885559082,934800
2025-10-15,11.43000030517578,11.81999969482422,11.25,11.31999969482422,11.31999969482422,619200
2025-10-16,11.399999618530272,12.699999809265137,11.399999618530272,12.359999656677246,12.359999656677246,1067300
2025-10-17,12.199999809265137,12.56999969482422,11.788000106811523,11.970000267028809,11.970000267028809,954700
2025-10-20,10.539999961853027,11.71500015258789,10.399999618530272,11.420000076293944,11.420000076293944,3625500
2025-10-21,11.399999618530272,11.529999732971191,11.09000015258789,11.385000228881836,11.385000228881836,1153200
2025-10-22,11.390000343322754,11.390000343322754,10.0649995803833,10.359999656677246,10.359999656677246,1535000
2025-10-23,10.350000381469728,10.800000190734863,10.30500030517578,10.380000114440918,10.380000114440918,1119700
2025-10-24,10.510000228881836,10.626999855041504,10.050000190734863,10.229999542236328,10.229999542236328,1103200
2025-10-27,10.34000015258789,10.34000015258789,9.75,9.989999771118164,9.989999771118164,1699400
2025-10-28,9.920000076293944,10.18000030517578,9.699999809265137,10.149999618530272,10.149999618530272,1103200
2025-10-29,10.06999969482422,10.130000114440918,9.710000038146973,9.720000267028809,9.720000267028809,1014700
2025-10-30,9.699999809265137,9.979999542236328,9.149999618530272,9.399999618530272,9.399999618530272,990000
2025-10-31,9.489999771118164,10.029999732971191,9.40999984741211,9.829999923706056,9.829999923706056,1274300
2025-11-03,9.8100004196167,9.899999618530272,9.25,9.520000457763672,9.520000457763672,1303400
2025-11-04,9.079999923706056,9.65999984741211,8.699999809265137,9.079999923706056,9.079999923706056,1747200
2025-11-05,8.930000305175781,9.15999984741211,8.5600004196167,8.680000305175781,8.680000305175781,1281400
2025-11-06,8.680000305175781,8.800000190734863,8.390000343322754,8.640000343322754,8.640000343322754,1140200
2025-11-07,8.649999618530273,8.699999809265137,8.329999923706055,8.640000343322754,8.640000343322754,1109400
2025-11-10,8.800000190734863,8.800000190734863,8.5,8.579999923706055,8.579999923706055,776200
2025-11-11,8.520000457763672,8.630000114440918,8.390000343322754,8.619999885559082,8.619999885559082,636100
2025-11-12,8.640000343322754,8.798999786376953,8.550000190734863,8.59000015258789,8.59000015258789,470800
2025-11-13,8.520000457763672,8.899999618530273,8.329999923706055,8.609999656677246,8.609999656677246,1037800
2025-11-14,8.4399995803833,9.1899995803833,8.430000305175781,8.930000305175781,8.930000305175781,690300
2025-11-17,8.819999694824219,8.970000267028809,8.600000381469727,8.609999656677246,8.609999656677246,561200
2025-11-18,8.680000305175781,8.895000457763672,8.520000457763672,8.649999618530273,8.649999618530273,723000
2025-11-19,8.699999809265137,8.87600040435791,8.369999885559082,8.510000228881836,8.510000228881836,760200
2025-11-20,8.670000076293945,8.776000022888184,8.119999885559082,8.1899995803833,8.1899995803833,1007300
2025-11-21,8.6899995803833,9.279999732971191,8.680000305175781,8.960000038146973,8.960000038146973,2406400
2025-11-24,9.079999923706056,9.390000343322754,8.859999656677246,9.229999542236328,9.229999542236328,1223500
2025-11-25,9.199999809265137,9.359999656677246,9.029999732971191,9.229999542236328,9.229999542236328,673900
2025-11-26,9.31999969482422,9.649999618530272,9.149999618530272,9.640000343322754,9.640000343322754,723900
2025-11-28,9.600000381469728,9.949999809265137,9.553999900817873,9.699999809265137,9.699999809265137,413800
2025-12-01,9.520000457763672,9.69499969482422,9.5,9.579999923706056,9.579999923706056,535500
2025-12-02,9.609999656677246,9.79800033569336,9.274999618530272,9.3100004196167,9.3100004196167,519500
2025-12-03,9.34000015258789,9.729999542236328,9.25,9.65999984741211,9.65999984741211,518200
2025-12-04,9.670000076293944,10.119999885559082,9.56999969482422,10.020000457763672,10.020000457763672,606000
2025-12-05,10.020000457763672,10.140000343322754,9.725000381469728,9.779999732971191,9.779999732971191,263400
2025-12-08,9.850000381469728,9.88700008392334,9.59000015258789,9.640000343322754,9.640000343322754,365400
2025-12-09,9.640000343322754,10.010000228881836,9.630000114440918,9.90999984741211,9.90999984741211,526700
2025-12-10,9.890000343322754,10.027000427246094,9.649999618530272,9.920000076293944,9.920000076293944,666400
2025-12-11,9.9399995803833,10.640000343322754,9.770000457763672,10.390000343322754,10.390000343322754,1141900
2025-12-12,10.604999542236328,10.649999618530272,10.300000190734863,10.369999885559082,10.369999885559082,772400
2025-12-15,10.399999618530272,10.609999656677246,9.949999809265137,10.079999923706056,10.079999923706056,709000
2025-12-16,10.039999961853027,10.197999954223633,9.83899974822998,10.029999732971191,10.029999732971191,491600
2025-12-17,10.050000190734863,10.279999732971191,9.899999618530272,9.960000038146973,9.960000038146973,577600
2025-12-18,10.06999969482422,10.239999771118164,9.90999984741211,9.93000030517578,9.93000030517578,328800
2025-12-19,9.93000030517578,10.25,9.93000030517578,10.0600004196167,10.0600004196167,339200
2025-12-22,10.0600004196167,10.44200038909912,10.050000190734863,10.06999969482422,10.06999969482422,685300
2025-12-23,10.0,10.25,9.920000076293944,10.119999885559082,10.119999885559082,367700
2025-12-24,10.15999984741211,10.399999618530272,10.119999885559082,10.31999969482422,10.31999969482422,169400
2025-12-26,10.279999732971191,10.300000190734863,9.979999542236328,10.300000190734863,10.300000190734863,485900
2025-12-29,10.199999809265137,10.369999885559082,10.149999618530272,10.170000076293944,10.170000076293944,263500
2025-12-30,10.15999984741211,10.25,10.039999961853027,10.149999618530272,10.149999618530272,295400
2025-12-31,10.149999618530272,10.220000267028809,10.020000457763672,10.100000381469728,10.100000381469728,300500
2026-01-02,10.130000114440918,10.190999984741213,9.6899995803833,9.949999809265137,9.949999809265137,464500
2026-01-05,9.989999771118164,10.3100004196167,9.989999771118164,10.260000228881836,10.260000228881836,570600
2026-01-06,10.260000228881836,10.600000381469728,10.130000114440918,10.449999809265137,10.449999809265137,626000
2026-01-07,10.449999809265137,10.859999656677246,10.420000076293944,10.529999732971191,10.529999732971191,454900
2026-01-08,10.510000228881836,10.520000457763672,10.19499969482422,10.210000038146973,10.210000038146973,530200
2026-01-09,10.3100004196167,10.5600004196167,10.029999732971191,10.34000015258789,10.34000015258789,550000
2026-01-12,10.34000015258789,10.489999771118164,10.0,10.289999961853027,10.289999961853027,791600
2026-01-13,10.289999961853027,10.489999771118164,10.149999618530272,10.420000076293944,10.420000076293944,380800
2026-01-14,10.359999656677246,10.460000038146973,10.170000076293944,10.380000114440918,10.380000114440918,337200
2026-01-15,10.380000114440918,10.390000343322754,10.064000129699709,10.210000038146973,10.210000038146973,449600
2026-01-16,10.210000038146973,10.645000457763672,10.079999923706056,10.369999885559082,10.369999885559082,537800
2026-01-20,10.199999809265137,10.3100004196167,10.050000190734863,10.1899995803833,10.1899995803833,505400
2026-01-21,10.25,10.350000381469728,10.0600004196167,10.34000015258789,10.34000015258789,399600
2026-01-22,10.369999885559082,11.149999618530272,10.350000381469728,10.979999542236328,10.979999542236328,533800
2026-01-23,10.960000038146973,11.020000457763672,10.510000228881836,10.529999732971191,10.529999732971191,352800
2026-01-26,10.550000190734863,10.649999618530272,10.289999961853027,10.550000190734863,10.550000190734863,337000
2026-01-27,10.630000114440918,10.630000114440918,10.0600004196167,10.210000038146973,10.210000038146973,421500
2026-01-28,10.220000267028809,10.239999771118164,9.90999984741211,9.920000076293944,9.920000076293944,514700
2026-01-29,9.949999809265137,10.06999969482422,9.739999771118164,9.90999984741211,9.90999984741211,489000
2026-01-30,9.84000015258789,9.970000267028809,9.75,9.90999984741211,9.90999984741211,401000
2026-02-02,9.880000114440918,10.029999732971191,9.8100004196167,9.979999542236328,9.979999542236328,315800
2026-02-03,10.029999732971191,10.100000381469728,9.68000030517578,9.970000267028809,9.970000267028809,914400
2026-02-04,9.960000038146973,10.15999984741211,9.380000114440918,9.699999809265137,9.699999809265137,873600
2026-02-05,9.59000015258789,9.649999618530272,8.899999618530273,8.9399995803833,8.9399995803833,570300
2026-02-06,9.06999969482422,9.449999809265137,8.920000076293945,9.369999885559082,9.369999885559082,366000
2026-02-09,9.369999885559082,10.010000228881836,9.156999588012695,9.949999809265137,9.949999809265137,713900
2026-02-10,9.989999771118164,10.300000190734863,9.904999732971191,10.100000381469728,10.100000381469728,569200
2026-02-11,10.100000381469728,10.100000381469728,9.300000190734863,9.5,9.5,616500
2026-02-12,9.5600004196167,9.59000015258789,8.9399995803833,9.119999885559082,9.119999885559082,562200
2026-02-13,9.220000267028809,9.550000190734863,9.130000114440918,9.3100004196167,9.3100004196167,295900
2026-02-17,9.3100004196167,9.520000457763672,9.239999771118164,9.399999618530272,9.399999618530272,251000
2026-02-18,9.510000228881836,9.651000022888184,9.40999984741211,9.479999542236328,9.479999542236328,239600
2026-02-19,9.43000030517578,9.545000076293944,9.3100004196167,9.529999732971191,9.529999732971191,360800
2026-02-20,9.4399995803833,9.854999542236328,9.399999618530272,9.779999732971191,9.779999732971191,674500
2026-02-23,9.720000267028809,10.0,9.579999923706056,9.739999771118164,9.739999771118164,442300
2026-02-24,9.770000457763672,10.050000190734863,9.744999885559082,9.949999809265137,9.949999809265137,234100
2026-02-25,10.020000457763672,10.220000267028809,9.880000114440918,10.210000038146973,10.210000038146973,484900
2026-02-26,9.43000030517578,9.800000190734863,8.862000465393066,9.0,9.0,1247500
2026-02-27,9.010000228881836,9.109000205993652,8.484999656677246,8.899999618530273,8.899999618530273,946600
2026-03-02,8.65999984741211,9.130000114440918,8.65999984741211,8.930000305175781,8.930000305175781,544200
2026-03-03,8.729999542236328,8.920000076293945,8.550000190734863,8.600000381469727,8.600000381469727,558200
2026-03-04,8.899999618530273,9.300000190734863,8.869999885559082,9.229999542236328,9.229999542236328,778100
2026-03-05,9.09000015258789,9.329999923706056,8.930000305175781,9.079999923706056,9.079999923706056,412400
2026-03-06,8.899999618530273,9.119999885559082,8.899999618530273,9.079999923706056,9.079999923706056,386600
2026-03-09,9.010000228881836,9.199999809265137,8.84000015258789,9.119999885559082,9.119999885559082,431600
2026-03-10,9.15999984741211,9.5,9.154999732971191,9.369999885559082,9.369999885559082,494100
2026-03-11,9.279999732971191,9.69499969482422,9.149999618530272,9.68000030517578,9.68000030517578,452800
2026-03-12,9.5,9.678000450134276,9.390000343322754,9.479999542236328,9.479999542236328,354600
2026-03-13,9.529999732971191,9.770000457763672,9.31999969482422,9.449999809265137,9.449999809265137,321700
2026-03-16,9.59000015258789,9.970000267028809,9.46500015258789,9.8100004196167,9.8100004196167,348100
2026-03-17,9.869999885559082,9.979999542236328,9.710000038146973,9.739999771118164,9.739999771118164,243800
2026-03-18,9.640000343322754,9.720000267028809,9.359999656677246,9.380000114440918,9.380000114440918,339500
2026-03-19,9.329999923706056,9.520000457763672,9.260000228881836,9.34000015258789,9.34000015258789,289000
2026-03-20,9.329999923706056,9.329999923706056,8.970000267028809,9.06999969482422,9.06999969482422,517900
2026-03-23,9.260000228881836,9.289999961853027,8.899999618530273,9.100000381469728,9.100000381469728,381300
2026-03-24,9.010000228881836,9.0600004196167,8.90999984741211,8.979999542236328,8.979999542236328,306300
2026-03-25,9.1899995803833,9.369999885559082,9.104999542236328,9.199999809265137,9.199999809265137,263200
2026-03-26,9.239999771118164,9.270000457763672,9.079999923706056,9.130000114440918,9.130000114440918,203000
2026-03-27,9.119999885559082,9.199999809265137,8.869000434875488,8.970000267028809,8.970000267028809,282500
2026-03-30,9.029999732971191,9.050000190734863,8.779999732971191,8.890000343322754,8.890000343322754,339800
2026-03-31,9.050000190734863,9.3100004196167,8.970000267028809,9.279999732971191,9.279999732971191,296400
2026-04-01,9.399999618530272,9.625,9.350000381469728,9.539999961853027,9.539999961853027,306200
2026-04-02,9.34000015258789,9.649999618530272,9.289999961853027,9.630000114440918,9.630000114440918,292800
2026-04-06,9.670000076293944,9.880000114440918,9.470000267028809,9.699999809265137,9.699999809265137,222600
2026-04-07,9.649999618530272,9.789999961853027,9.529999732971191,9.670000076293944,9.670000076293944,234500
2026-04-08,10.0,10.050000190734863,9.760000228881836,9.850000381469728,9.850000381469728,306700
2026-04-09,9.75,9.970000267028809,9.699999809265137,9.880000114440918,9.880000114440918,180400
2026-04-10,9.899999618530272,10.140000343322754,9.850000381469728,10.039999961853027,10.039999961853027,323200
2026-04-13,9.989999771118164,10.470000267028809,9.960000038146973,10.449999809265137,10.449999809265137,359100
2026-04-14,10.5,10.920000076293944,10.454999923706056,10.880000114440918,10.880000114440918,304200
2026-04-15,10.880000114440918,11.06999969482422,10.862000465393066,10.989999771118164,10.989999771118164,283900
2026-04-16,10.989999771118164,10.989999771118164,10.748000144958496,10.829999923706056,10.829999923706056,239300
2026-04-17,11.050000190734863,11.050000190734863,10.795000076293944,10.859999656677246,10.859999656677246,321900
2026-04-20,10.720000267028809,11.039999961853027,10.609999656677246,10.880000114440918,10.880000114440918,342100
2026-04-21,10.920000076293944,10.949999809265137,10.609999656677246,10.65999984741211,10.65999984741211,276400
2026-04-22,10.770000457763672,11.199999809265137,10.68000030517578,11.1899995803833,11.1899995803833,331300
2026-04-23,11.199999809265137,11.199999809265137,10.579999923706056,10.640000343322754,10.640000343322754,309500
2026-04-24,10.670000076293944,10.899999618530272,10.5,10.84000015258789,10.84000015258789,210300
2026-04-27,10.81999969482422,11.100000381469728,10.80500030517578,10.84000015258789,10.84000015258789,231900
2026-04-28,10.75,10.869999885559082,10.529999732971191,10.550000190734863,10.550000190734863,191900
2026-04-29,10.43000030517578,10.475000381469728,10.050000190734863,10.210000038146973,10.210000038146973,273400
2026-04-30,10.239999771118164,10.529999732971191,10.135000228881836,10.380000114440918,10.380000114440918,293600
2026-05-01,10.4399995803833,10.829999923706056,10.359999656677246,10.800000190734863,10.800000190734863,175200
2026-05-04,10.75,11.279999732971191,10.75,11.020000457763672,11.020000457763672,387100
2026-05-05,11.050000190734863,11.55500030517578,11.039999961853027,11.529999732971191,11.529999732971191,441700
2026-05-06,11.59000015258789,11.68000030517578,11.229999542236328,11.260000228881836,11.260000228881836,594300
2026-05-07,11.510000228881836,12.270000457763672,10.81999969482422,11.239999771118164,11.239999771118164,896100
2026-05-08,11.359999656677246,11.489999771118164,11.024999618530272,11.479999542236328,11.479999542236328,569700
2026-05-11,11.40999984741211,11.619999885559082,11.03499984741211,11.0600004196167,11.0600004196167,667800
2026-05-12,11.0,11.4399995803833,10.789999961853027,11.34000015258789,11.34000015258789,638900
2026-05-13,11.31999969482422,11.720000267028809,11.010000228881836,11.609999656677246,11.609999656677246,685600
2026-05-14,11.619999885559082,11.720000267028809,11.350000381469728,11.460000038146973,11.460000038146973,423400
2026-05-15,11.0,11.31999969482422,10.869999885559082,11.06999969482422,11.06999969482422,550600
2026-05-18,11.130000114440918,11.260000228881836,10.875,11.09000015258789,11.09000015258789,307100
2026-05-19,11.020000457763672,11.020000457763672,10.770000457763672,10.850000381469728,10.850000381469728,255000
2026-05-20,10.920000076293944,11.350000381469728,10.710000038146973,11.229999542236328,11.229999542236328,623500
2026-05-21,11.15999984741211,11.491000175476074,10.989999771118164,11.449999809265137,11.449999809265137,355400
2026-05-22,11.489999771118164,11.6899995803833,11.010000228881836,11.020000457763672,11.020000457763672,274700
2026-05-26,11.100000381469728,11.25,10.779999732971191,10.829999923706056,10.829999923706056,553900
2026-05-27,10.850000381469728,11.364999771118164,10.729999542236328,10.90999984741211,10.90999984741211,586900
2026-05-28,10.81999969482422,11.274999618530272,10.741999626159668,10.949999809265137,10.949999809265137,483400
2026-05-29,10.90999984741211,11.114999771118164,10.640000343322754,10.779999732971191,10.779999732971191,421700
2026-06-01,10.899999618530272,11.050000190734863,10.479999542236328,10.600000381469728,10.600000381469728,598000
2026-06-02,10.579999923706056,10.670000076293944,10.399999618530272,10.529999732971191,10.529999732971191,531200
2026-06-03,10.520000457763672,10.529999732971191,10.199999809265137,10.329999923706056,10.329999923706056,400300
2026-06-04,10.350000381469728,10.949999809265137,10.350000381469728,10.789999961853027,10.789999961853027,415400
2026-06-05,10.739999771118164,11.210000038146973,10.579999923706056,10.670000076293944,10.670000076293944,588200
2026-06-08,10.779999732971191,11.380000114440918,10.649999618530272,10.9399995803833,10.9399995803833,1200300
2026-06-09,11.40999984741211,12.170000076293944,11.25,11.6899995803833,11.6899995803833,1043900
2026-06-10,11.510000228881836,11.789999961853027,11.15999984741211,11.1899995803833,11.1899995803833,600100
2026-06-11,11.289999961853027,11.899999618530272,11.039999961853027,11.765000343322754,11.765000343322754,809000
2026-06-12,11.960000038146973,11.989999771118164,11.5600004196167,11.720000267028809,11.720000267028809,299600
2026-06-15,12.050000190734863,12.178000450134276,11.65999984741211,11.789999961853027,11.789999961853027,449500
2026-06-16,11.979999542236328,12.109999656677246,11.510000228881836,11.539999961853027,11.539999961853027,430900
2026-06-17,11.845000267028809,12.210000038146973,11.75,11.93000030517578,11.93000030517578,727000
2026-06-18,12.09000015258789,12.18000030517578,11.640000343322754,11.6899995803833,11.6899995803833,582700
2026-06-22,11.710000038146973,11.800000190734863,11.420000076293944,11.510000228881836,11.510000228881836,383500
2026-06-23,11.380000114440918,12.375,11.350000381469728,12.289999961853027,12.289999961853027,613200
2026-06-24,12.359999656677246,12.789999961853027,12.18000030517578,12.239999771118164,12.239999771118164,469000
2026-06-25,12.25,12.5600004196167,12.140000343322754,12.31999969482422,12.31999969482422,267600
2026-06-26,12.31999969482422,12.979999542236328,12.220000267028809,12.9399995803833,12.9399995803833,1410300
2026-06-29,12.949999809265137,13.1899995803833,12.850000381469728,12.949999809265137,12.949999809265137,640600
2026-06-30,12.90999984741211,12.920000076293944,12.470000267028809,12.59000015258789,12.59000015258789,444000
2026-07-01,12.619999885559082,13.119999885559082,12.454999923706056,12.90999984741211,12.90999984741211,390300
2026-07-02,12.880000114440918,13.229999542236328,12.779999732971191,13.199999809265137,13.199999809265137,337900
2026-07-06,13.25,13.739999771118164,13.052000045776367,13.479999542236328,13.479999542236328,481100
2026-07-07,13.329999923706056,13.609999656677246,13.140000343322754,13.4399995803833,13.4399995803833,395500
2026-07-08,13.199999809265137,13.23799991607666,12.9399995803833,13.100000381469728,13.100000381469728,309200
2026-07-09,13.25,13.699999809265137,13.119999885559082,13.520000457763672,13.520000457763672,333600
2026-07-10,13.56999969482422,13.630000114440918,12.739999771118164,13.010000228881836,13.010000228881836,294500
2026-07-13,13.0,13.140000343322754,12.850000381469728,12.869999885559082,12.869999885559082,388900
2026-07-14,12.869999885559082,13.199999809265137,12.630000114440918,13.140000343322754,13.140000343322754,281700
2026-07-15,13.050000190734863,13.289999961853027,12.833999633789062,13.18000030517578,13.18000030517578,315600
2026-07-16,12.960000038146973,13.265000343322754,12.68000030517578,12.850000381469728,12.850000381469728,378400
2026-07-17,12.520000457763672,13.050000190734863,12.31999969482422,12.8100004196167,12.8100004196167,369300
2026-07-20,12.84000015258789,12.904999732971191,12.359999656677246,12.59000015258789,12.59000015258789,329800
2026-07-21,12.600000381469728,12.970000267028809,12.529999732971191,12.8100004196167,12.8100004196167,278100
2026-07-22,12.75,12.859999656677246,12.43000030517578,12.529999732971191,12.529999732971191,278000
2026-07-23,12.289999961853027,12.515000343322754,12.130000114440918,12.43000030517578,12.43000030517578,273600
2026-07-24,12.4399995803833,12.56999969482422,12.123000144958496,12.220000267028809,12.220000267028809,301400
2026-07-27,12.220000267028809,12.449999809265137,11.850000381469728,11.9399995803833,11.9399995803833,439500
2026-07-28,11.970000267028809,12.104000091552734,11.520000457763672,11.550000190734863,11.550000190734863,586300
2026-07-29,11.640000343322754,11.8100004196167,11.5,11.579999923706056,11.579999923706056,340100
2026-07-30,11.630000114440918,12.079999923706056,11.630000114440918,12.039999961853027,12.039999961853027,306900
2026-07-31,12.010000228881836,12.229999542236328,11.692999839782717,12.220000267028809,12.220000267028809,372200
2026-08-03,12.350000381469728,13.079999923706056,12.350000381469728,13.039999961853027,13.039999961853027,579900
2026-08-04,13.149999618530272,13.329999923706056,13.039999961853027,13.140000343322754,13.140000343322754,441300
2026-08-05,13.210000038146973,13.24899959564209,12.43000030517578,12.630000114440918,12.630000114440918,432600
2026-08-06,14.029999732971191,15.619999885559082,14.0,15.470000267028809,15.470000267028809,2986700
2026-08-07,15.670000076293944,16.375,14.96500015258789,15.109999656677246,15.109999656677246,1212800
2026-08-10,15.0,16.690000534057617,15.0,16.670000076293945,16.670000076293945,1483200
2026-08-11,16.8799991607666,17.420000076293945,16.485000610351562,17.219999313354492,17.219999313354492,1228800
2026-08-12,17.100000381469727,17.280000686645508,16.6299991607666,17.110000610351562,17.110000610351562,774700
2026-08-13,17.110000610351562,17.399999618530273,16.860000610351562,17.360000610351562,17.360000610351562,814800
2026-08-14,17.299999237060547,17.399999618530273,16.674999237060547,16.729999542236328,16.729999542236328,529500
