Date,Open,High,Low,Close,Adj Close,Volume
2021-08-16,171.52999877929688,174.00999450683594,170.42999267578125,173.9600067138672,163.54196166992188,576200
2021-08-17,173.24000549316406,173.66000366210938,171.4199981689453,173.02000427246094,162.6582489013672,586600
2021-08-18,172.35000610351562,174.08999633789062,171.36000061035156,171.50999450683594,161.2386474609375,719800
2021-08-19,170.2100067138672,173.67999267578125,170.0399932861328,172.4199981689453,162.09414672851562,1403700
2021-08-20,172.47999572753906,173.16000366210938,171.44000244140625,172.6999969482422,162.3573760986328,1323800
2021-08-23,173.27000427246094,174.32000732421875,172.85000610351562,173.10000610351562,162.73342895507812,556500
2021-08-24,173.11000061035156,174.5800018310547,172.85000610351562,174.22999572753906,163.7957305908203,516800
2021-08-25,174.27999877929688,175.25999450683594,173.85000610351562,174.4600067138672,164.01199340820312,550300
2021-08-26,174.1999969482422,174.47000122070312,173.52000427246094,174.0399932861328,163.61712646484375,587300
2021-08-27,174.8800048828125,175.3300018310547,174.25999450683594,174.58999633789062,164.13421630859375,491400
2021-08-30,174.7899932861328,176.39999389648438,174.36000061035156,175.7899932861328,165.73692321777344,419400
2021-08-31,175.69000244140625,175.69000244140625,174.0,174.36000061035156,164.38876342773438,794600
2021-09-01,174.82000732421875,174.82000732421875,172.5,173.88999938964844,163.94561767578125,451400
2021-09-02,174.86000061035156,176.0500030517578,174.32000732421875,175.99000549316406,165.9254913330078,466100
2021-09-03,175.52000427246094,176.24000549316406,174.61000061035156,174.92999267578125,164.92613220214844,556900
2021-09-07,174.22999572753906,174.38999938964844,172.57000732421875,172.77000427246094,162.88967895507812,526500
2021-09-08,172.6699981689453,175.4600067138672,171.9600067138672,174.85000610351562,164.85072326660156,644200
2021-09-09,175.0,176.4600067138672,174.6300048828125,174.83999633789062,164.84130859375,684900
2021-09-10,175.85000610351562,176.0800018310547,173.47000122070312,173.55999755859375,163.634521484375,708700
2021-09-13,175.05999755859375,175.32000732421875,169.36000061035156,170.6999969482422,160.9380340576172,991700
2021-09-14,171.3000030517578,171.77999877929688,166.35000610351562,166.97000122070312,157.42135620117188,1413200
2021-09-15,166.6699981689453,168.49000549316406,166.27000427246094,167.6999969482422,158.10963439941406,1454600
2021-09-16,167.77000427246094,167.8699951171875,163.33999633789062,164.25,154.85691833496094,1493700
2021-09-17,163.11000061035156,163.99000549316406,161.47999572753906,162.63999938964844,153.33897399902344,1402300
2021-09-20,160.0,162.75999450683594,159.16000366210938,162.5399932861328,153.24468994140625,1371400
2021-09-21,163.61000061035156,163.61000061035156,160.74000549316406,161.24000549316406,152.01907348632812,585700
2021-09-22,162.57000732421875,163.77000427246094,161.9600067138672,162.25,152.9713134765625,693000
2021-09-23,163.3300018310547,164.6699981689453,162.92999267578125,163.5399932861328,154.18756103515625,579400
2021-09-24,163.0800018310547,163.57000732421875,161.72999572753906,161.89999389648438,152.64129638671875,376300
2021-09-27,161.6300048828125,162.8800048828125,161.5800018310547,161.66000366210938,152.41502380371094,614100
2021-09-28,161.05999755859375,161.05999755859375,157.5500030517578,158.83999633789062,149.75628662109375,757500
2021-09-29,159.49000549316406,159.9499969482422,159.0500030517578,159.3000030517578,150.19000244140625,471400
2021-09-30,160.17999267578125,160.19000244140625,155.4600067138672,155.5,146.60731506347656,803500
2021-10-01,156.25999450683594,158.11000061035156,154.17999267578125,156.8800048828125,147.9084014892578,548300
2021-10-04,156.4199981689453,158.30999755859375,154.9600067138672,155.99000549316406,147.0692596435547,683300
2021-10-05,156.5,159.13999938964844,155.38999938964844,158.1199951171875,149.07748413085938,671800
2021-10-06,156.69000244140625,159.2100067138672,154.77000427246094,159.07000732421875,149.9731903076172,681800
2021-10-07,160.10000610351562,161.16000366210938,159.7100067138672,159.8000030517578,150.66139221191406,707500
2021-10-08,158.9499969482422,158.9499969482422,156.69000244140625,157.83999633789062,148.81346130371094,546100
2021-10-11,157.61000061035156,158.8000030517578,156.6699981689453,156.6699981689453,147.7104034423828,522600
2021-10-12,157.08999633789062,159.13999938964844,156.55999755859375,157.08999633789062,148.1063995361328,625600
2021-10-13,157.47000122070312,158.22999572753906,156.3800048828125,157.3800048828125,148.37979125976562,563900
2021-10-14,158.11000061035156,162.8000030517578,158.11000061035156,162.50999450683594,153.2164306640625,657900
2021-10-15,163.9499969482422,166.5399932861328,163.1300048828125,165.11000061035156,155.66773986816406,887800
2021-10-18,164.02999877929688,167.47000122070312,163.9199981689453,166.7899932861328,157.25167846679688,1031600
2021-10-19,173.05999755859375,174.22999572753906,166.1699981689453,167.91000366210938,158.30764770507812,1746700
2021-10-20,169.5,171.24000549316406,167.8000030517578,168.85000610351562,159.19387817382812,1037200
2021-10-21,167.6999969482422,169.75999450683594,166.52000427246094,169.58999633789062,159.89154052734375,499400
2021-10-22,170.17999267578125,171.25,169.0800018310547,169.2100067138672,159.5332489013672,532600
2021-10-25,168.49000549316406,169.60000610351562,167.66000366210938,168.63999938964844,158.9958953857422,533600
2021-10-26,168.94000244140625,169.19000244140625,167.35000610351562,167.39999389648438,157.8267822265625,389900
2021-10-27,167.9600067138672,168.6699981689453,165.4600067138672,165.6300048828125,156.1580352783203,481300
2021-10-28,166.19000244140625,169.13999938964844,166.02000427246094,169.07000732421875,159.4012908935547,433900
2021-10-29,168.63999938964844,170.32000732421875,167.99000549316406,169.0800018310547,159.4107208251953,650700
2021-11-01,169.3000030517578,170.19000244140625,167.91000366210938,169.75999450683594,160.0518035888672,460600
2021-11-02,170.2899932861328,172.02999877929688,169.8300018310547,171.44000244140625,161.63571166992188,430500
2021-11-03,170.77000427246094,171.42999267578125,168.50999450683594,170.0,160.2781219482422,358100
2021-11-04,170.82000732421875,173.27999877929688,170.72999572753906,172.13999938964844,162.29574584960938,384700
2021-11-05,173.64999389648438,174.2899932861328,170.8800048828125,171.2899932861328,161.49432373046875,586200
2021-11-08,173.05999755859375,174.1999969482422,171.55999755859375,173.6199951171875,163.69107055664062,572600
2021-11-09,173.25,175.49000549316406,172.97000122070312,175.38999938964844,165.35983276367188,393000
2021-11-10,175.38999938964844,176.64999389648438,174.36000061035156,174.75,164.75643920898438,391600
2021-11-11,174.69000244140625,174.7899932861328,170.86000061035156,171.14999389648438,161.36233520507812,563300
2021-11-12,171.97999572753906,172.88999938964844,169.91000366210938,172.86000061035156,162.97451782226562,564700
2021-11-15,173.0,174.97000122070312,172.0,173.5,163.57797241210938,644100
2021-11-16,173.77999877929688,177.97999572753906,173.77999877929688,176.6300048828125,166.52899169921875,600000
2021-11-17,176.42999267578125,177.97999572753906,174.4199981689453,175.41000366210938,165.37869262695312,484500
2021-11-18,175.77999877929688,177.0,175.02000427246094,176.5800018310547,166.48178100585938,668800
2021-11-19,177.5,178.1999969482422,175.97000122070312,176.0500030517578,165.98214721679688,539000
2021-11-22,176.3000030517578,178.32000732421875,175.83999633789062,175.89999389648438,165.84068298339844,432700
2021-11-23,176.13999938964844,176.72999572753906,174.72000122070312,175.97999572753906,165.9160919189453,412500
2021-11-24,175.10000610351562,176.6699981689453,174.2899932861328,176.24000549316406,166.1612548828125,452000
2021-11-26,171.4199981689453,173.57000732421875,170.69000244140625,171.24000549316406,161.4471893310547,546500
2021-11-29,172.42999267578125,173.89999389648438,170.8699951171875,171.8000030517578,162.44947814941406,785900
2021-11-30,170.52000427246094,171.27000427246094,163.39999389648438,163.85000610351562,154.9322052001953,1728800
2021-12-01,165.8800048828125,169.11000061035156,162.82000732421875,162.8300018310547,153.9676513671875,779300
2021-12-02,163.55999755859375,167.77999877929688,163.17999267578125,166.42999267578125,157.3717498779297,695800
2021-12-03,166.99000549316406,167.97000122070312,164.0,167.00999450683594,157.920166015625,855200
2021-12-06,168.8800048828125,170.8300018310547,168.1699981689453,169.99000549316406,160.73800659179688,525500
2021-12-07,172.0,175.1199951171875,171.3000030517578,172.25,162.87498474121094,720500
2021-12-08,172.49000549316406,172.49000549316406,170.25999450683594,171.85000610351562,162.4967498779297,473500
2021-12-09,171.25999450683594,173.55999755859375,170.83999633789062,171.6199951171875,162.279296875,331800
2021-12-10,171.08999633789062,172.6300048828125,170.33999633789062,171.36000061035156,162.03338623046875,552200
2021-12-13,171.97000122070312,172.69000244140625,170.33999633789062,171.75,162.40219116210938,533000
2021-12-14,171.02999877929688,172.0399932861328,166.3300018310547,168.07000732421875,158.9225311279297,724600
2021-12-15,168.9600067138672,171.86000061035156,167.9199981689453,171.6699981689453,162.32652282714844,812000
2021-12-16,173.0,175.4600067138672,172.13999938964844,172.32000732421875,162.9412078857422,1019200
2021-12-17,172.85000610351562,176.1699981689453,170.22999572753906,170.2899932861328,161.0216827392578,1729300
2021-12-20,169.89999389648438,170.52000427246094,166.08999633789062,168.44000244140625,159.2723846435547,939800
2021-12-21,169.86000061035156,171.94000244140625,168.1300048828125,171.3300018310547,162.0050506591797,556100
2021-12-22,171.32000732421875,172.52000427246094,170.88999938964844,172.49000549316406,163.10194396972656,388000
2021-12-23,173.3699951171875,174.52999877929688,172.72999572753906,173.74000549316406,164.28387451171875,470900
2021-12-27,174.13999938964844,178.88999938964844,173.72999572753906,178.6300048828125,168.90773010253906,466000
2021-12-28,178.5,180.0399932861328,178.5,179.80999755859375,170.02352905273438,402600
2021-12-29,179.94000244140625,181.77999877929688,179.13999938964844,181.47000122070312,171.59317016601562,367800
2021-12-30,182.22000122070312,182.9600067138672,180.5399932861328,180.6699981689453,170.8367156982422,302700
2021-12-31,181.08999633789065,182.759994506836,180.5500030517578,181.6000061035156,171.71612548828125,346300
2022-01-03,181.63999938964844,183.72000122070312,177.2899932861328,178.3300018310547,168.6240692138672,786100
2022-01-04,179.9600067138672,183.0,179.60000610351562,181.47000122070312,171.59317016601562,808600
2022-01-05,182.0,182.8500061035156,178.97999572753906,179.33999633789062,169.57913208007812,758800
2022-01-06,180.5599975585937,182.8999938964844,179.83999633789062,181.47000122070312,171.59317016601562,752800
2022-01-07,182.42999267578125,184.0500030517578,181.22000122070312,182.9199981689453,172.9642333984375,1057500
2022-01-10,180.72000122070312,181.19000244140625,177.3300018310547,179.35000610351562,169.58856201171875,681000
2022-01-11,180.19000244140625,181.0,176.63999938964844,180.72999572753903,170.89346313476562,533000
2022-01-12,181.7700042724609,183.02999877929688,180.3099975585937,181.2899932861328,171.42298889160156,392100
2022-01-13,182.08999633789065,182.1499938964844,179.64999389648438,180.3800048828125,170.56248474121094,527500
2022-01-14,179.0500030517578,179.0500030517578,176.24000549316406,178.47999572753906,168.76589965820312,718700
2022-01-18,176.52999877929688,178.5800018310547,174.57000732421875,178.44000244140625,168.72808837890625,975100
2022-01-19,179.2899932861328,180.0,176.47999572753906,177.60000610351562,167.93385314941406,654300
2022-01-20,178.5,179.61000061035156,174.41000366210938,174.67999267578125,165.1727294921875,989600
2022-01-21,174.8000030517578,176.35000610351562,172.7100067138672,173.52999877929688,164.08529663085938,650000
2022-01-24,170.97000122070312,174.19000244140625,166.52999877929688,173.69000244140625,164.23663330078125,1095100
2022-01-25,170.85000610351562,172.44000244140625,165.89999389648438,170.6699981689453,161.38095092773438,935500
2022-01-26,171.47000122070312,174.83999633789062,168.67999267578125,169.9199981689453,160.6717987060547,883600
2022-01-27,174.16000366210938,175.10000610351562,164.3699951171875,168.7100067138672,159.52772521972656,1438700
2022-01-28,168.6199951171875,168.75,162.10000610351562,167.02999877929688,157.93910217285156,1205600
2022-01-31,165.86000061035156,170.0,164.5800018310547,169.91000366210938,160.66236877441406,1536900
2022-02-01,169.8300018310547,170.63999938964844,166.1699981689453,169.69000244140625,160.45433044433594,1019600
2022-02-02,169.27999877929688,171.41000366210938,168.2100067138672,170.25999450683594,160.99330139160156,952400
2022-02-03,169.00999450683594,170.22000122070312,162.94000244140625,163.55999755859375,154.65797424316406,977800
2022-02-04,162.1199951171875,164.86000061035156,157.64999389648438,163.14999389648438,154.270263671875,1466800
2022-02-07,163.25,163.85000610351562,161.4600067138672,162.14999389648438,153.32470703125,696400
2022-02-08,162.72000122070312,165.39999389648438,160.83999633789062,164.82000732421875,155.84942626953125,779400
2022-02-09,166.52000427246094,168.5399932861328,166.52000427246094,167.58999633789062,158.4686279296875,492800
2022-02-10,164.74000549316406,167.3000030517578,162.85000610351562,163.94000244140625,155.01727294921875,784100
2022-02-11,164.4499969482422,164.85000610351562,159.14999389648438,160.2100067138672,151.4902801513672,888900
2022-02-14,160.42999267578125,161.86000061035156,159.44000244140625,161.16000366210938,152.38856506347656,787400
2022-02-15,163.24000549316406,164.1999969482422,160.6300048828125,161.6199951171875,152.82354736328125,885800
2022-02-16,160.67999267578125,163.89999389648438,160.1699981689453,162.9499969482422,154.08111572265625,697200
2022-02-17,161.32000732421875,162.1699981689453,159.2100067138672,159.38999938964844,150.7149200439453,776400
2022-02-18,158.91000366210938,160.77000427246094,158.32000732421875,159.02999877929688,150.37452697753906,649500
2022-02-22,159.13999938964844,160.69000244140625,157.4600067138672,158.16000366210938,149.55186462402344,739800
2022-02-23,158.74000549316406,159.07000732421875,154.25999450683594,154.91000366210938,146.478759765625,841900
2022-02-24,152.0,155.42999267578125,151.30999755859375,155.36000061035156,146.90426635742188,825100
2022-02-25,155.38999938964844,159.5500030517578,155.38999938964844,159.02000427246094,150.85055541992188,631100
2022-02-28,156.6199951171875,159.1199951171875,155.1199951171875,156.86000061035156,148.80149841308594,1003400
2022-03-01,156.44000244140625,157.0800018310547,150.5800018310547,151.6699981689453,143.8781280517578,847400
2022-03-02,153.38999938964844,158.7100067138672,153.16000366210938,157.14999389648438,149.07659912109375,887500
2022-03-03,158.69000244140625,158.99000549316406,156.05999755859375,157.07000732421875,149.000732421875,444500
2022-03-04,154.32000732421875,155.0,150.75,150.94000244140625,143.1856689453125,1227500
2022-03-07,150.44000244140625,150.99000549316406,146.6699981689453,146.86000061035156,139.3152313232422,1212200
2022-03-08,147.92999267578125,150.30999755859375,145.69000244140625,146.19000244140625,138.6796875,889200
2022-03-09,150.33999633789062,153.0,149.82000732421875,151.1999969482422,143.4322967529297,711500
2022-03-10,148.8800048828125,152.13999938964844,148.61000061035156,151.97999572753906,144.1721954345703,893000
2022-03-11,153.52000427246094,154.3300018310547,150.5,150.6300048828125,142.89158630371094,773300
2022-03-14,152.39999389648438,154.22999572753906,150.99000549316406,151.4199981689453,143.6409912109375,499600
2022-03-15,152.75999450683594,153.16000366210938,150.63999938964844,152.19000244140625,144.37144470214844,669500
2022-03-16,153.61000061035156,157.0,152.57000732421875,155.8000030517578,147.7959747314453,862000
2022-03-17,154.05999755859375,157.58999633789062,154.05999755859375,157.3300018310547,149.24737548828125,457500
2022-03-18,157.6999969482422,159.83999633789062,155.6199951171875,159.27000427246094,151.08773803710938,1105100
2022-03-21,159.3000030517578,159.8300018310547,157.1300048828125,158.16000366210938,150.0347442626953,590100
2022-03-22,159.25,160.83999633789062,158.69000244140625,159.38999938964844,151.20155334472656,889600
2022-03-23,158.25,159.7100067138672,157.61000061035156,157.8300018310547,149.7216796875,548600
2022-03-24,158.36000061035156,158.82000732421875,156.33999633789062,157.22999572753906,149.1525115966797,589700
2022-03-25,157.74000549316406,158.36000061035156,156.7100067138672,158.27999877929688,150.14859008789062,418600
2022-03-28,157.77000427246094,158.6999969482422,156.42999267578125,158.64999389648438,150.4995574951172,369000
2022-03-29,160.8000030517578,162.8800048828125,160.1699981689453,162.74000549316406,154.37942504882812,536000
2022-03-30,161.8699951171875,162.42999267578125,160.10000610351562,160.5800018310547,152.3303985595703,646200
2022-03-31,160.02999877929688,160.6199951171875,156.8300018310547,156.89999389648438,148.83946228027344,756500
2022-04-01,158.33999633789062,159.4499969482422,156.97000122070312,158.5500030517578,150.40472412109375,637000
2022-04-04,157.4600067138672,158.57000732421875,155.74000549316406,157.92999267578125,149.81655883789062,817300
2022-04-05,157.9499969482422,159.02000427246094,153.3699951171875,153.9199981689453,146.0125732421875,867900
2022-04-06,152.0,154.85000610351562,151.02000427246094,154.75,146.79989624023438,832600
2022-04-07,153.6300048828125,155.3300018310547,152.6300048828125,154.42999267578125,146.49632263183594,979800
2022-04-08,151.1999969482422,153.75,149.41000366210938,150.8800048828125,143.12872314453125,1223200
2022-04-11,150.8800048828125,152.0500030517578,148.92999267578125,149.22999572753906,141.56349182128906,857400
2022-04-12,149.8800048828125,151.14999389648438,146.8300018310547,147.8699951171875,140.2733917236328,779900
2022-04-13,147.47000122070312,149.5,147.44000244140625,149.41000366210938,141.7342529296875,606200
2022-04-14,149.9600067138672,150.8300018310547,146.27000427246094,146.38999938964844,138.86936950683594,886100
2022-04-18,145.9600067138672,148.19000244140625,145.83999633789062,146.6199951171875,139.08758544921875,855000
2022-04-19,147.47000122070312,151.92999267578125,147.1999969482422,151.67999267578125,143.88758850097656,762100
2022-04-20,154.72999572753906,156.82000732421875,154.1300048828125,155.52000427246094,147.5303497314453,1154600
2022-04-21,146.47000122070312,151.67999267578125,138.5,144.16000366210938,136.7539520263672,2189000
2022-04-22,143.02000427246094,143.1699981689453,140.2899932861328,143.0,135.653564453125,1605600
2022-04-25,142.22000122070312,143.1699981689453,139.0,142.24000549316406,134.9325714111328,1311700
2022-04-26,141.13999938964844,142.77000427246094,139.0399932861328,139.0500030517578,131.90652465820312,1577000
2022-04-27,139.05999755859375,141.6300048828125,137.9199981689453,137.99000549316406,130.9009552001953,1827600
2022-04-28,138.75999450683594,140.64999389648438,136.4199981689453,139.49000549316406,132.32386779785156,1392400
2022-04-29,138.66000366210938,139.50999450683594,132.69000244140625,133.3000030517578,126.45188903808594,2175800
2022-05-02,133.02000427246094,135.1199951171875,131.02999877929688,134.3699951171875,127.4669189453125,1158300
2022-05-03,134.41000366210938,136.7100067138672,133.6999969482422,136.0399932861328,129.05111694335938,843000
2022-05-04,135.8300018310547,138.6999969482422,134.32000732421875,138.24000549316406,131.13809204101562,988300
2022-05-05,136.80999755859375,137.83999633789062,134.02999877929688,135.22999572753906,128.28274536132812,1051200
2022-05-06,134.38999938964844,134.67999267578125,131.50999450683594,133.00999450683594,126.17676544189452,888800
2022-05-09,131.3300018310547,133.39999389648438,130.52999877929688,132.10000610351562,125.31355285644533,1204400
2022-05-10,133.39999389648438,134.24000549316406,128.30999755859375,129.9499969482422,123.27398681640624,979600
2022-05-11,129.39999389648438,132.7899932861328,128.5500030517578,130.0800018310547,123.39729309082033,1075600
2022-05-12,129.52999877929688,131.41000366210938,128.5399932861328,131.35000610351562,124.60203552246094,892000
2022-05-13,132.57000732421875,134.22999572753906,131.00999450683594,132.8300018310547,126.00604248046876,826400
2022-05-16,131.75,134.00999450683594,130.58999633789062,133.3699951171875,126.51828002929688,1014600
2022-05-17,135.97999572753906,136.24000549316406,133.42999267578125,135.89999389648438,128.9182891845703,703100
2022-05-18,134.0800018310547,134.3300018310547,128.97999572753906,129.38999938964844,122.74273681640624,753400
2022-05-19,128.4199981689453,130.89999389648438,127.04000091552734,129.5399932861328,122.8850555419922,978100
2022-05-20,130.72999572753906,131.14999389648438,127.58000183105467,130.77999877929688,124.0613250732422,1779000
2022-05-23,132.57000732421875,133.27999877929688,130.2100067138672,130.8000030517578,124.08032989501952,747900
2022-05-24,130.25999450683594,131.1999969482422,127.3499984741211,130.85000610351562,124.12775421142578,685400
2022-05-25,129.5500030517578,130.0399932861328,127.80999755859376,129.75999450683594,123.09373474121094,1481100
2022-05-26,131.4600067138672,133.91000366210938,131.38999938964844,133.05999755859375,126.22420501708984,572600
2022-05-27,134.0,134.61000061035156,133.1300048828125,134.5500030517578,128.1190948486328,661400
2022-05-31,131.97999572753906,134.97999572753906,131.0800018310547,133.91000366210938,127.50967407226562,2105100
2022-06-01,134.3699951171875,135.10000610351562,131.08999633789062,132.77999877929688,126.43370056152344,644300
2022-06-02,133.52999877929688,135.55999755859375,132.57000732421875,135.52999877929688,129.0522918701172,991500
2022-06-03,134.36000061035156,135.13999938964844,132.60000610351562,133.42999267578125,127.05262756347656,713700
2022-06-06,134.11000061035156,134.64999389648438,132.77999877929688,133.19000244140625,126.8240737915039,751300
2022-06-07,132.25,136.1999969482422,131.72000122070312,136.1199951171875,129.61407470703125,625600
2022-06-08,134.85000610351562,135.57000732421875,133.8800048828125,134.6199951171875,128.18572998046875,514100
2022-06-09,133.99000549316406,135.50999450683594,132.66000366210938,132.7100067138672,126.36703491210938,647100
2022-06-10,130.35000610351562,130.7899932861328,128.02000427246094,128.41000366210938,122.2725601196289,682000
2022-06-13,125.68000030517578,126.38999938964844,123.31999969482422,123.95999908447266,118.0352554321289,631500
2022-06-14,124.01000213623048,124.91999816894533,122.0500030517578,123.0,117.12113189697266,705100
2022-06-15,124.18000030517578,125.66999816894533,122.16999816894533,124.05999755859376,118.1304702758789,666300
2022-06-16,121.43000030517578,121.43000030517578,118.91000366210938,119.81999969482422,114.09313201904295,796900
2022-06-17,119.06999969482422,120.72000122070312,117.20999908447266,117.29000091552734,111.6840362548828,1812800
2022-06-21,118.9000015258789,120.25,118.2300033569336,119.22000122070312,113.52180480957033,996500
2022-06-22,117.56999969482422,120.41999816894533,117.55999755859376,119.41999816894533,113.71224975585938,783600
2022-06-23,119.12000274658205,120.9499969482422,117.16999816894533,118.58000183105467,112.91239166259766,2012100
2022-06-24,120.0,123.5,119.79000091552734,123.22000122070312,117.33062744140624,1232300
2022-06-27,123.98999786376952,124.5,122.29000091552734,123.06999969482422,117.18780517578124,966100
2022-06-28,124.5500030517578,124.86000061035156,121.5,121.77999877929688,115.95946502685548,1038300
2022-06-29,121.86000061035156,121.86000061035156,119.2699966430664,121.26000213623048,115.46431732177734,969500
2022-06-30,119.87000274658205,122.22000122070312,119.37000274658205,121.31999969482422,115.5214385986328,1191400
2022-07-01,121.52999877929688,123.2300033569336,120.36000061035156,122.41000366210938,116.5593490600586,562500
2022-07-05,120.37000274658205,121.91000366210938,118.97000122070312,121.7699966430664,115.9499053955078,732300
2022-07-06,121.9499969482422,123.5,120.54000091552734,122.08000183105467,116.24510192871094,1150400
2022-07-07,122.5,123.7699966430664,121.06999969482422,123.61000061035156,117.70197296142578,830900
2022-07-08,123.4000015258789,123.77999877929688,121.26000213623048,121.77999877929688,115.95946502685548,788300
2022-07-11,121.77999877929688,122.79000091552734,121.11000061035156,121.33000183105467,115.53095245361328,600100
2022-07-12,120.9000015258789,123.45999908447266,120.36000061035156,120.7699966430664,114.99771881103516,698200
2022-07-13,118.70999908447266,120.3499984741211,118.05999755859376,119.72000122070312,113.99791717529295,539600
2022-07-14,117.7300033569336,118.56999969482422,116.66000366210938,117.93000030517578,112.29347229003906,924500
2022-07-15,119.9800033569336,121.44000244140624,119.08000183105467,120.52999877929688,114.76919555664062,1087100
2022-07-18,121.0999984741211,121.81999969482422,119.41000366210938,119.9800033569336,114.24549102783205,944600
2022-07-19,121.69000244140624,125.18000030517578,121.37000274658205,124.91000366210938,118.93985748291016,834200
2022-07-20,125.0,125.7699966430664,124.0199966430664,125.6999969482422,119.69208526611328,1254000
2022-07-21,125.36000061035156,127.95999908447266,123.30999755859376,127.44000244140624,121.34893035888672,1737500
2022-07-22,127.68000030517578,129.47999572753906,127.5,128.63999938964844,122.49156951904295,1583000
2022-07-25,128.49000549316406,128.5399932861328,125.83999633789062,126.66999816894533,120.61573028564452,1007200
2022-07-26,126.08000183105467,127.52999877929688,125.2699966430664,127.2300033569336,121.1489486694336,841900
2022-07-27,127.41999816894533,130.63999938964844,127.20999908447266,130.10000610351562,123.8817901611328,891300
2022-07-28,130.5399932861328,132.42999267578125,129.82000732421875,131.8000030517578,125.50054931640624,832300
2022-07-29,132.32000732421875,134.1699981689453,131.1699981689453,133.67999267578125,127.29066467285156,1428400
2022-08-01,132.5,132.67999267578125,131.16000366210938,132.27999877929688,125.95758056640624,963200
2022-08-02,131.77999877929688,133.4199981689453,131.00999450683594,131.1300048828125,124.86257934570312,618000
2022-08-03,132.05999755859375,133.50999450683594,130.99000549316406,133.1699981689453,126.8050765991211,902900
2022-08-04,133.27999877929688,133.36000061035156,132.0399932861328,132.4600067138672,126.12898254394533,775700
2022-08-05,131.6199951171875,134.0399932861328,131.27999877929688,134.02999877929688,127.62393951416016,759400
2022-08-08,135.22000122070312,135.91000366210938,133.91000366210938,134.5,128.0714569091797,730300
2022-08-09,134.07000732421875,134.07000732421875,131.25,131.85000610351562,125.54815673828124,655600
2022-08-10,134.52000427246094,136.27999877929688,134.02999877929688,135.8300018310547,129.33787536621094,663300
2022-08-11,136.77999877929688,137.69000244140625,136.08999633789062,136.47999572753906,129.95687866210938,554900
2022-08-12,136.9499969482422,139.49000549316406,136.72999572753906,139.47999572753906,132.8134307861328,755700
2022-08-15,138.49000549316406,140.33999633789062,138.1699981689453,140.27999877929688,133.57521057128906,696400
2022-08-16,139.7899932861328,141.94000244140625,139.3699951171875,141.3300018310547,134.5750274658203,668000
2022-08-17,139.66000366210938,140.13999938964844,138.99000549316406,139.08999633789062,132.44207763671875,544100
2022-08-18,139.2100067138672,140.5399932861328,138.88999938964844,140.4499969482422,133.737060546875,532300
2022-08-19,139.50999450683594,139.50999450683594,137.08999633789062,137.8699951171875,131.2804412841797,575900
2022-08-22,135.72999572753906,135.72999572753906,133.0500030517578,133.83999633789062,127.44304656982422,1275000
2022-08-23,133.4199981689453,134.44000244140625,132.72999572753906,133.13999938964844,126.77649688720705,743700
2022-08-24,133.11000061035156,133.5800018310547,132.3300018310547,132.97999572753906,126.6241226196289,798300
2022-08-25,133.89999389648438,135.0500030517578,133.41000366210938,134.97000122070312,128.51902770996094,828100
2022-08-26,135.2899932861328,135.2899932861328,127.9000015258789,127.98999786376952,121.87262725830078,822800
2022-08-29,127.01000213623048,128.41000366210938,126.72000122070312,127.43000030517578,121.3394012451172,584000
2022-08-30,127.20999908447266,127.61000061035156,125.13999938964844,126.02999877929688,120.48380279541016,1481800
2022-08-31,126.63999938964844,126.63999938964844,124.37999725341795,124.95999908447266,119.46086120605467,1534000
2022-09-01,125.83000183105467,129.10000610351562,124.9800033569336,129.05999755859375,123.38043975830078,1205700
2022-09-02,130.3699951171875,130.99000549316406,127.63999938964844,127.97000122070312,122.3384017944336,1457700
2022-09-06,128.86000061035156,128.86000061035156,126.66000366210938,128.30999755859375,122.6634521484375,1005600
2022-09-07,128.25,130.25,127.73999786376952,129.5,123.80107879638672,1668500
2022-09-08,128.35000610351562,128.42999267578125,126.3000030517578,127.8499984741211,122.2236785888672,1564400
2022-09-09,128.27000427246094,129.85000610351562,128.1300048828125,129.47000122070312,123.77240753173828,1105900
2022-09-12,130.27999877929688,131.66000366210938,129.22000122070312,130.47999572753906,124.73796844482422,1145400
2022-09-13,127.62000274658205,128.8000030517578,126.41000366210938,126.83000183105467,121.24856567382812,1402400
2022-09-14,126.88999938964844,128.4199981689453,126.01000213623048,127.05999755859376,121.4684600830078,1420600
2022-09-15,127.05999755859376,128.19000244140625,121.95999908447266,122.5,117.109130859375,1461900
2022-09-16,120.81999969482422,122.30999755859376,119.73999786376952,120.91000366210938,115.58910369873048,1402200
2022-09-19,120.23999786376952,125.06999969482422,119.73999786376952,125.0199966430664,119.51822662353516,1184600
2022-09-20,123.83999633789062,123.83999633789062,121.47000122070312,122.69000244140624,117.29077911376952,992400
2022-09-21,123.98999786376952,125.9499969482422,122.04000091552734,122.11000061035156,116.73627471923828,983300
2022-09-22,121.8000030517578,122.2300033569336,119.68000030517578,120.1500015258789,114.86255645751952,951100
2022-09-23,119.48999786376952,120.80999755859376,117.95999908447266,119.75,114.48014068603516,1244200
2022-09-26,119.31999969482422,121.13999938964844,117.63999938964844,117.9499969482422,112.75936126708984,1368600
2022-09-27,118.79000091552734,119.48999786376952,115.0199966430664,116.66999816894533,111.53569793701172,1117300
2022-09-28,117.77999877929688,120.51000213623048,117.08000183105467,119.81999969482422,114.54708099365234,1191100
2022-09-29,118.75,118.77999877929688,116.9000015258789,117.9000015258789,112.71156311035156,770400
2022-09-30,118.20999908447266,119.37999725341795,116.37000274658205,116.58000183105467,111.4496612548828,899600
2022-10-03,118.27999877929688,121.16999816894533,117.5999984741211,120.08999633789062,114.80518341064452,795400
2022-10-04,121.8000030517578,124.58999633789062,121.75,124.41999816894533,118.94463348388672,864700
2022-10-05,122.66999816894533,125.1500015258789,122.66999816894533,124.08000183105467,118.61959075927734,618600
2022-10-06,123.72000122070312,125.5500030517578,123.38999938964844,123.5,118.06511688232422,788700
2022-10-07,122.08999633789062,122.5,119.94000244140624,120.72000122070312,115.407470703125,761800
2022-10-10,121.8000030517578,122.0999984741211,119.05999755859376,120.62000274658205,115.3118667602539,625700
2022-10-11,120.3499984741211,122.04000091552734,119.4499969482422,119.56999969482422,114.3080825805664,935100
2022-10-12,119.62000274658205,120.13999938964844,117.36000061035156,117.37000274658205,112.20489501953124,1215200
2022-10-13,114.91000366210938,122.80999755859376,114.48999786376952,121.68000030517578,116.32521057128906,1168500
2022-10-14,122.4800033569336,123.3000030517578,119.20999908447266,119.58000183105467,114.31763458251952,1099400
2022-10-17,122.13999938964844,122.52999877929688,121.13999938964844,121.5500030517578,116.2009506225586,1167500
2022-10-18,124.31999969482422,125.3000030517578,122.08999633789062,123.41000366210938,117.97908020019533,1169900
2022-10-19,122.16999816894533,123.12000274658205,120.2699966430664,121.36000061035156,116.01930236816406,1033000
2022-10-20,119.9499969482422,123.13999938964844,117.8000030517578,119.0999984741211,113.85874938964844,1605400
2022-10-21,119.25,125.54000091552734,119.25,124.8499984741211,119.35569763183594,1849800
2022-10-24,125.83999633789062,127.54000091552734,125.5999984741211,126.1500015258789,120.59851837158205,1260600
2022-10-25,125.8000030517578,127.58999633789062,125.52999877929688,127.29000091552734,121.68833923339844,1208900
2022-10-26,128.19000244140625,128.9199981689453,125.86000061035156,127.55999755859376,121.94645690917967,1762200
2022-10-27,128.97000122070312,129.55999755859375,127.51000213623048,128.02999877929688,122.3957748413086,704300
2022-10-28,128.44000244140625,132.1199951171875,128.41000366210938,131.88999938964844,126.0858917236328,946900
2022-10-31,130.66000366210938,131.49000549316406,129.83999633789062,130.69000244140625,124.93872833251952,958900
2022-11-01,132.6199951171875,132.85000610351562,130.5399932861328,132.6999969482422,126.8602523803711,856900
2022-11-02,131.9499969482422,135.19000244140625,130.5399932861328,130.77999877929688,125.0247573852539,1449300
2022-11-03,129.16000366210938,131.77000427246094,128.0,130.3000030517578,124.56587982177734,1063000
2022-11-04,132.4499969482422,133.50999450683594,130.83999633789062,133.05999755859375,127.20437622070312,854800
2022-11-07,133.58999633789062,134.64999389648438,132.58999633789062,134.41000366210938,128.49497985839844,722300
2022-11-08,133.77999877929688,134.27000427246094,129.91000366210938,131.86000061035156,126.05720520019533,1377500
2022-11-09,130.6999969482422,132.8800048828125,130.0399932861328,130.2100067138672,124.47985076904295,994900
2022-11-10,135.07000732421875,137.69000244140625,134.3300018310547,137.35000610351562,131.30564880371094,921500
2022-11-11,137.5399932861328,141.89999389648438,137.5399932861328,140.94000244140625,134.7376251220703,1141600
2022-11-14,140.27999877929688,143.8699951171875,140.27999877929688,141.25999450683594,135.0435333251953,1240900
2022-11-15,143.25999450683594,144.38999938964844,140.57000732421875,142.16000366210938,135.90399169921875,761600
2022-11-16,142.1199951171875,143.17999267578125,141.13999938964844,141.3300018310547,135.1104736328125,939500
2022-11-17,139.3300018310547,139.3300018310547,136.9499969482422,138.97999572753906,132.8638916015625,695200
2022-11-18,140.75999450683594,140.75999450683594,138.0399932861328,139.47000122070312,133.3323516845703,683400
2022-11-21,139.0,140.60000610351562,138.9199981689453,140.30999755859375,134.1353302001953,676900
2022-11-22,141.16000366210938,142.27999877929688,140.64999389648438,142.14999389648438,135.89439392089844,836500
2022-11-23,142.30999755859375,143.66000366210938,142.24000549316406,142.75999450683594,136.47756958007812,670500
2022-11-25,143.16000366210938,143.64999389648438,142.55999755859375,142.99000549316406,136.6974639892578,237900
2022-11-28,141.97000122070312,142.47000122070312,139.11000061035156,139.3300018310547,133.19851684570312,960600
2022-11-29,138.47999572753906,140.22999572753906,138.47999572753906,139.3699951171875,133.72140502929688,852500
2022-11-30,139.39999389648438,141.9499969482422,137.02999877929688,141.9499969482422,136.1968231201172,1450300
2022-12-01,143.0,143.52000427246094,141.75,142.49000549316406,136.71493530273438,769600
2022-12-02,140.9499969482422,144.1699981689453,140.4199981689453,143.49000549316406,137.67440795898438,679000
2022-12-05,141.60000610351562,142.0,140.47000122070312,141.00999450683594,135.29493713378906,806900
2022-12-06,140.86000061035156,141.52999877929688,138.39999389648438,139.77000427246094,134.10519409179688,581700
2022-12-07,139.0399932861328,140.4499969482422,138.13999938964844,138.35000610351562,132.74276733398438,807200
2022-12-08,139.0,139.0,136.63999938964844,137.25999450683594,131.69692993164062,1102000
2022-12-09,137.44000244140625,138.4600067138672,137.07000732421875,137.2899932861328,131.72572326660156,864000
2022-12-12,138.0,140.35000610351562,137.32000732421875,140.3000030517578,134.6137237548828,845300
2022-12-13,144.1300048828125,144.52999877929688,141.0500030517578,142.58999633789062,136.8108673095703,782600
2022-12-14,142.5800018310547,143.97999572753906,140.14999389648438,140.6999969482422,134.9974822998047,811600
2022-12-15,138.2899932861328,139.2100067138672,134.10000610351562,134.67999267578125,129.22149658203125,1391300
2022-12-16,133.08999633789062,134.69000244140625,131.91000366210938,133.47999572753906,128.0701141357422,2313900
2022-12-19,133.3300018310547,134.52000427246094,131.6999969482422,132.3800048828125,127.01473236083984,767100
2022-12-20,132.27999877929688,133.80999755859375,131.75,133.25,127.8494644165039,632700
2022-12-21,134.3699951171875,135.42999267578125,133.9199981689453,134.85000610351562,129.38461303710938,747200
2022-12-22,134.0,134.27999877929688,131.41000366210938,133.72999572753906,128.3099822998047,696700
2022-12-23,133.52999877929688,134.91000366210938,133.27999877929688,134.72000122070312,129.25987243652344,367500
2022-12-27,134.97999572753906,136.47999572753906,134.1699981689453,135.8800048828125,130.37283325195312,410400
2022-12-28,136.14999389648438,136.5399932861328,132.92999267578125,133.27999877929688,127.87821197509766,575600
2022-12-29,134.52000427246094,136.77999877929688,134.52000427246094,136.33999633789062,130.814208984375,637200
2022-12-30,135.47999572753906,135.5399932861328,133.85000610351562,135.41000366210938,129.9219207763672,546900
2023-01-03,135.88999938964844,136.63999938964844,133.72000122070312,135.07000732421875,129.59567260742188,798000
2023-01-04,136.0,136.5,134.72000122070312,136.1699981689453,130.6510772705078,592900
2023-01-05,135.25999450683594,136.0500030517578,134.02999877929688,134.4199981689453,128.97203063964844,549800
2023-01-06,135.94000244140625,139.9499969482422,135.61000061035156,139.4199981689453,133.76937866210938,649800
2023-01-09,139.5399932861328,141.74000549316406,138.60000610351562,138.91000366210938,133.28004455566406,1064600
2023-01-10,138.55999755859375,139.85000610351562,137.9600067138672,139.3000030517578,133.65423583984375,543500
2023-01-11,140.3300018310547,141.97999572753906,139.72000122070312,141.92999267578125,136.17764282226562,679000
2023-01-12,142.4600067138672,143.61000061035156,141.0500030517578,142.89999389648438,137.1083221435547,849500
2023-01-13,142.1300048828125,144.99000549316406,142.1300048828125,144.38999938964844,138.53793334960938,639600
2023-01-17,144.4600067138672,145.1999969482422,143.52999877929688,144.30999755859375,138.46116638183594,990400
2023-01-18,144.6699981689453,145.25999450683594,140.19000244140625,140.52000427246094,134.8247833251953,733800
2023-01-19,139.97999572753906,140.0,135.7899932861328,135.8800048828125,130.37283325195312,1093000
2023-01-20,136.49000549316406,139.57000732421875,135.9199981689453,139.33999633789062,133.692626953125,749300
2023-01-23,139.63999938964844,142.38999938964844,139.39999389648438,141.72000122070312,135.97613525390625,495100
2023-01-24,141.64999389648438,144.47999572753906,140.8000030517578,143.2100067138672,137.4058074951172,733800
2023-01-25,141.7100067138672,142.0,140.0399932861328,141.85000610351562,136.1009063720703,703200
2023-01-26,143.1199951171875,143.5399932861328,140.85000610351562,143.5,137.6840362548828,697000
2023-01-27,142.9600067138672,145.77999877929688,142.5399932861328,144.97999572753906,139.10403442382812,975600
2023-01-30,143.75999450683594,145.0,142.86000061035156,143.30999755859375,137.501708984375,1231900
2023-01-31,146.50999450683594,152.44000244140625,143.52000427246094,151.8300018310547,145.67640686035156,2427200
2023-02-01,152.4600067138672,157.3800048828125,151.24000549316406,156.60000610351562,150.25306701660156,1593600
2023-02-02,158.63999938964844,160.66000366210938,157.64999389648438,159.1199951171875,152.67092895507812,1246200
2023-02-03,157.49000549316406,159.97999572753906,157.38999938964844,159.61000061035156,153.14108276367188,980000
2023-02-06,158.10000610351562,158.3699951171875,155.8800048828125,156.4600067138672,150.11875915527344,852100
2023-02-07,155.5399932861328,157.05999755859375,153.77999877929688,156.47000122070312,150.1283416748047,797600
2023-02-08,155.39999389648438,156.82000732421875,153.19000244140625,154.14999389648438,147.90237426757812,750500
2023-02-09,155.33999633789062,156.10000610351562,152.80999755859375,153.14999389648438,146.9429168701172,545500
2023-02-10,152.44000244140625,153.55999755859375,151.88999938964844,153.25,147.03884887695312,554700
2023-02-13,153.7100067138672,155.94000244140625,153.25999450683594,155.6999969482422,149.38954162597656,657700
2023-02-14,155.17999267578125,156.0500030517578,153.30999755859375,155.6999969482422,149.38954162597656,593700
2023-02-15,155.0,156.67999267578125,154.47999572753906,156.50999450683594,150.16673278808594,554800
2023-02-16,154.72999572753906,155.91000366210938,154.00999450683594,154.94000244140625,148.66033935546875,656200
2023-02-17,154.44000244140625,155.39999389648438,152.88999938964844,155.36000061035156,149.06332397460938,664500
2023-02-21,153.8000030517578,153.8000030517578,148.16000366210938,148.52999877929688,142.5101318359375,908200
2023-02-22,149.0399932861328,150.77000427246094,148.16000366210938,148.6999969482422,142.67324829101562,715000
2023-02-23,149.47999572753906,149.97999572753906,147.35000610351562,148.9199981689453,142.88433837890625,597200
2023-02-24,147.25,148.97000122070312,146.33999633789062,148.39999389648438,142.3854217529297,690100
2023-02-27,149.27999877929688,150.36000061035156,148.9600067138672,150.0,144.41200256347656,705300
2023-02-28,150.0,151.32000732421875,149.7100067138672,149.89999389648438,144.31573486328125,1074100
2023-03-01,149.33999633789062,150.66000366210938,149.27000427246094,150.1199951171875,144.5275115966797,742900
2023-03-02,149.5800018310547,152.32000732421875,148.8800048828125,151.39999389648438,145.7598419189453,846300
2023-03-03,152.10000610351562,154.97999572753906,151.57000732421875,154.64999389648438,148.88876342773438,755500
2023-03-06,155.88999938964844,156.9600067138672,154.3000030517578,154.32000732421875,148.57110595703125,777300
2023-03-07,154.52999877929688,155.08999633789062,152.08999633789062,152.80999755859375,147.11734008789062,926500
2023-03-08,153.0500030517578,154.4499969482422,151.57000732421875,152.47000122070312,146.7899932861328,1518300
2023-03-09,153.3800048828125,154.85000610351562,149.50999450683594,150.16000366210938,144.56605529785156,965200
2023-03-10,150.5,150.5,145.24000549316406,145.8000030517578,140.3684539794922,1048800
2023-03-13,143.8300018310547,145.64999389648438,141.63999938964844,143.4499969482422,138.1060333251953,1021500
2023-03-14,146.1300048828125,149.2899932861328,143.30999755859375,145.66000366210938,140.23367309570312,922000
2023-03-15,142.91000366210938,143.1699981689453,137.3699951171875,140.3300018310547,135.1022491455078,1494200
2023-03-16,139.02000427246094,141.60000610351562,137.38999938964844,140.75999450683594,135.51625061035156,1068100
2023-03-17,140.0,140.5399932861328,135.83999633789062,136.57000732421875,131.48231506347656,1575100
2023-03-20,137.5,140.1999969482422,136.8300018310547,140.13999938964844,134.9193115234375,1690000
2023-03-21,142.3000030517578,143.10000610351562,141.24000549316406,142.2100067138672,136.91226196289062,901100
2023-03-22,142.0500030517578,144.3000030517578,140.5,140.5399932861328,135.3043975830078,654000
2023-03-23,140.47000122070312,143.27000427246094,139.42999267578125,140.52999877929688,135.2947998046875,709300
2023-03-24,139.05999755859375,141.6199951171875,137.8000030517578,141.44000244140625,136.17088317871094,693300
2023-03-27,143.41000366210938,143.41000366210938,141.32000732421875,142.77000427246094,137.4513397216797,678200
2023-03-28,142.85000610351562,144.38999938964844,142.72000122070312,144.3300018310547,138.95321655273438,682000
2023-03-29,146.0399932861328,147.38999938964844,144.8800048828125,146.9600067138672,141.48524475097656,919800
2023-03-30,147.99000549316406,149.08999633789062,147.5800018310547,148.14999389648438,142.6309051513672,856600
2023-03-31,149.0399932861328,152.05999755859375,148.92999267578125,151.94000244140625,146.27975463867188,1229400
2023-04-03,152.0399932861328,152.85000610351562,148.8000030517578,150.52000427246094,144.91262817382812,850700
2023-04-04,150.5800018310547,150.5800018310547,144.17999267578125,145.07000732421875,139.66567993164062,662100
2023-04-05,143.85000610351562,144.35000610351562,141.97000122070312,142.88999938964844,137.5668487548828,674200
2023-04-06,142.2899932861328,143.19000244140625,141.2899932861328,141.57000732421875,136.2960662841797,945500
2023-04-10,141.57000732421875,144.1199951171875,140.99000549316406,144.0500030517578,138.6836700439453,1338400
2023-04-11,145.17999267578125,149.08999633789062,145.17999267578125,146.92999267578125,141.4563446044922,1403000
2023-04-12,147.97000122070312,148.22000122070312,146.05999755859375,147.1199951171875,141.63931274414062,1094000
2023-04-13,147.07000732421875,147.5800018310547,144.25,147.5,142.005126953125,969900
2023-04-14,147.4600067138672,149.08999633789062,146.0500030517578,147.00999450683594,141.53341674804688,481300
2023-04-17,147.5500030517578,148.44000244140625,146.61000061035156,148.17999267578125,142.6597900390625,492300
2023-04-18,149.02000427246094,150.0,147.57000732421875,148.27999877929688,142.7560577392578,487700
2023-04-19,147.50999450683594,148.19000244140625,146.3800048828125,147.5399932861328,142.04360961914062,464900
2023-04-20,146.17999267578125,148.1300048828125,146.17999267578125,147.22000122070312,141.73556518554688,544700
2023-04-21,147.85000610351562,148.0800018310547,146.25,147.67999267578125,142.17837524414062,406500
2023-04-24,147.58999633789062,148.9600067138672,147.5800018310547,148.60000610351562,143.06419372558594,683000
2023-04-25,147.9199981689453,148.97000122070312,145.4499969482422,145.4600067138672,140.04112243652344,907200
2023-04-26,147.07000732421875,147.16000366210938,140.10000610351562,140.80999755859375,135.56434631347656,1771100
2023-04-27,141.5800018310547,144.94000244140625,140.9600067138672,144.5800018310547,139.1939239501953,998700
2023-04-28,144.80999755859375,146.19000244140625,144.49000549316406,146.16000366210938,140.71507263183594,1130600
2023-05-01,146.05999755859375,147.3800048828125,145.8000030517578,146.41000366210938,140.9557342529297,622400
2023-05-02,145.22999572753906,147.14999389648438,142.9499969482422,144.74000549316406,139.3479766845703,738300
2023-05-03,145.39999389648438,147.10000610351562,143.97000122070312,144.39999389648438,139.02064514160156,764400
2023-05-04,144.57000732421875,144.75,141.14999389648438,141.9499969482422,136.66188049316406,660000
2023-05-05,144.0399932861328,145.14999389648438,143.3699951171875,144.50999450683594,139.1265106201172,608700
2023-05-08,145.3800048828125,145.3800048828125,143.24000549316406,144.02999877929688,138.66441345214844,517300
2023-05-09,143.49000549316406,145.02999877929688,141.49000549316406,142.6300048828125,137.31655883789062,683600
2023-05-10,143.38999938964844,144.5800018310547,139.14999389648438,140.97000122070312,135.71841430664062,579400
2023-05-11,139.67999267578125,140.4600067138672,137.5399932861328,139.30999755859375,134.1202392578125,863900
2023-05-12,140.2899932861328,140.6300048828125,137.6699981689453,138.75999450683594,133.59072875976562,839700
2023-05-15,139.0,140.00999450683594,138.02000427246094,139.57000732421875,134.37054443359375,839800
2023-05-16,138.5399932861328,138.6300048828125,137.19000244140625,137.52000427246094,132.3969268798828,880300
2023-05-17,138.52999877929688,140.75,138.19000244140625,139.85000610351562,134.64010620117188,657000
2023-05-18,139.58999633789062,141.17999267578125,139.24000549316406,140.8300018310547,135.5836181640625,809000
2023-05-19,141.86000061035156,142.17999267578125,139.30999755859375,139.47000122070312,134.2742919921875,683500
2023-05-22,139.36000061035156,140.52999877929688,137.8699951171875,140.1999969482422,134.97706604003906,484400
2023-05-23,139.3300018310547,140.77999877929688,137.8699951171875,139.32000732421875,134.12986755371094,672600
2023-05-24,138.83999633789062,138.83999633789062,135.39999389648438,135.63999938964844,130.5869598388672,1021800
2023-05-25,136.3699951171875,137.57000732421875,134.4199981689453,135.22000122070312,130.1826171875,678300
2023-05-26,135.82000732421875,137.42999267578125,135.0800018310547,137.02999877929688,131.9251708984375,629700
2023-05-30,137.22000122070312,137.6300048828125,135.7899932861328,136.94000244140625,132.326171875,670400
2023-05-31,136.13999938964844,136.32000732421875,133.22000122070312,133.3300018310547,128.8378143310547,1089900
2023-06-01,133.8000030517578,135.97999572753906,132.8300018310547,135.05999755859375,130.509521484375,1034200
2023-06-02,136.9499969482422,140.07000732421875,136.35000610351562,139.86000061035156,135.1478271484375,760900
2023-06-05,139.6300048828125,139.6300048828125,136.6999969482422,137.8800048828125,133.2344970703125,688100
2023-06-06,137.3699951171875,139.41000366210938,136.9499969482422,139.02000427246094,134.3361053466797,886800
2023-06-07,138.89999389648438,143.89999389648438,138.5399932861328,143.55999755859375,138.72315979003906,850600
2023-06-08,143.07000732421875,143.97999572753906,141.75999450683594,142.3000030517578,137.50563049316406,818000
2023-06-09,141.27000427246094,142.32000732421875,139.8000030517578,141.13999938964844,136.3846893310547,898400
2023-06-12,141.1199951171875,143.47000122070312,140.1999969482422,143.07000732421875,138.24966430664062,663500
2023-06-13,143.42999267578125,145.9199981689453,143.42999267578125,145.14999389648438,140.2595672607422,1030000
2023-06-14,145.80999755859375,146.32000732421875,144.5,145.17999267578125,140.28858947753906,1162700
2023-06-15,144.72999572753906,147.25,144.72999572753906,147.0800018310547,142.12457275390625,926800
2023-06-16,147.74000549316406,148.3800048828125,146.4199981689453,147.72999572753906,142.7526397705078,1530100
2023-06-20,146.55999755859375,147.14999389648438,143.25,143.42999267578125,138.59754943847656,1017000
2023-06-21,142.38999938964844,145.97000122070312,142.2100067138672,144.25,139.38990783691406,738500
2023-06-22,144.42999267578125,144.42999267578125,142.3300018310547,142.61000061035156,137.80514526367188,390100
2023-06-23,141.2899932861328,141.57000732421875,139.88999938964844,141.1300048828125,136.37506103515625,898900
2023-06-26,141.32000732421875,144.8000030517578,141.32000732421875,143.10000610351562,138.27867126464844,580100
2023-06-27,143.82000732421875,145.00999450683594,143.25,144.7899932861328,139.9116973876953,598000
2023-06-28,144.92999267578125,145.1300048828125,143.11000061035156,143.35000610351562,138.52020263671875,581000
2023-06-29,142.3699951171875,144.97000122070312,142.3699951171875,144.64999389648438,139.77642822265625,443200
2023-06-30,146.16000366210938,148.97000122070312,145.38999938964844,147.64999389648438,142.6753387451172,1178900
2023-07-03,146.89999389648438,147.36000061035156,145.64999389648438,147.13999938964844,142.18252563476562,264900
2023-07-05,145.49000549316406,146.6999969482422,144.86000061035156,145.0,140.11463928222656,485700
2023-07-06,143.4499969482422,144.3699951171875,142.74000549316406,143.92999267578125,139.08067321777344,752600
2023-07-07,143.5399932861328,147.8300018310547,143.5399932861328,146.10000610351562,141.1775665283203,711700
2023-07-10,146.02999877929688,148.47000122070312,145.83999633789062,148.4499969482422,143.44839477539062,695200
2023-07-11,149.1699981689453,150.24000549316406,148.77000427246094,149.4600067138672,144.4243927001953,677400
2023-07-12,151.19000244140625,151.36000061035156,149.63999938964844,150.6699981689453,145.59361267089844,972500
2023-07-13,150.6300048828125,151.4499969482422,150.0399932861328,150.0800018310547,145.0234832763672,695800
2023-07-14,149.6300048828125,150.1199951171875,147.47999572753906,148.32000732421875,143.3227996826172,489700
2023-07-17,148.0500030517578,150.69000244140625,147.8000030517578,148.89999389648438,143.88323974609375,829300
2023-07-18,148.77999877929688,151.1300048828125,148.41000366210938,150.33999633789062,145.27471923828125,1141400
2023-07-19,149.50999450683594,150.47999572753906,147.60000610351562,150.1300048828125,145.07177734375,604600
2023-07-20,150.41000366210938,150.74000549316406,148.38999938964844,149.9499969482422,144.89784240722656,820500
2023-07-21,150.24000549316406,152.75,149.22999572753906,152.1199951171875,146.9947509765625,1230100
2023-07-24,152.77000427246094,154.32000732421875,151.86000061035156,152.08999633789062,146.9657745361328,1218800
2023-07-25,144.75999450683594,149.39999389648438,138.72999572753906,146.50999450683594,141.57374572753906,2994200
2023-07-26,145.77000427246094,147.9499969482422,143.60000610351562,146.8000030517578,141.8539581298828,1317400
2023-07-27,147.6199951171875,148.22000122070312,145.19000244140625,145.7899932861328,140.8779754638672,1533200
2023-07-28,147.3000030517578,147.30999755859375,145.42999267578125,145.69000244140625,140.78140258789062,1086700
2023-07-31,146.13999938964844,146.4600067138672,144.97999572753906,145.97000122070312,141.05194091796875,1677200
2023-08-01,144.82000732421875,146.63999938964844,143.9199981689453,145.47999572753906,140.5784454345703,1032300
2023-08-02,143.9600067138672,144.86000061035156,142.64999389648438,142.97000122070312,138.15301513671875,1014900
2023-08-03,142.2100067138672,143.3000030517578,141.08999633789062,142.7100067138672,137.90176391601562,830400
2023-08-04,143.66000366210938,144.14999389648438,141.61000061035156,142.27000427246094,137.47659301757812,635000
2023-08-07,142.97000122070312,143.8800048828125,142.30999755859375,143.3800048828125,138.5492401123047,660700
2023-08-08,142.0399932861328,144.25999450683594,140.85000610351562,143.99000549316406,139.13865661621094,761500
2023-08-09,143.97999572753906,144.7100067138672,143.05999755859375,143.5800018310547,138.7424774169922,597600
2023-08-10,143.64999389648438,144.58999633789062,141.42999267578125,142.3699951171875,137.57322692871094,639200
2023-08-11,141.97000122070312,143.08999633789062,141.89999389648438,142.97000122070312,138.15301513671875,586700
2023-08-14,142.42999267578125,142.8800048828125,141.55999755859375,142.47999572753906,137.6795654296875,587900
2023-08-15,141.44000244140625,142.94000244140625,139.39999389648438,139.86000061035156,135.1478271484375,653700
2023-08-16,139.58999633789062,140.6999969482422,138.88999938964844,139.00999450683594,134.3264617919922,635700
2023-08-17,139.30999755859375,141.0800018310547,139.1699981689453,139.72000122070312,135.01254272460938,963100
2023-08-18,138.9600067138672,140.97999572753906,138.9600067138672,140.57000732421875,135.8339080810547,703700
2023-08-21,140.38999938964844,141.0399932861328,138.6999969482422,139.89999389648438,135.18643188476562,499000
2023-08-22,140.60000610351562,141.4600067138672,139.58999633789062,139.88999938964844,135.17678833007812,528800
2023-08-23,139.9499969482422,142.22999572753906,139.42999267578125,142.0500030517578,137.26405334472656,422800
2023-08-24,141.42999267578125,143.36000061035156,141.22000122070312,141.35000610351562,136.58763122558594,396000
2023-08-25,142.5500030517578,143.91000366210938,141.4499969482422,142.6699981689453,137.86314392089844,667500
2023-08-28,143.14999389648438,144.6999969482422,143.0399932861328,143.99000549316406,139.13865661621094,558900
2023-08-29,143.7899932861328,146.9199981689453,143.72999572753906,146.58999633789062,141.6510467529297,617400
2023-08-30,146.5,148.5399932861328,146.08999633789062,148.24000549316406,143.74557495117188,1324000
2023-08-31,148.47000122070312,149.72000122070312,148.22999572753906,148.3000030517578,143.8037567138672,905300
2023-09-01,149.47999572753906,149.9499969482422,148.1699981689453,148.6999969482422,144.19161987304688,902400
2023-09-05,148.6199951171875,148.6199951171875,143.75,143.77999877929688,139.42079162597656,719500
2023-09-06,143.3000030517578,144.99000549316406,143.05999755859375,143.86000061035156,139.49835205078125,753400
2023-09-07,142.94000244140625,143.77999877929688,141.16000366210938,141.72000122070312,137.42324829101562,681300
2023-09-08,141.5399932861328,143.00999450683594,141.17999267578125,142.11000061035156,137.8014373779297,808100
2023-09-11,142.6699981689453,142.97999572753906,139.02999877929688,140.22000122070312,135.96873474121094,848000
2023-09-12,139.52999877929688,141.72999572753906,138.75,140.8699951171875,136.59902954101562,706100
2023-09-13,141.0399932861328,141.4600067138672,140.0500030517578,141.1999969482422,136.91900634765625,800200
2023-09-14,142.6300048828125,144.35000610351562,142.10000610351562,144.16000366210938,139.7892608642578,951100
2023-09-15,144.4199981689453,145.25,143.0,144.4499969482422,140.07044982910156,1358800
2023-09-18,144.36000061035156,144.66000366210938,143.13999938964844,143.52999877929688,139.17835998535156,646900
2023-09-19,143.1699981689453,144.08999633789062,142.4600067138672,143.75,139.39170837402344,586600
2023-09-20,145.05999755859375,146.47000122070312,143.33999633789062,143.5,139.1492919921875,626900
2023-09-21,142.80999755859375,143.2100067138672,141.4199981689453,141.55999755859375,137.2681121826172,843300
2023-09-22,141.60000610351562,142.55999755859375,140.07000732421875,141.35000610351562,137.06448364257812,968300
2023-09-25,140.82000732421875,143.6300048828125,140.82000732421875,142.5399932861328,138.21836853027344,847300
2023-09-26,141.4499969482422,142.33999633789062,139.8000030517578,139.8000030517578,135.56146240234375,890000
2023-09-27,140.97000122070312,141.1699981689453,139.2899932861328,140.58999633789062,136.3275146484375,706600
2023-09-28,140.83999633789062,142.10000610351562,139.86000061035156,140.69000244140625,136.4244842529297,843000
2023-09-29,141.89999389648438,141.89999389648438,139.07000732421875,139.50999450683594,135.2802276611328,733600
2023-10-02,139.0399932861328,139.8800048828125,137.10000610351562,137.67999267578125,133.50572204589844,765600
2023-10-03,137.1699981689453,137.89999389648438,136.5,137.77999877929688,133.6027069091797,551300
2023-10-04,137.61000061035156,138.86000061035156,136.4499969482422,137.9199981689453,133.7384490966797,715500
2023-10-05,138.44000244140625,139.67999267578125,136.57000732421875,138.30999755859375,134.11663818359375,774300
2023-10-06,137.69000244140625,140.1699981689453,137.0399932861328,138.88999938964844,134.67904663085938,907600
2023-10-09,138.17999267578125,140.83999633789062,137.6699981689453,140.3699951171875,136.1141815185547,648200
2023-10-10,140.8699951171875,142.39999389648438,139.3800048828125,141.02999877929688,136.75416564941406,824000
2023-10-11,141.41000366210938,142.33999633789062,141.24000549316406,142.17999267578125,137.86927795410156,750800
2023-10-12,142.9499969482422,143.25999450683594,140.16000366210938,140.22000122070312,135.96873474121094,874200
2023-10-13,140.61000061035156,140.85000610351562,136.97000122070312,138.1199951171875,133.93238830566406,655300
2023-10-16,139.6699981689453,141.41000366210938,139.3699951171875,140.77999877929688,136.5117645263672,651400
2023-10-17,139.9499969482422,142.8000030517578,139.77000427246094,141.58999633789062,137.2971649169922,664800
2023-10-18,140.47999572753906,141.72000122070312,135.5500030517578,135.8300018310547,131.7118377685547,762100
2023-10-19,135.6199951171875,137.13999938964844,134.07000732421875,134.42999267578125,130.35426330566406,761900
2023-10-20,134.39999389648438,135.39999389648438,133.58999633789062,134.69000244140625,130.60638427734375,1251000
2023-10-23,134.77999877929688,136.25,133.82000732421875,133.85000610351562,129.7918701171875,1503700
2023-10-24,135.9600067138672,135.9600067138672,128.5399932861328,132.3300018310547,128.31793212890625,2283500
2023-10-25,131.1300048828125,131.2899932861328,128.3699951171875,130.0800018310547,126.13616180419922,1192300
2023-10-26,130.8000030517578,131.99000549316406,129.3000030517578,130.5500030517578,126.5919189453125,1014400
2023-10-27,130.49000549316406,131.5800018310547,128.1300048828125,128.4199981689453,124.5264663696289,595500
2023-10-30,129.16000366210938,129.9199981689453,127.5,128.4199981689453,124.5264663696289,834000
2023-10-31,127.62999725341795,129.99000549316406,127.25,129.9499969482422,126.01009368896484,960600
2023-11-01,130.25999450683594,130.60000610351562,127.5,129.0800018310547,125.16645050048828,860400
2023-11-02,130.97000122070312,134.27000427246094,130.2100067138672,133.25999450683594,129.2197265625,916400
2023-11-03,135.13999938964844,136.50999450683594,134.33999633789062,134.36000061035156,130.28639221191406,709800
2023-11-06,134.1300048828125,135.14999389648438,131.41000366210938,132.75999450683594,128.73489379882812,859800
2023-11-07,132.3000030517578,132.3000030517578,130.2899932861328,130.47000122070312,126.51433563232422,865300
2023-11-08,130.66000366210938,130.9199981689453,129.6300048828125,130.11000061035156,126.1652603149414,1017300
2023-11-09,131.3000030517578,131.47999572753906,130.08999633789062,130.7899932861328,126.82461547851562,838600
2023-11-10,131.44000244140625,132.02999877929688,130.07000732421875,131.6300048828125,127.63915252685548,700600
2023-11-13,131.13999938964844,132.3800048828125,130.75,131.47000122070312,127.48401641845705,762500
2023-11-14,133.77000427246094,136.88999938964844,133.77000427246094,136.8000030517578,132.65240478515625,805700
2023-11-15,137.0,140.99000549316406,136.1300048828125,138.8300018310547,134.62086486816406,1151700
2023-11-16,138.82000732421875,139.9499969482422,137.11000061035156,137.5399932861328,133.36997985839844,637200
2023-11-17,138.44000244140625,138.52999877929688,137.11000061035156,137.7899932861328,133.61241149902344,788900
2023-11-20,137.75,138.27000427246094,136.5,138.25,134.05845642089844,733800
2023-11-21,137.86000061035156,139.0399932861328,137.3800048828125,138.47999572753906,134.28146362304688,758700
2023-11-22,138.86000061035156,139.38999938964844,138.10000610351562,138.55999755859375,134.35906982421875,546400
2023-11-24,138.39999389648438,139.7100067138672,138.25,139.69000244140625,135.4547882080078,264900
2023-11-27,138.82000732421875,139.7899932861328,137.9600067138672,139.0399932861328,134.8245086669922,515800
2023-11-28,138.8699951171875,140.82000732421875,137.72999572753906,140.08999633789062,135.8426513671875,1071400
2023-11-29,140.9600067138672,142.13999938964844,140.44000244140625,140.77000427246094,137.00083923339844,749700
2023-11-30,141.5,142.24000549316406,139.92999267578125,141.16000366210938,137.38035583496094,1080100
2023-12-01,141.5800018310547,143.35000610351562,141.14999389648438,143.2100067138672,139.37548828125,863600
2023-12-04,142.02000427246094,143.57000732421875,141.67999267578125,143.42999267578125,139.58958435058594,726500
2023-12-05,143.0500030517578,143.27000427246094,141.17999267578125,141.36000061035156,137.57504272460938,680500
2023-12-06,142.08999633789062,144.7100067138672,142.08999633789062,143.2100067138672,139.37548828125,565200
2023-12-07,143.60000610351562,143.77999877929688,142.44000244140625,143.69000244140625,139.84262084960938,782100
2023-12-08,143.7899932861328,145.1199951171875,143.30999755859375,143.6199951171875,139.77450561523438,991000
2023-12-11,143.55999755859375,145.77999877929688,143.52999877929688,145.30999755859375,141.4192352294922,535000
2023-12-12,145.8000030517578,145.9600067138672,145.1300048828125,145.49000549316406,141.59442138671875,438400
2023-12-13,145.3800048828125,147.8699951171875,144.0,147.3000030517578,143.35595703125,740300
2023-12-14,148.8800048828125,155.85000610351562,148.5800018310547,155.2899932861328,151.13201904296875,1380300
2023-12-15,153.9600067138672,155.0399932861328,151.49000549316406,152.1999969482422,148.124755859375,1374300
2023-12-18,152.75,152.75999450683594,150.85000610351562,151.8000030517578,147.73548889160156,632300
2023-12-19,152.47000122070312,153.72000122070312,151.9499969482422,153.3000030517578,149.1953125,761700
2023-12-20,153.0,154.38999938964844,150.8000030517578,150.97999572753906,146.93740844726562,722000
2023-12-21,152.14999389648438,152.7100067138672,151.16000366210938,152.47999572753906,148.39727783203125,442100
2023-12-22,153.0,153.8000030517578,152.07000732421875,152.94000244140625,148.84494018554688,443500
2023-12-26,153.16000366210938,154.9199981689453,153.07000732421875,154.63999938964844,150.4994354248047,452600
2023-12-27,154.86000061035156,154.9600067138672,153.67999267578125,154.16000366210938,150.03228759765625,441200
2023-12-28,154.33999633789062,154.64999389648438,153.50999450683594,154.16000366210938,150.03228759765625,529500
2023-12-29,153.55999755859375,154.38999938964844,153.00999450683594,153.80999755859375,149.691650390625,623900
2024-01-02,153.1699981689453,154.0500030517578,150.97999572753906,151.52000427246094,147.46299743652344,695400
2024-01-03,150.3300018310547,150.39999389648438,147.69000244140625,148.3300018310547,144.35838317871094,844800
2024-01-04,148.6999969482422,149.3800048828125,147.94000244140625,148.10000610351562,144.13453674316406,873400
2024-01-05,147.5,148.3699951171875,146.85000610351562,147.49000549316406,143.54087829589844,878500
2024-01-08,146.55999755859375,148.33999633789062,145.83999633789062,148.22999572753906,144.26101684570312,1012700
2024-01-09,146.91000366210938,147.77999877929688,145.72999572753906,147.5800018310547,143.62844848632812,905900
2024-01-10,147.9499969482422,148.35000610351562,146.32000732421875,147.1699981689453,143.2294158935547,633200
2024-01-11,147.30999755859375,147.77999877929688,145.69000244140625,147.3300018310547,143.38516235351562,1055300
2024-01-12,148.57000732421875,148.64999389648438,146.47000122070312,147.13999938964844,143.20025634765625,575600
2024-01-16,146.22999572753906,146.4499969482422,144.5800018310547,146.2100067138672,142.29515075683594,1074200
2024-01-17,144.5500030517578,146.16000366210938,143.97000122070312,144.44000244140625,140.57254028320312,610000
2024-01-18,144.6300048828125,146.99000549316406,144.6300048828125,146.77000427246094,142.84014892578125,531900
2024-01-19,146.9499969482422,148.57000732421875,145.8699951171875,148.08999633789062,144.1248016357422,524300
2024-01-22,148.91000366210938,150.25,148.35000610351562,148.4600067138672,144.4849090576172,598800
2024-01-23,149.47999572753906,150.72999572753906,148.47000122070312,150.69000244140625,146.65521240234375,1050100
2024-01-24,151.85000610351562,151.99000549316406,147.97999572753906,148.00999450683594,144.04693603515625,772800
2024-01-25,149.1199951171875,150.07000732421875,148.60000610351562,149.9600067138672,145.94476318359375,858000
2024-01-26,150.10000610351562,151.33999633789062,149.22999572753906,149.94000244140625,145.92527770996094,550500
2024-01-29,149.36000061035156,151.8000030517578,149.19000244140625,151.75999450683594,147.696533203125,788400
2024-01-30,151.75999450683594,152.22000122070312,151.07000732421875,151.47999572753906,147.42404174804688,784500
2024-01-31,151.74000549316406,152.3300018310547,149.74000549316406,149.77999877929688,145.76956176757812,1775000
2024-02-01,151.8699951171875,156.69000244140625,148.4499969482422,156.5500030517578,152.35829162597656,2116600
2024-02-02,156.0,159.38999938964844,156.0,158.75,154.49940490722656,1407000
2024-02-05,158.85000610351562,160.47999572753906,156.58999633789062,159.99000549316406,155.70619201660156,1918000
2024-02-06,159.9600067138672,161.19000244140625,159.5,160.82000732421875,156.5139617919922,1283400
2024-02-07,162.0,162.47999572753906,160.0800018310547,160.47000122070312,156.17330932617188,1198500
2024-02-08,160.49000549316406,161.0,158.19000244140625,160.11000061035156,155.82298278808594,1036500
2024-02-09,160.2100067138672,160.92999267578125,159.36000061035156,160.52999877929688,156.2317352294922,1021000
2024-02-12,160.35000610351562,162.17999267578125,159.89999389648438,161.97000122070312,157.6331787109375,1032500
2024-02-13,159.75,160.0399932861328,158.2899932861328,159.8300018310547,155.5504608154297,870000
2024-02-14,161.0399932861328,161.97000122070312,159.22999572753906,160.88999938964844,156.5820770263672,748900
2024-02-15,161.4499969482422,163.02999877929688,161.02000427246094,162.63999938964844,158.28521728515625,774800
2024-02-16,162.52000427246094,164.08999633789062,161.1699981689453,161.4600067138672,157.13681030273438,802000
2024-02-20,160.25999450683594,160.58999633789062,159.47999572753906,160.0800018310547,155.79376220703125,695700
2024-02-21,160.38999938964844,160.7100067138672,159.5800018310547,160.38999938964844,156.09547424316406,873500
2024-02-22,161.19000244140625,163.50999450683594,161.19000244140625,163.0800018310547,158.71343994140625,857100
2024-02-23,163.6300048828125,164.3000030517578,162.4499969482422,164.10000610351562,159.70614624023438,766400
2024-02-26,163.4600067138672,165.10000610351562,163.07000732421875,164.77999877929688,160.36793518066406,957100
2024-02-27,165.5800018310547,166.55999755859375,163.75999450683594,164.08999633789062,159.69638061523438,941900
2024-02-28,163.32000732421875,166.6199951171875,163.32000732421875,164.36000061035156,160.4578857421875,690700
2024-02-29,165.1300048828125,165.91000366210938,163.7100067138672,165.3800048828125,161.4536590576172,1087400
2024-03-01,165.86000061035156,167.85000610351562,164.91000366210938,167.3000030517578,163.32806396484375,1022800
2024-03-04,167.3800048828125,169.27000427246094,166.8699951171875,167.86000061035156,163.87478637695312,830200
2024-03-05,167.9199981689453,169.8000030517578,166.1999969482422,167.27000427246094,163.29881286621094,1114700
2024-03-06,167.8699951171875,171.77000427246094,167.8699951171875,170.9199981689453,166.8621368408203,1220800
2024-03-07,171.6699981689453,172.3000030517578,170.92999267578125,171.89999389648438,167.81884765625,1125700
2024-03-08,172.60000610351562,173.5500030517578,170.5,171.02999877929688,166.96949768066406,844900
2024-03-11,170.5399932861328,171.44000244140625,169.0800018310547,170.94000244140625,166.88168334960938,563100
2024-03-12,171.0500030517578,175.50999450683594,169.64999389648438,175.27000427246094,171.10887145996094,1177200
2024-03-13,175.83999633789062,177.63999938964844,175.77999877929688,177.22000122070312,173.0125732421875,1163000
2024-03-14,176.39999389648438,176.85000610351562,173.5,175.07000732421875,170.91360473632812,1032300
2024-03-15,173.67999267578125,176.47999572753906,173.67999267578125,175.52999877929688,171.3627166748047,1132600
2024-03-18,176.33999633789062,177.0,174.24000549316406,174.4199981689453,170.27906799316406,805000
2024-03-19,174.36000061035156,176.10000610351562,174.36000061035156,175.13999938964844,170.98194885253906,747300
2024-03-20,174.5800018310547,176.3000030517578,173.7100067138672,175.5500030517578,171.3822021484375,935800
2024-03-21,175.72999572753906,178.27999877929688,175.32000732421875,177.89999389648438,173.67642211914062,2048600
2024-03-22,178.13999938964844,178.25999450683594,176.07000732421875,176.41000366210938,172.22177124023438,994300
2024-03-25,176.4199981689453,177.7100067138672,175.1999969482422,175.36000061035156,171.19671630859375,748500
2024-03-26,175.52999877929688,176.6699981689453,174.63999938964844,174.77999877929688,170.6304931640625,1080900
2024-03-27,175.52999877929688,177.3699951171875,174.97000122070312,177.22000122070312,173.0125732421875,770100
2024-03-28,177.39999389648438,178.02000427246094,176.4600067138672,177.19000244140625,172.9832763671875,879500
2024-04-01,177.02000427246094,177.33999633789062,175.14999389648438,175.52999877929688,171.3627166748047,746500
2024-04-02,175.72999572753906,176.39999389648438,173.5399932861328,173.72999572753906,169.60540771484375,804300
2024-04-03,173.16000366210938,175.3000030517578,172.6699981689453,174.35000610351562,170.21072387695312,1281700
2024-04-04,175.9199981689453,176.85000610351562,172.33999633789062,173.1999969482422,169.08799743652344,979000
2024-04-05,173.6199951171875,176.4199981689453,173.00999450683594,175.83999633789062,171.66531372070312,828400
2024-04-08,176.47999572753906,177.22000122070312,176.0399932861328,176.0800018310547,171.89964294433594,1062000
2024-04-09,177.19000244140625,177.83999633789062,174.91000366210938,177.35000610351562,173.1394805908203,809600
2024-04-10,174.85000610351562,175.64999389648438,173.22999572753906,173.8300018310547,169.70303344726562,859100
2024-04-11,174.50999450683594,174.82000732421875,172.52999877929688,173.27999877929688,169.1660919189453,617000
2024-04-12,171.58999633789062,173.02000427246094,171.2100067138672,172.05999755859375,167.97508239746094,653800
2024-04-15,174.8800048828125,174.8800048828125,169.82000732421875,170.6699981689453,166.6180877685547,626000
2024-04-16,170.16000366210938,172.02000427246094,169.33999633789062,171.16000366210938,167.09642028808594,852600
2024-04-17,172.1699981689453,173.00999450683594,168.1999969482422,169.5,165.47584533691406,1024400
2024-04-18,170.3800048828125,170.75,168.3300018310547,168.61000061035156,164.60696411132812,947200
2024-04-19,169.08999633789062,170.67999267578125,168.5500030517578,169.83999633789062,165.80776977539062,1257000
2024-04-22,170.0800018310547,171.6699981689453,169.13999938964844,170.27999877929688,166.23731994628906,867500
2024-04-23,171.32000732421875,172.9499969482422,170.85000610351562,172.2899932861328,168.19960021972656,854200
2024-04-24,171.55999755859375,173.2100067138672,170.50999450683594,171.44000244140625,167.36978149414062,1287500
2024-04-25,175.9499969482422,181.4900054931641,174.30999755859375,179.11000061035156,174.857666015625,2304000
2024-04-26,179.3800048828125,181.4900054931641,178.86000061035156,180.1699981689453,175.8925018310547,1104100
2024-04-29,180.0,181.0599975585937,179.19000244140625,180.0399932861328,175.76559448242188,967800
2024-04-30,180.0,182.3300018310547,179.16000366210938,179.3000030517578,175.04319763183594,1959400
2024-05-01,179.19000244140625,179.61000061035156,176.72999572753906,177.85000610351562,173.62759399414062,2151200
2024-05-02,178.4199981689453,179.5800018310547,175.4199981689453,177.5500030517578,173.334716796875,922400
2024-05-03,178.5,179.57000732421875,177.27999877929688,178.99000549316406,174.7405242919922,1273500
2024-05-06,180.2100067138672,181.7899932861328,179.8000030517578,181.72999572753903,177.4154815673828,642600
2024-05-07,182.58999633789065,183.42999267578125,181.6100006103516,181.8300018310547,177.51309204101562,651400
2024-05-08,181.1499938964844,184.22999572753903,181.1100006103516,183.75,179.38754272460938,1027400
2024-05-09,184.1199951171875,185.009994506836,183.97999572753903,184.9499969482422,180.5590209960937,812600
2024-05-10,185.7100067138672,186.2100067138672,184.9199981689453,185.5500030517578,181.1447906494141,837700
2024-05-13,186.08999633789065,186.5,184.0200042724609,184.259994506836,179.8854217529297,632300
2024-05-14,185.0,185.47000122070312,183.2100067138672,183.7100067138672,179.34844970703125,840000
2024-05-15,184.58999633789065,186.07000732421875,184.38999938964844,185.1699981689453,180.7738037109375,720700
2024-05-16,184.9199981689453,185.5,183.8099975585937,184.13999938964844,179.76828002929688,889000
2024-05-17,185.0,185.1300048828125,183.6100006103516,184.08999633789065,179.7194366455078,1688700
2024-05-20,184.1100006103516,185.9900054931641,184.1100006103516,185.0800018310547,180.6859588623047,738700
2024-05-21,184.3600006103516,186.17999267578125,184.009994506836,186.0599975585937,181.6426696777344,505200
2024-05-22,186.3800048828125,187.8000030517578,186.19000244140625,187.5500030517578,183.09732055664065,937200
2024-05-23,187.63999938964844,187.7400054931641,184.02999877929688,184.27999877929688,179.90496826171875,1287200
2024-05-24,185.0200042724609,185.42999267578125,183.009994506836,184.17999267578125,179.8073272705078,761500
2024-05-28,187.22000122070312,188.63999938964844,182.3699951171875,183.47999572753903,179.1239471435547,1345900
2024-05-29,182.0,183.0,181.44000244140625,181.5399932861328,177.22999572753906,969300
2024-05-30,181.94000244140625,182.3699951171875,181.0500030517578,181.6300048828125,177.31788635253906,850600
2024-05-31,181.4900054931641,184.07000732421875,179.82000732421875,183.82000732421875,179.96119689941406,1718900
2024-06-03,184.0200042724609,184.38999938964844,179.33999633789062,181.2899932861328,177.4842987060547,1250000
2024-06-04,180.6999969482422,181.4199981689453,178.27999877929688,179.44000244140625,175.6731414794922,1242800
2024-06-05,179.8000030517578,181.58999633789065,178.0800018310547,180.9600067138672,177.16122436523438,1246400
2024-06-06,180.7700042724609,181.5800018310547,177.49000549316406,178.02999877929688,174.29273986816406,1092400
2024-06-07,177.50999450683594,178.49000549316406,176.69000244140625,177.22000122070312,173.499755859375,1050500
2024-06-10,176.61000061035156,178.8300018310547,176.61000061035156,177.9499969482422,174.21441650390625,963800
2024-06-11,177.25,177.7899932861328,176.0800018310547,177.27000427246094,173.54869079589844,869600
2024-06-12,178.97000122070312,182.1300048828125,178.58999633789062,181.75,177.9346466064453,1649300
2024-06-13,181.1499938964844,181.6000061035156,178.6300048828125,181.38999938964844,177.5822296142578,908600
2024-06-14,180.02000427246094,180.6199951171875,174.8800048828125,177.25,173.52911376953125,1049300
2024-06-17,176.8000030517578,180.19000244140625,176.57000732421875,179.22999572753906,175.46754455566406,933900
2024-06-18,180.3999938964844,182.83999633789065,179.36000061035156,182.7899932861328,178.9528045654297,1332300
2024-06-20,182.4600067138672,183.92999267578125,182.13999938964844,183.3000030517578,179.45213317871094,1095000
2024-06-21,182.6199951171875,183.0,180.22999572753903,182.5,178.66891479492188,1432600
2024-06-24,183.2100067138672,186.0,182.5200042724609,184.3999938964844,180.52902221679688,1041100
2024-06-25,184.08999633789065,184.08999633789065,180.00999450683594,180.05999755859375,176.28012084960938,994200
2024-06-26,179.4499969482422,179.88999938964844,177.4199981689453,178.72000122070312,174.96826171875,877100
2024-06-27,178.74000549316406,179.67999267578125,177.44000244140625,178.4499969482422,174.7039031982422,712000
2024-06-28,179.0399932861328,181.47999572753903,178.5800018310547,180.4499969482422,176.6619110107422,1581400
2024-07-01,181.6999969482422,181.6999969482422,176.52000427246094,176.99000549316406,173.27456665039062,868400
2024-07-02,176.9499969482422,177.60000610351562,176.3000030517578,176.9600067138672,173.24520874023438,951500
2024-07-03,177.41000366210938,178.1199951171875,175.88999938964844,176.97000122070312,173.25497436523438,514700
2024-07-05,176.42999267578125,176.7100067138672,174.16000366210938,176.67999267578125,172.9710693359375,798400
2024-07-08,177.5,178.44000244140625,176.00999450683594,176.49000549316406,172.78506469726562,705800
2024-07-09,176.1199951171875,176.58999633789062,174.82000732421875,175.1300048828125,171.45359802246094,1002500
2024-07-10,175.1300048828125,178.66000366210938,175.10000610351562,178.55999755859375,174.81161499023438,875200
2024-07-11,180.10000610351562,183.47000122070312,179.99000549316406,182.1000061035156,178.2772979736328,1004100
2024-07-12,183.7400054931641,185.33999633789065,182.8300018310547,184.5200042724609,180.64649963378903,836000
2024-07-15,184.6199951171875,187.22000122070312,184.1699981689453,184.9900054931641,181.1066436767578,797400
2024-07-16,185.5500030517578,191.6999969482422,184.5,191.4900054931641,187.47018432617188,1312200
2024-07-17,190.7899932861328,192.3099975585937,189.63999938964844,189.8099975585937,185.825439453125,1021100
2024-07-18,188.4100036621093,191.52999877929688,186.22999572753903,186.33999633789065,182.42828369140625,1271900
2024-07-19,187.52999877929688,188.0,182.759994506836,183.6999969482422,179.84371948242188,856600
2024-07-22,181.9900054931641,183.5,179.32000732421875,181.1499938964844,177.34722900390625,1416600
2024-07-23,181.67999267578125,182.6499938964844,179.9600067138672,180.3699951171875,176.5836181640625,1122400
2024-07-24,179.39999389648438,179.69000244140625,176.2100067138672,176.3300018310547,172.62841796875,1310700
2024-07-25,180.10000610351562,188.8300018310547,178.8300018310547,186.32000732421875,182.40870666503903,2544900
2024-07-26,185.42999267578125,188.1100006103516,184.5200042724609,185.22999572753903,181.34158325195312,1412000
2024-07-29,185.33999633789065,186.9199981689453,183.94000244140625,186.47000122070312,182.55555725097656,948200
2024-07-30,187.6199951171875,188.58999633789065,184.0,184.509994506836,180.63671875,880200
2024-07-31,185.9600067138672,186.7400054931641,183.8099975585937,184.259994506836,180.39195251464844,1125100
2024-08-01,184.0200042724609,185.2400054931641,178.41000366210938,179.14999389648438,175.3892059326172,917900
2024-08-02,176.8800048828125,176.8800048828125,173.0399932861328,175.4199981689453,171.73751831054688,976800
2024-08-05,174.2899932861328,174.6699981689453,171.5399932861328,172.74000549316406,169.11378479003906,1091900
2024-08-06,173.67999267578125,176.9499969482422,172.58999633789062,174.47999572753906,170.81724548339844,1030300
2024-08-07,176.13999938964844,177.74000549316406,172.3000030517578,172.5,168.8788299560547,639100
2024-08-08,174.32000732421875,176.75999450683594,173.9499969482422,176.55999755859375,172.8535919189453,647300
2024-08-09,176.27000427246094,176.55999755859375,174.19000244140625,176.22999572753906,172.53053283691406,635700
2024-08-12,176.3000030517578,176.66000366210938,173.77999877929688,174.3699951171875,170.7095489501953,428400
2024-08-13,175.02999877929688,177.1300048828125,174.10000610351562,176.64999389648438,172.94171142578125,536700
2024-08-14,176.49000549316406,177.94000244140625,175.82000732421875,176.82000732421875,173.10813903808594,579700
2024-08-15,179.3300018310547,180.58999633789065,177.75999450683594,178.97000122070312,175.21299743652344,534900
2024-08-16,178.77999877929688,180.6000061035156,178.4499969482422,179.8300018310547,176.05494689941406,985100
2024-08-19,180.2700042724609,182.47999572753903,180.0,181.6999969482422,177.8856964111328,689400
2024-08-20,181.3600006103516,181.69000244140625,179.7100067138672,180.07000732421875,176.2899169921875,447800
2024-08-21,180.7400054931641,182.57000732421875,180.07000732421875,182.2400054931641,178.41436767578125,459500
2024-08-22,182.1000061035156,182.8000030517578,180.94000244140625,181.5399932861328,177.72903442382812,389200
2024-08-23,182.7400054931641,185.1199951171875,181.6000061035156,184.63999938964844,180.7639923095703,414400
2024-08-26,185.3000030517578,186.1100006103516,182.5399932861328,183.38999938964844,179.54019165039062,653700
2024-08-27,183.0599975585937,183.7700042724609,182.4499969482422,182.4900054931641,178.65911865234375,425400
2024-08-28,182.52999877929688,183.3800048828125,181.42999267578125,181.83999633789065,178.02273559570312,379600
2024-08-29,183.47999572753903,185.259994506836,181.759994506836,183.009994506836,179.16818237304688,898300
2024-08-30,183.1199951171875,186.1699981689453,182.7899932861328,186.02999877929688,182.6387481689453,1631800
2024-09-03,185.0,185.5,179.19000244140625,180.25,176.96412658691406,781800
2024-09-04,180.1600036621093,180.4100036621093,175.4199981689453,176.38999938964844,173.17446899414062,1191800
2024-09-05,176.16000366210938,176.86000061035156,173.30999755859375,175.0500030517578,171.85890197753906,1216200
2024-09-06,175.39999389648438,177.27999877929688,174.2100067138672,175.3800048828125,172.18289184570312,1175400
2024-09-09,176.89999389648438,179.35000610351562,176.05999755859375,178.88999938964844,175.62889099121094,861200
2024-09-10,179.3000030517578,181.5800018310547,177.64999389648438,181.4499969482422,178.1422576904297,831200
2024-09-11,180.6600036621093,183.44000244140625,176.6199951171875,183.1600036621093,179.82107543945312,1205000
2024-09-12,183.8000030517578,186.7100067138672,181.83999633789065,186.67999267578125,183.27688598632807,907200
2024-09-13,187.3500061035156,188.22999572753903,184.9199981689453,185.0599975585937,181.68641662597656,1185100
2024-09-16,186.19000244140625,187.8999938964844,185.44000244140625,186.7700042724609,183.36526489257807,1033800
2024-09-17,187.75,190.4600067138672,187.1100006103516,188.3500061035156,184.91647338867188,991100
2024-09-18,188.22999572753903,189.19000244140625,185.2400054931641,185.92999267578125,182.54055786132807,1265700
2024-09-19,189.3999938964844,192.0500030517578,188.3800048828125,191.17999267578125,187.69483947753903,1090200
2024-09-20,189.5800018310547,190.97000122070312,188.3600006103516,189.1199951171875,185.6724090576172,1622200
2024-09-23,189.83999633789065,191.3999938964844,189.0399932861328,191.02999877929688,187.547607421875,644000
2024-09-24,192.17999267578125,193.1199951171875,191.3000030517578,192.6300048828125,189.11843872070312,585600
2024-09-25,193.52999877929688,193.8500061035156,189.9600067138672,190.22000122070312,186.7523651123047,571200
2024-09-26,191.75,193.13999938964844,190.1600036621093,193.02999877929688,189.5111389160156,945500
2024-09-27,193.6199951171875,194.75,192.4199981689453,192.77999877929688,189.2657012939453,636700
2024-09-30,191.8800048828125,192.3500061035156,189.8000030517578,191.7400054931641,188.24465942382807,521900
2024-10-01,191.67999267578125,192.4600067138672,188.9100036621093,190.4100036621093,186.9389190673828,557700
2024-10-02,189.22999572753903,191.0200042724609,188.75,190.2700042724609,186.80145263671875,1032400
2024-10-03,189.72999572753903,190.1100006103516,188.3999938964844,189.63999938964844,186.1829376220703,699500
2024-10-04,191.72999572753903,191.72999572753903,187.4600067138672,188.9100036621093,185.4662628173828,778700
2024-10-07,188.009994506836,189.009994506836,186.7700042724609,187.52999877929688,184.11138916015625,800100
2024-10-08,187.47000122070312,188.1999969482422,185.9499969482422,187.1600036621093,183.7481689453125,876400
2024-10-09,185.5200042724609,187.8099975585937,185.0,186.0800018310547,182.6878204345703,1330100
2024-10-10,186.0800018310547,187.38999938964844,185.0,186.6199951171875,183.2179718017578,1857100
2024-10-11,186.42999267578125,191.27999877929688,186.0599975585937,190.69000244140625,187.2138061523437,1497500
2024-10-14,190.88999938964844,193.9100036621093,190.3000030517578,193.72999572753903,190.1983795166016,908600
2024-10-15,193.8999938964844,194.42999267578125,191.07000732421875,191.27999877929688,187.7930450439453,585300
2024-10-16,190.7100067138672,194.1100006103516,190.5200042724609,192.7899932861328,189.2755126953125,750300
2024-10-17,194.5599975585937,195.67999267578125,193.63999938964844,194.8800048828125,191.32742309570312,879100
2024-10-18,195.3800048828125,195.6000061035156,193.4600067138672,194.3800048828125,190.8365173339844,985500
2024-10-21,194.259994506836,194.5,192.2899932861328,192.7400054931641,189.2264404296875,601900
2024-10-22,192.1199951171875,192.3999938964844,190.1999969482422,191.3999938964844,187.91082763671875,754400
2024-10-23,191.1699981689453,192.75,190.5399932861328,191.67999267578125,188.1857452392578,1037400
2024-10-24,185.9600067138672,189.83999633789065,183.009994506836,184.77999877929688,181.4115447998047,2620500
2024-10-25,188.38999938964844,189.3300018310547,185.759994506836,186.97999572753903,183.5714111328125,1238400
2024-10-28,188.67999267578125,192.4900054931641,188.67999267578125,192.4600067138672,188.9515380859375,1385200
2024-10-29,191.0500030517578,192.17999267578125,189.08999633789065,191.83999633789065,188.3428192138672,830700
2024-10-30,191.72000122070312,194.32000732421875,191.1100006103516,192.9900054931641,189.4718780517578,889200
2024-10-31,191.97000122070312,192.8999938964844,189.17999267578125,189.3300018310547,185.87860107421875,881600
2024-11-01,189.72000122070312,191.6000061035156,188.8500061035156,189.1100006103516,185.66259765625,606400
2024-11-04,188.94000244140625,191.75,188.5500030517578,189.1600036621093,185.71170043945312,523400
2024-11-05,188.9499969482422,192.2400054931641,188.72000122070312,192.1499938964844,188.647201538086,486600
2024-11-06,200.5200042724609,204.0599975585937,200.1000061035156,202.5599975585937,198.867416381836,1252000
2024-11-07,202.8300018310547,202.8300018310547,200.5,201.759994506836,198.0819854736328,749600
2024-11-08,201.3500061035156,203.8699951171875,200.7400054931641,201.5,197.8267364501953,993300
2024-11-11,202.4199981689453,204.92999267578125,202.4199981689453,204.5800018310547,200.8505859375,526200
2024-11-12,204.509994506836,204.88999938964844,201.759994506836,202.3500061035156,198.6612548828125,501100
2024-11-13,201.6100006103516,204.92999267578125,201.2400054931641,203.9900054931641,200.2713623046875,533100
2024-11-14,203.5500030517578,204.1499938964844,201.9100036621093,202.08999633789065,198.4059600830078,494700
2024-11-15,202.02999877929688,203.6600036621093,200.5599975585937,201.17999267578125,197.51258850097656,678100
2024-11-18,200.9600067138672,201.88999938964844,200.19000244140625,200.52999877929688,196.8744201660156,613600
2024-11-19,198.0200042724609,199.22000122070312,197.27999877929688,198.72999572753903,195.10723876953125,761300
2024-11-20,199.1600036621093,199.5,196.6300048828125,198.1300048828125,194.5181884765625,699000
2024-11-21,199.0399932861328,203.13999938964844,198.2400054931641,202.4900054931641,198.7986755371093,718600
2024-11-22,202.8500061035156,205.0599975585937,202.75,204.7400054931641,201.00767517089844,598600
2024-11-25,205.72000122070312,207.75,205.17999267578125,205.5599975585937,201.812744140625,1163100
2024-11-26,205.5399932861328,206.69000244140625,203.8099975585937,206.33999633789065,202.57850646972656,752300
2024-11-27,206.5800018310547,208.259994506836,205.67999267578125,206.509994506836,202.74542236328125,475300
2024-11-29,206.22000122070312,207.0500030517578,205.509994506836,205.8999938964844,202.65188598632807,304500
2024-12-02,206.1600036621093,206.22999572753903,204.2100067138672,204.6999969482422,201.4708251953125,541400
2024-12-03,204.0,204.2400054931641,202.0500030517578,203.7700042724609,200.5554962158203,653300
2024-12-04,202.8000030517578,204.13999938964844,202.1999969482422,203.27999877929688,200.0732269287109,461800
2024-12-05,203.6100006103516,203.97000122070312,201.3500061035156,201.77999877929688,198.59689331054688,495700
2024-12-06,202.2100067138672,203.0,200.6499938964844,201.4600067138672,198.28195190429688,378000
2024-12-09,202.22000122070312,203.1199951171875,201.2100067138672,201.7400054931641,198.5575408935547,475500
2024-12-10,200.9499969482422,203.0,198.6999969482422,201.3099975585937,198.13429260253903,903400
2024-12-11,202.6600036621093,203.3500061035156,200.8099975585937,201.1999969482422,198.0260467529297,513900
2024-12-12,200.8000030517578,202.5200042724609,200.6300048828125,201.3600006103516,198.1835174560547,566200
2024-12-13,200.92999267578125,201.8000030517578,199.7100067138672,201.009994506836,197.83901977539065,687300
2024-12-16,200.02999877929688,201.47999572753903,199.1600036621093,199.75,196.59890747070312,594700
2024-12-17,198.72000122070312,199.72000122070312,195.3800048828125,196.5399932861328,193.4395446777344,885600
2024-12-18,196.9199981689453,197.8999938964844,188.7400054931641,188.8099975585937,185.8314971923828,765200
2024-12-19,190.92999267578125,192.22999572753903,188.72000122070312,188.94000244140625,185.95944213867188,893100
2024-12-20,188.52999877929688,190.6199951171875,187.5,189.2700042724609,186.2842559814453,2381100
2024-12-23,188.3600006103516,189.44000244140625,186.9600067138672,188.8099975585937,185.8314971923828,611000
2024-12-24,188.4499969482422,190.52999877929688,188.4499969482422,190.3300018310547,187.32749938964844,215500
2024-12-26,189.47999572753903,191.4900054931641,189.2700042724609,190.9100036621093,187.8983612060547,299000
2024-12-27,189.3099975585937,191.4900054931641,187.6499938964844,188.3300018310547,185.35906982421875,457400
2024-12-30,187.0,188.0,184.6300048828125,186.32000732421875,183.3807830810547,704800
2024-12-31,186.9100036621093,188.6000061035156,186.1100006103516,187.6000061035156,184.64059448242188,901800
2025-01-02,188.32000732421875,189.0,184.92999267578125,185.63999938964844,182.7115020751953,651800
2025-01-03,186.6600036621093,188.47000122070312,185.1600036621093,188.02999877929688,185.0637969970703,404500
2025-01-06,188.0,190.3000030517578,187.47999572753903,188.02999877929688,185.0637969970703,453600
2025-01-07,187.9100036621093,189.1999969482422,186.8699951171875,187.97999572753903,185.0145874023437,692500
2025-01-08,187.009994506836,187.8500061035156,185.509994506836,187.22000122070312,184.26657104492188,653200
2025-01-10,185.0,186.0,182.75,183.63999938964844,180.74305725097656,1072000
2025-01-13,183.63999938964844,186.97000122070312,182.9100036621093,186.75,183.80398559570312,1275300
2025-01-14,188.27999877929688,189.6699981689453,187.7899932861328,188.8000030517578,185.8216552734375,847900
2025-01-15,191.8300018310547,193.1100006103516,190.17999267578125,190.7400054931641,187.73106384277344,843400
2025-01-16,191.0,194.6699981689453,190.0500030517578,194.47999572753903,191.4120483398437,772500
2025-01-17,195.8099975585937,196.4499969482422,193.72999572753903,195.0800018310547,192.00259399414065,799300
2025-01-21,196.4499969482422,198.7700042724609,196.0,198.4100036621093,195.28005981445312,1017100
2025-01-22,199.3600006103516,199.9199981689453,197.259994506836,198.8099975585937,195.6737518310547,754100
2025-01-23,199.0,200.2899932861328,197.9499969482422,199.1499938964844,196.0083770751953,515500
2025-01-24,199.5,199.94000244140625,198.0399932861328,198.7100067138672,195.57534790039065,590300
2025-01-27,197.1199951171875,198.0500030517578,194.2400054931641,195.94000244140625,192.8490295410156,782100
2025-01-28,195.94000244140625,198.22999572753903,194.32000732421875,198.0800018310547,194.9552459716797,1096100
2025-01-29,197.3600006103516,199.5800018310547,196.6699981689453,197.3600006103516,194.2466278076172,1157200
2025-01-30,210.0,214.57000732421875,202.58999633789065,205.4199981689453,202.17947387695312,1871100
2025-01-31,206.8500061035156,208.3099975585937,202.2700042724609,203.67999267578125,200.4669189453125,2050200
2025-02-03,200.5200042724609,204.3800048828125,198.5500030517578,202.27999877929688,199.0890045166016,1034500
2025-02-04,204.1699981689453,222.3099975585937,201.759994506836,202.9199981689453,199.71890258789065,842500
2025-02-05,202.6600036621093,205.22000122070312,201.0399932861328,204.72999572753903,201.5003356933593,897200
2025-02-06,205.509994506836,205.509994506836,203.42999267578125,204.6600036621093,201.4314727783203,575400
2025-02-07,205.3500061035156,205.3500061035156,201.3300018310547,202.5399932861328,199.3448944091797,619400
2025-02-10,203.5500030517578,204.0,201.32000732421875,203.5399932861328,200.32911682128903,654500
2025-02-11,201.8699951171875,203.97000122070312,201.7899932861328,202.63999938964844,199.44332885742188,441600
2025-02-12,199.0500030517578,201.47999572753903,199.0,201.0599975585937,197.8882598876953,735100
2025-02-13,201.9900054931641,203.2100067138672,199.97999572753903,202.69000244140625,199.49253845214844,552100
2025-02-14,202.75,203.8500061035156,201.5800018310547,202.3300018310547,199.13819885253903,571500
2025-02-18,202.67999267578125,205.4199981689453,201.3600006103516,205.3600006103516,202.1204376220703,825800
2025-02-19,204.08999633789065,205.5599975585937,203.58999633789065,204.8800048828125,201.6479949951172,783500
2025-02-20,204.8500061035156,207.27999877929688,203.25,206.42999267578125,203.17352294921875,1111300
2025-02-21,206.6000061035156,206.8300018310547,198.9100036621093,200.5399932861328,197.3764495849609,1214500
2025-02-24,201.1699981689453,202.02999877929688,199.25,199.4600067138672,196.31350708007807,941700
2025-02-25,199.77999877929688,201.32000732421875,195.5,198.3600006103516,195.23085021972656,987300
2025-02-26,198.8300018310547,200.759994506836,197.27999877929688,197.67999267578125,194.56155395507807,513900
2025-02-27,197.5399932861328,199.22000122070312,196.3000030517578,196.509994506836,193.41001892089844,559500
2025-02-28,196.759994506836,198.8600006103516,195.1000061035156,198.7700042724609,196.1484375,935100
2025-03-03,200.17999267578125,200.97999572753903,192.509994506836,193.2899932861328,190.7407073974609,728500
2025-03-04,190.1000061035156,190.8300018310547,183.25,184.0599975585937,181.63243103027344,1692700
2025-03-05,185.25,190.0200042724609,184.0,189.72999572753903,187.2276611328125,1113900
2025-03-06,187.8800048828125,188.9900054931641,185.4900054931641,186.0200042724609,183.56658935546875,1275000
2025-03-07,184.6000061035156,186.759994506836,181.57000732421875,185.63999938964844,183.19158935546875,1657400
2025-03-10,180.2400054931641,184.0,177.00999450683594,177.74000549316406,175.39581298828125,1608900
2025-03-11,178.1300048828125,183.88999938964844,177.42999267578125,180.7700042724609,178.38583374023438,1934900
2025-03-12,182.17999267578125,183.9499969482422,180.2100067138672,181.75,179.35292053222656,1284900
2025-03-13,180.72000122070312,181.8800048828125,175.8000030517578,177.08999633789062,174.7543487548828,1225800
2025-03-14,179.3300018310547,181.47000122070312,177.39999389648438,181.13999938964844,178.75096130371094,1003000
2025-03-17,180.22999572753903,183.8999938964844,180.1999969482422,182.9600067138672,180.5469665527344,964500
2025-03-18,181.97000122070312,182.8000030517578,179.55999755859375,180.77999877929688,178.3957061767578,724300
2025-03-19,181.07000732421875,183.67999267578125,180.6199951171875,182.2700042724609,179.86605834960938,746800
2025-03-20,180.33999633789065,182.8999938964844,180.00999450683594,181.3000030517578,178.90884399414062,835300
2025-03-21,180.0,181.3500061035156,177.6300048828125,179.63999938964844,177.27076721191406,1244200
2025-03-24,182.67999267578125,185.8999938964844,182.2400054931641,185.509994506836,183.0633239746093,773600
2025-03-25,186.13999938964844,187.6499938964844,184.3699951171875,185.7400054931641,183.290283203125,757300
2025-03-26,185.82000732421875,186.9600067138672,181.6000061035156,182.25,179.8463134765625,1020700
2025-03-27,181.8000030517578,181.8000030517578,178.39999389648438,179.14999389648438,176.78720092773438,779400
2025-03-28,179.13999938964844,180.2700042724609,174.3000030517578,174.64999389648438,172.34654235839844,608900
2025-03-31,172.25999450683594,177.02999877929688,169.39999389648438,175.67999267578125,173.3629608154297,1332200
2025-04-01,174.88999938964844,177.5,173.39999389648438,176.47000122070312,174.1425323486328,877600
2025-04-02,174.10000610351562,179.5,172.77000427246094,179.02000427246094,176.65892028808594,870700
2025-04-03,169.89999389648438,172.2899932861328,162.22999572753906,162.72999572753906,160.58377075195312,1320600
2025-04-04,157.9600067138672,158.44000244140625,150.60000610351562,153.5500030517578,151.52484130859375,1607800
2025-04-07,148.07000732421875,158.24000549316406,143.0399932861328,151.47000122070312,149.47225952148438,2442000
2025-04-08,157.3000030517578,159.07000732421875,148.69000244140625,151.13999938964844,149.14663696289062,1465800
2025-04-09,149.52999877929688,167.94000244140625,148.30999755859375,165.86000061035156,163.67247009277344,3360500
2025-04-10,160.8800048828125,162.32000732421875,154.3800048828125,159.55999755859375,157.45556640625,1461600
2025-04-11,159.1999969482422,163.64999389648438,158.0,162.11000061035156,159.97195434570312,1590100
2025-04-14,163.3000030517578,165.3699951171875,161.4199981689453,163.66000366210938,161.50149536132812,1254700
2025-04-15,163.3800048828125,165.5399932861328,162.52999877929688,163.27999877929688,161.1265106201172,698100
2025-04-16,162.0,164.5399932861328,159.6999969482422,161.9600067138672,159.82391357421875,1220000
2025-04-17,162.39999389648438,163.8000030517578,160.6199951171875,161.0800018310547,158.9555206298828,3019100
2025-04-21,159.94000244140625,159.94000244140625,155.4499969482422,158.02000427246094,155.93588256835938,1111500
2025-04-22,160.25,164.33999633789062,158.42999267578125,163.55999755859375,161.40281677246094,1438600
2025-04-23,169.22000122070312,172.27999877929688,165.11000061035156,166.35000610351562,164.15602111816406,2070300
2025-04-24,159.97999572753906,170.5800018310547,158.13999938964844,169.72000122070312,167.4815673828125,2581900
2025-04-25,169.4600067138672,171.38999938964844,168.72000122070312,169.00999450683594,166.78094482421875,1122800
2025-04-28,169.42999267578125,172.61000061035156,169.1199951171875,170.3300018310547,168.0835418701172,1071600
2025-04-29,169.0,171.41000366210938,168.50999450683594,170.22000122070312,167.97499084472656,1508100
2025-04-30,168.3300018310547,171.35000610351562,166.1699981689453,170.64999389648438,168.39930725097656,1481800
2025-05-01,172.0399932861328,172.80999755859375,169.67999267578125,169.80999755859375,167.5703887939453,1270100
2025-05-02,172.75,174.38999938964844,171.35000610351562,173.8699951171875,171.57681274414062,1408900
2025-05-05,172.19000244140625,174.52000427246094,171.97999572753906,173.02000427246094,170.73805236816406,721900
2025-05-06,171.38999938964844,172.89999389648438,170.1199951171875,170.7100067138672,168.45851135253906,700100
2025-05-07,171.74000549316406,172.5500030517578,170.27999877929688,171.4600067138672,169.19862365722656,911600
2025-05-08,173.52000427246094,176.72999572753906,172.67999267578125,174.67999267578125,172.3761444091797,892600
2025-05-09,175.55999755859375,176.3300018310547,174.6999969482422,176.16000366210938,173.83665466308594,1351300
2025-05-12,184.5599975585937,185.0,182.58999633789065,183.58999633789065,181.1686248779297,1152200
2025-05-13,183.58999633789065,187.13999938964844,183.58999633789065,185.58999633789065,183.1422576904297,876700
2025-05-14,185.1499938964844,186.07000732421875,184.0800018310547,184.67999267578125,182.2442626953125,792600
2025-05-15,183.63999938964844,185.0599975585937,183.32000732421875,184.3500061035156,181.91860961914065,493200
2025-05-16,185.0599975585937,186.7100067138672,184.0200042724609,186.6999969482422,184.23760986328125,656100
2025-05-19,184.1199951171875,186.6699981689453,184.1199951171875,186.4100036621093,183.95144653320312,689500
2025-05-20,185.4900054931641,186.0,183.44000244140625,184.2700042724609,181.8396759033203,1098900
2025-05-21,182.6699981689453,182.6699981689453,178.35000610351562,178.9199981689453,176.56024169921875,1533100
2025-05-22,178.39999389648438,181.42999267578125,177.7899932861328,179.85000610351562,177.47796630859375,870400
2025-05-23,176.85000610351562,178.47999572753906,176.6999969482422,177.88999938964844,175.54380798339844,1170200
2025-05-27,180.5200042724609,182.0,178.27000427246094,181.5599975585937,179.16542053222656,1058000
2025-05-28,182.1300048828125,182.1300048828125,179.25,179.5399932861328,177.17205810546875,537400
2025-05-29,180.6000061035156,180.9900054931641,178.55999755859375,179.67999267578125,177.31019592285156,735000
2025-05-30,178.4199981689453,179.27999877929688,176.27999877929688,177.75,175.9098663330078,1483800
2025-06-02,177.52999877929688,177.63999938964844,173.67999267578125,176.0800018310547,174.25717163085938,674000
2025-06-03,175.92999267578125,179.3800048828125,175.92999267578125,177.97000122070312,176.12759399414062,977400
2025-06-04,179.66000366210938,180.7700042724609,177.4600067138672,177.66000366210938,175.82078552246094,664000
2025-06-05,177.8800048828125,178.8300018310547,176.35000610351562,177.24000549316406,175.4051513671875,887700
2025-06-06,179.6999969482422,180.3999938964844,178.75,179.4499969482422,177.59225463867188,890200
2025-06-09,180.2100067138672,182.2400054931641,179.52999877929688,180.72999572753903,178.85899353027344,833300
2025-06-10,181.509994506836,182.1100006103516,180.22999572753903,181.27999877929688,179.4033203125,749200
2025-06-11,181.4600067138672,181.67999267578125,178.38999938964844,179.13999938964844,177.2854766845703,881700
2025-06-12,177.69000244140625,178.89999389648438,176.25999450683594,178.77999877929688,176.92921447753906,768700
2025-06-13,177.02000427246094,178.8800048828125,175.80999755859375,176.5399932861328,174.71238708496094,898500
2025-06-16,178.5399932861328,180.75,178.3000030517578,179.75,177.88914489746094,735500
2025-06-17,178.6300048828125,179.3800048828125,175.8300018310547,176.0800018310547,174.25717163085938,804700
2025-06-18,175.94000244140625,177.3300018310547,175.2899932861328,175.6999969482422,173.88107299804688,1090700
2025-06-20,177.22999572753906,177.7100067138672,174.25,174.8800048828125,173.069580078125,2230600
2025-06-23,174.52000427246094,177.80999755859375,173.0500030517578,177.52999877929688,175.692138671875,841300
2025-06-24,178.67999267578125,180.22999572753903,177.66000366210938,179.94000244140625,178.07720947265625,1037800
2025-06-25,180.1999969482422,180.67999267578125,178.6999969482422,180.0500030517578,178.18605041503906,700800
2025-06-26,181.0,183.77999877929688,180.6199951171875,183.0399932861328,181.1450958251953,729700
2025-06-27,183.3600006103516,184.42999267578125,182.1499938964844,183.3000030517578,181.4024200439453,1179700
2025-06-30,183.3000030517578,183.5200042724609,182.32000732421875,183.22999572753903,181.3331298828125,950300
2025-07-01,182.6499938964844,187.94000244140625,182.52999877929688,186.1600036621093,184.2327880859375,912500
2025-07-02,187.1300048828125,188.4199981689453,185.47000122070312,188.1499938964844,186.2021942138672,779100
2025-07-03,188.8800048828125,189.6999969482422,187.6499938964844,188.6300048828125,186.6772308349609,488800
2025-07-07,187.8800048828125,189.47000122070312,185.6199951171875,187.3699951171875,185.4302673339844,1069500
2025-07-08,187.8000030517578,189.8500061035156,187.72999572753903,188.42999267578125,186.47927856445312,892700
2025-07-09,189.8999938964844,189.8999938964844,186.8600006103516,188.22000122070312,186.2714691162109,859800
2025-07-10,188.77999877929688,192.4100036621093,188.3300018310547,190.5200042724609,188.54766845703125,657800
2025-07-11,188.759994506836,189.5,188.1600036621093,188.94000244140625,186.9840087890625,730000
2025-07-14,188.5200042724609,189.2100067138672,186.0,188.8999938964844,186.9444274902344,1924900
2025-07-15,190.9199981689453,190.9199981689453,187.0,187.07000732421875,185.1333923339844,971800
2025-07-16,187.3300018310547,189.0,184.8800048828125,187.83999633789065,185.8953857421875,805600
2025-07-17,187.9600067138672,191.1999969482422,187.4900054931641,190.58999633789065,188.616928100586,879900
2025-07-18,191.0200042724609,191.4100036621093,187.2899932861328,188.2400054931641,186.291259765625,2574000
2025-07-21,189.08999633789065,189.1699981689453,186.6100006103516,186.97999572753903,185.0442810058593,1169500
2025-07-22,186.5,189.8999938964844,186.5,189.5399932861328,187.5778045654297,859000
2025-07-23,190.83999633789065,191.75,189.25,190.8999938964844,188.9237060546875,1087300
2025-07-24,195.02999877929688,195.22999572753903,184.9100036621093,186.6300048828125,184.69793701171875,2770300
2025-07-25,186.9600067138672,187.5399932861328,184.0,186.5,184.5692749023437,1579900
2025-07-28,187.0,187.0,184.57000732421875,184.92999267578125,183.0155334472656,1105200
2025-07-29,186.3300018310547,186.5399932861328,183.3999938964844,184.0500030517578,182.14463806152344,955400
2025-07-30,184.5800018310547,185.009994506836,181.3800048828125,182.22000122070312,180.3335876464844,1119800
2025-07-31,181.57000732421875,183.52999877929688,180.67999267578125,181.13999938964844,179.2647705078125,1212600
2025-08-01,178.0500030517578,178.58999633789062,174.42999267578125,174.97000122070312,173.15863037109375,1540700
2025-08-04,175.72000122070312,176.47000122070312,175.0,176.10000610351562,174.27694702148438,1043900
2025-08-05,177.10000610351562,177.7899932861328,174.91000366210938,177.17999267578125,175.34576416015625,1085100
2025-08-06,177.5,177.75,174.05999755859375,174.3000030517578,172.49559020996094,1285700
2025-08-07,175.99000549316406,176.52000427246094,173.33999633789062,173.97000122070312,172.1689910888672,721000
2025-08-08,174.47000122070312,175.30999755859375,173.3000030517578,173.52000427246094,171.72364807128906,608800
2025-08-11,174.22000122070312,175.4499969482422,173.8300018310547,175.2899932861328,173.47532653808594,1334000
2025-08-12,176.42999267578125,178.08999633789062,175.75999450683594,177.99000549316406,176.1473846435547,901600
2025-08-13,178.77000427246094,182.9100036621093,178.63999938964844,182.8300018310547,180.9372711181641,1119400
2025-08-14,180.7700042724609,181.0200042724609,178.58999633789062,179.39999389648438,177.5427703857422,772100
2025-08-15,179.63999938964844,179.63999938964844,176.42999267578125,176.5399932861328,174.71238708496094,620600
2025-08-18,176.4199981689453,177.5399932861328,175.7100067138672,177.14999389648438,175.31605529785156,555800
2025-08-19,177.77000427246094,180.1699981689453,177.22000122070312,179.7100067138672,177.8495635986328,1379000
2025-08-20,179.13999938964844,179.60000610351562,177.74000549316406,178.74000549316406,176.88961791992188,881100
2025-08-21,178.0,179.42999267578125,177.07000732421875,177.41000366210938,175.57337951660156,841900
2025-08-22,178.72000122070312,183.83999633789065,178.5399932861328,183.07000732421875,181.1747894287109,1059300
2025-08-25,183.259994506836,183.3300018310547,180.4600067138672,180.509994506836,178.6412811279297,514200
2025-08-26,180.4499969482422,182.5599975585937,179.9600067138672,182.2100067138672,180.32369995117188,1566000
2025-08-27,181.509994506836,183.67999267578125,181.27999877929688,182.7100067138672,180.8185272216797,546300
2025-08-28,182.8099975585937,183.42999267578125,181.009994506836,181.58999633789065,179.7100830078125,570300
2025-08-29,180.8999938964844,181.57000732421875,178.64999389648438,178.86000061035156,177.51670837402344,497000
2025-09-02,176.6999969482422,176.80999755859375,174.3800048828125,175.77000427246094,174.4499053955078,955400
2025-09-03,175.49000549316406,175.99000549316406,173.9600067138672,174.72999572753906,173.41770935058594,724100
2025-09-04,174.74000549316406,178.39999389648438,174.25999450683594,178.36000061035156,177.0204620361328,771600
2025-09-05,178.9600067138672,180.47999572753903,176.60000610351562,177.75,176.4150390625,1047500
2025-09-08,177.77000427246094,178.6300048828125,175.82000732421875,178.0,176.6631622314453,1136100
2025-09-09,177.52000427246094,177.52000427246094,174.0500030517578,174.67999267578125,173.3680877685547,764700
2025-09-10,175.19000244140625,177.86000061035156,174.94000244140625,175.63999938964844,174.32089233398438,882300
2025-09-11,175.7899932861328,178.61000061035156,175.7899932861328,178.10000610351562,176.76242065429688,1031800
2025-09-12,177.4499969482422,177.60000610351562,172.8800048828125,172.97999572753906,171.6808624267578,1133100
2025-09-15,173.11000061035156,173.86000061035156,171.69000244140625,171.94000244140625,170.648681640625,742900
2025-09-16,171.89999389648438,172.86000061035156,171.0399932861328,172.57000732421875,171.27395629882812,947300
2025-09-17,173.24000549316406,175.80999755859375,170.3800048828125,171.4499969482422,170.16233825683594,720400
2025-09-18,172.67999267578125,174.3699951171875,171.9199981689453,172.8000030517578,171.50222778320312,831400
2025-09-19,173.14999389648438,173.55999755859375,170.88999938964844,171.33999633789062,170.0531768798828,1492700
2025-09-22,170.35000610351562,170.9499969482422,169.52000427246094,170.24000549316406,168.96144104003906,855500
2025-09-23,171.33999633789062,172.25999450683594,168.49000549316406,169.08999633789062,167.82008361816406,1133200
2025-09-24,169.07000732421875,169.75,167.0399932861328,167.2899932861328,166.03359985351562,1205900
2025-09-25,166.0800018310547,166.4499969482422,163.6999969482422,165.58999633789062,164.3463592529297,1377800
2025-09-26,166.47000122070312,168.25,165.5800018310547,167.99000549316406,166.7283477783203,849600
2025-09-29,168.97999572753906,169.00999450683594,166.24000549316406,166.63999938964844,165.3884735107422,1304000
2025-09-30,166.4199981689453,167.14999389648438,164.6199951171875,166.8300018310547,165.57705688476562,1151300
2025-10-01,165.39999389648438,167.47999572753906,165.32000732421875,166.39999389648438,165.1502685546875,768700
2025-10-02,166.7100067138672,168.17999267578125,166.07000732421875,166.75,165.49765014648438,793400
2025-10-03,166.49000549316406,168.32000732421875,166.33999633789062,166.61000061035156,165.35870361328125,832600
2025-10-06,167.67999267578125,167.75,165.1699981689453,166.52000427246094,165.26937866210938,791300
2025-10-07,167.3000030517578,167.33999633789062,164.22000122070312,164.58999633789062,163.3538818359375,825500
2025-10-08,165.41000366210938,166.0,163.72000122070312,164.75,163.51268005371094,697000
2025-10-09,165.41000366210938,165.4499969482422,162.0500030517578,162.3000030517578,161.08106994628906,831200
2025-10-10,163.2100067138672,164.05999755859375,160.39999389648438,161.4499969482422,160.23745727539062,1681900
2025-10-13,163.85000610351562,163.85000610351562,161.16000366210938,161.16000366210938,159.9496307373047,1187200
2025-10-14,159.17999267578125,163.6699981689453,158.97000122070312,162.5500030517578,161.32919311523438,1093800
2025-10-15,164.8000030517578,164.99000549316406,161.27999877929688,162.66000366210938,161.43836975097656,1048000
2025-10-16,163.52000427246094,166.3699951171875,163.3300018310547,166.1300048828125,164.88232421875,1945900
2025-10-17,165.35000610351562,166.58999633789062,164.72999572753906,166.5,165.24952697753906,2917400
2025-10-20,167.64999389648438,169.35000610351562,166.92999267578125,168.9199981689453,167.65135192871094,1165300
2025-10-21,168.2899932861328,173.6300048828125,168.2899932861328,173.0399932861328,171.74041748046875,1453300
2025-10-22,172.9199981689453,173.5800018310547,167.33999633789062,167.61000061035156,166.3511962890625,2069400
2025-10-23,172.52000427246094,181.3600006103516,170.0,181.22000122070312,179.85897827148438,2234500
2025-10-24,180.8000030517578,180.8000030517578,177.39999389648438,177.42999267578125,176.09742736816406,1575900
2025-10-27,179.41000366210938,180.02000427246094,177.2899932861328,177.9600067138672,176.62347412109375,1172300
2025-10-28,178.44000244140625,179.9199981689453,177.3000030517578,179.7100067138672,178.36032104492188,1125000
2025-10-29,180.17999267578125,181.69000244140625,179.44000244140625,180.8000030517578,179.442138671875,1568100
2025-10-30,180.07000732421875,185.3999938964844,179.6999969482422,180.13999938964844,178.78709411621094,1223200
2025-10-31,179.10000610351562,182.8699951171875,179.10000610351562,181.4600067138672,180.09718322753906,1895600
2025-11-03,180.7899932861328,180.7899932861328,176.99000549316406,178.16000366210938,176.8219757080078,1122900
2025-11-04,177.25,178.52000427246094,176.39999389648438,178.24000549316406,176.9013671875,696400
2025-11-05,177.5800018310547,180.3999938964844,177.1999969482422,179.64999389648438,178.30076599121094,647200
2025-11-06,180.4900054931641,182.5,177.3000030517578,178.57000732421875,177.2288818359375,801900
2025-11-07,178.24000549316406,180.67999267578125,176.91000366210938,180.3300018310547,178.9756622314453,868800
2025-11-10,181.5599975585937,183.3500061035156,180.5500030517578,182.08999633789065,180.72244262695312,937700
2025-11-11,182.5500030517578,187.5200042724609,182.1000061035156,183.97000122070312,182.5883331298828,1468300
2025-11-12,183.3800048828125,185.8800048828125,183.32000732421875,183.6199951171875,182.240966796875,1244500
2025-11-13,182.9900054931641,184.63999938964844,181.5800018310547,181.97000122070312,180.6033477783203,1214200
2025-11-14,180.97999572753903,184.2899932861328,180.7100067138672,183.1199951171875,181.7447052001953,957800
2025-11-17,182.4100036621093,182.8699951171875,179.97999572753906,180.0500030517578,178.69776916503906,2147600
2025-11-18,179.5399932861328,180.8800048828125,178.77000427246094,179.77999877929688,178.42979431152344,1603400
2025-11-19,179.6999969482422,181.3500061035156,179.1999969482422,179.63999938964844,178.29086303710938,1171300
2025-11-20,181.92999267578125,182.8000030517578,177.8699951171875,178.02999877929688,176.69293212890625,1383900
2025-11-21,178.69000244140625,184.3099975585937,178.32000732421875,183.5800018310547,182.2012634277344,994200
2025-11-24,183.47000122070312,184.009994506836,181.6600036621093,183.0399932861328,181.66531372070312,1192500
2025-11-25,184.77999877929688,186.5800018310547,182.9100036621093,186.0200042724609,184.6229248046875,729600
2025-11-26,185.72000122070312,187.3500061035156,185.08999633789065,186.19000244140625,184.79165649414065,768000
2025-11-28,185.8500061035156,186.8999938964844,185.27999877929688,185.27999877929688,184.4034881591797,422500
2025-12-01,183.5599975585937,187.4499969482422,183.19000244140625,184.88999938964844,184.0153350830078,958900
2025-12-02,185.3800048828125,188.0,183.67999267578125,187.47999572753903,186.59307861328125,1214200
2025-12-03,187.9199981689453,190.33999633789065,187.47999572753903,190.2700042724609,189.36990356445312,1005300
2025-12-04,190.1499938964844,191.5399932861328,188.32000732421875,190.63999938964844,189.7381286621093,896500
2025-12-05,189.97999572753903,191.1699981689453,189.5800018310547,191.08999633789065,190.18600463867188,770700
2025-12-08,191.07000732421875,192.6000061035156,190.27999877929688,191.27999877929688,190.37510681152344,949800
2025-12-09,190.3300018310547,192.0800018310547,189.4499969482422,190.0800018310547,189.1807861328125,1089500
2025-12-10,190.83999633789065,196.4600067138672,189.9499969482422,195.6999969482422,194.77420043945312,1043700
2025-12-11,196.3699951171875,201.72000122070312,195.9199981689453,201.27999877929688,200.3278045654297,1475700
2025-12-12,201.88999938964844,203.69000244140625,199.0399932861328,199.1199951171875,198.1780242919922,1272300
2025-12-15,200.38999938964844,202.1100006103516,199.83999633789065,201.3000030517578,200.34771728515625,1191300
2025-12-16,201.3699951171875,202.22999572753903,195.42999267578125,196.6100006103516,195.67990112304688,1286900
2025-12-17,196.19000244140625,199.1000061035156,194.9900054931641,196.1499938964844,195.2220764160156,1077600
2025-12-18,197.42999267578125,198.82000732421875,195.47000122070312,196.07000732421875,195.14247131347656,1224100
2025-12-19,195.5500030517578,197.25,195.1199951171875,196.2100067138672,195.28179931640625,2534500
2025-12-22,196.32000732421875,199.6999969482422,196.32000732421875,199.509994506836,198.566162109375,844400
2025-12-23,199.42999267578125,200.4499969482422,198.7100067138672,199.9499969482422,199.00408935546875,594900
2025-12-24,200.25,200.9199981689453,199.2899932861328,199.5599975585937,198.61593627929688,294900
2025-12-26,199.8600006103516,200.3999938964844,199.2700042724609,200.1499938964844,199.20314025878903,341900
2025-12-29,200.0,200.0500030517578,198.5200042724609,199.02999877929688,198.0884552001953,528100
2025-12-30,198.6000061035156,198.7100067138672,197.3699951171875,197.77999877929688,196.8443603515625,593400
2025-12-31,197.8600006103516,198.0,194.88999938964844,195.2400054931641,194.31637573242188,777200
2026-01-02,195.17999267578125,197.5500030517578,193.88999938964844,195.75,194.823974609375,1327200
2026-01-05,198.17999267578125,203.38999938964844,197.92999267578125,202.2700042724609,201.3131256103516,1410100
2026-01-06,202.2700042724609,203.8099975585937,199.509994506836,203.5,202.5373077392578,1409300
2026-01-07,203.4499969482422,204.2400054931641,199.1199951171875,199.3800048828125,198.43679809570312,1078900
2026-01-08,198.8300018310547,203.1199951171875,197.32000732421875,201.9900054931641,201.0344390869141,813700
2026-01-09,202.88999938964844,203.0599975585937,200.7700042724609,201.88999938964844,200.9349060058593,992400
2026-01-12,201.8699951171875,203.8300018310547,200.69000244140625,203.44000244140625,202.4775848388672,980500
2026-01-13,204.0,205.1600036621093,202.94000244140625,204.3999938964844,203.4330444335937,751500
2026-01-14,204.4900054931641,205.3800048828125,202.44000244140625,204.33999633789065,203.37332153320312,890500
2026-01-15,205.67999267578125,208.13999938964844,204.6300048828125,205.8600006103516,204.8861389160156,1148500
2026-01-16,205.8800048828125,207.6000061035156,205.5,206.6100006103516,205.6325836181641,1701300
2026-01-20,203.259994506836,204.6100006103516,200.3800048828125,201.2700042724609,200.3178558349609,1411200
2026-01-21,203.25,209.75,202.6000061035156,208.5500030517578,207.5634155273437,1544200
2026-01-22,209.88999938964844,210.75,207.7700042724609,209.42999267578125,208.43923950195312,1166700
2026-01-23,208.8999938964844,208.8999938964844,206.19000244140625,206.7100067138672,205.73211669921875,1185300
2026-01-26,207.47999572753903,208.3300018310547,206.1199951171875,207.6999969482422,206.71743774414065,864700
2026-01-27,208.47999572753903,209.0,207.009994506836,207.259994506836,206.27951049804688,848100
2026-01-28,207.27999877929688,208.5599975585937,204.3000030517578,206.0,205.0254821777344,1392900
2026-01-29,208.5399932861328,209.0,197.97000122070312,202.52999877929688,201.57188415527344,3182600
2026-01-30,200.3500061035156,205.5800018310547,199.8500061035156,201.4900054931641,200.53680419921875,2050600
2026-02-02,201.5,208.3000030517578,201.5,207.32000732421875,206.33924865722656,1827000
2026-02-03,207.5599975585937,211.8800048828125,207.3999938964844,211.6600036621093,210.65870666503903,1819200
2026-02-04,212.8600006103516,220.47999572753903,212.8600006103516,220.0200042724609,218.97915649414065,2155500
2026-02-05,219.44000244140625,219.88999938964844,215.8600006103516,217.5500030517578,216.5208435058593,1731800
2026-02-06,220.009994506836,224.02999877929688,218.8500061035156,223.6600036621093,222.6019287109375,1209000
2026-02-09,222.9499969482422,225.22999572753903,222.1000061035156,224.9900054931641,223.92564392089844,1283800
2026-02-10,224.4600067138672,230.3600006103516,224.1600036621093,229.47999572753903,228.39439392089844,1392300
2026-02-11,230.8099975585937,233.8800048828125,230.1499938964844,233.07000732421875,231.9674224853516,1301400
2026-02-12,234.6100006103516,237.5399932861328,229.9499969482422,230.57000732421875,229.479248046875,2026100
2026-02-13,230.8000030517578,233.9100036621093,225.259994506836,231.6300048828125,230.5342254638672,1780000
2026-02-17,229.42999267578125,234.009994506836,229.42999267578125,233.25,232.1465606689453,1403800
2026-02-18,233.5200042724609,234.72999572753903,231.13999938964844,232.0800018310547,230.9821014404297,1392800
2026-02-19,231.1199951171875,233.19000244140625,230.82000732421875,232.5200042724609,231.42002868652344,968200
2026-02-20,232.1499938964844,236.69000244140625,231.0200042724609,233.3099975585937,232.20626831054688,1421600
2026-02-23,232.82000732421875,234.0,228.5800018310547,230.72999572753903,229.6384735107422,1086000
2026-02-24,231.3300018310547,233.8500061035156,229.9100036621093,231.3500061035156,230.25555419921875,1048600
2026-02-25,231.88999938964844,232.4900054931641,224.3300018310547,226.72999572753903,225.65740966796875,1292900
2026-02-26,227.67999267578125,228.83999633789065,224.22000122070312,227.13999938964844,226.06546020507807,890000
2026-02-27,224.6000061035156,225.6000061035156,222.0399932861328,225.5,224.94821166992188,1555200
2026-03-02,220.17999267578125,226.42999267578125,217.69000244140625,226.3999938964844,225.84600830078125,1272000
2026-03-03,219.4600067138672,221.7700042724609,217.22000122070312,220.759994506836,220.2198028564453,1432500
2026-03-04,221.13999938964844,222.1300048828125,219.6600036621093,221.83999633789065,221.2971649169922,1111500
2026-03-05,220.0399932861328,220.7400054931641,213.6000061035156,215.5800018310547,215.052490234375,1625800
2026-03-06,211.72999572753903,211.72999572753903,206.8800048828125,208.4199981689453,207.9100036621093,1955500
2026-03-09,204.72000122070312,211.259994506836,201.7899932861328,211.0,210.4836883544922,1334400
2026-03-10,211.5,214.1600036621093,208.52999877929688,210.259994506836,209.74549865722656,819100
2026-03-11,209.1000061035156,210.8000030517578,206.9199981689453,210.33999633789065,209.82530212402344,930200
2026-03-12,207.8600006103516,208.44000244140625,203.25,203.8000030517578,203.3013153076172,1255900
2026-03-13,205.3999938964844,206.47000122070312,201.97000122070312,203.92999267578125,203.4309844970703,709900
2026-03-16,206.57000732421875,208.75,205.509994506836,207.4199981689453,206.9124450683593,915400
2026-03-17,211.32000732421875,215.7100067138672,208.47000122070312,213.82000732421875,213.2967987060547,1625800
2026-03-18,213.259994506836,214.5399932861328,211.47000122070312,212.22999572753903,211.710678100586,1056400
2026-03-19,209.2899932861328,212.9900054931641,207.75,211.4900054931641,210.9725036621093,1097000
2026-03-20,210.4199981689453,213.42999267578125,207.6999969482422,209.3699951171875,208.8576812744141,1922900
2026-03-23,214.97000122070312,216.08999633789065,212.0800018310547,212.2899932861328,211.77052307128903,1291900
2026-03-24,209.9100036621093,216.47999572753903,209.3300018310547,215.5800018310547,215.052490234375,900100
2026-03-25,217.9600067138672,218.77999877929688,211.75,215.1600036621093,214.63351440429688,939900
2026-03-26,213.2700042724609,215.3500061035156,209.08999633789065,209.2100067138672,208.6980743408203,919300
2026-03-27,209.0,210.13999938964844,205.82000732421875,206.6000061035156,206.094467163086,942900
2026-03-30,208.3099975585937,208.63999938964844,201.67999267578125,202.8099975585937,202.3137359619141,813200
2026-03-31,206.0399932861328,210.3699951171875,204.57000732421875,208.4499969482422,207.9399261474609,860700
2026-04-01,210.0800018310547,211.88999938964844,206.9900054931641,207.3000030517578,206.79275512695312,1178500
2026-04-02,202.0,208.25,200.6300048828125,205.3800048828125,204.87745666503903,918000
2026-04-06,204.22000122070312,207.52999877929688,204.1300048828125,207.47999572753903,206.9723052978516,652500
2026-04-07,206.6999969482422,207.8800048828125,205.009994506836,207.5399932861328,207.0321502685547,785800
2026-04-08,215.22000122070312,217.5399932861328,213.52999877929688,216.69000244140625,216.15977478027344,1041900
2026-04-09,215.8600006103516,219.5599975585937,215.7400054931641,218.32000732421875,217.7857818603516,947700
2026-04-10,219.2400054931641,219.2400054931641,217.0599975585937,217.1199951171875,216.5887145996093,721000
2026-04-13,216.82000732421875,219.3600006103516,214.02999877929688,219.2400054931641,218.7035369873047,969100
2026-04-14,219.25,220.3000030517578,216.9199981689453,218.47999572753903,217.9453887939453,788100
2026-04-15,217.6600036621093,217.6600036621093,212.0399932861328,215.4600067138672,214.9327850341797,994400
2026-04-16,215.52999877929688,218.3800048828125,213.77999877929688,214.1699981689453,213.6459350585937,793000
2026-04-17,216.0,222.13999938964844,215.63999938964844,219.07000732421875,218.5339508056641,2560100
2026-04-20,218.32000732421875,222.6999969482422,218.32000732421875,221.8999938964844,221.3570098876953,753500
2026-04-21,221.7700042724609,224.1100006103516,219.72000122070312,220.27999877929688,219.7409820556641,922800
2026-04-22,221.5800018310547,221.5800018310547,215.6000061035156,216.1699981689453,215.6410369873047,862600
2026-04-23,222.6100006103516,232.7100067138672,221.22999572753903,228.1499938964844,227.5917205810547,2386500
2026-04-24,228.82000732421875,230.52999877929688,223.6499938964844,224.77999877929688,224.22998046875,1122700
2026-04-27,225.97999572753903,227.97999572753903,223.1300048828125,226.22999572753903,225.67642211914065,935600
2026-04-28,226.1000061035156,226.3000030517578,222.58999633789065,224.13999938964844,223.591537475586,1107200
2026-04-29,224.13999938964844,225.42999267578125,220.27999877929688,222.25,221.70616149902344,671900
2026-04-30,222.27999877929688,227.5800018310547,221.32000732421875,226.4100036621093,225.85598754882807,1313600
2026-05-01,226.8600006103516,227.1100006103516,223.47999572753903,225.7899932861328,225.2375030517578,763300
2026-05-04,224.72000122070312,224.72000122070312,218.97000122070312,220.8600006103516,220.319564819336,1076600
2026-05-05,222.58999633789065,225.4499969482422,220.5599975585937,223.47000122070312,222.9231872558593,800300
2026-05-06,227.509994506836,230.72999572753903,226.27999877929688,227.17999267578125,226.6240997314453,997700
2026-05-07,227.94000244140625,228.3500061035156,219.8000030517578,220.8999938964844,220.3594665527344,943600
2026-05-08,221.88999938964844,221.88999938964844,218.8000030517578,219.8300018310547,219.2920837402344,711700
2026-05-11,220.4600067138672,221.759994506836,218.8500061035156,219.97000122070312,219.43174743652344,652100
2026-05-12,219.97000122070312,220.47999572753903,214.83999633789065,216.7100067138672,216.1797332763672,775400
2026-05-13,217.259994506836,217.44000244140625,214.009994506836,214.6199951171875,214.09483337402344,608800
2026-05-14,216.1999969482422,216.82000732421875,213.3999938964844,214.3600006103516,213.83547973632807,735400
2026-05-15,211.8699951171875,212.97999572753903,209.8800048828125,210.7700042724609,210.25425720214844,657800
2026-05-18,210.9499969482422,212.1199951171875,209.1999969482422,210.8300018310547,210.31411743164065,654100
2026-05-19,209.3000030517578,209.7700042724609,205.6000061035156,207.5500030517578,207.04214477539065,1112000
2026-05-20,208.5,211.1100006103516,205.72000122070312,210.97999572753903,210.4637451171875,718600
2026-05-21,209.6499938964844,209.9600067138672,206.1600036621093,207.7700042724609,207.2615966796875,912200
2026-05-22,209.22999572753903,210.83999633789065,207.2700042724609,209.8999938964844,209.38638305664065,566600
2026-05-26,212.13999938964844,215.9499969482422,211.9600067138672,215.3999938964844,214.8729248046875,924200
2026-05-27,215.72999572753903,216.3999938964844,212.3999938964844,213.3699951171875,212.847885131836,661200
2026-05-28,211.9600067138672,213.0,209.3000030517578,212.509994506836,211.989990234375,645400
2026-05-29,211.9900054931641,213.2700042724609,209.8699951171875,211.3600006103516,211.3600006103516,1303100
2026-06-01,208.2100067138672,208.3699951171875,204.5200042724609,207.5399932861328,207.5399932861328,673600
2026-06-02,208.5800018310547,212.509994506836,208.5800018310547,211.83999633789065,211.83999633789065,519500
2026-06-03,210.19000244140625,217.2400054931641,210.19000244140625,213.509994506836,213.509994506836,842200
2026-06-04,216.72999572753903,216.72999572753903,212.0599975585937,213.47000122070312,213.47000122070312,1136800
2026-06-05,213.6000061035156,215.7100067138672,212.3000030517578,214.759994506836,214.759994506836,778300
2026-06-08,214.7700042724609,217.9600067138672,214.0399932861328,216.19000244140625,216.19000244140625,804100
2026-06-09,218.1100006103516,222.7400054931641,217.6300048828125,220.97000122070312,220.97000122070312,775700
2026-06-10,220.8600006103516,223.38999938964844,213.3300018310547,213.759994506836,213.759994506836,802900
2026-06-11,215.63999938964844,220.2899932861328,214.47000122070312,218.52999877929688,218.52999877929688,1019500
2026-06-12,220.77999877929688,221.3300018310547,216.2899932861328,217.42999267578125,217.42999267578125,1301500
2026-06-15,221.72000122070312,223.47999572753903,219.9100036621093,220.6699981689453,220.6699981689453,811000
2026-06-16,222.259994506836,225.5800018310547,222.1199951171875,222.6300048828125,222.6300048828125,726900
2026-06-17,222.94000244140625,228.0500030517578,220.1000061035156,220.7899932861328,220.7899932861328,1271600
2026-06-18,223.2700042724609,226.22000122070312,222.27999877929688,223.57000732421875,223.57000732421875,2560900
2026-06-22,223.8500061035156,229.4600067138672,222.9900054931641,229.3999938964844,229.3999938964844,1164100
2026-06-23,225.25,227.13999938964844,221.8500061035156,223.5399932861328,223.5399932861328,1033800
2026-06-24,224.3300018310547,226.7400054931641,223.33999633789065,224.3099975585937,224.3099975585937,1039600
2026-06-25,227.22000122070312,233.6499938964844,224.58999633789065,230.72999572753903,230.72999572753903,681700
2026-06-26,229.58999633789065,229.58999633789065,224.3800048828125,225.9600067138672,225.9600067138672,1733700
2026-06-29,224.7899932861328,226.5,222.4100036621093,224.0,224.0,964400
2026-06-30,225.5800018310547,226.22000122070312,223.2899932861328,224.27999877929688,224.27999877929688,960200
2026-07-01,222.92999267578125,223.509994506836,217.13999938964844,217.1699981689453,217.1699981689453,1389300
2026-07-02,217.97000122070312,218.25,211.8300018310547,213.7100067138672,213.7100067138672,1136800
2026-07-06,213.0599975585937,215.5,210.2100067138672,214.7400054931641,214.7400054931641,1632600
2026-07-07,213.0399932861328,214.69000244140625,210.4199981689453,214.0500030517578,214.0500030517578,1542600
2026-07-08,213.07000732421875,213.1100006103516,208.8300018310547,211.47000122070312,211.47000122070312,907600
2026-07-09,214.0,214.6000061035156,210.2899932861328,211.57000732421875,211.57000732421875,1136400
2026-07-10,212.82000732421875,217.5599975585937,212.1100006103516,215.3300018310547,215.3300018310547,1048600
2026-07-13,215.3300018310547,217.509994506836,213.3600006103516,214.2700042724609,214.2700042724609,726800
2026-07-14,217.4100036621093,217.8099975585937,213.0599975585937,214.1499938964844,214.1499938964844,602600
2026-07-15,214.0,215.82000732421875,208.88999938964844,212.259994506836,212.259994506836,997800
2026-07-16,212.02999877929688,217.9900054931641,211.94000244140625,217.509994506836,217.509994506836,848200
2026-07-17,214.22999572753903,218.67999267578125,213.4199981689453,214.17999267578125,214.17999267578125,851200
2026-07-20,214.67999267578125,215.759994506836,208.97000122070312,209.6300048828125,209.6300048828125,828500
2026-07-21,211.72999572753903,213.8300018310547,208.2100067138672,211.4199981689453,211.4199981689453,745100
2026-07-22,212.17999267578125,215.0800018310547,210.82000732421875,214.52999877929688,214.52999877929688,1131000
2026-07-23,201.4600067138672,203.0,193.75,197.8000030517578,197.8000030517578,4096300
2026-07-24,200.75,204.94000244140625,200.0,202.1999969482422,202.1999969482422,2321900
2026-07-27,202.6499938964844,205.97000122070312,201.9900054931641,205.8500061035156,205.8500061035156,1354900
2026-07-28,206.0,206.77999877929688,201.5399932861328,203.0800018310547,203.0800018310547,1482000
2026-07-29,201.0800018310547,201.5800018310547,197.2100067138672,197.9900054931641,197.9900054931641,1085700
2026-07-30,200.759994506836,204.47999572753903,199.75,204.0599975585937,204.0599975585937,1401500
2026-07-31,205.259994506836,205.67999267578125,203.25,204.6199951171875,204.6199951171875,1353000
2026-08-03,203.259994506836,206.9900054931641,203.259994506836,205.72000122070312,205.72000122070312,1113100
2026-08-04,207.509994506836,210.8500061035156,203.97999572753903,209.92999267578125,209.92999267578125,734200
2026-08-05,211.5500030517578,213.6000061035156,210.13999938964844,210.3999938964844,210.3999938964844,1235300
2026-08-06,213.0,214.57000732421875,209.92999267578125,210.83999633789065,210.83999633789065,915700
2026-08-07,210.8800048828125,213.6300048828125,210.52999877929688,211.1300048828125,211.1300048828125,992600
2026-08-10,210.4100036621093,211.58999633789065,209.3300018310547,210.1000061035156,210.1000061035156,782000
2026-08-11,210.72000122070312,212.91000366210938,208.16000366210938,208.4499969482422,208.4499969482422,1087400
2026-08-12,210.0,210.0,206.75999450683594,208.07000732421875,208.07000732421875,894600
2026-08-13,208.77000427246094,208.77000427246094,205.41000366210938,206.66000366210938,206.66000366210938,877800
2026-08-14,206.9499969482422,208.19000244140625,205.4199981689453,207.07000732421875,207.07000732421875,709900
2026-08-17,206.4499969482422,207.94000244140625,204.79010009765625,206.47000122070312,206.47000122070312,598298
