Date,Open,High,Low,Close,Adj Close,Volume
2021-08-16,83.87000274658203,84.37000274658203,83.0199966430664,83.68000030517578,80.984619140625,9300
2021-08-17,82.81999969482422,83.06999969482422,80.8499984741211,82.02999877929688,79.38776397705078,16500
2021-08-18,81.93000030517578,83.08000183105469,81.27999877929688,81.3499984741211,78.72965240478516,15800
2021-08-19,79.98999786376953,80.87999725341797,79.4000015258789,79.86000061035156,77.28765869140625,57500
2021-08-20,79.80000305175781,81.5199966430664,79.80000305175781,81.48999786376953,78.86515045166016,11200
2021-08-23,82.69999694824219,83.8499984741211,82.69999694824219,83.7699966430664,81.07172393798828,32900
2021-08-24,84.51000213623047,85.66999816894531,84.51000213623047,85.61000061035156,82.8524398803711,14100
2021-08-25,85.93000030517578,86.5999984741211,85.91000366210938,86.01000213623047,83.23956298828125,14700
2021-08-26,85.97000122070312,85.97000122070312,84.51000213623047,84.87000274658203,82.13628387451172,16500
2021-08-27,85.12999725341797,87.97000122070312,85.12999725341797,87.66999816894531,84.8460922241211,34100
2021-08-30,88.0999984741211,88.0999984741211,86.73999786376953,86.7699966430664,83.97505950927734,15400
2021-08-31,86.98999786376953,87.33000183105469,86.0,87.04000091552734,84.23638153076172,10800
2021-09-01,87.55999755859375,87.88999938964844,86.79000091552734,87.6500015258789,84.82672119140625,17200
2021-09-02,88.19000244140625,89.36000061035156,88.02999877929688,88.88999938964844,86.02679443359375,13800
2021-09-03,88.72000122070312,88.8499984741211,87.98999786376953,88.29000091552734,85.44613647460938,26500
2021-09-07,88.31999969482422,89.0999984741211,87.94999694824219,88.02999877929688,85.19448852539062,28600
2021-09-08,87.7699966430664,87.83999633789062,86.2699966430664,86.58000183105469,83.79122924804688,12500
2021-09-09,86.3499984741211,87.87999725341797,86.30000305175781,87.22000122070312,84.41059112548828,32100
2021-09-10,87.88999938964844,87.88999938964844,86.69999694824219,86.69999694824219,83.9073257446289,9200
2021-09-13,87.5,87.5,86.20999908447266,87.11000061035156,84.30413055419922,8200
2021-09-14,87.9000015258789,87.9000015258789,85.43000030517578,85.62000274658203,82.86212158203125,14900
2021-09-15,86.0199966430664,87.44999694824219,86.0,87.44999694824219,84.63316345214844,139800
2021-09-16,87.29000091552734,87.63999938964844,86.91999816894531,87.56999969482422,84.74930572509766,6600
2021-09-17,87.91999816894531,88.13999938964844,86.81999969482422,87.44999694824219,84.63316345214844,7500
2021-09-20,84.6500015258789,85.47000122070312,83.19999694824219,84.2699966430664,81.58174133300781,17200
2021-09-21,85.26000213623047,85.26000213623047,84.0999984741211,84.68000030517578,81.97864532470703,13000
2021-09-22,85.6500015258789,87.6500015258789,85.6500015258789,86.94999694824219,84.17623138427734,20700
2021-09-23,87.66000366210938,89.37000274658203,87.66000366210938,89.20999908447266,86.36412811279297,73800
2021-09-24,88.31999969482422,89.27999877929688,88.31999969482422,88.5199966430664,85.69613647460938,37600
2021-09-27,89.0199966430664,91.0500030517578,89.0199966430664,90.63999938964844,87.74852752685547,343700
2021-09-28,90.2300033569336,90.4499969482422,88.37000274658203,88.41999816894531,85.5993423461914,56900
2021-09-29,89.08000183105469,89.08000183105469,87.75,88.36000061035156,85.54124450683594,31800
2021-09-30,88.51000213623047,88.55000305175781,87.30000305175781,87.83999633789062,85.037841796875,151000
2021-10-01,88.47000122070312,90.1999969482422,87.69000244140625,89.69000244140625,86.82881927490234,323400
2021-10-04,89.93000030517578,90.11000061035156,89.26000213623047,89.66000366210938,86.7997817993164,140000
2021-10-05,90.4000015258789,91.08999633789062,89.70999908447266,90.27999877929688,87.4000015258789,89300
2021-10-06,89.1500015258789,89.66999816894531,88.08000183105469,89.29000091552734,86.44161987304688,16900
2021-10-07,90.08000183105467,91.55999755859376,90.08000183105467,91.13999938964844,88.23257446289062,26600
2021-10-08,91.4499969482422,91.6500015258789,90.5199966430664,90.63999938964844,87.74852752685547,22600
2021-10-11,90.8499984741211,91.6999969482422,90.08000183105467,90.11000061035156,87.23541259765625,11200
2021-10-12,90.4499969482422,91.20999908447266,90.16000366210938,90.66999816894533,87.77758026123047,58300
2021-10-13,90.9000015258789,90.98999786376952,89.79000091552734,90.6999969482422,87.80661010742188,14300
2021-10-14,91.95999908447266,92.02999877929688,91.37999725341795,91.62000274658205,88.697265625,89400
2021-10-15,92.8000030517578,93.0,91.1999969482422,91.23999786376952,88.32939147949219,28900
2021-10-18,91.33000183105467,91.9800033569336,91.2300033569336,91.62999725341795,88.70694732666016,29000
2021-10-19,92.30999755859376,92.41999816894533,91.4499969482422,91.6999969482422,88.77469635009766,30900
2021-10-20,91.31999969482422,92.44000244140624,91.23999786376952,92.16000366210938,89.22004699707031,48500
2021-10-21,91.9000015258789,92.83000183105467,91.3499984741211,92.05999755859376,89.12322235107422,40500
2021-10-22,92.16999816894533,92.30999755859376,90.91000366210938,92.3000030517578,89.3555679321289,66600
2021-10-25,92.7699966430664,93.81999969482422,92.58999633789062,93.48999786376952,90.50760650634766,27800
2021-10-26,93.77999877929688,93.87999725341795,92.8000030517578,93.0999984741211,90.13003540039062,37500
2021-10-27,92.77999877929688,92.79000091552734,91.02999877929688,91.16999816894533,88.2616195678711,18700
2021-10-28,91.9499969482422,93.1999969482422,91.9499969482422,93.18000030517578,90.2074966430664,60300
2021-10-29,93.11000061035156,94.13999938964844,93.01000213623048,94.02999877929688,91.03038787841795,10300
2021-11-01,94.41999816894533,96.5999984741211,94.41999816894533,96.55999755859376,93.47966766357422,116000
2021-11-02,96.31999969482422,96.4499969482422,95.62999725341795,96.16999816894533,93.10211181640624,147900
2021-11-03,95.81999969482422,98.08000183105467,95.81999969482422,97.83000183105467,94.70914459228516,60500
2021-11-04,98.61000061035156,98.9499969482422,97.30999755859376,97.9800033569336,94.85438537597656,72000
2021-11-05,98.9499969482422,99.77999877929688,98.7699966430664,99.37000274658205,96.20003509521484,68800
2021-11-08,100.20999908447266,100.69000244140624,99.6500015258789,99.81999969482422,96.63565826416016,61500
2021-11-09,100.05999755859376,100.05999755859376,98.0999984741211,99.12000274658205,95.9580078125,140800
2021-11-10,98.54000091552734,98.94000244140624,96.12000274658205,96.83000183105467,93.74105072021484,24000
2021-11-11,97.58999633789062,98.66000366210938,97.58000183105467,98.0999984741211,94.97052764892578,26100
2021-11-12,98.36000061035156,98.5999984741211,97.94000244140624,98.5,95.35778045654295,94800
2021-11-15,99.12999725341795,99.12999725341795,97.29000091552734,97.68000030517578,94.5639419555664,32000
2021-11-16,97.6500015258789,98.2300033569336,97.0,98.1999969482422,95.06734466552734,21400
2021-11-17,97.81999969482422,97.87000274658205,96.5500030517578,96.58999633789062,93.50870513916016,29100
2021-11-18,97.0199966430664,97.12999725341795,95.33000183105467,96.16000366210938,93.0924301147461,35900
2021-11-19,95.29000091552734,95.72000122070312,94.75,94.87000274658205,91.84356689453124,14400
2021-11-22,95.4499969482422,96.36000061035156,94.12000274658205,94.12000274658205,91.11750793457033,165100
2021-11-23,94.27999877929688,94.73999786376952,92.97000122070312,94.13999938964844,91.13687133789062,77200
2021-11-24,93.2699966430664,94.86000061035156,93.2699966430664,94.7699966430664,91.74677276611328,16200
2021-11-26,91.5999984741211,91.62999725341795,89.4000015258789,91.18000030517578,88.27130889892578,121500
2021-11-29,93.12000274658205,93.20999908447266,90.73999786376952,91.33999633789062,88.42620849609375,70000
2021-11-30,90.06999969482422,90.80999755859376,87.76000213623047,89.08000183105469,86.23828887939453,63200
2021-12-01,90.68000030517578,91.27999877929688,86.45999908447266,86.45999908447266,83.70187377929688,192400
2021-12-02,86.69999694824219,88.76000213623047,86.30999755859375,88.41000366210938,85.58968353271484,207800
2021-12-03,89.37000274658203,89.5199966430664,85.26000213623047,86.16000366210938,83.41144561767578,102200
2021-12-06,86.80999755859375,88.33000183105469,85.33000183105469,87.47000122070312,84.67964935302734,107400
2021-12-07,89.05999755859375,91.4499969482422,89.05999755859375,90.61000061035156,87.71949005126953,26700
2021-12-08,91.02999877929688,91.91999816894533,90.43000030517578,91.47000122070312,88.55203247070312,21500
2021-12-09,90.76000213623048,91.2300033569336,89.36000061035156,89.36000061035156,86.50935363769531,17100
2021-12-10,90.38999938964844,90.5,88.37999725341797,89.47000122070312,86.61583709716797,12200
2021-12-13,89.20999908447266,89.20999908447266,86.87000274658203,86.87000274658203,84.09878540039062,67800
2021-12-14,85.79000091552734,87.0999984741211,85.41000366210938,85.5,82.77247619628906,65700
2021-12-15,85.30999755859375,87.2699966430664,83.63999938964844,87.01000213623047,84.23431396484375,39800
2021-12-16,87.37999725341797,87.91999816894531,84.5199966430664,84.69999694824219,81.99800109863281,17800
2021-12-17,84.18000030517578,85.91999816894531,83.12000274658203,85.47000122070312,82.74343872070312,143100
2021-12-20,83.79000091552734,84.08000183105469,82.30999755859375,83.80000305175781,81.19416809082031,571500
2021-12-21,84.94000244140625,87.33999633789062,84.94000244140625,87.27999877929688,84.56594848632812,22700
2021-12-22,87.11000061035156,88.58000183105469,86.9800033569336,88.52999877929688,85.77709197998047,23700
2021-12-23,89.04000091552734,89.48999786376953,88.79000091552734,89.2300033569336,86.455322265625,42200
2021-12-27,89.29000091552734,91.02999877929688,89.0999984741211,91.02999877929688,88.19933319091797,18800
2021-12-28,91.0199966430664,91.2300033569336,89.48999786376953,89.5199966430664,86.73628997802734,25600
2021-12-29,89.52999877929688,90.29000091552734,89.36000061035156,90.01000213623047,87.21107482910156,24200
2021-12-30,90.0999984741211,90.83999633789062,89.6500015258789,89.72000122070312,86.93008422851562,13000
2021-12-31,89.61000061035156,90.25,89.61000061035156,90.01000213623047,87.21107482910156,7700
2022-01-03,90.66999816894533,91.5,89.7300033569336,90.19000244140624,87.38546752929688,55000
2022-01-04,90.33999633789062,91.26000213623048,90.26000213623048,90.5199966430664,87.7052001953125,50900
2022-01-05,90.4499969482422,90.93000030517578,87.0999984741211,87.22000122070312,84.50782775878906,39400
2022-01-06,87.52999877929688,88.30000305175781,86.51000213623047,87.76000213623047,85.03102111816406,28900
2022-01-07,87.83999633789062,87.94999694824219,85.70999908447266,85.70999908447266,83.0447769165039,37100
2022-01-10,84.88999938964844,84.88999938964844,83.23999786376953,84.70999908447266,82.07587432861328,28100
2022-01-11,84.86000061035156,86.2300033569336,83.87000274658203,86.22000122070312,83.53893280029297,22400
2022-01-12,87.19999694824219,87.19999694824219,85.72000122070312,86.23999786376953,83.55829620361328,62700
2022-01-13,86.69000244140625,87.26000213623047,85.12000274658203,85.52999877929688,82.87036895751953,40600
2022-01-14,84.6500015258789,85.5,83.98999786376953,85.31999969482422,82.66690826416016,64100
2022-01-18,84.62999725341797,84.62999725341797,82.44999694824219,82.47000122070312,79.90553283691406,77000
2022-01-19,82.75,83.2300033569336,80.56999969482422,80.58000183105469,78.07430267333984,392100
2022-01-20,80.97000122070312,82.16000366210938,78.4800033569336,78.62999725341797,76.18492126464844,92100
2022-01-21,77.9800033569336,79.51000213623047,76.9000015258789,77.02999877929688,74.63470458984375,112900
2022-01-24,75.22000122070312,79.06999969482422,74.30000305175781,78.77999877929688,76.33028411865234,79200
2022-01-25,77.29000091552734,79.0,75.91000366210938,78.11000061035156,75.68108367919922,41000
2022-01-26,79.62000274658203,80.27999877929688,76.33999633789062,77.18000030517578,74.78002166748047,31000
2022-01-27,78.33000183105469,79.04000091552734,75.11000061035156,75.5,73.15226745605469,49200
2022-01-28,75.91999816894531,77.20999908447266,74.33000183105469,77.13999938964844,74.74127197265625,108500
2022-01-31,76.87999725341797,79.48999786376953,76.68000030517578,79.4800033569336,77.00850677490234,38400
2022-02-01,79.63999938964844,80.69999694824219,78.20999908447266,80.62999725341797,78.12274169921875,142000
2022-02-02,81.01000213623047,81.01000213623047,79.0,80.11000061035156,77.6189193725586,48600
2022-02-03,79.05000305175781,80.0199966430664,78.69999694824219,78.76000213623047,76.31090545654297,93200
2022-02-04,78.81999969482422,79.5999984741211,77.8499984741211,79.06999969482422,76.61125946044922,55500
2022-02-07,79.18000030517578,80.04000091552734,78.95999908447266,79.30999755859375,76.84378051757812,91500
2022-02-08,79.5999984741211,80.83999633789062,79.20999908447266,80.73999786376953,78.22932434082031,85600
2022-02-09,81.4000015258789,82.6500015258789,81.4000015258789,82.58999633789062,80.02178955078125,31700
2022-02-10,81.05999755859375,83.69999694824219,81.02999877929688,81.5999984741211,79.06258392333984,63700
2022-02-11,82.37000274658203,82.83000183105469,80.5999984741211,81.19999694824219,78.67501831054688,57900
2022-02-14,81.16000366210938,81.52999877929688,80.19999694824219,80.55000305175781,78.04524230957031,60200
2022-02-15,81.23999786376953,82.91000366210938,81.23999786376953,82.87999725341797,80.30278015136719,320700
2022-02-16,82.55999755859375,83.4800033569336,82.55999755859375,83.11000061035156,80.52565002441406,71500
2022-02-17,82.55000305175781,82.62000274658203,80.95999908447266,81.0,78.48124694824219,46200
2022-02-18,80.69999694824219,81.5,80.0999984741211,80.41999816894531,77.91928100585938,64600
2022-02-22,80.3499984741211,80.6500015258789,78.30999755859375,79.05000305175781,76.59188842773438,40000
2022-02-23,79.76000213623047,80.20999908447266,77.58999633789062,77.70999908447266,75.2935562133789,33500
2022-02-24,75.55999755859375,79.94000244140625,75.55999755859375,79.75,77.27011108398438,38700
2022-02-25,80.27999877929688,81.63999938964844,79.97000122070312,81.58999633789062,79.05289459228516,39700
2022-02-28,80.9000015258789,82.62999725341797,80.9000015258789,82.5,79.93460845947266,20500
2022-03-01,82.51000213623047,82.51000213623047,80.62000274658203,81.18000030517578,78.65565490722656,26900
2022-03-02,82.48999786376953,84.13999938964844,82.48999786376953,83.88999938964844,81.28136444091797,48500
2022-03-03,84.20999908447266,84.20999908447266,82.58000183105469,83.20999908447266,80.62251281738281,290200
2022-03-04,82.66999816894531,82.69000244140625,81.2300033569336,82.19000244140625,79.63422393798828,13200
2022-03-07,82.55000305175781,82.91999816894531,80.01000213623047,80.08000183105469,77.58985137939453,18400
2022-03-08,80.41000366210938,82.06999969482422,79.94000244140625,80.62000274658203,78.11305236816406,19800
2022-03-09,81.70999908447266,83.1500015258789,81.66000366210938,82.80000305175781,80.22528076171875,292400
2022-03-10,81.98999786376953,83.45999908447266,81.9800033569336,83.37000274658203,80.77754211425781,15800
2022-03-11,83.73999786376953,84.01000213623047,82.05999755859375,82.0999984741211,79.54703521728516,18800
2022-03-14,82.19999694824219,82.19999694824219,79.5199966430664,79.91000366210938,77.4251480102539,23600
2022-03-15,80.05999755859375,81.2699966430664,79.69999694824219,81.13999938964844,78.61688232421875,16700
2022-03-16,82.11000061035156,83.54000091552734,81.95999908447266,83.54000091552734,80.94224548339844,18300
2022-03-17,84.16000366210938,85.37999725341797,84.16000366210938,85.37999725341797,82.72504425048828,292300
2022-03-18,84.83999633789062,86.37000274658203,84.83999633789062,86.37000274658203,83.68427276611328,11200
2022-03-21,87.05000305175781,87.05000305175781,85.2300033569336,85.80000305175781,83.19074249267578,24200
2022-03-22,86.3499984741211,86.75,85.7699966430664,86.47000122070312,83.84036254882812,33200
2022-03-23,86.12999725341797,86.5199966430664,85.41999816894531,85.44000244140625,82.84168243408203,38600
2022-03-24,85.91000366210938,86.43000030517578,85.56999969482422,86.43000030517578,83.80157470703125,22000
2022-03-25,86.52999877929688,86.52999877929688,85.8499984741211,86.45999908447266,83.83067321777344,19000
2022-03-28,85.72000122070312,85.72000122070312,84.63999938964844,85.6500015258789,83.04530334472656,44600
2022-03-29,85.91999816894531,87.44000244140625,85.91999816894531,87.2300033569336,84.5772476196289,16900
2022-03-30,87.4800033569336,87.5199966430664,85.37999725341797,85.76000213623047,83.1519546508789,23400
2022-03-31,85.4000015258789,86.30000305175781,84.66000366210938,84.66000366210938,82.08541870117188,30400
2022-04-01,85.33000183105469,85.91999816894531,85.16999816894531,85.83999633789062,83.22950744628906,10700
2022-04-04,86.19000244140625,86.19000244140625,85.02999877929688,85.51000213623047,82.9095458984375,20200
2022-04-05,85.5999984741211,86.37000274658203,83.19000244140625,83.44000244140625,80.90251159667969,21500
2022-04-06,82.70999908447266,83.22000122070312,82.04000091552734,82.27999877929688,79.77777862548828,30300
2022-04-07,82.5,83.1500015258789,81.1500015258789,82.44999694824219,79.94261169433594,38800
2022-04-08,82.55000305175781,83.43000030517578,82.12999725341797,82.79000091552734,80.27227020263672,16800
2022-04-11,82.5199966430664,82.77999877929688,81.69999694824219,81.8499984741211,79.36085510253906,57200
2022-04-12,83.36000061035156,84.52999877929688,82.86000061035156,83.19000244140625,80.66011047363281,50700
2022-04-13,83.77999877929688,85.43000030517578,83.4800033569336,85.26000213623047,82.66715240478516,13400
2022-04-14,85.77999877929688,85.87000274658203,85.0999984741211,85.13999938964844,82.55079650878906,22600
2022-04-18,85.43000030517578,85.86000061035156,84.94000244140625,85.2699966430664,82.67684173583984,28700
2022-04-19,85.51000213623047,86.52999877929688,85.48999786376953,86.31999969482422,83.6949234008789,20700
2022-04-20,86.93000030517578,87.47000122070312,86.37999725341797,87.08000183105469,84.43180847167969,15600
2022-04-21,88.12000274658203,88.12000274658203,83.9000015258789,84.19000244140625,81.62970733642578,15000
2022-04-22,83.47000122070312,84.18000030517578,80.97000122070312,81.16999816894531,78.7015380859375,15300
2022-04-25,79.88999938964844,81.11000061035156,78.3499984741211,80.91999816894531,78.4591293334961,58100
2022-04-26,80.61000061035156,80.61000061035156,78.94999694824219,79.01000213623047,76.60723114013672,20500
2022-04-27,79.36000061035156,80.22000122070312,78.91000366210938,79.52999877929688,77.11140441894531,51000
2022-04-28,80.11000061035156,81.76000213623047,78.58999633789062,81.23999786376953,78.7694091796875,19800
2022-04-29,81.3499984741211,81.81999969482422,79.02999877929688,79.1500015258789,76.74298095703125,24600
2022-05-02,78.69000244140625,79.45999908447266,77.33999633789062,79.23999786376953,76.83023071289062,23300
2022-05-03,79.47000122070312,81.5199966430664,79.47000122070312,81.30000305175781,78.82759094238281,17300
2022-05-04,81.80000305175781,82.94999694824219,79.70999908447266,82.91000366210938,80.38863372802734,294100
2022-05-05,82.22000122070312,82.22000122070312,78.87000274658203,79.73999786376953,77.31503295898438,32200
2022-05-06,79.76000213623047,80.08000183105469,78.0199966430664,79.12000274658203,76.71388244628906,23100
2022-05-09,77.73999786376953,77.73999786376953,73.95999908447266,74.33000183105469,72.06956481933594,33000
2022-05-10,75.63999938964844,75.63999938964844,72.3499984741211,73.94999694824219,71.70110321044922,45600
2022-05-11,74.25,76.3499984741211,72.79000091552734,72.87000274658203,70.65394592285156,59500
2022-05-12,72.37000274658203,73.87999725341797,71.73999786376953,73.18000030517578,70.95452880859375,79700
2022-05-13,74.62000274658203,76.69000244140625,74.62000274658203,76.08000183105469,73.7663345336914,38100
2022-05-16,76.16000366210938,77.36000061035156,75.91000366210938,76.66000366210938,74.32868957519531,28200
2022-05-17,78.23999786376953,78.9000015258789,77.51000213623047,78.9000015258789,76.50055694580078,40900
2022-05-18,77.94999694824219,77.94999694824219,74.83000183105469,75.43000030517578,73.13610076904297,10500
2022-05-19,74.62000274658203,76.43000030517578,74.29000091552734,75.27999877929688,72.99065399169922,31000
2022-05-20,76.2699966430664,76.2699966430664,73.0199966430664,74.5,72.234375,19200
2022-05-23,75.72000122070312,76.52999877929688,74.72000122070312,76.23999786376953,73.92146301269531,19000
2022-05-24,75.51000213623047,75.54000091552734,73.48999786376953,74.95999908447266,72.68038940429688,36100
2022-05-25,74.73999786376953,77.52999877929688,74.73999786376953,77.26000213623047,74.91044616699219,64400
2022-05-26,77.83999633789062,79.87999725341797,77.83999633789062,79.44999694824219,77.03385162353516,33100
2022-05-27,79.83999633789062,81.55999755859375,79.83999633789062,81.44999694824219,78.97300720214844,15600
2022-05-31,81.5,81.5,79.7300033569336,80.31999969482422,77.87738800048828,26000
2022-06-01,80.86000061035156,81.1500015258789,79.20999908447266,80.68000030517578,78.22645568847656,17700
2022-06-02,81.19000244140625,82.5199966430664,80.70999908447266,82.41999816894531,79.91352081298828,15500
2022-06-03,81.83999633789062,82.33999633789062,81.45999908447266,82.27999877929688,79.77777862548828,30800
2022-06-06,83.06999969482422,83.06999969482422,82.12000274658203,82.58999633789062,80.0783462524414,13200
2022-06-07,81.73999786376953,84.19999694824219,81.73999786376953,84.19999694824219,81.63938903808594,8300
2022-06-08,83.87999725341797,84.0999984741211,82.37000274658203,82.87000274658203,80.349853515625,13600
2022-06-09,81.33000183105469,82.19999694824219,80.73999786376953,80.80999755859375,78.35248565673828,25200
2022-06-10,79.2300033569336,79.91000366210938,77.91000366210938,78.68000030517578,76.28726196289062,15800
2022-06-13,76.1500015258789,76.1500015258789,73.38999938964844,73.69999694824219,71.45869445800781,135800
2022-06-14,74.58999633789062,74.73999786376953,73.22000122070312,73.9800033569336,71.73020935058594,20200
2022-06-15,74.72000122070312,75.36000061035156,73.94999694824219,74.77999877929688,72.505859375,26300
2022-06-16,72.43000030517578,72.43000030517578,70.18000030517578,70.56999969482422,68.42389678955078,78600
2022-06-17,70.69999694824219,71.7300033569336,69.38999938964844,69.83000183105469,67.70641326904297,21600
2022-06-21,71.25,72.19999694824219,70.68000030517578,70.98999786376953,68.96147155761719,33600
2022-06-22,69.19000244140625,70.0,68.61000061035156,69.05000305175781,67.07691192626953,37900
2022-06-23,69.37000274658203,69.37000274658203,66.93000030517578,67.9800033569336,66.0374984741211,30400
2022-06-24,68.8499984741211,70.51000213623047,68.8499984741211,69.97000122070312,67.97063446044922,33900
2022-06-27,70.45999908447266,71.55000305175781,70.33999633789062,71.20999908447266,69.1751937866211,43400
2022-06-28,72.41000366210938,72.54000091552734,70.33999633789062,70.66999816894531,68.650634765625,35600
2022-06-29,71.01000213623047,71.01000213623047,68.41999816894531,68.79000091552734,66.8243408203125,33100
2022-06-30,67.69999694824219,68.8499984741211,67.11000061035156,67.91000366210938,65.96947479248047,27400
2022-07-01,67.9800033569336,68.26000213623047,66.22000122070312,68.05000305175781,66.10547637939453,31600
2022-07-05,66.83999633789062,66.93000030517578,65.58000183105469,66.83999633789062,64.93006134033203,57400
2022-07-06,66.55999755859375,67.13999938964844,64.87000274658203,65.97000122070312,64.08492279052734,34800
2022-07-07,66.91999816894531,68.62999725341797,66.91999816894531,68.41000366210938,66.45519256591797,48000
2022-07-08,67.79000091552734,68.98999786376953,67.79000091552734,68.63999938964844,66.67863464355469,34800
2022-07-11,67.87000274658203,67.94999694824219,67.23999786376953,67.5,65.57120513916016,34500
2022-07-12,66.94000244140625,67.52999877929688,66.48999786376953,66.88999938964844,64.97864532470703,22200
2022-07-13,65.9800033569336,67.69000244140625,65.9800033569336,67.33999633789062,65.41577911376953,26100
2022-07-14,65.80999755859375,66.33000183105469,65.05999755859375,66.30999755859375,64.41520690917969,38300
2022-07-15,67.2699966430664,67.79000091552734,66.27999877929688,67.66999816894531,65.73633575439453,59400
2022-07-18,68.79000091552734,69.5,68.0,68.12999725341797,66.18321228027344,45600
2022-07-19,68.86000061035156,70.70999908447266,68.86000061035156,70.66999816894531,68.650634765625,75800
2022-07-20,70.55999755859375,71.7699966430664,70.4000015258789,71.72000122070312,69.67062377929688,162900
2022-07-21,71.11000061035156,71.18000030517578,69.72000122070312,71.12999725341797,69.09746551513672,26600
2022-07-22,71.54000091552734,71.5999984741211,69.56999969482422,69.80999755859375,67.8152084350586,26600
2022-07-25,70.43000030517578,71.62000274658203,70.43000030517578,71.62000274658203,69.5734634399414,13400
2022-07-26,71.95999908447266,71.95999908447266,71.31999969482422,71.66999816894531,69.62205505371094,19600
2022-07-27,71.9000015258789,73.97000122070312,71.80000305175781,73.8499984741211,71.73975372314453,11200
2022-07-28,73.51000213623047,74.55999755859375,73.51000213623047,74.5,72.37117004394531,6500
2022-07-29,74.83999633789062,75.66000366210938,74.68000030517578,75.61000061035156,73.44947814941406,48000
2022-08-01,74.66000366210938,75.77999877929688,74.12000274658203,75.41000366210938,73.25517272949219,14500
2022-08-02,74.8499984741211,75.83000183105469,74.45999908447266,75.19000244140625,73.04147338867188,11900
2022-08-03,75.7300033569336,75.7300033569336,74.52999877929688,75.0999984741211,72.95403289794922,25700
2022-08-04,74.30000305175781,74.73999786376953,74.16999816894531,74.27999877929688,72.157470703125,20400
2022-08-05,73.44000244140625,75.37999725341797,73.44000244140625,75.22000122070312,73.07061004638672,34700
2022-08-08,75.58000183105469,76.22000122070312,75.5199966430664,75.69999694824219,73.5368881225586,20500
2022-08-09,75.76000213623047,75.9000015258789,75.02999877929688,75.29000091552734,73.13859558105469,23900
2022-08-10,76.7699966430664,77.41000366210938,76.48999786376953,77.33999633789062,75.13003540039062,17700
2022-08-11,78.72000122070312,78.87000274658203,78.0999984741211,78.37999725341797,76.14030456542969,77200
2022-08-12,78.68000030517578,79.8499984741211,78.18000030517578,79.8499984741211,77.56830596923828,14700
2022-08-15,78.12000274658203,79.55000305175781,78.12000274658203,79.51000213623047,77.2380142211914,21100
2022-08-16,79.7300033569336,79.9000015258789,79.22000122070312,79.54000091552734,77.26716613769531,13100
2022-08-17,78.73999786376953,79.55999755859375,78.61000061035156,79.20999908447266,76.94660186767578,10000
2022-08-18,80.18000030517578,81.0,80.18000030517578,80.91999816894531,78.60772705078125,14600
2022-08-19,80.08999633789062,80.12999725341797,79.66000366210938,79.86000061035156,77.5780258178711,13900
2022-08-22,78.75,79.29000091552734,78.51000213623047,78.91000366210938,76.65515899658203,12800
2022-08-23,79.44000244140625,80.43000030517578,79.44000244140625,79.77999877929688,77.50030517578125,13300
2022-08-24,79.83000183105469,80.4000015258789,79.66000366210938,80.29000091552734,77.9957504272461,80500
2022-08-25,80.76000213623047,81.44000244140625,80.45999908447266,81.38999938964844,79.06429290771484,62100
2022-08-26,81.41999816894531,81.41999816894531,79.30999755859375,79.30999755859375,77.04373168945312,38000
2022-08-29,78.61000061035156,79.72000122070312,78.55000305175781,78.88999938964844,76.6357421875,11500
2022-08-30,78.9800033569336,78.9800033569336,76.22000122070312,76.58999633789062,74.4014663696289,28100
2022-08-31,76.33999633789062,76.70999908447266,76.04000091552734,76.29000091552734,74.11003875732422,5900
2022-09-01,75.27999877929688,75.27999877929688,73.83000183105469,74.52999877929688,72.40032196044922,35000
2022-09-02,75.97000122070312,75.97000122070312,74.41999816894531,74.6500015258789,72.51689147949219,25500
2022-09-06,75.2300033569336,75.2300033569336,73.8499984741211,73.91000366210938,71.79804992675781,26800
2022-09-07,73.47000122070312,74.73999786376953,73.36000061035156,74.73999786376953,72.60433197021484,14100
2022-09-08,74.4000015258789,74.83999633789062,74.02999877929688,74.80000305175781,72.66261291503906,11100
2022-09-09,75.79000091552734,76.48999786376953,75.79000091552734,76.41000366210938,74.22661590576172,11600
2022-09-12,77.16000366210938,77.48999786376953,76.7300033569336,77.3499984741211,75.1397476196289,21800
2022-09-13,75.6500015258789,76.30999755859375,74.66000366210938,74.8499984741211,72.711181640625,10500
2022-09-14,75.2300033569336,76.05000305175781,74.86000061035156,75.55999755859375,73.40089416503906,18100
2022-09-15,74.91999816894531,75.5199966430664,74.08000183105469,74.31999969482422,72.19632720947266,8200
2022-09-16,73.4000015258789,73.41000366210938,72.1500015258789,72.94000244140625,70.85575866699219,23300
2022-09-19,71.47000122070312,73.4800033569336,71.47000122070312,73.37000274658203,71.52842712402344,94500
2022-09-20,72.66000366210938,72.66000366210938,71.79000091552734,72.31999969482422,70.50479888916016,12600
2022-09-21,73.06999969482422,73.06999969482422,70.94999694824219,70.94999694824219,69.16919708251953,8300
2022-09-22,71.29000091552734,71.29000091552734,69.41999816894531,69.68000030517578,67.93104553222656,99200
2022-09-23,68.16000366210938,68.16000366210938,66.38999938964844,66.95999908447266,65.27932739257812,15100
2022-09-26,66.54000091552734,67.54000091552734,65.79000091552734,65.95999908447266,64.30442810058594,17700
2022-09-27,66.88999938964844,67.12999725341797,66.23999786376953,66.88999938964844,65.2110824584961,6700
2022-09-28,67.33999633789062,69.80999755859375,67.30000305175781,69.51000213623047,67.76532745361328,71800
2022-09-29,68.76000213623047,68.76000213623047,67.26000213623047,68.31999969482422,66.6052017211914,9500
2022-09-30,68.0,69.62999725341797,67.86000061035156,68.5,66.78068542480469,9100
2022-10-03,69.48999786376953,71.01000213623047,69.18000030517578,70.55999755859375,68.78897857666016,26000
2022-10-04,72.19000244140625,72.93000030517578,72.11000061035156,72.8499984741211,71.02149963378906,25800
2022-10-05,72.06999969482422,73.05000305175781,71.4800033569336,72.87000274658203,71.0409927368164,7800
2022-10-06,72.88999938964844,73.30000305175781,72.58999633789062,72.8499984741211,71.02149963378906,13800
2022-10-07,72.12999725341797,72.12999725341797,70.66999816894531,70.97000122070312,69.18869018554688,17700
2022-10-10,70.98999786376953,71.19000244140625,70.26000213623047,70.5199966430664,68.74998474121094,20600
2022-10-11,70.05999755859375,71.22000122070312,69.02999877929688,70.19999694824219,68.4380111694336,29700
2022-10-12,70.2699966430664,70.5,69.3499984741211,70.22000122070312,68.45751953125,19700
2022-10-13,68.72000122070312,71.9000015258789,68.72000122070312,71.81999969482422,70.01734161376953,12400
2022-10-14,72.18000030517578,72.18000030517578,69.66999816894531,69.7300033569336,67.97980499267578,18300
2022-10-17,71.19000244140625,72.06999969482422,71.19000244140625,72.0199966430664,70.21231842041016,11000
2022-10-18,73.68000030517578,74.05999755859375,72.31999969482422,72.87999725341797,71.05073547363281,50000
2022-10-19,72.75,72.94000244140625,71.83999633789062,72.29000091552734,70.47553253173828,7400
2022-10-20,72.63999938964844,73.36000061035156,71.2699966430664,71.52999877929688,69.73462677001953,26600
2022-10-21,71.76000213623047,73.43000030517578,71.52999877929688,73.30000305175781,71.460205078125,43500
2022-10-24,73.44000244140625,73.62000274658203,72.83999633789062,73.47000122070312,71.62592315673828,72000
2022-10-25,73.66999816894531,75.26000213623047,73.66999816894531,75.04000091552734,73.15653228759766,39600
2022-10-26,75.30999755859375,76.58000183105469,75.29000091552734,75.36000061035156,73.46849060058594,25300
2022-10-27,76.31999969482422,76.62000274658203,75.4000015258789,75.4800033569336,73.58550262451172,23400
2022-10-28,76.05000305175781,77.12000274658203,75.48999786376953,77.12000274658203,75.184326171875,16500
2022-10-31,77.11000061035156,77.80000305175781,76.8499984741211,77.5,75.5547866821289,19400
2022-11-01,78.37000274658203,78.37000274658203,77.0999984741211,77.58999633789062,75.64250946044922,390800
2022-11-02,77.22000122070312,77.30000305175781,74.80999755859375,74.83000183105469,72.95179748535156,28800
2022-11-03,74.37000274658203,75.36000061035156,74.0,74.75,72.87380981445312,24800
2022-11-04,76.02999877929688,76.19000244140625,74.37000274658203,75.37999725341797,73.48798370361328,30500
2022-11-07,75.7699966430664,75.98999786376953,74.97000122070312,75.75,73.84870147705078,11700
2022-11-08,75.91000366210938,76.47000122070312,75.06999969482422,75.80999755859375,73.90719604492188,43300
2022-11-09,75.1500015258789,75.33999633789062,73.08999633789062,73.26000213623047,71.42119598388672,24000
2022-11-10,75.95999908447266,76.80000305175781,75.3499984741211,76.7699966430664,74.84309387207031,51900
2022-11-11,77.23999786376953,78.19999694824219,76.41000366210938,76.5,74.57987976074219,40700
2022-11-14,76.18000030517578,77.51000213623047,76.18000030517578,76.27999877929688,74.36540985107422,18500
2022-11-15,77.58000183105469,77.95999908447266,76.73999786376953,77.19999694824219,75.2623062133789,26500
2022-11-16,76.56999969482422,76.56999969482422,75.8499984741211,75.87999725341797,73.9754409790039,17000
2022-11-17,74.80999755859375,75.5199966430664,74.5,75.45999908447266,73.56598663330078,12000
2022-11-18,75.75,76.12999725341797,75.52999877929688,75.94000244140625,74.03394317626953,10300
2022-11-21,75.36000061035156,75.79000091552734,74.8499984741211,75.51000213623047,73.61471557617188,15400
2022-11-22,76.06999969482422,77.0,76.06999969482422,77.0,75.06733703613281,17100
2022-11-23,76.69000244140625,77.31999969482422,76.55999755859375,77.05999755859375,75.12582397460938,21000
2022-11-25,76.91000366210938,77.77999877929688,76.91000366210938,77.4800033569336,75.53528594970703,4200
2022-11-28,76.83000183105469,77.06999969482422,75.73999786376953,75.7699966430664,73.86819458007812,25400
2022-11-29,76.25,76.69999694824219,75.9800033569336,75.9800033569336,74.07292938232422,18300
2022-11-30,76.55000305175781,77.86000061035156,75.70999908447266,77.86000061035156,75.90574645996094,25800
2022-12-01,78.05999755859375,78.05999755859375,77.05999755859375,77.19999694824219,75.2623062133789,35900
2022-12-02,76.37999725341797,78.23999786376953,76.05000305175781,78.02999877929688,76.07147979736328,36100
2022-12-05,78.05999755859375,78.05999755859375,75.2300033569336,75.38999938964844,73.49772644042969,16600
2022-12-06,75.05999755859375,75.36000061035156,73.9000015258789,74.12000274658203,72.2596206665039,25900
2022-12-07,74.81999969482422,74.81999969482422,73.83000183105469,73.87000274658203,72.0158920288086,12800
2022-12-08,74.47000122070312,75.08000183105469,74.0999984741211,74.30999755859375,72.44483947753906,13800
2022-12-09,74.1500015258789,74.1500015258789,73.05999755859375,73.12000274658203,71.28470611572266,21700
2022-12-12,73.4800033569336,74.45999908447266,73.4800033569336,74.45999908447266,72.5910873413086,9500
2022-12-13,76.6500015258789,76.6500015258789,74.87000274658203,75.37999725341797,73.48798370361328,13800
2022-12-14,75.47000122070312,75.83999633789062,74.58999633789062,75.0999984741211,73.21501922607422,14900
2022-12-15,74.11000061035156,74.43000030517578,73.1500015258789,73.27999877929688,71.4406967163086,22200
2022-12-16,72.5,72.88999938964844,72.02999877929688,72.88999938964844,71.06049346923828,21500
2022-12-19,72.72000122070312,72.72000122070312,71.16999816894531,71.27999877929688,69.62367248535156,21100
2022-12-20,71.16999816894531,72.36000061035156,71.16999816894531,72.11000061035156,70.43438720703125,19000
2022-12-21,72.48999786376953,73.72000122070312,72.48999786376953,73.44999694824219,71.74324798583984,10300
2022-12-22,73.1500015258789,73.1500015258789,71.16000366210938,72.41000366210938,70.7274169921875,19600
2022-12-23,72.04000091552734,72.69000244140625,71.9000015258789,72.58999633789062,70.90323638916016,56300
2022-12-27,72.87999725341797,72.87999725341797,71.98999786376953,72.29000091552734,70.6102066040039,15200
2022-12-28,72.36000061035156,72.37000274658203,70.55999755859375,70.73999786376953,69.09620666503906,35800
2022-12-29,71.33000183105469,72.7300033569336,71.33000183105469,72.63999938964844,70.95208740234375,42900
2022-12-30,71.94000244140625,72.87999725341797,71.80000305175781,72.76000213623047,71.06929016113281,28400
2023-01-03,73.01000213623047,73.48999786376953,70.80999755859375,71.30999755859375,69.6529769897461,28200
2023-01-04,71.5999984741211,72.26000213623047,71.30999755859375,71.58999633789062,69.92646789550781,41500
2023-01-05,71.16000366210938,71.37000274658203,70.86000061035156,70.87999725341797,69.23295593261719,11600
2023-01-06,71.47000122070312,73.44000244140625,71.47000122070312,73.0999984741211,71.40137481689453,12000
2023-01-09,73.69000244140625,74.23999786376953,73.05000305175781,73.12999725341797,71.43067169189453,29900
2023-01-10,73.0999984741211,74.37999725341797,73.0999984741211,74.37999725341797,72.6516342163086,12700
2023-01-11,74.9800033569336,74.9800033569336,74.31999969482422,74.8499984741211,73.11072540283203,20400
2023-01-12,75.45999908447266,76.20999908447266,75.23999786376953,76.19999694824219,74.42933654785156,17600
2023-01-13,75.69000244140625,76.95999908447266,75.69000244140625,76.94000244140625,75.15214538574219,8500
2023-01-17,77.0199966430664,77.05999755859375,76.33000183105469,76.48999786376953,74.71260833740234,14800
2023-01-18,77.05000305175781,77.51000213623047,75.37999725341797,75.37999725341797,73.6283950805664,8600
2023-01-19,74.94999694824219,75.0199966430664,74.30999755859375,74.66999816894531,72.93489837646484,19700
2023-01-20,74.9000015258789,76.01000213623047,74.6500015258789,76.01000213623047,74.24376678466797,7600
2023-01-23,75.9800033569336,76.69000244140625,75.80000305175781,76.19000244140625,74.41958618164062,38800
2023-01-24,76.37999725341797,76.72000122070312,76.37999725341797,76.52999877929688,74.7516860961914,6000
2023-01-25,75.83999633789062,76.56999969482422,75.26000213623047,76.5199966430664,74.74190521240234,13700
2023-01-26,77.18000030517578,77.18000030517578,76.12000274658203,76.63999938964844,74.85912322998047,108900
2023-01-27,76.87000274658203,76.94000244140625,76.52999877929688,76.66000366210938,74.87865447998047,17700
2023-01-30,76.08000183105469,76.26000213623047,75.36000061035156,75.38999938964844,73.63816833496094,10200
2023-01-31,75.70999908447266,77.18000030517578,75.70999908447266,77.18000030517578,75.38656616210938,18200
2023-02-01,77.26000213623047,78.76000213623047,76.63999938964844,78.26000213623047,76.44148254394531,27000
2023-02-02,78.9000015258789,79.37000274658203,78.18000030517578,79.19999694824219,77.359619140625,35900
2023-02-03,78.36000061035156,80.05999755859375,78.36000061035156,79.2699966430664,77.42799377441406,313100
2023-02-06,78.66000366210938,78.83999633789062,78.16000366210938,78.37000274658203,76.5489273071289,45400
2023-02-07,78.5,79.33999633789062,77.86000061035156,79.33000183105469,77.48661041259766,15700
2023-02-08,78.97000122070312,79.05000305175781,78.0199966430664,78.0199966430664,76.20704650878906,9700
2023-02-09,78.7699966430664,78.91000366210938,77.31999969482422,77.31999969482422,75.52332305908203,14600
2023-02-10,77.31999969482422,77.5199966430664,77.06999969482422,77.51000213623047,75.70890045166016,10000
2023-02-13,77.7699966430664,78.3499984741211,77.70999908447266,78.25,76.43170166015625,9500
2023-02-14,78.26000213623047,78.55000305175781,77.2699966430664,78.04000091552734,76.22659301757812,13600
2023-02-15,77.33999633789062,78.80999755859375,77.20999908447266,78.77999877929688,76.94939422607422,76500
2023-02-16,77.69999694824219,79.20999908447266,77.69999694824219,78.62999725341797,76.80287170410156,9700
2023-02-17,78.22000122070312,78.76000213623047,78.22000122070312,78.73999786376953,76.91032409667969,15000
2023-02-21,77.86000061035156,77.9000015258789,75.97000122070312,76.02999877929688,74.26329803466797,7300
2023-02-22,76.1500015258789,76.37000274658203,75.61000061035156,76.0,74.23399353027344,5100
2023-02-23,76.8499984741211,77.08999633789062,75.88999938964844,76.7300033569336,74.94703674316406,14100
2023-02-24,75.75,76.3499984741211,75.55000305175781,76.19999694824219,74.42933654785156,28500
2023-02-27,77.0199966430664,77.05000305175781,76.58999633789062,76.83000183105469,75.04470825195312,4400
2023-02-28,76.88999938964844,77.4800033569336,76.88999938964844,77.02999877929688,75.24005889892578,8200
2023-03-01,77.77999877929688,77.81999969482422,77.19000244140625,77.58999633789062,75.78704071044922,24100
2023-03-02,77.37000274658203,77.7699966430664,76.55999755859375,77.69000244140625,75.88471984863281,20500
2023-03-03,78.13999938964844,78.87999725341797,77.3499984741211,78.68000030517578,76.85173034667969,128300
2023-03-06,78.80999755859375,78.80999755859375,76.94000244140625,77.37000274658203,75.57215118408203,110500
2023-03-07,77.55000305175781,77.55000305175781,76.7300033569336,76.9000015258789,75.11308288574219,187100
2023-03-08,76.87999725341797,77.3499984741211,76.48999786376953,77.12999725341797,75.33772277832031,237700
2023-03-09,77.1500015258789,77.1500015258789,75.16999816894531,75.2300033569336,73.48188781738281,324100
2023-03-10,75.0,75.0,71.95999908447266,72.31999969482422,70.63951873779297,96300
2023-03-13,71.69000244140625,72.69000244140625,71.12000274658203,71.55000305175781,69.88739013671875,226100
2023-03-14,73.36000061035156,74.04000091552734,72.37000274658203,73.19000244140625,71.48928833007812,86400
2023-03-15,71.36000061035156,71.56999969482422,69.87000274658203,71.01000213623047,69.35994720458984,42000
2023-03-16,70.36000061035156,72.6500015258789,70.0,72.31999969482422,70.63951873779297,92600
2023-03-17,71.9000015258789,71.9000015258789,70.11000061035156,70.48999786376953,68.85204315185547,29900
2023-03-20,70.77999877929688,71.94999694824219,70.77999877929688,71.36000061035156,69.75624084472656,292400
2023-03-21,72.66999816894531,73.25,72.33000183105469,72.66999816894531,71.03678894042969,81400
2023-03-22,72.61000061035156,72.70999908447266,70.81999969482422,70.86000061035156,69.26747131347656,105800
2023-03-23,71.6500015258789,72.22000122070312,69.94999694824219,70.66999816894531,69.08172607421875,121000
2023-03-24,69.86000061035156,71.08999633789062,69.30999755859375,70.91000366210938,69.31636047363281,146200
2023-03-27,71.91000366210938,72.19000244140625,71.19000244140625,71.93000030517578,70.31343078613281,91100
2023-03-28,71.7699966430664,72.2300033569336,71.7699966430664,71.88999938964844,70.27433013916016,81000
2023-03-29,72.66999816894531,72.76000213623047,72.29000091552734,72.72000122070312,71.08568572998047,151500
2023-03-30,72.98999786376953,73.26000213623047,72.12999725341797,72.41000366210938,70.78263854980469,221900
2023-03-31,73.0,73.66999816894531,73.0,73.66999816894531,72.01431274414062,167900
2023-04-03,73.61000061035156,73.86000061035156,72.79000091552734,73.58999633789062,71.93611907958984,122800
2023-04-04,73.55999755859375,73.55999755859375,71.56999969482422,71.81999969482422,70.20589447021484,45400
2023-04-05,71.41000366210938,71.41999816894531,70.26000213623047,70.9000015258789,69.30658721923828,200100
2023-04-06,70.69000244140625,71.08999633789062,70.29000091552734,70.8499984741211,69.25769805908203,54700
2023-04-10,70.66000366210938,72.30000305175781,70.66000366210938,72.23999786376953,70.616455078125,141800
2023-04-11,72.83000183105469,73.45999908447266,72.63999938964844,72.87999725341797,71.24207305908203,35900
2023-04-12,73.47000122070312,73.5,72.69000244140625,72.76000213623047,71.12478637695312,57500
2023-04-13,72.95999908447266,73.66000366210938,72.95999908447266,73.38999938964844,71.74061584472656,69100
2023-04-14,73.5,73.58000183105469,72.43000030517578,73.01000213623047,71.3691635131836,43200
2023-04-17,73.1500015258789,73.72000122070312,73.1500015258789,73.68000030517578,72.02409362792969,38400
2023-04-18,73.8499984741211,74.25,73.77999877929688,74.11000061035156,72.4444351196289,47100
2023-04-19,73.72000122070312,74.19000244140625,73.44999694824219,74.06999969482422,72.40532684326172,25200
2023-04-20,73.55999755859375,74.23999786376953,73.55999755859375,73.91000366210938,72.24894714355469,74200
2023-04-21,74.05000305175781,74.05999755859375,73.30000305175781,73.91999816894531,72.25870513916016,80200
2023-04-24,73.8499984741211,74.16999816894531,73.33999633789062,73.75,72.09252166748047,44500
2023-04-25,72.97000122070312,73.0,71.41000366210938,71.4800033569336,69.87353515625,32000
2023-04-26,71.44000244140625,71.61000061035156,70.47000122070312,70.66000366210938,69.07197570800781,25700
2023-04-27,70.73999786376953,71.36000061035156,70.31999969482422,71.30000305175781,69.69759368896484,48300
2023-04-28,71.7699966430664,71.98999786376953,71.2699966430664,71.9000015258789,70.28410339355469,32000
2023-05-01,71.9800033569336,73.02999877929688,71.9800033569336,72.51000213623047,70.88040161132812,231300
2023-05-02,72.30000305175781,72.30000305175781,70.94999694824219,71.56999969482422,69.96151733398438,87000
2023-05-03,71.95999908447266,72.7699966430664,71.69999694824219,71.75,70.1374740600586,31700
2023-05-04,71.45999908447266,71.45999908447266,70.12999725341797,70.70999908447266,69.120849609375,121900
2023-05-05,71.9000015258789,72.73999786376953,71.9000015258789,72.55000305175781,70.91949462890625,53000
2023-05-08,72.66000366210938,72.66000366210938,72.18000030517578,72.51000213623047,70.88040161132812,47000
2023-05-09,72.29000091552734,73.16999816894531,72.23999786376953,72.8499984741211,71.2127456665039,27500
2023-05-10,73.66999816894531,73.66999816894531,72.5,73.33000183105469,71.68196868896484,35900
2023-05-11,72.83999633789062,72.94999694824219,72.38999938964844,72.66000366210938,71.02703094482422,25700
2023-05-12,73.18000030517578,73.27999877929688,72.26000213623047,72.69999694824219,71.06610870361328,23300
2023-05-15,72.94000244140625,73.62000274658203,72.88999938964844,73.19999694824219,71.55488586425781,13500
2023-05-16,72.62000274658203,72.63999938964844,72.25,72.29000091552734,70.66534423828125,58400
2023-05-17,72.72000122070312,73.6500015258789,72.43000030517578,73.63999938964844,71.98497772216797,31000
2023-05-18,73.31999969482422,74.22000122070312,73.31999969482422,74.13999938964844,72.47374725341797,36600
2023-05-19,74.62999725341797,74.62999725341797,73.77999877929688,74.01000213623047,72.34668731689453,47900
2023-05-22,74.05000305175781,74.9000015258789,74.05000305175781,74.52999877929688,72.85498809814453,93400
2023-05-23,74.2300033569336,75.30000305175781,73.69000244140625,73.80000305175781,72.14139556884766,30500
2023-05-24,73.36000061035156,73.36000061035156,72.61000061035156,73.16999816894531,71.52555847167969,103200
2023-05-25,73.4800033569336,73.5199966430664,72.52999877929688,73.19999694824219,71.55488586425781,47800
2023-05-26,73.5199966430664,74.01000213623047,73.51000213623047,73.80000305175781,72.14139556884766,147300
2023-05-30,74.23999786376953,74.37000274658203,73.1500015258789,73.37999725341797,71.7308349609375,32200
2023-05-31,72.94999694824219,73.08999633789062,72.05000305175781,72.5,70.87061309814453,58300
2023-06-01,72.58999633789062,73.9000015258789,72.58999633789062,73.80999755859375,72.15116882324219,36500
2023-06-02,74.63999938964844,76.2300033569336,74.58000183105469,76.2300033569336,74.51679992675781,55600
2023-06-05,76.1500015258789,76.1500015258789,75.08999633789062,75.73999786376953,74.03781127929688,41900
2023-06-06,75.4800033569336,77.5999984741211,75.4800033569336,77.43000030517578,75.68983459472656,270100
2023-06-07,77.8499984741211,78.98999786376953,77.8499984741211,78.69000244140625,76.9215087890625,43000
2023-06-08,78.69000244140625,79.0199966430664,78.19999694824219,78.93000030517578,77.1561050415039,38600
2023-06-09,79.0199966430664,79.13999938964844,78.2699966430664,78.41999816894531,76.65757751464844,38200
2023-06-12,78.69999694824219,78.9800033569336,78.41000366210938,78.70999908447266,76.94105529785156,45000
2023-06-13,79.4000015258789,79.79000091552734,79.16999816894531,79.44999694824219,77.66442108154297,146900
2023-06-14,79.63999938964844,79.63999938964844,78.05999755859375,78.62000274658203,76.85308074951172,31600
2023-06-15,78.19000244140625,78.69000244140625,78.02999877929688,78.69000244140625,76.9215087890625,60700
2023-06-16,79.12999725341797,79.12999725341797,77.5,77.72000122070312,75.97331237792969,80500
2023-06-20,77.27999877929688,77.97000122070312,77.02999877929688,77.9000015258789,76.32502746582031,31900
2023-06-21,77.58999633789062,78.47000122070312,77.55000305175781,78.08000183105469,76.50140380859375,25000
2023-06-22,77.79000091552734,77.93000030517578,77.41000366210938,77.55999755859375,75.99190521240234,28300
2023-06-23,76.76000213623047,76.93000030517578,75.7300033569336,75.79000091552734,74.25770568847656,41600
2023-06-26,76.12999725341797,76.62999725341797,75.26000213623047,75.45999908447266,73.93437957763672,39200
2023-06-27,75.72000122070312,76.63999938964844,75.47000122070312,76.38999938964844,74.84557342529297,39200
2023-06-28,76.37999725341797,77.12999725341797,76.37999725341797,77.12999725341797,75.57060241699219,37100
2023-06-29,77.2300033569336,78.30000305175781,77.2300033569336,78.0,76.42302703857422,165300
2023-06-30,78.95999908447266,79.1500015258789,78.44000244140625,78.72000122070312,77.12847137451172,17700
2023-07-03,78.6500015258789,78.98999786376953,78.38999938964844,78.81999969482422,77.2264404296875,20900
2023-07-05,78.66000366210938,78.66000366210938,77.56999969482422,77.6500015258789,76.08009338378906,32300
2023-07-06,76.68000030517578,76.75,75.36000061035156,75.9000015258789,74.365478515625,27500
2023-07-07,76.16000366210938,77.5,76.16000366210938,77.01000213623047,75.45304107666016,84200
2023-07-10,76.86000061035156,78.62000274658203,76.8499984741211,78.5999984741211,77.01089477539062,34500
2023-07-11,78.86000061035156,79.0199966430664,78.31999969482422,78.93000030517578,77.33421325683594,30000
2023-07-12,80.16999816894531,80.19000244140625,79.55999755859375,79.72000122070312,78.1082534790039,43200
2023-07-13,80.2300033569336,80.55000305175781,80.05000305175781,80.37000274658203,78.74510955810547,53100
2023-07-14,80.51000213623047,80.58999633789062,79.5,80.04000091552734,78.4217758178711,39400
2023-07-17,80.26000213623047,81.9000015258789,80.26000213623047,81.52999877929688,79.88165283203125,21700
2023-07-18,81.52999877929688,82.63999938964844,81.52999877929688,82.62999725341797,80.95941925048828,20300
2023-07-19,82.6500015258789,82.83000183105469,81.94000244140625,82.26000213623047,80.59689331054688,16400
2023-07-20,81.22000122070312,81.5,81.04000091552734,81.33999633789062,79.69548797607422,42600
2023-07-21,81.68000030517578,81.68000030517578,81.0,81.04000091552734,79.40155792236328,33400
2023-07-24,81.1500015258789,81.2300033569336,80.3499984741211,80.61000061035156,78.98023986816406,24000
2023-07-25,80.68000030517578,81.51000213623047,80.68000030517578,80.86000061035156,79.2251968383789,28900
2023-07-26,81.25,81.25,80.58000183105469,81.05000305175781,79.4113540649414,40300
2023-07-27,81.38999938964844,81.41000366210938,79.98999786376953,80.25,78.6275405883789,30000
2023-07-28,81.26000213623047,82.1500015258789,81.26000213623047,82.04000091552734,80.38134765625,17700
2023-07-31,82.26000213623047,83.2699966430664,82.26000213623047,83.2699966430664,81.58647155761719,17000
2023-08-01,82.41999816894531,82.9800033569336,82.16999816894531,82.97000122070312,81.29254913330078,22500
2023-08-02,82.26000213623047,82.37999725341797,81.61000061035156,82.13999938964844,80.47931671142578,21300
2023-08-03,81.61000061035156,82.16000366210938,81.5999984741211,81.6500015258789,79.99922180175781,34900
2023-08-04,81.5199966430664,81.91999816894531,80.5999984741211,80.9800033569336,79.3427734375,28300
2023-08-07,81.38999938964844,81.38999938964844,80.51000213623047,80.66000366210938,79.02924346923828,18900
2023-08-08,79.94999694824219,80.41999816894531,79.76000213623047,80.37000274658203,78.74510955810547,19100
2023-08-09,79.9800033569336,79.9800033569336,79.41000366210938,79.75,78.13763427734375,19200
2023-08-10,80.19999694824219,80.19999694824219,79.01000213623047,79.5199966430664,77.91227722167969,11100
2023-08-11,79.13999938964844,79.91000366210938,79.13999938964844,79.73999786376953,78.1278305053711,20000
2023-08-14,79.4000015258789,79.80999755859375,78.98999786376953,79.80000305175781,78.18663024902344,28100
2023-08-15,78.94000244140625,79.33999633789062,78.9000015258789,79.08000183105469,77.48119354248047,16800
2023-08-16,79.22000122070312,79.29000091552734,77.79000091552734,77.79000091552734,76.2172622680664,23000
2023-08-17,78.0199966430664,78.0199966430664,76.05999755859375,76.05999755859375,74.5222396850586,14300
2023-08-18,75.37000274658203,77.08999633789062,75.04000091552734,76.93000030517578,75.3746566772461,21500
2023-08-21,76.88999938964844,77.2699966430664,76.38999938964844,77.08999633789062,75.53141021728516,27800
2023-08-22,77.62999725341797,77.62999725341797,76.83999633789062,77.30999755859375,75.7469711303711,20200
2023-08-23,77.63999938964844,78.55999755859375,77.63999938964844,78.36000061035156,76.7757339477539,14800
2023-08-24,78.54000091552734,78.54000091552734,76.88999938964844,76.91999816894531,75.36485290527344,14700
2023-08-25,77.16000366210938,77.62999725341797,76.13999938964844,77.16999816894531,75.60980987548828,16900
2023-08-28,77.88999938964844,78.61000061035156,77.79000091552734,78.05999755859375,76.48179626464844,16100
2023-08-29,78.04000091552734,79.62000274658203,78.04000091552734,79.44999694824219,77.84370422363281,17900
2023-08-30,79.30999755859375,80.29000091552734,79.30999755859375,80.16000366210938,78.53935241699219,16400
2023-08-31,80.33999633789062,80.7300033569336,80.0,80.31999969482422,78.69611358642578,17700
2023-09-01,80.88999938964844,81.12000274658203,80.86000061035156,80.94999694824219,79.31336975097656,47900
2023-09-05,80.69000244140625,80.69000244140625,79.44999694824219,79.52999877929688,77.92208099365234,36600
2023-09-06,79.4000015258789,79.5999984741211,78.95999908447266,79.44000244140625,77.83391571044922,25900
2023-09-07,78.87000274658203,78.87000274658203,78.05999755859375,78.44999694824219,76.86392211914062,15200
2023-09-08,78.36000061035156,78.52999877929688,77.86000061035156,77.95999908447266,76.38382720947266,15800
2023-09-11,78.45999908447266,78.91000366210938,78.45999908447266,78.61000061035156,77.02069091796875,37000
2023-09-12,79.05000305175781,79.23999786376953,78.47000122070312,78.47000122070312,76.88351440429688,14000
2023-09-13,78.73999786376953,78.73999786376953,77.58999633789062,77.69000244140625,76.1192855834961,14900
2023-09-14,78.25,78.88999938964844,77.91000366210938,78.81999969482422,77.2264404296875,13200
2023-09-15,78.56999969482422,78.56999969482422,77.47000122070312,77.83000183105469,76.25646209716797,21100
2023-09-18,77.72000122070312,78.11000061035156,77.5999984741211,77.69000244140625,76.2407455444336,19700
2023-09-19,77.97000122070312,77.97000122070312,76.94000244140625,77.05000305175781,75.61270141601562,13700
2023-09-20,77.16999816894531,77.41999816894531,75.81999969482422,75.87000274658203,74.4547119140625,17100
2023-09-21,74.91999816894531,74.91999816894531,74.18000030517578,74.33000183105469,72.94344329833984,63400
2023-09-22,74.79000091552734,74.79000091552734,74.05000305175781,74.0999984741211,72.71771240234375,30500
2023-09-25,73.6500015258789,74.48999786376953,73.6500015258789,74.0999984741211,72.71771240234375,30300
2023-09-26,73.69999694824219,74.05999755859375,73.44000244140625,73.54000091552734,72.16817474365234,22800
2023-09-27,73.98999786376953,74.80999755859375,73.8499984741211,74.5199966430664,73.12987518310547,30600
2023-09-28,74.6500015258789,75.58999633789062,74.62999725341797,75.33999633789062,73.93460083007812,16300
2023-09-29,75.98999786376953,75.98999786376953,74.80000305175781,75.11000061035156,73.7088851928711,23100
2023-10-02,74.8499984741211,74.95999908447266,73.48999786376953,73.79000091552734,72.41351318359375,35700
2023-10-03,73.16000366210938,73.36000061035156,72.06999969482422,72.29000091552734,70.94149780273438,41600
2023-10-04,72.20999908447266,72.80999755859375,71.5199966430664,72.70999908447266,71.3536605834961,238300
2023-10-05,72.33999633789062,73.05000305175781,72.2699966430664,72.83000183105469,71.4714126586914,44900
2023-10-06,72.45999908447266,74.05999755859375,72.3499984741211,73.69000244140625,72.31536865234375,13300
2023-10-09,73.62999725341797,74.76000213623047,73.62999725341797,74.5999984741211,73.20840454101562,16100
2023-10-10,74.33000183105469,75.13999938964844,74.33000183105469,74.51000213623047,73.12007141113281,43300
2023-10-11,74.68000030517578,74.68000030517578,73.79000091552734,74.33000183105469,72.94344329833984,25000
2023-10-12,74.25,74.25,72.19000244140625,72.5,71.14757537841797,54600
2023-10-13,72.91000366210938,72.91000366210938,71.48999786376953,71.73999786376953,70.40174102783203,48000
2023-10-16,72.41000366210938,73.02999877929688,72.30000305175781,72.68000030517578,71.32420349121094,116100
2023-10-17,72.19999694824219,73.94000244140625,72.19999694824219,73.4000015258789,72.03079223632812,46500
2023-10-18,72.33000183105469,72.55999755859375,71.6500015258789,71.83000183105469,70.49006652832031,32300
2023-10-19,71.72000122070312,71.88999938964844,70.58999633789062,70.75,69.43021392822266,35700
2023-10-20,70.83999633789062,70.83999633789062,69.80000305175781,69.87999725341797,68.5764389038086,35600
2023-10-23,69.33999633789062,69.94000244140625,68.94000244140625,69.0199966430664,67.73248291015625,31100
2023-10-24,69.66999816894531,70.31999969482422,69.55000305175781,69.81999969482422,68.51757049560547,35000
2023-10-25,69.55999755859375,69.56999969482422,68.97000122070312,69.08000183105469,67.79137420654297,46000
2023-10-26,68.95999908447266,69.66999816894531,68.69000244140625,69.02999877929688,67.74229431152344,55800
2023-10-27,69.18000030517578,69.19999694824219,68.44000244140625,68.73999786376953,67.45770263671875,31900
2023-10-30,69.25,69.6500015258789,68.68000030517578,69.12000274658203,67.83063507080078,43300
2023-10-31,69.4800033569336,69.73999786376953,68.83000183105469,69.61000061035156,68.31149291992188,57000
2023-11-01,69.77999877929688,70.36000061035156,69.37999725341797,70.30000305175781,68.98860931396484,33400
2023-11-02,71.02999877929688,71.7699966430664,71.02999877929688,71.73999786376953,70.40174102783203,302400
2023-11-03,72.70999908447266,73.72000122070312,72.70999908447266,73.19000244140625,71.82471466064453,50200
2023-11-06,73.4000015258789,73.4000015258789,72.01000213623047,72.48999786376953,71.13774871826172,39300
2023-11-07,72.05000305175781,72.1500015258789,71.63999938964844,71.87999725341797,70.53912353515625,38200
2023-11-08,71.83999633789062,72.01000213623047,71.31999969482422,71.55999755859375,70.22511291503906,46500
2023-11-09,71.83999633789062,72.12000274658203,70.83000183105469,70.87999725341797,69.55778503417969,27200
2023-11-10,71.5999984741211,71.73999786376953,70.69999694824219,71.51000213623047,70.17604064941406,102000
2023-11-13,71.05000305175781,71.72000122070312,71.0199966430664,71.5199966430664,70.18585205078125,33800
2023-11-14,73.30000305175781,75.06999969482422,73.30000305175781,75.06999969482422,73.66963958740234,36900
2023-11-15,75.12999725341797,76.27999877929688,74.9000015258789,75.02999877929688,73.63037872314453,48000
2023-11-16,74.86000061035156,74.86000061035156,73.38999938964844,73.75,72.3742446899414,30700
2023-11-17,74.72000122070312,74.94999694824219,74.31999969482422,74.94000244140625,73.54205322265625,26400
2023-11-20,75.2300033569336,75.4800033569336,75.06999969482422,75.30999755859375,73.90514373779297,29800
2023-11-21,75.30000305175781,75.30000305175781,74.73999786376953,74.83000183105469,73.4341049194336,26700
2023-11-22,75.01000213623047,75.5,74.79000091552734,75.4000015258789,73.99348449707031,54700
2023-11-24,75.36000061035156,76.26000213623047,75.36000061035156,76.0,74.58228302001953,18900
2023-11-27,75.88999938964844,75.94999694824219,75.63999938964844,75.7699966430664,74.3565673828125,35200
2023-11-28,75.3499984741211,75.3499984741211,74.3499984741211,74.58999633789062,73.1985855102539,32100
2023-11-29,75.05999755859375,75.73999786376953,74.6500015258789,74.77999877929688,73.38504028320312,23200
2023-11-30,75.29000091552734,75.97000122070312,75.29000091552734,75.88999938964844,74.47433471679688,19200
2023-12-01,76.12000274658203,77.93000030517578,75.93000030517578,77.87999725341797,76.42720794677734,41200
2023-12-04,77.66000366210938,78.80999755859375,77.66000366210938,78.76000213623047,77.29080963134766,49800
2023-12-05,78.29000091552734,78.51000213623047,77.9000015258789,77.94000244140625,76.486083984375,24300
2023-12-06,78.44000244140625,78.9800033569336,77.12999725341797,77.13999938964844,75.70101928710938,36400
2023-12-07,77.38999938964844,77.93000030517578,77.2699966430664,77.91000366210938,76.45667266845703,25700
2023-12-08,77.80000305175781,79.06999969482422,77.80000305175781,78.77999877929688,77.31041717529297,23800
2023-12-11,78.80000305175781,79.12000274658203,78.29000091552734,78.97000122070312,77.49687957763672,20400
2023-12-12,78.9800033569336,79.19000244140625,78.33000183105469,79.0,77.52631378173828,27400
2023-12-13,79.0,81.16999816894531,78.4000015258789,81.1500015258789,79.63621520996094,32100
2023-12-14,82.33000183105469,83.08000183105469,81.69999694824219,82.69000244140625,81.14749145507812,231800
2023-12-15,82.87000274658203,83.0,81.83999633789062,82.3499984741211,80.81383514404297,33700
2023-12-18,82.23999786376953,82.23999786376953,81.38999938964844,81.7300033569336,81.02598571777344,37500
2023-12-19,82.66000366210938,83.68000030517578,82.66000366210938,83.68000030517578,82.95919036865234,33900
2023-12-20,83.37000274658203,84.30000305175781,81.9000015258789,81.9000015258789,81.19452667236328,51800
2023-12-21,82.93000030517578,83.30000305175781,82.52999877929688,83.30000305175781,82.58245849609375,37800
2023-12-22,83.91000366210938,84.19000244140625,83.30999755859375,83.8499984741211,83.12772369384766,54600
2023-12-26,84.11000061035156,85.23999786376953,84.11000061035156,85.12999725341797,84.39669036865234,31700
2023-12-27,85.38999938964844,85.80000305175781,85.06999969482422,85.55999755859375,84.822998046875,47600
2023-12-28,85.23999786376953,85.6500015258789,84.9000015258789,85.22000122070312,84.48592376708984,74400
2023-12-29,84.94999694824219,85.05999755859375,83.79000091552734,83.79000091552734,83.06824493408203,47900
2024-01-02,83.30999755859375,83.76000213623047,82.52999877929688,83.02999877929688,82.31478881835938,47800
2024-01-03,82.13999938964844,82.37000274658203,80.63999938964844,80.83999633789062,80.14364624023438,69000
2024-01-04,80.79000091552734,81.44000244140625,80.7300033569336,80.7300033569336,80.03460693359375,26500
2024-01-05,80.33000183105469,80.97000122070312,80.08000183105469,80.33000183105469,79.63804626464844,68600
2024-01-08,80.33999633789062,82.37000274658203,80.33999633789062,82.33000183105469,81.62081909179688,22500
2024-01-09,81.44999694824219,82.27999877929688,80.91999816894531,81.9800033569336,81.27384185791016,33500
2024-01-10,81.91000366210938,82.04000091552734,81.27999877929688,81.77999877929688,81.07555389404297,39200
2024-01-11,81.61000061035156,81.61000061035156,80.05999755859375,81.20999908447266,80.51045227050781,29600
2024-01-12,81.76000213623047,82.13999938964844,80.87000274658203,81.12999725341797,80.43115234375,32700
2024-01-16,80.48999786376953,80.8499984741211,79.98999786376953,80.37999725341797,79.6875991821289,70800
2024-01-17,79.36000061035156,80.37999725341797,79.19000244140625,80.37999725341797,79.6875991821289,49500
2024-01-18,80.91000366210938,80.91000366210938,79.55000305175781,80.58999633789062,79.89580535888672,62200
2024-01-19,80.9000015258789,81.01000213623047,79.70999908447266,81.01000213623047,80.31217956542969,39200
2024-01-22,81.48999786376953,83.06999969482422,81.48999786376953,83.06999969482422,82.35443878173828,74600
2024-01-23,83.5199966430664,83.87999725341797,82.1500015258789,82.4000015258789,81.69021606445312,35100
2024-01-24,83.36000061035156,83.36000061035156,81.62999725341797,81.69000244140625,80.98632049560547,34200
2024-01-25,82.87000274658203,83.30000305175781,82.1500015258789,82.69000244140625,81.97771453857422,30300
2024-01-26,83.0199966430664,83.55000305175781,82.79000091552734,83.05999755859375,82.34453582763672,28600
2024-01-29,83.19999694824219,84.95999908447266,83.18000030517578,84.95999908447266,84.22816467285156,29900
2024-01-30,84.61000061035156,84.76000213623047,84.05000305175781,84.54000091552734,83.81178283691406,65000
2024-01-31,84.45999908447266,85.2699966430664,82.98999786376953,83.04000091552734,82.32469177246094,31200
2024-02-01,83.5999984741211,84.77999877929688,83.0199966430664,84.70999908447266,83.9803237915039,39700
2024-02-02,83.88999938964844,84.7699966430664,83.70999908447266,84.47000122070312,83.74237823486328,70100
2024-02-05,83.7699966430664,83.87000274658203,82.66999816894531,83.38999938964844,82.67169189453125,23400
2024-02-06,83.61000061035156,84.06999969482422,83.29000091552734,83.94000244140625,83.21694946289062,57400
2024-02-07,83.95999908447266,84.37000274658203,83.20999908447266,83.98999786376953,83.26651000976562,56700
2024-02-08,84.16000366210938,85.86000061035156,84.0199966430664,85.66999816894531,84.93203735351562,78700
2024-02-09,86.11000061035156,87.62000274658203,86.11000061035156,87.52999877929688,86.77601623535156,60800
2024-02-12,87.8499984741211,89.38999938964844,87.8499984741211,89.23999786376953,88.47129821777344,32400
2024-02-13,86.66999816894531,87.08999633789062,85.11000061035156,85.87000274658203,85.13033294677734,45800
2024-02-14,87.08999633789062,88.52999877929688,86.9800033569336,88.44000244140625,87.67818450927734,46700
2024-02-15,89.18000030517578,89.94999694824219,88.56999969482422,89.83999633789062,89.06612396240234,27400
2024-02-16,89.11000061035156,89.69000244140625,88.7300033569336,89.0199966430664,88.25318908691406,35500
2024-02-20,88.75,88.75,87.18000030517578,87.5,86.74628448486328,48200
2024-02-21,86.79000091552734,87.11000061035156,86.5,87.11000061035156,86.35965728759766,96400
2024-02-22,87.69999694824219,87.94000244140625,86.95999908447266,87.56999969482422,86.81565856933594,114700
2024-02-23,87.5199966430664,88.52999877929688,87.33999633789062,88.11000061035156,87.35102844238281,74400
2024-02-26,88.12999725341797,89.7300033569336,88.12999725341797,89.63999938964844,88.86784362792969,87800
2024-02-27,90.5999984741211,90.8000030517578,90.2300033569336,90.68000030517578,89.89888763427734,135100
2024-02-28,90.4499969482422,90.7699966430664,89.72000122070312,89.87999725341797,89.10578918457031,330200
2024-02-29,91.0199966430664,91.2699966430664,89.91000366210938,90.12999725341795,89.35363006591797,49300
2024-03-01,90.63999938964844,91.05999755859376,90.3499984741211,90.95999908447266,90.17648315429688,27400
2024-03-04,91.94000244140624,91.9800033569336,90.36000061035156,90.36000061035156,89.58164978027344,87500
2024-03-05,90.12000274658205,90.51000213623048,88.98999786376953,89.08999633789062,88.32259368896484,91300
2024-03-06,90.31999969482422,90.3499984741211,89.45999908447266,89.8499984741211,89.07603454589844,108600
2024-03-07,90.43000030517578,90.9499969482422,89.95999908447266,90.01000213623047,89.23464965820312,75100
2024-03-08,90.83999633789062,91.62999725341795,89.31999969482422,89.81999969482422,89.04631042480469,76900
2024-03-11,89.93000030517578,89.93000030517578,88.4000015258789,88.56999969482422,87.80706024169922,45600
2024-03-12,88.81999969482422,89.25,88.08000183105469,89.11000061035156,88.34241485595703,45300
2024-03-13,89.27999877929688,89.93000030517578,89.19999694824219,89.6500015258789,88.87776184082031,34100
2024-03-14,89.52999877929688,89.52999877929688,86.66999816894531,87.52999877929688,86.77601623535156,43500
2024-03-15,87.4800033569336,87.87000274658203,87.33000183105469,87.79000091552734,87.03378295898438,36600
2024-03-18,88.01000213623047,88.01000213623047,86.95999908447266,87.04000091552734,86.33843231201172,45500
2024-03-19,86.41999816894531,88.2300033569336,86.41999816894531,88.02999877929688,87.32044982910156,64200
2024-03-20,88.04000091552734,90.27999877929688,87.55999755859375,90.04000091552734,89.31424713134766,44400
2024-03-21,90.91999816894533,91.62000274658205,90.79000091552734,91.08999633789062,90.35578155517578,76200
2024-03-22,91.11000061035156,91.11000061035156,89.4800033569336,89.5199966430664,88.79843139648438,65800
2024-03-25,89.62000274658203,90.12000274658205,89.19000244140625,89.20999908447266,88.49093627929688,28000
2024-03-26,90.06999969482422,90.06999969482422,88.93000030517578,88.93000030517578,88.21320343017578,38600
2024-03-27,89.98999786376953,90.33000183105467,88.87000274658203,90.33000183105467,89.60191345214844,41800
2024-03-28,90.68000030517578,91.4499969482422,90.47000122070312,90.91000366210938,90.17724609375,25300
2024-04-01,91.37999725341795,91.5,89.5,89.7300033569336,89.00675201416016,46400
2024-04-02,88.63999938964844,88.63999938964844,87.55000305175781,87.87999725341797,87.17166137695312,55100
2024-04-03,87.68000030517578,89.12000274658203,87.55999755859375,88.83000183105469,88.11400604248047,42700
2024-04-04,89.4800033569336,89.81999969482422,87.25,87.43000030517578,86.72528839111328,28200
2024-04-05,87.41999816894531,88.91999816894531,87.41999816894531,88.3499984741211,87.63787078857422,29600
2024-04-08,89.13999938964844,89.13999938964844,88.04000091552734,88.66999816894531,87.9552993774414,45100
2024-04-09,89.22000122070312,89.22000122070312,87.88999938964844,88.51000213623047,87.79658508300781,67700
2024-04-10,86.25,87.1500015258789,85.95999908447266,86.48999786376953,85.79286193847656,37800
2024-04-11,87.0,87.83999633789062,86.62999725341797,87.81999969482422,87.11215209960938,52500
2024-04-12,87.55000305175781,87.55000305175781,85.22000122070312,85.73999786376953,85.04890441894531,43600
2024-04-15,86.30000305175781,86.55000305175781,84.08999633789062,84.41999816894531,83.73954772949219,39200
2024-04-16,83.8499984741211,84.27999877929688,83.2300033569336,83.72000122070312,83.04519653320312,47900
2024-04-17,84.0,84.02999877929688,82.4800033569336,82.55000305175781,81.88462829589844,49200
2024-04-18,82.76000213623047,83.44999694824219,81.7699966430664,81.87999725341797,81.22001647949219,27700
2024-04-19,81.48999786376953,82.63999938964844,80.72000122070312,81.58000183105469,80.92243957519531,56400
2024-04-22,82.18000030517578,82.83000183105469,81.48999786376953,82.37999725341797,81.71598815917969,43600
2024-04-23,82.95999908447266,84.93000030517578,82.37000274658203,84.56999969482422,83.88833618164062,32200
2024-04-24,84.80999755859375,85.27999877929688,83.69999694824219,84.02999877929688,83.35269165039062,26100
2024-04-25,82.5999984741211,83.44000244140625,81.87999725341797,83.31999969482422,82.6484146118164,24600
2024-04-26,83.70999908447266,84.72000122070312,83.5,84.66999816894531,83.98754119873047,21900
2024-04-29,85.19999694824219,85.91999816894531,85.05000305175781,85.54000091552734,84.85052490234375,20800
2024-04-30,84.76000213623047,85.2699966430664,83.75,83.7699966430664,83.09478759765625,31900
2024-05-01,84.26000213623047,86.06999969482422,83.48999786376953,84.61000061035156,83.92802429199219,36300
2024-05-02,85.87000274658203,86.11000061035156,84.80999755859375,86.0999984741211,85.40601348876953,79100
2024-05-03,87.66000366210938,87.8499984741211,86.95999908447266,87.05999755859375,86.3582763671875,28500
2024-05-06,87.5199966430664,87.9800033569336,87.5,87.69999694824219,86.99310302734375,25000
2024-05-07,88.05999755859375,88.55999755859375,87.94000244140625,88.0199966430664,87.3105239868164,31700
2024-05-08,87.13999938964844,87.87999725341797,87.13999938964844,87.66999816894531,86.9633560180664,26300
2024-05-09,87.68000030517578,88.43000030517578,87.23999786376953,88.36000061035156,87.64778900146484,52400
2024-05-10,88.9800033569336,88.9800033569336,87.73999786376953,88.0,87.29069519042969,79400
2024-05-13,88.73999786376953,88.73999786376953,87.41000366210938,87.47000122070312,86.76496887207031,176900
2024-05-14,88.31999969482422,88.31999969482422,87.69999694824219,88.12999725341797,87.41964721679688,20500
2024-05-15,89.08000183105469,89.5999984741211,88.98999786376953,89.43000030517578,88.70917510986328,35200
2024-05-16,89.11000061035156,89.11000061035156,88.37999725341797,88.43000030517578,87.71722412109375,64700
2024-05-17,88.44000244140625,88.54000091552734,87.9000015258789,88.22000122070312,87.50892639160156,55800
2024-05-20,88.23999786376953,89.2699966430664,88.23999786376953,88.97000122070312,88.25288391113281,23400
2024-05-21,88.5999984741211,88.83999633789062,88.43000030517578,88.79000091552734,88.07432556152344,74300
2024-05-22,88.36000061035156,88.66999816894531,87.58999633789062,87.83999633789062,87.1319808959961,35200
2024-05-23,88.33999633789062,88.33999633789062,86.13999938964844,86.44000244140625,85.74327087402344,45300
2024-05-24,86.9000015258789,88.2300033569336,86.9000015258789,88.0199966430664,87.3105239868164,25300
2024-05-28,88.6500015258789,88.76000213623047,87.0999984741211,87.83000183105469,87.12206268310547,37400
2024-05-29,86.86000061035156,87.25,86.52999877929688,87.19000244140625,86.48722839355469,28900
2024-05-30,87.52999877929688,88.5,87.52999877929688,87.98999786376953,87.28076934814453,38400
2024-05-31,88.5999984741211,88.83000183105469,87.2699966430664,88.27999877929688,87.56843566894531,29200
2024-06-03,88.95999908447266,89.0,86.54000091552734,87.3499984741211,86.64593505859375,32900
2024-06-04,86.76000213623047,86.76000213623047,85.55000305175781,85.66999816894531,84.9794692993164,22400
2024-06-05,86.1500015258789,88.0199966430664,85.95999908447266,88.0199966430664,87.3105239868164,32700
2024-06-06,87.69999694824219,87.80999755859375,86.69999694824219,86.98999786376953,86.2888412475586,35300
2024-06-07,86.4000015258789,87.16999816894531,85.94000244140625,86.0999984741211,85.40601348876953,34200
2024-06-10,85.61000061035156,86.93000030517578,85.61000061035156,86.93000030517578,86.22932434082031,33100
2024-06-11,86.0999984741211,86.58999633789062,85.72000122070312,86.2699966430664,85.57463836669922,32100
2024-06-12,88.58999633789062,89.44999694824219,87.93000030517578,88.20999908447266,87.4990005493164,39500
2024-06-13,88.26000213623047,88.27999877929688,86.72000122070312,87.62000274658203,86.91375732421875,31300
2024-06-14,87.01000213623047,87.01000213623047,85.47000122070312,85.80000305175781,85.10843658447266,26200
2024-06-17,85.4000015258789,86.0,85.01000213623047,85.62000274658203,84.92987823486328,32300
2024-06-18,85.69999694824219,86.12000274658203,85.44999694824219,85.79000091552734,85.0985107421875,33800
2024-06-20,85.80000305175781,86.04000091552734,84.63999938964844,84.95999908447266,84.27519989013672,54400
2024-06-21,84.55999755859375,84.86000061035156,84.12999725341797,84.76000213623047,84.0768051147461,26100
2024-06-24,85.0999984741211,85.37000274658203,84.66000366210938,84.75,84.14830780029297,17700
2024-06-25,84.94000244140625,84.94000244140625,84.0999984741211,84.19999694824219,83.60220336914062,43000
2024-06-26,84.16000366210938,84.16000366210938,83.12000274658203,83.94999694824219,83.35397338867188,32800
2024-06-27,84.2699966430664,84.66000366210938,83.80000305175781,84.66000366210938,84.0589370727539,28100
2024-06-28,85.3499984741211,85.63999938964844,84.47000122070312,85.04000091552734,84.43624114990234,27100
2024-07-01,85.05000305175781,85.05000305175781,84.06999969482422,84.52999877929688,83.92985534667969,33800
2024-07-02,84.41000366210938,84.73999786376953,84.33000183105469,84.55999755859375,83.95965576171875,38000
2024-07-03,84.81999969482422,85.5,84.7300033569336,85.05999755859375,84.45610046386719,29900
2024-07-05,85.16000366210938,85.16000366210938,84.18000030517578,84.5199966430664,83.919921875,27600
2024-07-08,85.4800033569336,85.72000122070312,85.16999816894531,85.23999786376953,84.63481903076172,36100
2024-07-09,85.26000213623047,85.58000183105469,84.94999694824219,85.05000305175781,84.44617462158203,22900
2024-07-10,85.37000274658203,85.70999908447266,84.80000305175781,85.62999725341797,85.02205657958984,60400
2024-07-11,87.06999969482422,88.37000274658203,86.79000091552734,88.19999694824219,87.57379913330078,45200
2024-07-12,89.01000213623047,90.0999984741211,88.91000366210938,89.38999938964844,88.75535583496094,82800
2024-07-15,90.05999755859375,92.2300033569336,90.05999755859375,91.80999755859376,91.1581802368164,38700
2024-07-16,92.7300033569336,94.75,92.68000030517578,94.62999725341795,93.9581527709961,122900
2024-07-17,94.19000244140624,95.04000091552734,91.9800033569336,91.9800033569336,91.32698059082033,377900
2024-07-18,91.83999633789062,92.9499969482422,89.52999877929688,90.1500015258789,89.50997161865234,354000
2024-07-19,90.0199966430664,90.7300033569336,89.79000091552734,89.9000015258789,89.2617416381836,88600
2024-07-22,90.51000213623048,92.06999969482422,89.97000122070312,91.98999786376952,91.33689880371094,51400
2024-07-23,91.7300033569336,93.54000091552734,91.55999755859376,93.11000061035156,92.44894409179688,44300
2024-07-24,92.19000244140624,93.25,90.12000274658205,90.12000274658205,89.48017883300781,70200
2024-07-25,90.36000061035156,92.33999633789062,89.70999908447266,90.86000061035156,90.21492767333984,142100
2024-07-26,92.26000213623048,93.0999984741211,91.80999755859376,92.81999969482422,92.1610107421875,47700
2024-07-29,93.33999633789062,93.68000030517578,91.06999969482422,91.58000183105467,90.9298095703125,754200
2024-07-30,92.0199966430664,92.76000213623048,90.5,90.93000030517578,90.284423828125,41300
2024-07-31,92.0500030517578,94.19000244140624,91.27999877929688,92.51000213623048,91.85321044921876,43500
2024-08-01,92.58000183105467,93.08000183105467,88.87000274658203,89.83000183105469,89.1922378540039,57100
2024-08-02,86.26000213623047,86.69000244140625,84.95999908447266,85.62000274658203,85.01213836669922,56200
2024-08-05,80.19999694824219,83.72000122070312,79.36000061035156,82.70999908447266,82.1227798461914,63100
2024-08-06,83.08000183105469,85.38999938964844,82.41999816894531,84.33000183105469,83.73128509521484,100300
2024-08-07,85.94000244140625,85.94000244140625,82.38999938964844,82.69000244140625,82.10292053222656,67600
2024-08-08,83.98999786376953,85.47000122070312,83.44999694824219,85.37000274658203,84.76390075683594,53300
2024-08-09,86.06999969482422,86.08000183105469,85.36000061035156,86.0,85.3894271850586,29200
2024-08-12,86.12999725341797,86.13999938964844,85.25,85.68000030517578,85.07170104980469,55100
2024-08-13,86.27999877929688,87.16999816894531,85.98999786376953,87.12999725341797,86.51140594482422,45400
2024-08-14,87.19000244140625,87.4000015258789,86.20999908447266,86.7699966430664,86.1539535522461,46400
2024-08-15,88.41999816894531,89.91999816894531,88.27999877929688,89.4800033569336,88.8447265625,37300
2024-08-16,89.12000274658203,90.29000091552734,89.0,89.72000122070312,89.08301544189453,28700
2024-08-19,90.05999755859375,91.06999969482422,89.80999755859375,91.06999969482422,90.42342376708984,20400
2024-08-20,90.97000122070312,90.97000122070312,89.05999755859375,89.41999816894531,88.78514862060547,24000
2024-08-21,90.08000183105467,90.8000030517578,89.66000366210938,90.75,90.10569763183594,33200
2024-08-22,91.08999633789062,91.08999633789062,89.70999908447266,89.87000274658203,89.2319564819336,39800
2024-08-23,91.08999633789062,92.9499969482422,90.88999938964844,92.77999877929688,92.12128448486328,87100
2024-08-26,93.7300033569336,93.7300033569336,92.36000061035156,92.63999938964844,91.9822769165039,53200
2024-08-27,91.93000030517578,92.27999877929688,91.52999877929688,92.02999877929688,91.3766098022461,38700
2024-08-28,91.54000091552734,91.75,90.4499969482422,90.83000183105467,90.18513488769533,27200
2024-08-29,91.48999786376952,92.29000091552734,90.8499984741211,91.5,90.85037231445312,28600
2024-08-30,91.58999633789062,92.30999755859376,90.87999725341795,92.30999755859376,91.65461730957033,24900
2024-09-03,91.26000213623048,91.26000213623048,87.79000091552734,88.0,87.37523651123047,38700
2024-09-04,87.9000015258789,88.8499984741211,86.9800033569336,87.91000366210938,87.2858657836914,47700
2024-09-05,87.94999694824219,87.94999694824219,86.51000213623047,86.95999908447266,86.34259796142578,26100
2024-09-06,87.02999877929688,87.2699966430664,84.56999969482422,84.87999725341797,84.27737426757812,25100
2024-09-09,85.45999908447266,86.41000366210938,85.45999908447266,85.7300033569336,85.12134552001953,37900
2024-09-10,86.08000183105469,86.08000183105469,84.30000305175781,85.55999755859375,84.95255279541016,24700
2024-09-11,85.16000366210938,86.83999633789062,84.29000091552734,86.7699966430664,86.1539535522461,34900
2024-09-12,87.44999694824219,88.70999908447266,86.8499984741211,88.3499984741211,87.72274017333984,94000
2024-09-13,89.30999755859375,90.9499969482422,89.30999755859375,90.63999938964844,89.9964828491211,19400
2024-09-16,90.76000213623048,91.22000122070312,90.0999984741211,90.9000015258789,90.254638671875,16900
2024-09-17,91.51000213623048,92.41999816894533,90.94000244140624,91.37999725341795,90.73123168945312,36900
2024-09-18,91.2300033569336,93.58000183105467,91.08999633789062,91.5500030517578,90.9000244140625,40900
2024-09-19,94.2300033569336,94.3499984741211,92.83999633789062,94.3000030517578,93.63050079345705,29000
2024-09-20,94.25,94.33000183105467,93.5999984741211,93.72000122070312,93.05461120605467,23700
2024-09-23,93.62000274658205,93.79000091552734,92.4800033569336,92.69000244140624,92.54045104980467,34700
2024-09-24,93.2300033569336,93.2300033569336,91.55999755859376,92.4499969482422,92.3008270263672,25000
2024-09-25,92.41999816894533,92.6500015258789,91.83999633789062,91.9000015258789,91.75171661376952,33900
2024-09-26,93.1500015258789,93.1500015258789,91.62000274658205,91.76000213623048,91.61195373535156,46600
2024-09-27,92.58999633789062,92.95999908447266,91.86000061035156,92.3499984741211,92.20098876953124,22200
2024-09-30,92.0999984741211,93.11000061035156,92.0999984741211,92.87000274658205,92.72016143798828,18700
2024-10-01,91.45999908447266,91.97000122070312,90.76000213623048,91.62000274658205,91.47217559814452,32100
2024-10-02,90.8499984741211,91.6500015258789,90.6999969482422,91.41999816894533,91.27249145507812,28300
2024-10-03,90.93000030517578,91.47000122070312,90.30999755859376,90.73999786376952,90.59358978271484,72900
2024-10-04,92.0999984741211,92.4000015258789,91.33000183105467,92.4000015258789,92.25091552734376,27700
2024-10-07,91.9499969482422,91.9499969482422,90.29000091552734,91.0,90.8531723022461,21200
2024-10-08,91.22000122070312,92.1500015258789,91.22000122070312,91.83000183105467,91.68182373046876,16000
2024-10-09,91.69000244140624,92.30999755859376,91.5,91.79000091552734,91.64189910888672,28600
2024-10-10,91.08999633789062,91.08999633789062,90.22000122070312,90.9000015258789,90.75333404541016,41600
2024-10-11,90.80999755859376,93.25,90.80999755859376,93.12999725341795,92.979736328125,17500
2024-10-14,93.36000061035156,93.81999969482422,93.16999816894533,93.81999969482422,93.66862487792967,14100
2024-10-15,93.63999938964844,94.55999755859376,93.22000122070312,94.05999755859376,93.9082260131836,17300
2024-10-16,94.66000366210938,95.70999908447266,94.61000061035156,95.70999908447266,95.55557250976562,23300
2024-10-17,95.68000030517578,95.9000015258789,95.0,95.0,94.84671783447266,19500
2024-10-18,95.0,95.38999938964844,94.98999786376952,95.02999877929688,94.8766632080078,19300
2024-10-21,95.16999816894533,95.16999816894533,93.54000091552734,93.73999786376952,93.58875274658205,20000
2024-10-22,93.4800033569336,93.4800033569336,92.9499969482422,92.9499969482422,92.80001831054688,21900
2024-10-23,92.5,92.79000091552734,91.3000030517578,92.20999908447266,92.06121063232422,25000
2024-10-24,92.61000061035156,92.87000274658205,91.95999908447266,92.26000213623048,92.11114501953124,47500
2024-10-25,93.01000213623048,93.01000213623048,91.83000183105467,91.9499969482422,91.80162811279295,25100
2024-10-28,92.72000122070312,93.6500015258789,92.72000122070312,93.2699966430664,93.1195068359375,17800
2024-10-29,92.73999786376952,93.23999786376952,92.36000061035156,93.23999786376952,93.0895538330078,16100
2024-10-30,93.2300033569336,94.12999725341795,93.06999969482422,93.45999908447266,93.30919647216795,17100
2024-10-31,93.2300033569336,93.2300033569336,91.25,91.2699966430664,91.12272644042967,29100
2024-11-01,91.94000244140624,92.48999786376952,91.47000122070312,91.88999938964844,91.74172973632812,58200
2024-11-04,91.8000030517578,92.9800033569336,91.55999755859376,92.33999633789062,92.19100952148438,35900
2024-11-05,92.3499984741211,94.20999908447266,92.3499984741211,94.0500030517578,93.89824676513672,20200
2024-11-06,98.5999984741211,99.5199966430664,97.41000366210938,99.5199966430664,99.3594207763672,81200
2024-11-07,99.41000366210938,99.95999908447266,98.81999969482422,99.19000244140624,99.02996063232422,30500
2024-11-08,99.9800033569336,102.12000274658205,99.3000030517578,102.12000274658205,101.95523071289062,55000
2024-11-11,103.4000015258789,104.02999877929688,103.04000091552734,103.94000244140624,103.77229309082033,48600
2024-11-12,103.38999938964844,103.81999969482422,101.0999984741211,101.4000015258789,101.23638916015624,65000
2024-11-13,102.48999786376952,102.7699966430664,100.1999969482422,100.41000366210938,100.24798583984376,41300
2024-11-14,100.77999877929688,100.77999877929688,98.18000030517578,98.41999816894533,98.26119232177734,24600
2024-11-15,98.52999877929688,98.52999877929688,96.20999908447266,96.4800033569336,96.32433319091795,33900
2024-11-18,96.9000015258789,97.55999755859376,96.08000183105467,96.76000213623048,96.6038818359375,31900
2024-11-19,95.91999816894533,98.88999938964844,95.91999816894533,98.88999938964844,98.7304458618164,27000
2024-11-20,99.20999908447266,99.20999908447266,97.8000030517578,98.79000091552734,98.63059997558594,23600
2024-11-21,99.5,101.18000030517578,98.93000030517578,100.69000244140624,100.52753448486328,71600
2024-11-22,101.3000030517578,102.69000244140624,101.0999984741211,102.69000244140624,102.5243148803711,24400
2024-11-25,103.6999969482422,104.4499969482422,103.19000244140624,103.37999725341795,103.21319580078124,36800
2024-11-26,103.20999908447266,103.51000213623048,102.5500030517578,103.4499969482422,103.2830810546875,35700
2024-11-27,104.06999969482422,104.45999908447266,102.63999938964844,103.0199966430664,102.8537826538086,36400
2024-11-29,103.43000030517578,103.43000030517578,102.33999633789062,102.76000213623048,102.59420776367188,10300
2024-12-02,102.76000213623048,102.81999969482422,102.0999984741211,102.4800033569336,102.31465911865234,19300
2024-12-03,102.3000030517578,102.33999633789062,101.16000366210938,101.41000366210938,101.24637603759766,27800
2024-12-04,102.0199966430664,102.2699966430664,101.3000030517578,102.04000091552734,101.87535858154295,20200
2024-12-05,101.86000061035156,101.86000061035156,100.54000091552734,100.69000244140624,100.52753448486328,35000
2024-12-06,101.5999984741211,101.5999984741211,100.44000244140624,100.86000061035156,100.697265625,21000
2024-12-09,101.58999633789062,101.58999633789062,98.5,98.58000183105467,98.4209442138672,24800
2024-12-10,98.47000122070312,98.91999816894533,98.0500030517578,98.25,98.09147644042967,23600
2024-12-11,99.31999969482422,99.7300033569336,98.6500015258789,99.19000244140624,99.02996063232422,21900
2024-12-12,98.83999633789062,99.04000091552734,97.13999938964844,97.23999786376952,97.08309936523438,30200
2024-12-13,97.2699966430664,97.5199966430664,95.9499969482422,96.33999633789062,96.1845474243164,22300
2024-12-16,96.52999877929688,97.63999938964844,96.38999938964844,97.31999969482422,97.16297912597656,36200
2024-12-17,96.93000030517578,96.93000030517578,95.3000030517578,96.1500015258789,95.99485778808594,28400
2024-12-18,96.9000015258789,96.9000015258789,90.41000366210938,91.4000015258789,91.25252532958984,40300
2024-12-19,92.52999877929688,93.08000183105467,91.23999786376952,91.62999725341795,91.4821548461914,48800
2024-12-20,90.91000366210938,93.36000061035156,90.72000122070312,92.66000366210938,92.510498046875,46400
2024-12-23,92.70999908447266,92.70999908447266,91.25,92.08000183105467,92.00391387939452,44500
2024-12-24,92.33000183105467,92.58999633789062,91.47000122070312,92.58999633789062,92.51348876953124,22800
2024-12-26,92.63999938964844,93.86000061035156,92.0999984741211,93.86000061035156,93.78244018554688,39800
2024-12-27,93.36000061035156,93.36000061035156,91.01000213623048,92.0500030517578,91.97394561767578,32900
2024-12-30,90.83999633789062,91.7699966430664,89.77999877929688,91.41000366210938,91.33447265625,34700
2024-12-31,91.76000213623048,92.0500030517578,90.94000244140624,91.29000091552734,91.21456146240234,29500
2025-01-02,91.43000030517578,92.55999755859376,90.45999908447266,91.91999816894533,91.84404754638672,29400
2025-01-03,92.3499984741211,93.79000091552734,92.3499984741211,93.79000091552734,93.7125015258789,22200
2025-01-06,94.38999938964844,94.61000061035156,93.37000274658205,93.5500030517578,93.4727020263672,26700
2025-01-07,94.0199966430664,94.0999984741211,90.47000122070312,91.68000030517578,91.604248046875,33700
2025-01-08,89.98999786376953,89.98999786376953,88.44999694824219,89.8499984741211,89.7757568359375,36100
2025-01-10,88.31999969482422,88.31999969482422,86.98999786376953,87.58000183105469,87.50763702392578,128300
2025-01-13,86.01000213623047,86.68000030517578,85.55999755859375,86.58000183105469,86.50846099853516,60600
2025-01-14,88.23999786376953,88.86000061035156,87.3499984741211,88.86000061035156,88.78657531738281,913100
2025-01-15,90.9000015258789,91.41999816894533,90.66000366210938,91.33999633789062,91.26451873779295,685800
2025-01-16,91.54000091552734,91.91000366210938,91.02999877929688,91.76000213623048,91.6841812133789,516800
2025-01-17,92.8000030517578,92.8000030517578,91.6500015258789,92.05999755859376,91.9839324951172,111200
2025-01-21,92.83000183105467,95.41000366210938,92.83000183105467,95.41000366210938,95.33116149902344,81600
2025-01-22,95.52999877929688,95.68000030517578,94.62000274658205,95.20999908447266,95.1313247680664,53600
2025-01-23,94.61000061035156,95.41000366210938,94.30999755859376,95.4000015258789,95.3211669921875,101000
2025-01-24,95.44000244140624,95.47000122070312,94.41000366210938,94.68000030517578,94.6017608642578,33100
2025-01-27,92.38999938964844,92.95999908447266,90.4499969482422,91.0,90.92481231689452,83000
2025-01-28,91.58999633789062,92.12999725341795,90.8000030517578,92.08000183105467,92.00391387939452,93400
2025-01-29,91.94000244140624,92.72000122070312,91.5999984741211,92.0999984741211,92.02389526367188,38300
2025-01-30,93.5199966430664,94.75,93.18000030517578,93.83999633789062,93.762451171875,134500
2025-01-31,94.26000213623048,94.66999816894533,92.41000366210938,92.91999816894533,92.8432159423828,46600
2025-02-03,89.98999786376953,92.16999816894533,89.98999786376953,91.73999786376952,91.66419219970705,47500
2025-02-04,92.0,93.41000366210938,92.0,93.41000366210938,93.33281707763672,34600
2025-02-05,93.8499984741211,94.88999938964844,93.8499984741211,94.75,94.67171478271484,31200
2025-02-06,95.20999908447266,95.33999633789062,93.93000030517578,94.4499969482422,94.37195587158205,20100
2025-02-07,94.4499969482422,94.76000213623048,92.86000061035156,93.02999877929688,92.953125,35500
2025-02-10,93.9000015258789,94.0,93.04000091552734,93.72000122070312,93.6425552368164,20500
2025-02-11,92.98999786376952,93.06999969482422,92.08000183105467,92.2699966430664,92.19375610351562,23200
2025-02-12,90.66000366210938,92.08999633789062,90.66000366210938,91.83000183105467,91.75411987304688,39500
2025-02-13,92.66000366210938,93.05999755859376,91.58000183105467,93.05999755859376,92.9831085205078,22400
2025-02-14,93.44000244140624,93.51000213623048,92.69000244140624,93.12000274658205,93.04305267333984,25300
2025-02-18,93.37999725341795,93.58000183105467,92.38999938964844,92.9499969482422,92.8731918334961,22300
2025-02-19,92.77999877929688,92.77999877929688,91.91000366210938,92.2300033569336,92.15379333496094,25600
2025-02-20,91.86000061035156,91.86000061035156,89.55000305175781,90.5,90.42522430419922,65900
2025-02-21,91.0999984741211,91.0999984741211,86.44000244140625,86.44000244140625,86.36858367919922,25700
2025-02-24,86.81999969482422,87.2300033569336,84.58999633789062,85.19999694824219,85.12959289550781,79500
2025-02-25,85.19999694824219,85.25,83.22000122070312,84.43000030517578,84.36023712158203,30800
2025-02-26,84.94000244140625,86.5999984741211,84.94000244140625,85.73999786376953,85.66915130615234,27400
2025-02-27,86.08000183105469,86.08000183105469,83.58000183105469,83.76000213623047,83.69078826904297,37500
2025-02-28,83.16999816894531,85.19000244140625,83.11000061035156,85.19000244140625,85.11961364746094,35000
2025-03-03,85.88999938964844,85.88999938964844,81.5,81.97000122070312,81.90227508544922,60300
2025-03-04,80.41000366210938,82.27999877929688,78.7699966430664,80.88999938964844,80.82315826416016,167400
2025-03-05,80.6500015258789,81.81999969482422,80.06999969482422,81.81999969482422,81.75238800048828,39600
2025-03-06,80.01000213623047,81.08000183105469,78.77999877929688,79.29000091552734,79.2244873046875,49000
2025-03-07,79.26000213623047,79.94000244140625,76.87999725341797,79.55000305175781,79.4842758178711,55200
2025-03-10,77.77999877929688,78.04000091552734,75.05000305175781,76.23999786376953,76.177001953125,64800
2025-03-11,76.36000061035156,78.05999755859375,75.7699966430664,77.33999633789062,77.27609252929688,36100
2025-03-12,78.54000091552734,79.36000061035156,77.06999969482422,78.18000030517578,78.11540985107422,37700
2025-03-13,78.16999816894531,78.16999816894531,75.87000274658203,76.44999694824219,76.38682556152344,49300
2025-03-14,77.73999786376953,79.22000122070312,77.62000274658203,79.22000122070312,79.154541015625,62000
2025-03-17,78.91999816894531,80.01000213623047,78.91999816894531,79.44999694824219,79.38434600830078,25400
2025-03-18,78.80999755859375,78.91000366210938,78.16999816894531,78.45999908447266,78.39517211914062,55000
2025-03-19,78.81999969482422,81.18000030517578,78.81999969482422,80.83999633789062,80.77320098876953,27600
2025-03-20,79.91999816894531,81.29000091552734,79.91999816894531,80.11000061035156,80.04380798339844,25800
2025-03-21,78.9800033569336,79.9800033569336,78.86000061035156,79.9800033569336,79.9139175415039,14700
2025-03-24,81.47000122070312,82.62999725341797,81.47000122070312,82.47000122070312,82.4554672241211,46200
2025-03-25,82.5999984741211,82.5999984741211,81.83000183105469,82.19999694824219,82.18550872802734,28400
2025-03-26,82.0999984741211,82.0999984741211,80.11000061035156,80.47000122070312,80.45581817626953,35400
2025-03-27,80.1500015258789,80.58000183105469,79.54000091552734,79.75,79.73594665527344,31900
2025-03-28,79.44000244140625,79.61000061035156,77.23999786376953,77.70999908447266,77.69630432128906,86800
2025-03-31,76.66000366210938,78.29000091552734,75.55999755859375,77.9800033569336,77.96626281738281,30700
2025-04-01,77.54000091552734,78.55999755859375,76.73999786376953,77.62000274658203,77.6063232421875,43000
2025-04-02,76.55999755859375,79.19000244140625,76.55999755859375,79.12999725341797,79.11605834960938,42000
2025-04-03,75.12000274658203,75.86000061035156,73.9800033569336,74.5999984741211,74.58685302734375,59700
2025-04-04,71.58000183105469,72.06999969482422,69.2699966430664,70.62999725341797,70.61754608154297,327400
2025-04-07,67.8499984741211,72.98999786376953,66.98999786376953,70.37999725341797,70.36759185791016,112700
2025-04-08,73.22000122070312,73.22000122070312,67.87000274658203,68.68000030517578,68.66790008544922,168400
2025-04-09,67.88999938964844,74.95999908447266,66.94000244140625,73.83999633789062,73.82698059082031,75600
2025-04-10,72.0,72.18000030517578,69.51000213623047,71.3499984741211,71.3374252319336,38200
2025-04-11,70.80000305175781,72.36000061035156,70.0,72.2300033569336,72.21727752685547,32300
2025-04-14,73.79000091552734,73.93000030517578,72.4000015258789,73.61000061035156,73.59703063964844,37600
2025-04-15,73.66999816894531,74.79000091552734,73.58000183105469,74.01000213623047,73.99695587158203,24600
2025-04-16,73.51000213623047,73.9800033569336,72.55999755859375,73.54000091552734,73.52703857421875,107500
2025-04-17,73.80999755859375,74.30999755859375,73.45999908447266,73.88999938964844,73.8769760131836,33600
2025-04-21,73.19000244140625,73.19000244140625,71.19000244140625,71.75,71.73735809326172,103800
2025-04-22,72.94000244140625,73.97000122070312,72.55999755859375,73.80999755859375,73.79698944091797,25100
2025-04-23,75.52999877929688,76.51000213623047,74.68000030517578,74.86000061035156,74.84680938720703,42900
2025-04-24,74.86000061035156,76.31999969482422,74.70999908447266,76.22000122070312,76.2065658569336,66900
2025-04-25,75.66999816894531,76.19999694824219,74.9800033569336,76.16999816894531,76.15657806396484,41400
2025-04-28,76.41000366210938,77.0,75.63999938964844,76.58999633789062,76.57649993896484,64100
2025-04-29,76.23999786376953,77.41000366210938,75.88999938964844,77.2300033569336,77.21639251708984,61500
2025-04-30,76.0,76.9000015258789,75.41999816894531,76.58000183105469,76.5665054321289,52500
2025-05-01,76.93000030517578,77.52999877929688,76.22000122070312,76.97000122070312,76.95643615722656,23900
2025-05-02,78.11000061035156,78.98999786376953,77.83000183105469,78.7300033569336,78.71612548828125,18400
2025-05-05,77.94000244140625,78.61000061035156,77.69999694824219,78.0,77.98625946044922,41900
2025-05-06,77.26000213623047,77.68000030517578,76.87999725341797,77.18000030517578,77.16639709472656,18200
2025-05-07,77.6500015258789,78.52999877929688,77.6500015258789,78.08999633789062,78.07623291015625,35300
2025-05-08,78.97000122070312,80.44000244140625,78.33999633789062,79.69000244140625,79.67596435546875,43500
2025-05-09,79.66999816894531,80.2300033569336,79.27999877929688,79.44000244140625,79.4260025024414,33000
2025-05-12,81.88999938964844,82.19000244140625,80.55999755859375,81.3499984741211,81.33566284179688,64300
2025-05-13,81.69000244140625,82.25,81.47000122070312,81.87000274658203,81.85557556152344,32700
2025-05-14,81.69999694824219,81.69999694824219,80.95999908447266,81.1500015258789,81.13569641113281,24200
2025-05-15,80.91999816894531,81.72000122070312,80.66000366210938,81.72000122070312,81.70559692382812,43800
2025-05-16,81.5199966430664,82.58000183105469,81.5199966430664,82.58000183105469,82.56544494628906,40100
2025-05-19,81.38999938964844,82.70999908447266,81.38999938964844,82.70999908447266,82.69541931152344,25700
2025-05-20,82.7300033569336,82.83999633789062,82.3499984741211,82.66999816894531,82.65542602539062,69400
2025-05-21,81.77999877929688,82.01000213623047,80.33999633789062,80.55999755859375,80.5457992553711,52500
2025-05-22,80.4000015258789,80.7699966430664,80.06999969482422,80.27999877929688,80.2658462524414,48700
2025-05-23,78.9800033569336,80.6500015258789,78.9800033569336,80.44000244140625,80.42582702636719,26300
2025-05-27,81.80000305175781,82.18000030517578,81.0,82.06999969482422,82.0555419921875,32100
2025-05-28,81.9800033569336,82.25,81.0999984741211,81.2300033569336,81.21569061279297,40100
2025-05-29,81.68000030517578,81.68000030517578,80.93000030517578,81.55000305175781,81.53562927246094,19600
2025-05-30,81.0,81.62000274658203,80.55999755859375,81.22000122070312,81.2056884765625,40600
2025-06-02,81.5199966430664,81.66999816894531,80.52999877929688,81.58000183105469,81.56562042236328,47100
2025-06-03,81.5999984741211,82.4800033569336,81.20999908447266,82.2699966430664,82.2554931640625,33800
2025-06-04,82.19000244140625,82.47000122070312,81.7300033569336,81.80000305175781,81.78559112548828,19500
2025-06-05,81.87999725341797,82.47000122070312,81.3499984741211,81.94000244140625,81.92556762695312,27900
2025-06-06,83.11000061035156,83.68000030517578,82.83999633789062,83.68000030517578,83.66525268554688,19500
2025-06-09,83.2300033569336,83.56999969482422,82.79000091552734,83.3499984741211,83.33531188964844,12500
2025-06-10,83.48999786376953,83.7300033569336,83.23999786376953,83.5,83.48528289794922,19600
2025-06-11,83.76000213623047,84.20999908447266,83.43000030517578,83.43000030517578,83.41529846191406,24500
2025-06-12,82.95999908447266,83.66000366210938,82.80000305175781,83.66000366210938,83.64525604248047,17200
2025-06-13,82.61000061035156,82.9800033569336,82.06999969482422,82.06999969482422,82.0555419921875,9500
2025-06-16,83.0,83.5,82.7699966430664,82.83000183105469,82.81539916992188,12000
2025-06-17,82.47000122070312,82.66999816894531,81.83000183105469,81.83000183105469,81.8155746459961,19900
2025-06-18,81.8499984741211,82.80000305175781,81.8499984741211,82.12999725341797,82.11552429199219,14100
2025-06-20,82.44000244140625,82.6500015258789,81.87999725341797,81.97000122070312,81.95555114746094,21100
2025-06-23,81.80999755859375,83.33999633789062,81.25,83.33999633789062,83.33547973632812,21600
2025-06-24,83.87000274658203,84.37000274658203,83.48999786376953,84.11000061035156,84.10543823242188,25600
2025-06-25,84.27999877929688,84.27999877929688,83.16999816894531,83.19999694824219,83.19548797607422,21300
2025-06-26,83.44000244140625,84.69000244140625,83.41999816894531,84.69000244140625,84.68540954589844,32900
2025-06-27,84.7300033569336,85.41000366210938,84.25,84.8499984741211,84.84539794921875,23400
2025-06-30,85.22000122070312,85.48999786376953,84.86000061035156,84.86000061035156,84.85540008544922,23100
2025-07-01,84.36000061035156,84.91000366210938,83.5199966430664,83.83000183105469,83.82545471191406,53800
2025-07-02,84.04000091552734,84.79000091552734,83.66000366210938,84.79000091552734,84.785400390625,90100
2025-07-03,84.87999725341797,86.0199966430664,84.87999725341797,86.0199966430664,86.01532745361328,19000
2025-07-07,85.51000213623047,85.69999694824219,84.75,85.37000274658203,85.36537170410156,34200
2025-07-08,85.66999816894531,85.66999816894531,84.55999755859375,84.69000244140625,84.68540954589844,21800
2025-07-09,84.94000244140625,85.2699966430664,84.44000244140625,85.2699966430664,85.26537322998047,29400
2025-07-10,85.27999877929688,85.30999755859375,84.44999694824219,84.94000244140625,84.93539428710938,21400
2025-07-11,84.02999877929688,84.56999969482422,83.47000122070312,83.54000091552734,83.53546905517578,35700
2025-07-14,83.3499984741211,84.83999633789062,83.3499984741211,84.83999633789062,84.83539581298828,20900
2025-07-15,84.5199966430664,84.70999908447266,83.38999938964844,83.38999938964844,83.3854751586914,20000
2025-07-16,83.9000015258789,84.36000061035156,82.52999877929688,84.30999755859375,84.30542755126953,44100
2025-07-17,84.4800033569336,85.62999725341797,84.4800033569336,85.4800033569336,85.4753646850586,8600
2025-07-18,86.05000305175781,86.05000305175781,85.16000366210938,85.37000274658203,85.36537170410156,37300
2025-07-21,85.69999694824219,85.79000091552734,84.5199966430664,84.55999755859375,84.55541229248047,15600
2025-07-22,84.4800033569336,84.63999938964844,83.5999984741211,84.33999633789062,84.33541870117188,22100
2025-07-23,84.8499984741211,85.7300033569336,84.8499984741211,85.72000122070312,85.7153549194336,28300
2025-07-24,85.75,85.75,84.75,84.80000305175781,84.79540252685547,25500
2025-07-25,85.0,85.37000274658203,84.66999816894531,85.26000213623047,85.25537872314453,17800
2025-07-28,85.2699966430664,85.2699966430664,84.76000213623047,85.13999938964844,85.13538360595703,15300
2025-07-29,85.61000061035156,85.63999938964844,84.29000091552734,84.45999908447266,84.4554214477539,35600
2025-07-30,84.87000274658203,85.69000244140625,84.04000091552734,84.58000183105469,84.5754165649414,20800
2025-07-31,84.56999969482422,85.27999877929688,84.19999694824219,84.44000244140625,84.4354248046875,18300
2025-08-01,82.83999633789062,83.4000015258789,81.43000030517578,82.80999755859375,82.80550384521484,28700
2025-08-04,83.3499984741211,84.93000030517578,83.3499984741211,84.86000061035156,84.85540008544922,14000
2025-08-05,85.41999816894531,85.8499984741211,84.30000305175781,85.3499984741211,85.34536743164062,23800
2025-08-06,85.51000213623047,85.51000213623047,84.37000274658203,85.47000122070312,85.46536254882812,27600
2025-08-07,86.41999816894531,86.51000213623047,84.3499984741211,85.01000213623047,85.0053939819336,26100
2025-08-08,85.69999694824219,85.69999694824219,84.94999694824219,85.19000244140625,85.18537902832031,26600
2025-08-11,85.70999908447266,85.70999908447266,85.30000305175781,85.41000366210938,85.4053726196289,12700
2025-08-12,86.04000091552734,87.9000015258789,86.0199966430664,87.9000015258789,87.89523315429688,15400
2025-08-13,88.27999877929688,88.83999633789062,87.48999786376953,88.77999877929688,88.77518463134766,24900
2025-08-14,87.70999908447266,88.08000183105469,87.05000305175781,87.54000091552734,87.5352554321289,13500
2025-08-15,87.52999877929688,87.52999877929688,86.44000244140625,86.80999755859375,86.80529022216797,15200
2025-08-18,86.73999786376953,87.18000030517578,86.73999786376953,87.01000213623047,87.00527954101562,13300
2025-08-19,86.8499984741211,86.8499984741211,85.48999786376953,85.68000030517578,85.67535400390625,35700
2025-08-20,85.48999786376953,85.87000274658203,84.41999816894531,85.80999755859375,85.80534362792969,13100
2025-08-21,85.31999969482422,86.63999938964844,85.2300033569336,86.47000122070312,86.4653091430664,36300
2025-08-22,86.83000183105469,89.52999877929688,86.83000183105469,89.31999969482422,89.31515502929688,16600
2025-08-25,89.0,89.62000274658203,88.70999908447266,88.73999786376953,88.73518371582031,19100
2025-08-26,88.91999816894531,89.80000305175781,88.8499984741211,89.79000091552734,89.7851333618164,32500
2025-08-27,89.4000015258789,90.19000244140624,89.23999786376953,89.91999816894531,89.91512298583984,23400
2025-08-28,90.2699966430664,90.55999755859376,90.2300033569336,90.26000213623048,90.2551040649414,17800
2025-08-29,90.2300033569336,90.2300033569336,88.81999969482422,89.16000366210938,89.15516662597656,18500
2025-09-02,87.68000030517578,88.62999725341797,87.5199966430664,88.62999725341797,88.62519073486328,11500
2025-09-03,88.58000183105469,88.8499984741211,87.9800033569336,88.37999725341797,88.37520599365234,13500
2025-09-04,88.5199966430664,89.41999816894531,88.5199966430664,89.37999725341797,89.37515258789062,17400
2025-09-05,90.1500015258789,90.16999816894533,88.33999633789062,89.41000366210938,89.4051513671875,11600
2025-09-08,89.66000366210938,90.04000091552734,89.45999908447266,89.94000244140625,89.93512725830078,14200
2025-09-09,89.80000305175781,89.80000305175781,88.70999908447266,89.5999984741211,89.59513854980469,21600
2025-09-10,90.13999938964844,90.26000213623048,88.76000213623047,89.12000274658203,89.11516571044922,12900
2025-09-11,89.08999633789062,90.88999938964844,89.08999633789062,90.88999938964844,90.88507080078124,14700
2025-09-12,90.45999908447266,90.45999908447266,90.02999877929688,90.02999877929688,90.02511596679688,24200
2025-09-15,90.43000030517578,90.43000030517578,89.91000366210938,90.13999938964844,90.1351089477539,21900
2025-09-16,89.7699966430664,89.83000183105469,89.04000091552734,89.66999816894531,89.6651382446289,47200
2025-09-17,89.62999725341797,91.27999877929688,89.5,89.75,89.74513244628906,24600
2025-09-18,90.5999984741211,92.66999816894533,90.5999984741211,92.5199966430664,92.51497650146484,16600
2025-09-19,92.56999969482422,92.8499984741211,92.22000122070312,92.22000122070312,92.21499633789062,16600
2025-09-22,91.9499969482422,93.16000366210938,91.6500015258789,93.08999633789062,93.08999633789062,17500
2025-09-23,93.58999633789062,93.83999633789062,92.6500015258789,92.75,92.75,19700
2025-09-24,93.16999816894533,93.16999816894533,91.48999786376952,91.5500030517578,91.5500030517578,36800
2025-09-25,90.3000030517578,91.13999938964844,89.88999938964844,90.93000030517578,90.93000030517578,52800
2025-09-26,91.56999969482422,91.8000030517578,90.9499969482422,91.72000122070312,91.72000122070312,16200
2025-09-29,92.7699966430664,92.7699966430664,91.88999938964844,92.16000366210938,92.16000366210938,14100
2025-09-30,92.11000061035156,92.27999877929688,91.51000213623048,92.16000366210938,92.16000366210938,11300
2025-10-01,91.68000030517578,92.68000030517578,91.68000030517578,92.48999786376952,92.48999786376952,17200
2025-10-02,92.69000244140624,93.38999938964844,92.23999786376952,93.31999969482422,93.31999969482422,24800
2025-10-03,93.9000015258789,94.69000244140624,93.79000091552734,94.01000213623048,94.01000213623048,11200
2025-10-06,95.38999938964844,95.68000030517578,94.41999816894533,94.41999816894533,94.41999816894533,11300
2025-10-07,94.87000274658205,94.87000274658205,92.4800033569336,93.41000366210938,93.41000366210938,21900
2025-10-08,94.18000030517578,94.72000122070312,93.77999877929688,94.58999633789062,94.58999633789062,15200
2025-10-09,94.63999938964844,94.83999633789062,94.04000091552734,94.38999938964844,94.38999938964844,17500
2025-10-10,94.9800033569336,95.23999786376952,91.68000030517578,91.68000030517578,91.68000030517578,14600
2025-10-13,93.81999969482422,94.5999984741211,93.5,94.5999984741211,94.5999984741211,11100
2025-10-14,93.12000274658205,96.80999755859376,93.12000274658205,96.12999725341795,96.12999725341795,74400
2025-10-15,97.61000061035156,97.94000244140624,96.37999725341795,97.16000366210938,97.16000366210938,18000
2025-10-16,98.05999755859376,98.05999755859376,94.0500030517578,94.2699966430664,94.2699966430664,16100
2025-10-17,93.5500030517578,93.83999633789062,92.66000366210938,93.0500030517578,93.0500030517578,8700
2025-10-20,95.19000244140624,95.87999725341795,94.45999908447266,95.83000183105467,95.83000183105467,14000
2025-10-21,95.3499984741211,95.3499984741211,94.3499984741211,94.51000213623048,94.51000213623048,18900
2025-10-22,94.08999633789062,94.08999633789062,91.08999633789062,92.5500030517578,92.5500030517578,20700
2025-10-23,93.33000183105467,94.13999938964844,93.33000183105467,93.62999725341795,93.62999725341795,11400
2025-10-24,95.0,96.12000274658205,95.0,95.37000274658205,95.37000274658205,11600
2025-10-27,96.25,96.25,95.11000061035156,95.3000030517578,95.3000030517578,10900
2025-10-28,95.16000366210938,95.79000091552734,94.5199966430664,94.70999908447266,94.70999908447266,18000
2025-10-29,95.4800033569336,95.7699966430664,93.37000274658205,93.97000122070312,93.97000122070312,11900
2025-10-30,93.58999633789062,94.5199966430664,93.5,93.58000183105467,93.58000183105467,13500
2025-10-31,93.70999908447266,94.38999938964844,93.23999786376952,94.02999877929688,94.02999877929688,11900
2025-11-03,94.30999755859376,94.30999755859376,92.86000061035156,93.7699966430664,93.7699966430664,14200
2025-11-04,91.58999633789062,93.0500030517578,91.37000274658205,91.8000030517578,91.8000030517578,10300
2025-11-05,92.06999969482422,93.4499969482422,91.83000183105467,93.05999755859376,93.05999755859376,13700
2025-11-06,92.0199966430664,92.0199966430664,90.41000366210938,90.41000366210938,90.41000366210938,11600
2025-11-07,89.2300033569336,91.20999908447266,88.73999786376953,91.1500015258789,91.1500015258789,22800
2025-11-10,93.56999969482422,93.7699966430664,92.33000183105467,93.08000183105467,93.08000183105467,17900
2025-11-11,92.7300033569336,93.0999984741211,92.0,92.91999816894533,92.91999816894533,58700
2025-11-12,93.13999938964844,94.0199966430664,92.5999984741211,93.05999755859376,93.05999755859376,24400
2025-11-13,92.44000244140624,92.44000244140624,90.0999984741211,90.3499984741211,90.3499984741211,20600
2025-11-14,89.7300033569336,92.97000122070312,89.7300033569336,92.12000274658205,92.12000274658205,38900
2025-11-17,92.12000274658205,92.38999938964844,90.11000061035156,90.37999725341795,90.37999725341795,30600
2025-11-18,89.48999786376953,91.70999908447266,89.48999786376953,91.06999969482422,91.06999969482422,14100
2025-11-19,91.51000213623048,92.47000122070312,91.12999725341795,91.27999877929688,91.27999877929688,15100
2025-11-20,93.52999877929688,93.52999877929688,88.62000274658203,88.68000030517578,88.68000030517578,16300
2025-11-21,89.19000244140625,91.8000030517578,88.8499984741211,91.20999908447266,91.20999908447266,20000
2025-11-24,92.44000244140624,94.30999755859376,92.33999633789062,94.13999938964844,94.13999938964844,34700
2025-11-25,94.37999725341795,96.26000213623048,94.37999725341795,96.0,96.0,51900
2025-11-26,96.56999969482422,97.5500030517578,96.02999877929688,97.0199966430664,97.0199966430664,24700
2025-11-28,97.37999725341795,97.41999816894533,97.08999633789062,97.33999633789062,97.33999633789062,8700
2025-12-01,95.94000244140624,96.41000366210938,95.16999816894533,95.1999969482422,95.1999969482422,33600
2025-12-02,95.83999633789062,95.83999633789062,94.68000030517578,94.72000122070312,94.72000122070312,23600
2025-12-03,95.48999786376952,96.52999877929688,95.48999786376952,96.52999877929688,96.52999877929688,15100
2025-12-04,96.37999725341795,98.27999877929688,96.37999725341795,98.08000183105467,98.08000183105467,14200
2025-12-05,97.83000183105467,98.0999984741211,97.62000274658205,97.62000274658205,97.62000274658205,14700
2025-12-08,98.62999725341795,98.88999938964844,98.18000030517578,98.6999969482422,98.6999969482422,25600
2025-12-09,98.97000122070312,99.54000091552734,98.68000030517578,98.88999938964844,98.88999938964844,19400
2025-12-10,99.25,100.87999725341795,98.94000244140624,100.13999938964844,100.13999938964844,16700
2025-12-11,99.56999969482422,101.70999908447266,99.56999969482422,101.4800033569336,101.4800033569336,19000
2025-12-12,101.12999725341795,101.12999725341795,99.5,99.51000213623048,99.51000213623048,15200
2025-12-15,100.51000213623048,100.51000213623048,97.76000213623048,97.76000213623048,97.76000213623048,16700
2025-12-16,97.48999786376952,98.19000244140624,97.2699966430664,97.80999755859376,97.80999755859376,21500
2025-12-17,98.1500015258789,98.1500015258789,95.79000091552734,95.79000091552734,95.79000091552734,25200
2025-12-18,97.41000366210938,98.1500015258789,96.91999816894533,97.11000061035156,97.11000061035156,21700
2025-12-19,97.66999816894533,98.97000122070312,97.66999816894533,98.7300033569336,98.7300033569336,20100
2025-12-22,100.13999938964844,100.5199966430664,99.9000015258789,100.0,100.0,37400
2025-12-23,99.37000274658205,99.9800033569336,99.29000091552734,99.4000015258789,99.4000015258789,22400
2025-12-24,99.16999816894533,99.69000244140624,98.91999816894533,99.5999984741211,99.5999984741211,14300
2025-12-26,99.08999633789062,99.08999633789062,98.63999938964844,99.0,99.0,16600
2025-12-29,98.05999755859376,98.3000030517578,97.88999938964844,98.12999725341795,98.12999725341795,14100
2025-12-30,97.93000030517578,97.93000030517578,97.16999816894533,97.1999969482422,97.1999969482422,8800
2025-12-31,97.0999984741211,97.19000244140624,96.5500030517578,96.7699966430664,96.7699966430664,14400
2026-01-02,97.27999877929688,97.27999877929688,95.29000091552734,96.23999786376952,96.23999786376952,34300
2026-01-05,96.25,96.91999816894533,95.9000015258789,96.87000274658205,96.87000274658205,30900
2026-01-06,96.7699966430664,98.2300033569336,96.55999755859376,98.2300033569336,98.2300033569336,42300
2026-01-07,98.27999877929688,99.77999877929688,98.27999877929688,99.7300033569336,99.7300033569336,18300
2026-01-08,99.25,99.45999908447266,98.62000274658205,99.19000244140624,99.19000244140624,17600
2026-01-09,99.77999877929688,100.5999984741211,99.62000274658205,99.80999755859376,99.80999755859376,14800
2026-01-12,99.33000183105467,100.30999755859376,98.75,100.30999755859376,100.30999755859376,19200
2026-01-13,100.0,101.04000091552734,100.0,100.77999877929688,100.77999877929688,44900
2026-01-14,100.6500015258789,102.2699966430664,100.6500015258789,102.0500030517578,102.0500030517578,19500
2026-01-15,102.5199966430664,103.0199966430664,102.0999984741211,102.16999816894533,102.16999816894533,16500
2026-01-16,102.7300033569336,102.7699966430664,101.8499984741211,101.87000274658205,101.87000274658205,17700
2026-01-20,100.0500030517578,102.66000366210938,100.0500030517578,101.83999633789062,101.83999633789062,11800
2026-01-21,102.8000030517578,103.4499969482422,101.5199966430664,103.12000274658205,103.12000274658205,1701700
2026-01-22,104.0,104.87999725341795,103.98999786376952,104.23999786376952,104.23999786376952,815200
2026-01-23,103.94000244140624,103.94000244140624,101.70999908447266,101.94000244140624,101.94000244140624,312400
2026-01-26,102.5,102.5,101.41999816894533,101.68000030517578,101.68000030517578,898200
2026-01-27,101.58000183105467,102.29000091552734,101.51000213623048,102.25,102.25,82000
2026-01-28,102.4499969482422,102.4499969482422,101.22000122070312,101.36000061035156,101.36000061035156,51000
2026-01-29,102.20999908447266,102.20999908447266,100.2699966430664,101.86000061035156,101.86000061035156,63500
2026-01-30,100.37000274658205,101.47000122070312,99.4499969482422,99.5999984741211,99.5999984741211,60000
2026-02-02,98.87999725341795,102.08999633789062,98.87999725341795,101.7300033569336,101.7300033569336,20900
2026-02-03,102.13999938964844,102.9800033569336,101.11000061035156,102.55999755859376,102.55999755859376,14500
2026-02-04,102.62999725341795,102.62999725341795,98.41000366210938,99.95999908447266,99.95999908447266,29400
2026-02-05,98.81999969482422,100.44000244140624,97.81999969482422,98.04000091552734,98.04000091552734,30300
2026-02-06,100.77999877929688,102.63999938964844,100.69000244140624,102.4000015258789,102.4000015258789,15300
2026-02-09,102.23999786376952,103.58999633789062,101.9499969482422,103.08000183105467,103.08000183105467,9700
2026-02-10,102.69000244140624,103.69000244140624,102.63999938964844,102.75,102.75,12700
2026-02-11,102.91000366210938,102.91000366210938,100.41000366210938,102.0999984741211,102.0999984741211,10900
2026-02-12,102.58000183105467,102.58000183105467,99.69000244140624,99.95999908447266,99.95999908447266,12400
2026-02-13,100.58999633789062,101.75,100.29000091552734,100.36000061035156,100.36000061035156,16900
2026-02-17,99.69000244140624,101.58999633789062,99.69000244140624,100.91999816894533,100.91999816894533,6500
2026-02-18,102.0199966430664,102.91000366210938,100.9800033569336,101.4499969482422,101.4499969482422,11800
2026-02-19,100.76000213623048,102.11000061035156,100.76000213623048,102.0999984741211,102.0999984741211,12700
2026-02-20,101.1999969482422,102.44000244140624,101.1999969482422,101.9800033569336,101.9800033569336,7800
2026-02-23,100.83000183105467,101.19000244140624,100.2300033569336,101.0500030517578,101.0500030517578,14800
2026-02-24,102.41999816894533,102.73999786376952,102.25,102.62999725341795,102.62999725341795,6200
2026-02-25,103.5199966430664,103.95999908447266,103.25,103.43000030517578,103.43000030517578,9400
2026-02-26,103.80999755859376,104.47000122070312,102.51000213623048,104.43000030517578,104.43000030517578,29100
2026-02-27,102.72000122070312,102.72000122070312,101.91000366210938,102.52999877929688,102.52999877929688,6700
2026-03-02,101.36000061035156,103.72000122070312,101.36000061035156,103.66000366210938,103.66000366210938,9900
2026-03-03,100.23999786376952,101.72000122070312,98.72000122070312,100.81999969482422,100.81999969482422,64200
2026-03-04,101.9499969482422,102.81999969482422,101.02999877929688,102.4499969482422,102.4499969482422,8500
2026-03-05,101.26000213623048,101.26000213623048,98.5500030517578,99.56999969482422,99.56999969482422,8900
2026-03-06,97.30999755859376,98.69000244140624,97.30999755859376,97.66999816894533,97.66999816894533,17300
2026-03-09,96.13999938964844,99.47000122070312,96.08000183105467,99.26000213623048,99.26000213623048,23700
2026-03-10,99.3000030517578,101.27999877929688,99.3000030517578,99.7300033569336,99.7300033569336,7300
2026-03-11,99.26000213623048,99.3499984741211,98.38999938964844,99.31999969482422,99.31999969482422,9000
2026-03-12,97.87999725341795,97.87999725341795,95.72000122070312,96.08000183105467,96.08000183105467,13900
2026-03-13,96.63999938964844,96.63999938964844,95.11000061035156,95.44000244140624,95.44000244140624,4700
2026-03-16,97.12999725341795,97.87000274658205,96.98999786376952,97.05999755859376,97.05999755859376,8500
2026-03-17,97.44000244140624,98.18000030517578,97.44000244140624,97.93000030517578,97.93000030517578,4300
2026-03-18,97.31999969482422,97.55999755859376,95.9499969482422,95.9499969482422,95.9499969482422,4100
2026-03-19,95.56999969482422,97.86000061035156,95.52999877929688,97.06999969482422,97.06999969482422,3600
2026-03-20,95.87000274658205,95.87000274658205,94.16000366210938,94.73999786376952,94.73999786376952,9500
2026-03-23,97.13999938964844,97.72000122070312,96.81999969482422,96.87999725341795,96.87999725341795,21400
2026-03-24,96.5,97.5199966430664,96.29000091552734,97.23999786376952,97.23999786376952,9800
2026-03-25,99.0,99.70999908447266,98.76000213623048,99.08000183105467,99.08000183105467,3800
2026-03-26,98.31999969482422,99.44000244140624,97.91000366210938,97.93000030517578,97.93000030517578,8500
2026-03-27,97.31999969482422,97.31999969482422,95.7699966430664,95.86000061035156,95.86000061035156,7500
2026-03-30,96.93000030517578,96.93000030517578,93.76000213623048,93.97000122070312,93.97000122070312,7700
2026-03-31,95.19000244140624,98.6500015258789,95.19000244140624,98.47000122070312,98.47000122070312,8700
2026-04-01,100.4000015258789,101.0,99.7300033569336,99.91000366210938,99.91000366210938,13200
2026-04-02,97.56999969482422,101.45999908447266,97.56999969482422,101.2699966430664,101.2699966430664,10300
2026-04-06,101.3000030517578,101.69000244140624,101.0500030517578,101.33000183105467,101.33000183105467,14100
2026-04-07,100.5,101.7300033569336,100.43000030517578,101.56999969482422,101.56999969482422,5600
2026-04-08,105.7300033569336,105.7300033569336,104.62000274658205,105.20999908447266,105.20999908447266,5100
2026-04-09,105.6500015258789,106.6999969482422,105.43000030517578,106.25,106.25,12800
2026-04-10,105.98999786376952,106.02999877929688,105.04000091552734,105.48999786376952,105.48999786376952,8400
2026-04-13,105.86000061035156,107.0500030517578,105.6999969482422,106.9800033569336,106.9800033569336,12500
2026-04-14,107.18000030517578,108.18000030517578,107.18000030517578,107.93000030517578,107.93000030517578,7700
2026-04-15,108.18000030517578,108.18000030517578,106.6500015258789,107.88999938964844,107.88999938964844,5700
2026-04-16,108.44000244140624,109.0199966430664,108.20999908447266,108.98999786376952,108.98999786376952,8000
2026-04-17,110.36000061035156,111.83999633789062,110.0,111.5,111.5,9500
2026-04-20,112.19000244140624,112.54000091552734,111.87999725341795,112.1999969482422,112.1999969482422,5300
2026-04-21,113.26000213623048,113.38999938964844,111.37999725341795,111.4800033569336,111.4800033569336,24200
2026-04-22,113.16999816894533,113.94000244140624,111.94000244140624,112.6999969482422,112.6999969482422,54100
2026-04-23,113.11000061035156,113.11000061035156,111.02999877929688,111.8499984741211,111.8499984741211,7800
2026-04-24,112.66000366210938,112.66000366210938,111.58999633789062,112.31999969482422,112.31999969482422,6700
2026-04-27,112.44000244140624,113.1999969482422,111.95999908447266,112.43000030517578,112.43000030517578,7600
2026-04-28,110.81999969482422,111.05999755859376,109.47000122070312,109.94000244140624,109.94000244140624,6800
2026-04-29,110.12999725341795,110.12999725341795,108.52999877929688,108.73999786376952,108.73999786376952,7100
2026-04-30,109.83999633789062,112.11000061035156,109.83999633789062,112.11000061035156,112.11000061035156,4600
2026-05-01,112.08999633789062,112.88999938964844,111.86000061035156,112.66999816894533,112.66999816894533,8200
2026-05-04,112.9000015258789,113.91999816894533,112.2300033569336,112.91999816894533,112.91999816894533,8900
2026-05-05,114.13999938964844,115.25,114.13999938964844,115.25,115.25,9000
2026-05-06,115.1500015258789,116.0500030517578,114.70999908447266,116.0500030517578,116.0500030517578,19800
2026-05-07,114.16999816894533,114.20999908447266,112.41999816894533,112.7300033569336,112.7300033569336,7700
2026-05-08,113.2699966430664,113.98999786376952,112.9800033569336,113.91000366210938,113.91000366210938,12500
2026-05-11,114.61000061035156,116.16000366210938,114.61000061035156,115.4800033569336,115.4800033569336,7000
2026-05-12,115.1500015258789,115.1500015258789,111.7699966430664,114.12999725341795,114.12999725341795,28600
2026-05-13,113.91000366210938,115.04000091552734,113.06999969482422,114.91000366210938,114.91000366210938,8400
2026-05-14,115.13999938964844,115.9499969482422,114.48999786376952,115.62999725341795,115.62999725341795,7200
2026-05-15,112.98999786376952,113.36000061035156,112.12999725341795,112.47000122070312,112.47000122070312,11600
2026-05-18,111.79000091552734,112.0500030517578,109.83000183105467,110.55999755859376,110.55999755859376,8400
2026-05-19,109.45999908447266,110.5199966430664,108.0,109.66000366210938,109.66000366210938,10200
2026-05-20,110.62000274658205,112.26000213623048,110.62000274658205,112.23999786376952,112.23999786376952,12000
2026-05-21,111.47000122070312,113.48999786376952,111.47000122070312,113.1999969482422,113.1999969482422,9600
2026-05-22,113.62000274658205,114.22000122070312,113.56999969482422,113.58000183105467,113.58000183105467,5800
2026-05-26,116.04000091552734,116.58000183105467,116.04000091552734,116.58000183105467,116.58000183105467,3900
2026-05-27,117.31999969482422,117.33999633789062,116.23999786376952,116.66999816894533,116.66999816894533,8500
2026-05-28,116.88999938964844,117.52999877929688,116.75,117.04000091552734,117.04000091552734,14600
2026-05-29,117.0999984741211,117.0999984741211,114.80999755859376,116.19000244140624,116.19000244140624,21600
2026-06-01,115.37000274658205,115.63999938964844,114.19000244140624,115.29000091552734,115.29000091552734,12300
2026-06-02,115.62000274658205,116.5999984741211,115.41000366210938,115.70999908447266,115.70999908447266,6900
2026-06-03,115.2300033569336,115.33000183105467,114.44000244140624,115.04000091552734,115.04000091552734,5500
2026-06-04,114.27999877929688,117.13999938964844,114.27999877929688,116.75,116.75,5000
2026-06-05,115.52999877929688,115.52999877929688,110.36000061035156,111.01000213623048,111.01000213623048,5900
2026-06-08,114.06999969482422,114.06999969482422,112.1500015258789,112.52999877929688,112.52999877929688,3600
2026-06-09,114.26000213623048,114.26000213623048,110.66999816894533,113.08999633789062,113.08999633789062,6400
2026-06-10,112.23999786376952,114.58000183105467,111.45999908447266,111.55999755859376,111.55999755859376,21300
2026-06-11,113.9499969482422,116.81999969482422,112.9800033569336,116.81999969482422,116.81999969482422,22400
2026-06-12,118.0999984741211,118.95999908447266,118.0999984741211,118.33000183105467,118.33000183105467,17600
2026-06-15,120.97000122070312,121.29000091552734,119.7300033569336,119.83999633789062,119.83999633789062,6100
2026-06-16,120.08000183105467,120.8499984741211,118.02999877929688,118.02999877929688,118.02999877929688,3400
2026-06-17,119.26000213623048,120.66999816894533,118.5500030517578,118.6500015258789,118.6500015258789,68300
2026-06-18,121.41999816894533,121.41999816894533,119.47000122070312,120.9499969482422,120.9499969482422,11600
2026-06-22,122.4800033569336,123.3000030517578,121.70999908447266,123.04000091552734,123.04000091552734,9500
2026-06-23,120.5,121.97000122070312,120.5,120.83999633789062,120.83999633789062,21400
2026-06-24,120.86000061035156,121.83000183105467,119.7699966430664,120.41999816894533,120.41999816894533,11000
2026-06-25,122.5999984741211,124.1999969482422,122.41999816894533,123.23999786376952,123.23999786376952,32000
2026-06-26,122.16000366210938,123.58999633789062,122.16000366210938,123.58999633789062,123.58999633789062,9600
2026-06-29,123.9000015258789,125.5999984741211,122.26000213623048,125.48999786376952,125.48999786376952,35200
2026-06-30,125.48999786376952,127.7699966430664,125.48999786376952,127.30999755859376,127.30999755859376,16900
2026-07-01,125.5500030517578,126.45999908447266,124.6999969482422,124.70999908447266,124.70999908447266,19800
2026-07-02,124.5500030517578,124.5500030517578,119.25,120.48999786376952,120.48999786376952,19900
2026-07-06,121.75,123.5,120.97000122070312,121.19000244140624,121.19000244140624,22600
2026-07-07,120.41999816894533,120.41999816894533,117.38999938964844,118.13999938964844,118.13999938964844,334000
2026-07-08,118.04000091552734,118.54000091552734,115.86000061035156,118.08999633789062,118.08999633789062,53700
2026-07-09,119.95999908447266,121.37999725341795,119.95999908447266,120.9000015258789,120.9000015258789,15400
2026-07-10,120.5199966430664,120.5199966430664,118.47000122070312,119.62000274658205,119.62000274658205,12100
2026-07-13,119.05999755859376,119.05999755859376,116.08999633789062,116.54000091552734,116.54000091552734,9100
2026-07-14,118.54000091552734,118.83999633789062,118.20999908447266,118.8000030517578,118.8000030517578,11600
2026-07-15,118.8499984741211,119.29000091552734,117.12999725341795,118.5999984741211,118.5999984741211,10900
2026-07-16,117.37999725341795,117.75,115.3000030517578,115.70999908447266,115.70999908447266,7500
2026-07-17,113.5999984741211,117.18000030517578,113.0999984741211,116.43000030517578,116.43000030517578,6600
2026-07-20,116.1500015258789,116.1500015258789,115.30999755859376,115.30999755859376,115.30999755859376,3700
2026-07-21,116.87000274658205,119.68000030517578,116.87000274658205,119.62000274658205,119.62000274658205,5400
2026-07-22,118.87999725341795,118.87999725341795,117.54000091552734,117.58999633789062,117.58999633789062,14700
2026-07-23,115.81999969482422,116.97000122070312,115.73999786376952,116.23999786376952,116.23999786376952,12100
2026-07-24,116.51000213623048,116.51000213623048,113.81999969482422,113.83999633789062,113.83999633789062,8900
2026-07-27,115.41999816894533,115.97000122070312,112.45999908447266,113.8499984741211,113.8499984741211,17400
2026-07-28,109.31999969482422,111.5999984741211,109.30999755859376,111.54000091552734,111.54000091552734,11800
2026-07-29,111.1500015258789,111.1500015258789,107.77999877929688,108.0999984741211,108.0999984741211,6800
2026-07-30,109.66999816894533,112.8000030517578,109.66999816894533,112.8000030517578,112.8000030517578,10400
2026-07-31,113.98999786376952,113.98999786376952,112.06999969482422,112.38999938964844,112.38999938964844,8600
2026-08-03,112.54000091552734,115.11000061035156,112.54000091552734,115.04000091552734,115.04000091552734,18000
2026-08-04,116.68000030517578,119.16999816894533,116.68000030517578,118.86000061035156,118.86000061035156,14700
2026-08-05,119.01000213623048,119.87999725341795,118.0,118.0,118.0,5600
2026-08-06,117.55999755859376,117.98999786376952,117.11000061035156,117.1999969482422,117.1999969482422,7700
2026-08-07,117.22000122070312,118.08000183105467,117.22000122070312,118.02999877929688,118.02999877929688,13100
2026-08-10,117.5199966430664,118.06999969482422,116.55999755859375,116.55999755859375,116.55999755859375,7400
2026-08-11,117.25,117.44000244140625,116.70999908447266,116.70999908447266,116.70999908447266,6400
2026-08-12,117.9800033569336,118.76000213623047,117.9800033569336,118.41000366210938,118.41000366210938,112900
2026-08-13,118.83999633789062,118.86000061035156,117.9000015258789,117.9000015258789,117.9000015258789,2400
2026-08-14,117.12999725341797,119.45999908447266,117.12999725341797,119.45999908447266,119.45999908447266,4700
