Date,Open,High,Low,Close,Adj Close,Volume
2021-08-16,112.12999725341795,112.6999969482422,110.4000015258789,110.6999969482422,110.6999969482422,266000
2021-08-17,110.01000213623048,111.05999755859376,109.47000122070312,110.33000183105467,110.33000183105467,407400
2021-08-18,110.76000213623048,112.25,110.16999816894533,110.41999816894533,110.41999816894533,268500
2021-08-19,110.18000030517578,111.4800033569336,109.86000061035156,110.4800033569336,110.4800033569336,237400
2021-08-20,110.7300033569336,113.37999725341795,110.22000122070312,113.16000366210938,113.16000366210938,398300
2021-08-23,113.41999816894533,115.62999725341795,113.41999816894533,115.33999633789062,115.33999633789062,247000
2021-08-24,115.7699966430664,117.77999877929688,115.7699966430664,117.41999816894533,117.41999816894533,342500
2021-08-25,117.12999725341795,117.30999755859376,115.94000244140624,115.95999908447266,115.95999908447266,231000
2021-08-26,115.9000015258789,116.98999786376952,115.43000030517578,116.31999969482422,116.31999969482422,280700
2021-08-27,116.5199966430664,119.41000366210938,116.5199966430664,118.0,118.0,465200
2021-08-30,118.0,119.77999877929688,117.47000122070312,119.56999969482422,119.56999969482422,428200
2021-08-31,119.93000030517578,120.5199966430664,118.44000244140624,118.45999908447266,118.45999908447266,620100
2021-09-01,118.75,119.70999908447266,118.0500030517578,118.45999908447266,118.45999908447266,468900
2021-09-02,119.0,119.26000213623048,116.68000030517578,118.44000244140624,118.44000244140624,664800
2021-09-03,123.48999786376952,130.9499969482422,120.36000061035156,123.01000213623048,123.01000213623048,1927600
2021-09-07,122.26000213623048,123.98999786376952,120.7699966430664,122.66999816894533,122.66999816894533,657100
2021-09-08,122.5199966430664,124.1500015258789,121.0199966430664,123.12000274658205,123.12000274658205,389300
2021-09-09,122.6999969482422,123.48999786376952,121.16000366210938,122.06999969482422,122.06999969482422,359200
2021-09-10,122.41999816894533,123.23999786376952,121.58000183105467,122.06999969482422,122.06999969482422,235100
2021-09-13,122.4800033569336,122.68000030517578,119.31999969482422,121.33000183105467,121.33000183105467,345500
2021-09-14,122.0,122.16999816894533,119.27999877929688,119.9800033569336,119.9800033569336,370000
2021-09-15,120.0,120.72000122070312,119.20999908447266,120.23999786376952,120.23999786376952,408800
2021-09-16,119.79000091552734,120.83999633789062,118.7300033569336,120.7699966430664,120.7699966430664,350100
2021-09-17,120.87999725341795,120.87999725341795,117.02999877929688,118.76000213623048,118.76000213623048,1364700
2021-09-20,117.0,117.70999908447266,114.2300033569336,115.76000213623048,115.76000213623048,536900
2021-09-21,116.0,117.1999969482422,114.25,114.37000274658205,114.37000274658205,402600
2021-09-22,114.58999633789062,118.23999786376952,114.16999816894533,117.51000213623048,117.51000213623048,695400
2021-09-23,118.12000274658205,121.6999969482422,118.08999633789062,121.08999633789062,121.08999633789062,568000
2021-09-24,120.94000244140624,122.27999877929688,120.25,120.68000030517578,120.68000030517578,321500
2021-09-27,119.56999969482422,121.38999938964844,119.4499969482422,120.58999633789062,120.58999633789062,518500
2021-09-28,119.7300033569336,120.20999908447266,116.5199966430664,117.75,117.75,516800
2021-09-29,118.16999816894533,119.87000274658205,117.16000366210938,118.83999633789062,118.83999633789062,545500
2021-09-30,119.08000183105467,119.6500015258789,118.38999938964844,118.87000274658205,118.87000274658205,419600
2021-10-01,119.3499984741211,120.44000244140624,115.69000244140624,118.47000122070312,118.47000122070312,543600
2021-10-04,115.19000244140624,115.9800033569336,111.61000061035156,113.12000274658205,113.12000274658205,905000
2021-10-05,113.37000274658205,114.86000061035156,113.30999755859376,114.7699966430664,114.7699966430664,427300
2021-10-06,113.66999816894533,116.93000030517578,113.66999816894533,116.86000061035156,116.86000061035156,458600
2021-10-07,116.9000015258789,120.02999877929688,116.9000015258789,118.8499984741211,118.8499984741211,520100
2021-10-08,119.08000183105467,119.81999969482422,117.5999984741211,118.7699966430664,118.7699966430664,520400
2021-10-11,118.91000366210938,120.1500015258789,118.37000274658205,118.48999786376952,118.48999786376952,269400
2021-10-12,119.0199966430664,120.33999633789062,118.44000244140624,119.22000122070312,119.22000122070312,325100
2021-10-13,120.19000244140624,120.8000030517578,117.43000030517578,118.1500015258789,118.1500015258789,335900
2021-10-14,119.6999969482422,121.86000061035156,119.6999969482422,121.86000061035156,121.86000061035156,419000
2021-10-15,121.76000213623048,123.0999984741211,120.4499969482422,121.8000030517578,121.8000030517578,448200
2021-10-18,120.9499969482422,121.87999725341795,119.25,120.41000366210938,120.41000366210938,262100
2021-10-19,120.87000274658205,121.55999755859376,120.41000366210938,121.44000244140624,121.44000244140624,247100
2021-10-20,122.12000274658205,123.4499969482422,121.11000061035156,121.6999969482422,121.6999969482422,277700
2021-10-21,121.66999816894533,123.45999908447266,121.5,123.33999633789062,123.33999633789062,259600
2021-10-22,123.44000244140624,124.69000244140624,122.56999969482422,123.4499969482422,123.4499969482422,290400
2021-10-25,123.93000030517578,126.0500030517578,122.87000274658205,125.30999755859376,125.30999755859376,355800
2021-10-26,126.5,127.0,124.45999908447266,125.05999755859376,125.05999755859376,275700
2021-10-27,125.30999755859376,125.33999633789062,123.30999755859376,123.47000122070312,123.47000122070312,213500
2021-10-28,124.01000213623048,125.52999877929688,123.48999786376952,125.25,125.25,198600
2021-10-29,124.72000122070312,126.72000122070312,124.72000122070312,125.7300033569336,125.7300033569336,426300
2021-11-01,125.97000122070312,126.54000091552734,117.05999755859376,119.38999938964844,119.38999938964844,1145300
2021-11-02,119.16999816894533,122.8000030517578,119.12000274658205,122.7699966430664,122.7699966430664,496300
2021-11-03,122.72000122070312,123.87999725341795,122.08000183105467,123.02999877929688,123.02999877929688,332500
2021-11-04,123.19000244140624,124.01000213623048,122.16000366210938,123.8499984741211,123.8499984741211,242200
2021-11-05,125.0,125.70999908447266,123.4499969482422,125.66999816894533,125.66999816894533,281300
2021-11-08,126.58999633789062,127.31999969482422,125.3000030517578,126.30999755859376,126.30999755859376,298900
2021-11-09,126.55999755859376,128.97999572753906,126.45999908447266,127.83000183105467,127.83000183105467,437600
2021-11-10,126.66000366210938,127.11000061035156,124.02999877929688,124.95999908447266,124.95999908447266,387700
2021-11-11,126.0,126.26000213623048,123.80999755859376,125.41999816894533,125.41999816894533,228000
2021-11-12,125.88999938964844,126.4800033569336,124.9000015258789,125.20999908447266,125.20999908447266,259700
2021-11-15,125.20999908447266,125.86000061035156,122.5,122.66999816894533,122.66999816894533,362500
2021-11-16,122.0199966430664,123.16000366210938,121.83999633789062,122.12000274658205,122.12000274658205,315800
2021-11-17,121.27999877929688,122.25,119.8000030517578,120.33999633789062,120.33999633789062,282400
2021-11-18,120.37999725341795,123.37000274658205,119.37999725341795,121.93000030517578,121.93000030517578,315900
2021-11-19,122.93000030517578,123.87999725341795,121.5500030517578,122.93000030517578,122.93000030517578,389000
2021-11-22,123.62000274658205,123.79000091552734,115.83999633789062,116.4499969482422,116.4499969482422,628600
2021-11-23,115.37999725341795,117.66000366210938,114.4800033569336,115.86000061035156,115.86000061035156,416300
2021-11-24,114.61000061035156,117.02999877929688,114.18000030517578,116.4800033569336,116.4800033569336,339700
2021-11-26,115.93000030517578,117.4000015258789,114.75,116.31999969482422,116.31999969482422,210100
2021-11-29,117.83999633789062,119.3000030517578,116.75,118.47000122070312,118.47000122070312,420000
2021-11-30,117.91999816894533,119.45999908447266,115.08999633789062,116.33999633789062,116.33999633789062,686300
2021-12-01,116.4499969482422,118.31999969482422,112.63999938964844,112.91999816894533,112.91999816894533,666200
2021-12-02,112.91999816894533,118.3000030517578,112.58000183105467,117.18000030517578,117.18000030517578,906400
2021-12-03,115.62000274658205,117.9000015258789,107.16999816894533,111.25,111.25,2056600
2021-12-06,110.51000213623048,114.7699966430664,108.1999969482422,114.13999938964844,114.13999938964844,707400
2021-12-07,116.0999984741211,117.98999786376952,113.83999633789062,115.6999969482422,115.6999969482422,578700
2021-12-08,116.01000213623048,118.86000061035156,115.47000122070312,117.98999786376952,117.98999786376952,568700
2021-12-09,117.55999755859376,118.66000366210938,113.9000015258789,113.94000244140624,113.94000244140624,635300
2021-12-10,114.18000030517578,115.51000213623048,113.02999877929688,114.05999755859376,114.05999755859376,387400
2021-12-13,114.13999938964844,115.77999877929688,113.41000366210938,113.87000274658205,113.87000274658205,526800
2021-12-14,112.52999877929688,113.63999938964844,110.26000213623048,111.87000274658205,111.87000274658205,504800
2021-12-15,111.0,114.1999969482422,109.91999816894533,114.0999984741211,114.0999984741211,462500
2021-12-16,114.58999633789062,115.41999816894533,112.5500030517578,113.83000183105467,113.83000183105467,506400
2021-12-17,113.11000061035156,114.13999938964844,110.54000091552734,112.23999786376952,112.23999786376952,1247400
2021-12-20,109.41999816894533,111.66999816894533,108.19000244140624,109.7300033569336,109.7300033569336,532700
2021-12-21,110.1500015258789,112.93000030517578,109.52999877929688,112.73999786376952,112.73999786376952,406200
2021-12-22,112.9800033569336,113.7699966430664,112.22000122070312,113.5500030517578,113.5500030517578,371900
2021-12-23,113.69000244140624,114.69000244140624,112.51000213623048,113.80999755859376,113.80999755859376,277200
2021-12-27,114.30999755859376,114.66000366210938,112.61000061035156,114.11000061035156,114.11000061035156,201000
2021-12-28,114.0,114.0,112.47000122070312,113.41999816894533,113.41999816894533,272300
2021-12-29,113.48999786376952,114.2300033569336,111.9499969482422,113.81999969482422,113.81999969482422,288700
2021-12-30,113.45999908447266,114.70999908447266,112.91999816894533,113.08999633789062,113.08999633789062,353200
2021-12-31,113.0500030517578,114.94000244140624,112.5,113.52999877929688,113.52999877929688,474000
2022-01-03,113.80999755859376,114.0,111.77999877929688,113.29000091552734,113.29000091552734,438800
2022-01-04,113.5,114.0,111.11000061035156,112.91999816894533,112.91999816894533,350700
2022-01-05,111.7699966430664,112.9000015258789,107.12000274658205,107.20999908447266,107.20999908447266,470400
2022-01-06,106.63999938964844,109.16999816894533,105.62999725341795,107.23999786376952,107.23999786376952,502300
2022-01-07,107.30999755859376,108.41999816894533,105.58999633789062,106.38999938964844,106.38999938964844,369400
2022-01-10,105.12000274658205,107.04000091552734,102.8499984741211,106.91999816894533,106.91999816894533,484700
2022-01-11,106.4800033569336,110.08999633789062,106.4800033569336,108.3000030517578,108.3000030517578,616700
2022-01-12,108.97000122070312,109.37999725341795,105.0,106.16000366210938,106.16000366210938,630300
2022-01-13,105.83999633789062,107.33999633789062,103.58999633789062,103.6999969482422,103.6999969482422,456300
2022-01-14,102.5999984741211,104.76000213623048,101.47000122070312,103.66000366210938,103.66000366210938,369600
2022-01-18,102.12999725341795,103.37999725341795,100.91000366210938,101.66000366210938,101.66000366210938,478200
2022-01-19,102.0999984741211,104.13999938964844,101.33999633789062,101.66000366210938,101.66000366210938,403700
2022-01-20,102.8499984741211,104.4800033569336,100.9499969482422,101.22000122070312,101.22000122070312,427000
2022-01-21,101.02999877929688,102.01000213623048,98.66000366210938,98.81999969482422,98.81999969482422,448400
2022-01-24,96.16000366210938,99.9000015258789,94.79000091552734,99.66999816894533,99.66999816894533,939800
2022-01-25,98.25,99.8499984741211,96.04000091552734,96.75,96.75,702000
2022-01-26,98.88999938964844,100.25,95.13999938964844,95.43000030517578,95.43000030517578,450600
2022-01-27,96.4800033569336,97.41000366210938,93.62000274658205,93.9499969482422,93.9499969482422,637600
2022-01-28,94.61000061035156,96.97000122070312,92.70999908447266,96.76000213623048,96.76000213623048,491500
2022-01-31,97.22000122070312,101.12999725341795,97.0,100.83999633789062,100.83999633789062,775900
2022-02-01,101.2300033569336,102.91999816894533,99.0,102.5999984741211,102.5999984741211,527600
2022-02-02,103.02999877929688,103.11000061035156,99.94000244140624,100.41999816894533,100.41999816894533,576200
2022-02-03,98.20999908447266,99.54000091552734,96.36000061035156,96.4000015258789,96.4000015258789,376000
2022-02-04,96.2300033569336,98.0199966430664,95.4800033569336,96.9499969482422,96.9499969482422,550300
2022-02-07,96.95999908447266,98.69000244140624,96.12000274658205,96.4499969482422,96.4499969482422,543300
2022-02-08,96.0,97.22000122070312,95.66000366210938,96.52999877929688,96.52999877929688,600800
2022-02-09,98.12999725341795,98.70999908447266,96.95999908447266,98.08000183105467,98.08000183105467,1084500
2022-02-10,96.26000213623048,98.48999786376952,95.36000061035156,96.16999816894533,96.16999816894533,698800
2022-02-11,96.37000274658205,98.62000274658205,94.58000183105467,95.0199966430664,95.0199966430664,455000
2022-02-14,95.30999755859376,96.9499969482422,93.68000030517578,94.47000122070312,94.47000122070312,675600
2022-02-15,95.9800033569336,97.11000061035156,95.1500015258789,96.5,96.5,839800
2022-02-16,96.11000061035156,96.11000061035156,94.51000213623048,95.4499969482422,95.4499969482422,434500
2022-02-17,94.58000183105467,94.58000183105467,90.38999938964844,90.51000213623048,90.51000213623048,547500
2022-02-18,90.4000015258789,90.87999725341795,87.37000274658203,87.80999755859375,87.80999755859375,833300
2022-02-22,87.11000061035156,89.69000244140625,86.55000305175781,86.75,86.75,1354600
2022-02-23,87.9000015258789,87.91000366210938,84.11000061035156,84.19999694824219,84.19999694824219,872900
2022-02-24,81.4800033569336,88.27999877929688,81.37999725341797,88.05999755859375,88.05999755859375,892000
2022-02-25,88.1500015258789,88.87000274658203,86.1500015258789,87.95999908447266,87.95999908447266,702700
2022-02-28,86.9800033569336,89.0199966430664,86.9800033569336,88.1500015258789,88.1500015258789,674900
2022-03-01,88.16999816894531,90.04000091552734,87.69000244140625,88.16999816894531,88.16999816894531,607300
2022-03-02,88.80000305175781,89.7699966430664,86.62000274658203,89.43000030517578,89.43000030517578,562800
2022-03-03,90.08000183105467,90.08000183105467,88.12000274658203,88.6500015258789,88.6500015258789,722300
2022-03-04,88.80000305175781,90.61000061035156,87.23999786376953,88.63999938964844,88.63999938964844,713500
2022-03-07,89.16000366210938,90.58999633789062,88.18000030517578,88.66000366210938,88.66000366210938,806900
2022-03-08,87.33000183105469,89.94000244140625,86.33000183105469,86.73999786376953,86.73999786376953,974300
2022-03-09,87.16000366210938,91.5500030517578,87.16000366210938,90.4000015258789,90.4000015258789,854300
2022-03-10,88.80000305175781,90.4000015258789,87.4000015258789,89.6500015258789,89.6500015258789,632600
2022-03-11,90.55999755859376,90.86000061035156,86.52999877929688,86.56999969482422,86.56999969482422,385000
2022-03-14,86.55999755859375,87.25,84.05000305175781,84.41000366210938,84.41000366210938,455200
2022-03-15,84.83000183105469,86.05000305175781,83.66000366210938,84.94999694824219,84.94999694824219,458500
2022-03-16,85.72000122070312,88.2300033569336,84.25,87.44000244140625,87.44000244140625,437300
2022-03-17,86.88999938964844,90.12999725341795,86.6500015258789,90.08000183105467,90.08000183105467,672600
2022-03-18,91.0,93.7699966430664,90.22000122070312,93.66999816894533,93.66999816894533,922800
2022-03-21,91.58000183105467,95.44000244140624,90.75,93.87000274658205,93.87000274658205,841800
2022-03-22,93.69000244140624,96.36000061035156,93.69000244140624,94.9800033569336,94.9800033569336,644000
2022-03-23,93.91999816894533,95.98999786376952,92.9000015258789,93.05999755859376,93.05999755859376,700600
2022-03-24,93.55999755859376,94.6500015258789,92.8499984741211,94.23999786376952,94.23999786376952,525600
2022-03-25,94.9800033569336,94.9800033569336,91.3000030517578,91.8499984741211,91.8499984741211,456800
2022-03-28,91.94000244140624,93.05999755859376,90.76000213623048,93.04000091552734,93.04000091552734,456900
2022-03-29,94.44000244140624,97.31999969482422,94.12999725341795,96.91000366210938,96.91000366210938,482300
2022-03-30,95.76000213623048,96.27999877929688,94.80999755859376,95.41999816894533,95.41999816894533,361800
2022-03-31,95.69000244140624,96.97000122070312,94.61000061035156,94.62000274658205,94.62000274658205,561200
2022-04-01,94.13999938964844,95.04000091552734,92.45999908447266,94.45999908447266,94.45999908447266,594200
2022-04-04,94.51000213623048,96.18000030517578,94.36000061035156,95.69000244140624,95.69000244140624,354300
2022-04-05,95.30999755859376,95.66000366210938,93.33000183105467,93.86000061035156,93.86000061035156,326900
2022-04-06,92.97000122070312,93.76000213623048,91.5199966430664,92.70999908447266,92.70999908447266,416200
2022-04-07,92.41999816894533,93.52999877929688,91.25,92.91000366210938,92.91000366210938,444800
2022-04-08,92.19000244140624,93.18000030517578,91.1500015258789,91.54000091552734,91.54000091552734,308300
2022-04-11,90.6500015258789,92.0,90.0,90.5199966430664,90.5199966430664,320200
2022-04-12,91.66000366210938,93.0500030517578,90.8499984741211,90.87000274658205,90.87000274658205,617200
2022-04-13,90.3499984741211,93.19000244140624,90.20999908447266,92.7300033569336,92.7300033569336,379000
2022-04-14,92.76000213623048,93.16000366210938,90.98999786376952,91.13999938964844,91.13999938964844,387200
2022-04-18,90.86000061035156,91.23999786376952,89.37000274658203,90.0199966430664,90.0199966430664,357500
2022-04-19,90.97000122070312,93.5500030517578,90.43000030517578,93.01000213623048,93.01000213623048,375000
2022-04-20,93.6999969482422,94.29000091552734,92.41999816894533,93.5500030517578,93.5500030517578,393000
2022-04-21,94.54000091552734,95.58000183105467,91.04000091552734,91.76000213623048,91.76000213623048,379500
2022-04-22,91.7300033569336,92.4800033569336,89.68000030517578,89.7300033569336,89.7300033569336,279100
2022-04-25,89.73999786376953,90.91999816894533,88.91999816894531,90.86000061035156,90.86000061035156,370100
2022-04-26,90.86000061035156,90.86000061035156,87.44999694824219,87.45999908447266,87.45999908447266,442600
2022-04-27,88.0,89.18000030517578,87.16000366210938,87.72000122070312,87.72000122070312,367600
2022-04-28,88.69000244140625,90.19000244140624,87.13999938964844,89.61000061035156,89.61000061035156,325400
2022-04-29,88.75,90.22000122070312,86.80999755859375,86.94000244140625,86.94000244140625,369700
2022-05-02,87.08000183105469,88.05999755859375,85.25,86.5999984741211,86.5999984741211,559500
2022-05-03,86.0999984741211,87.2699966430664,84.72000122070312,85.06999969482422,85.06999969482422,365500
2022-05-04,85.0199966430664,85.51000213623047,81.44999694824219,85.33999633789062,85.33999633789062,797000
2022-05-05,84.72000122070312,84.72000122070312,79.7699966430664,80.33999633789062,80.33999633789062,720100
2022-05-06,79.75,79.83000183105469,76.68000030517578,77.19999694824219,77.19999694824219,935400
2022-05-09,76.44999694824219,76.62000274658203,73.63999938964844,74.08000183105469,74.08000183105469,956500
2022-05-10,75.44000244140625,76.26000213623047,71.75,73.01000213623047,73.01000213623047,1023700
2022-05-11,72.30999755859375,74.61000061035156,72.0,72.29000091552734,72.29000091552734,806800
2022-05-12,71.30000305175781,76.25,70.83000183105469,76.0999984741211,76.0999984741211,907300
2022-05-13,77.12999725341797,81.0,77.12999725341797,80.38999938964844,80.38999938964844,983600
2022-05-16,79.9000015258789,80.76000213623047,78.62000274658203,79.2699966430664,79.2699966430664,643800
2022-05-17,80.48999786376953,81.5199966430664,77.41999816894531,80.11000061035156,80.11000061035156,539300
2022-05-18,79.66999816894531,79.80000305175781,76.58000183105469,76.76000213623047,76.76000213623047,546700
2022-05-19,76.8499984741211,78.41000366210938,75.44000244140625,77.23999786376953,77.23999786376953,472100
2022-05-20,78.52999877929688,79.2300033569336,75.9800033569336,77.5999984741211,77.5999984741211,478900
2022-05-23,77.5999984741211,78.05000305175781,76.41999816894531,77.48999786376953,77.48999786376953,655600
2022-05-24,76.54000091552734,77.33999633789062,75.25,75.80000305175781,75.80000305175781,807900
2022-05-25,75.22000122070312,78.91999816894531,75.22000122070312,78.79000091552734,78.79000091552734,859000
2022-05-26,78.51000213623047,80.91000366210938,78.12999725341797,79.97000122070312,79.97000122070312,599800
2022-05-27,80.36000061035156,82.94999694824219,80.36000061035156,82.58000183105469,82.58000183105469,443800
2022-05-31,82.4800033569336,82.4800033569336,79.16999816894531,79.94000244140625,79.94000244140625,1093800
2022-06-01,80.05999755859375,81.20999908447266,77.87000274658203,78.4800033569336,78.4800033569336,599900
2022-06-02,78.55999755859375,82.58999633789062,78.02999877929688,82.27999877929688,82.27999877929688,441200
2022-06-03,81.44999694824219,81.44999694824219,79.12999725341797,79.94999694824219,79.94999694824219,605200
2022-06-06,81.43000030517578,81.43000030517578,78.7699966430664,79.4800033569336,79.4800033569336,450300
2022-06-07,78.37999725341797,80.69999694824219,78.37999725341797,80.43000030517578,80.43000030517578,767300
2022-06-08,76.80999755859375,81.5,76.12000274658203,80.58000183105469,80.58000183105469,762900
2022-06-09,79.37000274658203,79.86000061035156,77.19000244140625,77.19000244140625,77.19000244140625,433700
2022-06-10,75.9000015258789,75.95999908447266,74.55999755859375,75.16999816894531,75.16999816894531,524500
2022-06-13,72.8499984741211,74.66999816894531,72.43000030517578,72.70999908447266,72.70999908447266,719800
2022-06-14,73.33999633789062,74.1500015258789,71.0199966430664,71.2300033569336,71.2300033569336,535800
2022-06-15,72.1500015258789,74.83000183105469,71.94000244140625,73.7699966430664,73.7699966430664,490100
2022-06-16,71.36000061035156,72.63999938964844,69.61000061035156,70.20999908447266,70.20999908447266,663200
2022-06-17,71.1500015258789,73.55000305175781,70.62000274658203,72.95999908447266,72.95999908447266,1478600
2022-06-21,73.12999725341797,74.0999984741211,71.8499984741211,72.04000091552734,72.04000091552734,577800
2022-06-22,71.3499984741211,73.25,71.3499984741211,72.47000122070312,72.47000122070312,401600
2022-06-23,72.9000015258789,75.44999694824219,72.19999694824219,75.31999969482422,75.31999969482422,447100
2022-06-24,76.16999816894531,77.93000030517578,75.94000244140625,77.91999816894531,77.91999816894531,568700
2022-06-27,77.83000183105469,77.86000061035156,75.80999755859375,76.08000183105469,76.08000183105469,356200
2022-06-28,76.01000213623047,76.44000244140625,74.2699966430664,74.44999694824219,74.44999694824219,309300
2022-06-29,74.58000183105469,74.58000183105469,72.95999908447266,74.13999938964844,74.13999938964844,393100
2022-06-30,72.2300033569336,72.79000091552734,70.62000274658203,70.98999786376953,70.98999786376953,898300
2022-07-01,70.95999908447266,72.43000030517578,70.58999633789062,71.11000061035156,71.11000061035156,524200
2022-07-05,70.30999755859375,74.98999786376953,69.86000061035156,74.83999633789062,74.83999633789062,594000
2022-07-06,74.80999755859375,75.18000030517578,73.69000244140625,73.94999694824219,73.94999694824219,365900
2022-07-07,73.8499984741211,75.62999725341797,73.52999877929688,75.41999816894531,75.41999816894531,373800
2022-07-08,74.7300033569336,75.86000061035156,73.80000305175781,75.44999694824219,75.44999694824219,321300
2022-07-11,74.87999725341797,75.13999938964844,73.4800033569336,74.0,74.0,342700
2022-07-12,74.30000305175781,75.33000183105469,72.30000305175781,72.48999786376953,72.48999786376953,371200
2022-07-13,71.08999633789062,72.01000213623047,70.44000244140625,71.33999633789062,71.33999633789062,283700
2022-07-14,70.45999908447266,70.68000030517578,69.05999755859375,69.5999984741211,69.5999984741211,463200
2022-07-15,70.45999908447266,71.0999984741211,69.68000030517578,70.62999725341797,70.62999725341797,552500
2022-07-18,71.33000183105469,72.19000244140625,70.0999984741211,70.31999969482422,70.31999969482422,635300
2022-07-19,71.19999694824219,72.37999725341797,71.19999694824219,72.22000122070312,72.22000122070312,439200
2022-07-20,72.75,75.86000061035156,72.51000213623047,75.62999725341797,75.62999725341797,420300
2022-07-21,75.80999755859375,77.25,75.80999755859375,77.19999694824219,77.19999694824219,297000
2022-07-22,77.69000244140625,78.4000015258789,75.45999908447266,76.06999969482422,76.06999969482422,241100
2022-07-25,75.94000244140625,75.94000244140625,74.73999786376953,75.31999969482422,75.31999969482422,282100
2022-07-26,75.33999633789062,75.5199966430664,73.01000213623047,73.37999725341797,73.37999725341797,254600
2022-07-27,75.0999984741211,76.08999633789062,74.23999786376953,75.86000061035156,75.86000061035156,512200
2022-07-28,75.33999633789062,77.27999877929688,75.06999969482422,77.27999877929688,77.27999877929688,220100
2022-07-29,77.05999755859375,77.91999816894531,76.30999755859375,77.72000122070312,77.72000122070312,294500
2022-08-01,77.12999725341797,78.25,75.56999969482422,77.44999694824219,77.44999694824219,286800
2022-08-02,77.0,78.43000030517578,76.95999908447266,78.22000122070312,78.22000122070312,398600
2022-08-03,79.12999725341797,80.47000122070312,79.12999725341797,79.95999908447266,79.95999908447266,621100
2022-08-04,80.27999877929688,81.05999755859375,78.95999908447266,79.69999694824219,79.69999694824219,347300
2022-08-05,78.63999938964844,79.4000015258789,77.38999938964844,78.44999694824219,78.44999694824219,501300
2022-08-08,79.19999694824219,81.25,79.19999694824219,80.11000061035156,80.11000061035156,381300
2022-08-09,79.25,79.25,77.87000274658203,78.6500015258789,78.6500015258789,401400
2022-08-10,80.8499984741211,82.61000061035156,80.8499984741211,81.9000015258789,81.9000015258789,371000
2022-08-11,82.73999786376953,83.13999938964844,80.93000030517578,81.06999969482422,81.06999969482422,301600
2022-08-12,81.45999908447266,82.08000183105469,80.94999694824219,81.97000122070312,81.97000122070312,294500
2022-08-15,81.86000061035156,82.81999969482422,81.86000061035156,82.31999969482422,82.31999969482422,252500
2022-08-16,81.69999694824219,81.93000030517578,80.68000030517578,81.54000091552734,81.54000091552734,223500
2022-08-17,80.94000244140625,80.94000244140625,79.83999633789062,79.9800033569336,79.9800033569336,204700
2022-08-18,79.19000244140625,79.9000015258789,79.13999938964844,79.47000122070312,79.47000122070312,270500
2022-08-19,78.91999816894531,78.91999816894531,76.55000305175781,77.02999877929688,77.02999877929688,486700
2022-08-22,75.73999786376953,76.37000274658203,74.5999984741211,75.0,75.0,397200
2022-08-23,75.02999877929688,75.63999938964844,73.95999908447266,74.05000305175781,74.05000305175781,349900
2022-08-24,74.62000274658203,75.37000274658203,74.16999816894531,74.91999816894531,74.91999816894531,277800
2022-08-25,75.33000183105469,76.02999877929688,74.69000244140625,75.81999969482422,75.81999969482422,447800
2022-08-26,76.19999694824219,76.19999694824219,72.19999694824219,72.25,72.25,452300
2022-08-29,71.56999969482422,72.33999633789062,71.4800033569336,71.86000061035156,71.86000061035156,390700
2022-08-30,72.05000305175781,72.62000274658203,71.08000183105469,71.73999786376953,71.73999786376953,517800
2022-08-31,72.80999755859375,73.13999938964844,71.66999816894531,71.70999908447266,71.70999908447266,519000
2022-09-01,70.75,70.75,68.16999816894531,68.7699966430664,68.7699966430664,684000
2022-09-02,69.47000122070312,70.33999633789062,67.43000030517578,68.51000213623047,68.51000213623047,843800
2022-09-06,68.61000061035156,69.1500015258789,66.75,67.19000244140625,67.19000244140625,1000300
2022-09-07,64.30000305175781,68.2300033569336,64.30000305175781,67.36000061035156,67.36000061035156,1544100
2022-09-08,66.95999908447266,68.58000183105469,66.66999816894531,67.87999725341797,67.87999725341797,1088500
2022-09-09,69.06999969482422,69.52999877929688,68.66999816894531,69.4800033569336,69.4800033569336,520700
2022-09-12,69.91000366210938,71.18000030517578,69.81999969482422,70.66999816894531,70.66999816894531,532900
2022-09-13,68.06999969482422,68.91999816894531,67.45999908447266,67.6500015258789,67.6500015258789,518100
2022-09-14,67.5999984741211,67.5999984741211,65.9800033569336,66.9000015258789,66.9000015258789,602900
2022-09-15,65.97000122070312,67.12000274658203,65.05000305175781,65.9000015258789,65.9000015258789,887600
2022-09-16,65.0,65.58999633789062,64.43000030517578,64.72000122070312,64.72000122070312,1286400
2022-09-19,64.12000274658203,64.63999938964844,62.060001373291016,63.20000076293945,63.20000076293945,1150500
2022-09-20,62.84999847412109,62.93000030517578,60.34000015258789,60.58000183105469,60.58000183105469,1027700
2022-09-21,61.09999847412109,62.25,60.400001525878906,60.84000015258789,60.84000015258789,871600
2022-09-22,60.4900016784668,60.83000183105469,59.43000030517578,59.470001220703125,59.470001220703125,899600
2022-09-23,60.84999847412109,61.9900016784668,59.5,61.93999862670898,61.93999862670898,1379800
2022-09-26,62.02000045776367,63.08000183105469,60.93000030517578,61.20000076293945,61.20000076293945,1377300
2022-09-27,61.9900016784668,62.95000076293945,61.34000015258789,61.75,61.75,999800
2022-09-28,62.08000183105469,62.290000915527344,61.59999847412109,61.97999954223633,61.97999954223633,849500
2022-09-29,61.79999923706055,63.0099983215332,61.38999938964844,62.65999984741211,62.65999984741211,1165700
2022-09-30,62.81999969482422,64.04000091552734,61.58000183105469,61.58000183105469,61.58000183105469,880800
2022-10-03,61.93000030517578,63.0099983215332,61.0,62.7599983215332,62.7599983215332,1018300
2022-10-04,63.869998931884766,65.6500015258789,63.869998931884766,65.0,65.0,920300
2022-10-05,64.04000091552734,66.27999877929688,64.04000091552734,65.87000274658203,65.87000274658203,842300
2022-10-06,65.62000274658203,66.5199966430664,65.18000030517578,65.19999694824219,65.19999694824219,681600
2022-10-07,63.68999862670898,64.30000305175781,62.47999954223633,63.2599983215332,63.2599983215332,914200
2022-10-10,63.41999816894531,63.41999816894531,60.43999862670898,60.43999862670898,60.43999862670898,789400
2022-10-11,60.20000076293945,60.5099983215332,58.130001068115234,58.40999984741211,58.40999984741211,1165700
2022-10-12,58.33000183105469,58.70000076293945,56.61000061035156,56.619998931884766,56.619998931884766,1098700
2022-10-13,54.47999954223633,56.27000045776367,54.04999923706055,55.959999084472656,55.959999084472656,1801700
2022-10-14,56.65999984741211,56.86000061035156,54.06999969482422,54.08000183105469,54.08000183105469,1028000
2022-10-17,54.619998931884766,57.04999923706055,54.52999877929688,56.43999862670898,56.43999862670898,1193300
2022-10-18,57.66999816894531,58.66999816894531,56.459999084472656,57.38999938964844,57.38999938964844,991200
2022-10-19,56.880001068115234,57.52000045776367,55.4900016784668,55.77000045776367,55.77000045776367,854800
2022-10-20,55.91999816894531,57.560001373291016,55.91999816894531,56.52000045776367,56.52000045776367,866400
2022-10-21,56.20000076293945,57.02999877929688,55.36000061035156,56.83000183105469,56.83000183105469,851500
2022-10-24,56.9900016784668,57.220001220703125,55.68999862670898,56.33000183105469,56.33000183105469,859800
2022-10-25,56.90999984741211,58.77000045776367,56.43000030517578,58.7599983215332,58.7599983215332,1072300
2022-10-26,57.83000183105469,60.040000915527344,56.04999923706055,57.75,57.75,1183100
2022-10-27,58.220001220703125,59.38999938964844,57.84000015258789,58.29999923706055,58.29999923706055,1542900
2022-10-28,58.09999847412109,59.459999084472656,57.86000061035156,59.34999847412109,59.34999847412109,721100
2022-10-31,59.290000915527344,59.88999938964844,58.77999877929688,59.40999984741211,59.40999984741211,704300
2022-11-01,60.09000015258789,60.2599983215332,57.959999084472656,58.310001373291016,58.310001373291016,885500
2022-11-02,58.29999923706055,58.7599983215332,56.060001373291016,56.220001220703125,56.220001220703125,1065100
2022-11-03,55.369998931884766,56.33000183105469,54.43000030517578,54.66999816894531,54.66999816894531,1427900
2022-11-04,55.18000030517578,55.459999084472656,52.41999816894531,53.31999969482422,53.31999969482422,870100
2022-11-07,53.56999969482422,54.29999923706055,52.08000183105469,54.22999954223633,54.22999954223633,963600
2022-11-08,54.5099983215332,54.79999923706055,52.63999938964844,53.77999877929688,53.77999877929688,1186200
2022-11-09,53.220001220703125,53.540000915527344,52.2599983215332,52.650001525878906,52.650001525878906,850700
2022-11-10,55.540000915527344,58.58000183105469,55.2599983215332,58.36000061035156,58.36000061035156,1419400
2022-11-11,58.88999938964844,61.58000183105469,58.150001525878906,60.93000030517578,60.93000030517578,1366200
2022-11-14,60.650001525878906,61.31999969482422,59.7400016784668,60.290000915527344,60.290000915527344,849100
2022-11-15,61.9900016784668,63.13999938964844,61.58000183105469,62.29999923706055,62.29999923706055,2200400
2022-11-16,61.52999877929688,61.9900016784668,60.52000045776367,60.63999938964844,60.63999938964844,1171300
2022-11-17,59.22999954223633,60.25,58.77999877929688,59.43000030517578,59.43000030517578,922500
2022-11-18,60.400001525878906,60.400001525878906,56.95000076293945,57.060001373291016,57.060001373291016,1105600
2022-11-21,56.560001373291016,57.34000015258789,56.02000045776367,57.20000076293945,57.20000076293945,1019100
2022-11-22,57.20000076293945,57.540000915527344,56.130001068115234,57.31999969482422,57.31999969482422,852200
2022-11-23,57.27999877929688,58.68999862670898,56.77000045776367,58.310001373291016,58.310001373291016,750500
2022-11-25,57.900001525878906,58.43999862670898,57.38999938964844,58.08000183105469,58.08000183105469,523500
2022-11-28,57.630001068115234,58.68000030517578,57.36000061035156,57.63999938964844,57.63999938964844,1450700
2022-11-29,57.65999984741211,58.119998931884766,56.56999969482422,56.91999816894531,56.91999816894531,741400
2022-11-30,56.709999084472656,59.369998931884766,56.58000183105469,59.310001373291016,59.310001373291016,5350300
2022-12-01,59.77999877929688,61.720001220703125,59.68000030517578,60.900001525878906,60.900001525878906,1108900
2022-12-02,59.93999862670898,61.29999923706055,59.25,60.7400016784668,60.7400016784668,809200
2022-12-05,60.130001068115234,60.400001525878906,57.27000045776367,57.75,57.75,1039300
2022-12-06,57.83000183105469,57.959999084472656,56.209999084472656,56.52000045776367,56.52000045776367,1310300
2022-12-07,56.150001525878906,60.65999984741211,56.150001525878906,60.369998931884766,60.369998931884766,2014900
2022-12-08,60.369998931884766,63.54999923706055,60.369998931884766,62.68999862670898,62.68999862670898,2018700
2022-12-09,62.310001373291016,63.34999847412109,62.18000030517578,62.959999084472656,62.959999084472656,1231300
2022-12-12,63.4900016784668,64.22000122070312,62.4900016784668,63.790000915527344,63.790000915527344,2562000
2022-12-13,66.22000122070312,66.97000122070312,63.66999816894531,64.7699966430664,64.7699966430664,1171800
2022-12-14,64.68000030517578,66.97000122070312,64.30999755859375,65.76000213623047,65.76000213623047,1337800
2022-12-15,64.43000030517578,65.30000305175781,62.20000076293945,63.130001068115234,63.130001068115234,1574700
2022-12-16,62.7599983215332,63.709999084472656,62.33000183105469,63.4900016784668,63.4900016784668,4506200
2022-12-19,63.33000183105469,63.33000183105469,60.33000183105469,60.54999923706055,60.54999923706055,1204500
2022-12-20,60.0,60.79999923706055,59.59999847412109,60.45000076293945,60.45000076293945,890500
2022-12-21,60.560001373291016,62.54999923706055,60.02999877929688,61.18000030517578,61.18000030517578,702600
2022-12-22,60.11000061035156,61.75,59.77999877929688,61.709999084472656,61.709999084472656,785100
2022-12-23,61.27000045776367,61.380001068115234,59.970001220703125,60.470001220703125,60.470001220703125,560600
2022-12-27,60.209999084472656,60.61000061035156,59.27999877929688,60.27999877929688,60.27999877929688,933400
2022-12-28,60.0,60.790000915527344,59.38999938964844,59.52000045776367,59.52000045776367,546100
2022-12-29,59.91999816894531,62.619998931884766,59.79999923706055,62.369998931884766,62.369998931884766,722100
2022-12-30,61.470001220703125,62.58000183105469,61.2400016784668,62.560001373291016,62.560001373291016,877800
2023-01-03,63.54999923706055,64.61000061035156,61.84999847412109,62.900001525878906,62.900001525878906,749900
2023-01-04,63.63999938964844,64.41999816894531,62.11000061035156,63.43999862670898,63.43999862670898,649700
2023-01-05,62.54999923706055,62.54999923706055,60.66999816894531,60.709999084472656,60.709999084472656,618900
2023-01-06,61.06999969482422,63.83000183105469,60.34000015258789,63.18000030517578,63.18000030517578,922400
2023-01-09,64.48999786376953,68.2699966430664,64.23999786376953,66.4000015258789,66.4000015258789,1611700
2023-01-10,66.2300033569336,66.98999786376953,65.79000091552734,66.38999938964844,66.38999938964844,729400
2023-01-11,66.72000122070312,67.87999725341797,66.41000366210938,67.23999786376953,67.23999786376953,940100
2023-01-12,67.55000305175781,68.62999725341797,66.62999725341797,68.36000061035156,68.36000061035156,1104300
2023-01-13,67.4800033569336,68.80000305175781,67.4800033569336,68.62999725341797,68.62999725341797,506300
2023-01-17,68.20999908447266,69.62999725341797,68.0,69.51000213623047,69.51000213623047,1047700
2023-01-18,69.98999786376953,71.13999938964844,68.58999633789062,68.58999633789062,68.58999633789062,769500
2023-01-19,67.91999816894531,68.98999786376953,67.80999755859375,68.20999908447266,68.20999908447266,555500
2023-01-20,68.66999816894531,70.02999877929688,68.08999633789062,69.9800033569336,69.9800033569336,564200
2023-01-23,71.04000091552734,72.55000305175781,69.98999786376953,72.44999694824219,72.44999694824219,766300
2023-01-24,71.44999694824219,72.88999938964844,71.37000274658203,71.4000015258789,71.4000015258789,586400
2023-01-25,70.30999755859375,71.94999694824219,69.61000061035156,71.72000122070312,71.72000122070312,436400
2023-01-26,72.77999877929688,73.76000213623047,71.70999908447266,72.69999694824219,72.69999694824219,848100
2023-01-27,72.13999938964844,74.0999984741211,72.13999938964844,73.22000122070312,73.22000122070312,570700
2023-01-30,72.43000030517578,72.8499984741211,71.55000305175781,71.63999938964844,71.63999938964844,752200
2023-01-31,71.9000015258789,73.26000213623047,71.63999938964844,73.23999786376953,73.23999786376953,561300
2023-02-01,73.4000015258789,75.56999969482422,72.38999938964844,75.47000122070312,75.47000122070312,707800
2023-02-02,76.7699966430664,78.66000366210938,75.91999816894531,78.58999633789062,78.58999633789062,1042800
2023-02-03,76.75,77.6500015258789,75.2699966430664,75.80000305175781,75.80000305175781,702600
2023-02-06,74.95999908447266,75.52999877929688,73.47000122070312,73.87999725341797,73.87999725341797,619000
2023-02-07,73.6500015258789,76.3499984741211,73.44000244140625,76.2699966430664,76.2699966430664,509600
2023-02-08,76.22000122070312,77.0199966430664,75.08999633789062,75.41000366210938,75.41000366210938,455500
2023-02-09,76.33000183105469,76.95999908447266,74.83000183105469,74.87999725341797,74.87999725341797,554100
2023-02-10,73.95999908447266,74.94000244140625,73.55000305175781,73.8499984741211,73.8499984741211,538000
2023-02-13,74.16999816894531,74.7699966430664,73.72000122070312,74.44000244140625,74.44000244140625,642600
2023-02-14,73.94000244140625,76.13999938964844,73.63999938964844,75.23999786376953,75.23999786376953,433100
2023-02-15,75.0,76.36000061035156,74.23999786376953,75.69000244140625,75.69000244140625,522400
2023-02-16,74.08000183105469,74.95999908447266,73.72000122070312,73.94000244140625,73.94000244140625,337500
2023-02-17,73.56999969482422,73.6500015258789,71.55999755859375,72.94000244140625,72.94000244140625,496100
2023-02-21,71.83000183105469,72.3499984741211,70.94999694824219,71.45999908447266,71.45999908447266,397100
2023-02-22,71.88999938964844,72.61000061035156,71.22000122070312,71.5199966430664,71.5199966430664,500300
2023-02-23,72.55000305175781,72.55000305175781,70.47000122070312,71.27999877929688,71.27999877929688,390000
2023-02-24,69.7699966430664,70.1500015258789,69.30000305175781,69.80999755859375,69.80999755859375,401000
2023-02-27,70.66000366210938,71.13999938964844,69.6500015258789,69.94000244140625,69.94000244140625,561300
2023-02-28,69.8499984741211,70.51000213623047,69.81999969482422,70.20999908447266,70.20999908447266,639200
2023-03-01,70.36000061035156,70.5199966430664,69.52999877929688,69.52999877929688,69.52999877929688,582100
2023-03-02,69.44999694824219,71.69999694824219,69.27999877929688,71.58000183105469,71.58000183105469,879800
2023-03-03,72.16999816894531,73.38999938964844,72.16999816894531,73.18000030517578,73.18000030517578,935200
2023-03-06,73.1500015258789,73.72000122070312,71.37000274658203,71.5199966430664,71.5199966430664,969700
2023-03-07,75.62000274658203,76.0999984741211,73.44000244140625,75.1500015258789,75.1500015258789,2008800
2023-03-08,75.2699966430664,76.69999694824219,75.20999908447266,76.38999938964844,76.38999938964844,1073400
2023-03-09,76.25,76.69999694824219,72.91999816894531,73.06999969482422,73.06999969482422,1669900
2023-03-10,72.66999816894531,73.25,70.7300033569336,71.5,71.5,876400
2023-03-13,70.58999633789062,73.52999877929688,69.2699966430664,72.36000061035156,72.36000061035156,1020800
2023-03-14,73.47000122070312,74.94999694824219,73.20999908447266,74.8499984741211,74.8499984741211,969800
2023-03-15,74.06999969482422,77.02999877929688,73.70999908447266,76.77999877929688,76.77999877929688,1298600
2023-03-16,76.8499984741211,78.80999755859375,76.2300033569336,78.61000061035156,78.61000061035156,1128000
2023-03-17,78.02999877929688,78.86000061035156,76.22000122070312,77.19999694824219,77.19999694824219,3984300
2023-03-20,76.87999725341797,77.19000244140625,75.38999938964844,75.83000183105469,75.83000183105469,667600
2023-03-21,75.83000183105469,77.45999908447266,75.5199966430664,77.1500015258789,77.1500015258789,771900
2023-03-22,77.0199966430664,78.08000183105469,75.52999877929688,75.63999938964844,75.63999938964844,750600
2023-03-23,76.30999755859375,78.13999938964844,76.19999694824219,77.8499984741211,77.8499984741211,760100
2023-03-24,77.87000274658203,77.87000274658203,75.72000122070312,77.0999984741211,77.0999984741211,654700
2023-03-27,77.36000061035156,77.75,75.87999725341797,76.4800033569336,76.4800033569336,619700
2023-03-28,76.30000305175781,76.73999786376953,75.80999755859375,76.44000244140625,76.44000244140625,380100
2023-03-29,76.9800033569336,77.72000122070312,76.87999725341797,77.58000183105469,77.58000183105469,373000
2023-03-30,78.3499984741211,79.66000366210938,77.76000213623047,79.5199966430664,79.5199966430664,805100
2023-03-31,79.76000213623047,82.25,79.29000091552734,82.05000305175781,82.05000305175781,692100
2023-04-03,81.36000061035156,81.58999633789062,80.19999694824219,80.83000183105469,80.83000183105469,477800
2023-04-04,81.1500015258789,81.47000122070312,80.5199966430664,81.30000305175781,81.30000305175781,410900
2023-04-05,81.13999938964844,81.13999938964844,78.47000122070312,78.69999694824219,78.69999694824219,530700
2023-04-06,78.05000305175781,78.5999984741211,77.6500015258789,78.5,78.5,345000
2023-04-10,77.58000183105469,78.29000091552734,77.18000030517578,78.19999694824219,78.19999694824219,500100
2023-04-11,77.7300033569336,78.61000061035156,76.72000122070312,77.41000366210938,77.41000366210938,476800
2023-04-12,78.31999969482422,78.7300033569336,77.05999755859375,77.27999877929688,77.27999877929688,528600
2023-04-13,77.58000183105469,78.80999755859375,76.9800033569336,78.33999633789062,78.33999633789062,538800
2023-04-14,77.51000213623047,78.69000244140625,77.0,77.94999694824219,77.94999694824219,638700
2023-04-17,77.93000030517578,78.55999755859375,77.5,78.36000061035156,78.36000061035156,299600
2023-04-18,79.16999816894531,79.86000061035156,78.0199966430664,78.73999786376953,78.73999786376953,333100
2023-04-19,78.02999877929688,78.61000061035156,77.37000274658203,77.41999816894531,77.41999816894531,394800
2023-04-20,76.55999755859375,77.98999786376953,75.69000244140625,75.73999786376953,75.73999786376953,488300
2023-04-21,75.69000244140625,77.91000366210938,75.69000244140625,77.9000015258789,77.9000015258789,663200
2023-04-24,77.87000274658203,78.0199966430664,76.08999633789062,76.76000213623047,76.76000213623047,473600
2023-04-25,76.13999938964844,76.30999755859375,74.55999755859375,74.72000122070312,74.72000122070312,723000
2023-04-26,75.44999694824219,76.31999969482422,74.62999725341797,74.80000305175781,74.80000305175781,650300
2023-04-27,75.4000015258789,76.0199966430664,74.80999755859375,75.95999908447266,75.95999908447266,396900
2023-04-28,75.5,76.58000183105469,75.05999755859375,76.19000244140625,76.19000244140625,506300
2023-05-01,75.98999786376953,76.81999969482422,75.5999984741211,75.86000061035156,75.86000061035156,340000
2023-05-02,75.81999969482422,75.81999969482422,74.04000091552734,74.27999877929688,74.27999877929688,330200
2023-05-03,73.95999908447266,76.12000274658203,73.44000244140625,75.31999969482422,75.31999969482422,765000
2023-05-04,75.55000305175781,76.19999694824219,74.91999816894531,75.91000366210938,75.91000366210938,506900
2023-05-05,76.4800033569336,77.31999969482422,76.18000030517578,76.9000015258789,76.9000015258789,556500
2023-05-08,76.80999755859375,77.70999908447266,76.11000061035156,77.69999694824219,77.69999694824219,435100
2023-05-09,77.0199966430664,78.77999877929688,77.0199966430664,78.58000183105469,78.58000183105469,441600
2023-05-10,79.7300033569336,80.81999969482422,78.58000183105469,80.05000305175781,80.05000305175781,367900
2023-05-11,79.97000122070312,80.02999877929688,78.8499984741211,78.8499984741211,78.8499984741211,288100
2023-05-12,78.54000091552734,78.98999786376953,77.62000274658203,78.58000183105469,78.58000183105469,324900
2023-05-15,78.5,80.41000366210938,78.5,80.20999908447266,80.20999908447266,366400
2023-05-16,79.47000122070312,79.83999633789062,78.95999908447266,79.06999969482422,79.06999969482422,327300
2023-05-17,79.37999725341797,80.5,78.80999755859375,80.41999816894531,80.41999816894531,489800
2023-05-18,80.55000305175781,82.0,80.55000305175781,81.54000091552734,81.54000091552734,524100
2023-05-19,81.5999984741211,81.94000244140625,80.01000213623047,80.36000061035156,80.36000061035156,396900
2023-05-22,80.16999816894531,81.9800033569336,79.87000274658203,81.72000122070312,81.72000122070312,431300
2023-05-23,81.33999633789062,82.4800033569336,79.83000183105469,79.83999633789062,79.83999633789062,486100
2023-05-24,79.51000213623047,79.83000183105469,78.45999908447266,79.16999816894531,79.16999816894531,487100
2023-05-25,79.8499984741211,80.44000244140625,79.05999755859375,79.52999877929688,79.52999877929688,707300
2023-05-26,80.06999969482422,82.05000305175781,79.75,81.2300033569336,81.2300033569336,764800
2023-05-30,82.33999633789062,82.88999938964844,80.98999786376953,81.5999984741211,81.5999984741211,433100
2023-05-31,81.68000030517578,83.20999908447266,81.08999633789062,82.9800033569336,82.9800033569336,889700
2023-06-01,81.83000183105469,83.51000213623047,80.91000366210938,82.83999633789062,82.83999633789062,1119200
2023-06-02,76.5,78.4800033569336,69.80999755859375,70.88999938964844,70.88999938964844,4303800
2023-06-05,70.58999633789062,72.5199966430664,70.3499984741211,72.16000366210938,72.16000366210938,1470500
2023-06-06,72.22000122070312,73.47000122070312,71.81999969482422,73.19000244140625,73.19000244140625,1276800
2023-06-07,73.13999938964844,74.0,71.97000122070312,72.41999816894531,72.41999816894531,829500
2023-06-08,72.37999725341797,73.2699966430664,71.75,72.56999969482422,72.56999969482422,487800
2023-06-09,72.79000091552734,73.16999816894531,71.4800033569336,71.63999938964844,71.63999938964844,599700
2023-06-12,72.58000183105469,73.54000091552734,71.79000091552734,72.93000030517578,72.93000030517578,716100
2023-06-13,73.41000366210938,73.77999877929688,72.16999816894531,72.63999938964844,72.63999938964844,645400
2023-06-14,72.52999877929688,73.0,71.61000061035156,72.55999755859375,72.55999755859375,719300
2023-06-15,72.0,74.19000244140625,71.58999633789062,73.75,73.75,879700
2023-06-16,74.16999816894531,74.16999816894531,71.54000091552734,72.72000122070312,72.72000122070312,3234200
2023-06-20,71.76000213623047,72.45999908447266,70.5,70.9800033569336,70.9800033569336,1125600
2023-06-21,70.18000030517578,70.55000305175781,68.58000183105469,69.02999877929688,69.02999877929688,1172500
2023-06-22,68.58000183105469,69.45999908447266,68.44999694824219,69.0,69.0,930700
2023-06-23,68.9000015258789,70.77999877929688,68.51000213623047,70.4800033569336,70.4800033569336,1609800
2023-06-26,70.25,71.37000274658203,69.33999633789062,69.5199966430664,69.5199966430664,939400
2023-06-27,73.11000061035156,74.94999694824219,71.83999633789062,74.93000030517578,74.93000030517578,1206000
2023-06-28,74.83000183105469,76.2699966430664,74.73999786376953,75.48999786376953,75.48999786376953,646300
2023-06-29,75.75,76.9000015258789,74.36000061035156,74.66999816894531,74.66999816894531,735700
2023-06-30,75.13999938964844,76.12999725341797,75.13999938964844,76.08000183105469,76.08000183105469,512800
2023-07-03,75.56999969482422,76.0,74.93000030517578,75.18000030517578,75.18000030517578,256900
2023-07-05,74.69000244140625,75.91999816894531,74.33999633789062,75.7699966430664,75.7699966430664,522900
2023-07-06,74.66999816894531,75.47000122070312,74.02999877929688,75.4000015258789,75.4000015258789,442900
2023-07-07,75.25,76.66000366210938,75.25,76.20999908447266,76.20999908447266,476600
2023-07-10,76.05999755859375,77.22000122070312,75.83999633789062,76.33999633789062,76.33999633789062,333200
2023-07-11,76.56999969482422,77.33000183105469,76.18000030517578,76.91999816894531,76.91999816894531,340900
2023-07-12,77.95999908447266,78.70999908447266,77.05999755859375,78.69000244140625,78.69000244140625,442100
2023-07-13,79.2300033569336,80.70999908447266,79.08999633789062,80.61000061035156,80.61000061035156,599000
2023-07-14,80.79000091552734,80.79000091552734,78.66000366210938,78.87000274658203,78.87000274658203,267300
2023-07-17,78.87000274658203,80.02999877929688,78.5999984741211,79.51000213623047,79.51000213623047,331400
2023-07-18,79.29000091552734,79.72000122070312,78.79000091552734,79.37000274658203,79.37000274658203,297500
2023-07-19,80.04000091552734,81.08000183105469,79.3499984741211,79.83000183105469,79.83000183105469,495900
2023-07-20,78.80999755859375,79.66000366210938,78.0199966430664,78.0999984741211,78.0999984741211,332500
2023-07-21,78.63999938964844,79.1500015258789,78.0199966430664,78.47000122070312,78.47000122070312,368700
2023-07-24,78.79000091552734,78.88999938964844,77.5,78.54000091552734,78.54000091552734,293700
2023-07-25,78.8499984741211,80.29000091552734,78.5199966430664,79.88999938964844,79.88999938964844,432900
2023-07-26,79.5199966430664,80.2699966430664,78.9800033569336,79.6500015258789,79.6500015258789,326200
2023-07-27,80.91000366210938,81.66000366210938,79.77999877929688,80.47000122070312,80.47000122070312,707200
2023-07-28,81.0,82.55000305175781,80.94000244140625,82.37000274658203,82.37000274658203,390400
2023-07-31,82.77999877929688,85.62999725341797,82.75,84.81999969482422,84.81999969482422,829800
2023-08-01,84.27999877929688,86.79000091552734,84.0999984741211,86.4800033569336,86.4800033569336,580500
2023-08-02,85.44000244140625,85.44000244140625,82.6500015258789,83.55999755859375,83.55999755859375,579500
2023-08-03,83.1500015258789,83.81999969482422,82.76000213623047,83.52999877929688,83.52999877929688,334700
2023-08-04,84.1500015258789,84.80999755859375,82.4000015258789,84.55999755859375,84.55999755859375,537300
2023-08-07,84.30999755859375,85.80000305175781,83.81999969482422,84.91999816894531,84.91999816894531,738000
2023-08-08,83.97000122070312,84.12999725341797,80.69000244140625,81.72000122070312,81.72000122070312,568900
2023-08-09,81.86000061035156,82.37999725341797,80.3499984741211,81.9000015258789,81.9000015258789,388200
2023-08-10,82.69999694824219,83.55999755859375,82.1500015258789,82.58999633789062,82.58999633789062,316000
2023-08-11,82.12000274658203,83.19999694824219,81.22000122070312,82.5999984741211,82.5999984741211,474400
2023-08-14,82.4000015258789,83.69999694824219,82.25,83.22000122070312,83.22000122070312,633100
2023-08-15,82.83999633789062,83.20999908447266,82.0199966430664,82.19999694824219,82.19999694824219,386800
2023-08-16,82.05999755859375,82.69000244140625,81.56999969482422,81.98999786376953,81.98999786376953,674200
2023-08-17,82.05999755859375,82.05999755859375,78.93000030517578,78.9800033569336,78.9800033569336,527600
2023-08-18,78.05000305175781,79.43000030517578,78.05000305175781,79.12999725341797,79.12999725341797,691100
2023-08-21,79.29000091552734,80.16999816894531,79.0,79.66999816894531,79.66999816894531,484800
2023-08-22,80.2300033569336,80.55000305175781,79.33000183105469,79.51000213623047,79.51000213623047,489600
2023-08-23,79.88999938964844,80.87999725341797,79.70999908447266,80.58999633789062,80.58999633789062,560200
2023-08-24,81.4000015258789,81.63999938964844,80.0,80.44000244140625,80.44000244140625,576100
2023-08-25,80.27999877929688,81.47000122070312,80.2300033569336,80.75,80.75,528200
2023-08-28,81.22000122070312,81.4000015258789,80.22000122070312,80.5199966430664,80.5199966430664,983200
2023-08-29,80.23999786376953,82.0,79.95999908447266,82.0,82.0,635000
2023-08-30,81.91999816894531,84.0,81.5199966430664,83.80000305175781,83.80000305175781,480800
2023-08-31,84.37999725341797,86.98999786376953,84.37999725341797,86.43000030517578,86.43000030517578,873200
2023-09-01,86.63999938964844,87.06999969482422,85.9800033569336,86.52999877929688,86.52999877929688,461400
2023-09-05,86.06999969482422,86.77999877929688,85.69999694824219,86.06999969482422,86.06999969482422,490200
2023-09-06,85.48999786376953,86.27999877929688,84.95999908447266,85.68000030517578,85.68000030517578,445900
2023-09-07,84.80999755859375,85.38999938964844,83.91000366210938,84.83999633789062,84.83999633789062,1328500
2023-09-08,90.0,95.87999725341795,89.70999908447266,94.1500015258789,94.1500015258789,2310800
2023-09-11,93.88999938964844,94.8000030517578,92.33999633789062,92.91000366210938,92.91000366210938,1515300
2023-09-12,92.13999938964844,93.18000030517578,91.63999938964844,92.5500030517578,92.5500030517578,1043600
2023-09-13,92.27999877929688,92.4800033569336,91.26000213623048,91.98999786376952,91.98999786376952,941100
2023-09-14,91.95999908447266,92.41000366210938,90.63999938964844,91.0199966430664,91.0199966430664,597300
2023-09-15,90.76000213623048,92.0500030517578,90.41000366210938,91.54000091552734,91.54000091552734,1127100
2023-09-18,91.4000015258789,93.5,91.4000015258789,93.16999816894533,93.16999816894533,868000
2023-09-19,92.81999969482422,92.81999969482422,90.86000061035156,92.4499969482422,92.4499969482422,829500
2023-09-20,92.0,92.8000030517578,91.08999633789062,91.25,91.25,1088700
2023-09-21,89.86000061035156,90.8499984741211,88.13999938964844,88.20999908447266,88.20999908447266,633800
2023-09-22,89.13999938964844,89.13999938964844,87.2699966430664,87.41999816894531,87.41999816894531,728000
2023-09-25,86.98999786376953,88.01000213623047,86.98999786376953,87.5999984741211,87.5999984741211,537200
2023-09-26,87.0199966430664,87.55000305175781,86.0199966430664,86.08999633789062,86.08999633789062,655600
2023-09-27,86.68000030517578,89.30999755859375,86.68000030517578,88.88999938964844,88.88999938964844,1237100
2023-09-28,88.4000015258789,91.05999755859376,87.98999786376953,90.62999725341795,90.62999725341795,881900
2023-09-29,92.0,92.94000244140624,89.93000030517578,90.0,90.0,819300
2023-10-02,89.79000091552734,91.36000061035156,89.66000366210938,90.0999984741211,90.0999984741211,479600
2023-10-03,89.31999969482422,90.16000366210938,86.68000030517578,87.31999969482422,87.31999969482422,544700
2023-10-04,88.05999755859375,89.33999633789062,87.83999633789062,89.20999908447266,89.20999908447266,444800
2023-10-05,88.76000213623047,89.04000091552734,87.48999786376953,88.88999938964844,88.88999938964844,651200
2023-10-06,88.22000122070312,92.5999984741211,88.19999694824219,91.45999908447266,91.45999908447266,515700
2023-10-09,90.16999816894533,91.91000366210938,89.73999786376953,91.4800033569336,91.4800033569336,391900
2023-10-10,91.26000213623048,92.68000030517578,91.26000213623048,91.55999755859376,91.55999755859376,414200
2023-10-11,91.61000061035156,92.91000366210938,90.95999908447266,92.23999786376952,92.23999786376952,395000
2023-10-12,92.38999938964844,92.38999938964844,90.02999877929688,90.33000183105467,90.33000183105467,341900
2023-10-13,90.31999969482422,90.3499984741211,88.62999725341797,89.27999877929688,89.27999877929688,327800
2023-10-16,89.58000183105469,91.37000274658205,89.12999725341797,90.62999725341795,90.62999725341795,330500
2023-10-17,89.87000274658203,92.12000274658205,89.45999908447266,91.70999908447266,91.70999908447266,476300
2023-10-18,91.33999633789062,92.19000244140624,90.16999816894533,90.23999786376952,90.23999786376952,776600
2023-10-19,90.95999908447266,91.31999969482422,88.4000015258789,89.06999969482422,89.06999969482422,437800
2023-10-20,89.25,89.33999633789062,86.33999633789062,87.51000213623047,87.51000213623047,358700
2023-10-23,86.7300033569336,88.37000274658203,86.0,87.29000091552734,87.29000091552734,329100
2023-10-24,88.12000274658203,89.87999725341797,88.08999633789062,89.43000030517578,89.43000030517578,352500
2023-10-25,88.79000091552734,89.12999725341797,86.11000061035156,86.2300033569336,86.2300033569336,361000
2023-10-26,86.29000091552734,87.1500015258789,85.1500015258789,86.12999725341797,86.12999725341797,354800
2023-10-27,86.3499984741211,86.79000091552734,85.47000122070312,85.98999786376953,85.98999786376953,345700
2023-10-30,86.87000274658203,87.26000213623047,85.86000061035156,86.76000213623047,86.76000213623047,416300
2023-10-31,87.08000183105469,90.2699966430664,86.48999786376953,90.12999725341795,90.12999725341795,683100
2023-11-01,90.12000274658205,90.19000244140624,87.87999725341797,89.30999755859375,89.30999755859375,493300
2023-11-02,91.1999969482422,91.88999938964844,89.3499984741211,89.91999816894531,89.91999816894531,456400
2023-11-03,90.6500015258789,91.9800033569336,90.02999877929688,91.4499969482422,91.4499969482422,578500
2023-11-06,92.2699966430664,92.2699966430664,89.08000183105469,90.3000030517578,90.3000030517578,350100
2023-11-07,91.5199966430664,95.08999633789062,90.86000061035156,92.37999725341795,92.37999725341795,977800
2023-11-08,92.66999816894533,93.22000122070312,91.6999969482422,92.26000213623048,92.26000213623048,448900
2023-11-09,92.36000061035156,92.36000061035156,89.36000061035156,89.5999984741211,89.5999984741211,466000
2023-11-10,89.73999786376953,91.30999755859376,89.41999816894531,91.08999633789062,91.08999633789062,653000
2023-11-13,90.7699966430664,92.56999969482422,90.5,91.62999725341795,91.62999725341795,467500
2023-11-14,94.5500030517578,96.91000366210938,94.5199966430664,96.63999938964844,96.63999938964844,803800
2023-11-15,97.1999969482422,98.77999877929688,97.1999969482422,97.41999816894533,97.41999816894533,1049900
2023-11-16,96.91000366210938,96.97000122070312,94.97000122070312,96.4499969482422,96.4499969482422,460800
2023-11-17,96.38999938964844,96.88999938964844,96.0199966430664,96.83000183105467,96.83000183105467,307700
2023-11-20,97.1500015258789,98.44000244140624,97.1500015258789,98.18000030517578,98.18000030517578,374400
2023-11-21,97.75,98.68000030517578,96.95999908447266,97.79000091552734,97.79000091552734,318900
2023-11-22,98.48999786376952,98.66000366210938,97.06999969482422,97.12000274658205,97.12000274658205,236600
2023-11-24,96.8499984741211,97.31999969482422,96.54000091552734,97.27999877929688,97.27999877929688,163300
2023-11-27,96.76000213623048,98.29000091552734,96.76000213623048,97.62999725341795,97.62999725341795,504200
2023-11-28,97.18000030517578,97.9000015258789,96.76000213623048,97.33000183105467,97.33000183105467,409100
2023-11-29,99.68000030517578,101.37000274658205,98.97000122070312,99.5199966430664,99.5199966430664,660300
2023-11-30,100.0,100.2300033569336,98.6999969482422,99.94000244140624,99.94000244140624,982800
2023-12-01,99.68000030517578,101.93000030517578,99.1500015258789,101.58999633789062,101.58999633789062,478500
2023-12-04,100.87999725341795,101.52999877929688,99.4800033569336,100.12999725341795,100.12999725341795,654200
2023-12-05,99.61000061035156,102.41000366210938,98.87000274658205,102.22000122070312,102.22000122070312,1113100
2023-12-06,101.87000274658205,101.9000015258789,97.7300033569336,98.08000183105467,98.08000183105467,762100
2023-12-07,98.0,98.94000244140624,97.3499984741211,98.8499984741211,98.8499984741211,1466600
2023-12-08,100.5500030517578,101.73999786376952,96.88999938964844,97.88999938964844,97.88999938964844,1221500
2023-12-11,97.0999984741211,97.98999786376952,95.45999908447266,96.26000213623048,96.26000213623048,1098900
2023-12-12,95.9000015258789,97.94000244140624,95.0199966430664,97.61000061035156,97.61000061035156,1766600
2023-12-13,96.75,99.29000091552734,96.12999725341795,98.79000091552734,98.79000091552734,796300
2023-12-14,99.29000091552734,99.81999969482422,96.11000061035156,97.38999938964844,97.38999938964844,978900
2023-12-15,95.76000213623048,100.0199966430664,95.5,100.0199966430664,100.0199966430664,4212800
2023-12-18,100.80999755859376,103.62000274658205,100.0,103.5,103.5,1000400
2023-12-19,103.5,105.25,103.16999816894533,105.18000030517578,105.18000030517578,970100
2023-12-20,104.43000030517578,106.1999969482422,103.9499969482422,105.12000274658205,105.12000274658205,1007900
2023-12-21,106.37000274658205,107.12000274658205,105.20999908447266,107.02999877929688,107.02999877929688,585400
2023-12-22,107.2699966430664,108.81999969482422,106.79000091552734,108.52999877929688,108.52999877929688,973900
2023-12-26,108.75,110.37000274658205,108.52999877929688,110.26000213623048,110.26000213623048,638600
2023-12-27,110.41000366210938,110.55999755859376,109.05999755859376,110.20999908447266,110.20999908447266,933100
2023-12-28,110.08999633789062,110.91999816894533,109.98999786376952,110.88999938964844,110.88999938964844,767900
2023-12-29,110.45999908447266,111.0,108.5999984741211,109.04000091552734,109.04000091552734,468300
2024-01-02,107.80999755859376,108.27999877929688,105.18000030517578,106.75,106.75,1180900
2024-01-03,105.3499984741211,106.12999725341795,104.37999725341795,105.0199966430664,105.0199966430664,1716300
2024-01-04,104.38999938964844,105.41000366210938,104.16000366210938,104.88999938964844,104.88999938964844,939900
2024-01-05,103.95999908447266,105.69000244140624,102.66000366210938,105.08999633789062,105.08999633789062,579300
2024-01-08,106.20999908447266,107.5199966430664,105.77999877929688,106.86000061035156,106.86000061035156,988600
2024-01-09,106.2699966430664,107.1999969482422,105.30999755859376,106.77999877929688,106.77999877929688,384200
2024-01-10,107.16000366210938,110.05999755859376,106.7300033569336,110.0500030517578,110.0500030517578,627100
2024-01-11,110.7699966430664,111.2300033569336,109.4800033569336,111.20999908447266,111.20999908447266,673500
2024-01-12,111.19000244140624,112.81999969482422,110.88999938964844,112.81999969482422,112.81999969482422,931400
2024-01-16,112.0999984741211,112.37999725341795,110.58000183105467,111.41999816894533,111.41999816894533,651400
2024-01-17,110.91000366210938,111.18000030517578,108.41999816894533,110.62000274658205,110.62000274658205,540300
2024-01-18,111.93000030517578,112.4800033569336,110.72000122070312,112.0500030517578,112.0500030517578,951100
2024-01-19,113.16999816894533,115.26000213623048,112.19000244140624,115.25,115.25,667300
2024-01-22,116.88999938964844,117.25,115.3499984741211,115.4800033569336,115.4800033569336,671600
2024-01-23,115.9000015258789,115.9000015258789,113.36000061035156,113.79000091552734,113.79000091552734,422500
2024-01-24,114.8499984741211,114.8499984741211,112.0500030517578,112.13999938964844,112.13999938964844,520300
2024-01-25,113.36000061035156,113.45999908447266,112.0199966430664,112.56999969482422,112.56999969482422,651200
2024-01-26,112.33999633789062,112.81999969482422,110.9800033569336,111.0999984741211,111.0999984741211,366300
2024-01-29,111.63999938964844,114.33000183105467,111.63999938964844,114.19000244140624,114.19000244140624,400800
2024-01-30,114.25,114.7300033569336,113.5199966430664,114.62000274658205,114.62000274658205,731600
2024-01-31,113.55999755859376,113.94000244140624,111.62999725341795,111.68000030517578,111.68000030517578,394100
2024-02-01,112.26000213623048,113.9499969482422,112.1500015258789,113.58000183105467,113.58000183105467,513500
2024-02-02,113.0,114.93000030517578,112.97000122070312,113.30999755859376,113.30999755859376,472200
2024-02-05,112.5999984741211,112.88999938964844,110.87000274658205,112.18000030517578,112.18000030517578,293400
2024-02-06,112.83999633789062,114.27999877929688,112.36000061035156,113.93000030517578,113.93000030517578,713600
2024-02-07,114.33000183105467,116.0500030517578,113.87999725341795,115.4000015258789,115.4000015258789,488900
2024-02-08,115.66999816894533,116.94000244140624,115.25,116.66999816894533,116.66999816894533,356000
2024-02-09,117.51000213623048,118.73999786376952,117.08999633789062,117.55999755859376,117.55999755859376,316500
2024-02-12,117.29000091552734,118.27999877929688,116.45999908447266,117.77999877929688,117.77999877929688,517000
2024-02-13,113.86000061035156,116.95999908447266,113.33999633789062,116.06999969482422,116.06999969482422,502800
2024-02-14,117.7300033569336,118.61000061035156,116.6999969482422,118.5500030517578,118.5500030517578,397600
2024-02-15,119.12999725341795,120.70999908447266,118.75,120.66999816894533,120.66999816894533,400300
2024-02-16,120.16000366210938,120.29000091552734,118.5999984741211,119.1500015258789,119.1500015258789,399400
2024-02-20,118.1500015258789,118.54000091552734,116.54000091552734,117.9000015258789,117.9000015258789,377200
2024-02-21,115.8000030517578,116.38999938964844,114.87000274658205,116.0999984741211,116.0999984741211,507300
2024-02-22,119.20999908447266,119.20999908447266,117.27999877929688,118.3499984741211,118.3499984741211,454100
2024-02-23,119.05999755859376,120.72000122070312,118.91999816894533,120.27999877929688,120.27999877929688,365400
2024-02-26,120.3499984741211,121.68000030517578,120.33000183105467,121.0999984741211,121.0999984741211,533000
2024-02-27,121.16999816894533,121.45999908447266,120.30999755859376,120.66000366210938,120.66000366210938,445500
2024-02-28,121.0,121.08000183105467,119.29000091552734,120.72000122070312,120.72000122070312,686200
2024-02-29,120.9000015258789,121.73999786376952,119.05999755859376,119.33999633789062,119.33999633789062,1381300
2024-03-01,118.5500030517578,119.12999725341795,116.7300033569336,116.7300033569336,116.7300033569336,2192900
2024-03-04,116.7300033569336,120.27999877929688,116.18000030517578,118.77999877929688,118.77999877929688,784600
2024-03-05,117.33000183105467,117.33000183105467,113.66000366210938,114.3000030517578,114.3000030517578,605600
2024-03-06,115.6999969482422,116.69000244140624,114.94000244140624,115.26000213623048,115.26000213623048,762300
2024-03-07,116.75,117.0999984741211,115.08000183105467,116.93000030517578,116.93000030517578,998400
2024-03-08,118.0,122.3499984741211,117.54000091552734,117.6500015258789,117.6500015258789,1551200
2024-03-11,116.9499969482422,117.44000244140624,114.9800033569336,115.01000213623048,115.01000213623048,604200
2024-03-12,115.01000213623048,115.75,114.4800033569336,114.55999755859376,114.55999755859376,698900
2024-03-13,114.52999877929688,116.19000244140624,114.04000091552734,114.83000183105467,114.83000183105467,926600
2024-03-14,114.4000015258789,115.04000091552734,113.26000213623048,114.4800033569336,114.4800033569336,525800
2024-03-15,113.02999877929688,114.11000061035156,112.2699966430664,112.66000366210938,112.66000366210938,598800
2024-03-18,113.19000244140624,114.0,112.91999816894533,113.54000091552734,113.54000091552734,545000
2024-03-19,112.0,112.86000061035156,110.8000030517578,112.66999816894533,112.66999816894533,944600
2024-03-20,112.51000213623048,114.3000030517578,112.13999938964844,113.3499984741211,113.3499984741211,502500
2024-03-21,114.0,115.86000061035156,113.4800033569336,113.48999786376952,113.48999786376952,497000
2024-03-22,113.13999938964844,113.87999725341795,112.4800033569336,113.54000091552734,113.54000091552734,340200
2024-03-25,113.0,114.08000183105467,112.8499984741211,113.9000015258789,113.9000015258789,927400
2024-03-26,114.7699966430664,115.83999633789062,114.25,115.81999969482422,115.81999969482422,668300
2024-03-27,116.88999938964844,117.25,115.0500030517578,115.41000366210938,115.41000366210938,691400
2024-03-28,115.58999633789062,116.97000122070312,115.0500030517578,116.70999908447266,116.70999908447266,430300
2024-04-01,116.6999969482422,116.79000091552734,114.38999938964844,116.04000091552734,116.04000091552734,526100
2024-04-02,115.81999969482422,116.80999755859376,113.83999633789062,115.6500015258789,115.6500015258789,661200
2024-04-03,115.0,116.27999877929688,114.54000091552734,115.0999984741211,115.0999984741211,731400
2024-04-04,116.16000366210938,116.77999877929688,114.86000061035156,115.02999877929688,115.02999877929688,492100
2024-04-05,115.0999984741211,116.20999908447266,114.87999725341795,115.54000091552734,115.54000091552734,410200
2024-04-08,116.23999786376952,116.23999786376952,114.88999938964844,114.91999816894533,114.91999816894533,435500
2024-04-09,116.04000091552734,117.98999786376952,114.91999816894533,115.37999725341795,115.37999725341795,488200
2024-04-10,112.61000061035156,113.83999633789062,111.73999786376952,112.18000030517578,112.18000030517578,387500
2024-04-11,112.5500030517578,113.41000366210938,111.5999984741211,113.12999725341795,113.12999725341795,358800
2024-04-12,112.18000030517578,112.27999877929688,110.8499984741211,111.25,111.25,503400
2024-04-15,111.3499984741211,111.66000366210938,108.76000213623048,109.29000091552734,109.29000091552734,531200
2024-04-16,109.20999908447266,109.70999908447266,108.37999725341795,109.30999755859376,109.30999755859376,471300
2024-04-17,109.63999938964844,110.22000122070312,108.23999786376952,108.33999633789062,108.33999633789062,345700
2024-04-18,108.5,109.5,107.5999984741211,107.9000015258789,107.9000015258789,288000
2024-04-19,108.04000091552734,108.41000366210938,107.0,107.63999938964844,107.63999938964844,376300
2024-04-22,108.72000122070312,110.12999725341795,107.5199966430664,109.79000091552734,109.79000091552734,475200
2024-04-23,110.41000366210938,114.22000122070312,110.41000366210938,113.77999877929688,113.77999877929688,516600
2024-04-24,114.62999725341795,115.2300033569336,112.66000366210938,113.51000213623048,113.51000213623048,377300
2024-04-25,111.94000244140624,112.55999755859376,110.79000091552734,111.9800033569336,111.9800033569336,515000
2024-04-26,113.08000183105467,114.69000244140624,112.6999969482422,113.5500030517578,113.5500030517578,260800
2024-04-29,114.0199966430664,114.7699966430664,112.81999969482422,112.83000183105467,112.83000183105467,462300
2024-04-30,112.3000030517578,113.27999877929688,110.36000061035156,110.4000015258789,110.4000015258789,668400
2024-05-01,111.1500015258789,113.29000091552734,109.29000091552734,110.8000030517578,110.8000030517578,491100
2024-05-02,111.69000244140624,113.37999725341795,110.47000122070312,113.29000091552734,113.29000091552734,418300
2024-05-03,114.62000274658205,115.20999908447266,113.13999938964844,113.31999969482422,113.31999969482422,237600
2024-05-06,114.36000061035156,116.73999786376952,114.29000091552734,116.72000122070312,116.72000122070312,379400
2024-05-07,115.33000183105467,117.0500030517578,115.23999786376952,116.6500015258789,116.6500015258789,410500
2024-05-08,116.4000015258789,117.12000274658205,115.72000122070312,116.08999633789062,116.08999633789062,409300
2024-05-09,116.52999877929688,117.29000091552734,116.0199966430664,117.06999969482422,117.06999969482422,236200
2024-05-10,117.16999816894533,117.98999786376952,116.29000091552734,116.55999755859376,116.55999755859376,332000
2024-05-13,117.3000030517578,117.3000030517578,115.58999633789062,116.30999755859376,116.30999755859376,282200
2024-05-14,116.58000183105467,119.27999877929688,116.22000122070312,119.08999633789062,119.08999633789062,521500
2024-05-15,120.0500030517578,123.9800033569336,120.0500030517578,123.75,123.75,633300
2024-05-16,123.27999877929688,123.8499984741211,121.5199966430664,121.69000244140624,121.69000244140624,444100
2024-05-17,122.0,122.9499969482422,121.1500015258789,122.91999816894533,122.91999816894533,295000
2024-05-20,123.16000366210938,124.88999938964844,122.47000122070312,124.87000274658205,124.87000274658205,331800
2024-05-21,124.12999725341795,125.3499984741211,123.12000274658205,123.4000015258789,123.4000015258789,587100
2024-05-22,123.48999786376952,124.23999786376952,122.0,123.01000213623048,123.01000213623048,487300
2024-05-23,124.06999969482422,124.3000030517578,120.75,121.3499984741211,121.3499984741211,256400
2024-05-24,120.7699966430664,121.1500015258789,118.58999633789062,120.91999816894533,120.91999816894533,405600
2024-05-28,121.0500030517578,121.62000274658205,120.1500015258789,120.5199966430664,120.5199966430664,335000
2024-05-29,118.7300033569336,120.66000366210938,118.7300033569336,119.93000030517578,119.93000030517578,297200
2024-05-30,118.6999969482422,118.95999908447266,113.37999725341795,113.5199966430664,113.5199966430664,774600
2024-05-31,113.48999786376952,114.91999816894533,110.88999938964844,113.91999816894533,113.91999816894533,1122500
2024-06-03,114.63999938964844,114.63999938964844,109.08999633789062,109.68000030517578,109.68000030517578,1236200
2024-06-04,109.83000183105467,111.01000213623048,107.6500015258789,108.0500030517578,108.0500030517578,1441000
2024-06-05,123.58999633789062,129.08999633789062,117.69000244140624,127.45999908447266,127.45999908447266,3369600
2024-06-06,128.6300048828125,131.66000366210938,126.54000091552734,130.67999267578125,130.67999267578125,1458700
2024-06-07,129.97000122070312,132.36000061035156,129.02000427246094,129.97999572753906,129.97999572753906,737000
2024-06-10,130.33999633789062,132.97000122070312,129.89999389648438,132.2100067138672,132.2100067138672,780500
2024-06-11,132.3300018310547,136.44000244140625,132.3300018310547,136.0,136.0,894400
2024-06-12,137.24000549316406,138.14999389648438,133.63999938964844,135.25,135.25,612500
2024-06-13,135.25,135.25,131.8699951171875,132.99000549316406,132.99000549316406,603200
2024-06-14,133.38999938964844,133.83999633789062,131.8800048828125,133.1300048828125,133.1300048828125,466600
2024-06-17,132.77000427246094,136.83999633789062,131.82000732421875,135.75,135.75,585100
2024-06-18,135.0,135.99000549316406,133.38999938964844,135.50999450683594,135.50999450683594,686100
2024-06-20,134.1999969482422,135.63999938964844,133.52999877929688,135.61000061035156,135.61000061035156,588000
2024-06-21,135.75999450683594,137.9499969482422,134.39999389648438,137.3000030517578,137.3000030517578,999800
2024-06-24,136.74000549316406,137.0399932861328,135.1199951171875,135.13999938964844,135.13999938964844,435100
2024-06-25,135.99000549316406,137.7899932861328,134.66000366210938,136.80999755859375,136.80999755859375,517000
2024-06-26,136.36000061035156,136.7100067138672,134.3800048828125,134.86000061035156,134.86000061035156,576100
2024-06-27,136.47999572753906,138.4499969482422,135.64999389648438,137.1999969482422,137.1999969482422,649600
2024-06-28,137.74000549316406,139.91000366210938,137.38999938964844,137.88999938964844,137.88999938964844,1432500
2024-07-01,137.36000061035156,139.16000366210938,136.67999267578125,138.99000549316406,138.99000549316406,500500
2024-07-02,138.64999389648438,139.89999389648438,138.0800018310547,138.8000030517578,138.8000030517578,427900
2024-07-03,138.61000061035156,140.55999755859375,138.61000061035156,139.1199951171875,139.1199951171875,377500
2024-07-05,139.0,139.8800048828125,138.72999572753906,139.35000610351562,139.35000610351562,324600
2024-07-08,138.85000610351562,139.99000549316406,137.8699951171875,139.91000366210938,139.91000366210938,450600
2024-07-09,139.8800048828125,139.8800048828125,137.16000366210938,138.86000061035156,138.86000061035156,603900
2024-07-10,138.72999572753906,138.72999572753906,135.97999572753906,137.8699951171875,137.8699951171875,544200
2024-07-11,138.97000122070312,139.74000549316406,137.02000427246094,137.0399932861328,137.0399932861328,407000
2024-07-12,136.6300048828125,139.77000427246094,136.6300048828125,138.07000732421875,138.07000732421875,564900
2024-07-15,139.0,142.5800018310547,138.13999938964844,141.22000122070312,141.22000122070312,761300
2024-07-16,141.8699951171875,143.60000610351562,141.39999389648438,142.13999938964844,142.13999938964844,576500
2024-07-17,140.08999633789062,143.42999267578125,139.5500030517578,140.77000427246094,140.77000427246094,654500
2024-07-18,140.99000549316406,141.77999877929688,138.3000030517578,140.17999267578125,140.17999267578125,653400
2024-07-19,139.1199951171875,141.58999633789062,138.4199981689453,141.55999755859375,141.55999755859375,603300
2024-07-22,143.7899932861328,145.35000610351562,143.08999633789062,144.58999633789062,144.58999633789062,874700
2024-07-23,145.27999877929688,146.9600067138672,144.1199951171875,145.91000366210938,145.91000366210938,541200
2024-07-24,144.52000427246094,146.27999877929688,143.7100067138672,144.2100067138672,144.2100067138672,635300
2024-07-25,144.55999755859375,147.6999969482422,142.4600067138672,144.60000610351562,144.60000610351562,737100
2024-07-26,146.25999450683594,148.36000061035156,146.08999633789062,148.00999450683594,148.00999450683594,894900
2024-07-29,149.08999633789062,150.2100067138672,148.07000732421875,148.5800018310547,148.5800018310547,924100
2024-07-30,149.39999389648438,150.72000122070312,147.85000610351562,149.6999969482422,149.6999969482422,1004200
2024-07-31,151.3800048828125,153.85000610351562,147.75999450683594,150.07000732421875,150.07000732421875,663500
2024-08-01,150.38999938964844,152.10000610351562,147.67999267578125,148.9600067138672,148.9600067138672,634800
2024-08-02,144.19000244140625,145.32000732421875,142.41000366210938,143.91000366210938,143.91000366210938,1061300
2024-08-05,135.3300018310547,141.50999450683594,132.00999450683594,140.00999450683594,140.00999450683594,1144300
2024-08-06,141.44000244140625,143.82000732421875,139.4499969482422,142.0,142.0,501000
2024-08-07,143.7899932861328,145.22000122070312,140.61000061035156,140.63999938964844,140.63999938964844,410100
2024-08-08,143.0500030517578,145.77000427246094,141.02999877929688,144.85000610351562,144.85000610351562,476600
2024-08-09,145.14999389648438,147.47999572753906,144.19000244140625,146.67999267578125,146.67999267578125,551200
2024-08-12,146.91000366210938,148.69000244140625,145.39999389648438,145.8000030517578,145.8000030517578,437100
2024-08-13,146.86000061035156,147.8699951171875,144.66000366210938,146.6699981689453,146.6699981689453,592200
2024-08-14,147.39999389648438,147.39999389648438,145.36000061035156,146.27999877929688,146.27999877929688,505100
2024-08-15,147.47000122070312,148.64999389648438,146.7100067138672,147.3300018310547,147.3300018310547,386300
2024-08-16,147.07000732421875,148.4199981689453,146.75,147.83999633789062,147.83999633789062,565200
2024-08-19,148.0800018310547,148.39999389648438,147.4499969482422,148.39999389648438,148.39999389648438,431700
2024-08-20,149.02999877929688,149.4600067138672,146.83999633789062,146.9199981689453,146.9199981689453,521100
2024-08-21,146.97000122070312,148.47999572753906,146.97000122070312,148.2100067138672,148.2100067138672,617700
2024-08-22,148.3800048828125,149.7100067138672,146.41000366210938,146.60000610351562,146.60000610351562,514200
2024-08-23,147.44000244140625,147.72000122070312,145.00999450683594,145.82000732421875,145.82000732421875,749900
2024-08-26,146.14999389648438,148.52999877929688,145.69000244140625,147.42999267578125,147.42999267578125,619100
2024-08-27,146.0500030517578,148.25,146.0500030517578,147.5800018310547,147.5800018310547,469000
2024-08-28,146.8300018310547,148.35000610351562,146.22000122070312,147.25999450683594,147.25999450683594,433400
2024-08-29,147.80999755859375,149.39999389648438,147.19000244140625,147.5,147.5,523500
2024-08-30,148.24000549316406,149.3300018310547,147.02000427246094,148.77000427246094,148.77000427246094,1038300
2024-09-03,148.8800048828125,150.1999969482422,145.6199951171875,146.13999938964844,146.13999938964844,938000
2024-09-04,145.0,147.58999633789062,143.22000122070312,147.0800018310547,147.0800018310547,1576500
2024-09-05,145.4600067138672,146.8000030517578,142.94000244140625,143.92999267578125,143.92999267578125,1257000
2024-09-06,169.2899932861328,171.74000549316406,159.0,161.72000122070312,161.72000122070312,3637000
2024-09-09,163.2100067138672,168.5500030517578,162.72000122070312,168.0800018310547,168.0800018310547,1366000
2024-09-10,169.1999969482422,169.5,165.75,167.4600067138672,167.4600067138672,1049400
2024-09-11,166.36000061035156,169.2899932861328,166.36000061035156,168.07000732421875,168.07000732421875,861800
2024-09-12,168.8000030517578,170.44000244140625,167.6999969482422,169.8000030517578,169.8000030517578,813800
2024-09-13,169.8800048828125,171.9499969482422,168.25999450683594,171.80999755859375,171.80999755859375,758200
2024-09-16,171.80999755859375,173.19000244140625,171.1199951171875,172.75999450683594,172.75999450683594,660900
2024-09-17,172.2899932861328,173.72000122070312,170.72000122070312,173.02999877929688,173.02999877929688,891100
2024-09-18,172.1699981689453,173.0800018310547,170.6999969482422,172.42999267578125,172.42999267578125,939800
2024-09-19,173.8800048828125,174.67999267578125,171.3800048828125,174.64999389648438,174.64999389648438,804300
2024-09-20,174.77999877929688,176.0,172.86000061035156,174.5399932861328,174.5399932861328,1238800
2024-09-23,174.58999633789062,175.08999633789062,173.47999572753906,173.97000122070312,173.97000122070312,640000
2024-09-24,174.92999267578125,176.08999633789062,173.33999633789062,176.0500030517578,176.0500030517578,1095500
2024-09-25,175.97999572753906,177.35000610351562,175.27999877929688,176.75999450683594,176.75999450683594,501200
2024-09-26,179.10000610351562,179.1300048828125,175.14999389648438,176.75999450683594,176.75999450683594,655700
2024-09-27,177.16000366210938,177.99000549316406,175.72999572753906,177.97000122070312,177.97000122070312,709500
2024-09-30,179.24000549316406,183.22999572753903,177.35000610351562,182.94000244140625,182.94000244140625,1145400
2024-10-01,182.69000244140625,182.69000244140625,178.7100067138672,180.9900054931641,180.9900054931641,972300
2024-10-02,180.5,182.16000366210935,179.8000030517578,180.3600006103516,180.3600006103516,719600
2024-10-03,181.8300018310547,182.83999633789065,180.8000030517578,182.30999755859372,182.30999755859372,497900
2024-10-04,184.16000366210935,184.9600067138672,182.66000366210935,184.22000122070312,184.22000122070312,618700
2024-10-07,183.67999267578125,184.5800018310547,181.8500061035156,182.1699981689453,182.1699981689453,614600
2024-10-08,183.91000366210935,184.88999938964844,182.5200042724609,182.6499938964844,182.6499938964844,855300
2024-10-09,182.7100067138672,185.1999969482422,182.00999450683597,184.67999267578125,184.67999267578125,850700
2024-10-10,183.22000122070312,184.38999938964844,181.72000122070312,183.3699951171875,183.3699951171875,718900
2024-10-11,185.1999969482422,187.8500061035156,184.6300048828125,185.82000732421875,185.82000732421875,995900
2024-10-14,187.25999450683597,188.47000122070312,185.4600067138672,187.9199981689453,187.9199981689453,777600
2024-10-15,185.66000366210935,189.4199981689453,185.25,188.19000244140625,188.19000244140625,1112800
2024-10-16,190.25,191.47999572753903,187.0200042724609,190.38999938964844,190.38999938964844,3320300
2024-10-17,191.0800018310547,191.1999969482422,188.0800018310547,189.13999938964844,189.13999938964844,987800
2024-10-18,187.67999267578125,190.13999938964844,187.19000244140625,189.08999633789065,189.08999633789065,824600
2024-10-21,188.77999877929688,190.1100006103516,187.7899932861328,189.0399932861328,189.0399932861328,652800
2024-10-22,188.13999938964844,188.7899932861328,186.4600067138672,187.17999267578125,187.17999267578125,585400
2024-10-23,186.55999755859372,187.07000732421875,185.38999938964844,186.88999938964844,186.88999938964844,738900
2024-10-24,187.8000030517578,189.52999877929688,187.22999572753903,188.0500030517578,188.0500030517578,569400
2024-10-25,188.69000244140625,189.75,187.0,187.1100006103516,187.1100006103516,590700
2024-10-28,188.17999267578125,188.6199951171875,187.13999938964844,188.02999877929688,188.02999877929688,481500
2024-10-29,187.82000732421875,189.7899932861328,187.6199951171875,188.1699981689453,188.1699981689453,607800
2024-10-30,187.7400054931641,190.7400054931641,187.7400054931641,189.52999877929688,189.52999877929688,744800
2024-10-31,187.6300048828125,188.7700042724609,185.82000732421875,186.25999450683597,186.25999450683597,745600
2024-11-01,186.50999450683597,187.6100006103516,184.6699981689453,186.0399932861328,186.0399932861328,649100
2024-11-04,185.4199981689453,187.1199951171875,184.5500030517578,185.5200042724609,185.5200042724609,357600
2024-11-05,186.44000244140625,187.50999450683597,184.8000030517578,186.2100067138672,186.2100067138672,740000
2024-11-06,192.05999755859372,192.3600006103516,189.7400054931641,191.8999938964844,191.8999938964844,625000
2024-11-07,192.3300018310547,195.77999877929688,192.3300018310547,195.0800018310547,195.0800018310547,1056800
2024-11-08,196.0,196.6499938964844,194.27999877929688,194.92999267578125,194.92999267578125,831900
2024-11-11,196.5500030517578,196.92999267578125,194.67999267578125,195.6199951171875,195.6199951171875,898400
2024-11-12,194.9199981689453,196.0800018310547,194.30999755859372,195.5500030517578,195.5500030517578,644900
2024-11-13,196.52999877929688,199.3300018310547,195.9900054931641,196.42999267578125,196.42999267578125,687300
2024-11-14,196.67999267578125,196.67999267578125,193.57000732421875,195.25999450683597,195.25999450683597,616200
2024-11-15,193.7700042724609,194.6199951171875,191.2100067138672,192.22000122070312,192.22000122070312,1055300
2024-11-18,192.9600067138672,194.50999450683597,191.5200042724609,194.0399932861328,194.0399932861328,1039500
2024-11-19,193.3600006103516,197.0500030517578,193.25999450683597,196.3699951171875,196.3699951171875,832700
2024-11-20,197.72000122070312,197.72000122070312,194.80999755859372,197.22999572753903,197.22999572753903,454200
2024-11-21,197.72000122070312,201.6000061035156,197.25,199.8600006103516,199.8600006103516,423600
2024-11-22,200.1999969482422,202.9900054931641,199.13999938964844,202.82000732421875,202.82000732421875,500800
2024-11-25,206.47999572753903,207.1000061035156,201.83999633789065,203.1100006103516,203.1100006103516,701600
2024-11-26,203.6199951171875,205.1699981689453,203.0500030517578,204.4600067138672,204.4600067138672,850100
2024-11-27,202.8500061035156,204.3000030517578,200.1100006103516,201.8800048828125,201.8800048828125,664200
2024-11-29,203.0399932861328,204.1499938964844,202.4900054931641,202.88999938964844,202.88999938964844,631200
2024-12-02,202.38999938964844,203.27999877929688,200.4199981689453,200.8699951171875,200.8699951171875,916400
2024-12-03,200.0500030517578,204.1499938964844,200.0,204.1300048828125,204.1300048828125,1092800
2024-12-04,206.0200042724609,208.55999755859372,205.1100006103516,207.1199951171875,207.1199951171875,851000
2024-12-05,205.9499969482422,209.1499938964844,203.6300048828125,206.57000732421875,206.57000732421875,1462600
2024-12-06,193.58999633789065,193.58999633789065,173.00999450683594,177.57000732421875,177.57000732421875,4582100
2024-12-09,178.50999450683594,178.8800048828125,172.0,173.74000549316406,173.74000549316406,2242600
2024-12-10,172.7899932861328,173.77999877929688,170.32000732421875,171.33999633789062,171.33999633789062,1305500
2024-12-11,171.7899932861328,173.63999938964844,170.5,170.69000244140625,170.69000244140625,974700
2024-12-12,170.83999633789062,176.3699951171875,170.80999755859375,173.72000122070312,173.72000122070312,1373700
2024-12-13,173.83999633789062,176.57000732421875,172.0,172.75999450683594,172.75999450683594,1096000
2024-12-16,172.42999267578125,173.85000610351562,171.22000122070312,171.4199981689453,171.4199981689453,1052600
2024-12-17,170.52000427246094,174.30999755859375,168.50999450683594,172.49000549316406,172.49000549316406,1776900
2024-12-18,172.42999267578125,178.57000732421875,171.36000061035156,174.52000427246094,174.52000427246094,2392000
2024-12-19,174.42999267578125,177.5,171.60000610351562,172.05999755859375,172.05999755859375,1445300
2024-12-20,170.42999267578125,176.3300018310547,170.10000610351562,176.02999877929688,176.02999877929688,1411200
2024-12-23,175.61000061035156,176.47000122070312,171.89999389648438,173.74000549316406,173.74000549316406,603300
2024-12-24,173.57000732421875,174.9499969482422,172.97000122070312,174.6199951171875,174.6199951171875,249900
2024-12-26,174.5500030517578,174.77999877929688,172.77999877929688,174.38999938964844,174.38999938964844,382300
2024-12-27,173.0500030517578,173.47999572753906,170.8300018310547,171.22999572753906,171.22999572753906,545100
2024-12-30,170.67999267578125,171.6699981689453,167.42999267578125,168.86000061035156,168.86000061035156,1086300
2024-12-31,169.1999969482422,169.27999877929688,167.0500030517578,168.5800018310547,168.5800018310547,1101100
2025-01-02,169.9499969482422,170.8800048828125,168.5399932861328,169.5,169.5,909200
2025-01-03,170.5,172.94000244140625,169.39999389648438,172.30999755859375,172.30999755859375,1086100
2025-01-06,172.72000122070312,173.3699951171875,169.5399932861328,170.4499969482422,170.4499969482422,930400
2025-01-07,170.75999450683594,171.1999969482422,168.22000122070312,171.08999633789062,171.08999633789062,676000
2025-01-08,171.42999267578125,172.07000732421875,169.6300048828125,171.6300048828125,171.6300048828125,534600
2025-01-10,169.89999389648438,172.17999267578125,168.9499969482422,171.02999877929688,171.02999877929688,561700
2025-01-13,169.42999267578125,170.5399932861328,167.6199951171875,169.52000427246094,169.52000427246094,697800
2025-01-14,171.0,172.97999572753906,169.7899932861328,171.97000122070312,171.97000122070312,962000
2025-01-15,174.77999877929688,176.27000427246094,173.83999633789062,174.47000122070312,174.47000122070312,680700
2025-01-16,174.72999572753906,180.8699951171875,174.72999572753906,179.75999450683594,179.75999450683594,984100
2025-01-17,181.05999755859372,181.05999755859372,178.3699951171875,178.5800018310547,178.5800018310547,692700
2025-01-21,180.0,183.1100006103516,179.63999938964844,181.4900054931641,181.4900054931641,697600
2025-01-22,183.2100067138672,185.0,182.32000732421875,183.4900054931641,183.4900054931641,583800
2025-01-23,194.1199951171875,212.0,192.5200042724609,204.6000061035156,204.6000061035156,3568800
2025-01-24,205.0,210.6199951171875,205.0,205.9600067138672,205.9600067138672,13926100
2025-01-27,202.5,207.7899932861328,200.1300048828125,202.8000030517578,202.8000030517578,1698200
2025-01-28,204.05999755859372,208.8699951171875,200.9900054931641,207.1199951171875,207.1199951171875,1280700
2025-01-29,206.83999633789065,208.77999877929688,203.6999969482422,207.33999633789065,207.33999633789065,1314300
2025-01-30,206.3000030517578,212.25,206.3000030517578,211.52999877929688,211.52999877929688,1078200
2025-01-31,212.82000732421875,215.4600067138672,210.5200042724609,211.2700042724609,211.2700042724609,1082500
2025-02-03,208.4199981689453,214.27999877929688,206.0399932861328,212.67999267578125,212.67999267578125,851700
2025-02-04,213.6199951171875,218.00999450683597,213.6199951171875,216.8500061035156,216.8500061035156,940900
2025-02-05,217.6699981689453,218.6000061035156,214.9199981689453,218.22000122070312,218.22000122070312,854700
2025-02-06,218.7400054931641,219.4900054931641,216.25999450683597,217.6699981689453,217.6699981689453,775500
2025-02-07,218.47000122070312,219.22000122070312,212.8500061035156,213.52999877929688,213.52999877929688,871700
2025-02-10,213.88999938964844,219.58999633789065,213.8800048828125,218.1199951171875,218.1199951171875,883200
2025-02-11,217.1499938964844,219.4900054931641,213.6300048828125,214.44000244140625,214.44000244140625,1048800
2025-02-12,212.4600067138672,216.4499969482422,212.4499969482422,215.66000366210935,215.66000366210935,805800
2025-02-13,216.8699951171875,217.1499938964844,214.9600067138672,216.63999938964844,216.63999938964844,766800
2025-02-14,215.77999877929688,216.47999572753903,211.9900054931641,212.1499938964844,212.1499938964844,880100
2025-02-18,212.4199981689453,215.4199981689453,212.0399932861328,215.3800048828125,215.3800048828125,730000
2025-02-19,214.52999877929688,215.94000244140625,210.5200042724609,213.2899932861328,213.2899932861328,963200
2025-02-20,212.5800018310547,213.0399932861328,206.2899932861328,209.82000732421875,209.82000732421875,1018600
2025-02-21,209.72999572753903,209.75,203.47999572753903,203.7100067138672,203.7100067138672,651400
2025-02-24,203.6499938964844,204.17999267578125,198.2899932861328,201.7700042724609,201.7700042724609,1139800
2025-02-25,199.9499969482422,201.5800018310547,196.4499969482422,199.55999755859372,199.55999755859372,849300
2025-02-26,199.9499969482422,203.44000244140625,199.25999450683597,200.72000122070312,200.72000122070312,828700
2025-02-27,201.8300018310547,204.47000122070312,198.42999267578125,198.7400054931641,198.7400054931641,922800
2025-02-28,197.8699951171875,202.4900054931641,197.8600006103516,201.32000732421875,201.32000732421875,1415200
2025-03-03,203.1300048828125,203.6199951171875,195.8999938964844,196.30999755859372,196.30999755859372,852900
2025-03-04,192.2100067138672,197.8000030517578,187.9600067138672,194.88999938964844,194.88999938964844,947200
2025-03-05,193.25999450683597,198.5,193.0,197.41000366210935,197.41000366210935,736900
2025-03-06,194.6100006103516,196.7100067138672,186.0399932861328,186.97999572753903,186.97999572753903,1500500
2025-03-07,190.5200042724609,192.3999938964844,170.92999267578125,173.24000549316406,173.24000549316406,2461400
2025-03-10,170.0399932861328,172.6199951171875,165.9499969482422,166.74000549316406,166.74000549316406,1854500
2025-03-11,167.02000427246094,175.49000549316406,166.72000122070312,172.82000732421875,172.82000732421875,1764400
2025-03-12,177.47000122070312,178.4600067138672,173.1300048828125,176.38999938964844,176.38999938964844,1147500
2025-03-13,175.0,177.0,170.8800048828125,176.00999450683594,176.00999450683594,1336800
2025-03-14,177.32000732421875,186.5200042724609,177.32000732421875,185.83999633789065,185.83999633789065,1378600
2025-03-17,185.02999877929688,192.1100006103516,184.57000732421875,191.50999450683597,191.50999450683597,1132100
2025-03-18,190.5,191.67999267578125,187.30999755859372,191.3500061035156,191.3500061035156,1171900
2025-03-19,191.7899932861328,199.55999755859372,188.6199951171875,196.25999450683597,196.25999450683597,949500
2025-03-20,193.94000244140625,196.27999877929688,192.7700042724609,193.4600067138672,193.4600067138672,948400
2025-03-21,191.7100067138672,193.00999450683597,189.9900054931641,191.5399932861328,191.5399932861328,1448100
2025-03-24,195.1499938964844,197.8500061035156,193.58999633789065,197.4499969482422,197.4499969482422,752800
2025-03-25,198.38999938964844,201.0,197.3699951171875,198.2700042724609,198.2700042724609,659300
2025-03-26,197.72000122070312,199.0,192.1699981689453,193.57000732421875,193.57000732421875,642400
2025-03-27,191.8600006103516,193.0399932861328,188.6999969482422,191.52999877929688,191.52999877929688,618800
2025-03-28,190.7400054931641,191.3699951171875,185.97000122070312,187.47000122070312,187.47000122070312,667100
2025-03-31,184.41000366210935,188.2400054931641,180.50999450683597,187.3600006103516,187.3600006103516,932100
2025-04-01,187.9499969482422,190.7400054931641,185.72000122070312,190.55999755859372,190.55999755859372,624000
2025-04-02,187.4199981689453,195.16000366210935,187.4199981689453,192.4499969482422,192.4499969482422,563600
2025-04-03,183.7899932861328,186.0200042724609,179.25999450683594,184.1699981689453,184.1699981689453,978400
2025-04-04,178.6300048828125,180.6699981689453,172.33999633789062,174.25,174.25,864600
2025-04-07,168.6300048828125,182.1000061035156,165.0800018310547,175.36000061035156,175.36000061035156,1379200
2025-04-08,181.9900054931641,183.4900054931641,169.97000122070312,172.72999572753906,172.72999572753906,924300
2025-04-09,171.52999877929688,190.0,171.02000427246094,188.8300018310547,188.8300018310547,1178000
2025-04-10,185.38999938964844,190.57000732421875,181.42999267578125,187.58999633789065,187.58999633789065,738100
2025-04-11,187.3300018310547,192.1499938964844,185.0,190.72000122070312,190.72000122070312,603000
2025-04-14,194.8999938964844,194.8999938964844,190.00999450683597,192.1699981689453,192.1699981689453,421800
2025-04-15,193.1000061035156,194.52999877929688,191.6000061035156,193.6300048828125,193.6300048828125,624000
2025-04-16,191.97999572753903,194.6499938964844,189.3800048828125,192.0500030517578,192.0500030517578,712200
2025-04-17,191.97999572753903,193.41000366210935,190.1000061035156,191.3300018310547,191.3300018310547,482800
2025-04-21,189.44000244140625,190.2700042724609,181.0,183.2400054931641,183.2400054931641,658600
2025-04-22,185.5,190.5500030517578,184.17999267578125,189.75,189.75,633100
2025-04-23,197.1199951171875,199.6199951171875,193.1300048828125,193.88999938964844,193.88999938964844,525200
2025-04-24,193.9499969482422,201.50999450683597,193.9499969482422,199.9199981689453,199.9199981689453,868000
2025-04-25,199.50999450683597,201.33999633789065,195.97999572753903,197.44000244140625,197.44000244140625,799500
2025-04-28,198.22000122070312,200.92999267578125,196.47999572753903,199.57000732421875,199.57000732421875,683000
2025-04-29,199.5399932861328,206.0,199.5399932861328,204.9499969482422,204.9499969482422,805100
2025-04-30,202.25,204.83999633789065,198.3500061035156,204.7700042724609,204.7700042724609,487100
2025-05-01,206.7899932861328,208.25999450683597,204.38999938964844,204.6100006103516,204.6100006103516,526000
2025-05-02,206.6300048828125,210.1999969482422,206.0200042724609,209.69000244140625,209.69000244140625,381400
2025-05-05,208.3600006103516,212.47000122070312,208.1300048828125,210.38999938964844,210.38999938964844,355700
2025-05-06,207.41000366210935,212.30999755859372,206.3300018310547,211.1000061035156,211.1000061035156,517400
2025-05-07,210.77999877929688,214.72999572753903,210.0399932861328,213.1499938964844,213.1499938964844,624000
2025-05-08,214.91000366210935,217.3999938964844,213.3300018310547,213.4199981689453,213.4199981689453,565600
2025-05-09,213.88999938964844,214.63999938964844,209.47000122070312,213.57000732421875,213.57000732421875,483900
2025-05-12,216.50999450683597,218.3300018310547,210.07000732421875,213.97999572753903,213.97999572753903,761600
2025-05-13,213.9499969482422,217.30999755859372,213.1499938964844,214.5,214.5,671800
2025-05-14,215.8800048828125,215.9499969482422,212.77999877929688,214.75,214.75,813700
2025-05-15,215.1000061035156,215.69000244140625,212.4900054931641,215.1699981689453,215.1699981689453,723800
2025-05-16,215.9900054931641,217.30999755859372,215.4600067138672,217.02999877929688,217.02999877929688,582600
2025-05-19,215.25,216.3600006103516,213.80999755859372,215.41000366210935,215.41000366210935,526800
2025-05-20,214.5200042724609,215.58999633789065,211.6100006103516,215.3000030517578,215.3000030517578,511700
2025-05-21,214.2100067138672,214.3500061035156,209.97000122070312,210.83999633789065,210.83999633789065,466300
2025-05-22,206.2100067138672,209.58999633789065,205.5,208.0,208.0,1176600
2025-05-23,206.8699951171875,210.5399932861328,205.5500030517578,209.94000244140625,209.94000244140625,988800
2025-05-27,212.0200042724609,212.42999267578125,208.8699951171875,209.3600006103516,209.3600006103516,1247100
2025-05-28,209.47000122070312,210.97000122070312,208.4199981689453,208.7400054931641,208.7400054931641,634000
2025-05-29,208.4499969482422,211.3300018310547,206.17999267578125,211.32000732421875,211.32000732421875,729700
2025-05-30,211.33999633789065,215.2700042724609,210.75999450683597,215.0200042724609,215.0200042724609,881200
2025-06-02,215.3500061035156,215.80999755859372,208.8500061035156,215.2400054931641,215.2400054931641,1039000
2025-06-03,215.1199951171875,219.2899932861328,215.00999450683597,218.17999267578125,218.17999267578125,1566600
2025-06-04,246.9499969482422,263.20001220703125,238.6000061035156,253.97999572753903,253.97999572753903,4555000
2025-06-05,254.25999450683597,260.2799987792969,253.92999267578125,256.1499938964844,256.1499938964844,1585400
2025-06-06,256.45001220703125,259.0,254.80999755859372,255.7700042724609,255.7700042724609,1577400
2025-06-09,256.5,258.70001220703125,252.7899932861328,257.3699951171875,257.3699951171875,1270400
2025-06-10,256.5,257.7699890136719,248.8500061035156,251.7400054931641,251.7400054931641,857500
2025-06-11,251.13999938964844,254.66000366210935,249.6999969482422,250.75,250.75,653900
2025-06-12,251.1100006103516,252.3999938964844,249.7700042724609,250.63999938964844,250.63999938964844,660700
2025-06-13,248.7700042724609,254.80999755859372,247.4900054931641,253.17999267578125,253.17999267578125,831900
2025-06-16,254.52999877929688,256.4800109863281,252.00999450683597,253.6000061035156,253.6000061035156,782200
2025-06-17,252.3999938964844,252.88999938964844,247.22999572753903,248.2400054931641,248.2400054931641,912900
2025-06-18,250.0,251.4199981689453,246.22999572753903,246.7899932861328,246.7899932861328,858300
2025-06-20,246.27999877929688,247.8300018310547,235.5800018310547,237.75,237.75,1769000
2025-06-23,238.1199951171875,240.4600067138672,234.1100006103516,238.3999938964844,238.3999938964844,1042400
2025-06-24,240.1199951171875,241.7400054931641,236.69000244140625,237.4499969482422,237.4499969482422,884200
2025-06-25,238.94000244140625,239.9600067138672,235.2400054931641,236.00999450683597,236.00999450683597,641200
2025-06-26,236.8699951171875,237.52999877929688,232.9600067138672,234.8699951171875,234.8699951171875,853400
2025-06-27,234.6699981689453,236.0399932861328,231.83999633789065,235.3999938964844,235.3999938964844,2231600
2025-06-30,236.88999938964844,237.9499969482422,232.9900054931641,235.4499969482422,235.4499969482422,768600
2025-07-01,235.0500030517578,236.0800018310547,229.9600067138672,231.2899932861328,231.2899932861328,879000
2025-07-02,229.6999969482422,232.42999267578125,224.91000366210935,227.7400054931641,227.7400054931641,881400
2025-07-03,228.57000732421875,231.9600067138672,228.57000732421875,230.3800048828125,230.3800048828125,383300
2025-07-07,230.6999969482422,233.58999633789065,229.32000732421875,233.58999633789065,233.58999633789065,849300
2025-07-08,234.2700042724609,235.3699951171875,228.7700042724609,230.38999938964844,230.38999938964844,953000
2025-07-09,230.7100067138672,231.7100067138672,228.6499938964844,231.25,231.25,502600
2025-07-10,231.0399932861328,231.0399932861328,222.25999450683597,225.1300048828125,225.1300048828125,748900
2025-07-11,224.22999572753903,224.94000244140625,219.2899932861328,220.1499938964844,220.1499938964844,611500
2025-07-14,220.6499938964844,224.5399932861328,219.52999877929688,222.17999267578125,222.17999267578125,669900
2025-07-15,222.30999755859372,223.0,220.0,220.9600067138672,220.9600067138672,615000
2025-07-16,221.5,221.9900054931641,219.30999755859372,220.1100006103516,220.1100006103516,534700
2025-07-17,220.07000732421875,222.9199981689453,219.7899932861328,221.1499938964844,221.1499938964844,549800
2025-07-18,221.5500030517578,223.5500030517578,219.32000732421875,221.83999633789065,221.83999633789065,507500
2025-07-21,222.30999755859372,225.1199951171875,219.9600067138672,222.5200042724609,222.5200042724609,698600
2025-07-22,222.02999877929688,225.22000122070312,222.0,223.17999267578125,223.17999267578125,662700
2025-07-23,223.69000244140625,225.91000366210935,221.4499969482422,223.72999572753903,223.72999572753903,461500
2025-07-24,223.38999938964844,226.5399932861328,222.8500061035156,223.75999450683597,223.75999450683597,578000
2025-07-25,224.02999877929688,226.00999450683597,223.0,223.3800048828125,223.3800048828125,634900
2025-07-28,223.75,227.3800048828125,222.1499938964844,227.2100067138672,227.2100067138672,648000
2025-07-29,227.5,229.97999572753903,222.47000122070312,224.5800018310547,224.5800018310547,652500
2025-07-30,224.42999267578125,227.8300018310547,223.1699981689453,225.6699981689453,225.6699981689453,478600
2025-07-31,225.66000366210935,229.1199951171875,224.9900054931641,226.22000122070312,226.22000122070312,643200
2025-08-01,223.27999877929688,224.41000366210935,218.2700042724609,222.8800048828125,222.8800048828125,530500
2025-08-04,225.0399932861328,226.3600006103516,224.2899932861328,226.19000244140625,226.19000244140625,568200
2025-08-05,226.9499969482422,226.9499969482422,222.97000122070312,223.05999755859372,223.05999755859372,405800
2025-08-06,223.55999755859372,225.5800018310547,221.58999633789065,225.57000732421875,225.57000732421875,425100
2025-08-07,226.1999969482422,226.75,211.0,217.42999267578125,217.42999267578125,925100
2025-08-08,217.58999633789065,218.08999633789065,212.8000030517578,213.2700042724609,213.2700042724609,485900
2025-08-11,212.44000244140625,215.25999450683597,208.8300018310547,208.91000366210935,208.91000366210935,691600
2025-08-12,208.88999938964844,209.69000244140625,206.07000732421875,207.8699951171875,207.8699951171875,578200
2025-08-13,209.66000366210935,209.92999267578125,205.6300048828125,209.00999450683597,209.00999450683597,720300
2025-08-14,208.5,210.8999938964844,207.3500061035156,208.88999938964844,208.88999938964844,589000
2025-08-15,208.9900054931641,212.7100067138672,208.05999755859372,211.42999267578125,211.42999267578125,666800
2025-08-18,211.6100006103516,215.1199951171875,211.3600006103516,215.00999450683597,215.00999450683597,579400
2025-08-19,215.0800018310547,217.4199981689453,212.1000061035156,213.6000061035156,213.6000061035156,647300
2025-08-20,213.4900054931641,217.22999572753903,212.50999450683597,216.1499938964844,216.1499938964844,662600
2025-08-21,215.1000061035156,215.42999267578125,211.07000732421875,213.1100006103516,213.1100006103516,493600
2025-08-22,210.8699951171875,215.5800018310547,210.7400054931641,213.9900054931641,213.9900054931641,515100
2025-08-25,214.6999969482422,215.9900054931641,211.22999572753903,211.3600006103516,211.3600006103516,434000
2025-08-26,212.25,213.8500061035156,210.1699981689453,212.13999938964844,212.13999938964844,585200
2025-08-27,212.9900054931641,216.92999267578125,212.9900054931641,216.4199981689453,216.4199981689453,570300
2025-08-28,216.9600067138672,221.1100006103516,216.9600067138672,218.7100067138672,218.7100067138672,649100
2025-08-29,218.1499938964844,218.6000061035156,215.0,217.0200042724609,217.0200042724609,558300
2025-09-02,214.3000030517578,217.92999267578125,214.1000061035156,217.4600067138672,217.4600067138672,644900
2025-09-03,217.30999755859372,219.50999450683597,215.22999572753903,219.25,219.25,709000
2025-09-04,217.72999572753903,219.0,212.4600067138672,216.9900054931641,216.9900054931641,1391200
2025-09-05,263.989990234375,272.6000061035156,243.3600006103516,260.7099914550781,260.7099914550781,3220500
2025-09-08,261.2799987792969,264.1300048828125,259.4700012207031,261.8800048828125,261.8800048828125,1722800
2025-09-09,262.19000244140625,262.92999267578125,252.80999755859372,255.9600067138672,255.9600067138672,849500
2025-09-10,256.5299987792969,259.0,251.05999755859372,253.0399932861328,253.0399932861328,760600
2025-09-11,254.6499938964844,254.8699951171875,250.38999938964844,253.19000244140625,253.19000244140625,524800
2025-09-12,253.22999572753903,254.22000122070312,251.42999267578125,252.94000244140625,252.94000244140625,535900
2025-09-15,252.8300018310547,255.91000366210935,250.3600006103516,251.2400054931641,251.2400054931641,647800
2025-09-16,251.05999755859372,251.05999755859372,240.3500061035156,246.3999938964844,246.3999938964844,1129600
2025-09-17,246.52999877929688,250.3999938964844,244.3000030517578,246.94000244140625,246.94000244140625,677800
2025-09-18,249.8600006103516,250.69000244140625,245.67999267578125,246.63999938964844,246.63999938964844,503000
2025-09-19,247.3600006103516,249.1499938964844,243.3800048828125,244.7700042724609,244.7700042724609,1334300
2025-09-22,244.5500030517578,246.08999633789065,242.5,244.6000061035156,244.6000061035156,574400
2025-09-23,244.67999267578125,244.72999572753903,239.72000122070312,241.9499969482422,241.9499969482422,550900
2025-09-24,243.22000122070312,244.82000732421875,236.00999450683597,236.6699981689453,236.6699981689453,956100
2025-09-25,235.52999877929688,236.9900054931641,233.13999938964844,234.5399932861328,234.5399932861328,444400
2025-09-26,234.77999877929688,235.0500030517578,230.1499938964844,230.38999938964844,230.38999938964844,702600
2025-09-29,232.25,232.5800018310547,230.16000366210935,231.7899932861328,231.7899932861328,631500
2025-09-30,231.22000122070312,232.13999938964844,227.6100006103516,229.8600006103516,229.8600006103516,849300
2025-10-01,230.72999572753903,233.9600067138672,228.9900054931641,230.22999572753903,230.22999572753903,939600
2025-10-02,230.3000030517578,232.02999877929688,229.1499938964844,231.00999450683597,231.00999450683597,656500
2025-10-03,231.6499938964844,231.6499938964844,229.2700042724609,230.0,230.0,543900
2025-10-06,230.0800018310547,235.7700042724609,230.0,232.94000244140625,232.94000244140625,749400
2025-10-07,233.25999450683597,233.5,224.0500030517578,227.0,227.0,532000
2025-10-08,228.8999938964844,231.4199981689453,227.75,230.6999969482422,230.6999969482422,483600
2025-10-09,230.3000030517578,237.38999938964844,229.6300048828125,236.52999877929688,236.52999877929688,561400
2025-10-10,237.0,240.8500061035156,236.6699981689453,239.13999938964844,239.13999938964844,758500
2025-10-13,239.7100067138672,242.8600006103516,238.2899932861328,242.7400054931641,242.7400054931641,531300
2025-10-14,240.3600006103516,242.92999267578125,237.52999877929688,240.17999267578125,240.17999267578125,496700
2025-10-15,241.27999877929688,243.50999450683597,239.32000732421875,239.3800048828125,239.3800048828125,644700
2025-10-16,243.13999938964844,251.8999938964844,241.02999877929688,243.80999755859372,243.80999755859372,649200
2025-10-17,243.0200042724609,246.32000732421875,242.6699981689453,244.27999877929688,244.27999877929688,412700
2025-10-20,245.6999969482422,254.07000732421875,244.47999572753903,253.97000122070312,253.97000122070312,717500
2025-10-21,253.02999877929688,254.66000366210935,250.2400054931641,254.22999572753903,254.22999572753903,498400
2025-10-22,254.9199981689453,255.8000030517578,249.0399932861328,250.25,250.25,515500
2025-10-23,250.32000732421875,254.1699981689453,248.5,252.47000122070312,252.47000122070312,358800
2025-10-24,254.22000122070312,254.97000122070312,249.83999633789065,250.5399932861328,250.5399932861328,413200
2025-10-27,255.3999938964844,255.3999938964844,252.32000732421875,253.0500030517578,253.0500030517578,749900
2025-10-28,253.0200042724609,255.88999938964844,252.57000732421875,253.02999877929688,253.02999877929688,940800
2025-10-29,252.75,253.8000030517578,238.3999938964844,239.4900054931641,239.4900054931641,1877100
2025-10-30,236.2899932861328,242.0,234.2899932861328,236.4199981689453,236.4199981689453,887700
2025-10-31,237.82000732421875,239.3999938964844,232.0200042724609,233.63999938964844,233.63999938964844,605800
2025-11-03,231.8500061035156,231.8500061035156,224.0,227.9900054931641,227.9900054931641,920900
2025-11-04,226.00999450683597,226.7400054931641,219.9499969482422,222.77999877929688,222.77999877929688,835400
2025-11-05,221.8800048828125,225.25999450683597,218.17999267578125,220.22000122070312,220.22000122070312,629800
2025-11-06,219.3000030517578,219.33999633789065,213.4600067138672,215.32000732421875,215.32000732421875,766200
2025-11-07,214.1300048828125,218.1499938964844,213.25,218.0399932861328,218.0399932861328,468400
2025-11-10,219.08999633789065,219.8699951171875,216.27999877929688,217.7700042724609,217.7700042724609,524600
2025-11-11,217.42999267578125,220.27999877929688,215.1999969482422,219.66000366210935,219.66000366210935,600400
2025-11-12,220.52999877929688,222.7899932861328,218.5,220.97000122070312,220.97000122070312,435800
2025-11-13,221.3600006103516,221.80999755859372,217.2400054931641,218.25999450683597,218.25999450683597,549800
2025-11-14,216.2700042724609,223.25,214.33999633789065,222.50999450683597,222.50999450683597,562600
2025-11-17,222.5399932861328,223.27999877929688,214.6699981689453,216.75,216.75,954100
2025-11-18,215.47000122070312,217.69000244140625,210.1699981689453,214.3300018310547,214.3300018310547,851700
2025-11-19,214.47000122070312,214.8000030517578,209.08999633789065,213.97999572753903,213.97999572753903,551000
2025-11-20,216.5,219.5500030517578,210.05999755859372,210.1999969482422,210.1999969482422,566300
2025-11-21,210.80999755859372,216.08999633789065,207.8800048828125,212.9900054931641,212.9900054931641,448800
2025-11-24,213.22999572753903,214.33999633789065,209.55999755859372,212.3999938964844,212.3999938964844,945400
2025-11-25,211.1300048828125,215.2899932861328,208.8800048828125,214.3600006103516,214.3600006103516,414400
2025-11-26,214.7899932861328,215.94000244140625,211.6199951171875,213.5800018310547,213.5800018310547,406300
2025-11-28,214.1000061035156,216.8999938964844,213.47999572753903,215.97999572753903,215.97999572753903,227800
2025-12-01,213.44000244140625,215.97000122070312,212.17999267578125,212.30999755859372,212.30999755859372,939000
2025-12-02,215.6000061035156,216.00999450683597,212.77999877929688,214.72000122070312,214.72000122070312,697900
2025-12-03,214.4199981689453,218.3000030517578,213.0,215.75999450683597,215.75999450683597,1528900
2025-12-04,226.13999938964844,229.8500061035156,204.0800018310547,211.07000732421875,211.07000732421875,2020100
2025-12-05,212.82000732421875,215.25,207.8800048828125,210.5500030517578,210.5500030517578,559400
2025-12-08,210.8699951171875,214.8699951171875,196.3600006103516,200.1000061035156,200.1000061035156,2099700
2025-12-09,199.6499938964844,200.9900054931641,195.22999572753903,197.25,197.25,1944100
2025-12-10,198.25999450683597,202.9600067138672,196.1699981689453,200.6100006103516,200.6100006103516,1318100
2025-12-11,200.0,205.19000244140625,199.5399932861328,204.5399932861328,204.5399932861328,1054200
2025-12-12,206.1000061035156,207.69000244140625,203.92999267578125,205.1000061035156,205.1000061035156,839000
2025-12-15,204.42999267578125,204.6000061035156,192.1499938964844,194.2400054931641,194.2400054931641,1949100
2025-12-16,192.83999633789065,194.52999877929688,189.33999633789065,193.58999633789065,193.58999633789065,2195000
2025-12-17,195.50999450683597,198.3300018310547,193.5200042724609,193.92999267578125,193.92999267578125,1448800
2025-12-18,195.0,198.67999267578125,194.91000366210935,197.4600067138672,197.4600067138672,1059100
2025-12-19,198.6100006103516,201.41000366210935,196.97999572753903,199.9199981689453,199.9199981689453,1610300
2025-12-22,200.72000122070312,207.4499969482422,200.72000122070312,207.4199981689453,207.4199981689453,912800
2025-12-23,207.00999450683597,209.1100006103516,203.6499938964844,206.13999938964844,206.13999938964844,756400
2025-12-24,204.9600067138672,207.6100006103516,204.8500061035156,205.8999938964844,205.8999938964844,434100
2025-12-26,206.8800048828125,207.30999755859372,204.55999755859372,205.4600067138672,205.4600067138672,745500
2025-12-29,204.9499969482422,206.52999877929688,201.3000030517578,203.72000122070312,203.72000122070312,871900
2025-12-30,202.5,203.63999938964844,201.5399932861328,202.5200042724609,202.5200042724609,650200
2025-12-31,202.0399932861328,203.8699951171875,200.41000366210935,201.00999450683597,201.00999450683597,811500
2026-01-02,200.9199981689453,200.9199981689453,187.5399932861328,187.6300048828125,187.6300048828125,806600
2026-01-05,186.6100006103516,190.97999572753903,185.8600006103516,185.94000244140625,185.94000244140625,1259200
2026-01-06,185.0,188.0800018310547,183.6199951171875,187.97999572753903,187.97999572753903,1622900
2026-01-07,189.52999877929688,190.75999450683597,186.77999877929688,187.67999267578125,187.67999267578125,882900
2026-01-08,186.38999938964844,187.47000122070312,179.41000366210938,180.41000366210935,180.41000366210935,1391900
2026-01-09,184.50999450683597,187.6499938964844,183.1199951171875,185.19000244140625,185.19000244140625,1419400
2026-01-12,185.07000732421875,185.07000732421875,180.50999450683597,180.92999267578125,180.92999267578125,1221300
2026-01-13,180.8699951171875,182.0500030517578,176.2100067138672,179.5,179.5,904000
2026-01-14,178.14999389648438,178.27999877929688,167.3800048828125,170.85000610351562,170.85000610351562,1961500
2026-01-15,170.38999938964844,170.75999450683594,163.41000366210938,166.08999633789062,166.08999633789062,2075100
2026-01-16,166.0,166.80999755859375,158.8000030517578,158.99000549316406,158.99000549316406,2503600
2026-01-20,156.25999450683594,160.33999633789062,154.9600067138672,155.4499969482422,155.4499969482422,2207600
2026-01-21,155.99000549316406,160.64999389648438,154.50999450683594,158.9600067138672,158.9600067138672,2380600
2026-01-22,160.77000427246094,160.85000610351562,156.3800048828125,156.85000610351562,156.85000610351562,1518500
2026-01-23,156.74000549316406,160.75,156.74000549316406,160.02999877929688,160.02999877929688,1281400
2026-01-26,160.32000732421875,163.0500030517578,160.27999877929688,161.88999938964844,161.88999938964844,928000
2026-01-27,161.0800018310547,162.47000122070312,159.16000366210938,160.2899932861328,160.2899932861328,893400
2026-01-28,161.52000427246094,163.4600067138672,160.02999877929688,162.69000244140625,162.69000244140625,1320300
2026-01-29,158.2100067138672,158.9499969482422,145.9600067138672,147.63999938964844,147.63999938964844,1751800
2026-01-30,146.5399932861328,147.1999969482422,140.25,140.75999450683594,140.75999450683594,1859600
2026-02-02,140.00999450683594,142.17999267578125,137.0,138.9199981689453,138.9199981689453,2396500
2026-02-03,134.8699951171875,134.8800048828125,124.47000122070312,129.64999389648438,129.64999389648438,3235200
2026-02-04,128.2100067138672,133.72000122070312,121.87999725341795,132.17999267578125,132.17999267578125,2693000
2026-02-05,131.7899932861328,134.8300018310547,125.8499984741211,125.98999786376952,125.98999786376952,1405100
2026-02-06,127.23999786376952,131.16000366210938,125.87999725341795,128.19000244140625,128.19000244140625,1479700
2026-02-09,127.5999984741211,128.74000549316406,125.41000366210938,125.8000030517578,125.8000030517578,1470900
2026-02-10,128.10000610351562,133.60000610351562,126.54000091552734,133.24000549316406,133.24000549316406,1965800
2026-02-11,132.33999633789062,134.89999389648438,125.9499969482422,130.41000366210938,130.41000366210938,2723500
2026-02-12,130.27999877929688,132.5500030517578,122.9000015258789,125.33999633789062,125.33999633789062,1981900
2026-02-13,126.55999755859376,129.75,125.52999877929688,127.02999877929688,127.02999877929688,1057600
2026-02-17,127.0,127.58000183105467,120.37000274658205,122.29000091552734,122.29000091552734,1571300
2026-02-18,123.2300033569336,130.39999389648438,121.79000091552734,128.83999633789062,128.83999633789062,1655800
2026-02-19,128.8000030517578,128.94000244140625,126.1999969482422,128.83999633789062,128.83999633789062,809900
2026-02-20,127.87000274658205,131.9199981689453,125.31999969482422,127.66000366210938,127.66000366210938,1181100
2026-02-23,125.5,127.48999786376952,120.73999786376952,122.22000122070312,122.22000122070312,1538900
2026-02-24,123.80999755859376,131.8800048828125,123.0500030517578,128.13999938964844,128.13999938964844,2124700
2026-02-25,128.13999938964844,136.1699981689453,125.9000015258789,135.88999938964844,135.88999938964844,1854000
2026-02-26,138.9600067138672,146.07000732421875,138.80999755859375,144.0800018310547,144.0800018310547,3908300
2026-02-27,140.36000061035156,146.3300018310547,139.2100067138672,145.32000732421875,145.32000732421875,2042800
2026-03-02,143.8699951171875,152.57000732421875,141.69000244140625,149.00999450683594,149.00999450683594,2529400
2026-03-03,146.30999755859375,154.35000610351562,142.63999938964844,151.92999267578125,151.92999267578125,2011300
2026-03-04,150.27000427246094,154.47999572753906,148.7899932861328,153.7899932861328,153.7899932861328,2545500
2026-03-05,154.61000061035156,162.0399932861328,154.61000061035156,160.83999633789062,160.83999633789062,3426400
2026-03-06,163.7100067138672,172.47999572753906,156.1300048828125,168.8699951171875,168.8699951171875,3772900
2026-03-09,166.33999633789062,168.1199951171875,161.91000366210938,163.3000030517578,163.3000030517578,1682200
2026-03-10,163.02999877929688,163.02999877929688,154.3300018310547,158.92999267578125,158.92999267578125,1924300
2026-03-11,160.35000610351562,161.75999450683594,153.75,158.25,158.25,1445800
2026-03-12,157.0,162.63999938964844,156.02999877929688,157.6300048828125,157.6300048828125,1136000
2026-03-13,159.11000061035156,161.39999389648438,156.0,160.57000732421875,160.57000732421875,1355000
2026-03-16,160.0,163.97000122070312,159.77999877929688,161.74000549316406,161.74000549316406,1310100
2026-03-17,161.6300048828125,166.0,161.6300048828125,163.11000061035156,163.11000061035156,1275500
2026-03-18,161.8000030517578,163.07000732421875,156.32000732421875,159.27000427246094,159.27000427246094,1119400
2026-03-19,158.6999969482422,161.7100067138672,155.24000549316406,156.02999877929688,156.02999877929688,1027200
2026-03-20,153.7100067138672,158.1999969482422,151.39999389648438,155.61000061035156,155.61000061035156,2074800
2026-03-23,155.55999755859375,161.0,154.8300018310547,156.80999755859375,156.80999755859375,1202600
2026-03-24,155.55999755859375,155.55999755859375,147.5500030517578,150.72999572753906,150.72999572753906,1091900
2026-03-25,152.30999755859375,157.0,146.19000244140625,149.44000244140625,149.44000244140625,1030500
2026-03-26,148.1999969482422,154.4499969482422,148.1999969482422,151.33999633789062,151.33999633789062,786300
2026-03-27,149.19000244140625,149.19000244140625,143.2100067138672,144.67999267578125,144.67999267578125,818000
2026-03-30,145.74000549316406,149.52000427246094,142.86000061035156,144.89999389648438,144.89999389648438,1163700
2026-03-31,145.58999633789062,152.0399932861328,143.36000061035156,149.55999755859375,149.55999755859375,1012500
2026-04-01,150.72999572753906,150.72999572753906,143.66000366210938,148.5800018310547,148.5800018310547,1065200
2026-04-02,147.91000366210938,152.80999755859375,145.80999755859375,150.7899932861328,150.7899932861328,783200
2026-04-06,151.13999938964844,151.6199951171875,146.66000366210938,147.8300018310547,147.8300018310547,832600
2026-04-07,147.5399932861328,149.5,144.60000610351562,146.0800018310547,146.0800018310547,846400
2026-04-08,149.5399932861328,150.2899932861328,136.63999938964844,136.8699951171875,136.8699951171875,1410800
2026-04-09,134.47000122070312,136.88999938964844,123.47000122070312,124.3000030517578,124.3000030517578,3406200
2026-04-10,123.26000213623048,125.88999938964844,115.56999969482422,117.9499969482422,117.9499969482422,3155800
2026-04-13,118.7699966430664,126.72000122070312,118.41999816894533,124.18000030517578,124.18000030517578,2381700
2026-04-14,125.83999633789062,128.83999633789062,123.66000366210938,125.08999633789062,125.08999633789062,2022700
2026-04-15,127.51000213623048,138.0,126.47000122070312,136.57000732421875,136.57000732421875,1621200
2026-04-16,141.55999755859375,143.61000061035156,138.19000244140625,139.11000061035156,139.11000061035156,915000
2026-04-17,141.91000366210938,143.1300048828125,137.6699981689453,140.36000061035156,140.36000061035156,1252600
2026-04-20,140.00999450683594,144.8699951171875,139.75,143.0,143.0,704700
2026-04-21,143.8000030517578,149.5800018310547,140.9199981689453,141.0399932861328,141.0399932861328,1439000
2026-04-22,142.3000030517578,145.1999969482422,139.66000366210938,142.99000549316406,142.99000549316406,912900
2026-04-23,138.00999450683594,139.10000610351562,126.08000183105467,131.25,131.25,1904300
2026-04-24,132.0800018310547,139.8300018310547,130.32000732421875,139.55999755859375,139.55999755859375,1377900
2026-04-27,138.08999633789062,141.8300018310547,135.75,136.6199951171875,136.6199951171875,949100
2026-04-28,137.94000244140625,142.85000610351562,137.52999877929688,138.6699981689453,138.6699981689453,1034900
2026-04-29,137.75999450683594,139.5399932861328,135.64999389648438,139.22999572753906,139.22999572753906,681500
2026-04-30,137.27999877929688,139.47999572753906,132.6199951171875,138.38999938964844,138.38999938964844,1082800
2026-05-01,143.25999450683594,146.47999572753906,137.17999267578125,141.25999450683594,141.25999450683594,793200
2026-05-04,141.91000366210938,147.4600067138672,140.94000244140625,143.57000732421875,143.57000732421875,816600
2026-05-05,143.8000030517578,144.60000610351562,138.49000549316406,140.02000427246094,140.02000427246094,732900
2026-05-06,137.36000061035156,138.02999877929688,130.7100067138672,131.08999633789062,131.08999633789062,1561600
2026-05-07,133.99000549316406,143.14999389648438,133.99000549316406,139.5800018310547,139.5800018310547,1290100
2026-05-08,136.9600067138672,138.60000610351562,132.05999755859375,138.4499969482422,138.4499969482422,647800
2026-05-11,136.3800048828125,138.3699951171875,131.55999755859375,134.32000732421875,134.32000732421875,1424700
2026-05-12,134.99000549316406,135.69000244140625,131.1199951171875,131.3800048828125,131.3800048828125,705300
2026-05-13,129.72000122070312,130.74000549316406,124.29000091552734,125.5999984741211,125.5999984741211,1401400
2026-05-14,125.29000091552734,128.99000549316406,122.5,123.6500015258789,123.6500015258789,1633900
2026-05-15,125.43000030517578,131.88999938964844,123.6999969482422,130.13999938964844,130.13999938964844,2225800
2026-05-18,128.19000244140625,138.0500030517578,128.1300048828125,137.08999633789062,137.08999633789062,2054200
2026-05-19,141.4600067138672,145.0,137.6300048828125,140.00999450683594,140.00999450683594,2302400
2026-05-20,136.89999389648438,140.4499969482422,133.61000061035156,139.8000030517578,139.8000030517578,1851600
2026-05-21,135.3699951171875,138.1999969482422,132.05999755859375,135.7100067138672,135.7100067138672,1365000
2026-05-22,136.4499969482422,141.9499969482422,136.4499969482422,140.25999450683594,140.25999450683594,1552300
2026-05-26,138.50999450683594,140.47999572753906,136.0,137.36000061035156,137.36000061035156,1119400
2026-05-27,134.77000427246094,137.3800048828125,132.02999877929688,133.27000427246094,133.27000427246094,867700
2026-05-28,134.72999572753906,142.83999633789062,132.72000122070312,142.1300048828125,142.1300048828125,1079200
2026-05-29,143.6699981689453,152.92999267578125,143.0399932861328,152.6699981689453,152.6699981689453,1396800
2026-06-01,158.9199981689453,173.17999267578125,156.6300048828125,171.4199981689453,171.4199981689453,2628800
2026-06-02,164.72999572753906,166.0500030517578,160.92999267578125,162.74000549316406,162.74000549316406,1766500
2026-06-03,161.22999572753906,162.0,153.8000030517578,155.00999450683594,155.00999450683594,1338400
2026-06-04,159.91000366210938,166.35000610351562,150.41000366210938,151.1699981689453,151.1699981689453,3081100
2026-06-05,131.1300048828125,146.8000030517578,131.1300048828125,136.05999755859375,136.05999755859375,4125100
2026-06-08,135.6199951171875,135.6199951171875,126.95999908447266,127.19000244140624,127.19000244140624,1986000
2026-06-09,125.0,129.1699981689453,120.6500015258789,124.51000213623048,124.51000213623048,1771100
2026-06-10,121.6999969482422,124.12000274658205,116.36000061035156,116.58999633789062,116.58999633789062,2563300
2026-06-11,115.06999969482422,119.43000030517578,113.66999816894533,118.5199966430664,118.5199966430664,2049100
2026-06-12,117.1500015258789,123.1500015258789,115.0,122.55999755859376,122.55999755859376,1700700
2026-06-15,123.8499984741211,126.61000061035156,119.37000274658205,120.02999877929688,120.02999877929688,1279500
2026-06-16,119.0,120.68000030517578,117.30999755859376,117.45999908447266,117.45999908447266,1542200
2026-06-17,116.0,120.48999786376952,111.08000183105467,111.16999816894533,111.16999816894533,1869700
2026-06-18,110.0,110.55999755859376,106.41000366210938,107.86000061035156,107.86000061035156,6103400
2026-06-22,106.0,108.0199966430664,102.3000030517578,102.69000244140624,102.69000244140624,2058400
2026-06-23,105.08999633789062,109.83999633789062,103.58000183105467,109.62999725341795,109.62999725341795,3184000
2026-06-24,109.0999984741211,111.54000091552734,108.0,110.33000183105467,110.33000183105467,1879500
2026-06-25,108.0,114.66999816894533,107.02999877929688,110.0999984741211,110.0999984741211,1549600
2026-06-26,111.72000122070312,121.5,111.72000122070312,121.4800033569336,121.4800033569336,3253500
2026-06-29,124.29000091552734,126.0,120.08999633789062,120.87000274658205,120.87000274658205,1954100
2026-06-30,119.25,123.79000091552734,118.52999877929688,123.0500030517578,123.0500030517578,1081900
2026-07-01,126.0199966430664,132.08999633789062,126.0,127.6500015258789,127.6500015258789,1374600
2026-07-02,128.5399932861328,136.1300048828125,127.98999786376952,134.47000122070312,134.47000122070312,1656400
2026-07-06,131.6300048828125,138.64999389648438,131.1699981689453,137.58999633789062,137.58999633789062,1237400
2026-07-07,141.00999450683594,142.80999755859375,136.22000122070312,137.05999755859375,137.05999755859375,1075600
2026-07-08,135.05999755859375,136.47000122070312,131.13999938964844,135.74000549316406,135.74000549316406,1103200
2026-07-09,131.0,135.5399932861328,128.99000549316406,135.0500030517578,135.0500030517578,1033800
2026-07-10,138.3000030517578,139.9499969482422,134.99000549316406,136.1300048828125,136.1300048828125,1136700
2026-07-13,138.47000122070312,143.4499969482422,137.8300018310547,140.30999755859375,140.30999755859375,917200
2026-07-14,133.41000366210938,142.0,132.33999633789062,140.7100067138672,140.7100067138672,1713600
2026-07-15,143.6999969482422,146.72000122070312,140.1699981689453,140.5399932861328,140.5399932861328,2025700
2026-07-16,142.77999877929688,150.77000427246094,141.25,148.91000366210938,148.91000366210938,1634500
2026-07-17,149.63999938964844,152.19000244140625,146.3000030517578,150.02000427246094,150.02000427246094,1495300
2026-07-20,147.4199981689453,151.1199951171875,144.4199981689453,149.19000244140625,149.19000244140625,1098700
2026-07-21,144.80999755859375,148.6300048828125,142.44000244140625,142.52999877929688,142.52999877929688,1376000
2026-07-22,141.47000122070312,142.5,132.0800018310547,133.97000122070312,133.97000122070312,1834800
2026-07-23,136.92999267578125,137.0,131.16000366210938,131.3800048828125,131.3800048828125,790400
2026-07-24,133.67999267578125,140.1999969482422,132.9499969482422,138.22999572753906,138.22999572753906,891300
2026-07-27,142.30999755859375,152.47000122070312,141.75999450683594,149.27999877929688,149.27999877929688,958400
2026-07-28,151.6999969482422,159.5500030517578,151.6999969482422,159.39999389648438,159.39999389648438,1476700
2026-07-29,160.0,170.0,159.6699981689453,167.25999450683594,167.25999450683594,1656900
2026-07-30,161.22999572753906,162.1300048828125,150.72000122070312,153.2100067138672,153.2100067138672,1179100
2026-07-31,150.17999267578125,155.0,150.17999267578125,151.94000244140625,151.94000244140625,1130900
2026-08-03,155.9199981689453,161.9600067138672,154.75999450683594,157.3300018310547,157.3300018310547,1157900
2026-08-04,155.75999450683594,161.36000061035156,154.35000610351562,160.30999755859375,160.30999755859375,1321500
2026-08-05,164.14999389648438,164.22000122070312,157.83999633789062,160.3300018310547,160.3300018310547,717200
2026-08-06,153.52999877929688,160.85000610351562,151.1999969482422,160.02999877929688,160.02999877929688,853100
2026-08-07,164.0,172.07000732421875,162.64999389648438,170.52999877929688,170.52999877929688,1124900
2026-08-10,169.5,175.0,169.5,172.94000244140625,172.94000244140625,1456000
2026-08-11,175.0,178.07000732421875,171.22000122070312,176.64999389648438,176.64999389648438,1220600
2026-08-12,173.02999877929688,176.75999450683594,171.14999389648438,173.0800018310547,173.0800018310547,766200
2026-08-13,173.9199981689453,183.8800048828125,173.0,182.6199951171875,182.6199951171875,1332600
2026-08-14,183.80999755859375,183.97999572753906,172.80999755859375,175.58999633789062,175.58999633789062,876600
