Date,Open,High,Low,Close,Adj Close,Volume
2021-08-16,19.309999465942383,19.31999969482422,19.209999084472656,19.229999542236328,12.478797912597656,15800
2021-08-17,19.209999084472656,19.260000228881836,19.110000610351562,19.190000534057617,12.452841758728027,39100
2021-08-18,19.260000228881836,19.270000457763672,19.110000610351562,19.200000762939453,12.459333419799805,47000
2021-08-19,19.149999618530273,19.200000762939453,19.0,19.059999465942383,12.368478775024414,40300
2021-08-20,19.100000381469727,19.190000534057617,19.100000381469727,19.170000076293945,12.439862251281738,29500
2021-08-23,19.190000534057617,19.31999969482422,19.15999984741211,19.290000915527344,12.51773452758789,27800
2021-08-24,19.270000457763672,19.299999237060547,19.170000076293945,19.200000762939453,12.459333419799805,22300
2021-08-25,19.25,19.34000015258789,19.229999542236328,19.34000015258789,12.550177574157715,17200
2021-08-26,19.350000381469727,19.350000381469727,19.25,19.270000457763672,12.504755973815918,44600
2021-08-27,19.31999969482422,19.34000015258789,19.25,19.299999237060547,12.524216651916504,54200
2021-08-30,19.360000610351562,19.399999618530273,19.25,19.399999618530273,12.589113235473633,28000
2021-08-31,19.489999771118164,19.5,19.450000762939453,19.489999771118164,12.647517204284668,45100
2021-09-01,19.440000534057617,19.469999313354492,19.399999618530273,19.43000030517578,12.608579635620117,36600
2021-09-02,19.540000915527344,19.540000915527344,19.450000762939453,19.510000228881836,12.66049575805664,31700
2021-09-03,19.469999313354492,19.479999542236328,19.290000915527344,19.299999237060547,12.524216651916504,52200
2021-09-07,19.399999618530273,19.399999618530273,19.229999542236328,19.270000457763672,12.504755973815918,41600
2021-09-08,19.200000762939453,19.25,19.1299991607666,19.139999389648438,12.420388221740723,82000
2021-09-09,19.15999984741211,19.170000076293945,19.079999923706055,19.100000381469727,12.394434928894043,59400
2021-09-10,18.969999313354492,19.0,18.899999618530273,18.899999618530273,12.33569622039795,43300
2021-09-13,18.979999542236328,19.0,18.93000030517578,18.950000762939453,12.368329048156738,27600
2021-09-14,19.0,19.030000686645508,18.940000534057617,18.959999084472656,12.374855041503906,38000
2021-09-15,18.93000030517578,19.139999389648438,18.899999618530273,19.1200008392334,12.47928524017334,51000
2021-09-16,19.139999389648438,19.15999984741211,19.110000610351562,19.15999984741211,12.505393981933594,17500
2021-09-17,19.09000015258789,19.18000030517578,19.09000015258789,19.1200008392334,12.47928524017334,42300
2021-09-20,19.100000381469727,19.110000610351562,18.6299991607666,18.700000762939453,12.205160140991211,87600
2021-09-21,18.739999771118164,18.850000381469727,18.729999542236328,18.739999771118164,12.231266975402832,37800
2021-09-22,18.760000228881836,18.850000381469727,18.760000228881836,18.84000015258789,12.296538352966309,49700
2021-09-23,18.920000076293945,18.920000076293945,18.719999313354492,18.799999237060547,12.270423889160156,62000
2021-09-24,18.799999237060547,18.809999465942383,18.5,18.520000457763672,12.08767318725586,48300
2021-09-27,18.469999313354492,18.549999237060547,18.43000030517578,18.479999542236328,12.061567306518555,40100
2021-09-28,18.469999313354492,18.530000686645508,18.290000915527344,18.489999771118164,12.068094253540039,76900
2021-09-29,18.489999771118164,18.700000762939453,18.479999542236328,18.639999389648438,12.165998458862305,38000
2021-09-30,18.760000228881836,18.84000015258789,18.639999389648438,18.729999542236328,12.224740982055664,75500
2021-10-01,18.690000534057617,18.84000015258789,18.65999984741211,18.829999923706055,12.290006637573242,29600
2021-10-04,18.829999923706055,18.84000015258789,18.719999313354492,18.739999771118164,12.231266975402832,80200
2021-10-05,18.719999313354492,18.8799991607666,18.719999313354492,18.760000228881836,12.244322776794434,32600
2021-10-06,18.709999084472656,19.329999923706055,18.709999084472656,19.139999389648438,12.492335319519043,239700
2021-10-07,19.170000076293945,19.34000015258789,19.139999389648438,19.149999618530273,12.49886417388916,59600
2021-10-08,19.020000457763672,19.079999923706055,18.959999084472656,19.0,12.472606658935547,31900
2021-10-11,19.110000610351562,19.110000610351562,18.979999542236328,19.030000686645508,12.492303848266602,32200
2021-10-12,19.06999969482422,19.06999969482422,18.75,19.059999465942383,12.51198959350586,26300
2021-10-13,19.1299991607666,19.280000686645508,19.100000381469727,19.280000686645508,12.656414985656738,69000
2021-10-14,19.399999618530273,19.399999618530273,19.299999237060547,19.350000381469727,12.70236587524414,56100
2021-10-15,19.399999618530273,19.399999618530273,19.329999923706055,19.389999389648438,12.72862434387207,25800
2021-10-18,19.34000015258789,19.399999618530273,19.34000015258789,19.3799991607666,12.722058296203613,28700
2021-10-19,19.3799991607666,19.440000534057617,19.360000610351562,19.3799991607666,12.722058296203613,57700
2021-10-20,19.420000076293945,19.549999237060547,19.389999389648438,19.520000457763672,12.81396198272705,80400
2021-10-21,19.530000686645508,19.56999969482422,19.3700008392334,19.469999313354492,12.781142234802246,41900
2021-10-22,19.469999313354492,19.59000015258789,19.420000076293945,19.579999923706055,12.853349685668945,54900
2021-10-25,19.579999923706055,19.68000030517578,19.559999465942383,19.68000030517578,12.918997764587402,26800
2021-10-26,19.700000762939453,19.700000762939453,19.600000381469727,19.6299991607666,12.88616943359375,16400
2021-10-27,19.729999542236328,19.739999771118164,19.56999969482422,19.59000015258789,12.859909057617188,28600
2021-10-28,19.59000015258789,19.639999389648438,19.5,19.639999389648438,12.89273452758789,47400
2021-10-29,19.690000534057617,19.75,19.600000381469727,19.65999984741211,12.905868530273438,63300
2021-11-01,19.84000015258789,19.860000610351562,19.75,19.850000381469727,13.030592918395996,57900
2021-11-02,19.889999389648438,19.889999389648438,19.670000076293945,19.780000686645508,12.984640121459961,41500
2021-11-03,19.709999084472656,19.75,19.649999618530273,19.68000030517578,12.918997764587402,31500
2021-11-04,19.75,19.75,19.6299991607666,19.709999084472656,12.93868350982666,34600
2021-11-05,19.760000228881836,19.799999237060547,19.68000030517578,19.719999313354492,12.9452543258667,25300
2021-11-08,19.700000762939453,19.889999389648438,19.700000762939453,19.799999237060547,12.997770309448242,28100
2021-11-09,19.81999969482422,19.850000381469727,19.729999542236328,19.770000457763672,12.97807502746582,32800
2021-11-10,19.559999465942383,19.670000076293945,19.559999465942383,19.639999389648438,12.96487045288086,30700
2021-11-11,19.600000381469727,19.6299991607666,19.56999969482422,19.579999923706055,12.925265312194824,20000
2021-11-12,19.579999923706055,19.6200008392334,19.31999969482422,19.389999389648438,12.799840927124023,72000
2021-11-15,19.360000610351562,19.3799991607666,19.219999313354492,19.219999313354492,12.68761920928955,29300
2021-11-16,19.270000457763672,19.280000686645508,19.190000534057617,19.25,12.70742416381836,28000
2021-11-17,19.229999542236328,19.260000228881836,19.15999984741211,19.239999771118164,12.700822830200195,29400
2021-11-18,19.280000686645508,19.280000686645508,19.1299991607666,19.15999984741211,12.6480131149292,36800
2021-11-19,19.1299991607666,19.219999313354492,19.1299991607666,19.200000762939453,12.674422264099121,12600
2021-11-22,19.209999084472656,19.280000686645508,18.899999618530273,18.979999542236328,12.529186248779297,65400
2021-11-23,19.049999237060547,19.049999237060547,18.770000457763672,18.81999969482422,12.42357063293457,48000
2021-11-24,18.84000015258789,18.90999984741211,18.760000228881836,18.81999969482422,12.42357063293457,31200
2021-11-26,18.690000534057617,18.790000915527344,18.5,18.780000686645508,12.39716625213623,36700
2021-11-29,18.780000686645508,18.940000534057617,18.75,18.920000076293945,12.489581108093262,50400
2021-11-30,19.020000457763672,19.06999969482422,18.739999771118164,18.829999923706055,12.430173873901367,74800
2021-12-01,18.860000610351562,18.920000076293945,18.530000686645508,18.579999923706055,12.265138626098633,57800
2021-12-02,18.5,18.600000381469727,18.5,18.510000228881836,12.218932151794434,48200
2021-12-03,18.56999969482422,18.639999389648438,18.209999084472656,18.209999084472656,12.020889282226562,44000
2021-12-06,18.209999084472656,18.389999389648438,18.18000030517578,18.290000915527344,12.073707580566406,65800
2021-12-07,18.420000076293945,18.739999771118164,18.420000076293945,18.709999084472656,12.35095500946045,40000
2021-12-08,18.799999237060547,18.940000534057617,18.760000228881836,18.940000534057617,12.50278377532959,42400
2021-12-09,18.940000534057617,19.239999771118164,18.899999618530273,19.219999313354492,12.68761920928955,49600
2021-12-10,19.100000381469727,19.1299991607666,19.0,19.09000015258789,12.674338340759277,42800
2021-12-13,19.110000610351562,19.110000610351562,18.700000762939453,18.84000015258789,12.5083646774292,33500
2021-12-14,18.809999465942383,18.84000015258789,18.65999984741211,18.719999313354492,12.428689002990723,36100
2021-12-15,18.889999389648438,18.899999618530273,18.639999389648438,18.899999618530273,12.54819393157959,36100
2021-12-16,18.950000762939453,18.950000762939453,18.850000381469727,18.860000610351562,12.521637916564941,26600
2021-12-17,18.8700008392334,18.8799991607666,18.729999542236328,18.860000610351562,12.521637916564941,29700
2021-12-20,18.670000076293945,18.75,18.600000381469727,18.6200008392334,12.362295150756836,40000
2021-12-21,18.6200008392334,18.700000762939453,18.579999923706055,18.649999618530273,12.38221263885498,19800
2021-12-22,18.700000762939453,18.75,18.6200008392334,18.709999084472656,12.422046661376953,19700
2021-12-23,18.719999313354492,18.899999618530273,18.719999313354492,18.780000686645508,12.468526840209961,25200
2021-12-27,18.790000915527344,18.889999389648438,18.760000228881836,18.860000610351562,12.521637916564941,35200
2021-12-28,18.8700008392334,18.899999618530273,18.760000228881836,18.770000457763672,12.461883544921875,32000
2021-12-29,18.809999465942383,18.84000015258789,18.65999984741211,18.690000534057617,12.40876579284668,47100
2021-12-30,18.780000686645508,18.780000686645508,18.600000381469727,18.729999542236328,12.435331344604492,57900
2021-12-31,18.829999923706055,18.950000762939453,18.75,18.75,12.448607444763184,96500
2022-01-03,18.799999237060547,18.850000381469727,18.700000762939453,18.729999542236328,12.435331344604492,63900
2022-01-04,18.709999084472656,18.739999771118164,18.610000610351562,18.68000030517578,12.402131080627441,73300
2022-01-05,18.579999923706055,18.700000762939453,18.43000030517578,18.43000030517578,12.23615550994873,55700
2022-01-06,18.389999389648438,18.530000686645508,18.389999389648438,18.5,12.282626152038574,38000
2022-01-07,18.450000762939453,18.559999465942383,18.450000762939453,18.530000686645508,12.302541732788086,20300
2022-01-10,18.450000762939453,18.530000686645508,18.389999389648438,18.5,12.282626152038574,48600
2022-01-11,18.469999313354492,18.729999542236328,18.469999313354492,18.700000762939453,12.415410995483398,50700
2022-01-12,18.6299991607666,18.65999984741211,18.59000015258789,18.6200008392334,12.435444831848145,45900
2022-01-13,18.579999923706055,18.6200008392334,18.440000534057617,18.579999923706055,12.408734321594238,43000
2022-01-14,18.579999923706055,18.579999923706055,18.270000457763672,18.34000015258789,12.248449325561523,105700
2022-01-18,18.260000228881836,18.260000228881836,17.899999618530273,17.920000076293945,11.9679536819458,98100
2022-01-19,18.0,18.06999969482422,17.989999771118164,18.010000228881836,12.028056144714355,52800
2022-01-20,18.100000381469727,18.15999984741211,17.979999542236328,18.010000228881836,12.028056144714355,43800
2022-01-21,18.0,18.020000457763672,17.579999923706055,17.6200008392334,11.767596244812012,95700
2022-01-24,17.329999923706055,17.43000030517578,16.729999542236328,17.239999771118164,11.513809204101562,220900
2022-01-25,17.110000610351562,17.440000534057617,16.979999542236328,17.299999237060547,11.553878784179688,81000
2022-01-26,17.3700008392334,17.549999237060547,17.260000228881836,17.34000015258789,11.580595970153809,87200
2022-01-27,17.479999542236328,17.510000228881836,17.149999618530273,17.229999542236328,11.507124900817871,88400
2022-01-28,17.229999542236328,17.34000015258789,17.100000381469727,17.309999465942383,11.560559272766113,82000
2022-01-31,17.329999923706055,17.59000015258789,17.270000457763672,17.59000015258789,11.747554779052734,58900
2022-02-01,17.670000076293945,17.709999084472656,17.559999465942383,17.700000762939453,11.821020126342773,64400
2022-02-02,17.760000228881836,17.770000457763672,17.610000610351562,17.639999389648438,11.7809476852417,49700
2022-02-03,17.5,17.530000686645508,17.440000534057617,17.459999084472656,11.660735130310059,55800
2022-02-04,17.459999084472656,17.549999237060547,17.299999237060547,17.40999984741211,11.627341270446777,44400
2022-02-07,17.40999984741211,17.520000457763672,17.309999465942383,17.31999969482422,11.567234992980957,64600
2022-02-08,17.31999969482422,17.329999923706055,17.170000076293945,17.209999084472656,11.493775367736816,81200
2022-02-09,17.270000457763672,17.3700008392334,17.270000457763672,17.309999465942383,11.560559272766113,46600
2022-02-10,17.06999969482422,17.15999984741211,16.959999084472656,17.059999465942383,11.466461181640625,64100
2022-02-11,17.1200008392334,17.229999542236328,16.850000381469727,16.90999984741211,11.365640640258789,74800
2022-02-14,16.790000915527344,16.850000381469727,16.489999771118164,16.639999389648438,11.184162139892578,150300
2022-02-15,16.729999542236328,16.989999771118164,16.649999618530273,16.93000030517578,11.379081726074219,92900
2022-02-16,16.940000534057617,17.1200008392334,16.90999984741211,17.110000610351562,11.500065803527832,52600
2022-02-17,17.049999237060547,17.190000534057617,16.959999084472656,17.0,11.426132202148438,69700
2022-02-18,17.09000015258789,17.1200008392334,16.959999084472656,17.09000015258789,11.486626625061035,65000
2022-02-22,17.040000915527344,17.190000534057617,16.809999465942383,16.8700008392334,11.338756561279297,77500
2022-02-23,16.8799991607666,16.93000030517578,16.719999313354492,16.739999771118164,11.25137710571289,74600
2022-02-24,16.549999237060547,17.18000030517578,16.549999237060547,16.989999771118164,11.419410705566406,83800
2022-02-25,17.049999237060547,17.469999313354492,16.979999542236328,17.43000030517578,11.715147972106934,43200
2022-02-28,17.440000534057617,17.649999618530273,17.399999618530273,17.510000228881836,11.768919944763184,86400
2022-03-01,17.530000686645508,17.649999618530273,17.350000381469727,17.3799991607666,11.681540489196777,36600
2022-03-02,17.489999771118164,17.729999542236328,17.389999389648438,17.610000610351562,11.836128234863281,34400
2022-03-03,17.68000030517578,17.760000228881836,17.5,17.540000915527344,11.78907585144043,40900
2022-03-04,17.5,17.510000228881836,17.31999969482422,17.34000015258789,11.654654502868652,41600
2022-03-07,17.450000762939453,17.450000762939453,16.829999923706055,16.8799991607666,11.345475196838379,56900
2022-03-08,16.959999084472656,17.110000610351562,16.860000610351562,17.079999923706055,11.479899406433105,35000
2022-03-09,17.18000030517578,17.43000030517578,17.18000030517578,17.34000015258789,11.654654502868652,26100
2022-03-10,17.09000015258789,17.200000762939453,17.059999465942383,17.15999984741211,11.607305526733398,32300
2022-03-11,17.18000030517578,17.229999542236328,17.06999969482422,17.06999969482422,11.546426773071289,38100
2022-03-14,17.030000686645508,17.030000686645508,16.299999237060547,16.329999923706055,11.045877456665039,103000
2022-03-15,16.350000381469727,16.530000686645508,16.350000381469727,16.450000762939453,11.127052307128906,76500
2022-03-16,16.530000686645508,16.90999984741211,16.530000686645508,16.860000610351562,11.404383659362793,112700
2022-03-17,16.889999389648438,17.200000762939453,16.889999389648438,17.079999923706055,11.553189277648926,37400
2022-03-18,17.010000228881836,17.200000762939453,17.0,17.079999923706055,11.553189277648926,32700
2022-03-21,16.969999313354492,17.059999465942383,16.950000762939453,17.030000686645508,11.51937198638916,54000
2022-03-22,17.030000686645508,17.200000762939453,17.030000686645508,17.190000534057617,11.627594947814941,46100
2022-03-23,17.170000076293945,17.59000015258789,17.139999389648438,17.299999237060547,11.702004432678223,31500
2022-03-24,17.3799991607666,17.399999618530273,17.25,17.3700008392334,11.749357223510742,34800
2022-03-25,17.479999542236328,17.520000457763672,17.219999313354492,17.270000457763672,11.681711196899414,98000
2022-03-28,17.190000534057617,17.40999984741211,17.190000534057617,17.309999465942383,11.708765029907227,36800
2022-03-29,17.469999313354492,17.6200008392334,17.399999618530273,17.579999923706055,11.891395568847656,47100
2022-03-30,17.549999237060547,17.700000762939453,17.549999237060547,17.65999984741211,11.945511817932129,27600
2022-03-31,17.81999969482422,17.969999313354492,17.65999984741211,17.959999084472656,12.148436546325684,82900
2022-04-01,17.8700008392334,17.959999084472656,17.780000686645508,17.920000076293945,12.121381759643555,41100
2022-04-04,18.010000228881836,18.049999237060547,17.75,18.049999237060547,12.209317207336426,32300
2022-04-05,18.030000686645508,18.110000610351562,17.8700008392334,17.940000534057617,12.134912490844727,74500
2022-04-06,17.81999969482422,17.81999969482422,17.600000381469727,17.670000076293945,11.952280044555664,53400
2022-04-07,17.610000610351562,17.979999542236328,17.610000610351562,17.670000076293945,11.952280044555664,60800
2022-04-08,17.520000457763672,17.639999389648438,17.40999984741211,17.420000076293945,11.856986999511719,36000
2022-04-11,17.290000915527344,17.389999389648438,17.229999542236328,17.239999771118164,11.734472274780273,43700
2022-04-12,17.25,17.3700008392334,16.899999618530273,16.93000030517578,11.523467063903809,116600
2022-04-13,16.829999923706055,17.0,16.829999923706055,16.899999618530273,11.503042221069336,23900
2022-04-14,16.809999465942383,16.850000381469727,16.700000762939453,16.700000762939453,11.366915702819824,45000
2022-04-18,16.770000457763672,16.780000686645508,16.600000381469727,16.639999389648438,11.326077461242676,52200
2022-04-19,16.639999389648438,16.81999969482422,16.600000381469727,16.770000457763672,11.414562225341797,63400
2022-04-20,16.81999969482422,17.229999542236328,16.81999969482422,17.040000915527344,11.59833812713623,44500
2022-04-21,17.1200008392334,17.170000076293945,16.850000381469727,16.950000762939453,11.537081718444824,71700
2022-04-22,16.84000015258789,16.899999618530273,16.670000076293945,16.809999465942383,11.44178581237793,48400
2022-04-25,16.81999969482422,16.84000015258789,16.649999618530273,16.81999969482422,11.448590278625488,46700
2022-04-26,16.829999923706055,16.959999084472656,16.610000610351562,16.780000686645508,11.421367645263672,74300
2022-04-27,16.8799991607666,17.170000076293945,16.8799991607666,16.979999542236328,11.557494163513184,73000
2022-04-28,17.030000686645508,17.260000228881836,16.8700008392334,17.260000228881836,11.74808120727539,42900
2022-04-29,17.149999618530273,17.440000534057617,17.079999923706055,17.139999389648438,11.666401863098145,67100
2022-05-02,17.049999237060547,17.09000015258789,16.559999465942383,16.639999389648438,11.326077461242676,103500
2022-05-03,16.579999923706055,16.690000534057617,16.56999969482422,16.610000610351562,11.305656433105469,45400
2022-05-04,16.68000030517578,16.959999084472656,16.600000381469727,16.93000030517578,11.523467063903809,52100
2022-05-05,16.850000381469727,16.860000610351562,16.639999389648438,16.75,11.400949478149414,36100
2022-05-06,16.690000534057617,16.93000030517578,16.579999923706055,16.809999465942383,11.44178581237793,49200
2022-05-09,16.670000076293945,16.780000686645508,16.549999237060547,16.600000381469727,11.29885196685791,58700
2022-05-10,16.700000762939453,17.030000686645508,16.25,16.270000457763672,11.074237823486328,92400
2022-05-11,16.18000030517578,16.43000030517578,16.1299991607666,16.239999771118164,11.129054069519043,71100
2022-05-12,16.18000030517578,16.229999542236328,15.970000267028809,16.1299991607666,11.053677558898926,57400
2022-05-13,16.209999084472656,16.469999313354492,16.209999084472656,16.420000076293945,11.25240707397461,42900
2022-05-16,16.450000762939453,16.450000762939453,16.25,16.260000228881836,11.142762184143066,40900
2022-05-17,16.40999984741211,16.469999313354492,16.190000534057617,16.34000015258789,11.19758415222168,51200
2022-05-18,16.229999542236328,16.299999237060547,16.059999465942383,16.18000030517578,11.087937355041504,37500
2022-05-19,16.06999969482422,16.34000015258789,16.06999969482422,16.200000762939453,11.101646423339844,24900
2022-05-20,16.290000915527344,16.299999237060547,16.079999923706055,16.170000076293945,11.081088066101074,22100
2022-05-23,16.309999465942383,16.440000534057617,16.25,16.440000534057617,11.266117095947266,39400
2022-05-24,16.43000030517578,16.670000076293945,16.280000686645508,16.6200008392334,11.38946533203125,39500
2022-05-25,16.520000457763672,16.969999313354492,16.520000457763672,16.8799991607666,11.567639350891113,36000
2022-05-26,16.969999313354492,17.31999969482422,16.969999313354492,17.239999771118164,11.814347267150879,31800
2022-05-27,17.209999084472656,17.450000762939453,17.209999084472656,17.420000076293945,11.937694549560547,32000
2022-05-31,17.469999313354492,17.739999771118164,17.239999771118164,17.299999237060547,11.855463027954102,108300
2022-06-01,17.420000076293945,17.459999084472656,17.149999618530273,17.31999969482422,11.869171142578125,46100
2022-06-02,17.34000015258789,17.34000015258789,17.100000381469727,17.100000381469727,11.718404769897461,56800
2022-06-03,16.989999771118164,16.989999771118164,16.579999923706055,16.709999084472656,11.451144218444824,36400
2022-06-06,16.75,17.170000076293945,16.75,16.940000534057617,11.608760833740234,46900
2022-06-07,16.979999542236328,17.200000762939453,16.90999984741211,17.190000534057617,11.78007984161377,53700
2022-06-08,17.190000534057617,17.600000381469727,17.1299991607666,17.600000381469727,12.061043739318848,66300
2022-06-09,17.559999465942383,17.56999969482422,17.31999969482422,17.360000610351562,11.89657974243164,37900
2022-06-10,17.100000381469727,17.100000381469727,16.799999237060547,16.8700008392334,11.634510040283203,36700
2022-06-13,16.56999969482422,16.610000610351562,16.25,16.299999237060547,11.24140453338623,73800
2022-06-14,16.280000686645508,16.280000686645508,15.800000190734863,15.920000076293945,10.979333877563477,76500
2022-06-15,15.829999923706055,16.0,15.739999771118164,15.960000038146973,11.006922721862793,42800
2022-06-16,15.6899995803833,15.779999732971191,15.050000190734863,15.069999694824219,10.393126487731934,84200
2022-06-17,14.960000038146973,15.199999809265137,14.960000038146973,15.119999885559082,10.427611351013184,104300
2022-06-21,15.260000228881836,15.399999618530273,15.15999984741211,15.380000114440918,10.60692024230957,69300
2022-06-22,15.229999542236328,15.489999771118164,15.180000305175781,15.229999542236328,10.503470420837402,77100
2022-06-23,15.239999771118164,15.4399995803833,15.239999771118164,15.4399995803833,10.648301124572754,42000
2022-06-24,15.460000038146973,15.6899995803833,15.460000038146973,15.550000190734863,10.724160194396973,24700
2022-06-27,15.59000015258789,15.680000305175781,15.529999732971191,15.550000190734863,10.724160194396973,17500
2022-06-28,15.65999984741211,15.789999961853027,15.550000190734863,15.670000076293945,10.806916236877441,28300
2022-06-29,15.75,15.829999923706055,15.710000038146973,15.819999694824219,10.910371780395508,51400
2022-06-30,15.8100004196167,16.020000457763672,15.710000038146973,15.770000457763672,10.875885963439941,93400
2022-07-01,15.770000457763672,15.9399995803833,15.770000457763672,15.890000343322754,10.95864486694336,41300
2022-07-05,15.819999694824219,16.06999969482422,15.75,16.06999969482422,11.082780838012695,65400
2022-07-06,16.200000762939453,16.200000762939453,15.890000343322754,15.970000267028809,11.013818740844727,45000
2022-07-07,16.0,16.09000015258789,15.949999809265137,15.979999542236328,11.02071475982666,32300
2022-07-08,15.760000228881836,15.90999984741211,15.699999809265137,15.829999923706055,10.992935180664062,24100
2022-07-11,15.850000381469727,15.880000114440918,15.760000228881836,15.859999656677246,11.013769149780273,15200
2022-07-12,15.779999732971191,15.880000114440918,15.760000228881836,15.779999732971191,10.95821475982666,29800
2022-07-13,15.59000015258789,15.699999809265137,15.3100004196167,15.5,10.763773918151855,94200
2022-07-14,15.449999809265137,15.539999961853027,15.329999923706055,15.539999961853027,10.791549682617188,39300
2022-07-15,15.569999694824219,15.720000267028809,15.529999732971191,15.609999656677246,10.840161323547363,37500
2022-07-18,15.59000015258789,15.739999771118164,15.550000190734863,15.550000190734863,10.798493385314941,37700
2022-07-19,15.550000190734863,15.819999694824219,15.520000457763672,15.760000228881836,10.944324493408203,47000
2022-07-20,15.770000457763672,16.030000686645508,15.75,15.960000038146973,11.083213806152344,35700
2022-07-21,16.020000457763672,16.15999984741211,15.90999984741211,16.149999618530273,11.215153694152832,26200
2022-07-22,16.100000381469727,16.290000915527344,16.059999465942383,16.1299991607666,11.201269149780273,26900
2022-07-25,16.170000076293945,16.3799991607666,16.049999237060547,16.25,11.284602165222168,20300
2022-07-26,16.260000228881836,16.31999969482422,16.149999618530273,16.290000915527344,11.312381744384766,14900
2022-07-27,16.3700008392334,16.399999618530273,16.219999313354492,16.399999618530273,11.388769149780273,23700
2022-07-28,16.399999618530273,16.729999542236328,16.389999389648438,16.700000762939453,11.597097396850586,32600
2022-07-29,16.780000686645508,17.06999969482422,16.75,17.059999465942383,11.847092628479004,72300
2022-08-01,17.079999923706055,17.459999084472656,17.06999969482422,17.31999969482422,12.027649879455566,25700
2022-08-02,17.200000762939453,17.40999984741211,17.170000076293945,17.190000534057617,11.937373161315918,29400
2022-08-03,17.200000762939453,17.299999237060547,17.149999618530273,17.149999618530273,11.909590721130371,41400
2022-08-04,17.190000534057617,17.309999465942383,17.170000076293945,17.200000762939453,11.944318771362305,27000
2022-08-05,17.059999465942383,17.170000076293945,17.059999465942383,17.06999969482422,11.854035377502441,16700
2022-08-08,17.0,17.149999618530273,16.829999923706055,17.079999923706055,11.860981941223145,62900
2022-08-09,17.030000686645508,17.200000762939453,17.0,17.09000015258789,11.867925643920898,37900
2022-08-10,17.100000381469727,17.239999771118164,16.90999984741211,17.190000534057617,12.014701843261719,27000
2022-08-11,17.15999984741211,17.3799991607666,17.15999984741211,17.200000762939453,12.021696090698242,31400
2022-08-12,17.31999969482422,17.329999923706055,17.149999618530273,17.290000915527344,12.084595680236816,28900
2022-08-15,17.190000534057617,17.280000686645508,17.15999984741211,17.18000030517578,12.00771713256836,20500
2022-08-16,17.170000076293945,17.25,17.049999237060547,17.1200008392334,11.965782165527344,20500
2022-08-17,17.079999923706055,17.079999923706055,16.899999618530273,16.920000076293945,11.825993537902832,28700
2022-08-18,16.920000076293945,16.950000762939453,16.81999969482422,16.850000381469727,11.777064323425293,27800
2022-08-19,16.770000457763672,16.770000457763672,16.6299991607666,16.709999084472656,11.679214477539062,33200
2022-08-22,16.649999618530273,16.65999984741211,16.450000762939453,16.450000762939453,11.497489929199219,26300
2022-08-23,16.479999542236328,16.59000015258789,16.059999465942383,16.25,11.357706069946289,28000
2022-08-24,16.229999542236328,16.3700008392334,16.209999084472656,16.280000686645508,11.37867259979248,39200
2022-08-25,16.309999465942383,16.450000762939453,16.219999313354492,16.270000457763672,11.371683120727539,35800
2022-08-26,16.290000915527344,16.309999465942383,16.059999465942383,16.059999465942383,11.224905014038086,31700
2022-08-29,16.059999465942383,16.110000610351562,16.0,16.020000457763672,11.196950912475586,37400
2022-08-30,15.960000038146973,16.020000457763672,15.800000190734863,15.829999923706055,11.064149856567383,46600
2022-08-31,15.989999771118164,16.350000381469727,15.75,15.829999923706055,11.064149856567383,82000
2022-09-01,15.699999809265137,15.729999542236328,15.489999771118164,15.600000381469727,10.903395652770996,39400
2022-09-02,15.649999618530273,15.729999542236328,15.600000381469727,15.680000305175781,10.959312438964844,27200
2022-09-06,15.680000305175781,15.819999694824219,15.539999961853027,15.8100004196167,11.050174713134766,39100
2022-09-07,15.75,16.0,15.6899995803833,15.960000038146973,11.155013084411621,75800
2022-09-08,15.9399995803833,16.25,15.9399995803833,16.1200008392334,11.266844749450684,33600
2022-09-09,16.010000228881836,16.170000076293945,16.010000228881836,16.030000686645508,11.280917167663574,20700
2022-09-12,16.100000381469727,16.100000381469727,15.960000038146973,16.0,11.259807586669922,38500
2022-09-13,15.829999923706055,15.869999885559082,15.6899995803833,15.770000457763672,11.097946166992188,43200
2022-09-14,15.859999656677246,15.989999771118164,15.550000190734863,15.579999923706055,10.964235305786133,22200
2022-09-15,15.529999732971191,15.569999694824219,15.380000114440918,15.449999809265137,10.872750282287598,43900
2022-09-16,15.319999694824219,15.380000114440918,15.15999984741211,15.229999542236328,10.717927932739258,41000
2022-09-19,15.170000076293945,15.260000228881836,15.100000381469727,15.130000114440918,10.647554397583008,37200
2022-09-20,15.09000015258789,15.140000343322754,14.989999771118164,15.029999732971191,10.577178955078125,28600
2022-09-21,15.140000343322754,15.390000343322754,15.119999885559082,15.270000457763672,10.746075630187988,31100
2022-09-22,15.270000457763672,15.329999923706055,15.010000228881836,15.130000114440918,10.647554397583008,64100
2022-09-23,15.039999961853027,15.140000343322754,14.529999732971191,14.720000267028809,10.359021186828613,85700
2022-09-26,14.6899995803833,14.84000015258789,14.25,14.40999984741211,10.140862464904785,77200
2022-09-27,14.430000305175781,14.630000114440918,14.319999694824219,14.510000228881836,10.211236953735352,79400
2022-09-28,14.529999732971191,14.739999771118164,14.529999732971191,14.59000015258789,10.267535209655762,49800
2022-09-29,14.579999923706055,14.579999923706055,14.369999885559082,14.4399995803833,10.161972999572754,59700
2022-09-30,14.520000457763672,15.140000343322754,14.449999809265137,14.989999771118164,10.549028396606445,105000
2022-10-03,15.109999656677246,15.34000015258789,14.890000343322754,14.899999618530273,10.48569393157959,66800
2022-10-04,15.0600004196167,15.390000343322754,14.989999771118164,15.069999694824219,10.605328559875488,40700
2022-10-05,14.899999618530273,15.260000228881836,14.869999885559082,15.180000305175781,10.682741165161133,22900
2022-10-06,15.199999809265137,15.420000076293945,15.100000381469727,15.34000015258789,10.795337677001953,55700
2022-10-07,15.140000343322754,15.289999961853027,15.050000190734863,15.050000190734863,10.591255187988281,29900
2022-10-10,15.119999885559082,15.170000076293945,14.850000381469727,14.989999771118164,10.549028396606445,33100
2022-10-11,14.989999771118164,15.199999809265137,14.8100004196167,14.949999809265137,10.520881652832031,51500
2022-10-12,14.729999542236328,14.850000381469727,14.34000015258789,14.470000267028809,10.258566856384277,49800
2022-10-13,14.260000228881836,14.489999771118164,13.970000267028809,14.289999961853027,10.130955696105957,70500
2022-10-14,14.329999923706055,14.369999885559082,13.930000305175781,13.949999809265137,9.889911651611328,62500
2022-10-17,14.09000015258789,14.239999771118164,13.899999618530273,13.920000076293945,9.868640899658203,84200
2022-10-18,14.079999923706055,14.199999809265137,13.970000267028809,14.0600004196167,9.967896461486816,78000
2022-10-19,14.0,14.020000457763672,13.770000457763672,13.8100004196167,9.790658950805664,42100
2022-10-20,13.779999732971191,13.890000343322754,13.779999732971191,13.800000190734863,9.783568382263184,20200
2022-10-21,13.770000457763672,13.9399995803833,13.710000038146973,13.930000305175781,9.875733375549316,27000
2022-10-24,14.020000457763672,14.300000190734863,14.010000228881836,14.229999542236328,10.088418960571289,51500
2022-10-25,14.260000228881836,14.640000343322754,14.220000267028809,14.359999656677246,10.180581092834473,28700
2022-10-26,14.390000343322754,14.699999809265137,14.260000228881836,14.600000381469727,10.350735664367676,69700
2022-10-27,14.640000343322754,15.180000305175781,14.640000343322754,14.920000076293945,10.57759952545166,56100
2022-10-28,14.880000114440918,15.270000457763672,14.880000114440918,15.25,10.811552047729492,53400
2022-10-31,15.180000305175781,15.470000267028809,15.140000343322754,15.239999771118164,10.804463386535645,64700
2022-11-01,15.270000457763672,15.470000267028809,14.899999618530273,15.020000457763672,10.648494720458984,53500
2022-11-02,14.859999656677246,14.899999618530273,14.630000114440918,14.630000114440918,10.372002601623535,33300
2022-11-03,14.529999732971191,14.529999732971191,14.279999732971191,14.350000381469727,10.173491477966309,34200
2022-11-04,14.449999809265137,14.720000267028809,14.350000381469727,14.449999809265137,10.244390487670898,23700
2022-11-07,14.529999732971191,14.529999732971191,14.350000381469727,14.4399995803833,10.23730182647705,24800
2022-11-08,14.520000457763672,14.710000038146973,14.4399995803833,14.539999961853027,10.308194160461426,42900
2022-11-09,14.539999961853027,14.609999656677246,14.510000228881836,14.520000457763672,10.294017791748047,30400
2022-11-10,14.600000381469727,14.9399995803833,14.600000381469727,14.850000381469727,10.608338356018066,57500
2022-11-11,14.84000015258789,15.199999809265137,14.8100004196167,14.880000114440918,10.629765510559082,30100
2022-11-14,14.9399995803833,14.949999809265137,14.699999809265137,14.699999809265137,10.50118350982666,29000
2022-11-15,14.800000190734863,15.010000228881836,14.760000228881836,14.9399995803833,10.672632217407227,40100
2022-11-16,15.0,15.079999923706055,14.550000190734863,14.760000228881836,10.544045448303223,117500
2022-11-17,14.430000305175781,14.579999923706055,14.3100004196167,14.399999618530273,10.286871910095215,64900
2022-11-18,14.5,14.529999732971191,14.289999961853027,14.380000114440918,10.272584915161133,37900
2022-11-21,14.4399995803833,14.489999771118164,14.34000015258789,14.449999809265137,10.322590827941895,19800
2022-11-22,14.5600004196167,14.6899995803833,14.470000267028809,14.630000114440918,10.451176643371582,39700
2022-11-23,14.600000381469727,14.729999542236328,14.5,14.59000015258789,10.422603607177734,76200
2022-11-25,14.550000190734863,14.65999984741211,14.470000267028809,14.619999885559082,10.444034576416016,24900
2022-11-28,14.619999885559082,14.760000228881836,14.489999771118164,14.739999771118164,10.529755592346191,66400
2022-11-29,14.729999542236328,14.729999542236328,14.539999961853027,14.65999984741211,10.472606658935547,67200
2022-11-30,14.6899995803833,15.0,14.630000114440918,14.9399995803833,10.672632217407227,77100
2022-12-01,14.970000267028809,15.210000038146973,14.899999618530273,15.140000343322754,10.81550407409668,69200
2022-12-02,15.010000228881836,15.300000190734863,15.010000228881836,15.199999809265137,10.85836410522461,56200
2022-12-05,15.130000114440918,15.15999984741211,14.640000343322754,14.670000076293945,10.47974967956543,67600
2022-12-06,14.65999984741211,14.75,14.5,14.619999885559082,10.444034576416016,65900
2022-12-07,14.59000015258789,14.979999542236328,14.539999961853027,14.619999885559082,10.444034576416016,79300
2022-12-08,14.630000114440918,14.699999809265137,14.489999771118164,14.489999771118164,10.351163864135742,34300
2022-12-09,14.369999885559082,14.380000114440918,14.140000343322754,14.170000076293945,10.199999809265137,53500
2022-12-12,14.1899995803833,14.25,14.079999923706055,14.1899995803833,10.214397430419922,84200
2022-12-13,14.420000076293945,14.670000076293945,14.390000343322754,14.470000267028809,10.415949821472168,85900
2022-12-14,14.479999542236328,14.579999923706055,14.380000114440918,14.5600004196167,10.480734825134277,78900
2022-12-15,14.479999542236328,14.65999984741211,14.359999656677246,14.65999984741211,10.552717208862305,69700
2022-12-16,14.479999542236328,14.609999656677246,14.319999694824219,14.489999771118164,10.43034553527832,56700
2022-12-19,14.550000190734863,14.6899995803833,14.220000267028809,14.3100004196167,10.300776481628418,82100
2022-12-20,14.210000038146973,14.449999809265137,14.1899995803833,14.3100004196167,10.300776481628418,47400
2022-12-21,14.380000114440918,14.399999618530273,14.15999984741211,14.180000305175781,10.207196235656738,70000
2022-12-22,14.199999809265137,14.300000190734863,14.079999923706055,14.279999732971191,10.279179573059082,62500
2022-12-23,14.1899995803833,14.420000076293945,14.149999618530273,14.279999732971191,10.279179573059082,56800
2022-12-27,14.319999694824219,14.550000190734863,14.100000381469727,14.510000228881836,10.444743156433105,156600
2022-12-28,14.5,14.670000076293945,14.170000076293945,14.1899995803833,10.214397430419922,93100
2022-12-29,14.220000267028809,14.380000114440918,14.010000228881836,14.170000076293945,10.199999809265137,84700
2022-12-30,14.170000076293945,14.670000076293945,14.130000114440918,14.430000305175781,10.387155532836914,132000
2023-01-03,14.479999542236328,14.680000305175781,14.289999961853027,14.369999885559082,10.343968391418457,77300
2023-01-04,14.449999809265137,14.75,14.4399995803833,14.75,10.617502212524414,30900
2023-01-05,14.539999961853027,14.989999771118164,14.489999771118164,14.920000076293945,10.739875793457031,44600
2023-01-06,15.0,15.100000381469727,14.930000305175781,15.050000190734863,10.833451271057129,25900
2023-01-09,15.079999923706055,15.25,15.050000190734863,15.1899995803833,10.934229850769043,88400
2023-01-10,15.239999771118164,15.3100004196167,15.15999984741211,15.260000228881836,10.984615325927734,23400
2023-01-11,15.359999656677246,15.539999961853027,15.319999694824219,15.5,11.157373428344727,47600
2023-01-12,15.430000305175781,15.510000228881836,15.40999984741211,15.460000038146973,11.208122253417969,52000
2023-01-13,15.390000343322754,15.600000381469727,15.390000343322754,15.449999809265137,11.200870513916016,31300
2023-01-17,15.5,15.550000190734863,15.300000190734863,15.319999694824219,11.106627464294434,55800
2023-01-18,15.359999656677246,15.510000228881836,15.180000305175781,15.1899995803833,11.012381553649902,65500
2023-01-19,15.119999885559082,15.180000305175781,14.949999809265137,15.0,10.8746337890625,118500
2023-01-20,15.050000190734863,15.050000190734863,14.960000038146973,14.989999771118164,10.867383003234863,42800
2023-01-23,15.079999923706055,15.229999542236328,15.0,15.0,10.8746337890625,114100
2023-01-24,15.140000343322754,15.170000076293945,14.970000267028809,15.039999961853027,10.903633117675781,192000
2023-01-25,14.930000305175781,15.119999885559082,14.930000305175781,15.109999656677246,10.954383850097656,24000
2023-01-26,15.180000305175781,15.270000457763672,15.119999885559082,15.270000457763672,11.070379257202148,41100
2023-01-27,15.270000457763672,15.460000038146973,15.270000457763672,15.40999984741211,11.171875953674316,63600
2023-01-30,15.40999984741211,15.449999809265137,15.3100004196167,15.399999618530273,11.16462230682373,52700
2023-01-31,15.539999961853027,15.65999984741211,15.479999542236328,15.640000343322754,11.338619232177734,94300
2023-02-01,15.649999618530273,15.850000381469727,15.640000343322754,15.739999771118164,11.411116600036621,103600
2023-02-02,15.829999923706055,16.0,15.8100004196167,15.970000267028809,11.577861785888672,53800
2023-02-03,15.880000114440918,15.9399995803833,15.710000038146973,15.819999694824219,11.469111442565918,93800
2023-02-06,15.75,15.75,15.539999961853027,15.569999694824219,11.287871360778809,40300
2023-02-07,15.539999961853027,15.630000114440918,15.5,15.59000015258789,11.3023681640625,51300
2023-02-08,15.59000015258789,15.649999618530273,15.550000190734863,15.640000343322754,11.338619232177734,36100
2023-02-09,15.6899995803833,15.720000267028809,15.5,15.520000457763672,11.25162124633789,51400
2023-02-10,15.430000305175781,15.460000038146973,15.239999771118164,15.34000015258789,11.200511932373047,44200
2023-02-13,15.34000015258789,15.34000015258789,15.239999771118164,15.300000190734863,11.171306610107422,56900
2023-02-14,15.229999542236328,15.350000381469727,15.149999618530273,15.3100004196167,11.178607940673828,42300
2023-02-15,15.229999542236328,15.34000015258789,15.140000343322754,15.260000228881836,11.142099380493164,26700
2023-02-16,15.260000228881836,15.279999732971191,15.180000305175781,15.1899995803833,11.090989112854004,36000
2023-02-17,15.180000305175781,15.229999542236328,15.0600004196167,15.069999694824219,11.003372192382812,51000
2023-02-21,15.0,15.039999961853027,14.819999694824219,14.850000381469727,10.84273624420166,82700
2023-02-22,14.84000015258789,15.039999961853027,14.84000015258789,14.960000038146973,10.923054695129395,46200
2023-02-23,14.989999771118164,15.149999618530273,14.9399995803833,15.140000343322754,11.05448055267334,42200
2023-02-24,15.039999961853027,15.079999923706055,14.949999809265137,14.949999809265137,10.915756225585938,35200
2023-02-27,15.020000457763672,15.079999923706055,14.979999542236328,15.050000190734863,10.988768577575684,38800
2023-02-28,15.140000343322754,15.1899995803833,14.979999542236328,15.170000076293945,11.076386451721191,71800
2023-03-01,15.100000381469727,15.119999885559082,14.899999618530273,14.960000038146973,10.923054695129395,64000
2023-03-02,14.949999809265137,14.949999809265137,14.850000381469727,14.949999809265137,10.915756225585938,38100
2023-03-03,15.029999732971191,15.1899995803833,15.010000228881836,15.140000343322754,11.05448055267334,28500
2023-03-06,15.1899995803833,15.260000228881836,15.039999961853027,15.199999809265137,11.098289489746094,44400
2023-03-07,15.300000190734863,15.300000190734863,15.15999984741211,15.260000228881836,11.142099380493164,21600
2023-03-08,15.319999694824219,15.369999885559082,15.149999618530273,15.229999542236328,11.120196342468262,23200
2023-03-09,15.329999923706055,15.329999923706055,14.8100004196167,15.0,10.952261924743652,39500
2023-03-10,14.789999961853027,14.789999961853027,14.399999618530273,14.399999618530273,10.591842651367188,56100
2023-03-13,14.210000038146973,14.210000038146973,13.680000305175781,13.960000038146973,10.268200874328613,104300
2023-03-14,14.130000114440918,14.609999656677246,14.0600004196167,14.180000305175781,10.430026054382324,92200
2023-03-15,14.069999694824219,14.069999694824219,13.75,13.8100004196167,10.15787124633789,66800
2023-03-16,13.869999885559082,14.329999923706055,13.770000457763672,14.300000190734863,10.518288612365723,57300
2023-03-17,14.300000190734863,14.300000190734863,13.949999809265137,13.949999809265137,10.260848999023438,47200
2023-03-20,14.079999923706055,14.079999923706055,13.65999984741211,13.710000038146973,10.084318161010742,78000
2023-03-21,13.75,14.199999809265137,13.600000381469727,14.100000381469727,10.37117862701416,80800
2023-03-22,14.0600004196167,14.199999809265137,13.949999809265137,13.949999809265137,10.260848999023438,41700
2023-03-23,14.029999732971191,14.09000015258789,13.899999618530273,13.989999771118164,10.290270805358887,29800
2023-03-24,13.949999809265137,14.09000015258789,13.890000343322754,13.930000305175781,10.246138572692871,24300
2023-03-27,13.930000305175781,14.130000114440918,13.920000076293945,14.0,10.297626495361328,62100
2023-03-28,14.09000015258789,14.279999732971191,14.050000190734863,14.199999809265137,10.444733619689941,30600
2023-03-29,14.359999656677246,14.84000015258789,14.210000038146973,14.739999771118164,10.841927528381348,39600
2023-03-30,14.760000228881836,14.760000228881836,14.239999771118164,14.449999809265137,10.628620147705078,56400
2023-03-31,14.670000076293945,15.119999885559082,14.569999694824219,14.630000114440918,10.761018753051758,148500
2023-04-03,14.6899995803833,14.800000190734863,14.260000228881836,14.34000015258789,10.547708511352539,67200
2023-04-04,14.430000305175781,14.430000305175781,14.25,14.399999618530273,10.591842651367188,52400
2023-04-05,14.470000267028809,14.510000228881836,14.319999694824219,14.40999984741211,10.599198341369629,23600
2023-04-06,14.300000190734863,14.489999771118164,14.239999771118164,14.289999961853027,10.510932922363281,37700
2023-04-10,14.25,14.399999618530273,14.210000038146973,14.3100004196167,10.525646209716797,40100
2023-04-11,14.40999984741211,14.510000228881836,14.319999694824219,14.369999885559082,10.569777488708496,43600
2023-04-12,14.3100004196167,14.380000114440918,14.140000343322754,14.220000267028809,10.540129661560059,51700
2023-04-13,14.229999542236328,14.25,14.149999618530273,14.25,10.562366485595703,34400
2023-04-14,14.1899995803833,14.239999771118164,14.09000015258789,14.149999618530273,10.48824405670166,42500
2023-04-17,14.220000267028809,14.239999771118164,14.079999923706055,14.180000305175781,10.510481834411621,37700
2023-04-18,14.260000228881836,14.329999923706055,14.079999923706055,14.079999923706055,10.436359405517578,66700
2023-04-19,14.079999923706055,14.1899995803833,14.050000190734863,14.079999923706055,10.436359405517578,39800
2023-04-20,14.119999885559082,14.1899995803833,14.100000381469727,14.170000076293945,10.503067970275879,33800
2023-04-21,14.149999618530273,14.279999732971191,14.130000114440918,14.260000228881836,10.569778442382812,32500
2023-04-24,14.329999923706055,14.359999656677246,14.229999542236328,14.279999732971191,10.584600448608398,34600
2023-04-25,14.210000038146973,14.25,14.079999923706055,14.09000015258789,10.443772315979004,32700
2023-04-26,14.199999809265137,14.359999656677246,14.140000343322754,14.34000015258789,10.629073143005371,62800
2023-04-27,14.430000305175781,14.430000305175781,14.199999809265137,14.399999618530273,10.673547744750977,61500
2023-04-28,14.520000457763672,14.6899995803833,14.399999618530273,14.449999809265137,10.710607528686523,110600
2023-05-01,14.520000457763672,14.539999961853027,14.3100004196167,14.460000038146973,10.718018531799316,121100
2023-05-02,14.460000038146973,14.470000267028809,14.119999885559082,14.149999618530273,10.48824405670166,105200
2023-05-03,14.149999618530273,14.279999732971191,13.949999809265137,13.960000038146973,10.34740924835205,73800
2023-05-04,13.899999618530273,13.90999984741211,13.609999656677246,13.619999885559082,10.095396041870117,87700
2023-05-05,13.720000267028809,13.949999809265137,13.720000267028809,13.930000305175781,10.325176239013672,35200
2023-05-08,14.0600004196167,14.0600004196167,13.800000190734863,13.8100004196167,10.236228942871094,99600
2023-05-09,13.819999694824219,13.819999694824219,13.600000381469727,13.619999885559082,10.095396041870117,100300
2023-05-10,13.569999694824219,13.609999656677246,13.430000305175781,13.449999809265137,10.050561904907227,90600
2023-05-11,13.449999809265137,13.449999809265137,13.149999618530273,13.180000305175781,9.848804473876953,59400
2023-05-12,13.1899995803833,13.319999694824219,13.09000015258789,13.119999885559082,9.803970336914062,91300
2023-05-15,12.949999809265137,13.119999885559082,12.9399995803833,13.079999923706055,9.774075508117676,89500
2023-05-16,13.100000381469727,13.140000343322754,12.970000267028809,12.979999542236328,9.69935417175293,82800
2023-05-17,12.979999542236328,13.380000114440918,12.979999542236328,13.359999656677246,9.983309745788574,69500
2023-05-18,13.40999984741211,13.5,13.289999961853027,13.40999984741211,10.020670890808105,74600
2023-05-19,13.34000015258789,13.699999809265137,13.34000015258789,13.399999618530273,10.013199806213379,63900
2023-05-22,13.399999618530273,13.579999923706055,13.399999618530273,13.479999542236328,10.072979927062988,32300
2023-05-23,13.470000267028809,13.579999923706055,13.399999618530273,13.4399995803833,10.043089866638184,52200
2023-05-24,13.460000038146973,13.460000038146973,13.319999694824219,13.350000381469727,9.975836753845215,31100
2023-05-25,13.390000343322754,13.390000343322754,13.270000457763672,13.279999732971191,9.923526763916016,45300
2023-05-26,13.350000381469727,13.539999961853027,13.350000381469727,13.5,10.08792495727539,81300
2023-05-30,13.520000457763672,13.600000381469727,13.470000267028809,13.5,10.08792495727539,69900
2023-05-31,13.520000457763672,13.609999656677246,13.479999542236328,13.539999961853027,10.117815971374512,73600
2023-06-01,13.619999885559082,13.829999923706055,13.5600004196167,13.819999694824219,10.327045440673828,48100
2023-06-02,13.899999618530273,13.979999542236328,13.84000015258789,13.890000343322754,10.379354476928711,30200
2023-06-05,13.970000267028809,13.979999542236328,13.8100004196167,13.829999923706055,10.33452033996582,33700
2023-06-06,13.6899995803833,13.960000038146973,13.680000305175781,13.90999984741211,10.394296646118164,52300
2023-06-07,14.0,14.079999923706055,13.989999771118164,14.039999961853027,10.49144172668457,50400
2023-06-08,14.069999694824219,14.069999694824219,13.989999771118164,14.050000190734863,10.498915672302246,23700
2023-06-09,13.880000114440918,14.119999885559082,13.880000114440918,13.949999809265137,10.506446838378906,44700
2023-06-12,13.9399995803833,13.949999809265137,13.710000038146973,13.739999771118164,10.348283767700195,66100
2023-06-13,13.75,13.800000190734863,13.539999961853027,13.5600004196167,10.212717056274414,46200
2023-06-14,13.539999961853027,13.6899995803833,13.460000038146973,13.569999694824219,10.220250129699707,58100
2023-06-15,13.510000228881836,13.729999542236328,13.510000228881836,13.65999984741211,10.288031578063965,49600
2023-06-16,13.6899995803833,13.6899995803833,13.430000305175781,13.430000305175781,10.114809036254883,39500
2023-06-20,13.449999809265137,13.579999923706055,13.449999809265137,13.529999732971191,10.190120697021484,69500
2023-06-21,13.5,13.529999732971191,13.449999809265137,13.460000038146973,10.137401580810547,35400
2023-06-22,13.510000228881836,13.59000015258789,13.40999984741211,13.430000305175781,10.114809036254883,40100
2023-06-23,13.40999984741211,13.579999923706055,13.399999618530273,13.5,10.167526245117188,38100
2023-06-26,13.550000190734863,13.609999656677246,13.229999542236328,13.279999732971191,10.001835823059082,130700
2023-06-27,13.359999656677246,13.479999542236328,13.260000228881836,13.390000343322754,10.084683418273926,54100
2023-06-28,13.510000228881836,13.699999809265137,13.399999618530273,13.699999809265137,10.318156242370605,67700
2023-06-29,13.6899995803833,13.6899995803833,13.579999923706055,13.609999656677246,10.25037670135498,40100
2023-06-30,13.8100004196167,14.029999732971191,13.779999732971191,14.010000228881836,10.551634788513184,99100
2023-07-03,14.0600004196167,14.100000381469727,13.979999542236328,14.050000190734863,10.581764221191406,37300
2023-07-05,14.069999694824219,14.100000381469727,14.0,14.079999923706055,10.60435676574707,59900
2023-07-06,13.979999542236328,14.020000457763672,13.75,13.890000343322754,10.461255073547363,43700
2023-07-07,13.850000381469727,14.039999961853027,13.8100004196167,14.029999732971191,10.566699028015137,36500
2023-07-10,14.069999694824219,14.180000305175781,14.0,14.119999885559082,10.634482383728027,48000
2023-07-11,14.229999542236328,14.239999771118164,14.0600004196167,14.180000305175781,10.679672241210938,33000
2023-07-12,14.1899995803833,14.1899995803833,14.010000228881836,14.029999732971191,10.649309158325195,61100
2023-07-13,14.050000190734863,14.130000114440918,13.960000038146973,13.970000267028809,10.603765487670898,40200
2023-07-14,13.920000076293945,14.050000190734863,13.699999809265137,13.75,10.436779975891113,70800
2023-07-17,13.770000457763672,13.819999694824219,13.600000381469727,13.619999885559082,10.338101387023926,64700
2023-07-18,13.600000381469727,13.760000228881836,13.600000381469727,13.699999809265137,10.398824691772461,50500
2023-07-19,13.670000076293945,13.970000267028809,13.670000076293945,13.9399995803833,10.580994606018066,52000
2023-07-20,14.0,14.0,13.729999542236328,13.729999542236328,10.42159652709961,25600
2023-07-21,13.850000381469727,13.90999984741211,13.75,13.75,10.436779975891113,28200
2023-07-24,13.8100004196167,14.100000381469727,13.800000190734863,14.09000015258789,10.694854736328125,72400
2023-07-25,14.020000457763672,14.220000267028809,14.020000457763672,14.100000381469727,10.702444076538086,47000
2023-07-26,14.15999984741211,14.220000267028809,14.069999694824219,14.170000076293945,10.755572319030762,59800
2023-07-27,14.220000267028809,14.329999923706055,14.050000190734863,14.0600004196167,10.67208194732666,61500
2023-07-28,14.15999984741211,14.229999542236328,14.020000457763672,14.079999923706055,10.687262535095215,57500
2023-07-31,14.210000038146973,14.479999542236328,14.210000038146973,14.359999656677246,10.899791717529297,74600
2023-08-01,14.300000190734863,14.390000343322754,14.1899995803833,14.199999809265137,10.77834415435791,66700
2023-08-02,14.170000076293945,14.220000267028809,14.069999694824219,14.180000305175781,10.763164520263672,43600
2023-08-03,14.140000343322754,14.140000343322754,14.0,14.0600004196167,10.67208194732666,39500
2023-08-04,14.020000457763672,14.279999732971191,14.020000457763672,14.220000267028809,10.79352855682373,57300
2023-08-07,14.210000038146973,14.40999984741211,14.180000305175781,14.359999656677246,10.899791717529297,49000
2023-08-08,14.380000114440918,14.380000114440918,14.239999771118164,14.3100004196167,10.86184024810791,34100
2023-08-09,14.210000038146973,14.270000457763672,14.149999618530273,14.199999809265137,10.77834415435791,58400
2023-08-10,14.180000305175781,14.199999809265137,13.970000267028809,14.029999732971191,10.73244857788086,48100
2023-08-11,14.0,14.029999732971191,13.90999984741211,13.90999984741211,10.640653610229492,38300
2023-08-14,13.859999656677246,13.90999984741211,13.8100004196167,13.84000015258789,10.587105751037598,52500
2023-08-15,13.829999923706055,13.890000343322754,13.739999771118164,13.789999961853027,10.548856735229492,51300
2023-08-16,13.829999923706055,13.829999923706055,13.6899995803833,13.760000228881836,10.525906562805176,66600
2023-08-17,13.829999923706055,13.829999923706055,13.520000457763672,13.649999618530273,10.44175910949707,38000
2023-08-18,13.600000381469727,13.829999923706055,13.600000381469727,13.770000457763672,10.53355598449707,41200
2023-08-21,13.770000457763672,13.84000015258789,13.6899995803833,13.800000190734863,10.556509017944336,42200
2023-08-22,13.850000381469727,13.899999618530273,13.699999809265137,13.75,10.518258094787598,69700
2023-08-23,13.819999694824219,13.869999885559082,13.729999542236328,13.739999771118164,10.510607719421387,41500
2023-08-24,13.819999694824219,13.829999923706055,13.699999809265137,13.729999542236328,10.50295639038086,27400
2023-08-25,13.770000457763672,13.789999961853027,13.710000038146973,13.75,10.518258094787598,29700
2023-08-28,13.84000015258789,13.850000381469727,13.729999542236328,13.800000190734863,10.556509017944336,28300
2023-08-29,13.850000381469727,13.989999771118164,13.770000457763672,13.970000267028809,10.686551094055176,59100
2023-08-30,13.890000343322754,13.979999542236328,13.789999961853027,13.949999809265137,10.671250343322754,52900
2023-08-31,14.039999961853027,14.229999542236328,13.979999542236328,14.15999984741211,10.831892967224121,84800
2023-09-01,14.279999732971191,14.279999732971191,14.029999732971191,14.039999961853027,10.740097045898438,39300
2023-09-05,13.989999771118164,14.050000190734863,13.930000305175781,13.960000038146973,10.678901672363281,37200
2023-09-06,13.930000305175781,13.989999771118164,13.869999885559082,13.920000076293945,10.648300170898438,27100
2023-09-07,13.850000381469727,13.9399995803833,13.84000015258789,13.930000305175781,10.655952453613281,44000
2023-09-08,13.779999732971191,13.920000076293945,13.779999732971191,13.859999656677246,10.68679141998291,78600
2023-09-11,13.859999656677246,13.859999656677246,13.720000267028809,13.760000228881836,10.609686851501465,27400
2023-09-12,13.760000228881836,13.829999923706055,13.739999771118164,13.789999961853027,10.632820129394531,26100
2023-09-13,13.779999732971191,13.819999694824219,13.6899995803833,13.6899995803833,10.555710792541504,32600
2023-09-14,13.710000038146973,13.819999694824219,13.710000038146973,13.8100004196167,10.648238182067871,28100
2023-09-15,13.789999961853027,13.829999923706055,13.710000038146973,13.729999542236328,10.586554527282715,22700
2023-09-18,13.729999542236328,13.760000228881836,13.579999923706055,13.600000381469727,10.486321449279785,38700
2023-09-19,13.5,13.649999618530273,13.5,13.550000190734863,10.447768211364746,57400
2023-09-20,13.59000015258789,13.710000038146973,13.539999961853027,13.619999885559082,10.501741409301758,38900
2023-09-21,13.539999961853027,13.609999656677246,13.449999809265137,13.539999961853027,10.440054893493652,32500
2023-09-22,13.520000457763672,13.65999984741211,13.520000457763672,13.600000381469727,10.486321449279785,18600
2023-09-25,13.520000457763672,13.65999984741211,13.479999542236328,13.550000190734863,10.447768211364746,38100
2023-09-26,13.539999961853027,13.5600004196167,13.300000190734863,13.350000381469727,10.293556213378906,48100
2023-09-27,13.470000267028809,13.489999771118164,13.279999732971191,13.399999618530273,10.332107543945312,52400
2023-09-28,13.289999961853027,13.380000114440918,13.239999771118164,13.279999732971191,10.239581108093262,46200
2023-09-29,13.380000114440918,13.550000190734863,13.329999923706055,13.329999923706055,10.278136253356934,70000
2023-10-02,13.300000190734863,13.380000114440918,13.130000114440918,13.170000076293945,10.154765129089355,59100
2023-10-03,13.069999694824219,13.130000114440918,12.970000267028809,13.0,10.023687362670898,85100
2023-10-04,12.979999542236328,13.079999923706055,12.800000190734863,12.90999984741211,9.954291343688965,73000
2023-10-05,12.949999809265137,12.989999771118164,12.720000267028809,12.75,9.830924987792969,41600
2023-10-06,12.649999618530273,12.859999656677246,12.630000114440918,12.739999771118164,9.82321548461914,50600
2023-10-09,12.739999771118164,12.869999885559082,12.680000305175781,12.760000228881836,9.838635444641113,52100
2023-10-10,12.6899995803833,12.880000114440918,12.630000114440918,12.699999809265137,9.792370796203613,122200
2023-10-11,12.630000114440918,12.890000343322754,12.630000114440918,12.84000015258789,9.986821174621582,103100
2023-10-12,12.829999923706055,12.829999923706055,12.569999694824219,12.609999656677246,9.807927131652832,37500
2023-10-13,12.619999885559082,12.640000343322754,12.399999618530273,12.40999984741211,9.65236759185791,71200
2023-10-16,12.40999984741211,12.479999542236328,12.390000343322754,12.460000038146973,9.69126033782959,46200
2023-10-17,12.380000114440918,12.489999771118164,12.350000381469727,12.460000038146973,9.69126033782959,54500
2023-10-18,12.369999885559082,12.430000305175781,12.3100004196167,12.319999694824219,9.582369804382324,49200
2023-10-19,12.279999732971191,12.420000076293945,12.170000076293945,12.180000305175781,9.473478317260742,70400
2023-10-20,12.119999885559082,12.199999809265137,12.050000190734863,12.109999656677246,9.419031143188477,47900
2023-10-23,12.010000228881836,12.010000228881836,11.850000381469727,11.880000114440918,9.240139961242676,108700
2023-10-24,11.90999984741211,12.0,11.899999618530273,11.970000267028809,9.310142517089844,108200
2023-10-25,12.0,12.0,11.84000015258789,11.859999656677246,9.22458267211914,68900
2023-10-26,11.899999618530273,12.029999732971191,11.899999618530273,11.949999809265137,9.294587135314941,66100
2023-10-27,12.0,12.0,11.84000015258789,11.850000381469727,9.216808319091797,55600
2023-10-30,11.84000015258789,11.859999656677246,11.789999961853027,11.829999923706055,9.201251983642578,86100
2023-10-31,11.949999809265137,12.0,11.930000305175781,12.0,9.333476066589355,97900
2023-11-01,12.180000305175781,12.430000305175781,12.069999694824219,12.420000076293945,9.660148620605469,104900
2023-11-02,12.550000190734863,12.930000305175781,12.550000190734863,12.899999618530273,10.033485412597656,100700
2023-11-03,13.0600004196167,13.270000457763672,12.930000305175781,13.25,10.30571460723877,98100
2023-11-06,13.350000381469727,13.350000381469727,13.100000381469727,13.170000076293945,10.243489265441895,78400
2023-11-07,13.180000305175781,13.220000267028809,13.140000343322754,13.220000267028809,10.282379150390625,33800
2023-11-08,13.149999618530273,13.289999961853027,13.140000343322754,13.229999542236328,10.290157318115234,51200
2023-11-09,13.220000267028809,13.25,13.010000228881836,13.010000228881836,10.11904239654541,30900
2023-11-10,13.0,13.020000457763672,12.539999961853027,12.579999923706055,9.86802864074707,694600
2023-11-13,12.5600004196167,12.609999656677246,12.489999771118164,12.510000228881836,9.813118934631348,111400
2023-11-14,13.0,13.0,12.779999732971191,12.819999694824219,10.056290626525879,175600
2023-11-15,12.970000267028809,12.970000267028809,12.8100004196167,12.819999694824219,10.056290626525879,84700
2023-11-16,12.899999618530273,13.010000228881836,12.800000190734863,12.979999542236328,10.181797981262207,216500
2023-11-17,13.050000190734863,13.0600004196167,12.9399995803833,12.960000038146973,10.166106224060059,131800
2023-11-20,12.920000076293945,13.039999961853027,12.920000076293945,13.0,10.19748592376709,53800
2023-11-21,13.020000457763672,13.050000190734863,12.920000076293945,12.920000076293945,10.13473129272461,75000
2023-11-22,12.920000076293945,13.039999961853027,12.819999694824219,12.829999923706055,10.064133644104004,111100
2023-11-24,12.859999656677246,12.920000076293945,12.850000381469727,12.880000114440918,10.103357315063477,22200
2023-11-27,12.899999618530273,12.989999771118164,12.880000114440918,12.920000076293945,10.13473129272461,81600
2023-11-28,12.979999542236328,13.029999732971191,12.930000305175781,12.989999771118164,10.1896390914917,77100
2023-11-29,13.039999961853027,13.170000076293945,13.029999732971191,13.15999984741211,10.322992324829102,94200
2023-11-30,13.229999542236328,13.319999694824219,13.149999618530273,13.279999732971191,10.417121887207031,180500
2023-12-01,13.350000381469727,13.479999542236328,13.260000228881836,13.420000076293945,10.526941299438477,121200
2023-12-04,13.449999809265137,13.520000457763672,13.369999885559082,13.430000305175781,10.534786224365234,144900
2023-12-05,13.420000076293945,13.550000190734863,13.390000343322754,13.460000038146973,10.558321952819824,83100
2023-12-06,13.5600004196167,13.59000015258789,13.399999618530273,13.399999618530273,10.511252403259277,42300
2023-12-07,13.460000038146973,13.550000190734863,13.430000305175781,13.470000267028809,10.566166877746582,50700
2023-12-08,13.359999656677246,13.399999618530273,13.180000305175781,13.180000305175781,10.42380428314209,82900
2023-12-11,13.210000038146973,13.229999542236328,12.9399995803833,13.010000228881836,10.289356231689453,147300
2023-12-12,13.039999961853027,13.09000015258789,12.960000038146973,12.989999771118164,10.273538589477539,113100
2023-12-13,13.0600004196167,13.289999961853027,12.949999809265137,13.289999961853027,10.510804176330566,143900
2023-12-14,13.420000076293945,13.710000038146973,13.359999656677246,13.670000076293945,10.811335563659668,130200
2023-12-15,13.630000114440918,13.770000457763672,13.569999694824219,13.579999923706055,10.740157127380371,97000
2023-12-18,13.600000381469727,13.6899995803833,13.569999694824219,13.579999923706055,10.740157127380371,104900
2023-12-19,13.670000076293945,14.010000228881836,13.600000381469727,13.899999618530273,10.99323844909668,222400
2023-12-20,13.989999771118164,13.989999771118164,13.850000381469727,13.850000381469727,10.953697204589844,124500
2023-12-21,13.9399995803833,13.949999809265137,13.850000381469727,13.899999618530273,10.99323844909668,100800
2023-12-22,14.029999732971191,14.0600004196167,13.90999984741211,13.979999542236328,11.056509017944336,133600
2023-12-26,13.979999542236328,14.0600004196167,13.949999809265137,14.039999961853027,11.103963851928711,91900
2023-12-27,14.09000015258789,14.119999885559082,13.989999771118164,14.079999923706055,11.135601043701172,93900
2023-12-28,14.029999732971191,14.130000114440918,14.010000228881836,14.09000015258789,11.143506050109863,93000
2023-12-29,14.140000343322754,14.239999771118164,14.050000190734863,14.140000343322754,11.183049201965332,147200
2024-01-02,14.109999656677246,14.329999923706055,14.09000015258789,14.270000457763672,11.285865783691406,73400
2024-01-03,14.289999961853027,14.34000015258789,14.170000076293945,14.260000228881836,11.277957916259766,35500
2024-01-04,14.210000038146973,14.369999885559082,14.210000038146973,14.319999694824219,11.325408935546875,50000
2024-01-05,14.380000114440918,14.4399995803833,14.289999961853027,14.319999694824219,11.325408935546875,42100
2024-01-08,14.350000381469727,14.640000343322754,14.350000381469727,14.630000114440918,11.57058048248291,60300
2024-01-09,14.630000114440918,14.680000305175781,14.579999923706055,14.649999618530273,11.586400985717773,75600
2024-01-10,14.649999618530273,14.760000228881836,14.649999618530273,14.699999809265137,11.625943183898926,58100
2024-01-11,14.59000015258789,14.630000114440918,14.520000457763672,14.5600004196167,11.602039337158203,69400
2024-01-12,14.569999694824219,14.670000076293945,14.529999732971191,14.5600004196167,11.602039337158203,35600
2024-01-16,14.420000076293945,14.5600004196167,14.380000114440918,14.380000114440918,11.45860767364502,81400
2024-01-17,14.380000114440918,14.479999542236328,14.380000114440918,14.420000076293945,11.490478515625,63600
2024-01-18,14.420000076293945,14.489999771118164,14.329999923706055,14.329999923706055,11.418763160705566,39700
2024-01-19,14.319999694824219,14.329999923706055,14.220000267028809,14.300000190734863,11.394857406616211,50500
2024-01-22,14.40999984741211,14.600000381469727,14.40999984741211,14.520000457763672,11.570165634155273,67000
2024-01-23,14.520000457763672,14.619999885559082,14.520000457763672,14.5600004196167,11.602039337158203,43700
2024-01-24,14.569999694824219,14.649999618530273,14.5600004196167,14.5600004196167,11.602039337158203,69500
2024-01-25,14.619999885559082,14.65999984741211,14.539999961853027,14.550000190734863,11.594069480895996,67100
2024-01-26,14.5600004196167,14.59000015258789,14.449999809265137,14.460000038146973,11.522354125976562,52900
2024-01-29,14.510000228881836,14.6899995803833,14.5,14.670000076293945,11.689691543579102,66000
2024-01-30,14.710000038146973,14.850000381469727,14.680000305175781,14.850000381469727,11.833123207092285,65200
2024-01-31,14.899999618530273,15.039999961853027,14.859999656677246,14.90999984741211,11.88093376159668,87900
2024-02-01,14.949999809265137,14.960000038146973,14.850000381469727,14.869999885559082,11.849061012268066,57300
2024-02-02,14.779999732971191,14.869999885559082,14.770000457763672,14.789999961853027,11.785310745239258,46600
2024-02-05,14.770000457763672,14.789999961853027,14.680000305175781,14.720000267028809,11.729533195495605,40900
2024-02-06,14.710000038146973,14.899999618530273,14.699999809265137,14.869999885559082,11.849061012268066,54300
2024-02-07,14.890000343322754,14.920000076293945,14.84000015258789,14.880000114440918,11.85702896118164,49800
2024-02-08,14.880000114440918,14.90999984741211,14.8100004196167,14.84000015258789,11.825154304504395,40500
2024-02-09,14.729999542236328,14.8100004196167,14.729999542236328,14.789999961853027,11.873321533203125,29500
2024-02-12,14.8100004196167,14.899999618530273,14.770000457763672,14.869999885559082,11.93754768371582,45400
2024-02-13,14.75,14.760000228881836,14.569999694824219,14.600000381469727,11.720788955688477,37300
2024-02-14,14.649999618530273,14.770000457763672,14.649999618530273,14.739999771118164,11.833182334899902,38000
2024-02-15,14.75,14.869999885559082,14.720000267028809,14.850000381469727,11.921489715576172,22200
2024-02-16,14.859999656677246,14.899999618530273,14.770000457763672,14.779999732971191,11.865294456481934,36400
2024-02-20,14.800000190734863,14.899999618530273,14.779999732971191,14.890000343322754,11.953601837158203,55800
2024-02-21,14.949999809265137,14.979999542236328,14.890000343322754,14.890000343322754,11.953601837158203,49800
2024-02-22,14.979999542236328,15.039999961853027,14.90999984741211,14.90999984741211,11.969654083251953,50500
2024-02-23,14.90999984741211,15.069999694824219,14.890000343322754,15.039999961853027,12.074023246765137,58400
2024-02-26,15.100000381469727,15.119999885559082,15.020000457763672,15.0600004196167,12.090079307556152,37700
2024-02-27,15.100000381469727,15.100000381469727,15.010000228881836,15.020000457763672,12.057965278625488,37900
2024-02-28,15.050000190734863,15.140000343322754,14.979999542236328,15.020000457763672,12.057965278625488,72400
2024-02-29,15.109999656677246,15.270000457763672,15.079999923706055,15.1899995803833,12.194440841674805,75700
2024-03-01,15.180000305175781,15.199999809265137,15.050000190734863,15.09000015258789,12.114161491394043,83600
2024-03-04,15.020000457763672,15.180000305175781,15.020000457763672,15.109999656677246,12.130217552185059,79000
2024-03-05,15.130000114440918,15.220000267028809,15.130000114440918,15.15999984741211,12.170354843139648,53800
2024-03-06,15.180000305175781,15.229999542236328,15.029999732971191,15.0600004196167,12.090079307556152,72400
2024-03-07,15.119999885559082,15.279999732971191,15.100000381469727,15.270000457763672,12.258662223815918,105700
2024-03-08,15.180000305175781,15.34000015258789,15.180000305175781,15.34000015258789,12.404212951660156,70100
2024-03-11,15.260000228881836,15.34000015258789,15.260000228881836,15.260000228881836,12.339522361755371,59400
2024-03-12,15.260000228881836,15.289999961853027,15.15999984741211,15.170000076293945,12.266749382019043,60900
2024-03-13,15.199999809265137,15.25,15.109999656677246,15.109999656677246,12.218232154846191,47100
2024-03-14,15.079999923706055,15.100000381469727,14.920000076293945,14.920000076293945,12.064594268798828,58800
2024-03-15,14.989999771118164,15.029999732971191,14.930000305175781,14.930000305175781,12.072680473327637,48300
2024-03-18,15.039999961853027,15.050000190734863,14.960000038146973,14.979999542236328,12.113109588623047,47100
2024-03-19,14.960000038146973,15.09000015258789,14.960000038146973,15.069999694824219,12.185885429382324,40500
2024-03-20,15.109999656677246,15.25,15.0600004196167,15.25,12.331438064575195,53200
2024-03-21,15.199999809265137,15.3100004196167,15.199999809265137,15.270000457763672,12.347613334655762,45200
2024-03-22,15.359999656677246,15.369999885559082,15.279999732971191,15.300000190734863,12.371868133544922,35700
2024-03-25,15.359999656677246,15.399999618530273,15.239999771118164,15.239999771118164,12.32335376739502,76300
2024-03-26,15.319999694824219,15.399999618530273,15.260000228881836,15.359999656677246,12.42038631439209,50900
2024-03-27,15.399999618530273,15.4399995803833,15.119999885559082,15.270000457763672,12.347613334655762,104500
2024-03-28,15.25,15.539999961853027,15.239999771118164,15.430000305175781,12.476988792419434,136300
2024-04-01,15.550000190734863,15.550000190734863,15.350000381469727,15.420000076293945,12.468902587890625,78600
2024-04-02,15.350000381469727,15.390000343322754,15.289999961853027,15.390000343322754,12.444647789001465,48800
2024-04-03,15.34000015258789,15.449999809265137,15.34000015258789,15.40999984741211,12.460816383361816,30600
2024-04-04,15.40999984741211,15.510000228881836,15.3100004196167,15.329999923706055,12.396125793457031,70800
2024-04-05,15.34000015258789,15.34000015258789,15.260000228881836,15.300000190734863,12.371868133544922,31100
2024-04-08,15.260000228881836,15.319999694824219,15.180000305175781,15.180000305175781,12.274837493896484,54500
2024-04-09,15.170000076293945,15.289999961853027,15.15999984741211,15.1899995803833,12.282920837402344,45500
2024-04-10,15.0600004196167,15.180000305175781,14.760000228881836,15.100000381469727,12.299215316772461,178800
2024-04-11,15.170000076293945,15.170000076293945,14.9399995803833,15.100000381469727,12.299215316772461,169700
2024-04-12,15.069999694824219,15.100000381469727,14.90999984741211,14.90999984741211,12.144452095031738,121600
2024-04-15,14.890000343322754,14.970000267028809,14.579999923706055,14.600000381469727,11.891953468322754,122400
2024-04-16,14.550000190734863,14.850000381469727,14.420000076293945,14.779999732971191,12.038565635681152,117400
2024-04-17,14.850000381469727,14.960000038146973,14.779999732971191,14.84000015258789,12.087438583374023,67100
2024-04-18,14.84000015258789,14.850000381469727,14.699999809265137,14.739999771118164,12.00598430633545,49000
2024-04-19,14.75,14.880000114440918,14.729999542236328,14.739999771118164,12.00598430633545,37700
2024-04-22,14.779999732971191,14.899999618530273,14.779999732971191,14.850000381469727,12.095582008361816,52500
2024-04-23,14.850000381469727,15.130000114440918,14.850000381469727,15.100000381469727,12.299215316772461,43500
2024-04-24,15.100000381469727,15.180000305175781,14.979999542236328,15.149999618530273,12.339933395385742,45600
2024-04-25,14.989999771118164,15.0,14.859999656677246,14.949999809265137,12.177033424377441,37600
2024-04-26,15.010000228881836,15.140000343322754,15.0,15.0,12.21776008605957,50300
2024-04-29,15.0,15.149999618530273,15.0,15.100000381469727,12.299215316772461,45300
2024-04-30,15.079999923706055,15.199999809265137,15.0,15.039999961853027,12.250340461730957,81600
2024-05-01,15.039999961853027,15.260000228881836,15.039999961853027,15.180000305175781,12.364375114440918,44300
2024-05-02,15.170000076293945,15.289999961853027,15.15999984741211,15.289999961853027,12.45396900177002,33600
2024-05-03,15.420000076293945,15.5,15.350000381469727,15.470000267028809,12.600584030151367,36700
2024-05-06,15.470000267028809,15.670000076293945,15.470000267028809,15.630000114440918,12.730905532836914,50000
2024-05-07,15.75,15.75,15.539999961853027,15.539999961853027,12.657598495483398,86100
2024-05-08,15.510000228881836,15.600000381469727,15.420000076293945,15.479999542236328,12.608728408813477,55600
2024-05-09,15.420000076293945,15.479999542236328,15.420000076293945,15.4399995803833,12.576147079467773,58000
2024-05-10,15.350000381469727,15.399999618530273,15.25,15.359999656677246,12.60075569152832,52700
2024-05-13,15.380000114440918,15.449999809265137,15.329999923706055,15.390000343322754,12.625370979309082,52400
2024-05-14,15.489999771118164,15.489999771118164,15.34000015258789,15.390000343322754,12.625370979309082,44400
2024-05-15,15.460000038146973,15.529999732971191,15.4399995803833,15.4399995803833,12.666388511657715,44400
2024-05-16,15.470000267028809,15.510000228881836,15.449999809265137,15.470000267028809,12.690997123718262,35100
2024-05-17,15.489999771118164,15.510000228881836,15.380000114440918,15.399999618530273,12.63357162475586,23700
2024-05-20,15.390000343322754,15.470000267028809,15.390000343322754,15.449999809265137,12.674592018127441,41600
2024-05-21,15.4399995803833,15.479999542236328,15.430000305175781,15.460000038146973,12.682794570922852,28600
2024-05-22,15.420000076293945,15.510000228881836,15.40999984741211,15.430000305175781,12.658183097839355,22700
2024-05-23,15.489999771118164,15.489999771118164,15.199999809265137,15.210000038146973,12.477705001831055,48800
2024-05-24,15.210000038146973,15.350000381469727,15.100000381469727,15.300000190734863,12.55153751373291,54200
2024-05-28,15.359999656677246,15.390000343322754,15.180000305175781,15.220000267028809,12.485907554626465,64200
2024-05-29,15.199999809265137,15.199999809265137,15.029999732971191,15.100000381469727,12.387465476989746,51400
2024-05-30,15.149999618530273,15.300000190734863,15.119999885559082,15.260000228881836,12.518723487854004,38800
2024-05-31,15.399999618530273,15.579999923706055,15.279999732971191,15.5600004196167,12.764832496643066,91000
2024-06-03,15.670000076293945,15.720000267028809,15.539999961853027,15.670000076293945,12.855072021484375,44200
2024-06-04,15.739999771118164,15.739999771118164,15.619999885559082,15.6899995803833,12.871478080749512,42200
2024-06-05,15.699999809265137,15.75,15.619999885559082,15.6899995803833,12.871478080749512,28700
2024-06-06,15.6899995803833,15.699999809265137,15.640000343322754,15.65999984741211,12.846868515014648,25000
2024-06-07,15.5600004196167,15.75,15.5600004196167,15.699999809265137,12.879680633544922,36500
2024-06-10,15.699999809265137,15.699999809265137,15.569999694824219,15.65999984741211,12.846868515014648,34600
2024-06-11,15.609999656677246,15.720000267028809,15.579999923706055,15.680000305175781,12.863272666931152,80100
2024-06-12,15.739999771118164,15.899999618530273,15.739999771118164,15.770000457763672,12.93710708618164,51000
2024-06-13,15.649999618530273,15.75,15.5600004196167,15.649999618530273,12.928845405578613,28600
2024-06-14,15.609999656677246,15.630000114440918,15.5600004196167,15.600000381469727,12.887539863586426,20500
2024-06-17,15.579999923706055,15.640000343322754,15.510000228881836,15.619999885559082,12.904061317443848,45000
2024-06-18,15.699999809265137,15.729999542236328,15.619999885559082,15.640000343322754,12.920585632324219,45100
2024-06-20,15.550000190734863,15.600000381469727,15.470000267028809,15.550000190734863,12.846232414245605,51800
2024-06-21,15.510000228881836,15.640000343322754,15.510000228881836,15.600000381469727,12.887539863586426,24500
2024-06-24,15.59000015258789,15.649999618530273,15.5600004196167,15.5600004196167,12.854496002197266,22600
2024-06-25,15.670000076293945,15.6899995803833,15.579999923706055,15.65999984741211,12.93710708618164,49800
2024-06-26,15.609999656677246,15.720000267028809,15.600000381469727,15.680000305175781,12.953631401062012,27600
2024-06-27,15.760000228881836,15.819999694824219,15.720000267028809,15.770000457763672,13.02798080444336,38900
2024-06-28,15.880000114440918,15.949999809265137,15.8100004196167,15.8100004196167,13.061028480529785,85300
2024-07-01,15.75,15.859999656677246,15.6899995803833,15.75,13.01146125793457,45000
2024-07-02,15.779999732971191,15.90999984741211,15.760000228881836,15.890000343322754,13.127114295959473,46200
2024-07-03,15.850000381469727,16.020000457763672,15.850000381469727,15.960000038146973,13.184943199157715,19500
2024-07-05,16.0,16.020000457763672,15.920000076293945,16.0,13.217988967895508,30800
2024-07-08,15.979999542236328,16.020000457763672,15.859999656677246,15.9399995803833,13.16842269897461,41500
2024-07-09,15.970000267028809,16.010000228881836,15.890000343322754,15.890000343322754,13.127114295959473,51300
2024-07-10,15.970000267028809,16.18000030517578,15.960000038146973,16.15999984741211,13.350168228149414,106900
2024-07-11,16.059999465942383,16.25,15.960000038146973,16.190000534057617,13.466619491577148,71600
2024-07-12,16.18000030517578,16.329999923706055,16.079999923706055,16.239999771118164,13.508210182189941,76900
2024-07-15,16.200000762939453,16.31999969482422,16.15999984741211,16.209999084472656,13.483256340026855,34200
2024-07-16,16.229999542236328,16.329999923706055,16.209999084472656,16.280000686645508,13.541478157043457,47900
2024-07-17,16.200000762939453,16.309999465942383,16.15999984741211,16.239999771118164,13.508210182189941,59500
2024-07-18,16.260000228881836,16.309999465942383,16.059999465942383,16.100000381469727,13.391758918762207,40300
2024-07-19,16.18000030517578,16.190000534057617,16.09000015258789,16.139999389648438,13.425028800964355,14900
2024-07-22,16.209999084472656,16.209999084472656,16.049999237060547,16.049999237060547,13.35016918182373,70900
2024-07-23,16.059999465942383,16.100000381469727,15.949999809265137,15.949999809265137,13.26699161529541,39300
2024-07-24,15.930000305175781,16.0,15.779999732971191,15.800000190734863,13.142227172851562,67500
2024-07-25,15.850000381469727,15.960000038146973,15.760000228881836,15.800000190734863,13.142227172851562,88700
2024-07-26,15.9399995803833,15.989999771118164,15.819999694824219,15.850000381469727,13.183812141418457,81900
2024-07-29,15.850000381469727,15.949999809265137,15.8100004196167,15.949999809265137,13.26699161529541,56700
2024-07-30,15.949999809265137,16.110000610351562,15.9399995803833,16.110000610351562,13.400075912475586,56900
2024-07-31,16.229999542236328,16.309999465942383,16.110000610351562,16.190000534057617,13.466619491577148,65300
2024-08-01,16.1299991607666,16.239999771118164,16.079999923706055,16.139999389648438,13.425028800964355,26500
2024-08-02,16.09000015258789,16.100000381469727,15.989999771118164,16.0,13.308578491210938,58000
2024-08-05,15.739999771118164,15.739999771118164,15.449999809265137,15.470000267028809,12.867734909057617,85100
2024-08-06,15.470000267028809,15.819999694824219,15.470000267028809,15.680000305175781,13.042409896850586,25900
2024-08-07,15.800000190734863,15.84000015258789,15.760000228881836,15.8100004196167,13.150543212890625,49800
2024-08-08,15.8100004196167,15.949999809265137,15.8100004196167,15.859999656677246,13.192126274108887,33500
2024-08-09,15.90999984741211,15.920000076293945,15.779999732971191,15.829999923706055,13.1671781539917,37100
2024-08-12,15.649999618530273,15.699999809265137,15.609999656677246,15.65999984741211,13.11691951751709,25200
2024-08-13,15.770000457763672,15.850000381469727,15.710000038146973,15.850000381469727,13.276066780090332,30500
2024-08-14,15.800000190734863,15.970000267028809,15.800000190734863,15.949999809265137,13.359825134277344,26600
2024-08-15,15.9399995803833,15.970000267028809,15.84000015258789,15.960000038146973,13.36820125579834,40500
2024-08-16,15.869999885559082,16.079999923706055,15.869999885559082,15.970000267028809,13.376578330993652,31300
2024-08-19,15.949999809265137,16.0,15.890000343322754,15.899999618530273,13.31794548034668,24200
2024-08-20,15.899999618530273,16.079999923706055,15.899999618530273,16.06999969482422,13.460338592529297,38500
2024-08-21,16.09000015258789,16.280000686645508,16.049999237060547,16.149999618530273,13.527344703674316,67000
2024-08-22,16.18000030517578,16.25,16.1200008392334,16.1200008392334,13.502220153808594,44900
2024-08-23,16.200000762939453,16.239999771118164,16.170000076293945,16.219999313354492,13.585978507995605,27200
2024-08-26,16.229999542236328,16.350000381469727,16.190000534057617,16.290000915527344,13.644612312316895,40300
2024-08-27,16.25,16.329999923706055,16.25,16.31999969482422,13.6697416305542,26900
2024-08-28,16.290000915527344,16.34000015258789,16.200000762939453,16.200000762939453,13.569229125976562,23800
2024-08-29,16.239999771118164,16.350000381469727,16.229999542236328,16.350000381469727,13.694867134094238,35600
2024-08-30,16.440000534057617,16.549999237060547,16.360000610351562,16.3700008392334,13.711621284484863,57100
2024-09-03,16.309999465942383,16.43000030517578,16.309999465942383,16.350000381469727,13.694867134094238,37900
2024-09-04,16.299999237060547,16.5,16.299999237060547,16.479999542236328,13.803755760192871,28900
2024-09-05,16.479999542236328,16.5,16.389999389648438,16.469999313354492,13.795379638671875,29000
2024-09-06,16.40999984741211,16.440000534057617,16.31999969482422,16.34000015258789,13.686491012573242,51200
2024-09-09,16.350000381469727,16.600000381469727,16.350000381469727,16.549999237060547,13.862388610839844,54700
2024-09-10,16.579999923706055,16.59000015258789,16.5,16.549999237060547,13.862388610839844,33900
2024-09-11,16.56999969482422,16.600000381469727,16.549999237060547,16.59000015258789,13.895896911621094,22900
2024-09-12,16.549999237060547,16.690000534057617,16.549999237060547,16.670000076293945,13.962902069091797,31200
2024-09-13,16.559999465942383,16.68000030517578,16.559999465942383,16.59000015258789,13.988199234008789,25400
2024-09-16,16.559999465942383,16.639999389648438,16.520000457763672,16.520000457763672,13.929177284240723,41300
2024-09-17,16.559999465942383,16.639999389648438,16.540000915527344,16.559999465942383,13.962902069091797,35900
2024-09-18,16.639999389648438,16.649999618530273,16.540000915527344,16.610000610351562,14.005059242248535,40800
2024-09-19,16.670000076293945,16.75,16.670000076293945,16.729999542236328,14.106239318847656,46700
2024-09-20,16.770000457763672,16.799999237060547,16.68000030517578,16.75,14.12310791015625,46600
2024-09-23,16.75,16.90999984741211,16.75,16.8700008392334,14.224285125732422,45700
2024-09-24,16.90999984741211,16.90999984741211,16.829999923706055,16.8700008392334,14.224285125732422,19300
2024-09-25,16.950000762939453,16.979999542236328,16.860000610351562,16.959999084472656,14.300171852111816,40900
2024-09-26,17.010000228881836,17.06999969482422,16.940000534057617,17.040000915527344,14.36762523651123,39800
2024-09-27,17.059999465942383,17.09000015258789,16.90999984741211,16.979999542236328,14.317032814025879,40000
2024-09-30,17.030000686645508,17.239999771118164,17.010000228881836,17.239999771118164,14.53625774383545,73700
2024-10-01,17.229999542236328,17.229999542236328,17.1200008392334,17.200000762939453,14.50252914428711,54000
2024-10-02,17.190000534057617,17.209999084472656,17.100000381469727,17.18000030517578,14.485668182373047,20600
2024-10-03,17.239999771118164,17.25,17.170000076293945,17.229999542236328,14.527824401855469,31400
2024-10-04,17.15999984741211,17.239999771118164,17.1200008392334,17.209999084472656,14.510960578918457,47100
2024-10-07,17.18000030517578,17.229999542236328,17.100000381469727,17.110000610351562,14.426642417907715,72900
2024-10-08,17.020000457763672,17.229999542236328,17.020000457763672,17.1200008392334,14.435076713562012,103300
2024-10-09,17.149999618530273,17.170000076293945,17.049999237060547,17.100000381469727,14.418216705322266,26900
2024-10-10,17.149999618530273,17.170000076293945,17.0,17.059999465942383,14.384486198425293,59100
2024-10-11,16.93000030517578,17.010000228881836,16.790000915527344,16.8700008392334,14.316597938537598,61800
2024-10-14,16.8799991607666,16.959999084472656,16.729999542236328,16.75,14.214762687683105,33900
2024-10-15,16.8700008392334,16.8700008392334,16.649999618530273,16.690000534057617,14.163841247558594,36000
2024-10-16,16.719999313354492,16.799999237060547,16.65999984741211,16.75,14.214762687683105,32400
2024-10-17,16.709999084472656,16.75,16.579999923706055,16.65999984741211,14.138381958007812,56000
2024-10-18,16.700000762939453,16.780000686645508,16.559999465942383,16.610000610351562,14.095947265625,38400
2024-10-21,16.549999237060547,16.56999969482422,16.440000534057617,16.440000534057617,13.951681137084961,31700
2024-10-22,16.450000762939453,16.549999237060547,16.440000534057617,16.520000457763672,14.019572257995605,28600
2024-10-23,16.520000457763672,16.520000457763672,16.270000457763672,16.3799991607666,13.90075969696045,45300
2024-10-24,16.3700008392334,16.399999618530273,16.110000610351562,16.1200008392334,13.680115699768066,61700
2024-10-25,16.25,16.3700008392334,16.170000076293945,16.25,13.790438652038574,54200
2024-10-28,16.229999542236328,16.25,15.920000076293945,15.960000038146973,13.544330596923828,77000
2024-10-29,15.869999885559082,15.869999885559082,15.75,15.779999732971191,13.391575813293457,39000
2024-10-30,15.84000015258789,16.0,15.819999694824219,15.960000038146973,13.544330596923828,47800
2024-10-31,16.030000686645508,16.1200008392334,15.90999984741211,16.059999465942383,13.629194259643555,88800
2024-11-01,16.139999389648438,16.139999389648438,15.800000190734863,15.8100004196167,13.417037963867188,28700
2024-11-04,15.859999656677246,15.960000038146973,15.850000381469727,15.960000038146973,13.544330596923828,30300
2024-11-05,15.960000038146973,15.979999542236328,15.859999656677246,15.9399995803833,13.527359008789062,33600
2024-11-06,15.9399995803833,16.049999237060547,15.829999923706055,15.949999809265137,13.535845756530762,50300
2024-11-07,15.899999618530273,16.1299991607666,15.899999618530273,16.100000381469727,13.663140296936035,51600
2024-11-08,16.1299991607666,16.360000610351562,16.09000015258789,16.34000015258789,13.866814613342285,42400
2024-11-11,16.360000610351562,16.450000762939453,16.290000915527344,16.290000915527344,13.824383735656738,54900
2024-11-12,16.219999313354492,16.360000610351562,15.930000305175781,15.9399995803833,13.619325637817383,47800
2024-11-13,15.979999542236328,16.049999237060547,15.859999656677246,15.880000114440918,13.568058967590332,27500
2024-11-14,15.90999984741211,15.920000076293945,15.649999618530273,15.699999809265137,13.414265632629395,47700
2024-11-15,15.729999542236328,15.850000381469727,15.600000381469727,15.609999656677246,13.337371826171875,41600
2024-11-18,15.609999656677246,15.720000267028809,15.609999656677246,15.6899995803833,13.405722618103027,40000
2024-11-19,15.520000457763672,15.680000305175781,15.520000457763672,15.649999618530273,13.371543884277344,61300
2024-11-20,15.5600004196167,15.569999694824219,15.4399995803833,15.510000228881836,13.251927375793457,45200
2024-11-21,15.470000267028809,15.600000381469727,15.470000267028809,15.539999961853027,13.277562141418457,46700
2024-11-22,15.539999961853027,15.619999885559082,15.40999984741211,15.449999809265137,13.200664520263672,123600
2024-11-25,15.550000190734863,15.600000381469727,15.5,15.539999961853027,13.277562141418457,104800
2024-11-26,15.550000190734863,15.550000190734863,15.350000381469727,15.420000076293945,13.175030708312988,62100
2024-11-27,15.489999771118164,15.609999656677246,15.479999542236328,15.600000381469727,13.328824043273926,58400
2024-11-29,15.710000038146973,15.779999732971191,15.649999618530273,15.760000228881836,13.465530395507812,47900
2024-12-02,15.6899995803833,15.720000267028809,15.640000343322754,15.670000076293945,13.388633728027344,39800
2024-12-03,15.619999885559082,15.739999771118164,15.609999656677246,15.699999809265137,13.414265632629395,62900
2024-12-04,15.760000228881836,15.779999732971191,15.699999809265137,15.75,13.456987380981445,56500
2024-12-05,15.699999809265137,15.770000457763672,15.670000076293945,15.6899995803833,13.405722618103027,36600
2024-12-06,15.770000457763672,15.779999732971191,15.609999656677246,15.640000343322754,13.363001823425293,61500
2024-12-09,15.609999656677246,15.630000114440918,15.470000267028809,15.5,13.24338150024414,59700
2024-12-10,15.550000190734863,15.59000015258789,15.520000457763672,15.59000015258789,13.320281028747559,47100
2024-12-11,15.59000015258789,15.640000343322754,15.479999542236328,15.520000457763672,13.260473251342773,45600
2024-12-12,15.40999984741211,15.40999984741211,15.25,15.329999923706055,13.191630363464355,66900
2024-12-13,15.270000457763672,15.390000343322754,15.170000076293945,15.229999542236328,13.10557746887207,93500
2024-12-16,15.210000038146973,15.359999656677246,15.119999885559082,15.119999885559082,13.010923385620117,74500
2024-12-17,15.069999694824219,15.199999809265137,14.949999809265137,14.989999771118164,12.899055480957031,71900
2024-12-18,15.029999732971191,15.119999885559082,14.84000015258789,14.869999885559082,12.795797348022461,71000
2024-12-19,14.890000343322754,14.90999984741211,14.760000228881836,14.829999923706055,12.761374473571777,84300
2024-12-20,14.829999923706055,15.039999961853027,14.829999923706055,14.9399995803833,12.856030464172363,51600
2024-12-23,14.949999809265137,14.989999771118164,14.829999923706055,14.90999984741211,12.830214500427246,44000
2024-12-24,14.850000381469727,14.960000038146973,14.850000381469727,14.90999984741211,12.830214500427246,46800
2024-12-26,14.920000076293945,15.020000457763672,14.920000076293945,14.970000267028809,12.88184928894043,58300
2024-12-27,14.949999809265137,14.979999542236328,14.739999771118164,14.8100004196167,12.74416732788086,81700
2024-12-30,14.6899995803833,14.8100004196167,14.619999885559082,14.789999961853027,12.72695541381836,94700
2024-12-31,14.869999885559082,15.039999961853027,14.779999732971191,15.029999732971191,12.933476448059082,146700
2025-01-02,15.079999923706055,15.119999885559082,14.970000267028809,15.109999656677246,13.002318382263184,36600
2025-01-03,15.140000343322754,15.210000038146973,15.079999923706055,15.180000305175781,13.062554359436035,50200
2025-01-06,15.220000267028809,15.239999771118164,15.039999961853027,15.140000343322754,13.028133392333984,57800
2025-01-07,15.100000381469727,15.109999656677246,14.869999885559082,14.930000305175781,12.84742546081543,66000
2025-01-08,14.90999984741211,14.9399995803833,14.75,14.9399995803833,12.856030464172363,56100
2025-01-10,14.84000015258789,14.890000343322754,14.6899995803833,14.710000038146973,12.65811538696289,125000
2025-01-13,14.539999961853027,14.649999618530273,14.09000015258789,14.100000381469727,12.224617958068848,251400
2025-01-14,14.140000343322754,14.380000114440918,14.140000343322754,14.34000015258789,12.432696342468262,70000
2025-01-15,14.479999542236328,14.720000267028809,14.369999885559082,14.720000267028809,12.762155532836914,54500
2025-01-16,14.739999771118164,14.829999923706055,14.699999809265137,14.789999961853027,12.822843551635742,46200
2025-01-17,14.819999694824219,14.850000381469727,14.760000228881836,14.850000381469727,12.874863624572754,50600
2025-01-21,14.869999885559082,14.979999542236328,14.829999923706055,14.960000038146973,12.970232009887695,70700
2025-01-22,14.960000038146973,14.960000038146973,14.84000015258789,14.84000015258789,12.866191864013672,41400
2025-01-23,14.850000381469727,14.960000038146973,14.84000015258789,14.9399995803833,12.952892303466797,40900
2025-01-24,14.859999656677246,14.960000038146973,14.850000381469727,14.920000076293945,12.935551643371582,47400
2025-01-27,14.880000114440918,15.100000381469727,14.880000114440918,15.0,13.004912376403809,62500
2025-01-28,14.90999984741211,15.100000381469727,14.890000343322754,14.960000038146973,12.970232009887695,37800
2025-01-29,14.989999771118164,15.010000228881836,14.789999961853027,14.850000381469727,12.874863624572754,52400
2025-01-30,14.920000076293945,14.960000038146973,14.869999885559082,14.960000038146973,12.970232009887695,46700
2025-01-31,15.039999961853027,15.119999885559082,14.930000305175781,14.970000267028809,12.978901863098145,89800
2025-02-03,14.880000114440918,15.050000190734863,14.859999656677246,15.010000228881836,13.013581275939941,63700
2025-02-04,15.100000381469727,15.15999984741211,15.079999923706055,15.15999984741211,13.143632888793945,76100
2025-02-05,15.1899995803833,15.34000015258789,15.180000305175781,15.329999923706055,13.291019439697266,65700
2025-02-06,15.329999923706055,15.390000343322754,15.300000190734863,15.319999694824219,13.282350540161133,37700
2025-02-07,15.350000381469727,15.369999885559082,15.279999732971191,15.289999961853027,13.256341934204102,50800
2025-02-10,15.350000381469727,15.390000343322754,15.25,15.390000343322754,13.34304141998291,65600
2025-02-11,15.390000343322754,15.460000038146973,15.329999923706055,15.460000038146973,13.403729438781738,66600
2025-02-12,15.399999618530273,15.5,15.350000381469727,15.470000267028809,13.412399291992188,72500
2025-02-13,15.430000305175781,15.550000190734863,15.369999885559082,15.510000228881836,13.543377876281738,92700
2025-02-14,15.4399995803833,15.479999542236328,15.390000343322754,15.420000076293945,13.464789390563965,72700
2025-02-18,15.460000038146973,15.489999771118164,15.3100004196167,15.34000015258789,13.394933700561523,81200
2025-02-19,15.380000114440918,15.550000190734863,15.319999694824219,15.529999732971191,13.560844421386719,100300
2025-02-20,15.470000267028809,15.59000015258789,15.350000381469727,15.40999984741211,13.456059455871582,76900
2025-02-21,15.449999809265137,15.520000457763672,15.359999656677246,15.380000114440918,13.429863929748535,43800
2025-02-24,15.380000114440918,15.470000267028809,15.140000343322754,15.15999984741211,13.237756729125977,77200
2025-02-25,15.1899995803833,15.300000190734863,15.180000305175781,15.270000457763672,13.333809852600098,58400
2025-02-26,15.270000457763672,15.369999885559082,15.210000038146973,15.260000228881836,13.32507610321045,43900
2025-02-27,15.3100004196167,15.34000015258789,15.210000038146973,15.229999542236328,13.298883438110352,43700
2025-02-28,15.319999694824219,15.40999984741211,15.270000457763672,15.390000343322754,13.43859577178955,81300
2025-03-03,15.470000267028809,15.470000267028809,15.300000190734863,15.329999923706055,13.386204719543457,109600
2025-03-04,15.300000190734863,15.300000190734863,15.100000381469727,15.180000305175781,13.255221366882324,79900
2025-03-05,15.239999771118164,15.289999961853027,15.210000038146973,15.270000457763672,13.333809852600098,44500
2025-03-06,15.300000190734863,15.300000190734863,15.079999923706055,15.109999656677246,13.194096565246582,62600
2025-03-07,15.1899995803833,15.239999771118164,14.899999618530273,14.920000076293945,13.028190612792969,70000
2025-03-10,14.899999618530273,14.949999809265137,14.800000190734863,14.84000015258789,12.958333969116211,69000
2025-03-11,14.899999618530273,14.960000038146973,14.829999923706055,14.869999885559082,12.98453140258789,58700
2025-03-12,14.880000114440918,14.960000038146973,14.859999656677246,14.960000038146973,13.063116073608398,87400
2025-03-13,14.880000114440918,14.890000343322754,14.699999809265137,14.699999809265137,12.931168556213379,52300
2025-03-14,14.75,14.9399995803833,14.75,14.890000343322754,13.098306655883789,92900
2025-03-17,14.9399995803833,15.050000190734863,14.930000305175781,15.050000190734863,13.239051818847656,56600
2025-03-18,15.069999694824219,15.09000015258789,14.960000038146973,15.029999732971191,13.221458435058594,54600
2025-03-19,15.050000190734863,15.079999923706055,14.979999542236328,15.079999923706055,13.26544189453125,29400
2025-03-20,15.09000015258789,15.109999656677246,15.039999961853027,15.109999656677246,13.291831016540527,24800
2025-03-21,15.119999885559082,15.149999618530273,15.029999732971191,15.140000343322754,13.318222045898438,25400
2025-03-24,15.15999984741211,15.319999694824219,15.140000343322754,15.140000343322754,13.318222045898438,42900
2025-03-25,15.15999984741211,15.229999542236328,15.15999984741211,15.199999809265137,13.371001243591309,24600
2025-03-26,15.25,15.319999694824219,15.100000381469727,15.140000343322754,13.318222045898438,35600
2025-03-27,15.079999923706055,15.170000076293945,15.0,15.010000228881836,13.203863143920898,30900
2025-03-28,15.149999618530273,15.199999809265137,15.039999961853027,15.0600004196167,13.247848510742188,49500
2025-03-31,15.069999694824219,15.170000076293945,15.0,15.0,13.195068359375,71900
2025-04-01,14.989999771118164,15.069999694824219,14.989999771118164,15.010000228881836,13.203863143920898,23300
2025-04-02,15.0,15.140000343322754,14.949999809265137,15.140000343322754,13.318222045898438,28700
2025-04-03,14.949999809265137,15.100000381469727,14.75,14.899999618530273,13.10710334777832,114700
2025-04-04,14.75,14.789999961853027,13.920000076293945,14.079999923706055,12.385771751403809,122800
2025-04-07,13.449999809265137,13.970000267028809,13.079999923706055,13.640000343322754,11.9987154006958,109200
2025-04-08,13.859999656677246,14.0,13.59000015258789,13.619999885559082,11.981122016906738,87200
2025-04-09,13.640000343322754,14.279999732971191,13.479999542236328,14.279999732971191,12.5617036819458,119800
2025-04-10,14.229999542236328,14.229999542236328,13.880000114440918,14.069999694824219,12.376973152160645,84000
2025-04-11,13.930000305175781,13.960000038146973,13.75,13.829999923706055,12.261716842651367,40800
2025-04-14,13.869999885559082,14.010000228881836,13.800000190734863,13.890000343322754,12.314911842346191,44100
2025-04-15,14.029999732971191,14.130000114440918,13.930000305175781,13.989999771118164,12.403572082519531,51400
2025-04-16,13.9399995803833,14.079999923706055,13.859999656677246,14.020000457763672,12.430171012878418,29800
2025-04-17,14.119999885559082,14.180000305175781,14.020000457763672,14.119999885559082,12.518829345703125,36500
2025-04-21,14.109999656677246,14.109999656677246,13.800000190734863,13.899999618530273,12.323776245117188,43500
2025-04-22,13.949999809265137,14.09000015258789,13.880000114440918,13.979999542236328,12.394706726074219,17300
2025-04-23,14.149999618530273,14.380000114440918,14.069999694824219,14.15999984741211,12.554293632507324,33400
2025-04-24,14.180000305175781,14.40999984741211,14.180000305175781,14.350000381469727,12.722748756408691,26900
2025-04-25,14.350000381469727,14.449999809265137,14.270000457763672,14.300000190734863,12.678420066833496,32700
2025-04-28,14.329999923706055,14.420000076293945,14.229999542236328,14.34000015258789,12.713882446289062,45600
2025-04-29,14.260000228881836,14.550000190734863,14.25,14.350000381469727,12.722748756408691,59100
2025-04-30,14.380000114440918,14.489999771118164,14.149999618530273,14.449999809265137,12.811408996582031,99500
2025-05-01,14.460000038146973,14.510000228881836,14.270000457763672,14.300000190734863,12.678420066833496,57100
2025-05-02,14.34000015258789,14.470000267028809,14.3100004196167,14.40999984741211,12.775945663452148,56200
2025-05-05,14.399999618530273,14.470000267028809,14.350000381469727,14.40999984741211,12.775945663452148,35400
2025-05-06,14.369999885559082,14.40999984741211,14.279999732971191,14.329999923706055,12.70501708984375,49900
2025-05-07,14.3100004196167,14.4399995803833,14.3100004196167,14.390000343322754,12.758213996887207,48400
2025-05-08,14.430000305175781,14.5600004196167,14.380000114440918,14.449999809265137,12.811408996582031,72200
2025-05-09,14.5,14.539999961853027,14.449999809265137,14.5,12.855741500854492,43000
2025-05-12,14.430000305175781,14.579999923706055,14.430000305175781,14.4399995803833,12.900408744812012,44100
2025-05-13,14.479999542236328,14.5600004196167,14.460000038146973,14.539999961853027,12.989747047424316,32600
2025-05-14,14.550000190734863,14.59000015258789,14.399999618530273,14.5,12.954011917114258,27900
2025-05-15,14.529999732971191,14.59000015258789,14.420000076293945,14.470000267028809,12.927210807800293,28300
2025-05-16,14.5,14.539999961853027,14.350000381469727,14.4399995803833,12.900408744812012,73500
2025-05-19,14.380000114440918,14.460000038146973,14.350000381469727,14.399999618530273,12.864673614501953,33100
2025-05-20,14.40999984741211,14.489999771118164,14.350000381469727,14.380000114440918,12.846805572509766,45100
2025-05-21,14.34000015258789,14.369999885559082,14.140000343322754,14.15999984741211,12.650261878967285,50800
2025-05-22,14.210000038146973,14.300000190734863,14.15999984741211,14.229999542236328,12.712796211242676,44500
2025-05-23,14.199999809265137,14.210000038146973,14.119999885559082,14.1899995803833,12.677062034606934,35100
2025-05-27,14.1899995803833,14.300000190734863,14.180000305175781,14.210000038146973,12.694931030273438,100100
2025-05-28,14.289999961853027,14.319999694824219,14.149999618530273,14.199999809265137,12.685996055603027,36300
2025-05-29,14.300000190734863,14.300000190734863,14.1899995803833,14.260000228881836,12.739599227905273,60100
2025-05-30,14.3100004196167,14.319999694824219,14.1899995803833,14.25,12.730668067932129,68800
2025-06-02,14.239999771118164,14.239999771118164,14.140000343322754,14.170000076293945,12.659197807312012,63700
2025-06-03,14.199999809265137,14.3100004196167,14.130000114440918,14.210000038146973,12.694931030273438,78700
2025-06-04,14.25,14.289999961853027,14.210000038146973,14.239999771118164,12.721732139587402,39400
2025-06-05,14.210000038146973,14.34000015258789,14.1899995803833,14.270000457763672,12.748534202575684,68200
2025-06-06,14.350000381469727,14.390000343322754,14.25,14.289999961853027,12.766401290893555,48700
2025-06-09,14.319999694824219,14.390000343322754,14.289999961853027,14.350000381469727,12.820003509521484,40500
2025-06-10,14.399999618530273,14.40999984741211,14.239999771118164,14.319999694824219,12.793201446533203,35700
2025-06-11,14.319999694824219,14.399999618530273,14.319999694824219,14.319999694824219,12.793201446533203,30600
2025-06-12,14.199999809265137,14.260000228881836,14.109999656677246,14.119999885559082,12.712174415588379,74600
2025-06-13,14.109999656677246,14.210000038146973,14.050000190734863,14.0600004196167,12.658159255981445,42700
2025-06-16,14.109999656677246,14.180000305175781,14.069999694824219,14.119999885559082,12.712174415588379,44200
2025-06-17,14.109999656677246,14.130000114440918,14.069999694824219,14.09000015258789,12.685166358947754,26200
2025-06-18,14.09000015258789,14.15999984741211,14.069999694824219,14.069999694824219,12.66716194152832,33700
2025-06-20,14.050000190734863,14.180000305175781,14.029999732971191,14.069999694824219,12.66716194152832,89400
2025-06-23,14.079999923706055,14.15999984741211,14.050000190734863,14.069999694824219,12.66716194152832,57500
2025-06-24,14.079999923706055,14.199999809265137,14.079999923706055,14.15999984741211,12.748188018798828,67800
2025-06-25,14.180000305175781,14.180000305175781,14.039999961853027,14.0600004196167,12.658159255981445,63300
2025-06-26,14.039999961853027,14.199999809265137,14.039999961853027,14.1899995803833,12.775196075439453,32200
2025-06-27,14.15999984741211,14.34000015258789,14.130000114440918,14.260000228881836,12.838216781616211,108600
2025-06-30,14.34000015258789,14.34000015258789,14.210000038146973,14.260000228881836,12.838216781616211,111500
2025-07-01,14.170000076293945,14.34000015258789,14.170000076293945,14.289999961853027,12.865225791931152,74800
2025-07-02,14.319999694824219,14.470000267028809,14.3100004196167,14.460000038146973,13.018277168273926,53300
2025-07-03,14.460000038146973,14.5,14.4399995803833,14.470000267028809,13.0272798538208,44100
2025-07-07,14.470000267028809,14.470000267028809,14.34000015258789,14.359999656677246,12.92824649810791,47100
2025-07-08,14.380000114440918,14.420000076293945,14.319999694824219,14.369999885559082,12.937247276306152,99600
2025-07-09,14.359999656677246,14.430000305175781,14.359999656677246,14.420000076293945,12.98226547241211,53500
2025-07-10,14.380000114440918,14.420000076293945,14.350000381469727,14.369999885559082,12.937247276306152,43800
2025-07-11,14.239999771118164,14.300000190734863,14.170000076293945,14.199999809265137,12.882814407348633,92500
2025-07-14,14.25,14.300000190734863,14.220000267028809,14.300000190734863,12.973539352416992,140100
2025-07-15,14.300000190734863,14.380000114440918,14.149999618530273,14.149999618530273,12.837454795837402,90800
2025-07-16,14.25,14.289999961853027,14.1899995803833,14.220000267028809,12.900960922241211,90000
2025-07-17,14.1899995803833,14.319999694824219,14.1899995803833,14.270000457763672,12.94632339477539,87400
2025-07-18,14.34000015258789,14.34000015258789,14.039999961853027,14.039999961853027,12.737658500671387,219900
2025-07-21,14.140000343322754,14.199999809265137,14.100000381469727,14.130000114440918,12.819310188293457,101300
2025-07-22,14.119999885559082,14.149999618530273,14.09000015258789,14.109999656677246,12.801162719726562,84600
2025-07-23,14.109999656677246,14.1899995803833,14.079999923706055,14.109999656677246,12.801162719726562,52500
2025-07-24,14.0600004196167,14.130000114440918,14.050000190734863,14.079999923706055,12.773945808410645,83400
2025-07-25,14.119999885559082,14.229999542236328,14.119999885559082,14.1899995803833,12.873743057250977,92800
2025-07-28,14.220000267028809,14.300000190734863,14.220000267028809,14.300000190734863,12.973539352416992,110300
2025-07-29,14.329999923706055,14.369999885559082,14.279999732971191,14.359999656677246,13.027973175048828,156600
2025-07-30,14.369999885559082,14.40999984741211,14.3100004196167,14.390000343322754,13.055191993713379,70600
2025-07-31,14.4399995803833,14.449999809265137,14.329999923706055,14.380000114440918,13.04611873626709,80700
2025-08-01,14.399999618530273,14.460000038146973,14.380000114440918,14.430000305175781,13.091480255126953,68000
2025-08-04,14.479999542236328,14.550000190734863,14.449999809265137,14.5,13.154988288879395,79500
2025-08-05,14.520000457763672,14.539999961853027,14.460000038146973,14.529999732971191,13.182205200195312,62200
2025-08-06,14.510000228881836,14.550000190734863,14.510000228881836,14.539999961853027,13.191277503967285,40200
2025-08-07,14.529999732971191,14.649999618530273,14.510000228881836,14.630000114440918,13.272928237915039,148600
2025-08-08,14.609999656677246,14.6899995803833,14.59000015258789,14.670000076293945,13.309219360351562,92800
2025-08-11,14.5600004196167,14.609999656677246,14.550000190734863,14.5600004196167,13.309220314025879,48500
2025-08-12,14.600000381469727,14.619999885559082,14.520000457763672,14.600000381469727,13.345784187316895,60600
2025-08-13,14.630000114440918,14.640000343322754,14.619999885559082,14.619999885559082,13.364066123962402,66300
2025-08-14,14.579999923706055,14.640000343322754,14.579999923706055,14.609999656677246,13.354924201965332,42300
2025-08-15,14.640000343322754,14.640000343322754,14.59000015258789,14.640000343322754,13.382346153259277,57400
2025-08-18,14.65999984741211,14.699999809265137,14.649999618530273,14.680000305175781,13.41891098022461,42300
2025-08-19,14.670000076293945,14.6899995803833,14.649999618530273,14.670000076293945,13.409770011901855,54800
2025-08-20,14.699999809265137,14.729999542236328,14.649999618530273,14.729999542236328,13.464615821838379,33800
2025-08-21,14.729999542236328,14.75,14.6899995803833,14.729999542236328,13.464615821838379,60400
2025-08-22,14.729999542236328,14.84000015258789,14.699999809265137,14.819999694824219,13.546882629394531,63100
2025-08-25,14.779999732971191,14.850000381469727,14.779999732971191,14.829999923706055,13.556024551391602,34800
2025-08-26,14.8100004196167,14.880000114440918,14.789999961853027,14.84000015258789,13.565166473388672,197100
2025-08-27,14.84000015258789,14.90999984741211,14.710000038146973,14.760000228881836,13.492037773132324,98900
2025-08-28,14.829999923706055,14.869999885559082,14.770000457763672,14.8100004196167,13.537742614746094,67600
2025-08-29,14.869999885559082,14.899999618530273,14.739999771118164,14.779999732971191,13.510318756103516,60900
2025-09-02,14.75,14.850000381469727,14.75,14.819999694824219,13.546882629394531,87000
2025-09-03,14.880000114440918,14.899999618530273,14.779999732971191,14.8100004196167,13.537742614746094,81800
2025-09-04,14.800000190734863,14.869999885559082,14.800000190734863,14.859999656677246,13.583446502685547,45100
2025-09-05,14.899999618530273,15.039999961853027,14.8100004196167,15.010000228881836,13.720561981201172,86800
2025-09-08,15.029999732971191,15.079999923706055,15.010000228881836,15.0600004196167,13.766265869140625,63500
2025-09-09,15.09000015258789,15.119999885559082,15.010000228881836,15.119999885559082,13.821111679077148,56000
2025-09-10,15.130000114440918,15.170000076293945,15.130000114440918,15.149999618530273,13.848533630371094,47100
2025-09-11,15.15999984741211,15.1899995803833,15.130000114440918,15.140000343322754,13.839394569396973,64600
2025-09-12,15.069999694824219,15.100000381469727,14.970000267028809,15.069999694824219,13.876225471496582,31400
2025-09-15,15.039999961853027,15.15999984741211,15.039999961853027,15.09000015258789,13.89463996887207,72900
2025-09-16,15.109999656677246,15.170000076293945,15.109999656677246,15.140000343322754,13.940680503845215,41000
2025-09-17,15.170000076293945,15.239999771118164,15.170000076293945,15.220000267028809,14.01434326171875,55300
2025-09-18,15.239999771118164,15.369999885559082,15.199999809265137,15.34000015258789,14.124836921691895,67200
2025-09-19,15.34000015258789,15.5600004196167,15.270000457763672,15.369999885559082,14.152460098266602,84500
2025-09-22,15.369999885559082,15.479999542236328,15.350000381469727,15.390000343322754,14.170876502990723,117000
2025-09-23,15.40999984741211,15.529999732971191,15.369999885559082,15.460000038146973,14.235331535339355,53000
2025-09-24,15.449999809265137,15.479999542236328,15.289999961853027,15.34000015258789,14.124836921691895,98000
2025-09-25,15.34000015258789,15.40999984741211,15.300000190734863,15.3100004196167,14.097214698791504,91300
2025-09-26,15.329999923706055,15.430000305175781,15.270000457763672,15.289999961853027,14.078798294067383,37300
2025-09-29,15.329999923706055,15.369999885559082,15.229999542236328,15.300000190734863,14.088006973266602,63200
2025-09-30,15.369999885559082,15.479999542236328,15.34000015258789,15.4399995803833,14.216915130615234,167000
2025-10-01,15.4399995803833,15.630000114440918,15.239999771118164,15.569999694824219,14.336616516113281,103100
2025-10-02,15.640000343322754,15.65999984741211,15.569999694824219,15.640000343322754,14.401073455810547,66100
2025-10-03,15.640000343322754,15.65999984741211,15.539999961853027,15.579999923706055,14.3458251953125,95000
2025-10-06,15.640000343322754,15.640000343322754,15.59000015258789,15.640000343322754,14.401073455810547,52700
2025-10-07,15.640000343322754,15.680000305175781,15.539999961853027,15.619999885559082,14.382657051086426,52500
2025-10-08,15.640000343322754,15.670000076293945,15.579999923706055,15.649999618530273,14.410280227661133,57400
2025-10-09,15.680000305175781,15.680000305175781,15.40999984741211,15.460000038146973,14.235331535339355,74100
2025-10-10,15.40999984741211,15.579999923706055,15.260000228881836,15.260000228881836,14.051173210144043,43900
2025-10-13,15.289999961853027,15.4399995803833,15.289999961853027,15.399999618530273,14.180081367492676,48300
2025-10-14,15.1899995803833,15.350000381469727,15.119999885559082,15.300000190734863,14.189359664916992,38000
2025-10-15,15.300000190734863,15.350000381469727,15.25,15.3100004196167,14.19863224029541,32200
2025-10-16,15.239999771118164,15.34000015258789,15.149999618530273,15.149999618530273,14.050247192382812,49300
2025-10-17,15.149999618530273,15.270000457763672,15.149999618530273,15.25,14.142987251281738,41500
2025-10-20,15.260000228881836,15.430000305175781,15.260000228881836,15.40999984741211,14.291372299194336,68100
2025-10-21,15.430000305175781,15.479999542236328,15.369999885559082,15.470000267028809,14.34701919555664,45300
2025-10-22,15.5,15.5,15.369999885559082,15.369999885559082,14.254276275634766,47100
2025-10-23,15.470000267028809,15.539999961853027,15.430000305175781,15.5,14.374839782714844,59800
2025-10-24,15.539999961853027,15.539999961853027,15.380000114440918,15.420000076293945,14.300647735595703,46100
2025-10-27,15.529999732971191,15.529999732971191,15.359999656677246,15.4399995803833,14.319193840026855,40500
2025-10-28,15.430000305175781,15.449999809265137,15.319999694824219,15.369999885559082,14.254276275634766,47100
2025-10-29,15.380000114440918,15.390000343322754,15.329999923706055,15.359999656677246,14.245002746582031,46500
2025-10-30,15.369999885559082,15.430000305175781,15.329999923706055,15.390000343322754,14.272826194763184,82000
2025-10-31,15.5,15.5,15.380000114440918,15.4399995803833,14.319193840026855,89400
2025-11-03,15.5,15.529999732971191,15.399999618530273,15.489999771118164,14.365567207336426,72700
2025-11-04,15.399999618530273,15.470000267028809,15.25,15.289999961853027,14.180083274841309,45900
2025-11-05,15.270000457763672,15.470000267028809,15.25,15.420000076293945,14.300647735595703,41000
2025-11-06,15.420000076293945,15.479999542236328,15.34000015258789,15.40999984741211,14.291372299194336,39700
2025-11-07,15.319999694824219,15.470000267028809,15.289999961853027,15.369999885559082,14.254276275634766,51800
2025-11-10,15.4399995803833,15.520000457763672,15.359999656677246,15.520000457763672,14.393388748168945,41300
2025-11-11,15.460000038146973,15.529999732971191,15.449999809265137,15.449999809265137,14.328471183776855,28500
2025-11-12,15.40999984741211,15.539999961853027,15.3100004196167,15.319999694824219,14.207905769348145,115400
2025-11-13,15.100000381469727,15.170000076293945,15.029999732971191,15.0600004196167,14.067789077758789,60400
2025-11-14,14.989999771118164,15.119999885559082,14.989999771118164,15.029999732971191,14.039764404296875,33400
2025-11-17,15.029999732971191,15.09000015258789,14.869999885559082,14.899999618530273,13.918330192565918,53300
2025-11-18,14.930000305175781,15.029999732971191,14.899999618530273,14.960000038146973,13.974377632141113,58100
2025-11-19,14.920000076293945,14.989999771118164,14.850000381469727,14.90999984741211,13.927671432495117,49500
2025-11-20,14.930000305175781,15.0,14.75,14.770000457763672,13.796895027160645,51000
2025-11-21,14.720000267028809,14.859999656677246,14.619999885559082,14.619999885559082,13.65677547454834,134000
2025-11-24,14.6899995803833,14.930000305175781,14.6899995803833,14.819999694824219,13.843599319458008,103400
2025-11-25,14.739999771118164,14.9399995803833,14.739999771118164,14.90999984741211,13.927671432495117,38400
2025-11-26,14.890000343322754,14.949999809265137,14.850000381469727,14.930000305175781,13.946353912353516,78800
2025-11-28,15.029999732971191,15.029999732971191,14.880000114440918,14.979999542236328,13.993059158325195,67000
2025-12-01,14.880000114440918,15.0,14.8100004196167,14.84000015258789,13.862282752990723,81100
2025-12-02,14.84000015258789,14.960000038146973,14.84000015258789,14.890000343322754,13.908989906311035,70700
2025-12-03,14.8100004196167,14.869999885559082,14.770000457763672,14.770000457763672,13.796895027160645,116400
2025-12-04,14.8100004196167,14.8100004196167,14.65999984741211,14.65999984741211,13.694141387939453,135700
2025-12-05,14.649999618530273,14.800000190734863,14.649999618530273,14.699999809265137,13.73150634765625,90500
2025-12-08,14.729999542236328,14.789999961853027,14.630000114440918,14.65999984741211,13.694141387939453,51200
2025-12-09,14.630000114440918,14.6899995803833,14.600000381469727,14.600000381469727,13.638094902038574,59500
2025-12-10,14.65999984741211,14.65999984741211,14.569999694824219,14.649999618530273,13.68480110168457,63500
2025-12-11,14.479999542236328,14.520000457763672,14.4399995803833,14.449999809265137,13.600095748901367,136500
2025-12-12,14.399999618530273,14.449999809265137,14.359999656677246,14.369999885559082,13.524801254272461,63700
2025-12-15,14.380000114440918,14.449999809265137,14.359999656677246,14.390000343322754,13.543622016906738,73300
2025-12-16,14.3100004196167,14.449999809265137,14.3100004196167,14.319999694824219,13.477739334106445,71000
2025-12-17,14.319999694824219,14.399999618530273,14.319999694824219,14.319999694824219,13.477739334106445,40600
2025-12-18,14.380000114440918,14.460000038146973,14.329999923706055,14.369999885559082,13.524801254272461,62400
2025-12-19,14.399999618530273,14.449999809265137,14.359999656677246,14.40999984741211,13.562446594238281,60500
2025-12-22,14.420000076293945,14.539999961853027,14.420000076293945,14.489999771118164,13.637741088867188,147500
2025-12-23,14.520000457763672,14.539999961853027,14.430000305175781,14.449999809265137,13.600095748901367,103600
2025-12-24,14.430000305175781,14.460000038146973,14.430000305175781,14.4399995803833,13.590681076049805,42000
2025-12-26,14.460000038146973,14.539999961853027,14.420000076293945,14.449999809265137,13.600095748901367,79000
2025-12-29,14.5,14.529999732971191,14.420000076293945,14.470000267028809,13.618918418884277,65200
2025-12-30,14.449999809265137,14.520000457763672,14.449999809265137,14.510000228881836,13.656566619873047,72500
2025-12-31,14.579999923706055,14.579999923706055,14.369999885559082,14.40999984741211,13.562446594238281,173100
2026-01-02,14.489999771118164,14.529999732971191,14.40999984741211,14.529999732971191,13.675387382507324,93400
2026-01-05,14.510000228881836,14.529999732971191,14.4399995803833,14.460000038146973,13.609506607055664,111000
2026-01-06,14.470000267028809,14.520000457763672,14.430000305175781,14.5,13.6471529006958,62400
2026-01-07,14.520000457763672,14.569999694824219,14.4399995803833,14.489999771118164,13.637741088867188,78700
2026-01-08,14.479999542236328,14.550000190734863,14.420000076293945,14.539999961853027,13.68480110168457,96400
2026-01-09,14.529999732971191,14.59000015258789,14.5,14.5600004196167,13.703624725341797,54300
2026-01-12,14.420000076293945,14.5600004196167,14.420000076293945,14.5,13.7510404586792,66000
2026-01-13,14.510000228881836,14.619999885559082,14.470000267028809,14.579999923706055,13.826910018920898,74300
2026-01-14,14.609999656677246,14.609999656677246,14.510000228881836,14.550000190734863,13.79845905303955,42900
2026-01-15,14.59000015258789,14.640000343322754,14.529999732971191,14.539999961853027,13.78897476196289,53100
2026-01-16,14.600000381469727,14.649999618530273,14.550000190734863,14.600000381469727,13.845876693725586,61500
2026-01-20,14.5600004196167,14.5600004196167,14.479999542236328,14.5,13.7510404586792,62500
2026-01-21,14.5600004196167,14.630000114440918,14.510000228881836,14.59000015258789,13.836393356323242,54100
2026-01-22,14.630000114440918,14.649999618530273,14.600000381469727,14.619999885559082,13.864842414855957,44500
2026-01-23,14.609999656677246,14.630000114440918,14.59000015258789,14.609999656677246,13.85536003112793,39800
2026-01-26,14.649999618530273,14.649999618530273,14.569999694824219,14.600000381469727,13.845876693725586,29900
2026-01-27,14.619999885559082,14.649999618530273,14.539999961853027,14.550000190734863,13.79845905303955,42500
2026-01-28,14.569999694824219,14.65999984741211,14.529999732971191,14.579999923706055,13.826910018920898,63800
2026-01-29,14.630000114440918,14.630000114440918,14.520000457763672,14.630000114440918,13.874326705932617,87300
2026-01-30,14.680000305175781,14.739999771118164,14.600000381469727,14.680000305175781,13.921743392944336,97700
2026-02-02,14.680000305175781,14.680000305175781,14.5600004196167,14.579999923706055,13.826910018920898,59100
2026-02-03,14.609999656677246,14.670000076293945,14.579999923706055,14.609999656677246,13.85536003112793,65900
2026-02-04,14.649999618530273,14.670000076293945,14.449999809265137,14.619999885559082,13.864842414855957,82300
2026-02-05,14.619999885559082,14.649999618530273,14.550000190734863,14.59000015258789,13.836393356323242,75400
2026-02-06,14.609999656677246,14.6899995803833,14.609999656677246,14.6899995803833,13.931227684020996,39600
2026-02-09,14.6899995803833,14.75,14.680000305175781,14.729999542236328,13.969161987304688,69100
2026-02-10,14.739999771118164,14.8100004196167,14.720000267028809,14.789999961853027,14.026062965393066,61700
2026-02-11,14.880000114440918,14.880000114440918,14.789999961853027,14.819999694824219,14.054512977600098,45700
2026-02-12,14.710000038146973,14.770000457763672,14.680000305175781,14.680000305175781,14.025849342346191,37200
2026-02-13,14.680000305175781,14.789999961853027,14.680000305175781,14.789999961853027,14.130949020385742,57200
2026-02-17,14.789999961853027,14.850000381469727,14.770000457763672,14.819999694824219,14.159610748291016,49800
2026-02-18,14.869999885559082,14.9399995803833,14.760000228881836,14.760000228881836,14.10228443145752,65100
2026-02-19,14.779999732971191,14.859999656677246,14.720000267028809,14.75,14.092729568481445,44800
2026-02-20,14.680000305175781,14.829999923706055,14.680000305175781,14.739999771118164,14.083176612854004,35900
2026-02-23,14.720000267028809,14.75,14.609999656677246,14.65999984741211,14.00674057006836,45400
2026-02-24,14.649999618530273,14.770000457763672,14.649999618530273,14.75,14.092729568481445,63000
2026-02-25,14.75,14.859999656677246,14.739999771118164,14.819999694824219,14.159610748291016,74500
2026-02-26,14.859999656677246,14.899999618530273,14.800000190734863,14.829999923706055,14.16916561126709,56100
2026-02-27,14.739999771118164,14.869999885559082,14.710000038146973,14.779999732971191,14.121394157409668,67100
2026-03-02,14.800000190734863,14.859999656677246,14.710000038146973,14.819999694824219,14.159610748291016,54500
2026-03-03,14.8100004196167,14.8100004196167,14.649999618530273,14.770000457763672,14.111839294433594,63100
2026-03-04,14.729999542236328,14.789999961853027,14.699999809265137,14.75,14.092729568481445,48300
2026-03-05,14.770000457763672,14.819999694824219,14.699999809265137,14.729999542236328,14.073620796203613,34900
2026-03-06,14.630000114440918,14.720000267028809,14.600000381469727,14.619999885559082,13.968523979187012,41300
2026-03-09,14.600000381469727,14.600000381469727,14.350000381469727,14.489999771118164,13.844315528869629,70800
2026-03-10,14.460000038146973,14.529999732971191,14.350000381469727,14.479999542236328,13.834761619567871,36700
2026-03-11,14.479999542236328,14.699999809265137,14.479999542236328,14.630000114440918,13.978078842163086,68400
2026-03-12,14.4399995803833,14.550000190734863,14.40999984741211,14.430000305175781,13.891437530517578,42600
2026-03-13,14.449999809265137,14.510000228881836,14.380000114440918,14.390000343322754,13.852930068969727,36100
2026-03-16,14.390000343322754,14.520000457763672,14.369999885559082,14.5,13.958823204040527,64100
2026-03-17,14.489999771118164,14.739999771118164,14.390000343322754,14.640000343322754,14.093598365783691,106900
2026-03-18,14.600000381469727,14.640000343322754,14.359999656677246,14.420000076293945,13.88180923461914,108800
2026-03-19,14.380000114440918,14.5,14.300000190734863,14.329999923706055,13.79516887664795,26500
2026-03-20,14.329999923706055,14.329999923706055,14.069999694824219,14.069999694824219,13.544872283935547,54800
2026-03-23,14.140000343322754,14.300000190734863,14.140000343322754,14.170000076293945,13.641140937805176,44300
2026-03-24,14.1899995803833,14.1899995803833,14.069999694824219,14.100000381469727,13.573753356933594,57200
2026-03-25,14.199999809265137,14.350000381469727,14.170000076293945,14.220000267028809,13.689274787902832,34800
2026-03-26,14.25,14.270000457763672,14.140000343322754,14.199999809265137,13.670021057128906,79100
2026-03-27,14.149999618530273,14.170000076293945,13.90999984741211,13.920000076293945,13.400470733642578,57500
2026-03-30,14.0,14.039999961853027,13.800000190734863,13.829999923706055,13.31382942199707,73500
2026-03-31,13.930000305175781,14.289999961853027,13.899999618530273,14.239999771118164,13.708527565002441,111900
2026-04-01,14.300000190734863,14.489999771118164,13.890000343322754,14.430000305175781,13.891437530517578,96900
2026-04-02,14.270000457763672,14.470000267028809,14.260000228881836,14.420000076293945,13.88180923461914,67300
2026-04-06,14.420000076293945,14.550000190734863,14.420000076293945,14.510000228881836,13.968452453613281,52000
2026-04-07,14.479999542236328,14.5600004196167,14.34000015258789,14.4399995803833,13.901063919067383,66300
2026-04-08,14.670000076293945,14.739999771118164,14.210000038146973,14.289999961853027,13.756661415100098,174500
2026-04-09,14.300000190734863,14.430000305175781,14.180000305175781,14.300000190734863,13.766288757324219,127700
2026-04-10,14.3100004196167,14.399999618530273,14.300000190734863,14.369999885559082,13.833677291870117,34200
2026-04-13,14.15999984741211,14.380000114440918,14.15999984741211,14.319999694824219,13.891881942749023,51600
2026-04-14,14.319999694824219,14.470000267028809,14.3100004196167,14.390000343322754,13.959790229797363,25200
2026-04-15,14.4399995803833,14.5,14.329999923706055,14.460000038146973,14.02769660949707,36000
2026-04-16,14.40999984741211,14.489999771118164,14.359999656677246,14.40999984741211,13.979190826416016,60700
2026-04-17,14.420000076293945,14.640000343322754,14.420000076293945,14.640000343322754,14.202315330505371,58400
2026-04-20,14.619999885559082,14.670000076293945,14.5,14.640000343322754,14.202315330505371,50800
2026-04-21,14.699999809265137,14.739999771118164,14.5,14.579999923706055,14.144108772277832,33400
2026-04-22,14.600000381469727,14.75,14.550000190734863,14.609999656677246,14.173211097717285,28000
2026-04-23,14.609999656677246,14.720000267028809,14.550000190734863,14.600000381469727,14.163511276245117,29200
2026-04-24,14.649999618530273,14.739999771118164,14.569999694824219,14.619999885559082,14.182912826538086,34200
2026-04-27,14.670000076293945,14.670000076293945,14.510000228881836,14.550000190734863,14.115006446838379,54000
2026-04-28,14.510000228881836,14.619999885559082,14.430000305175781,14.579999923706055,14.144108772277832,60900
2026-04-29,14.600000381469727,14.65999984741211,14.569999694824219,14.640000343322754,14.202315330505371,51200
2026-04-30,14.699999809265137,14.84000015258789,14.649999618530273,14.829999923706055,14.38663387298584,125100
2026-05-01,14.819999694824219,14.880000114440918,14.720000267028809,14.829999923706055,14.38663387298584,55500
2026-05-04,14.829999923706055,14.829999923706055,14.6899995803833,14.770000457763672,14.328429222106934,34700
2026-05-05,14.8100004196167,14.829999923706055,14.720000267028809,14.779999732971191,14.338129997253418,30800
2026-05-06,14.869999885559082,14.880000114440918,14.770000457763672,14.859999656677246,14.41573715209961,45600
2026-05-07,14.890000343322754,14.890000343322754,14.75,14.829999923706055,14.38663387298584,40800
2026-05-08,14.890000343322754,14.9399995803833,14.850000381469727,14.920000076293945,14.473943710327148,41700
2026-05-11,14.84000015258789,14.84000015258789,14.729999542236328,14.789999961853027,14.454398155212402,46700
2026-05-12,14.680000305175781,14.800000190734863,14.630000114440918,14.630000114440918,14.298028945922852,29600
2026-05-13,14.649999618530273,14.75,14.609999656677246,14.630000114440918,14.298028945922852,39400
2026-05-14,14.65999984741211,14.699999809265137,14.520000457763672,14.619999885559082,14.28825569152832,48300
2026-05-15,14.5,14.5600004196167,14.399999618530273,14.430000305175781,14.102567672729492,45900
2026-05-18,14.390000343322754,14.489999771118164,14.329999923706055,14.40999984741211,14.083020210266113,17800
2026-05-19,14.319999694824219,14.380000114440918,14.289999961853027,14.289999961853027,13.965744018554688,33600
2026-05-20,14.279999732971191,14.5,14.270000457763672,14.40999984741211,14.083020210266113,44500
2026-05-21,14.359999656677246,14.420000076293945,14.34000015258789,14.40999984741211,14.083020210266113,48800
2026-05-22,14.40999984741211,14.5,14.399999618530273,14.420000076293945,14.092794418334961,50900
2026-05-26,14.4399995803833,14.579999923706055,14.420000076293945,14.489999771118164,14.161205291748047,35300
2026-05-27,14.489999771118164,14.670000076293945,14.4399995803833,14.59000015258789,14.258936882019043,50300
2026-05-28,14.630000114440918,14.699999809265137,14.550000190734863,14.680000305175781,14.346895217895508,63600
2026-05-29,14.680000305175781,14.699999809265137,14.59000015258789,14.65999984741211,14.327348709106445,61900
2026-06-01,14.65999984741211,14.65999984741211,14.520000457763672,14.550000190734863,14.219844818115234,52800
2026-06-02,14.550000190734863,14.579999923706055,14.470000267028809,14.510000228881836,14.18075180053711,113600
2026-06-03,14.510000228881836,14.59000015258789,14.4399995803833,14.5,14.170978546142578,47200
2026-06-04,14.5,14.630000114440918,14.4399995803833,14.5600004196167,14.229618072509766,93800
2026-06-05,14.550000190734863,14.5600004196167,14.399999618530273,14.470000267028809,14.1416597366333,74400
2026-06-08,14.470000267028809,14.539999961853027,14.359999656677246,14.479999542236328,14.151432037353516,63700
2026-06-09,14.4399995803833,14.449999809265137,14.369999885559082,14.380000114440918,14.053701400756836,43400
2026-06-10,14.380000114440918,14.40999984741211,14.289999961853027,14.329999923706055,14.004837036132812,53100
2026-06-11,14.260000228881836,14.329999923706055,14.229999542236328,14.319999694824219,14.103322982788086,37400
2026-06-12,14.359999656677246,14.390000343322754,14.289999961853027,14.34000015258789,14.123021125793457,94400
2026-06-15,14.34000015258789,14.470000267028809,14.270000457763672,14.449999809265137,14.231355667114258,47800
2026-06-16,14.489999771118164,14.529999732971191,14.40999984741211,14.470000267028809,14.251053810119629,33200
2026-06-17,14.5,14.5,14.420000076293945,14.479999542236328,14.26090145111084,38300
2026-06-18,14.579999923706055,14.619999885559082,14.420000076293945,14.449999809265137,14.231355667114258,48500
2026-06-22,14.449999809265137,14.520000457763672,14.199999809265137,14.270000457763672,14.05408000946045,54200
2026-06-23,14.25,14.350000381469727,14.149999618530273,14.329999923706055,14.113171577453613,34600
2026-06-24,14.350000381469727,14.380000114440918,14.279999732971191,14.279999732971191,14.063928604125977,28500
2026-06-25,14.279999732971191,14.329999923706055,14.220000267028809,14.229999542236328,14.014683723449707,40600
2026-06-26,14.15999984741211,14.369999885559082,14.15999984741211,14.300000190734863,14.083625793457031,48500
2026-06-29,14.300000190734863,14.4399995803833,14.279999732971191,14.430000305175781,14.211658477783203,50600
2026-06-30,14.550000190734863,14.59000015258789,14.460000038146973,14.539999961853027,14.31999397277832,129800
2026-07-01,14.529999732971191,14.550000190734863,14.5,14.510000228881836,14.290448188781738,51900
2026-07-02,14.569999694824219,14.579999923706055,14.479999542236328,14.5,14.280598640441895,53600
2026-07-06,14.529999732971191,14.649999618530273,14.529999732971191,14.600000381469727,14.3790864944458,86400
2026-07-07,14.569999694824219,14.619999885559082,14.529999732971191,14.569999694824219,14.349539756774902,55700
2026-07-08,14.569999694824219,14.569999694824219,14.5,14.550000190734863,14.329842567443848,18200
2026-07-09,14.59000015258789,14.609999656677246,14.5,14.529999732971191,14.310145378112793,50500
2026-07-10,14.569999694824219,14.600000381469727,14.520000457763672,14.579999923706055,14.35938835144043,25500
2026-07-13,14.510000228881836,14.510000228881836,14.279999732971191,14.350000381469727,14.240306854248047,43100
2026-07-14,14.359999656677246,14.460000038146973,14.300000190734863,14.380000114440918,14.270076751708984,56300
2026-07-15,14.399999618530273,14.479999542236328,14.350000381469727,14.350000381469727,14.240306854248047,43000
2026-07-16,14.329999923706055,14.430000305175781,14.3100004196167,14.319999694824219,14.210535049438477,65100
2026-07-17,14.319999694824219,14.399999618530273,14.3100004196167,14.34000015258789,14.230382919311523,60600
2026-07-20,14.329999923706055,14.4399995803833,14.319999694824219,14.329999923706055,14.220458984375,47400
2026-07-21,14.350000381469727,14.4399995803833,14.350000381469727,14.390000343322754,14.280000686645508,42200
2026-07-22,14.390000343322754,14.399999618530273,14.329999923706055,14.359999656677246,14.250228881835938,35000
2026-07-23,14.270000457763672,14.390000343322754,14.229999542236328,14.229999542236328,14.121222496032715,33700
2026-07-24,14.279999732971191,14.289999961853027,14.210000038146973,14.229999542236328,14.121222496032715,54500
2026-07-27,14.25,14.279999732971191,14.170000076293945,14.199999809265137,14.091452598571777,56500
2026-07-28,14.170000076293945,14.239999771118164,14.149999618530273,14.1899995803833,14.081528663635254,54600
2026-07-29,14.170000076293945,14.1899995803833,14.100000381469727,14.119999885559082,14.012063980102539,22900
2026-07-30,14.170000076293945,14.239999771118164,14.100000381469727,14.1899995803833,14.081528663635254,58600
2026-07-31,14.25,14.34000015258789,14.180000305175781,14.220000267028809,14.111300468444824,58300
2026-08-03,14.210000038146973,14.300000190734863,14.210000038146973,14.25,14.141070365905762,23200
2026-08-04,14.260000228881836,14.329999923706055,14.220000267028809,14.260000228881836,14.150994300842285,67900
2026-08-05,14.350000381469727,14.350000381469727,14.239999771118164,14.289999961853027,14.180765151977539,49000
2026-08-06,14.25,14.3100004196167,14.229999542236328,14.229999542236328,14.121222496032715,32600
2026-08-07,14.289999961853027,14.289999961853027,14.229999542236328,14.25,14.141070365905762,30300
2026-08-10,14.300000190734863,14.3100004196167,14.260000228881836,14.279999732971191,14.170841217041016,48000
2026-08-11,14.279999732971191,14.4399995803833,14.25,14.359999656677246,14.250228881835938,136900
2026-08-12,14.359999656677246,14.40999984741211,14.329999923706055,14.390000343322754,14.280000686645508,38300
2026-08-13,14.300000190734863,14.359999656677246,14.25,14.270000457763672,14.270000457763672,69600
2026-08-14,14.25,14.258000373840332,14.183899879455566,14.210000038146973,14.210000038146973,46055
