Date,Open,High,Low,Close,Adj Close,Volume
2021-08-16,357.9800109863281,360.510009765625,355.5599975585937,360.25,314.8205261230469,1625700
2021-08-17,359.04998779296875,362.5299987792969,358.6700134277344,361.6000061035156,316.0003967285156,1571000
2021-08-18,359.5,360.5,356.5599975585937,356.6000061035156,311.6308898925781,961000
2021-08-19,355.2300109863281,359.8999938964844,353.57000732421875,354.0299987792969,309.3849182128906,1345700
2021-08-20,354.739990234375,358.8099975585937,353.57000732421875,357.1700134277344,312.1290283203125,904300
2021-08-23,357.94000244140625,359.07000732421875,356.4100036621094,357.3500061035156,312.2862854003906,827800
2021-08-24,358.9700012207031,360.489990234375,357.9200134277344,359.0,313.7283020019531,822600
2021-08-25,359.69000244140625,360.6499938964844,357.989990234375,358.75,313.5097961425781,953500
2021-08-26,359.1000061035156,361.9800109863281,357.239990234375,361.6199951171875,316.01788330078125,1172400
2021-08-27,363.2900085449219,364.3299865722656,361.1799926757813,361.989990234375,316.3411865234375,1203900
2021-08-30,362.25,363.9599914550781,361.75,362.0499877929688,316.39361572265625,986000
2021-08-31,359.3999938964844,360.8500061035156,358.1000061035156,359.79998779296875,316.7017517089844,1083900
2021-09-01,358.29998779296875,359.510009765625,356.5400085449219,356.6600036621094,313.93780517578125,1116000
2021-09-02,356.8099975585937,358.739990234375,355.5199890136719,358.04998779296875,315.161376953125,2071500
2021-09-03,358.04998779296875,358.2699890136719,355.6300048828125,356.0,313.3569030761719,893200
2021-09-07,354.7200012207031,354.7200012207031,349.07000732421875,349.20001220703125,307.3714599609375,2033500
2021-09-08,350.3900146484375,353.5799865722656,349.4599914550781,351.4599914550781,309.3607482910156,1215300
2021-09-09,350.510009765625,351.70001220703125,347.8599853515625,348.92999267578125,307.1336669921875,1098900
2021-09-10,349.44000244140625,350.0799865722656,345.82000732421875,345.8800048828125,304.4490661621094,1222600
2021-09-13,347.9100036621094,349.2799987792969,342.75,346.3099975585937,304.8275451660156,1489200
2021-09-14,348.0,348.29998779296875,342.4800109863281,344.3399963378906,303.0935363769531,1325600
2021-09-15,344.79998779296875,346.92999267578125,343.9100036621094,345.07000732421875,303.73614501953125,1149700
2021-09-16,345.4800109863281,345.94000244140625,340.75,341.5,300.5937805175781,1451400
2021-09-17,339.95001220703125,342.8099975585937,339.1499938964844,340.9800109863281,300.135986328125,2108000
2021-09-20,338.70001220703125,340.6499938964844,335.8900146484375,338.4599914550781,297.9178771972656,1709800
2021-09-21,338.739990234375,340.07000732421875,335.1000061035156,336.04998779296875,295.79656982421875,1317000
2021-09-22,338.1400146484375,343.20001220703125,338.0199890136719,341.7300109863281,300.79620361328125,1335900
2021-09-23,340.2900085449219,344.7799987792969,340.1099853515625,344.20001220703125,302.9703063964844,1366200
2021-09-24,348.9700012207031,352.94000244140625,347.510009765625,349.5199890136719,307.653076171875,1693000
2021-09-27,352.1400146484375,357.239990234375,351.32000732421875,353.3599853515625,311.03302001953125,1866000
2021-09-28,353.3599853515625,355.3099975585937,349.9200134277344,352.1499938964844,309.9680480957031,1140100
2021-09-29,348.1300048828125,352.5799865722656,344.9700012207031,350.2900085449219,308.330810546875,1547700
2021-09-30,351.5299987792969,352.29998779296875,344.8999938964844,345.1000061035156,303.76251220703125,1054300
2021-10-01,347.3099975585937,349.67999267578125,342.7699890136719,347.79998779296875,306.1390991210937,960400
2021-10-04,347.69000244140625,350.2699890136719,343.70001220703125,345.989990234375,304.5459899902344,1127400
2021-10-05,346.0,350.45001220703125,344.82000732421875,347.75,306.0950012207031,889400
2021-10-06,347.0299987792969,350.1400146484375,344.20001220703125,349.989990234375,308.0668334960937,995700
2021-10-07,350.1700134277344,354.4800109863281,350.1700134277344,351.7799987792969,309.6423645019531,1042600
2021-10-08,352.0799865722656,355.1600036621094,350.79998779296875,353.75,311.3763122558594,768500
2021-10-11,354.8999938964844,359.3299865722656,354.1199951171875,357.0799865722656,314.3074645996094,996800
2021-10-12,356.9800109863281,360.3800048828125,356.010009765625,358.1199951171875,315.222900390625,840200
2021-10-13,359.6199951171875,362.3900146484375,353.45001220703125,361.760009765625,318.42694091796875,1102100
2021-10-14,362.0199890136719,364.1600036621094,360.3599853515625,362.0700073242188,318.69976806640625,973300
2021-10-15,364.1000061035156,366.239990234375,363.510009765625,365.6199951171875,321.82452392578125,952700
2021-10-18,364.3299865722656,367.8800048828125,361.8800048828125,365.0,321.2789001464844,1014600
2021-10-19,366.5,371.1799926757813,363.6499938964844,371.0700073242188,326.6217346191406,1051300
2021-10-20,371.7799987792969,372.5700073242188,369.7999877929688,371.1300048828125,326.6745910644531,955200
2021-10-21,371.6300048828125,373.260009765625,367.1400146484375,373.1400146484375,328.44384765625,803600
2021-10-22,373.9299926757813,377.0199890136719,372.25,374.6000061035156,329.7288818359375,1092000
2021-10-25,375.9100036621094,378.1000061035156,374.6099853515625,376.3299865722656,331.25164794921875,1350300
2021-10-26,348.3299865722656,351.20001220703125,326.0,331.9100036621094,292.15252685546875,9439700
2021-10-27,333.0,336.42999267578125,330.5400085449219,330.94000244140625,291.298583984375,2822900
2021-10-28,330.0,334.8599853515625,325.1400146484375,331.3900146484375,291.6947631835937,2874600
2021-10-29,330.0,334.3599853515625,328.8399963378906,332.32000732421875,292.5133361816406,1821500
2021-11-01,330.4700012207031,334.20001220703125,330.07000732421875,330.92999267578125,291.2897644042969,1865000
2021-11-02,331.45001220703125,332.0400085449219,325.3099975585937,326.3099975585937,287.2232666015625,2745000
2021-11-03,325.5,333.1000061035156,324.2300109863281,331.3500061035156,291.6595764160156,1902600
2021-11-04,331.29998779296875,335.739990234375,331.29998779296875,335.5,295.3124694824219,1847900
2021-11-05,336.95001220703125,340.5199890136719,336.3500061035156,339.8900146484375,299.1766052246094,2145300
2021-11-08,341.6300048828125,343.0199890136719,337.5799865722656,341.7799987792969,300.8402404785156,1733000
2021-11-09,341.3800048828125,342.0,337.1000061035156,338.1700134277344,297.6626281738281,1769200
2021-11-10,338.7699890136719,340.70001220703125,337.5,337.6300048828125,297.18731689453125,1268700
2021-11-11,337.1400146484375,337.2099914550781,333.29998779296875,335.8900146484375,295.65576171875,1216500
2021-11-12,335.6199951171875,340.3900146484375,335.0299987792969,339.0599975585937,298.44598388671875,1097400
2021-11-15,339.54998779296875,341.6499938964844,339.42999267578125,340.9200134277344,300.08319091796875,1068600
2021-11-16,341.8900146484375,343.6400146484375,339.760009765625,340.3699951171875,299.5990905761719,1307500
2021-11-17,339.4800109863281,343.54998779296875,339.4800109863281,341.989990234375,301.0250549316406,1751000
2021-11-18,342.7200012207031,343.1099853515625,340.2099914550781,342.0799865722656,301.10430908203125,1431300
2021-11-19,340.8800048828125,343.0,339.3500061035156,341.44000244140625,300.5409240722656,1426500
2021-11-22,341.7300109863281,347.5899963378906,341.4800109863281,344.9800109863281,303.65692138671875,1229400
2021-11-23,344.9800109863281,348.0899963378906,344.6700134277344,345.17999267578125,303.8328857421875,1212700
2021-11-24,344.8599853515625,347.0,343.04998779296875,343.5799865722656,302.4246520996094,1134500
2021-11-26,339.2900085449219,343.2300109863281,338.0799865722656,342.7200012207031,301.6676025390625,1079900
2021-11-29,344.0,344.6000061035156,339.20001220703125,341.2300109863281,300.3561096191406,1492300
2021-11-30,337.20001220703125,338.3599853515625,333.0299987792969,333.32000732421875,295.8209533691406,2763200
2021-12-01,335.0,335.95001220703125,328.20001220703125,328.4200134277344,291.4722595214844,2248300
2021-12-02,330.0,333.9100036621094,328.3299865722656,330.5299987792969,293.3448181152344,1804100
2021-12-03,331.3500061035156,334.3800048828125,330.3399963378906,333.8099975585937,296.2558288574219,1603200
2021-12-06,337.25,342.4100036621094,337.25,339.9599914550781,301.71392822265625,1946900
2021-12-07,340.0,342.1099853515625,338.79998779296875,339.1700134277344,301.0128173828125,1540700
2021-12-08,339.7099914550781,342.3800048828125,339.0199890136719,341.0799865722656,302.7079772949219,1376900
2021-12-09,339.94000244140625,345.1099853515625,338.2699890136719,343.6000061035156,304.9444274902344,1591500
2021-12-10,345.8399963378906,347.239990234375,344.6000061035156,344.8800048828125,306.0804443359375,1180700
2021-12-13,344.3999938964844,346.79998779296875,341.510009765625,345.54998779296875,306.67510986328125,1740700
2021-12-14,343.75,348.3999938964844,343.75,345.6400146484375,306.7550048828125,1786000
2021-12-15,345.3900146484375,345.6400146484375,340.0,344.4200134277344,305.6722106933594,1208900
2021-12-16,345.6700134277344,347.9599914550781,343.6700134277344,344.8399963378906,306.0448913574219,1185900
2021-12-17,345.54998779296875,347.1600036621094,342.9200134277344,344.1400146484375,305.4236755371094,2749500
2021-12-20,341.0,341.19000244140625,333.4200134277344,337.4200134277344,299.459716796875,2315400
2021-12-21,338.7699890136719,343.3800048828125,338.6499938964844,340.7699890136719,302.43280029296875,2352400
2021-12-22,341.1600036621094,344.3500061035156,341.0299987792969,343.1400146484375,304.5362854003906,1311400
2021-12-23,343.7799987792969,348.32000732421875,343.7799987792969,347.0199890136719,307.9796447753906,1061200
2021-12-27,347.1000061035156,350.8099975585937,347.0,350.2799987792969,310.8728942871094,965900
2021-12-28,350.0599975585937,355.1700134277344,349.510009765625,353.75,313.9524841308594,827500
2021-12-29,353.44000244140625,355.5,352.69000244140625,354.2699890136719,314.4140625,771700
2021-12-30,355.0,357.8299865722656,353.510009765625,353.5799865722656,313.8017272949219,778500
2021-12-31,353.1700134277344,357.0599975585937,351.5599975585937,355.4100036621094,315.42578125,887200
2022-01-03,354.67999267578125,356.5899963378906,353.0299987792969,354.3599853515625,314.4938659667969,1205700
2022-01-04,355.5299987792969,363.5400085449219,355.2099914550781,361.989990234375,321.2655639648437,1361100
2022-01-05,363.0,364.0,357.8699951171875,358.1400146484375,317.84869384765625,1682200
2022-01-06,360.0,361.239990234375,357.54998779296875,358.0,317.7243957519531,1368800
2022-01-07,359.0799865722656,362.989990234375,358.1499938964844,360.1400146484375,319.62371826171875,1634600
2022-01-10,363.0,369.4599914550781,361.4100036621094,363.25,322.3837890625,2389900
2022-01-11,364.010009765625,365.0400085449219,361.2699890136719,364.1400146484375,323.1737060546875,1128000
2022-01-12,363.3800048828125,366.1600036621094,359.45001220703125,361.2999877929688,320.65313720703125,1477100
2022-01-13,362.05999755859375,367.3599853515625,360.1199951171875,365.1799926757813,324.0966186523437,1244000
2022-01-14,365.1799926757813,372.989990234375,363.9700012207031,372.6199951171875,330.6996765136719,2165000
2022-01-18,370.4500122070313,377.3599853515625,368.8599853515625,376.5400085449219,334.1786499023437,2471600
2022-01-19,375.5,381.4500122070313,374.1799926757813,377.3299865722656,334.8797607421875,3336700
2022-01-20,377.010009765625,381.1499938964844,374.010009765625,375.1300048828125,332.92724609375,2109100
2022-01-21,374.0,377.1000061035156,369.6799926757813,371.2000122070313,329.4394226074219,2795400
2022-01-24,369.5499877929688,374.5400085449219,365.3399963378906,373.3299865722656,331.3297424316406,3022300
2022-01-25,377.8500061035156,388.0,370.7799987792969,387.1700134277344,343.6127624511719,3182400
2022-01-26,388.0,393.6300048828125,383.7000122070313,391.239990234375,347.2248229980469,3640500
2022-01-27,389.3900146484375,395.6000061035156,384.739990234375,389.0799865722656,345.3078308105469,2566200
2022-01-28,389.1000061035156,393.3299865722656,384.7799987792969,393.1499938964844,348.9200134277344,2145100
2022-01-31,390.5,390.989990234375,384.6799926757813,389.1300048828125,345.35223388671875,2363400
2022-02-01,390.2200012207031,390.510009765625,386.2099914550781,387.010009765625,343.47076416015625,1951100
2022-02-02,386.1099853515625,388.3500061035156,385.010009765625,387.3399963378906,343.7636413574219,1620600
2022-02-03,388.1799926757813,392.1700134277344,386.3900146484375,389.7000122070313,345.8581237792969,1649000
2022-02-04,388.0,392.8399963378906,385.3200073242188,389.3299865722656,345.5297546386719,1645800
2022-02-07,392.0,395.5799865722656,388.2999877929688,392.3399963378906,348.2010803222656,1243000
2022-02-08,395.6799926757813,396.8399963378906,390.6000061035156,396.0400085449219,351.4848327636719,1311400
2022-02-09,395.5,397.6199951171875,393.6900024414063,394.5400085449219,350.1535949707031,1541900
2022-02-10,393.0400085449219,395.6600036621094,383.9299926757813,385.4299926757813,342.0685119628906,2301100
2022-02-11,386.760009765625,398.8500061035156,385.3500061035156,396.1900024414063,351.6180114746094,3276400
2022-02-14,393.9800109863281,395.5199890136719,383.7900085449219,386.9700012207031,343.43524169921875,2799800
2022-02-15,381.9100036621094,387.2999877929688,378.3200073242188,382.2200012207031,339.2196960449219,2418600
2022-02-16,382.8500061035156,388.7099914550781,382.0,386.8999938964844,343.3731384277344,1776800
2022-02-17,386.1199951171875,391.6900024414063,385.7699890136719,388.7699890136719,345.03277587890625,1248800
2022-02-18,389.1400146484375,391.0799865722656,385.7099914550781,386.4599914550781,342.9826354980469,1459900
2022-02-22,391.2699890136719,393.4200134277344,385.0700073242188,386.2000122070313,342.751953125,1680900
2022-02-23,389.1700134277344,390.2799987792969,384.5,388.8999938964844,345.1481018066406,1839500
2022-02-24,398.2300109863281,398.9800109863281,387.4200134277344,395.7099914550781,351.1919860839844,4140900
2022-02-25,395.2300109863281,414.4500122070313,395.2200012207031,409.489990234375,363.4216918945313,3376300
2022-02-28,413.80999755859375,433.8999938964844,413.5,433.7999877929688,387.6474304199219,5808600
2022-03-01,435.0,458.5299987792969,435.0,456.6099853515625,408.0306701660156,5719300
2022-03-02,445.3699951171875,451.55999755859375,429.2799987792969,450.0,402.1239318847656,5003400
2022-03-03,444.7200012207031,455.8999938964844,437.4400024414063,447.8200073242188,400.1758728027344,4603500
2022-03-04,450.0499877929688,462.6600036621094,443.0700073242188,458.1499938964844,409.4068298339844,3320300
2022-03-07,463.010009765625,479.989990234375,463.0,466.1499938964844,416.5556945800781,5210100
2022-03-08,463.7799987792969,468.0,448.3599853515625,448.989990234375,401.2213439941406,4133700
2022-03-09,437.5,455.739990234375,432.4299926757813,448.7200012207031,400.9801025390625,3477300
2022-03-10,450.6300048828125,456.9599914550781,442.239990234375,444.3599853515625,397.0838928222656,3049600
2022-03-11,442.0,448.6900024414063,438.6099853515625,439.0400085449219,392.3299255371094,2649100
2022-03-14,449.4400024414063,449.7799987792969,439.2099914550781,444.4500122070313,397.1643981933594,2475700
2022-03-15,444.75,450.4200134277344,440.2799987792969,448.6700134277344,400.9354248046875,1778700
2022-03-16,435.0499877929688,436.8900146484375,411.3599853515625,421.3399963378906,376.5130615234375,5815500
2022-03-17,427.05999755859375,431.7799987792969,424.7999877929688,428.5899963378906,382.9917602539063,2947700
2022-03-18,434.6700134277344,437.489990234375,421.7000122070313,426.1799926757813,380.8381652832031,5215700
2022-03-21,431.6300048828125,447.9299926757813,431.6300048828125,440.0,393.1878356933594,3245200
2022-03-22,439.4500122070313,443.8399963378906,434.1900024414063,440.5899963378906,393.7151184082031,2113800
2022-03-23,444.0,447.5,442.3500061035156,445.25,397.8793029785156,1715100
2022-03-24,445.2999877929688,451.5,443.2300109863281,449.7300109863281,401.8826599121094,1375400
2022-03-25,450.0299987792969,457.5299987792969,450.0,453.6600036621094,405.3945617675781,1646300
2022-03-28,449.3200073242188,450.4599914550781,443.30999755859375,444.9800109863281,397.6380615234375,1676200
2022-03-29,433.25,438.1199951171875,429.3200073242188,437.1499938964844,390.64105224609375,2451100
2022-03-30,439.3200073242188,447.05999755859375,439.30999755859375,445.9500122070313,398.50482177734375,1719500
2022-03-31,441.9599914550781,448.8699951171875,441.0,441.3999938964844,394.4388732910156,1660700
2022-04-01,442.2200012207031,448.989990234375,438.8200073242188,445.9800109863281,398.5316467285156,1174200
2022-04-04,447.4800109863281,448.0,439.5499877929688,444.010009765625,396.771240234375,1166300
2022-04-05,445.0,454.80999755859375,443.3800048828125,447.239990234375,399.6575622558594,2240200
2022-04-06,446.3800048828125,457.55999755859375,446.3800048828125,454.5799865722656,406.2166137695313,1941400
2022-04-07,453.0,467.3999938964844,450.7900085449219,465.510009765625,415.98382568359375,2032700
2022-04-08,467.7200012207031,471.5899963378906,459.6099853515625,461.5199890136719,412.4183349609375,1710700
2022-04-11,463.7900085449219,474.4500122070313,462.1900024414063,464.25,414.85784912109375,1911200
2022-04-12,466.2000122070313,471.739990234375,461.3800048828125,467.5499877929688,417.8067321777344,1502300
2022-04-13,471.0,474.6099853515625,466.25,469.1900024414063,419.2723083496094,1212400
2022-04-14,471.9100036621094,473.7300109863281,466.0400085449219,467.6600036621094,417.9050903320313,1965200
2022-04-18,467.0,471.9700012207031,459.1099853515625,467.4400024414063,417.7084045410156,1638900
2022-04-19,462.489990234375,475.5,458.4299926757813,459.8999938964844,410.9706115722656,2044000
2022-04-20,459.8800048828125,461.3599853515625,452.7799987792969,453.8699951171875,405.5822143554688,1636200
2022-04-21,455.0,455.9500122070313,438.8500061035156,439.5400085449219,392.7768249511719,1937600
2022-04-22,440.8900146484375,450.8999938964844,438.3900146484375,445.7900085449219,398.3618469238281,1451700
2022-04-25,443.0,444.8200073242188,433.2699890136719,442.8900146484375,395.7703857421875,1499800
2022-04-26,447.0400085449219,452.3200073242188,443.1799926757813,446.0899963378906,398.6298828125,1440400
2022-04-27,446.2300109863281,452.0,439.2699890136719,444.9800109863281,397.6380615234375,1017500
2022-04-28,449.0,449.0,437.5199890136719,441.7099914550781,394.71588134765625,1348800
2022-04-29,444.4299926757813,445.010009765625,430.3800048828125,432.1199951171875,386.1462097167969,1479500
2022-05-02,429.6000061035156,437.489990234375,426.1499938964844,430.80999755859375,384.9755859375,1397100
2022-05-03,434.3800048828125,437.6000061035156,430.9599914550781,434.7699890136719,388.5141906738281,1332000
2022-05-04,437.0299987792969,445.989990234375,434.8900146484375,445.739990234375,398.317138671875,1172600
2022-05-05,445.739990234375,447.4700012207031,438.6099853515625,443.1499938964844,396.0025939941406,1183800
2022-05-06,441.5299987792969,449.5799865722656,439.9100036621094,449.4299926757813,401.6145324707031,1409800
2022-05-09,447.0299987792969,448.7799987792969,437.1199951171875,438.8399963378906,392.1511535644531,1354500
2022-05-10,439.9400024414063,446.5,437.5,439.1300048828125,392.4104309082031,978500
2022-05-11,437.5,444.989990234375,436.6199951171875,440.4100036621094,393.5542297363281,1018200
2022-05-12,439.260009765625,441.3200073242188,428.3500061035156,434.5899963378906,388.3533630371094,1390200
2022-05-13,435.3599853515625,437.7099914550781,429.0,435.1700134277344,388.8717041015625,1114700
2022-05-16,435.0,440.3699951171875,432.1600036621094,437.5499877929688,390.9984436035156,1004700
2022-05-17,439.80999755859375,442.2200012207031,431.260009765625,441.0,394.0814208984375,798100
2022-05-18,441.0,442.0700073242188,433.1000061035156,434.3299865722656,388.1210021972656,986900
2022-05-19,430.8500061035156,432.989990234375,419.2900085449219,425.6199951171875,380.3377380371094,1539800
2022-05-20,428.0,428.0,417.2900085449219,424.1499938964844,379.024169921875,1632500
2022-05-23,427.4400024414063,435.6499938964844,427.4400024414063,433.0299987792969,386.95941162109375,1038200
2022-05-24,433.0,443.30999755859375,433.0,442.7799987792969,395.6720275878906,1034100
2022-05-25,443.4800109863281,448.6300048828125,441.2999877929688,447.5400085449219,399.9256896972656,1032200
2022-05-26,450.0,454.05999755859375,447.7699890136719,447.989990234375,400.3277282714844,1143100
2022-05-27,451.1400146484375,451.4700012207031,444.4599914550781,450.55999755859375,402.6242980957031,1265800
2022-05-31,443.0,445.0,438.4100036621094,440.1099853515625,395.7454528808594,2539100
2022-06-01,443.0299987792969,443.8500061035156,436.489990234375,439.2999877929688,395.01708984375,1199000
2022-06-02,441.760009765625,442.5400085449219,430.4400024414063,441.1099853515625,396.6446838378906,1210000
2022-06-03,440.0,446.5799865722656,439.1600036621094,442.6900024414063,398.0654602050781,928000
2022-06-06,443.8200073242188,446.0,441.55999755859375,443.4100036621094,398.7127990722656,690000
2022-06-07,442.0,456.6700134277344,441.3999938964844,456.2999877929688,410.3034973144531,1126000
2022-06-08,452.0,454.6400146484375,442.9100036621094,443.4100036621094,398.7127990722656,1151600
2022-06-09,443.4200134277344,443.5499877929688,432.5,432.7200012207031,389.1003723144531,995100
2022-06-10,431.0,434.3500061035156,425.75,430.1900024414063,386.8254699707031,1165700
2022-06-13,424.3999938964844,428.3599853515625,421.5199890136719,423.9299926757813,381.1964416503906,1483000
2022-06-14,424.010009765625,424.1600036621094,411.1099853515625,416.1700134277344,374.2187194824219,1497800
2022-06-15,417.55999755859375,419.0,408.8699951171875,414.1000061035156,372.3573303222656,1241700
2022-06-16,410.4299926757813,412.8900146484375,403.0199890136719,404.7900085449219,363.98583984375,1580300
2022-06-17,403.5700073242188,405.3999938964844,394.6600036621094,404.010009765625,363.2844848632813,3757100
2022-06-21,412.0,420.5,409.010009765625,418.9599914550781,376.7275085449219,1474400
2022-06-22,414.05999755859375,420.4200134277344,411.7900085449219,415.4500122070313,373.5712890625,1073300
2022-06-23,415.3699951171875,416.2699890136719,407.1799926757813,410.6199951171875,369.2282104492188,988700
2022-06-24,415.8399963378906,419.4800109863281,410.6799926757813,419.0400085449219,376.7993774414063,1768000
2022-06-27,419.0400085449219,423.1900024414063,417.4700012207031,419.25,376.98828125,779000
2022-06-28,423.0,427.55999755859375,419.3500061035156,420.7099914550781,378.3010559082031,953300
2022-06-29,423.05999755859375,424.4100036621094,416.4299926757813,418.8900146484375,376.6645812988281,733800
2022-06-30,418.1600036621094,430.3200073242188,416.8800048828125,429.9599914550781,386.61865234375,1269500
2022-07-01,429.739990234375,434.9599914550781,424.4800109863281,433.5199890136719,389.81976318359375,1296900
2022-07-05,424.7900085449219,425.7699890136719,407.2099914550781,415.25,373.3914184570313,1712800
2022-07-06,416.8999938964844,427.8599853515625,415.2799987792969,425.8900146484375,382.9588928222656,1044900
2022-07-07,424.4800109863281,428.0,419.5499877929688,422.1900024414063,379.6318664550781,1177100
2022-07-08,425.5400085449219,426.9700012207031,419.9700012207031,420.3500061035156,377.9773864746094,682000
2022-07-11,417.8999938964844,423.0,415.3800048828125,419.0700073242188,376.826416015625,602600
2022-07-12,419.4700012207031,419.8900146484375,412.6000061035156,413.989990234375,372.2584533691406,680500
2022-07-13,409.1099853515625,417.7699890136719,407.7300109863281,408.0,366.8722534179688,1155500
2022-07-14,403.1900024414063,405.3699951171875,397.5199890136719,400.30999755859375,359.9574279785156,1160700
2022-07-15,403.7099914550781,403.7099914550781,397.80999755859375,398.3800048828125,358.2220153808594,1223200
2022-07-18,399.9700012207031,400.0,387.0299987792969,387.2799987792969,348.2409362792969,2759700
2022-07-19,378.8200073242188,390.5700073242188,373.6700134277344,390.3800048828125,351.0284729003906,3023800
2022-07-20,390.6600036621094,397.4800109863281,385.6700134277344,395.2200012207031,355.38055419921875,1560300
2022-07-21,394.3200073242188,395.5499877929688,389.6400146484375,395.2000122070313,355.3625793457031,941000
2022-07-22,399.9500122070313,401.9700012207031,393.4599914550781,394.739990234375,354.94891357421875,769400
2022-07-25,394.3699951171875,403.7300109863281,393.6300048828125,399.7999877929688,359.4988708496094,1038300
2022-07-26,400.1799926757813,402.9800109863281,396.5700073242188,396.80999755859375,356.81024169921875,992400
2022-07-27,397.7900085449219,399.25,394.0,398.5400085449219,358.3658447265625,838600
2022-07-28,399.1499938964844,406.7699890136719,396.1400146484375,406.0799865722656,365.1457824707031,1014600
2022-07-29,406.489990234375,414.1499938964844,402.0,413.80999755859375,372.09661865234375,1493500
2022-08-01,418.239990234375,428.5,416.6400146484375,419.2799987792969,377.0152282714844,1721900
2022-08-02,425.010009765625,432.8399963378906,419.1000061035156,428.7799987792969,385.55755615234375,2453900
2022-08-03,427.2699890136719,431.760009765625,419.6400146484375,429.2999877929688,386.025146484375,1330500
2022-08-04,430.7099914550781,434.6499938964844,426.8900146484375,428.1300048828125,384.97308349609375,1126400
2022-08-05,425.260009765625,427.8399963378906,419.5299987792969,426.4100036621094,383.4264831542969,932500
2022-08-08,427.5,429.3699951171875,421.6799926757813,423.8599853515625,381.1335144042969,814800
2022-08-09,426.9500122070313,431.8800048828125,425.7000122070313,428.5499877929688,385.3507690429688,747400
2022-08-10,430.0700073242188,432.25,426.3399963378906,429.989990234375,386.64556884765625,1409300
2022-08-11,429.239990234375,432.489990234375,427.2000122070313,428.8500061035156,385.62054443359375,949300
2022-08-12,428.8999938964844,434.2900085449219,427.1900024414063,434.239990234375,390.4672546386719,978000
2022-08-15,432.6799926757813,439.9700012207031,429.8599853515625,438.010009765625,393.8571166992188,884900
2022-08-16,436.9200134277344,445.0,436.9200134277344,440.1600036621094,395.79046630859375,851100
2022-08-17,436.1300048828125,445.489990234375,435.0,441.5899963378906,397.0763244628906,996500
2022-08-18,441.9100036621094,444.5799865722656,436.8699951171875,439.3500061035156,395.0621032714844,866500
2022-08-19,438.4800109863281,440.9200134277344,436.0400085449219,440.0299987792969,395.6735229492188,1013600
2022-08-22,438.510009765625,441.6400146484375,431.8399963378906,432.3299865722656,388.7496948242188,1086700
2022-08-23,432.9299926757813,434.7300109863281,430.2999877929688,433.1199951171875,389.4600830078125,915200
2022-08-24,433.989990234375,435.4500122070313,430.9400024414063,433.7099914550781,389.9905700683594,740200
2022-08-25,433.7099914550781,438.8399963378906,432.4299926757813,438.6400146484375,394.4237060546875,727600
2022-08-26,440.3999938964844,442.7799987792969,430.9400024414063,431.1300048828125,387.6706848144531,876200
2022-08-29,427.6600036621094,433.8999938964844,426.4800109863281,429.6799926757813,386.3668212890625,868100
2022-08-30,429.4400024414063,430.3699951171875,424.010009765625,425.1099853515625,382.2575378417969,976100
2022-08-31,422.3599853515625,424.739990234375,420.0199890136719,420.1099853515625,380.2661437988281,909300
2022-09-01,418.239990234375,423.5799865722656,417.7999877929688,422.6099853515625,382.5291137695313,948800
2022-09-02,424.989990234375,425.6900024414063,417.5499877929688,418.5700073242188,378.872314453125,869800
2022-09-06,419.010009765625,423.2699890136719,415.7799987792969,417.7799987792969,378.1571960449219,962500
2022-09-07,415.3500061035156,420.8999938964844,412.260009765625,420.1400146484375,380.2933654785156,1255700
2022-09-08,419.5700073242188,421.0700073242188,414.7699890136719,419.6499938964844,379.8497924804688,1112600
2022-09-09,420.6900024414063,423.6199951171875,419.0199890136719,421.5299987792969,381.551513671875,1284600
2022-09-12,421.0,421.489990234375,417.5,418.6400146484375,378.9356384277344,1349700
2022-09-13,417.3200073242188,420.7999877929688,407.3599853515625,409.3299865722656,370.5086059570313,1621200
2022-09-14,410.1900024414063,418.3999938964844,408.2999877929688,416.6300048828125,377.1162414550781,1004100
2022-09-15,414.8299865722656,414.8299865722656,410.7300109863281,413.5899963378906,374.3645324707031,1189200
2022-09-16,411.25,415.7699890136719,410.010009765625,414.2900085449219,374.9981689453125,2023300
2022-09-19,414.0,417.6400146484375,412.7300109863281,416.5199890136719,377.01666259765625,695500
2022-09-20,416.0,421.4100036621094,412.3399963378906,420.5799865722656,380.691650390625,1112100
2022-09-21,427.989990234375,433.7900085449219,420.0299987792969,420.2000122070313,380.34765625,2106400
2022-09-22,419.8299865722656,424.7200012207031,413.0,422.0799865722656,382.0493469238281,1409900
2022-09-23,419.7799987792969,420.010009765625,407.5799865722656,413.0700073242188,373.8939514160156,1874600
2022-09-26,411.6900024414063,412.2099914550781,406.510009765625,407.6499938964844,368.9879150390625,1208300
2022-09-27,409.2000122070313,410.3200073242188,398.3699951171875,399.739990234375,361.828125,1051900
2022-09-28,397.2000122070313,402.0899963378906,391.1000061035156,400.0,362.0634765625,1161500
2022-09-29,398.9800109863281,399.4100036621094,385.8900146484375,389.7900085449219,352.82183837890625,1127700
2022-09-30,381.6300048828125,389.8999938964844,381.5499877929688,386.2900085449219,349.6537780761719,1343700
2022-10-03,389.739990234375,402.8299865722656,389.0799865722656,399.739990234375,361.828125,1273800
2022-10-04,403.1099853515625,407.8399963378906,399.8299865722656,406.1099853515625,367.5939636230469,1060000
2022-10-05,406.1099853515625,407.6600036621094,400.7799987792969,402.510009765625,364.33544921875,828400
2022-10-06,401.6199951171875,403.6000061035156,398.0799865722656,399.6099853515625,361.7104187011719,746700
2022-10-07,398.55999755859375,404.6700134277344,396.010009765625,403.9599914550781,365.6478576660156,1124700
2022-10-10,407.5899963378906,418.6300048828125,406.1499938964844,409.989990234375,371.10595703125,1112500
2022-10-11,405.6600036621094,416.1600036621094,405.6600036621094,411.05999755859375,372.074462890625,1013600
2022-10-12,406.9299926757813,408.8999938964844,397.1400146484375,397.4200134277344,359.7281494140625,921700
2022-10-13,393.0,407.0499877929688,391.2200012207031,405.9599914550781,367.4581909179688,1012700
2022-10-14,404.3299865722656,405.3800048828125,388.1000061035156,389.4100036621094,352.47784423828125,1369100
2022-10-17,393.0,400.6099853515625,392.1499938964844,397.30999755859375,359.6285400390625,1617200
2022-10-18,403.1499938964844,435.510009765625,401.5400085449219,431.8399963378906,390.8836975097656,4588500
2022-10-19,433.9700012207031,447.5700073242188,430.3500061035156,439.9599914550781,398.2335815429688,2623700
2022-10-20,439.6199951171875,445.30999755859375,437.9500122070313,444.3399963378906,402.1982116699219,1781300
2022-10-21,443.7200012207031,454.6900024414063,440.1499938964844,454.6099853515625,411.4941711425781,1620200
2022-10-24,459.0799865722656,466.1799926757813,455.55999755859375,457.4599914550781,414.0738220214844,2013600
2022-10-25,454.0499877929688,463.5400085449219,452.1900024414063,460.1499938964844,416.5087585449219,1537000
2022-10-26,462.1700134277344,470.6400146484375,460.4599914550781,462.55999755859375,418.6901245117188,1554600
2022-10-27,464.5799865722656,474.1799926757813,464.3999938964844,471.9299926757813,427.1715393066406,1513700
2022-10-28,474.0,491.1400146484375,472.2999877929688,484.8699951171875,438.8842468261719,2045300
2022-10-31,480.4500122070313,488.2300109863281,479.4299926757813,486.6799926757813,440.5225830078125,1288200
2022-11-01,486.0299987792969,491.1600036621094,483.8699951171875,485.6300048828125,439.5721740722656,1229700
2022-11-02,484.5400085449219,488.8800048828125,481.5,482.05999755859375,436.34075927734375,1291800
2022-11-03,479.7699890136719,489.9700012207031,478.5499877929688,484.8200073242188,438.8390502929688,1291100
2022-11-04,485.1600036621094,486.5,472.5700073242188,481.6700134277344,435.98773193359375,1481100
2022-11-07,482.4800109863281,489.9599914550781,480.9599914550781,488.6300048828125,442.2876281738281,944800
2022-11-08,488.8800048828125,494.6600036621094,486.8399963378906,494.1199951171875,447.2569885253906,1221000
2022-11-09,489.75,492.4400024414063,484.239990234375,485.1799926757813,439.1648254394531,1383200
2022-11-10,488.260009765625,491.2200012207031,479.7000122070313,490.7699890136719,444.2247009277344,1601000
2022-11-11,480.739990234375,483.8299865722656,462.6099853515625,463.8599853515625,419.8668518066406,3061800
2022-11-14,467.3500061035156,471.9800109863281,459.3699951171875,462.0400085449219,418.219482421875,2286700
2022-11-15,465.8399963378906,474.989990234375,458.0499877929688,467.25,422.935302734375,3272800
2022-11-16,465.239990234375,469.260009765625,461.5899963378906,466.239990234375,422.0211791992188,1022600
2022-11-17,465.0,474.7799987792969,464.260009765625,472.7699890136719,427.9317932128906,1401900
2022-11-18,473.6300048828125,480.8699951171875,472.7699890136719,476.8200073242188,431.5977478027344,2160300
2022-11-21,478.489990234375,483.9599914550781,478.2300109863281,480.9400024414063,435.3269653320313,1730500
2022-11-22,482.9700012207031,484.260009765625,479.2799987792969,479.5,434.0235290527344,838400
2022-11-23,479.7799987792969,482.989990234375,478.7200012207031,481.0700073242188,435.4446716308594,1020200
2022-11-25,484.2999877929688,484.5,481.4200134277344,483.4599914550781,437.6080017089844,321500
2022-11-28,480.1099853515625,485.239990234375,480.0,483.2099914550781,437.3817138671875,939000
2022-11-29,483.1000061035156,485.1000061035156,481.739990234375,484.1000061035156,438.1873168945313,802600
2022-11-30,480.0,485.9500122070313,477.7300109863281,485.1900024414063,441.91253662109375,1470000
2022-12-01,486.5199890136719,488.0,480.6700134277344,483.6900024414063,440.5462951660156,913600
2022-12-02,481.80999755859375,498.9500122070313,481.80999755859375,496.2300109863281,451.9677734375,1744400
2022-12-05,490.8699951171875,494.9800109863281,488.3200073242188,490.6700134277344,446.9036560058594,1357200
2022-12-06,491.3200073242188,491.3200073242188,482.2000122070313,484.0,440.8286437988281,1076500
2022-12-07,484.2999877929688,489.239990234375,480.4800109863281,481.2000122070313,438.2784118652344,999800
2022-12-08,485.260009765625,488.80999755859375,481.5499877929688,485.3800048828125,442.0855407714844,762200
2022-12-09,485.6400146484375,490.3599853515625,483.2099914550781,483.5799865722656,440.446044921875,856400
2022-12-12,484.9500122070313,487.1700134277344,482.5,486.3200073242188,442.9417114257813,1129200
2022-12-13,490.0,490.3699951171875,478.6700134277344,480.2200012207031,437.38580322265625,1730900
2022-12-14,481.1900024414063,488.2699890136719,480.1400146484375,485.1900024414063,441.91253662109375,1071800
2022-12-15,481.0,485.1000061035156,475.1199951171875,478.7900085449219,436.0833740234375,1067300
2022-12-16,475.6300048828125,482.6099853515625,473.6700134277344,481.7900085449219,438.8157043457031,2590600
2022-12-19,481.7799987792969,487.9800109863281,479.9299926757813,481.7900085449219,438.8157043457031,929700
2022-12-20,482.8800048828125,491.4500122070313,481.8200073242188,486.1499938964844,442.7868347167969,1014300
2022-12-21,487.8800048828125,490.5700073242188,485.6900024414063,487.6499938964844,444.1529846191406,988300
2022-12-22,486.5,486.8200073242188,473.9500122070313,479.2999877929688,436.5478515625,1520700
2022-12-23,479.5,484.1799926757813,478.3599853515625,483.2900085449219,440.1819458007813,661600
2022-12-27,485.0,489.239990234375,483.5,485.5,442.19482421875,788800
2022-12-28,486.1499938964844,489.0,482.8999938964844,483.2200012207031,440.1181640625,810300
2022-12-29,484.0,489.5700073242188,483.2999877929688,487.0499877929688,443.6065673828125,764000
2022-12-30,488.0,489.80999755859375,481.239990234375,486.489990234375,443.0965270996094,910000
2023-01-03,483.3900146484375,484.25,474.010009765625,477.5299987792969,434.935791015625,1657200
2023-01-04,473.25,479.7000122070313,469.2999877929688,476.5,433.9975891113281,1391300
2023-01-05,475.6900024414063,478.1400146484375,469.8999938964844,477.0700073242188,434.5167236328125,1210100
2023-01-06,480.0,488.0,465.7699890136719,473.239990234375,431.0283508300781,1969200
2023-01-09,467.7900085449219,470.7900085449219,455.2999877929688,458.989990234375,418.0494384765625,2377000
2023-01-10,462.1799926757813,465.4700012207031,456.8999938964844,462.2900085449219,421.0550842285156,1003400
2023-01-11,463.3699951171875,465.5499877929688,461.0400085449219,463.0,421.7017822265625,1056400
2023-01-12,462.989990234375,465.8800048828125,459.1900024414063,461.739990234375,420.55413818359375,936600
2023-01-13,446.5,453.7099914550781,444.739990234375,449.8299865722656,409.7064514160156,2208600
2023-01-17,450.2999877929688,453.5,446.6700134277344,447.1600036621094,407.2746887207031,1753100
2023-01-18,447.1600036621094,448.2300109863281,440.6499938964844,441.2699890136719,401.9100036621094,1645100
2023-01-19,442.760009765625,445.9200134277344,439.0299987792969,439.30999755859375,400.1248474121094,1469900
2023-01-20,441.3399963378906,443.3500061035156,437.6199951171875,443.2799987792969,403.7407531738281,1410000
2023-01-23,443.1099853515625,446.8299865722656,440.8599853515625,441.2799987792969,401.9191284179688,1739600
2023-01-24,442.1700134277344,450.9599914550781,437.6900024414063,449.2300109863281,409.1600036621094,2865000
2023-01-25,448.0,455.80999755859375,444.8399963378906,454.1600036621094,413.6502685546875,2352500
2023-01-26,455.3500061035156,463.760009765625,452.8299865722656,459.80999755859375,418.7963562011719,2168900
2023-01-27,460.8599853515625,466.6799926757813,457.4500122070313,459.6000061035156,418.6050109863281,1587700
2023-01-30,462.0,466.7000122070313,459.8999938964844,460.5899963378906,419.5067138671875,1642000
2023-01-31,462.2799987792969,463.4800109863281,459.010009765625,463.260009765625,421.9385681152344,2062000
2023-02-01,462.510009765625,465.2799987792969,459.7999877929688,462.25,421.0186767578125,1242500
2023-02-02,458.3699951171875,460.4299926757813,453.9200134277344,457.1900024414063,416.4100036621094,2104700
2023-02-03,459.2699890136719,462.6000061035156,454.9400024414063,459.0799865722656,418.1314086914063,1302900
2023-02-06,463.5799865722656,469.7699890136719,462.75,469.1000061035156,427.2576904296875,1393500
2023-02-07,472.5499877929688,472.989990234375,463.1499938964844,468.3299865722656,426.5563659667969,1334800
2023-02-08,464.9700012207031,471.3800048828125,463.3200073242188,469.6499938964844,427.7586364746094,865000
2023-02-09,472.4299926757813,474.3399963378906,468.2000122070313,470.0899963378906,428.1593933105469,799000
2023-02-10,472.3800048828125,481.8599853515625,472.3800048828125,480.8299865722656,437.94140625,1436300
2023-02-13,485.1900024414063,489.5,480.1000061035156,481.9700012207031,438.979736328125,1203100
2023-02-14,482.4500122070313,485.0,479.6600036621094,481.5799865722656,438.6244812011719,875600
2023-02-15,480.8299865722656,484.25,477.3999938964844,480.510009765625,437.6499328613281,927100
2023-02-16,477.0,477.5799865722656,466.1000061035156,471.25,429.2159118652344,1939500
2023-02-17,471.7900085449219,475.6600036621094,470.8399963378906,475.6300048828125,433.2052001953125,1184200
2023-02-21,480.510009765625,482.3999938964844,475.2000122070313,479.1900024414063,436.4476623535156,1379400
2023-02-22,478.80999755859375,481.6700134277344,477.4700012207031,479.5299987792969,436.7573852539063,900300
2023-02-23,480.0,483.0899963378906,475.5299987792969,479.0799865722656,436.3474731445313,917400
2023-02-24,479.4599914550781,481.7999877929688,477.2999877929688,480.3999938964844,437.5496826171875,1009300
2023-02-27,480.5299987792969,484.1000061035156,477.1900024414063,479.489990234375,436.7209167480469,1149000
2023-02-28,477.0400085449219,478.5299987792969,471.8200073242188,474.260009765625,434.6769714355469,1155500
2023-03-01,473.2699890136719,477.2200012207031,471.2900085449219,474.3299865722656,434.7411193847656,957700
2023-03-02,472.9800109863281,479.1700134277344,472.9700012207031,478.30999755859375,438.3890075683594,835700
2023-03-03,478.8999938964844,479.5400085449219,476.3800048828125,477.8900146484375,438.0040588378906,1060500
2023-03-06,476.8200073242188,481.7999877929688,476.8200073242188,480.1700134277344,440.0937805175781,905700
2023-03-07,481.5,485.0899963378906,478.0,478.6600036621094,438.7098083496094,1137900
2023-03-08,481.0400085449219,487.6400146484375,476.7099914550781,479.5,439.4796752929688,1252900
2023-03-09,483.0,483.260009765625,474.6099853515625,475.8500061035156,436.1343383789063,1035000
2023-03-10,475.7099914550781,482.2999877929688,474.4200134277344,475.5,435.8135070800781,1335000
2023-03-13,471.8699951171875,478.8999938964844,470.7999877929688,477.3299865722656,437.4907836914063,1701000
2023-03-14,480.2900085449219,481.2699890136719,474.8699951171875,478.8699951171875,438.9022521972656,1761400
2023-03-15,475.0,475.1300048828125,464.5700073242188,473.30999755859375,433.8063049316406,2273300
2023-03-16,470.9400024414063,478.0499877929688,467.739990234375,473.239990234375,433.7420959472656,1633000
2023-03-17,474.1199951171875,474.9200134277344,463.2900085449219,465.8699951171875,426.9873046875,6525100
2023-03-20,468.2200012207031,477.7699890136719,465.2099914550781,475.7000122070313,435.9968872070313,1515400
2023-03-21,478.8699951171875,479.25,471.2999877929688,474.760009765625,435.1353759765625,1069000
2023-03-22,475.4400024414063,476.7699890136719,468.3200073242188,468.8999938964844,429.7643432617188,1261700
2023-03-23,468.6300048828125,470.9500122070313,466.5,467.8999938964844,428.8478698730469,1168500
2023-03-24,467.8999938964844,475.6700134277344,467.1499938964844,474.5400085449219,434.9336853027344,1126000
2023-03-27,477.1099853515625,477.55999755859375,472.4100036621094,473.3900146484375,433.8796081542969,1273000
2023-03-28,474.0,475.6099853515625,471.1600036621094,471.4400024414063,432.0924072265625,1076100
2023-03-29,471.260009765625,474.2999877929688,470.6799926757813,474.1900024414063,434.6129760742188,1146400
2023-03-30,474.5400085449219,475.7999877929688,471.7300109863281,473.1799926757813,433.6871643066406,950300
2023-03-31,474.1900024414063,475.3500061035156,471.0299987792969,472.7300109863281,433.2747192382813,1409600
2023-04-03,473.0,487.8999938964844,472.75,486.6199951171875,446.0054626464844,1656700
2023-04-04,485.5899963378906,490.6300048828125,484.75,488.5400085449219,447.7651977539063,1081100
2023-04-05,488.0,493.8299865722656,487.0299987792969,489.989990234375,449.0941467285156,1305900
2023-04-06,491.4700012207031,496.9800109863281,489.010009765625,490.1700134277344,449.2591552734375,1093300
2023-04-10,491.7699890136719,498.4200134277344,491.7699890136719,496.75,455.28997802734375,1024400
2023-04-11,496.3800048828125,496.75,487.010009765625,487.8399963378906,447.1236267089844,1224200
2023-04-12,482.7999877929688,491.25,481.6900024414063,488.1000061035156,447.3619079589844,1105600
2023-04-13,486.8200073242188,493.510009765625,485.9800109863281,492.1400146484375,451.064697265625,909500
2023-04-14,489.9400024414063,491.5,485.1099853515625,487.989990234375,447.2610778808594,843200
2023-04-17,486.5700073242188,492.260009765625,486.5700073242188,489.6400146484375,448.7734069824219,1287800
2023-04-18,499.0,508.1000061035156,498.0,501.4100036621094,459.5610656738281,2561800
2023-04-19,502.0,503.3299865722656,493.8800048828125,495.1600036621094,453.8327026367188,962200
2023-04-20,495.8299865722656,495.8299865722656,489.05999755859375,490.6000061035156,449.6532897949219,839900
2023-04-21,491.239990234375,491.2799987792969,480.6099853515625,482.5499877929688,442.2750549316406,1382500
2023-04-24,482.3900146484375,483.5299987792969,478.7200012207031,480.9200134277344,440.7811584472656,955200
2023-04-25,480.7000122070313,480.9200134277344,475.55999755859375,475.5799865722656,435.8868408203125,839100
2023-04-26,473.9500122070313,473.9500122070313,459.6000061035156,461.6199951171875,423.0919799804688,1571900
2023-04-27,461.8500061035156,466.3299865722656,461.1499938964844,465.0,426.18988037109375,1491400
2023-04-28,464.8200073242188,466.1600036621094,462.3999938964844,464.4500122070313,425.685791015625,1040300
2023-05-01,465.0400085449219,471.0799865722656,464.5499877929688,469.4299926757813,430.2501525878906,1524500
2023-05-02,468.3800048828125,468.5299987792969,457.25,458.8900146484375,420.58984375,1105500
2023-05-03,458.2000122070313,459.4700012207031,452.6900024414063,453.0700073242188,415.2556457519531,1116700
2023-05-04,453.6600036621094,454.0400085449219,446.2099914550781,451.9299926757813,414.2107543945313,962700
2023-05-05,452.6900024414063,457.1000061035156,452.0799865722656,455.5400085449219,417.5195007324219,930600
2023-05-08,456.489990234375,458.2999877929688,450.0700073242188,450.9599914550781,413.3216857910156,808300
2023-05-09,452.8999938964844,453.9100036621094,450.1000061035156,452.0400085449219,414.3116149902344,623800
2023-05-10,452.80999755859375,453.2900085449219,448.7099914550781,453.1499938964844,415.3289184570313,850900
2023-05-11,450.5799865722656,452.2200012207031,448.5400085449219,450.6900024414063,413.07421875,645400
2023-05-12,452.7999877929688,453.8699951171875,447.7999877929688,450.7900085449219,413.1658935546875,696500
2023-05-15,450.7900085449219,453.3500061035156,449.4200134277344,451.9200134277344,414.20166015625,668300
2023-05-16,452.0899963378906,452.4400024414063,447.6600036621094,447.7300109863281,410.3612976074219,569500
2023-05-17,450.0,458.4100036621094,449.9400024414063,457.2999877929688,419.132568359375,1101900
2023-05-18,455.4100036621094,456.739990234375,449.3999938964844,455.75,417.7119445800781,1456500
2023-05-19,457.0299987792969,458.2699890136719,452.8599853515625,454.489990234375,416.55706787109375,804100
2023-05-22,454.0,457.3699951171875,451.5899963378906,454.7200012207031,416.7678833007813,628000
2023-05-23,452.1099853515625,456.3999938964844,450.0,452.6300048828125,414.8523254394531,1027200
2023-05-24,453.239990234375,456.739990234375,451.1799926757813,452.7200012207031,414.934814453125,858600
2023-05-25,451.5,451.5,439.7000122070313,442.8299865722656,405.8702087402344,1205000
2023-05-26,442.8599853515625,451.7699890136719,442.1000061035156,448.4500122070313,411.021240234375,1135500
2023-05-30,448.0799865722656,449.0499877929688,444.239990234375,447.9700012207031,410.5812683105469,1163300
2023-05-31,444.6199951171875,445.9299926757813,443.0,444.010009765625,409.6954650878906,1673500
2023-06-01,445.6000061035156,450.7799987792969,443.4200134277344,449.6700134277344,414.9179992675781,878700
2023-06-02,452.1199951171875,456.3599853515625,450.55999755859375,454.489990234375,419.3655700683594,894700
2023-06-05,456.1400146484375,456.760009765625,452.4800109863281,454.6900024414063,419.5500793457031,807200
2023-06-06,456.5199890136719,459.3399963378906,454.3900146484375,458.6300048828125,423.1855773925781,816800
2023-06-07,458.1199951171875,463.75,455.010009765625,461.75,426.0644226074219,893100
2023-06-08,462.1799926757813,466.4200134277344,461.4599914550781,464.1700134277344,428.2974548339844,863400
2023-06-09,465.3900146484375,465.3900146484375,460.3900146484375,462.6900024414063,426.9317626953125,713100
2023-06-12,462.7900085449219,462.8699951171875,458.1799926757813,459.8699951171875,424.3297729492188,954400
2023-06-13,456.010009765625,456.9700012207031,445.8900146484375,452.3699951171875,417.409423828125,1486300
2023-06-14,451.4100036621094,453.4200134277344,448.5700073242188,452.5499877929688,417.575439453125,945700
2023-06-15,454.0,458.510009765625,453.9200134277344,455.9500122070313,420.7127075195313,892400
2023-06-16,457.7300109863281,461.7699890136719,456.6000061035156,459.1700134277344,423.6838073730469,1642800
2023-06-20,459.4800109863281,461.8900146484375,457.4800109863281,458.3800048828125,422.9548950195313,774800
2023-06-21,461.05999755859375,467.1700134277344,458.010009765625,466.0400085449219,430.02294921875,906900
2023-06-22,465.5199890136719,466.0499877929688,461.5,463.4299926757813,427.6145935058594,688500
2023-06-23,463.5199890136719,465.4200134277344,458.1300048828125,459.3599853515625,423.8591613769531,1348200
2023-06-26,455.9400024414063,456.1600036621094,446.6799926757813,452.7999877929688,417.8061218261719,997200
2023-06-27,452.7900085449219,455.6300048828125,452.4200134277344,453.1499938964844,418.1290588378906,671100
2023-06-28,453.5799865722656,453.760009765625,447.4599914550781,449.6600036621094,414.9087829589844,848900
2023-06-29,449.9200134277344,457.5299987792969,448.7799987792969,457.4400024414063,422.0875244140625,684200
2023-06-30,459.239990234375,462.6700134277344,456.7900085449219,460.3800048828125,424.80023193359375,982700
2023-07-03,460.0,463.3299865722656,457.5499877929688,462.5799865722656,426.8302612304688,385400
2023-07-05,461.5700073242188,463.3500061035156,458.9400024414063,462.760009765625,426.9964294433594,625500
2023-07-06,463.0,463.0,459.3399963378906,461.6400146484375,425.96295166015625,675900
2023-07-07,460.0,461.8900146484375,458.1000061035156,458.7099914550781,423.2593383789063,642200
2023-07-10,458.5,462.5899963378906,458.0499877929688,460.3800048828125,424.80023193359375,718400
2023-07-11,461.2699890136719,467.1000061035156,459.7900085449219,466.2900085449219,430.2536010742188,709200
2023-07-12,467.2000122070313,467.2200012207031,461.1199951171875,461.9599914550781,426.2581481933594,1067100
2023-07-13,461.0,467.4400024414063,460.3299865722656,466.3800048828125,430.3366394042969,821700
2023-07-14,466.0,466.5199890136719,462.3599853515625,464.30999755859375,428.4265747070313,933200
2023-07-17,466.2900085449219,473.989990234375,465.6199951171875,469.9700012207031,433.6492004394531,1886300
2023-07-18,474.3699951171875,479.5,454.2799987792969,455.7000122070313,420.4820251464844,3122600
2023-07-19,457.0,459.2799987792969,448.1099853515625,451.510009765625,416.6157836914063,2141500
2023-07-20,452.6300048828125,458.2000122070313,452.0,456.010009765625,420.7680358886719,1353800
2023-07-21,454.80999755859375,456.9400024414063,453.3500061035156,454.760009765625,419.6146545410156,934300
2023-07-24,456.0,457.9500122070313,454.0400085449219,456.7999877929688,421.49700927734375,892200
2023-07-25,452.4299926757813,454.760009765625,447.4200134277344,454.1499938964844,419.0517883300781,1207800
2023-07-26,454.3299865722656,457.0499877929688,451.8699951171875,452.80999755859375,417.81536865234375,1322300
2023-07-27,451.5,452.4200134277344,445.3200073242188,448.6400146484375,413.9676513671875,1603600
2023-07-28,448.0,450.6499938964844,446.489990234375,449.0,414.2998352050781,1163100
2023-07-31,449.7099914550781,449.7099914550781,444.6300048828125,446.3699951171875,411.873046875,1806000
2023-08-01,447.0299987792969,453.1199951171875,446.8999938964844,451.2799987792969,416.403564453125,1047900
2023-08-02,451.2799987792969,453.1300048828125,447.9100036621094,448.55999755859375,413.893798828125,905700
2023-08-03,447.3200073242188,450.2000122070313,445.9800109863281,447.9200134277344,413.3032836914063,1240700
2023-08-04,448.5799865722656,450.2900085449219,445.30999755859375,445.7200012207031,411.2732849121094,846800
2023-08-07,447.3200073242188,450.4700012207031,446.2799987792969,449.7799987792969,415.01953125,746800
2023-08-08,449.0,450.510009765625,447.5700073242188,449.4700012207031,414.7335205078125,791600
2023-08-09,450.0799865722656,454.0499877929688,449.989990234375,452.80999755859375,417.81536865234375,1211700
2023-08-10,452.0,453.9700012207031,449.260009765625,450.0499877929688,415.2686462402344,688700
2023-08-11,451.1799926757813,454.0899963378906,450.5199890136719,454.0499877929688,418.9594421386719,690500
2023-08-14,454.5899963378906,455.6099853515625,449.6600036621094,450.0799865722656,415.2963562011719,752300
2023-08-15,448.0,450.0,443.2799987792969,443.5799865722656,409.2986450195313,725300
2023-08-16,442.8599853515625,447.0299987792969,442.2999877929688,445.1300048828125,410.72894287109375,822000
2023-08-17,446.6400146484375,450.2200012207031,446.4400024414063,446.6799926757813,412.15911865234375,635800
2023-08-18,445.4200134277344,455.3699951171875,445.3800048828125,450.05999755859375,415.2778930664063,1075700
2023-08-21,449.8399963378906,453.0299987792969,449.0,451.489990234375,416.5973205566406,573500
2023-08-22,451.739990234375,453.8900146484375,450.4599914550781,452.9400024414063,417.935302734375,671800
2023-08-23,454.5799865722656,454.8900146484375,452.0899963378906,454.5700073242188,419.4393615722656,1043200
2023-08-24,453.260009765625,457.6700134277344,452.4400024414063,452.5499877929688,417.575439453125,697800
2023-08-25,455.260009765625,455.260009765625,449.05999755859375,451.0899963378906,416.228271484375,785200
2023-08-28,450.80999755859375,453.3299865722656,450.2699890136719,452.3200073242188,417.3632507324219,641000
2023-08-29,452.3200073242188,453.260009765625,444.489990234375,448.3999938964844,413.74615478515625,1053700
2023-08-30,449.4400024414063,455.9200134277344,448.489990234375,452.4100036621094,417.4462585449219,875900
2023-08-31,450.8200073242188,453.6199951171875,448.1400146484375,448.3500061035156,416.461669921875,826300
2023-09-01,450.3200073242188,451.8900146484375,447.7799987792969,448.1799926757813,416.3037414550781,668600
2023-09-05,448.0,448.3299865722656,445.0499877929688,445.1900024414063,413.5263671875,854000
2023-09-06,440.239990234375,441.3399963378906,423.6600036621094,423.9400024414063,393.7878112792969,2548000
2023-09-07,424.0,427.7799987792969,422.0,425.9400024414063,395.6455078125,1195700
2023-09-08,426.3299865722656,426.4400024414063,422.25,423.0899963378906,392.998291015625,1162300
2023-09-11,422.2200012207031,422.7300109863281,416.5199890136719,420.6600036621094,390.7410888671875,1618300
2023-09-12,419.5400085449219,420.1099853515625,415.9400024414063,417.8299865722656,388.1123352050781,1307700
2023-09-13,419.8200073242188,422.25,418.5799865722656,420.989990234375,391.0475463867188,971500
2023-09-14,420.7300109863281,426.6600036621094,420.7300109863281,425.8900146484375,395.5990905761719,992400
2023-09-15,423.9100036621094,428.8800048828125,423.7099914550781,424.0499877929688,393.8899841308594,1681600
2023-09-18,427.6600036621094,431.4500122070313,426.6000061035156,429.8599853515625,399.2867126464844,951200
2023-09-19,430.25,431.0799865722656,425.05999755859375,425.30999755859375,395.0603332519531,862300
2023-09-20,426.9500122070313,430.8500061035156,426.6700134277344,426.9500122070313,396.583740234375,1044100
2023-09-21,425.7300109863281,426.6099853515625,417.1900024414063,417.5400085449219,387.8429565429688,1669400
2023-09-22,415.9400024414063,417.5,413.2300109863281,413.6499938964844,384.2296142578125,1453300
2023-09-25,413.2300109863281,413.9500122070313,411.510009765625,412.8999938964844,383.5329895019531,748300
2023-09-26,410.6300048828125,411.2699890136719,407.75,408.75,379.67816162109375,1108000
2023-09-27,409.1799926757813,410.0,405.7200012207031,408.7200012207031,379.6502990722656,1317700
2023-09-28,409.8999938964844,412.8599853515625,408.8200073242188,410.9599914550781,381.7309875488281,819700
2023-09-29,410.9599914550781,411.4500122070313,407.5899963378906,408.9599914550781,379.8732299804688,764100
2023-10-02,408.9599914550781,410.989990234375,405.8900146484375,407.8200073242188,378.8143310546875,733200
2023-10-03,407.3900146484375,407.5,402.5899963378906,403.8299865722656,375.1080627441406,899200
2023-10-04,400.6600036621094,402.0,397.1099853515625,401.3299865722656,372.7858581542969,1243400
2023-10-05,400.9599914550781,401.4299926757813,394.6199951171875,397.3500061035156,369.0889892578125,1162800
2023-10-06,395.3999938964844,402.4200134277344,393.7699890136719,400.7300109863281,372.22857666015625,1135600
2023-10-09,428.7200012207031,436.6000061035156,423.3900146484375,436.5299987792969,405.48236083984375,5343700
2023-10-10,441.5199890136719,442.6199951171875,432.5299987792969,435.1000061035156,404.1541137695313,2626200
2023-10-11,434.7200012207031,438.7999877929688,433.2999877929688,436.6499938964844,405.5938415527344,1419500
2023-10-12,438.0499877929688,439.0899963378906,430.1099853515625,434.1400146484375,403.2622985839844,1121900
2023-10-13,438.5299987792969,443.1199951171875,434.6700134277344,441.05999755859375,409.6901550292969,1519300
2023-10-16,439.4200134277344,443.5,434.3900146484375,440.4100036621094,409.0863342285156,1931300
2023-10-17,436.55999755859375,452.7900085449219,435.1300048828125,441.1300048828125,409.7551574707031,3103900
2023-10-18,443.30999755859375,447.8900146484375,440.2699890136719,446.0700073242188,414.3438415527344,2024100
2023-10-19,443.6600036621094,449.6700134277344,442.1900024414063,449.1799926757813,417.232666015625,2012400
2023-10-20,451.3699951171875,452.6000061035156,444.010009765625,444.1700134277344,412.5790100097656,1715100
2023-10-23,444.2099914550781,452.05999755859375,443.489990234375,446.1600036621094,414.4274291992188,1502400
2023-10-24,449.1300048828125,450.6099853515625,440.3399963378906,440.8999938964844,409.5415649414063,1367100
2023-10-25,444.3399963378906,449.3800048828125,443.6799926757813,447.6900024414063,415.84857177734375,1228900
2023-10-26,448.010009765625,451.0899963378906,443.6799926757813,445.9700012207031,414.2509460449219,1432000
2023-10-27,443.4200134277344,447.6600036621094,440.239990234375,443.3900146484375,411.8544006347656,1288400
2023-10-30,444.4200134277344,446.8599853515625,442.7999877929688,445.8399963378906,414.1301574707031,948800
2023-10-31,447.2999877929688,455.1300048828125,445.4100036621094,454.6400146484375,422.3043212890625,1418700
2023-11-01,456.3299865722656,456.7000122070313,451.4599914550781,452.3800048828125,420.2051086425781,1267000
2023-11-02,450.75,458.2200012207031,450.75,458.0400085449219,425.4624938964844,1242000
2023-11-03,455.1099853515625,457.760009765625,451.1300048828125,453.3399963378906,421.0967712402344,1365400
2023-11-06,454.8399963378906,454.8399963378906,450.6400146484375,451.1600036621094,419.07177734375,1440800
2023-11-07,453.1600036621094,453.1600036621094,449.6900024414063,450.1499938964844,418.1336364746094,1220100
2023-11-08,450.1499938964844,451.7699890136719,444.0299987792969,444.6600036621094,413.0341491699219,1386400
2023-11-09,445.4100036621094,445.6099853515625,439.6799926757813,442.4599914550781,410.9905395507813,1775500
2023-11-10,444.010009765625,445.8299865722656,440.9700012207031,444.8699951171875,413.2291259765625,1525400
2023-11-13,445.0,448.5700073242188,443.2900085449219,445.0299987792969,413.3778076171875,1003800
2023-11-14,443.0,446.7300109863281,441.8599853515625,444.2200012207031,412.6253662109375,1336800
2023-11-15,443.4700012207031,448.010009765625,443.4700012207031,445.1400146484375,413.47998046875,1098400
2023-11-16,445.7999877929688,447.6700134277344,443.5499877929688,445.5899963378906,413.89794921875,912900
2023-11-17,446.6400146484375,447.2300109863281,444.2200012207031,444.6799926757813,413.05267333984375,898600
2023-11-20,444.0299987792969,445.5899963378906,440.760009765625,443.80999755859375,412.2445983886719,982000
2023-11-21,445.0,448.5700073242188,444.1600036621094,448.1499938964844,416.27587890625,1177800
2023-11-22,447.5,451.7000122070313,447.5,450.3999938964844,418.3658447265625,833800
2023-11-24,451.6900024414063,452.5899963378906,449.739990234375,452.010009765625,419.86138916015625,326600
2023-11-27,451.8599853515625,452.8299865722656,445.4299926757813,445.489990234375,413.80511474609375,1496900
2023-11-28,447.8599853515625,450.8800048828125,446.0,448.2699890136719,416.3873596191406,1124900
2023-11-29,449.5400085449219,449.5400085449219,443.9100036621094,445.010009765625,413.3591918945313,1272900
2023-11-30,443.0,447.8599853515625,442.510009765625,447.7699890136719,418.8880004882813,1514500
2023-12-01,448.3999938964844,450.6600036621094,448.1499938964844,449.4100036621094,420.4222412109375,856900
2023-12-04,447.3699951171875,450.9599914550781,446.1099853515625,450.6900024414063,421.6195983886719,1265700
2023-12-05,450.2900085449219,450.6400146484375,445.8999938964844,446.239990234375,417.4567260742188,1055700
2023-12-06,445.5,450.4400024414063,445.5,449.4100036621094,420.4222412109375,864100
2023-12-07,450.4200134277344,451.3900146484375,446.2900085449219,447.1099853515625,418.2705078125,861100
2023-12-08,448.5700073242188,450.5299987792969,447.4599914550781,448.0199890136719,419.1218566894531,761100
2023-12-11,451.8800048828125,453.260009765625,449.510009765625,451.260009765625,422.1528625488281,1021600
2023-12-12,451.6799926757813,453.75,450.3699951171875,451.6300048828125,422.4990539550781,1008200
2023-12-13,452.9500122070313,454.1900024414063,450.5,451.4400024414063,422.3212890625,1300300
2023-12-14,450.510009765625,450.8699951171875,441.4400024414063,445.2699890136719,416.5492248535156,1891000
2023-12-15,441.0,444.5499877929688,438.7099914550781,441.80999755859375,413.3124084472656,3973400
2023-12-18,442.7099914550781,447.260009765625,442.2699890136719,446.9100036621094,418.0835266113281,1197300
2023-12-19,447.6799926757813,448.5899963378906,446.1499938964844,447.7900085449219,418.9067077636719,695000
2023-12-20,448.0400085449219,448.5499877929688,442.5700073242188,442.6000061035156,414.0514221191406,1306800
2023-12-21,444.239990234375,448.1000061035156,444.2200012207031,448.0199890136719,419.1218566894531,637200
2023-12-22,450.0,451.739990234375,448.1099853515625,448.2200012207031,419.3089904785156,623600
2023-12-26,448.1499938964844,451.4400024414063,447.8200073242188,450.1799926757813,421.1425476074219,516900
2023-12-27,448.5499877929688,451.0199890136719,448.4100036621094,448.9700012207031,420.0106201171875,699900
2023-12-28,448.9700012207031,451.8299865722656,448.4599914550781,451.2300109863281,422.1248779296875,741800
2023-12-29,452.0,453.5,451.1499938964844,453.239990234375,424.0051574707031,832400
2024-01-02,454.2999877929688,462.0499877929688,454.2999877929688,456.1199951171875,426.6994018554688,1206500
2024-01-03,458.7900085449219,464.1000061035156,457.80999755859375,459.1199951171875,429.50592041015625,1174300
2024-01-04,462.30999755859375,463.9500122070313,457.7699890136719,457.8699951171875,428.3365173339844,1087700
2024-01-05,460.0400085449219,460.1099853515625,453.2699890136719,456.5,427.0549011230469,705300
2024-01-08,454.4100036621094,458.6900024414063,453.5299987792969,458.6000061035156,429.0194396972656,716000
2024-01-09,458.5499877929688,458.6099853515625,453.2699890136719,456.2900085449219,426.8584289550781,732900
2024-01-10,456.2000122070313,459.6600036621094,454.7799987792969,455.3999938964844,426.0258483886719,666100
2024-01-11,456.55999755859375,457.7999877929688,449.3599853515625,453.1300048828125,423.90228271484375,784800
2024-01-12,457.3699951171875,463.3800048828125,456.5299987792969,463.1799926757813,433.3040161132813,966500
2024-01-16,466.2699890136719,466.2699890136719,456.3599853515625,457.8399963378906,428.3084716796875,814900
2024-01-17,457.6700134277344,462.7900085449219,455.0799865722656,456.4700012207031,427.0268859863281,920800
2024-01-18,456.1000061035156,459.9800109863281,453.5400085449219,459.5700073242188,429.9268493652344,780300
2024-01-19,460.55999755859375,460.8500061035156,455.9599914550781,457.760009765625,428.2336120605469,866600
2024-01-22,457.5899963378906,460.8299865722656,455.4400024414063,458.760009765625,429.1690979003906,1216800
2024-01-23,458.5899963378906,459.0,433.8900146484375,439.6700134277344,411.31048583984375,3613500
2024-01-24,439.5199890136719,443.2000122070313,431.5499877929688,431.6499938964844,403.8077697753906,1768900
2024-01-25,430.0,433.9400024414063,425.75,431.0400085449219,403.2371826171875,1813900
2024-01-26,431.9700012207031,433.4200134277344,426.7099914550781,429.9100036621094,402.1800231933594,1260500
2024-01-29,431.0,432.0299987792969,425.5700073242188,428.010009765625,400.4025573730469,1903300
2024-01-30,431.2699890136719,431.8500061035156,427.7799987792969,431.6799926757813,403.8358154296875,1016400
2024-01-31,432.3500061035156,433.7200012207031,429.05999755859375,429.4100036621094,401.7122497558594,1120100
2024-02-01,430.2300109863281,431.7699890136719,426.7000122070313,429.7699890136719,402.0490112304688,1175000
2024-02-02,428.1400146484375,428.8999938964844,424.3800048828125,425.9700012207031,398.494140625,973900
2024-02-05,424.0,424.3699951171875,419.8299865722656,421.7000122070313,394.4995727539063,1379600
2024-02-06,421.9800109863281,429.0199890136719,420.3599853515625,426.9500122070313,399.4109802246094,1065700
2024-02-07,426.5400085449219,430.2900085449219,426.5400085449219,430.1000061035156,402.3577270507813,980700
2024-02-08,429.3599853515625,429.75,425.7300109863281,427.0,399.4577026367188,972200
2024-02-09,427.5299987792969,427.6700134277344,424.4700012207031,426.5,398.9899597167969,1038600
2024-02-12,426.75,430.5499877929688,426.0,428.0700073242188,400.4587097167969,1007200
2024-02-13,429.3399963378906,431.8999938964844,423.239990234375,426.5199890136719,399.0086669921875,1089300
2024-02-14,427.6799926757813,428.5,413.9200134277344,418.1900024414063,391.2159729003906,2503800
2024-02-15,418.5799865722656,423.3500061035156,418.5799865722656,423.1199951171875,395.8279418945313,1136700
2024-02-16,423.1199951171875,425.1600036621094,422.5400085449219,424.0700073242188,396.7166748046875,806000
2024-02-20,425.1900024414063,428.2900085449219,423.7699890136719,424.2699890136719,396.90374755859375,1363900
2024-02-21,426.2099914550781,428.2200012207031,424.3699951171875,427.5499877929688,399.9721984863281,969600
2024-02-22,425.0899963378906,429.4800109863281,423.8299865722656,428.8900146484375,401.225830078125,1236900
2024-02-23,428.8699951171875,431.4299926757813,428.2000122070313,431.1199951171875,403.3119812011719,842200
2024-02-26,431.5,432.4500122070313,426.7900085449219,429.1799926757813,401.4970397949219,980600
2024-02-27,428.6799926757813,431.2300109863281,426.5,430.4299926757813,402.6664733886719,887000
2024-02-28,431.8800048828125,435.0199890136719,430.8399963378906,432.4800109863281,404.5841979980469,1029300
2024-02-29,429.3299865722656,430.75,427.55999755859375,428.239990234375,403.5570373535156,1503100
2024-03-01,427.8999938964844,428.9100036621094,424.0,426.4599914550781,401.879638671875,1059000
2024-03-04,428.5700073242188,433.8800048828125,426.9500122070313,431.9400024414063,407.0437622070313,1271900
2024-03-05,433.739990234375,436.010009765625,429.760009765625,431.9800109863281,407.0815124511719,1038000
2024-03-06,431.9800109863281,433.80999755859375,430.9200134277344,433.4800109863281,408.4950866699219,775300
2024-03-07,434.0,435.5799865722656,429.4800109863281,429.989990234375,405.2061767578125,1085800
2024-03-08,428.5,432.9800109863281,427.5700073242188,432.8999938964844,407.9484252929688,763200
2024-03-11,434.30999755859375,436.010009765625,432.6000061035156,434.75,409.6918640136719,951000
2024-03-12,432.9200134277344,435.7799987792969,432.3500061035156,434.9100036621094,409.8425903320313,825100
2024-03-13,435.7099914550781,437.7900085449219,433.739990234375,434.6000061035156,409.550537109375,987100
2024-03-14,436.3599853515625,437.6099853515625,433.2999877929688,435.7699890136719,410.653076171875,1153600
2024-03-15,433.1499938964844,438.2099914550781,433.1499938964844,435.8200073242188,410.7001647949219,5151300
2024-03-18,435.8200073242188,436.0899963378906,431.6799926757813,433.2000122070313,408.2311706542969,965300
2024-03-19,435.25,437.2900085449219,433.9800109863281,437.1900024414063,411.99114990234375,898700
2024-03-20,437.0299987792969,440.9599914550781,436.55999755859375,440.4100036621094,415.025634765625,845000
2024-03-21,441.3599853515625,443.8900146484375,439.3299865722656,443.1600036621094,417.61712646484375,912100
2024-03-22,444.5,446.25,443.6700134277344,445.8800048828125,420.1802978515625,1008300
2024-03-25,447.8599853515625,448.5499877929688,444.80999755859375,446.30999755859375,420.5855407714844,775000
2024-03-26,446.5,448.6199951171875,445.8599853515625,445.989990234375,420.283935546875,766700
2024-03-27,447.8800048828125,457.1099853515625,447.8599853515625,456.7799987792969,430.4520568847656,1277700
2024-03-28,456.7999877929688,457.1099853515625,453.9500122070313,454.8699951171875,428.6521606445313,1119500
2024-04-01,454.1400146484375,455.3599853515625,451.2200012207031,452.7900085449219,426.6920166015625,717100
2024-04-02,453.6300048828125,455.6900024414063,452.55999755859375,453.239990234375,427.1160888671875,837900
2024-04-03,452.9200134277344,454.1499938964844,447.5899963378906,447.8999938964844,422.0838928222656,758600
2024-04-04,450.260009765625,455.9800109863281,447.1499938964844,454.0400085449219,427.8700256347656,1398300
2024-04-05,452.4100036621094,455.5700073242188,449.8500061035156,455.3800048828125,429.1327819824219,892100
2024-04-08,456.0,457.0,452.2699890136719,452.3800048828125,426.3056945800781,751100
2024-04-09,448.6900024414063,452.05999755859375,446.1799926757813,447.5700073242188,421.7729187011719,842800
2024-04-10,444.6900024414063,452.6099853515625,442.8399963378906,451.7099914550781,425.6742858886719,1247700
2024-04-11,451.5,453.75,448.9500122070313,452.3200073242188,426.2491149902344,942800
2024-04-12,454.1099853515625,457.9800109863281,450.1099853515625,450.3999938964844,424.4397888183594,1251200
2024-04-15,458.989990234375,459.2999877929688,451.6300048828125,453.0799865722656,426.9653015136719,2442100
2024-04-16,454.7099914550781,458.8500061035156,453.6300048828125,454.30999755859375,428.1244201660156,1452300
2024-04-17,456.7099914550781,457.239990234375,451.7300109863281,456.0499877929688,429.7641296386719,848300
2024-04-18,454.8399963378906,458.0499877929688,454.2699890136719,456.0899963378906,429.8018798828125,714900
2024-04-19,457.7999877929688,465.3599853515625,457.2799987792969,463.8699951171875,437.1333923339844,1388000
2024-04-22,465.2300109863281,469.5400085449219,460.4100036621094,461.3299865722656,434.7398376464844,1820900
2024-04-23,466.1099853515625,473.5400085449219,457.6600036621094,460.0799865722656,433.5618286132813,1789500
2024-04-24,462.7000122070313,463.6900024414063,456.05999755859375,459.1400146484375,432.6760559082031,1018900
2024-04-25,457.9500122070313,465.6000061035156,457.5299987792969,464.7799987792969,437.9909362792969,927700
2024-04-26,463.8999938964844,466.0,459.1700134277344,461.2900085449219,434.7021179199219,858000
2024-04-29,461.989990234375,467.6499938964844,461.9599914550781,467.5499877929688,440.6012878417969,951500
2024-04-30,467.0799865722656,467.9800109863281,463.6199951171875,464.9299926757813,438.1322937011719,711800
2024-05-01,462.6099853515625,465.3999938964844,460.55999755859375,461.7300109863281,435.1167602539063,994700
2024-05-02,461.1000061035156,463.6000061035156,459.0,463.2000122070313,436.5019836425781,1011400
2024-05-03,462.9299926757813,462.9299926757813,457.1700134277344,461.9100036621094,435.286376953125,910700
2024-05-06,463.1600036621094,463.5,460.1799926757813,462.7799987792969,436.1062622070313,796300
2024-05-07,464.0,466.80999755859375,463.1600036621094,466.6799926757813,439.7814025878906,723400
2024-05-08,467.5,468.0,463.7799987792969,466.1600036621094,439.2914123535156,599000
2024-05-09,466.0799865722656,468.760009765625,465.2099914550781,468.3900146484375,441.3928833007813,594800
2024-05-10,469.0,470.6199951171875,467.9800109863281,468.8800048828125,441.8546447753906,482500
2024-05-13,469.8800048828125,472.3500061035156,469.5,470.55999755859375,443.4378356933594,634300
2024-05-14,471.1099853515625,471.1099853515625,466.7999877929688,467.1799926757813,440.2526245117188,565500
2024-05-15,466.2799987792969,467.3999938964844,463.510009765625,464.0799865722656,437.331298828125,803900
2024-05-16,463.6000061035156,468.3200073242188,453.0,464.8299865722656,438.0380859375,1130800
2024-05-17,465.8399963378906,467.0,463.1499938964844,466.2000122070313,439.3291015625,677200
2024-05-20,467.7699890136719,468.7699890136719,464.9200134277344,467.0799865722656,440.1583557128906,735200
2024-05-21,468.0,469.1199951171875,466.8399963378906,468.30999755859375,441.3174743652344,558900
2024-05-22,467.4700012207031,469.8999938964844,466.7799987792969,469.7099914550781,442.63677978515625,548700
2024-05-23,468.0899963378906,469.6799926757813,466.2300109863281,467.0799865722656,440.1583557128906,867000
2024-05-24,467.6700134277344,468.6600036621094,465.4700012207031,467.3500061035156,440.4128112792969,513700
2024-05-28,465.6099853515625,466.0,457.25,458.4800109863281,432.0541076660156,1150400
2024-05-29,455.9800109863281,456.0,451.7999877929688,452.7200012207031,426.6260986328125,1268000
2024-05-30,455.0,462.9400024414063,455.0,460.9400024414063,434.372314453125,1173600
2024-05-31,460.8999938964844,470.3599853515625,459.489990234375,470.3399963378906,443.23046875,1651600
2024-06-03,466.0,470.5199890136719,465.010009765625,467.6000061035156,443.6195373535156,990100
2024-06-04,467.510009765625,470.1600036621094,466.1600036621094,468.8900146484375,444.8433227539063,845800
2024-06-05,468.4200134277344,468.8500061035156,463.6199951171875,465.2300109863281,441.3710021972656,915300
2024-06-06,465.2300109863281,469.7900085449219,464.3500061035156,468.6199951171875,444.5871276855469,768100
2024-06-07,468.80999755859375,475.2900085449219,468.6199951171875,470.1300048828125,446.0197448730469,1042800
2024-06-10,470.75,470.75,465.760009765625,467.4599914550781,443.4866638183594,900400
2024-06-11,465.6799926757813,466.5799865722656,462.5799865722656,462.7999877929688,439.065673828125,908300
2024-06-12,462.2999877929688,463.2300109863281,457.6700134277344,459.1099853515625,435.56488037109375,1026400
2024-06-13,458.6400146484375,459.75,456.010009765625,458.55999755859375,435.0431213378906,742000
2024-06-14,456.5,458.55999755859375,454.4400024414063,458.3399963378906,434.8343505859375,702800
2024-06-17,457.75,459.1900024414063,456.30999755859375,459.010009765625,435.4700317382813,669700
2024-06-18,459.7999877929688,460.7000122070313,457.3900146484375,460.0,436.4092102050781,657900
2024-06-20,460.0,467.489990234375,459.1600036621094,466.3399963378906,442.424072265625,1041400
2024-06-21,467.1499938964844,469.7999877929688,463.6499938964844,467.6000061035156,443.6195373535156,3363500
2024-06-24,468.9599914550781,475.6900024414063,467.8200073242188,471.510009765625,447.3289184570313,1031500
2024-06-25,470.8200073242188,471.6199951171875,466.6600036621094,468.0700073242188,444.06536865234375,711200
2024-06-26,467.0,468.1000061035156,463.7200012207031,466.989990234375,443.0407104492188,932100
2024-06-27,468.8800048828125,468.8800048828125,465.30999755859375,467.1300048828125,443.1735534667969,871000
2024-06-28,470.0499877929688,471.75,464.8699951171875,467.1000061035156,443.1451110839844,3472500
2024-07-01,470.7699890136719,471.6799926757813,464.760009765625,466.4400024414063,442.51898193359375,562500
2024-07-02,465.6000061035156,466.6700134277344,464.0199890136719,465.7000122070313,441.8169555664063,502500
2024-07-03,465.489990234375,466.4700012207031,464.1300048828125,466.0299987792969,442.1299743652344,313300
2024-07-05,464.9800109863281,465.0,459.6900024414063,462.1600036621094,438.45849609375,631400
2024-07-08,462.6799926757813,464.5700073242188,461.1199951171875,461.760009765625,438.0789794921875,447700
2024-07-09,461.7000122070313,462.6199951171875,459.760009765625,460.2999877929688,436.6938171386719,537100
2024-07-10,460.3699951171875,461.3900146484375,457.25,461.010009765625,437.367431640625,656000
2024-07-11,459.9200134277344,465.7699890136719,456.1099853515625,460.3800048828125,436.7697448730469,1132900
2024-07-12,462.3599853515625,464.8999938964844,459.5299987792969,463.7300109863281,439.9479064941406,579400
2024-07-15,466.7099914550781,467.25,462.7799987792969,463.8800048828125,440.0902404785156,783000
2024-07-16,463.75,469.1900024414063,463.75,468.5799865722656,444.5492248535156,736400
2024-07-17,470.0,476.7799987792969,469.7000122070313,476.0700073242188,451.6550598144531,1123100
2024-07-18,474.5,480.8599853515625,473.0199890136719,476.0,451.5887451171875,981100
2024-07-19,479.5400085449219,479.5400085449219,472.80999755859375,474.9200134277344,450.5640869140625,889400
2024-07-22,475.0,476.1300048828125,472.8500061035156,474.5899963378906,450.2509765625,881600
2024-07-23,488.8399963378906,501.7699890136719,482.8599853515625,501.2900085449219,475.5816955566406,2579100
2024-07-24,505.0,519.5900268554688,501.4100036621094,515.2000122070312,488.7783203125,2580100
2024-07-25,515.0,526.6900024414062,512.8699951171875,521.4000244140625,494.6603698730469,1923900
2024-07-26,522.2899780273438,528.6400146484375,520.010009765625,524.7999877929688,497.8860168457031,1141300
2024-07-29,523.0,529.4600219726562,519.260009765625,527.6400146484375,500.5804138183594,961200
2024-07-30,527.9500122070312,538.4600219726562,525.030029296875,537.6599731445312,510.0864562988281,1234200
2024-07-31,543.0,547.0,538.1799926757812,541.9199829101562,514.1279907226562,1481500
2024-08-01,544.0399780273438,549.1199951171875,540.6900024414062,548.8599853515625,520.7120361328125,1271700
2024-08-02,551.1199951171875,561.1199951171875,541.3900146484375,548.77001953125,520.6267700195312,1484800
2024-08-05,553.1599731445312,562.5999755859375,538.239990234375,545.3800048828125,517.41064453125,1683800
2024-08-06,545.97998046875,549.47998046875,541.1400146484375,541.5599975585938,513.7864379882812,1033700
2024-08-07,539.8699951171875,552.1699829101562,536.739990234375,548.510009765625,520.3800048828125,1306600
2024-08-08,545.510009765625,553.6799926757812,543.6900024414062,551.6199951171875,523.3305053710938,846300
2024-08-09,552.1599731445312,553.6099853515625,548.1300048828125,551.5800170898438,523.2925415039062,825100
2024-08-12,551.0700073242188,557.5599975585938,550.4000244140625,556.9099731445312,528.3492431640625,793700
2024-08-13,556.9000244140625,559.6900024414062,552.3099975585938,559.4199829101562,530.7305908203125,793600
2024-08-14,558.0800170898438,564.219970703125,557.0,563.219970703125,534.3355712890625,796700
2024-08-15,561.7999877929688,564.0800170898438,558.8300170898438,560.2899780273438,531.555908203125,974600
2024-08-16,561.2999877929688,562.4199829101562,557.0,560.1300048828125,531.4042358398438,912000
2024-08-19,555.3200073242188,562.760009765625,555.25,558.3900146484375,529.7533569335938,709700
2024-08-20,557.969970703125,558.9000244140625,550.9600219726562,557.010009765625,528.4442138671875,972200
2024-08-21,558.3800048828125,559.989990234375,553.3099975585938,553.760009765625,525.36083984375,883100
2024-08-22,554.1799926757812,558.1799926757812,553.27001953125,557.030029296875,528.4631958007812,774500
2024-08-23,558.0,558.8699951171875,552.780029296875,555.010009765625,526.5467529296875,870400
2024-08-26,556.1099853515625,560.1400146484375,556.1099853515625,558.0999755859375,529.4782104492188,795400
2024-08-27,559.4500122070312,562.1900024414062,557.02001953125,560.4099731445312,531.6697387695312,749600
2024-08-28,562.2000122070312,568.72998046875,561.780029296875,563.97998046875,535.0567016601562,829300
2024-08-29,564.0,568.5700073242188,563.0,566.8499755859375,537.7794799804688,662300
2024-08-30,564.969970703125,569.0900268554688,562.5499877929688,568.0999755859375,538.9654541015625,1082800
2024-09-03,567.3300170898438,572.0,565.1900024414062,567.219970703125,541.1309814453125,1266900
2024-09-04,569.3400268554688,578.72998046875,568.719970703125,574.780029296875,548.34326171875,941700
2024-09-05,575.2000122070312,575.9199829101562,564.4099731445312,568.5900268554688,542.4380493164062,841000
2024-09-06,569.0499877929688,572.1099853515625,564.9500122070312,566.6300048828125,540.568115234375,976700
2024-09-09,567.510009765625,578.0,567.47998046875,576.5700073242188,550.0509033203125,810200
2024-09-10,577.5599975585938,577.8499755859375,570.4199829101562,572.1900024414062,545.8723754882812,756400
2024-09-11,571.2000122070312,572.4099731445312,561.0700073242188,566.9600219726562,540.8828735351562,809200
2024-09-12,565.0,568.969970703125,563.9000244140625,568.27001953125,542.1327514648438,739400
2024-09-13,567.0,572.4600219726562,564.530029296875,569.9099731445312,543.6971435546875,638800
2024-09-16,574.4099731445312,577.0,568.989990234375,572.9199829101562,546.5687866210938,597700
2024-09-17,566.6599731445312,568.1099853515625,563.5999755859375,567.010009765625,540.9306030273438,739900
2024-09-18,566.3200073242188,569.5399780273438,562.280029296875,565.489990234375,539.4805297851562,731700
2024-09-19,566.469970703125,567.530029296875,562.1599731445312,565.1799926757812,539.1848754882812,917500
2024-09-20,563.0800170898438,573.5,562.9400024414062,571.9199829101562,545.6148681640625,3794400
2024-09-23,571.5,581.75,570.8200073242188,580.510009765625,553.8097534179688,884500
2024-09-24,578.9299926757812,581.1599731445312,576.1500244140625,578.6300048828125,552.0162353515625,690100
2024-09-25,581.5599975585938,583.75,576.8599853515625,577.9400024414062,551.3578491210938,844500
2024-09-26,575.0,582.530029296875,574.4400024414062,577.4000244140625,550.8427734375,746200
2024-09-27,577.6500244140625,584.0700073242188,575.3300170898438,582.3599853515625,555.5745849609375,848100
2024-09-30,584.1400146484375,584.9500122070312,579.2100219726562,584.5599975585938,557.6734619140625,974900
2024-10-01,586.1199951171875,611.489990234375,581.9099731445312,605.8599853515625,577.9937744140625,2356200
2024-10-02,604.9400024414062,610.0,601.4199829101562,603.2000122070312,575.4560546875,1192500
2024-10-03,604.4400024414062,609.0,601.0,605.8200073242188,577.9556274414062,856600
2024-10-04,603.6599731445312,606.2899780273438,599.3200073242188,605.1300048828125,577.2973022460938,559800
2024-10-07,607.0,611.5900268554688,604.0,605.5399780273438,577.6884765625,1102200
2024-10-08,607.219970703125,610.75,603.0900268554688,608.0499877929688,580.0830688476562,571800
2024-10-09,606.7100219726562,607.1400146484375,603.02001953125,605.1099853515625,577.2783203125,543800
2024-10-10,606.1099853515625,607.2899780273438,596.219970703125,597.489990234375,570.0086669921875,853700
2024-10-11,600.5800170898438,604.5499877929688,600.0900268554688,604.1699829101562,576.3814697265625,526000
2024-10-14,606.0,611.989990234375,603.780029296875,610.8699951171875,582.7734375,562300
2024-10-15,612.5,614.6199951171875,603.719970703125,605.0,577.17333984375,849600
2024-10-16,603.0,613.010009765625,602.6199951171875,612.8300170898438,584.6432495117188,549200
2024-10-17,612.8300170898438,614.47998046875,607.239990234375,609.6199951171875,581.580810546875,617500
2024-10-18,611.3900146484375,613.3699951171875,608.489990234375,611.8099975585938,583.6701049804688,864100
2024-10-21,615.6400146484375,618.9500122070312,611.3599853515625,614.6099853515625,586.34130859375,1017500
2024-10-22,606.9000244140625,608.3400268554688,574.0,576.97998046875,550.4420776367188,2259200
2024-10-23,577.02001953125,582.1799926757812,571.0,571.0999755859375,544.83251953125,1402200
2024-10-24,570.72998046875,573.9299926757812,564.1799926757812,564.2100219726562,538.2594604492188,1102800
2024-10-25,566.7000122070312,569.97998046875,561.0999755859375,562.2899780273438,536.427734375,1077600
2024-10-28,563.0,563.1599731445312,554.5,555.1699829101562,529.6351928710938,1278700
2024-10-29,552.7999877929688,553.4000244140625,546.4099731445312,546.7999877929688,521.650146484375,1041700
2024-10-30,546.9000244140625,551.260009765625,543.2000122070312,545.9400024414062,520.8297729492188,1005200
2024-10-31,547.0399780273438,551.6799926757812,542.6699829101562,546.0499877929688,520.9346313476562,1245300
2024-11-01,548.0,549.3300170898438,544.6199951171875,545.3499755859375,520.2669067382812,792600
2024-11-04,545.7000122070312,548.8099975585938,540.4099731445312,543.0999755859375,518.120361328125,827600
2024-11-05,545.0,547.1699829101562,542.0,546.75,521.6024780273438,610100
2024-11-06,561.4000244140625,561.4000244140625,540.0,551.8200073242188,526.4393920898438,1751300
2024-11-07,555.0,557.0,549.6699829101562,551.8400268554688,526.4583740234375,818200
2024-11-08,555.469970703125,566.8099975585938,554.719970703125,564.5599975585938,538.5933227539062,1165700
2024-11-11,570.219970703125,576.1500244140625,569.7999877929688,570.5800170898438,544.33642578125,1171400
2024-11-12,574.3200073242188,576.4299926757812,564.7999877929688,565.9600219726562,539.928955078125,1133500
2024-11-13,564.0,565.0,556.3300170898438,557.72998046875,532.0774536132812,1118300
2024-11-14,561.3499755859375,561.3499755859375,533.7899780273438,538.989990234375,514.1993408203125,1972700
2024-11-15,537.8699951171875,542.5399780273438,531.4199829101562,534.8300170898438,510.2307434082031,1757100
2024-11-18,536.4000244140625,537.97998046875,528.739990234375,530.9600219726562,506.5386962890625,1298400
2024-11-19,537.0800170898438,539.3200073242188,531.2100219726562,533.260009765625,508.7329406738281,935700
2024-11-20,534.1799926757812,535.22998046875,529.2000122070312,534.72998046875,510.13525390625,994300
2024-11-21,535.1400146484375,544.6799926757812,533.719970703125,542.010009765625,517.08056640625,1321700
2024-11-22,545.0,546.0,539.9199829101562,542.219970703125,517.2808227539062,1311000
2024-11-25,532.97998046875,534.1599731445312,514.9000244140625,521.8900146484375,497.885986328125,3613500
2024-11-26,519.3900146484375,524.0599975585938,519.3900146484375,521.4500122070312,497.4661865234375,1345800
2024-11-27,523.5399780273438,529.989990234375,523.1699829101562,525.75,501.5683288574219,890400
2024-11-29,527.77001953125,529.47998046875,524.5900268554688,529.4099731445312,505.05999755859375,658200
2024-12-02,525.25,526.7899780273438,519.2999877929688,520.3400268554688,499.5208740234375,1115600
2024-12-03,520.1400146484375,521.5,516.25,517.0,496.31451416015625,1188400
2024-12-04,516.1300048828125,519.8300170898438,513.1400146484375,517.5,496.7945251464844,1542800
2024-12-05,517.4199829101562,520.5599975585938,514.010009765625,517.47998046875,496.7752990722656,1113400
2024-12-06,515.719970703125,517.4400024414062,509.6000061035156,513.030029296875,492.50341796875,1284700
2024-12-09,511.1900024414063,516.3599853515625,508.5499877929688,510.010009765625,489.6041870117188,1170500
2024-12-10,509.1600036621094,514.6099853515625,508.1000061035156,512.9400024414062,492.4169616699219,1178900
2024-12-11,513.7999877929688,514.0,503.30999755859375,504.239990234375,484.0650634765625,1308000
2024-12-12,500.0,501.1000061035156,488.7099914550781,496.5799865722656,476.7115173339844,1862800
2024-12-13,495.5700073242188,499.2200012207031,492.1799926757813,494.6499938964844,474.8587951660156,990100
2024-12-16,494.7999877929688,494.7999877929688,490.1499938964844,491.6499938964844,471.9787902832031,1483700
2024-12-17,489.05999755859375,493.0,487.760009765625,490.6099853515625,470.9803771972656,1354500
2024-12-18,489.5,490.239990234375,482.4100036621094,482.9400024414063,463.6172790527344,1424400
2024-12-19,480.0,484.0,477.30999755859375,479.6600036621094,460.4685363769531,1250400
2024-12-20,479.4500122070313,489.0199890136719,477.7699890136719,489.0199890136719,469.4539794921875,3973500
2024-12-23,487.4299926757813,488.8500061035156,481.8299865722656,486.489990234375,467.0252685546875,1053900
2024-12-24,486.05999755859375,488.7300109863281,484.010009765625,488.1300048828125,468.599609375,375900
2024-12-26,488.0,493.4700012207031,486.2699890136719,489.9800109863281,470.3756103515625,662100
2024-12-27,488.3800048828125,493.3999938964844,486.3800048828125,488.9700012207031,469.406005859375,820600
2024-12-30,486.0,486.5499877929688,481.8500061035156,483.3699951171875,464.0300903320313,887600
2024-12-31,484.3800048828125,486.5299987792969,482.0,485.9400024414063,466.4972534179688,731900
2025-01-02,485.9400024414063,489.7200012207031,481.4200134277344,482.25,462.9548645019531,953700
2025-01-03,481.4200134277344,483.9200134277344,480.9100036621094,481.8200073242188,462.5421142578125,817200
2025-01-06,478.75,480.0,465.8599853515625,466.0,447.3551025390625,1698600
2025-01-07,465.7200012207031,473.4200134277344,462.9400024414063,463.9599914550781,445.3966979980469,1276600
2025-01-08,463.5,469.2200012207031,461.239990234375,468.8500061035156,450.0910339355469,998700
2025-01-10,468.0,471.5899963378906,465.7300109863281,468.0499877929688,449.322998046875,1127400
2025-01-13,469.0,484.8200073242188,468.7999877929688,483.1600036621094,463.8285217285156,1435200
2025-01-14,485.0,485.2000122070313,477.9700012207031,484.4599914550781,465.0765075683594,1162000
2025-01-15,487.760009765625,487.760009765625,480.3699951171875,483.9700012207031,464.6060791015625,882200
2025-01-16,481.7999877929688,487.0,481.5,486.8599853515625,467.3804321289063,956400
2025-01-17,487.5400085449219,492.0499877929688,484.1900024414063,490.3200073242188,470.7019653320313,1337600
2025-01-21,495.0,509.5499877929688,494.7200012207031,506.2900085449219,486.0330505371094,1615900
2025-01-22,503.239990234375,505.5299987792969,495.1799926757813,499.3399963378906,479.361083984375,1324800
2025-01-23,503.5199890136719,506.0,493.9800109863281,497.2799987792969,477.383544921875,913000
2025-01-24,495.0,497.2900085449219,494.6000061035156,496.9599914550781,477.0763244628906,759400
2025-01-27,500.0899963378906,507.1099853515625,496.7799987792969,503.6900024414063,483.537109375,1948600
2025-01-28,473.7000122070313,479.7300109863281,457.2699890136719,457.4500122070313,439.1471557617188,4023900
2025-01-29,460.0,462.489990234375,449.3999938964844,454.3599853515625,436.1807556152344,2396800
2025-01-30,456.5799865722656,459.8900146484375,451.3200073242188,459.6499938964844,441.2591247558594,1911800
2025-01-31,460.0,464.2300109863281,457.1499938964844,462.9500122070313,444.4271240234375,1473800
2025-02-03,458.7999877929688,461.3299865722656,453.5799865722656,455.4200134277344,437.1983947753906,1476300
2025-02-04,454.0,455.4100036621094,451.260009765625,453.6799926757813,435.5280151367188,1234200
2025-02-05,457.0,457.1000061035156,448.7699890136719,449.8699951171875,431.8704223632813,1139700
2025-02-06,450.0,452.1700134277344,444.6300048828125,448.5199890136719,430.5744323730469,1291800
2025-02-07,449.8999938964844,451.5,443.7799987792969,444.3900146484375,426.6096801757813,1347400
2025-02-10,444.7999877929688,448.9400024414063,440.7099914550781,448.2200012207031,430.2864685058594,1427800
2025-02-11,447.8999938964844,451.7999877929688,445.0,449.3599853515625,431.38079833984375,906100
2025-02-12,447.260009765625,449.1400146484375,441.0499877929688,441.9700012207031,424.2864990234375,1282800
2025-02-13,442.5,445.2999877929688,432.010009765625,434.7200012207031,417.32659912109375,2400000
2025-02-14,433.5499877929688,435.1600036621094,419.7000122070313,423.1900024414063,406.2579040527344,3252800
2025-02-18,429.6900024414063,432.9299926757813,423.5,428.5400085449219,411.3938598632813,2812500
2025-02-19,431.0,438.0,425.5799865722656,432.9500122070313,415.6274108886719,2802100
2025-02-20,429.5799865722656,438.0,429.30999755859375,436.2900085449219,418.833740234375,1358000
2025-02-21,436.3900146484375,443.7300109863281,435.6700134277344,440.7200012207031,423.0865478515625,1652400
2025-02-24,442.0,448.2799987792969,438.5400085449219,440.2699890136719,422.654541015625,1946200
2025-02-25,441.75,451.6700134277344,441.0,448.4599914550781,430.516845703125,1715500
2025-02-26,445.8299865722656,448.0,439.3399963378906,441.5,423.8353271484375,1466900
2025-02-27,442.1900024414063,447.0799865722656,441.4500122070313,446.4599914550781,428.5968933105469,1458100
2025-02-28,447.0,450.7999877929688,445.0299987792969,450.3699951171875,432.3504028320313,1433600
2025-03-03,452.8699951171875,454.4299926757813,448.8299865722656,451.9400024414063,437.06005859375,1579400
2025-03-04,450.7799987792969,463.739990234375,448.489990234375,448.8200073242188,434.0428161621094,2268700
2025-03-05,451.1300048828125,463.4800109863281,449.3699951171875,460.4200134277344,445.2608947753906,2060100
2025-03-06,461.3200073242188,463.5,453.4100036621094,461.5,446.3053283691406,1395800
2025-03-07,458.0,477.489990234375,458.0,473.6499938964844,458.0552673339844,2168700
2025-03-10,475.4599914550781,494.2000122070313,473.7000122070313,479.1700134277344,463.3935241699219,2284400
2025-03-11,476.7099914550781,478.6499938964844,466.5400085449219,468.8800048828125,453.4423828125,1456900
2025-03-12,465.1400146484375,466.8200073242188,456.0,461.5,446.3053283691406,1271500
2025-03-13,460.0499877929688,468.5299987792969,459.8599853515625,467.9299926757813,452.5236206054688,1159200
2025-03-14,465.9200134277344,469.0,461.9599914550781,466.1700134277344,450.8215637207031,972400
2025-03-17,463.8399963378906,472.2699890136719,462.8299865722656,467.6099853515625,452.2141418457031,1051600
2025-03-18,468.1199951171875,471.6300048828125,465.3900146484375,469.2799987792969,453.82916259765625,881600
2025-03-19,471.2300109863281,475.6900024414063,466.7699890136719,470.5499877929688,455.0573425292969,1122700
2025-03-20,469.1600036621094,469.8999938964844,464.2099914550781,466.739990234375,451.3727722167969,922000
2025-03-21,478.0899963378906,481.5,432.510009765625,439.7000122070313,425.2230529785156,7141700
2025-03-24,425.6300048828125,435.7699890136719,424.2999877929688,434.9800109863281,420.6584777832031,3015400
2025-03-25,436.7699890136719,444.010009765625,433.0,442.0700073242188,427.51507568359375,1600200
2025-03-26,444.2799987792969,451.2000122070313,443.0,445.1700134277344,430.5130310058594,1349700
2025-03-27,446.0299987792969,448.1400146484375,440.2200012207031,442.2799987792969,427.7181701660156,1559300
2025-03-28,442.2300109863281,445.760009765625,439.55999755859375,441.489990234375,426.9541015625,1595700
2025-03-31,441.5700073242188,451.05999755859375,440.739990234375,446.7099914550781,432.0022888183594,1690000
2025-04-01,448.0,451.25,444.4800109863281,448.6400146484375,433.8687744140625,1042400
2025-04-02,446.2200012207031,455.9200134277344,445.010009765625,452.8699951171875,437.95947265625,1270300
2025-04-03,453.510009765625,461.8800048828125,450.7999877929688,454.7799987792969,439.80657958984375,1813800
2025-04-04,450.0,454.9299926757813,432.1300048828125,432.1499938964844,417.9216918945313,2392700
2025-04-07,422.2000122070313,438.9100036621094,418.8800048828125,430.8200073242188,416.6354675292969,1968100
2025-04-08,448.4400024414063,451.3900146484375,437.4299926757813,443.3599853515625,428.7625732421875,2151500
2025-04-09,439.25,468.3299865722656,435.3800048828125,462.239990234375,447.02093505859375,2291600
2025-04-10,460.0,469.1000061035156,450.3800048828125,463.7000122070313,448.4329223632813,1832600
2025-04-11,464.3299865722656,478.1799926757813,460.3200073242188,474.8999938964844,459.2641296386719,1452300
2025-04-14,472.7999877929688,478.75,467.5899963378906,475.3399963378906,459.6896667480469,1079600
2025-04-15,474.2699890136719,475.3399963378906,468.0,469.5799865722656,454.1192932128906,1224300
2025-04-16,477.3299865722656,482.8200073242188,474.5299987792969,477.0799865722656,461.3723754882813,1529700
2025-04-17,461.6400146484375,469.6700134277344,448.3900146484375,464.0799865722656,448.8003845214844,3052800
2025-04-21,459.260009765625,463.2300109863281,452.7900085449219,458.3299865722656,443.23968505859375,1532900
2025-04-22,458.0499877929688,470.7699890136719,442.3500061035156,462.0799865722656,446.8662414550781,2878000
2025-04-23,467.0,471.3900146484375,457.6499938964844,463.5499877929688,448.287841796875,1352700
2025-04-24,465.7699890136719,467.5899963378906,460.1600036621094,466.80999755859375,451.4405212402344,1105000
2025-04-25,469.989990234375,478.4599914550781,467.8999938964844,477.6400146484375,461.9139404296875,1521700
2025-04-28,479.30999755859375,483.7900085449219,474.2900085449219,476.2900085449219,460.6083679199219,1159700
2025-04-29,475.9800109863281,479.2999877929688,473.3500061035156,475.8800048828125,460.21185302734375,897100
2025-04-30,478.2699890136719,478.6099853515625,471.1300048828125,477.75,462.0202941894531,1095000
2025-05-01,476.0,479.4500122070313,473.0,477.7200012207031,461.9913024902344,986400
2025-05-02,484.75,491.0700073242188,467.510009765625,472.7999877929688,457.2332763671875,2090500
2025-05-05,474.0,474.489990234375,469.3399963378906,471.55999755859375,456.03411865234375,1150200
2025-05-06,469.7699890136719,471.1600036621094,463.4599914550781,468.2099914550781,452.7944030761719,1135400
2025-05-07,468.3999938964844,474.8999938964844,467.05999755859375,471.3200073242188,455.802001953125,1204400
2025-05-08,473.0,479.0,471.7300109863281,474.5299987792969,458.90631103515625,1093100
2025-05-09,475.2699890136719,476.6300048828125,468.0799865722656,473.5199890136719,457.9295654296875,978800
2025-05-12,473.5,475.6900024414063,465.7799987792969,473.1600036621094,457.5814208984375,1364500
2025-05-13,472.80999755859375,472.80999755859375,459.1400146484375,459.8299865722656,444.6902770996094,1859400
2025-05-14,460.8399963378906,461.7999877929688,445.05999755859375,449.1799926757813,434.3909606933594,2129700
2025-05-15,458.9700012207031,465.4100036621094,455.0299987792969,465.1400146484375,449.8254699707031,1758700
2025-05-16,466.2099914550781,468.489990234375,462.6600036621094,468.3200073242188,452.90081787109375,1319200
2025-05-19,469.4100036621094,474.4400024414063,467.7799987792969,473.05999755859375,457.4847412109375,1199700
2025-05-20,471.2300109863281,477.1000061035156,470.8900146484375,475.8200073242188,460.1539001464844,1058500
2025-05-21,480.8399963378906,480.9299926757813,470.0499877929688,470.2799987792969,454.7962341308594,1435100
2025-05-22,468.7900085449219,472.8699951171875,467.1199951171875,470.4500122070313,454.9606628417969,885000
2025-05-23,467.9599914550781,469.5499877929688,465.55999755859375,468.8800048828125,453.4423828125,866700
2025-05-27,470.7999877929688,476.8500061035156,468.6600036621094,476.8500061035156,461.1499328613281,1548000
2025-05-28,477.5400085449219,478.9800109863281,469.0,469.9800109863281,454.5061340332031,956500
2025-05-29,467.9299926757813,474.55999755859375,465.3200073242188,473.6900024414063,458.093994140625,851000
2025-05-30,473.6700134277344,482.3800048828125,471.05999755859375,482.3800048828125,466.4978332519531,2196300
2025-06-02,478.260009765625,479.7300109863281,474.0,478.8200073242188,466.2446899414063,1154200
2025-06-03,479.0,481.1300048828125,476.5400085449219,480.1700134277344,467.5592346191406,1032300
2025-06-04,481.989990234375,486.8599853515625,481.6900024414063,482.2099914550781,469.5456237792969,1273700
2025-06-05,484.3699951171875,485.1300048828125,471.75,478.0299987792969,465.4754333496094,1063100
2025-06-06,477.80999755859375,481.9599914550781,476.9700012207031,481.6900024414063,469.039306640625,714400
2025-06-09,480.2799987792969,482.8399963378906,476.6199951171875,480.8299865722656,468.2018737792969,1064100
2025-06-10,480.0,481.6499938964844,475.6400146484375,476.8999938964844,464.3750915527344,1150400
2025-06-11,464.1499938964844,464.1499938964844,443.4100036621094,456.6000061035156,444.6083068847656,3618200
2025-06-12,457.30999755859375,469.2699890136719,456.5,469.2699890136719,456.9454650878906,1700600
2025-06-13,478.9700012207031,488.2999877929688,473.3500061035156,486.4500122070313,473.6743469238281,2729700
2025-06-16,482.010009765625,482.7300109863281,464.5199890136719,467.05999755859375,454.7935485839844,2766600
2025-06-17,470.760009765625,481.5799865722656,467.5,479.3399963378906,466.75103759765625,2191200
2025-06-18,478.4500122070313,482.3599853515625,467.9599914550781,468.6000061035156,456.2931213378906,1871200
2025-06-20,469.0,474.30999755859375,461.1099853515625,470.55999755859375,458.20159912109375,2419400
2025-06-23,472.9299926757813,482.3699951171875,468.5299987792969,472.4599914550781,460.0517272949219,2666400
2025-06-24,467.8500061035156,468.7000122070313,457.6799926757813,460.2000122070313,448.1137390136719,1970200
2025-06-25,464.2099914550781,464.8800048828125,456.5,458.3900146484375,446.3512878417969,1265500
2025-06-26,459.30999755859375,464.0700073242188,456.6400146484375,457.8999938964844,445.8741149902344,1590100
2025-06-27,455.6400146484375,459.1799926757813,451.4599914550781,458.5899963378906,446.5459899902344,1996400
2025-06-30,459.4500122070313,463.8200073242188,457.8800048828125,463.1400146484375,450.97650146484375,1205600
2025-07-01,463.0,469.4400024414063,460.0,465.9400024414063,453.7029724121094,1242800
2025-07-02,466.0,466.9299926757813,458.6099853515625,462.5499877929688,450.4019775390625,1127300
2025-07-03,463.7099914550781,465.3500061035156,460.9700012207031,462.5199890136719,450.3727722167969,707900
2025-07-07,464.5,470.5499877929688,461.3699951171875,469.05999755859375,456.7409973144531,1224100
2025-07-08,464.2000122070313,466.6199951171875,460.6499938964844,463.010009765625,450.8499450683594,1243000
2025-07-09,465.3800048828125,465.989990234375,460.2099914550781,463.05999755859375,450.8985900878906,892700
2025-07-10,458.6799926757813,466.4800109863281,456.0,464.30999755859375,452.1157836914063,1253300
2025-07-11,464.75,468.2099914550781,461.8200073242188,467.510009765625,455.2317504882813,1209200
2025-07-14,470.0,474.760009765625,468.0,473.5700073242188,461.132568359375,1488000
2025-07-15,473.2900085449219,473.9400024414063,468.510009765625,470.1199951171875,457.773193359375,1039500
2025-07-16,469.6700134277344,472.6000061035156,466.4100036621094,471.4700012207031,459.0877075195313,935000
2025-07-17,470.5,474.3999938964844,467.7099914550781,469.2000122070313,456.87738037109375,926200
2025-07-18,469.2200012207031,471.2099914550781,460.9700012207031,463.9599914550781,451.7749328613281,1845300
2025-07-21,464.6400146484375,467.3599853515625,460.5299987792969,460.5299987792969,448.4350280761719,1577800
2025-07-22,422.75,437.4500122070313,410.1099853515625,410.739990234375,399.9526672363281,8886500
2025-07-23,413.760009765625,423.3699951171875,411.0,419.3900146484375,408.3755187988281,4578600
2025-07-24,421.0,426.8800048828125,420.1300048828125,420.5499877929688,409.5050659179688,3083900
2025-07-25,421.5400085449219,425.6700134277344,418.510009765625,421.1700134277344,410.1087646484375,2461800
2025-07-28,425.8999938964844,428.8599853515625,421.1700134277344,421.3399963378906,410.2743225097656,2423700
2025-07-29,422.739990234375,423.6499938964844,417.3500061035156,420.1300048828125,409.0960693359375,2428800
2025-07-30,420.1300048828125,422.7999877929688,417.1499938964844,418.6799926757813,407.6841125488281,1632100
2025-07-31,417.1300048828125,422.5799865722656,412.5499877929688,420.9800109863281,409.92376708984375,2178000
2025-08-01,420.760009765625,423.9599914550781,417.0,421.010009765625,409.9529724121094,2006300
2025-08-04,420.0,424.6000061035156,419.0,423.7000122070313,412.57232666015625,1548200
2025-08-05,423.3299865722656,430.0700073242188,421.8599853515625,428.239990234375,416.9930725097656,1643900
2025-08-06,427.7699890136719,436.6199951171875,427.6600036621094,434.8500061035156,423.4295043945313,2032300
2025-08-07,430.4299926757813,434.8500061035156,428.0499877929688,430.75,419.4371337890625,1490000
2025-08-08,431.1900024414063,433.5899963378906,423.9100036621094,425.6300048828125,414.45159912109375,1477600
2025-08-11,426.0,427.8200073242188,424.1199951171875,426.260009765625,415.0650939941406,1462100
2025-08-12,425.9200134277344,431.5899963378906,425.0,431.55999755859375,420.2258911132813,1492100
2025-08-13,432.5199890136719,443.4500122070313,431.4200134277344,442.5700073242188,430.9467468261719,1890600
2025-08-14,436.0400085449219,443.8999938964844,434.8399963378906,437.3200073242188,425.8346252441406,1733600
2025-08-15,437.8399963378906,441.4299926757813,436.4599914550781,437.55999755859375,426.06829833984375,1501700
2025-08-18,440.5499877929688,443.7699890136719,439.1199951171875,440.6400146484375,429.0674133300781,1154400
2025-08-19,439.8599853515625,444.5,438.6000061035156,441.1000061035156,429.5153503417969,1248100
2025-08-20,440.1400146484375,447.0799865722656,440.1400146484375,446.0,434.28662109375,1282800
2025-08-21,444.989990234375,448.489990234375,444.7000122070313,447.2000122070313,435.45513916015625,1026000
2025-08-22,449.989990234375,452.55999755859375,444.8599853515625,446.2000122070313,434.48138427734375,1890300
2025-08-25,447.0700073242188,448.75,445.1000061035156,447.7200012207031,435.9614562988281,985200
2025-08-26,450.5199890136719,456.3699951171875,447.0,455.4599914550781,443.4981689453125,2051500
2025-08-27,456.8699951171875,459.4700012207031,454.0,454.4700012207031,442.5342102050781,1293900
2025-08-28,453.8699951171875,456.5499877929688,450.3599853515625,456.1799926757813,444.19927978515625,1385800
2025-08-29,457.5199890136719,459.8999938964844,454.8800048828125,455.6300048828125,443.6637268066406,1373200
2025-09-02,453.7999877929688,455.7699890136719,447.5899963378906,452.5,443.8304748535156,1645600
2025-09-03,451.0700073242188,452.0,446.6900024414063,449.05999755859375,440.4563903808594,1541800
2025-09-04,450.9599914550781,457.1700134277344,449.5,456.8500061035156,448.0971374511719,1449200
2025-09-05,456.7699890136719,463.9800109863281,456.7699890136719,463.8999938964844,455.0120544433594,1465200
2025-09-08,462.9299926757813,462.9299926757813,452.7699890136719,459.1099853515625,450.3138122558594,1477600
2025-09-09,457.6099853515625,457.8699951171875,452.4200134277344,457.05999755859375,448.3031005859375,1008400
2025-09-10,456.2099914550781,464.3800048828125,455.7099914550781,463.8699951171875,454.9826354980469,1076900
2025-09-11,463.8500061035156,472.3999938964844,462.989990234375,470.7300109863281,461.7112121582031,1623700
2025-09-12,468.9299926757813,472.9800109863281,467.1700134277344,471.30999755859375,462.2801208496094,1041100
2025-09-15,471.4700012207031,474.2900085449219,468.989990234375,473.25,464.1829223632813,1148300
2025-09-16,473.5899963378906,478.4400024414063,471.6700134277344,474.3200073242188,465.232421875,1156900
2025-09-17,474.9299926757813,477.1900024414063,472.6400146484375,473.1199951171875,464.055419921875,1016500
2025-09-18,471.1199951171875,474.3599853515625,467.989990234375,473.6199951171875,464.5458068847656,1107700
2025-09-19,474.2300109863281,477.0,471.3800048828125,472.9400024414063,463.8788757324219,2839100
2025-09-22,473.6700134277344,482.0700073242188,473.010009765625,480.3900146484375,471.1861572265625,1409800
2025-09-23,480.8999938964844,486.7799987792969,479.3399963378906,486.6700134277344,477.3458251953125,1135500
2025-09-24,487.1499938964844,495.239990234375,485.510009765625,486.25,476.9338684082031,1424200
2025-09-25,489.5799865722656,490.739990234375,484.05999755859375,484.3399963378906,475.0604553222656,1205700
2025-09-26,487.9100036621094,490.75,484.5700073242188,487.4400024414063,478.10107421875,913900
2025-09-29,497.0,498.989990234375,489.2200012207031,491.9800109863281,482.5541076660156,1391100
2025-09-30,492.5799865722656,499.8900146484375,491.1400146484375,499.2099914550781,489.6455383300781,1312700
2025-10-01,496.1700134277344,504.0700073242188,495.0,499.0,489.4395751953125,1187000
2025-10-02,499.239990234375,503.6000061035156,497.010009765625,499.3599853515625,489.7926940917969,915500
2025-10-03,499.4200134277344,506.80999755859375,499.25,504.489990234375,494.8244018554688,1006500
2025-10-06,506.6300048828125,515.4299926757812,506.6300048828125,514.239990234375,504.3875732421875,1389700
2025-10-07,514.2000122070312,515.97998046875,509.1400146484375,511.0700073242188,501.2783508300781,922400
2025-10-08,515.25,516.0,511.2200012207031,514.02001953125,504.17181396484375,798400
2025-10-09,513.8900146484375,515.1900024414062,503.80999755859375,507.760009765625,498.0317687988281,1186000
2025-10-10,508.8299865722656,513.4500122070312,500.5400085449219,505.0499877929688,495.3736572265625,1313800
2025-10-13,502.2999877929688,507.4299926757813,500.0,503.8299865722656,494.177001953125,926700
2025-10-14,501.25,507.0,499.0,505.1799926757813,495.5011901855469,1078000
2025-10-15,503.0,505.0,485.4800109863281,499.4100036621094,489.84173583984375,1678500
2025-10-16,500.739990234375,501.30999755859375,492.0,493.25,483.79974365234375,1099700
2025-10-17,490.4800109863281,496.6799926757813,488.1000061035156,495.1499938964844,485.663330078125,1915500
2025-10-20,496.4299926757813,505.8999938964844,496.4299926757813,505.8999938964844,496.2073669433594,1433300
2025-10-21,482.7099914550781,506.6000061035156,482.7099914550781,489.5,480.12158203125,2870000
2025-10-22,491.4700012207031,492.4100036621094,482.5400085449219,487.1400146484375,477.8067932128906,1725700
2025-10-23,488.1199951171875,493.9800109863281,486.5199890136719,488.0499877929688,478.6993408203125,1445700
2025-10-24,490.2799987792969,491.8200073242188,484.0799865722656,485.4100036621094,476.1099243164063,1368400
2025-10-27,484.0799865722656,487.30999755859375,479.8699951171875,486.9100036621094,477.5812072753906,1423200
2025-10-28,486.3699951171875,489.3999938964844,483.6199951171875,485.7699890136719,476.4630126953125,1220600
2025-10-29,485.0,488.8200073242188,483.6700134277344,485.3299865722656,476.0314636230469,971500
2025-10-30,485.5700073242188,494.4599914550781,485.5,489.7200012207031,480.3373718261719,1081000
2025-10-31,489.0,493.6099853515625,486.0499877929688,491.8800048828125,482.45599365234375,1185000
2025-11-03,491.0,491.510009765625,484.75,487.9400024414063,478.5914916992188,846600
2025-11-04,484.4599914550781,488.5,481.0,484.9800109863281,475.6881713867188,1169300
2025-11-05,483.0199890136719,485.8500061035156,473.1400146484375,473.1400146484375,464.0750732421875,1708000
2025-11-06,473.1099853515625,474.1799926757813,466.1099853515625,468.9200134277344,459.9359130859375,1093600
2025-11-07,468.8999938964844,469.4100036621094,456.2000122070313,458.3500061035156,449.56842041015625,2514500
2025-11-10,456.0,457.1000061035156,448.4800109863281,452.1000061035156,443.4381713867188,1630100
2025-11-11,451.7699890136719,461.7699890136719,451.0,457.0700073242188,448.3129577636719,1322100
2025-11-12,456.1400146484375,459.7699890136719,455.2200012207031,457.0400085449219,448.2835083007813,935400
2025-11-13,458.010009765625,460.9100036621094,455.1000061035156,455.8500061035156,447.1163024902344,819600
2025-11-14,455.8500061035156,466.3900146484375,454.0,465.7699890136719,456.8462524414063,1177300
2025-11-17,467.2799987792969,471.6000061035156,464.7200012207031,470.7799987792969,461.76025390625,1822400
2025-11-18,475.2200012207031,485.0,471.2000122070313,474.7200012207031,465.624755859375,1242100
2025-11-19,472.0,472.4200134277344,468.2999877929688,469.9100036621094,460.9069213867188,861300
2025-11-20,473.8800048828125,477.4299926757813,465.0199890136719,468.260009765625,459.2885437011719,1044900
2025-11-21,468.6000061035156,469.3999938964844,459.9599914550781,460.7799987792969,451.9518432617188,1575300
2025-11-24,459.4299926757813,461.1900024414063,450.05999755859375,451.05999755859375,442.4180908203125,1411200
2025-11-25,451.05999755859375,454.0299987792969,448.4800109863281,452.4100036621094,443.7421875,1615900
2025-11-26,453.2999877929688,457.260009765625,452.9800109863281,454.1600036621094,445.4586791992188,1299800
2025-11-28,454.5400085449219,457.8599853515625,452.6099853515625,457.8599853515625,449.0877990722656,748000
2025-12-01,453.2799987792969,454.0899963378906,438.5,439.1900024414063,434.0460510253906,1659200
2025-12-02,440.9800109863281,442.75,437.25,441.8200073242188,436.645263671875,1535600
2025-12-03,443.4100036621094,448.4700012207031,439.0499877929688,446.7999877929688,441.56689453125,1751500
2025-12-04,448.1799926757813,449.5299987792969,445.4299926757813,448.3500061035156,443.0987548828125,1283700
2025-12-05,447.7799987792969,452.8200073242188,446.4100036621094,452.2000122070313,446.9036865234375,1290500
2025-12-08,453.5,465.55999755859375,451.4800109863281,465.3800048828125,459.9293212890625,1390700
2025-12-09,466.2799987792969,472.80999755859375,465.0,466.8900146484375,461.421630859375,1102300
2025-12-10,465.2099914550781,473.0799865722656,455.8800048828125,467.9400024414063,462.4593200683594,2313600
2025-12-11,470.2900085449219,479.7000122070313,470.2900085449219,474.8800048828125,469.3180236816406,1294000
2025-12-12,475.6600036621094,480.8399963378906,470.7900085449219,480.25,474.6251525878906,1384300
2025-12-15,478.989990234375,484.7699890136719,477.239990234375,484.4200134277344,478.7463073730469,1002300
2025-12-16,479.6099853515625,479.7900085449219,473.8599853515625,477.05999755859375,471.4724731445313,1262400
2025-12-17,471.0,476.8900146484375,462.25,474.7900085449219,469.2290954589844,1989200
2025-12-18,472.4100036621094,476.2000122070313,469.0,470.1400146484375,464.633544921875,1363900
2025-12-19,466.3399963378906,475.7200012207031,464.8800048828125,474.1300048828125,468.5768127441406,2826500
2025-12-22,474.9599914550781,485.0199890136719,474.9599914550781,483.5700073242188,477.90625,1120600
2025-12-23,484.0,484.9500122070313,481.0,482.5499877929688,476.8981628417969,864000
2025-12-24,485.0,491.1799926757813,484.4500122070313,485.75,480.0606994628906,581600
2025-12-26,485.2000122070313,487.05999755859375,481.1799926757813,483.0299987792969,477.37255859375,605700
2025-12-29,483.8299865722656,489.4299926757813,483.2900085449219,488.8699951171875,483.1441650390625,933400
2025-12-30,489.3399963378906,491.7000122070313,487.9400024414063,488.0,482.2843627929688,996400
2025-12-31,489.0,489.6799926757813,483.5199890136719,483.6700134277344,478.0050964355469,669900
2026-01-02,483.25,497.1600036621094,476.5400085449219,497.0700073242188,491.2481384277344,1126100
2026-01-05,503.9299926757813,515.8800048828125,503.0,511.5700073242188,505.5783081054688,1982600
2026-01-06,517.0599975585938,538.72998046875,517.0599975585938,522.0399780273438,515.9256591796875,2813100
2026-01-07,525.3099975585938,532.3800048828125,496.0,496.8699951171875,491.0504760742188,4084900
2026-01-08,531.8900146484375,542.8699951171875,513.010009765625,518.4400024414062,512.3678588867188,4108800
2026-01-09,525.8800048828125,546.0700073242188,525.8800048828125,542.9199829101562,536.5610961914062,2647700
2026-01-12,548.9600219726562,554.27001953125,540.3099975585938,551.239990234375,544.78369140625,2970000
2026-01-13,560.02001953125,563.2999877929688,550.8400268554688,558.2999877929688,551.760986328125,2013000
2026-01-14,556.989990234375,578.0399780273438,556.1199951171875,572.7000122070312,565.9923706054688,2643100
2026-01-15,568.6599731445312,579.5999755859375,559.72998046875,577.8900146484375,571.12158203125,1763400
2026-01-16,578.2100219726562,582.9299926757812,577.4199829101562,582.4299926757812,575.6083374023438,2375700
2026-01-20,580.0,586.8499755859375,573.3900146484375,576.0599975585938,569.31298828125,1521900
2026-01-21,576.0599975585938,588.969970703125,576.0599975585938,586.22998046875,579.3638305664062,1817700
2026-01-22,585.1799926757812,595.9500122070312,582.5,593.9099731445312,586.9539184570312,1493600
2026-01-23,594.6400146484375,596.22998046875,586.010009765625,590.8200073242188,583.9000854492188,1271700
2026-01-26,590.0,590.4000244140625,575.6300048828125,581.6599731445312,574.8473510742188,1460500
2026-01-27,580.0,595.8699951171875,573.8200073242188,594.9500122070312,587.9817504882812,1710700
2026-01-28,592.9000244140625,599.3200073242188,583.0,597.27001953125,590.2745971679688,1324000
2026-01-29,609.239990234375,645.6699829101562,607.5599975585938,622.510009765625,615.2189331054688,3931900
2026-01-30,621.0,641.1900024414062,615.510009765625,634.219970703125,626.791748046875,2099600
2026-02-02,620.0,640.97998046875,615.1799926757812,636.0,628.5509033203125,1967800
2026-02-03,640.0,646.5900268554688,618.4500122070312,628.260009765625,620.9015502929688,2300700
2026-02-04,630.8200073242188,632.0499877929688,596.22998046875,602.760009765625,595.7003173828125,2654800
2026-02-05,602.72998046875,614.0,595.0,609.1799926757812,602.0450439453125,1684400
2026-02-06,614.5900268554688,624.0900268554688,611.2000122070312,623.5800170898438,616.2764282226562,1095800
2026-02-09,625.280029296875,638.969970703125,625.010009765625,638.2899780273438,630.8140869140625,1589800
2026-02-10,637.469970703125,638.2899780273438,626.510009765625,629.5599975585938,622.1864013671875,1211600
2026-02-11,631.22998046875,633.5900268554688,621.6799926757812,628.7000122070312,621.33642578125,1024600
2026-02-12,630.0,644.25,630.0,637.4299926757812,629.9641723632812,1745600
2026-02-13,639.0,656.3400268554688,639.0,652.5800170898438,644.936767578125,1490800
2026-02-17,653.0,656.219970703125,642.0,649.5800170898438,641.9718627929688,1169600
2026-02-18,657.1699829101562,660.5499877929688,647.1900024414062,649.8099975585938,642.19921875,1350300
2026-02-19,656.5,669.75,655.5,666.510009765625,658.7035522460938,1370300
2026-02-20,666.77001953125,668.25,648.4099731445312,658.260009765625,650.5501708984375,1447700
2026-02-23,655.6199951171875,663.27001953125,653.6900024414062,660.6199951171875,652.882568359375,1196100
2026-02-24,658.2899780273438,669.0999755859375,652.5700073242188,664.4299926757812,656.64794921875,1361500
2026-02-25,662.4400024414062,663.5499877929688,634.0399780273438,647.5,639.916259765625,1664400
2026-02-26,646.4600219726562,647.5,638.030029296875,641.6300048828125,634.1150512695312,1269200
2026-02-27,648.0900268554688,662.469970703125,647.0999755859375,658.0800170898438,650.3723754882812,2599900
2026-03-02,685.5,692.0,664.010009765625,676.7000122070312,672.2987670898438,3246500
2026-03-03,682.0,686.469970703125,657.5599975585938,667.8200073242188,663.4765625,2142100
2026-03-04,670.0,671.0,652.5399780273438,664.47998046875,660.1582641601562,1650900
2026-03-05,662.0999755859375,663.0,647.22998046875,655.0,650.7399291992188,1720100
2026-03-06,661.6500244140625,672.8599853515625,656.4000244140625,671.77001953125,667.40087890625,1895100
2026-03-09,675.5800170898438,676.0800170898438,657.3499755859375,664.1500244140625,659.8304443359375,2369700
2026-03-10,657.9500122070312,659.8900146484375,646.2000122070312,651.219970703125,646.9844970703125,1653000
2026-03-11,645.3200073242188,657.0,644.1300048828125,649.469970703125,645.245849609375,1364000
2026-03-12,651.9500122070312,661.0,646.6300048828125,652.8300170898438,648.5840454101562,1411200
2026-03-13,652.6699829101562,660.0,640.5,646.0,641.7984619140625,1071300
2026-03-16,645.22998046875,651.5499877929688,639.0,645.2000122070312,641.003662109375,1181000
2026-03-17,644.9600219726562,645.0,632.7899780273438,636.3300170898438,632.1913452148438,1388800
2026-03-18,641.1099853515625,645.8499755859375,636.4500122070312,642.280029296875,638.1026611328125,1026200
2026-03-19,639.0599975585938,640.0,623.75,637.510009765625,633.3637084960938,1540800
2026-03-20,635.8599853515625,638.510009765625,622.3699951171875,627.4299926757812,623.3492431640625,6511300
2026-03-23,629.0700073242188,629.6599731445312,610.6300048828125,616.25,612.241943359375,1386600
2026-03-24,612.9500122070312,615.2999877929688,605.0,610.1699829101562,606.2014770507812,1078200
2026-03-25,612.5,626.9299926757812,612.4199829101562,624.2000122070312,620.1402587890625,1190300
2026-03-26,619.7999877929688,632.9199829101562,619.7999877929688,627.3300170898438,623.2498779296875,1262400
2026-03-27,625.7000122070312,631.4500122070312,613.6599731445312,615.8400268554688,611.8346557617188,1061100
2026-03-30,621.030029296875,623.3200073242188,593.8800048828125,598.5700073242188,594.6769409179688,1849300
2026-03-31,604.5,610.0,598.7000122070312,604.3900146484375,600.4591064453125,1327800
2026-04-01,608.8200073242188,619.0999755859375,606.1099853515625,617.6400146484375,613.6229248046875,1118100
2026-04-02,616.7000122070312,626.510009765625,616.010009765625,622.7899780273438,618.7393798828125,1116800
2026-04-06,623.1099853515625,637.9199829101562,621.3699951171875,637.9000244140625,633.7511596679688,1128800
2026-04-07,635.5999755859375,636.7999877929688,625.8200073242188,627.7000122070312,623.6174926757812,732100
2026-04-08,612.27001953125,630.6699829101562,605.5,628.5,624.4122924804688,1283400
2026-04-09,627.989990234375,636.8800048828125,623.0900268554688,623.8699951171875,619.8123779296875,911100
2026-04-10,619.280029296875,621.7000122070312,607.1599731445312,613.719970703125,609.7283935546875,874000
2026-04-13,617.8699951171875,622.510009765625,615.010009765625,619.6900024414062,615.6595458984375,678700
2026-04-14,617.0,617.0,609.0599975585938,611.5800170898438,607.6023559570312,905700
2026-04-15,611.0,615.5900268554688,607.3400268554688,611.0999755859375,607.1254272460938,879300
2026-04-16,610.7100219726562,613.0,601.4099731445312,607.489990234375,603.5389404296875,853500
2026-04-17,604.3300170898438,609.3800048828125,588.4099731445312,592.1900024414062,588.3384399414062,1701600
2026-04-20,593.5999755859375,598.0,578.22998046875,581.280029296875,577.4993896484375,1722000
2026-04-21,580.2899780273438,580.97998046875,568.8400268554688,571.9500122070312,568.2301025390625,1603500
2026-04-22,575.8800048828125,576.0700073242188,550.1900024414062,555.4299926757812,551.8175048828125,2289000
2026-04-23,533.9099731445312,538.8099975585938,522.260009765625,529.7899780273438,526.34423828125,3212500
2026-04-24,525.0,526.7999877929688,503.6000061035156,513.4500122070312,510.1105651855469,3089200
2026-04-27,514.0499877929688,527.6599731445312,511.9100036621094,513.3499755859375,510.01116943359375,2111400
2026-04-28,518.4400024414062,518.6799926757812,507.55999755859375,512.2899780273438,508.95806884765625,1456100
2026-04-29,513.969970703125,516.0,501.9500122070313,509.80999755859375,506.4942321777344,1619200
2026-04-30,511.0799865722656,518.22998046875,507.8999938964844,517.969970703125,514.6011352539062,1588400
2026-05-01,517.9500122070312,519.5800170898438,512.1199951171875,512.77001953125,509.43499755859375,1403300
2026-05-04,513.4099731445312,524.5,512.0,518.1500244140625,514.780029296875,1370900
2026-05-05,520.0,520.0,507.489990234375,508.9299926757813,505.6199340820313,1365200
2026-05-06,508.9500122070313,514.469970703125,500.30999755859375,514.260009765625,510.915283203125,1590400
2026-05-07,515.030029296875,515.5,503.0299987792969,512.4099731445312,509.0773010253906,2056300
2026-05-08,508.5899963378906,512.0,504.5,506.510009765625,503.2156982421875,1293800
2026-05-11,505.0,515.6300048828125,502.4500122070313,512.25,508.9183654785156,1363600
2026-05-12,512.5,522.510009765625,512.5,521.0,517.6114501953125,1163000
2026-05-13,517.469970703125,520.8699951171875,510.7900085449219,519.9400024414062,516.558349609375,824600
2026-05-14,520.739990234375,521.4299926757812,515.25,520.4099731445312,517.0252685546875,856600
2026-05-15,521.3599853515625,524.9299926757812,514.72998046875,516.010009765625,512.6539306640625,1299200
2026-05-18,517.8099975585938,528.3900146484375,512.760009765625,528.3099975585938,524.8739013671875,1382800
2026-05-19,527.510009765625,530.260009765625,523.47998046875,526.6300048828125,523.204833984375,1107600
2026-05-20,526.6300048828125,526.8499755859375,517.0,522.5900268554688,519.191162109375,1018900
2026-05-21,523.239990234375,529.47998046875,517.02001953125,522.7899780273438,519.3897705078125,1639700
2026-05-22,524.8599853515625,534.27001953125,524.0,533.239990234375,529.7718505859375,1050600
2026-05-26,536.0,536.02001953125,529.0,532.9000244140625,529.43408203125,1346600
2026-05-27,531.97998046875,533.5700073242188,524.25,531.1400146484375,527.6854858398438,1044900
2026-05-28,534.1599731445312,541.2100219726562,531.1400146484375,537.2100219726562,533.716064453125,1137600
2026-05-29,536.239990234375,537.25,527.9500122070312,530.4500122070312,527.0,2246900
2026-06-01,523.97998046875,525.989990234375,515.8800048828125,516.5,516.5,1374600
2026-06-02,514.5,516.7100219726562,510.1000061035156,513.4299926757812,513.4299926757812,1079200
2026-06-03,512.25,524.5399780273438,510.5400085449219,512.030029296875,512.030029296875,1044000
2026-06-04,517.739990234375,522.7000122070312,514.1400146484375,519.0499877929688,519.0499877929688,851300
2026-06-05,520.0,528.010009765625,519.9500122070312,523.760009765625,523.760009765625,903100
2026-06-08,523.0,527.1099853515625,516.8499755859375,520.0700073242188,520.0700073242188,847600
2026-06-09,519.0,530.1799926757812,518.8699951171875,530.1300048828125,530.1300048828125,1020700
2026-06-10,534.25,535.2000122070312,524.8099975585938,525.02001953125,525.02001953125,934300
2026-06-11,528.6199951171875,550.989990234375,528.260009765625,548.6799926757812,548.6799926757812,1378100
2026-06-12,547.0,550.8599853515625,538.3099975585938,540.3300170898438,540.3300170898438,1029400
2026-06-15,535.4199829101562,535.7999877929688,528.5900268554688,530.3599853515625,530.3599853515625,1196900
2026-06-16,531.260009765625,538.5,527.010009765625,535.9500122070312,535.9500122070312,847700
2026-06-17,530.25,539.469970703125,528.9000244140625,532.3200073242188,532.3200073242188,1142300
2026-06-18,535.5599975585938,536.9000244140625,505.1799926757813,510.9500122070313,510.9500122070313,3978800
2026-06-22,508.5,510.0,490.0499877929688,493.6000061035156,493.6000061035156,1704900
2026-06-23,498.8299865722656,504.2999877929688,496.5299987792969,503.6700134277344,503.6700134277344,827500
2026-06-24,502.9400024414063,503.3399963378906,491.489990234375,491.6400146484375,491.6400146484375,1288400
2026-06-25,495.9500122070313,512.5700073242188,494.25,505.0199890136719,505.0199890136719,1378300
2026-06-26,505.25,518.239990234375,503.8999938964844,507.3999938964844,507.3999938964844,3672100
2026-06-29,508.5,510.1400146484375,501.75,502.0700073242188,502.0700073242188,997500
2026-06-30,504.0,509.4599914550781,498.2999877929688,509.4599914550781,509.4599914550781,1157200
2026-07-01,517.0,524.239990234375,514.3499755859375,521.8200073242188,521.8200073242188,1278000
2026-07-02,529.0,545.989990234375,529.0,545.9099731445312,545.9099731445312,1396900
2026-07-06,545.0,545.9099731445312,535.1699829101562,538.0,538.0,937700
2026-07-07,546.0,547.469970703125,531.77001953125,535.3800048828125,535.3800048828125,847600
2026-07-08,537.6300048828125,537.6300048828125,525.3499755859375,527.9600219726562,527.9600219726562,927700
2026-07-09,522.5,525.010009765625,515.5499877929688,518.260009765625,518.260009765625,989600
2026-07-10,516.4199829101562,524.0,513.8099975585938,523.219970703125,523.219970703125,662800
2026-07-13,525.010009765625,527.4500122070312,517.260009765625,520.6799926757812,520.6799926757812,714600
2026-07-14,518.3599853515625,526.260009765625,514.8699951171875,514.989990234375,514.989990234375,698500
2026-07-15,514.8300170898438,520.6799926757812,512.780029296875,514.4600219726562,514.4600219726562,816500
2026-07-16,515.0,520.1300048828125,511.30999755859375,513.52001953125,513.52001953125,758100
2026-07-17,519.0,527.3300170898438,507.6799926757813,508.7699890136719,508.7699890136719,1274500
2026-07-20,510.6300048828125,515.8400268554688,507.739990234375,509.5400085449219,509.5400085449219,998400
2026-07-21,501.0,507.75,487.1499938964844,507.0899963378906,507.0899963378906,1316400
2026-07-22,515.7899780273438,521.0,512.0,514.3599853515625,514.3599853515625,1141900
2026-07-23,545.0,576.0,545.0,568.5900268554688,568.5900268554688,3275500
2026-07-24,568.5900268554688,588.4099731445312,568.5900268554688,582.5999755859375,582.5999755859375,1738900
2026-07-27,581.8800048828125,587.989990234375,578.0,580.0,580.0,1082300
2026-07-28,589.0,593.77001953125,576.72998046875,581.3099975585938,581.3099975585938,1277300
2026-07-29,585.0,587.0,568.739990234375,569.2000122070312,569.2000122070312,1600900
2026-07-30,565.760009765625,574.760009765625,556.5499877929688,574.1099853515625,574.1099853515625,1512700
2026-07-31,574.1099853515625,583.8900146484375,570.8900146484375,582.739990234375,582.739990234375,1424700
2026-08-03,583.5,589.4099731445312,579.030029296875,586.2899780273438,586.2899780273438,1236400
2026-08-04,587.1900024414062,592.5,578.2999877929688,589.3300170898438,589.3300170898438,1181200
2026-08-05,593.0,593.6900024414062,577.1300048828125,577.5999755859375,577.5999755859375,954700
2026-08-06,584.3099975585938,588.489990234375,577.8099975585938,582.8499755859375,582.8499755859375,738400
2026-08-07,581.1099853515625,588.3900146484375,577.0,587.9500122070312,587.9500122070312,749600
2026-08-10,591.77001953125,606.6500244140625,589.719970703125,603.1599731445312,603.1599731445312,1185800
2026-08-11,600.3099975585938,602.75,592.8900146484375,597.77001953125,597.77001953125,924800
2026-08-12,595.489990234375,610.3599853515625,588.010009765625,606.719970703125,606.719970703125,1036800
2026-08-13,609.780029296875,609.780029296875,596.47998046875,598.010009765625,598.010009765625,798400
2026-08-14,603.0,609.239990234375,599.1099853515625,608.6799926757812,608.6799926757812,862600
2026-08-17,605.5,607.0,593.6300048828125,593.739990234375,593.739990234375,673338
