Date,Open,High,Low,Close,Adj Close,Volume
2021-08-16,66.13999938964844,66.4800033569336,65.62000274658203,66.44999694824219,60.28444290161133,778100
2021-08-17,66.0199966430664,66.44999694824219,65.50499725341797,66.04000091552734,59.91248321533203,812100
2021-08-18,65.97000122070312,67.04499816894531,65.74500274658203,66.1500015258789,60.01227951049805,1395800
2021-08-19,65.72000122070312,66.43000030517578,65.42500305175781,65.7300033569336,59.631256103515625,2171100
2021-08-20,65.5999984741211,66.1500015258789,64.9000015258789,65.08000183105469,59.04156494140625,1261300
2021-08-23,65.41000366210938,66.27999877929688,65.16000366210938,66.12999725341797,59.9941291809082,1471000
2021-08-24,66.56999969482422,66.8499984741211,66.19000244140625,66.62999725341797,60.44773483276367,1027200
2021-08-25,66.87999725341797,67.2699966430664,66.05999755859375,66.08999633789062,59.95784378051758,724800
2021-08-26,65.79000091552734,66.31999969482422,64.27999877929688,64.51000213623047,58.524452209472656,695600
2021-08-27,64.6500015258789,65.81999969482422,64.55999755859375,65.55999755859375,59.47701644897461,953700
2021-08-30,65.56999969482422,65.8010025024414,64.27999877929688,64.3499984741211,58.37929153442383,924600
2021-08-31,64.61000061035156,65.51000213623047,64.38999938964844,65.1500015258789,59.10506820678711,1081500
2021-09-01,65.41999816894531,65.62999725341797,64.80000305175781,65.58000183105469,59.495155334472656,989800
2021-09-02,65.66999816894531,65.80000305175781,64.20999908447266,64.5,58.51537322998047,762700
2021-09-03,64.33999633789062,64.44999694824219,63.540000915527344,63.58000183105469,57.68073654174805,602000
2021-09-07,63.22999954223633,63.33000183105469,61.849998474121094,62.15999984741211,56.39248275756836,1439900
2021-09-08,62.11000061035156,62.33000183105469,61.70000076293945,61.970001220703125,56.22011947631836,647000
2021-09-09,61.54999923706055,62.029998779296875,61.0,61.25,55.56692886352539,1082600
2021-09-10,61.33000183105469,61.79999923706055,60.34000015258789,60.4900016784668,54.877437591552734,1027900
2021-09-13,60.88999938964844,62.16999816894531,60.560001373291016,61.459999084472656,55.757442474365234,1037000
2021-09-14,61.59000015258789,61.59000015258789,60.36000061035156,60.880001068115234,55.23126220703125,685700
2021-09-15,60.849998474121094,61.369998931884766,60.63999938964844,61.029998779296875,55.36733627319336,871700
2021-09-16,61.099998474121094,62.2400016784668,61.099998474121094,61.869998931884766,56.12939453125,842400
2021-09-17,61.810001373291016,62.119998931884766,61.31999969482422,61.56999969482422,55.85722732543945,1748700
2021-09-20,60.560001373291016,61.619998931884766,60.41999816894531,61.52000045776367,55.8118782043457,857200
2021-09-21,61.68000030517578,61.91999816894531,60.86000061035156,61.2599983215332,55.57600784301758,783600
2021-09-22,61.77000045776367,62.08000183105469,60.95000076293945,61.02000045776367,55.358272552490234,1236500
2021-09-23,61.459999084472656,61.7400016784668,59.77000045776367,60.369998931884766,54.7685661315918,1907100
2021-09-24,60.18000030517578,61.08000183105469,60.11000061035156,60.790000915527344,55.14960479736328,1495000
2021-09-27,61.2400016784668,62.34000015258789,60.90999984741211,61.529998779296875,55.820945739746094,1012000
2021-09-28,61.529998779296875,61.994998931884766,61.005001068115234,61.290000915527344,55.60321044921875,1357700
2021-09-29,61.310001373291016,62.459999084472656,60.95000076293945,61.61000061035156,55.893531799316406,693200
2021-09-30,61.59000015258789,62.189998626708984,61.20000076293945,61.369998931884766,55.675785064697266,1359400
2021-10-01,61.83000183105469,63.04999923706055,61.61000061035156,62.79999923706055,56.973114013671875,894900
2021-10-04,62.93000030517578,63.650001525878906,62.470001220703125,62.93000030517578,57.091041564941406,995200
2021-10-05,62.970001220703125,63.459999084472656,62.209999084472656,62.45000076293945,56.65558624267578,1220200
2021-10-06,61.86000061035156,62.38999938964844,60.5,62.34000015258789,56.5557861328125,2301700
2021-10-07,55.20000076293945,61.02000045776367,54.18000030517578,58.20000076293945,52.799922943115234,6425800
2021-10-08,57.529998779296875,57.77000045776367,56.13999938964844,56.38999938964844,51.15785217285156,3133500
2021-10-11,56.119998931884766,56.93000030517578,55.04999923706055,55.20000076293945,50.078285217285156,1987200
2021-10-12,55.0,55.63999938964844,54.47999954223633,55.09000015258789,49.978485107421875,1800500
2021-10-13,55.79999923706055,56.79999923706055,55.51499938964844,55.97999954223633,50.78590774536133,1812400
2021-10-14,56.279998779296875,58.0,55.939998626708984,57.959999084472656,52.582191467285156,1960900
2021-10-15,58.22999954223633,58.38999938964844,56.13999938964844,56.2400016784668,51.02178192138672,2070400
2021-10-18,55.939998626708984,56.547000885009766,55.459999084472656,55.5,50.3504524230957,1065200
2021-10-19,55.650001525878906,56.1150016784668,55.279998779296875,55.95000076293945,50.758689880371094,958800
2021-10-20,55.90999984741211,57.4900016784668,55.90999984741211,57.47999954223633,52.146728515625,1238700
2021-10-21,57.47999954223633,57.7239990234375,56.95000076293945,57.2400016784668,51.92899703979492,1006700
2021-10-22,57.540000915527344,59.33000183105469,57.2599983215332,59.09000015258789,53.60734176635742,1762900
2021-10-25,59.0099983215332,59.560001373291016,57.880001068115234,58.400001525878906,52.98136901855469,1558600
2021-10-26,58.54999923706055,59.029998779296875,57.994998931884766,58.34000015258789,52.92692565917969,973100
2021-10-27,58.5,58.564998626708984,57.16999816894531,57.45000076293945,52.11951446533203,926800
2021-10-28,57.599998474121094,58.11000061035156,57.209999084472656,57.4900016784668,52.155799865722656,988300
2021-10-29,57.099998474121094,57.459999084472656,56.29999923706055,56.45000076293945,51.21228790283203,1017800
2021-11-01,56.540000915527344,57.970001220703125,56.540000915527344,57.560001373291016,52.219303131103516,818800
2021-11-02,57.709999084472656,57.939998626708984,55.939998626708984,56.720001220703125,51.457244873046875,1237000
2021-11-03,56.959999084472656,58.5,56.65999984741211,57.79999923706055,52.43703079223633,1326800
2021-11-04,57.4900016784668,57.779998779296875,56.04999923706055,56.150001525878906,51.148094177246094,1793200
2021-11-05,56.91999816894531,57.849998474121094,56.779998779296875,57.65999984741211,52.523563385009766,1548200
2021-11-08,57.88999938964844,58.220001220703125,56.900001525878906,58.130001068115234,52.95170593261719,2334300
2021-11-09,58.29999923706055,58.93000030517578,57.88999938964844,58.779998779296875,53.54380416870117,1436100
2021-11-10,59.130001068115234,59.59000015258789,57.689998626708984,58.58000183105469,53.361610412597656,1980000
2021-11-11,58.20000076293945,59.150001525878906,57.790000915527344,57.83000183105469,52.67843246459961,1685600
2021-11-12,57.25,57.38399887084961,55.11000061035156,56.5099983215332,51.47601318359375,3069900
2021-11-15,56.939998626708984,59.029998779296875,56.54999923706055,58.189998626708984,53.00635528564453,2479900
2021-11-16,58.060001373291016,58.81999969482422,57.369998931884766,57.720001220703125,52.5782356262207,1669500
2021-11-17,57.849998474121094,59.45000076293945,57.40999984741211,58.70000076293945,53.47092056274414,1878900
2021-11-18,58.27000045776367,58.61000061035156,55.91999816894531,56.900001525878906,51.83128356933594,2328100
2021-11-19,56.91999816894531,57.56999969482422,55.869998931884766,56.369998931884766,51.34848403930664,2210700
2021-11-22,56.5099983215332,57.970001220703125,55.84000015258789,57.349998474121094,52.241188049316406,2003300
2021-11-23,57.45000076293945,58.61000061035156,56.869998931884766,57.11000061035156,52.02256393432617,2293300
2021-11-24,56.81999969482422,56.81999969482422,55.683998107910156,55.970001220703125,50.9841194152832,1736000
2021-11-26,54.540000915527344,54.71799850463867,52.0099983215332,52.75,48.050968170166016,2269400
2021-11-29,53.279998779296875,54.02000045776367,52.18000030517578,53.290000915527344,48.5428581237793,2536400
2021-11-30,52.619998931884766,52.880001068115234,51.22999954223633,51.91999816894531,47.29490280151367,10607200
2021-12-01,53.040000915527344,54.09000015258789,50.220001220703125,50.2400016784668,45.764549255371094,1837600
2021-12-02,51.0099983215332,53.47999954223633,50.529998779296875,53.060001373291016,48.333351135253906,2444700
2021-12-03,53.220001220703125,54.58000183105469,52.79999923706055,53.97999954223633,49.171390533447266,2232900
2021-12-06,54.95000076293945,56.540000915527344,54.36000061035156,54.84000015258789,49.95478057861328,2596300
2021-12-07,55.34000015258789,56.43000030517578,55.02000045776367,56.41999816894531,51.3940315246582,1734800
2021-12-08,56.43000030517578,57.224998474121094,56.0,57.04999923706055,51.96791076660156,1163400
2021-12-09,56.63999938964844,56.959999084472656,56.23500061035156,56.709999084472656,51.65819549560547,1243700
2021-12-10,57.09000015258789,57.380001068115234,56.630001068115234,57.04999923706055,51.96791076660156,1218200
2021-12-13,56.900001525878906,57.5099983215332,56.150001525878906,56.77000045776367,51.712852478027344,1050300
2021-12-14,56.849998474121094,57.63999938964844,56.68000030517578,56.88999938964844,51.822166442871094,1154600
2021-12-15,57.09000015258789,57.5,56.1879997253418,57.189998626708984,52.09543991088867,1564000
2021-12-16,57.4900016784668,58.05500030517578,56.810001373291016,57.220001220703125,52.122772216796875,1849200
2021-12-17,56.810001373291016,58.720001220703125,56.369998931884766,58.040000915527344,52.869712829589844,2689000
2021-12-20,57.4900016784668,59.25,57.29999923706055,59.04999923706055,53.78974533081055,2071100
2021-12-21,59.58000183105469,61.380001068115234,59.349998474121094,61.18000030517578,55.73000717163086,1880300
2021-12-22,60.7599983215332,61.5,60.599998474121094,60.95000076293945,55.52049255371094,940100
2021-12-23,61.150001525878906,61.880001068115234,61.040000915527344,61.75,56.24922561645508,765000
2021-12-27,61.68000030517578,61.95000076293945,61.06999969482422,61.75,56.24922561645508,1111600
2021-12-28,61.52000045776367,62.56999969482422,61.52000045776367,62.220001220703125,56.677364349365234,746500
2021-12-29,62.4900016784668,62.709999084472656,61.880001068115234,62.65999984741211,57.078163146972656,690600
2021-12-30,63.0,63.77000045776367,62.849998474121094,63.02000045776367,57.406105041503906,926200
2021-12-31,62.790000915527344,63.650001525878906,62.790000915527344,63.380001068115234,57.734031677246094,714900
2022-01-03,63.40999984741211,63.952999114990234,63.02000045776367,63.91999816894531,58.225929260253906,1689100
2022-01-04,63.91999816894531,64.26000213623047,63.15999984741211,63.29999923706055,57.66115188598633,2269100
2022-01-05,63.369998931884766,64.15499877929688,62.52000045776367,63.119998931884766,57.49718475341797,1735700
2022-01-06,69.0999984741211,71.58000183105469,67.0199966430664,67.81999969482422,61.77850341796875,5555900
2022-01-07,67.80000305175781,70.67500305175781,67.25,70.23999786376953,63.98291015625,3026100
2022-01-10,70.23999786376953,70.68000030517578,67.69999694824219,68.54000091552734,62.43437957763672,2278600
2022-01-11,68.44999694824219,69.5999984741211,68.44999694824219,69.33000183105469,63.153995513916016,1711600
2022-01-12,69.56999969482422,69.8499984741211,68.74099731445312,68.83000183105469,62.69852828979492,1460100
2022-01-13,68.91000366210938,69.41899871826172,68.72000122070312,69.04000091552734,62.88983154296875,1078400
2022-01-14,68.4000015258789,69.08999633789062,68.11000061035156,68.93000030517578,62.789634704589844,1190000
2022-01-18,68.2699966430664,68.36499786376953,67.27999877929688,67.72000122070312,61.68742370605469,1174000
2022-01-19,67.91000366210938,68.11000061035156,66.87000274658203,67.02999877929688,61.05887222290039,1093400
2022-01-20,66.86000061035156,67.43000030517578,65.20999908447266,65.33000183105469,59.51032638549805,1232600
2022-01-21,65.44000244140625,66.08000183105469,64.45999908447266,64.80999755859375,59.0366325378418,1381400
2022-01-24,64.12999725341797,65.04000091552734,62.400001525878906,64.86000061035156,59.08219528198242,1860900
2022-01-25,64.16000366210938,64.81999969482422,62.915000915527344,64.0,58.298789978027344,1359700
2022-01-26,64.5,65.66999816894531,63.35499954223633,63.720001220703125,58.043731689453125,1138500
2022-01-27,64.45999908447266,65.12000274658203,63.20800018310547,63.59000015258789,57.925323486328125,895200
2022-01-28,63.2599983215332,64.04000091552734,62.65999984741211,64.04000091552734,58.33523178100586,1246700
2022-01-31,63.52000045776367,64.70500183105469,63.36000061035156,64.20999908447266,58.490089416503906,1171900
2022-02-01,64.18000030517578,64.7699966430664,63.560001373291016,64.58999633789062,58.836238861083984,1169900
2022-02-02,64.37999725341797,64.93000030517578,63.90999984741211,64.29000091552734,58.56297302246094,1075100
2022-02-03,63.689998626708984,64.52999877929688,63.400001525878906,63.970001220703125,58.494380950927734,1062300
2022-02-04,63.34000015258789,63.68000030517578,62.4900016784668,62.75,57.37881088256836,679100
2022-02-07,62.83000183105469,64.61000061035156,62.599998474121094,64.2699966430664,58.76870346069336,1306400
2022-02-08,64.5,65.0,63.7599983215332,64.70999908447266,59.171043395996094,883000
2022-02-09,65.19999694824219,66.58999633789062,65.14299774169922,66.58000183105469,60.880985260009766,1190700
2022-02-10,65.94000244140625,67.68000030517578,65.66999816894531,66.22000122070312,60.55179214477539,1201400
2022-02-11,66.55000305175781,67.3499984741211,65.91500091552734,66.25,60.579219818115234,1091100
2022-02-14,66.30000305175781,66.61000061035156,64.9000015258789,65.37999725341797,59.78369140625,604000
2022-02-15,65.58000183105469,66.88500213623047,65.55999755859375,66.79000091552734,61.072998046875,686300
2022-02-16,66.37000274658203,67.37999725341797,66.18000030517578,67.12999725341797,61.383907318115234,704600
2022-02-17,66.94999694824219,66.98999786376953,66.05999755859375,66.12999725341797,60.46949005126953,536300
2022-02-18,65.80999755859375,66.80999755859375,65.71499633789062,66.5,60.80781936645508,940600
2022-02-22,66.29000091552734,67.19999694824219,65.66000366210938,66.68000030517578,60.97241973876953,1168500
2022-02-23,66.9000015258789,67.31999969482422,66.02999877929688,66.1500015258789,60.48777389526367,586300
2022-02-24,64.91000366210938,65.0,62.650001525878906,64.58000183105469,59.052181243896484,1212600
2022-02-25,65.08999633789062,67.9800033569336,64.91000366210938,67.83999633789062,62.033119201660156,1179100
2022-02-28,66.18000030517578,67.38500213623047,65.88999938964844,66.43000030517578,60.74381637573242,846700
2022-03-01,66.33999633789062,66.33999633789062,63.470001220703125,63.75,58.2932243347168,906500
2022-03-02,63.75,63.84000015258789,62.68000030517578,63.5,58.06461715698242,1463300
2022-03-03,63.70000076293945,64.12000274658203,60.68000030517578,61.09000015258789,55.860904693603516,1521200
2022-03-04,59.86000061035156,60.06999969482422,57.7599983215332,58.02000045776367,53.053680419921875,1983400
2022-03-07,57.7599983215332,57.994998931884766,52.06999969482422,52.650001525878906,48.14334487915039,2860400
2022-03-08,52.65999984741211,54.02000045776367,50.709999084472656,51.7599983215332,47.32950973510742,2658300
2022-03-09,53.709999084472656,55.13999938964844,53.27000045776367,53.31999969482422,48.7559928894043,2195600
2022-03-10,52.150001525878906,52.45000076293945,50.90999984741211,51.33000183105469,46.93632125854492,1335900
2022-03-11,51.599998474121094,51.810001373291016,50.06999969482422,50.11000061035156,45.820762634277344,1500800
2022-03-14,50.56999969482422,51.02000045776367,49.709999084472656,49.959999084472656,45.683597564697266,1556400
2022-03-15,49.900001525878906,50.709999084472656,49.900001525878906,50.56999969482422,46.24138259887695,1204100
2022-03-16,50.88999938964844,53.09000015258789,50.875,53.08000183105469,48.536537170410156,1761500
2022-03-17,52.7599983215332,53.65999984741211,52.540000915527344,53.4900016784668,48.91143035888672,1318800
2022-03-18,53.59000015258789,54.869998931884766,53.29999923706055,54.58000183105469,49.908138275146484,2135100
2022-03-21,54.56999969482422,55.540000915527344,54.290000915527344,54.4900016784668,49.825843811035156,1280400
2022-03-22,54.52000045776367,55.779998779296875,54.31999969482422,55.720001220703125,50.9505615234375,1152000
2022-03-23,55.400001525878906,56.189998626708984,54.560001373291016,54.79999923706055,50.10930633544922,1254200
2022-03-24,55.20000076293945,55.779998779296875,54.720001220703125,55.7599983215332,50.98713684082031,898500
2022-03-25,56.04999923706055,57.369998931884766,55.650001525878906,57.220001220703125,52.32215881347656,1068900
2022-03-28,57.470001220703125,58.040000915527344,56.93000030517578,58.0099983215332,53.04453659057617,1053700
2022-03-29,59.099998474121094,60.380001068115234,58.900001525878906,59.630001068115234,54.525875091552734,1395900
2022-03-30,59.2400016784668,59.72999954223633,59.130001068115234,59.720001220703125,54.6081657409668,1070200
2022-03-31,59.459999084472656,60.66999816894531,59.029998779296875,59.90999984741211,54.781917572021484,1653400
2022-04-01,60.47999954223633,61.22999954223633,59.63999938964844,61.20000076293945,55.96148681640625,1642300
2022-04-04,60.9900016784668,60.9900016784668,59.900001525878906,60.689998626708984,55.495147705078125,1545800
2022-04-05,60.380001068115234,60.84000015258789,60.0099983215332,60.290000915527344,55.12938690185547,1254400
2022-04-06,59.900001525878906,60.93000030517578,59.400001525878906,60.439998626708984,55.26652908325195,1462600
2022-04-07,63.150001525878906,66.197998046875,63.150001525878906,65.26000213623047,59.6739616394043,3190700
2022-04-08,65.63999938964844,67.28500366210938,65.3499984741211,66.33000183105469,60.652374267578125,2049300
2022-04-11,66.0,67.48999786376953,65.56999969482422,65.95999908447266,60.31404495239258,1663600
2022-04-12,65.87999725341797,67.2699966430664,65.45999908447266,66.26000213623047,60.58837127685547,908200
2022-04-13,66.05999755859375,67.58000183105469,66.05999755859375,67.31999969482422,61.5576286315918,747600
2022-04-14,67.69000244140625,69.18000030517578,67.69000244140625,68.70999908447266,62.828651428222656,1428000
2022-04-18,68.44000244140625,68.88999938964844,66.88999938964844,67.16000366210938,61.41132736206055,944100
2022-04-19,67.05999755859375,68.69999694824219,66.68399810791016,68.06999969482422,62.243431091308594,952500
2022-04-20,68.3499984741211,69.44000244140625,67.77999877929688,69.1500015258789,63.23100280761719,859400
2022-04-21,69.6500015258789,69.76499938964844,68.41500091552734,68.66000366210938,62.78293228149414,592400
2022-04-22,68.55000305175781,68.9800033569336,68.0,68.19999694824219,62.36233139038086,984100
2022-04-25,68.16000366210938,69.27999877929688,66.4800033569336,69.13999938964844,63.22184371948242,717700
2022-04-26,68.69000244140625,68.70500183105469,66.36000061035156,66.37999725341797,60.698097229003906,746000
2022-04-27,66.23999786376953,67.77999877929688,66.03199768066406,66.83999633789062,61.11872100830078,637600
2022-04-28,67.44000244140625,67.9800033569336,66.44000244140625,67.76000213623047,61.9599723815918,778100
2022-04-29,67.87999725341797,68.4800033569336,65.7699966430664,66.0999984741211,60.442054748535156,930600
2022-05-02,66.58999633789062,66.9800033569336,64.51000213623047,65.87000274658203,60.23175811767578,1019100
2022-05-03,65.91000366210938,66.36499786376953,65.01000213623047,66.05000305175781,60.39634323120117,1050100
2022-05-04,66.0,66.2300033569336,64.11000061035156,65.88999938964844,60.25004577636719,1021200
2022-05-05,65.2300033569336,65.2699966430664,62.75,63.43000030517578,58.21708297729492,1121500
2022-05-06,62.90999984741211,63.47999954223633,61.790000915527344,63.150001525878906,57.960086822509766,1030600
2022-05-09,62.52000045776367,63.08000183105469,61.400001525878906,62.720001220703125,57.565425872802734,1300300
2022-05-10,63.209999084472656,64.55000305175781,61.43000030517578,62.41999816894531,57.29008102416992,798300
2022-05-11,62.83000183105469,63.75,61.209999084472656,61.34000015258789,56.2988395690918,1187500
2022-05-12,61.0099983215332,62.16999816894531,60.59000015258789,61.439998626708984,56.390625,1098500
2022-05-13,61.7599983215332,63.597999572753906,61.7599983215332,63.529998779296875,58.30885696411133,1249100
2022-05-16,63.470001220703125,64.56999969482422,63.06999969482422,63.52000045776367,58.299678802490234,1048400
2022-05-17,64.11000061035156,64.61000061035156,62.90999984741211,64.44999694824219,59.15324783325195,1024400
2022-05-18,63.5099983215332,63.9900016784668,61.7400016784668,62.400001525878906,57.271724700927734,1664600
2022-05-19,61.650001525878906,63.25,61.439998626708984,62.41999816894531,57.29008102416992,1192000
2022-05-20,63.029998779296875,63.18000030517578,61.94499969482422,63.16999816894531,57.97844314575195,848300
2022-05-23,64.11000061035156,64.98999786376953,63.20000076293945,63.97999954223633,58.72187423706055,907200
2022-05-24,63.970001220703125,63.974998474121094,62.573001861572266,63.72999954223633,58.49242401123047,689500
2022-05-25,63.52000045776367,64.1050033569336,62.84000015258789,63.630001068115234,58.4006462097168,980200
2022-05-26,63.86000061035156,66.12000274658203,63.86000061035156,65.77999877929688,60.37394332885742,833900
2022-05-27,66.55999755859375,68.11499786376953,66.41999816894531,67.98999786376953,62.402320861816406,761000
2022-05-31,67.56999969482422,68.3499984741211,66.9800033569336,67.58000183105469,62.02600860595703,1802900
2022-06-01,67.66000366210938,67.9280014038086,66.08999633789062,66.56999969482422,61.09901428222656,895800
2022-06-02,66.94999694824219,68.13999938964844,65.9800033569336,68.11000061035156,62.51244354248047,1089300
2022-06-03,67.61000061035156,68.74500274658203,67.55999755859375,68.16999816894531,62.5675163269043,802000
2022-06-06,68.61000061035156,69.27999877929688,67.93000030517578,68.9800033569336,63.31096267700195,661700
2022-06-07,68.08000183105469,69.37999725341797,68.05999755859375,69.05000305175781,63.37521743774414,712500
2022-06-08,68.66000366210938,69.2699966430664,68.0199966430664,68.2699966430664,62.659297943115234,772900
2022-06-09,68.05999755859375,68.66999816894531,67.31999969482422,67.41999816894531,61.8791618347168,842600
2022-06-10,66.19999694824219,67.26000213623047,66.0,66.58000183105469,61.10820770263672,1056800
2022-06-13,65.26000213623047,65.94499969482422,64.20999908447266,65.1500015258789,59.79572677612305,1507300
2022-06-14,65.1500015258789,65.1500015258789,63.435001373291016,64.1500015258789,58.877906799316406,1313600
2022-06-15,64.80000305175781,65.97000122070312,64.2249984741211,65.12000274658203,59.7681884765625,933400
2022-06-16,64.08999633789062,64.11000061035156,62.619998931884766,63.709999084472656,58.474063873291016,953200
2022-06-17,63.810001373291016,65.63999938964844,63.630001068115234,65.45999908447266,60.08024215698242,2530200
2022-06-21,66.52999877929688,67.30999755859375,65.30999755859375,67.08999633789062,61.57628631591797,1462900
2022-06-22,66.55999755859375,69.63999938964844,66.36000061035156,68.22000122070312,62.61341094970703,1269100
2022-06-23,68.43000030517578,69.5999984741211,67.44999694824219,69.19999694824219,63.512874603271484,1491500
2022-06-24,69.81999969482422,72.93000030517578,69.69999694824219,71.91000366210938,66.00015258789062,3622900
2022-06-27,71.80000305175781,72.88999938964844,71.37000274658203,72.66999816894531,66.69770812988281,1160200
2022-06-28,73.69999694824219,73.9800033569336,71.54000091552734,71.70999908447266,65.81658172607422,1096400
2022-06-29,71.5999984741211,72.27999877929688,70.9489974975586,72.02999877929688,66.11029815673828,841600
2022-06-30,71.20999908447266,72.19999694824219,70.69999694824219,71.45999908447266,65.5871353149414,1587300
2022-07-01,71.5,72.19999694824219,70.5999984741211,71.66000366210938,65.7707290649414,1477700
2022-07-05,71.25,73.6500015258789,70.98999786376953,73.4000015258789,67.36770629882812,1381300
2022-07-06,73.66999816894531,74.69000244140625,72.81999969482422,73.52999877929688,67.48703002929688,1880600
2022-07-07,73.61000061035156,75.27999877929688,73.5999984741211,74.77999877929688,68.6343002319336,1615500
2022-07-08,75.25,76.19999694824219,74.81999969482422,74.94000244140625,68.78114318847656,1310400
2022-07-11,74.68000030517578,75.23999786376953,74.43000030517578,74.62999725341797,68.49661254882812,1011400
2022-07-12,74.73999786376953,76.1500015258789,73.9800033569336,74.16999816894531,68.07440185546875,1602400
2022-07-13,73.25,73.9000015258789,72.44999694824219,73.18000030517578,67.16578674316406,1938600
2022-07-14,71.87999725341797,74.08999633789062,71.51000213623047,73.94999694824219,67.87250518798828,1260000
2022-07-15,74.5999984741211,74.81700134277344,72.73999786376953,73.5999984741211,67.55126190185547,1046400
2022-07-18,74.05000305175781,75.26000213623047,73.07499694824219,73.1500015258789,67.13823699951172,891100
2022-07-19,74.0199966430664,74.95999908447266,73.83000183105469,74.66999816894531,68.53331756591797,1670900
2022-07-20,74.58000183105469,75.5199966430664,73.61000061035156,74.61000061035156,68.478271484375,845700
2022-07-21,74.33999633789062,75.69999694824219,73.88999938964844,75.16999816894531,68.99224090576172,889800
2022-07-22,75.62999725341797,75.91999816894531,74.66999816894531,74.94999694824219,68.7903060913086,763200
2022-07-25,74.83000183105469,75.69999694824219,74.54000091552734,74.86000061035156,68.70771789550781,1934800
2022-07-26,74.4800033569336,75.33999633789062,74.05500030517578,75.1500015258789,68.97389221191406,1510300
2022-07-27,74.4800033569336,77.38999938964844,74.0,77.13999938964844,70.80035400390625,2633600
2022-07-28,77.44999694824219,80.66500091552734,77.25,80.1500015258789,73.5629653930664,2890400
2022-07-29,80.0,81.16999816894531,79.20999908447266,79.66000366210938,73.11322784423828,1976600
2022-08-01,79.33000183105469,81.27999877929688,78.97000122070312,80.5999984741211,73.97598266601562,1577900
2022-08-02,80.80999755859375,81.44999694824219,79.68000030517578,81.36000061035156,74.67351531982422,1114100
2022-08-03,81.6500015258789,82.26000213623047,81.51000213623047,81.75,75.03145599365234,996400
2022-08-04,81.20999908447266,81.68499755859375,80.08000183105469,80.62999725341797,74.2259521484375,1070800
2022-08-05,79.97000122070312,81.48999786376953,79.95999908447266,81.26000213623047,74.80592346191406,1166900
2022-08-08,81.36000061035156,81.7300033569336,79.95999908447266,80.0,73.64599609375,1165000
2022-08-09,80.19000244140625,80.2699966430664,79.05500030517578,79.4000015258789,73.0936508178711,1749500
2022-08-10,80.47000122070312,81.20999908447266,79.93000030517578,80.6500015258789,74.24436950683594,1306700
2022-08-11,81.12000274658203,81.58999633789062,80.20999908447266,80.30999755859375,73.93136596679688,850000
2022-08-12,80.6500015258789,81.72000122070312,80.55000305175781,81.66999816894531,75.1833724975586,1082400
2022-08-15,81.62000274658203,83.29000091552734,81.2750015258789,83.25,76.63785552978516,808700
2022-08-16,83.06999969482422,83.23999786376953,82.23699951171875,82.6500015258789,76.08551788330078,1062000
2022-08-17,82.26000213623047,82.4749984741211,81.55999755859375,82.19999694824219,75.67125701904297,927100
2022-08-18,82.01000213623047,82.33999633789062,81.41000366210938,82.06999969482422,75.55159759521484,830500
2022-08-19,81.79000091552734,82.1449966430664,81.47000122070312,81.94000244140625,75.43192291259766,604800
2022-08-22,81.25,81.80999755859375,80.76699829101562,81.26000213623047,74.80592346191406,1076500
2022-08-23,81.25,82.0,81.13200378417969,81.58999633789062,75.1097183227539,890300
2022-08-24,81.95999908447266,82.5,81.5,82.4000015258789,75.85539245605469,719600
2022-08-25,82.62000274658203,82.9000015258789,81.83999633789062,82.58000183105469,76.02108001708984,914600
2022-08-26,82.80000305175781,82.87999725341797,80.70999908447266,80.72000122070312,74.3088150024414,598000
2022-08-29,80.05999755859375,81.04499816894531,79.62999725341797,80.41999816894531,74.03264617919922,1341700
2022-08-30,80.77999877929688,80.77999877929688,78.87000274658203,79.77999877929688,73.44347381591797,1153200
2022-08-31,80.08000183105469,80.54000091552734,79.13999938964844,79.52999877929688,73.21333312988281,1623600
2022-09-01,79.29000091552734,79.55000305175781,77.81999969482422,79.5199966430664,73.2041244506836,1084700
2022-09-02,80.05000305175781,80.11000061035156,77.77999877929688,78.2300033569336,72.01658630371094,1017700
2022-09-06,78.54000091552734,78.77999877929688,77.43000030517578,77.98999786376953,71.79563903808594,2494500
2022-09-07,78.0,80.44000244140625,77.95999908447266,80.11000061035156,73.74727630615234,860200
2022-09-08,79.38999938964844,80.0,78.4800033569336,79.44999694824219,73.13968658447266,715500
2022-09-09,79.7699966430664,80.30000305175781,79.18000030517578,79.5,73.18570709228516,771700
2022-09-12,79.69000244140625,80.29000091552734,79.51000213623047,80.05999755859375,73.70123291015625,1229800
2022-09-13,79.16999816894531,79.16999816894531,76.91999816894531,77.1500015258789,71.02236938476562,1201800
2022-09-14,77.08999633789062,77.16500091552734,74.91000366210938,75.75,69.73355865478516,1685300
2022-09-15,76.0999984741211,78.16000366210938,75.5199966430664,77.62000274658203,71.45503234863281,1634800
2022-09-16,77.22000122070312,77.25,75.06999969482422,76.55999755859375,70.4792251586914,2384500
2022-09-19,76.41000366210938,78.33000183105469,76.12000274658203,78.02999877929688,71.83248138427734,1211700
2022-09-20,77.7300033569336,78.30999755859375,77.0,77.55999755859375,71.3998031616211,1795500
2022-09-21,77.91999816894531,79.69999694824219,77.73999786376953,77.94000244140625,71.74959564208984,1439100
2022-09-22,77.94000244140625,78.2300033569336,76.5,77.83000183105469,71.64835357666016,2081600
2022-09-23,77.0,77.66999816894531,76.48999786376953,77.55000305175781,71.39058685302734,2057700
2022-09-26,77.36000061035156,79.04000091552734,77.19000244140625,77.66999816894531,71.50104522705078,1782300
2022-09-27,78.30999755859375,79.06999969482422,76.20500183105469,77.16999816894531,71.04076385498047,1878700
2022-09-28,77.58999633789062,79.33999633789062,76.7300033569336,79.0,72.72541809082031,1757800
2022-09-29,78.81999969482422,79.37999725341797,77.45500183105469,78.08000183105469,71.87849426269531,1260200
2022-09-30,78.0199966430664,78.79000091552734,77.29000091552734,77.37999725341797,71.2341079711914,1761800
2022-10-03,77.97000122070312,78.36000061035156,76.55999755859375,76.62999725341797,70.54365539550781,3357900
2022-10-04,77.47000122070312,79.55999755859375,77.47000122070312,78.8499984741211,72.58733367919922,3037900
2022-10-05,81.0,83.6500015258789,80.30000305175781,82.1500015258789,75.62522888183594,5416600
2022-10-06,82.3499984741211,84.44999694824219,82.0999984741211,82.7300033569336,76.1591796875,2526700
2022-10-07,82.45999908447266,82.88999938964844,81.125,82.79000091552734,76.21440124511719,1777600
2022-10-10,83.29000091552734,83.61000061035156,81.63999938964844,82.93000030517578,76.3432846069336,1220800
2022-10-11,82.94999694824219,83.2699966430664,81.02999877929688,81.3499984741211,74.88877868652344,2031300
2022-10-12,81.52999877929688,83.5,80.93000030517578,82.87999725341797,76.29723358154297,1362900
2022-10-13,81.66000366210938,85.9000015258789,81.23999786376953,84.8499984741211,78.11079406738281,1792800
2022-10-14,84.58000183105469,85.7699966430664,83.52999877929688,83.98999786376953,77.31909942626953,1309300
2022-10-17,85.27999877929688,85.3499984741211,83.83000183105469,84.55000305175781,77.83460235595703,1665700
2022-10-18,85.47000122070312,86.4800033569336,84.86000061035156,85.27999877929688,78.50665283203125,1578300
2022-10-19,85.08999633789062,85.72000122070312,83.2249984741211,83.87000274658203,77.20862579345703,1522400
2022-10-20,84.30999755859375,84.70500183105469,82.61000061035156,82.68000030517578,76.11315155029297,1526700
2022-10-21,82.9800033569336,83.21499633789062,80.66000366210938,81.72000122070312,75.22940063476562,1480700
2022-10-24,82.22000122070312,83.70999908447266,82.22000122070312,82.7300033569336,76.1591796875,2065700
2022-10-25,82.69999694824219,85.49500274658203,82.69999694824219,84.62999725341797,77.90827941894531,1495600
2022-10-26,84.73999786376953,85.48999786376953,83.81999969482422,84.0199966430664,77.34671020507812,2300500
2022-10-27,84.2699966430664,85.06999969482422,83.83999633789062,84.8499984741211,78.11079406738281,1999700
2022-10-28,85.13999938964844,85.87999725341797,84.51000213623047,85.47000122070312,78.68154907226562,980200
2022-10-31,85.4000015258789,87.38999938964844,84.87999725341797,86.22000122070312,79.37197875976562,1750900
2022-11-01,86.2699966430664,86.83999633789062,85.77999877929688,86.18000030517578,79.33516693115234,1200400
2022-11-02,85.97000122070312,88.04000091552734,85.80000305175781,86.16999816894531,79.325927734375,1614600
2022-11-03,85.75,86.66000366210938,84.80999755859375,84.86000061035156,78.34274291992188,1195200
2022-11-04,85.45999908447266,86.41999816894531,84.63999938964844,85.45999908447266,78.89665222167969,934000
2022-11-07,85.3499984741211,86.03700256347656,84.88500213623047,85.06999969482422,78.53661346435547,651200
2022-11-08,85.19999694824219,85.98999786376953,84.19000244140625,85.18000030517578,78.63817596435547,1817700
2022-11-09,84.11000061035156,84.51000213623047,82.93499755859375,83.25,76.85636901855469,1227100
2022-11-10,85.12999725341797,85.5999984741211,82.5999984741211,84.62999725341797,78.13041687011719,1619700
2022-11-11,84.20999908447266,84.51000213623047,79.91999816894531,81.83999633789062,75.55467987060547,2899800
2022-11-14,81.7699966430664,82.51000213623047,80.08000183105469,80.11000061035156,73.95755004882812,1857000
2022-11-15,80.98999786376953,81.33300018310547,79.38999938964844,81.29000091552734,75.04692077636719,3062500
2022-11-16,81.47000122070312,84.05999755859375,81.47000122070312,82.70999908447266,76.35784912109375,1333300
2022-11-17,82.4000015258789,83.62000274658203,82.23999786376953,82.81999969482422,76.45941925048828,1010400
2022-11-18,83.80000305175781,84.6780014038086,83.33000183105469,84.0199966430664,77.56725311279297,1291200
2022-11-21,84.08999633789062,86.27999877929688,84.08999633789062,86.16999816894531,79.55211639404297,1475900
2022-11-22,86.68000030517578,87.1449966430664,85.11000061035156,86.18000030517578,79.56137084960938,944500
2022-11-23,86.55000305175781,86.8550033569336,85.87000274658203,86.4000015258789,79.76445770263672,575100
2022-11-25,86.08000183105469,86.76000213623047,85.62899780273438,86.1500015258789,79.53366088867188,493800
2022-11-28,85.5999984741211,86.83000183105469,85.20999908447266,85.47000122070312,78.9058837890625,1243400
2022-11-29,85.4000015258789,86.4000015258789,84.54000091552734,85.05000305175781,78.51815032958984,1278300
2022-11-30,85.16000366210938,87.18000030517578,84.73999786376953,86.9000015258789,80.22607421875,8140000
2022-12-01,86.91000366210938,87.69000244140625,86.26000213623047,86.51000213623047,79.86602020263672,1819800
2022-12-02,86.0199966430664,87.75,85.4000015258789,87.7300033569336,80.99232482910156,1073900
2022-12-05,87.13999938964844,87.80999755859375,86.13999938964844,87.68000030517578,80.94617462158203,1889000
2022-12-06,87.68000030517578,88.63300323486328,85.69000244140625,86.29000091552734,79.66291046142578,1265300
2022-12-07,86.41000366210938,87.32499694824219,86.11000061035156,87.06999969482422,80.38299560546875,1386800
2022-12-08,87.16999816894531,87.66000366210938,86.11000061035156,86.5,79.85677337646484,934400
2022-12-09,86.5,87.0,85.58000183105469,85.58000183105469,79.00745391845703,1380300
2022-12-12,85.69999694824219,86.49500274658203,85.13999938964844,86.01000213623047,79.40442657470703,1342500
2022-12-13,86.48999786376953,86.94999694824219,85.6500015258789,86.13999938964844,79.52442932128906,1295900
2022-12-14,86.30000305175781,87.13999938964844,85.77999877929688,87.08000183105469,80.39225769042969,1550300
2022-12-15,86.77999877929688,87.37999725341797,85.37000274658203,86.1500015258789,79.53366088867188,1234300
2022-12-16,85.4800033569336,87.30999755859375,85.41000366210938,86.98999786376953,80.30915069580078,2815200
2022-12-19,87.16000366210938,88.77999877929688,86.81999969482422,87.11000061035156,80.41993713378906,1376500
2022-12-20,87.11000061035156,88.25,86.63500213623047,87.7300033569336,80.99232482910156,1366200
2022-12-21,87.87999725341797,89.1050033569336,87.7969970703125,88.6500015258789,81.8416748046875,713900
2022-12-22,88.04000091552734,88.76000213623047,87.33000183105469,88.58000183105469,81.77705383300781,1133100
2022-12-23,88.58000183105469,89.62999725341797,88.3499984741211,89.62999725341797,82.74639129638672,1028700
2022-12-27,89.94000244140625,90.20500183105469,89.33000183105469,90.01000213623047,83.09721374511719,1202400
2022-12-28,90.30000305175781,90.5999984741211,88.8550033569336,88.93000030517578,82.10016632080078,1078600
2022-12-29,89.19000244140625,89.8499984741211,88.69000244140625,88.94000244140625,82.10940551757812,1148900
2022-12-30,88.5999984741211,89.54000091552734,88.04000091552734,89.36000061035156,82.49713897705078,931800
2023-01-03,89.20999908447266,89.29000091552734,86.55500030517578,87.25,80.5491943359375,1990000
2023-01-04,87.25,87.80999755859375,86.23999786376953,87.4800033569336,80.76153564453125,1946300
2023-01-05,94.87000274658203,96.87000274658203,93.5199966430664,96.02999877929688,88.65489196777344,5677700
2023-01-06,97.83999633789062,100.22000122070312,96.91999816894531,99.61000061035156,91.95993041992188,3048900
2023-01-09,98.9000015258789,100.16000366210938,98.33999633789062,98.66000366210938,91.08290100097656,1710000
2023-01-10,99.04000091552734,99.66000366210938,97.66999816894531,98.05000305175781,90.51974487304688,1304800
2023-01-11,98.38999938964844,98.91000366210938,96.08999633789062,97.23999786376953,89.77194213867188,1591000
2023-01-12,97.54000091552734,98.12000274658203,96.5,97.05999755859375,89.60577392578125,1116200
2023-01-13,97.3499984741211,98.3499984741211,96.51000213623047,98.16000366210938,90.62130737304688,995200
2023-01-17,99.19999694824219,100.7699966430664,99.01000213623047,99.98999786376953,92.31074523925781,1708500
2023-01-18,99.68000030517578,99.72000122070312,96.47000122070312,97.08999633789062,89.63347625732422,1565000
2023-01-19,96.8499984741211,97.16000366210938,95.58999633789062,95.63999938964844,88.29483795166016,1080800
2023-01-20,96.29000091552734,96.75,95.16999816894531,96.55999755859375,89.14417266845703,1934700
2023-01-23,97.16999816894531,97.33499908447266,95.97000122070312,96.12999725341797,88.74720001220703,2006900
2023-01-24,96.61000061035156,98.12999725341797,95.66000366210938,96.9800033569336,89.53192901611328,937700
2023-01-25,96.55000305175781,97.79000091552734,96.44999694824219,97.76000213623047,90.25202178955078,957800
2023-01-26,98.13999938964844,98.80999755859375,97.01499938964844,98.75,91.16598510742188,1261000
2023-01-27,98.97000122070312,99.00800323486328,97.38999938964844,98.30999755859375,90.75977325439453,939300
2023-01-30,98.48999786376953,98.94999694824219,98.06999969482422,98.55000305175781,90.98135375976562,781600
2023-01-31,99.01000213623047,100.08000183105469,98.66500091552734,99.88999938964844,92.21842193603516,1696400
2023-02-01,99.51000213623047,100.2249984741211,99.05999755859375,99.5999984741211,91.9507064819336,1392600
2023-02-02,98.33999633789062,98.38999938964844,96.44999694824219,97.08000183105469,89.87690734863281,1533300
2023-02-03,97.19000244140625,98.74800109863281,96.4800033569336,98.12000274658203,90.8397445678711,1292200
2023-02-06,98.12000274658203,99.9000015258789,98.06999969482422,99.13999938964844,91.7840576171875,997000
2023-02-07,98.54000091552734,99.18000030517578,97.81999969482422,99.05999755859375,91.70999145507812,1107400
2023-02-08,98.86000061035156,99.3499984741211,98.54000091552734,98.98999786376953,91.64518737792969,935900
2023-02-09,99.25,100.0999984741211,98.0,98.12000274658203,90.8397445678711,1230300
2023-02-10,98.0,99.30000305175781,97.75,99.2699966430664,91.90440368652344,1089300
2023-02-13,99.68000030517578,99.9800033569336,99.0199966430664,99.58999633789062,92.20068359375,813500
2023-02-14,99.6500015258789,99.93099975585938,98.58000183105469,99.2699966430664,91.90440368652344,936000
2023-02-15,99.11000061035156,100.27999877929688,98.5199966430664,100.11000061035156,92.68209838867188,1760400
2023-02-16,99.33000183105469,100.48999786376953,98.37999725341797,100.01000213623047,92.5895004272461,1477100
2023-02-17,100.16000366210938,100.97000122070312,100.02999877929688,100.4800033569336,93.0246353149414,1300100
2023-02-21,100.58000183105469,100.8550033569336,99.6050033569336,100.33000183105469,92.8857650756836,984900
2023-02-22,100.69000244140625,102.22000122070312,100.69000244140625,101.30000305175781,93.78378295898438,1854600
2023-02-23,101.62999725341797,102.4800033569336,100.05000305175781,100.33000183105469,92.8857650756836,984300
2023-02-24,99.9000015258789,100.34500122070312,99.01000213623047,99.9800033569336,92.5617446899414,713900
2023-02-27,100.27999877929688,101.05000305175781,99.96499633789062,101.02999877929688,93.53382873535156,1138900
2023-02-28,101.0,101.37000274658203,100.5,100.63999938964844,93.17276763916016,1264500
2023-03-01,100.4000015258789,101.05999755859375,99.91999816894531,100.88999938964844,93.40421295166016,1270500
2023-03-02,101.18000030517578,102.7699966430664,100.61000061035156,102.30000305175781,94.70960235595703,913100
2023-03-03,102.08999633789062,102.37999725341797,101.56500244140625,101.9800033569336,94.41334533691406,872500
2023-03-06,101.79000091552734,102.2699966430664,100.72000122070312,101.98999786376953,94.42259979248047,1365500
2023-03-07,102.18000030517578,102.48999786376953,100.93000030517578,100.97000122070312,93.47828674316406,1539300
2023-03-08,101.20999908447266,101.3550033569336,99.22000122070312,99.93000030517578,92.51544952392578,1441700
2023-03-09,100.4000015258789,100.4000015258789,98.93000030517578,99.19999694824219,91.83960723876953,1505000
2023-03-10,99.12000274658203,99.61499786376953,97.16999816894531,97.62999725341797,90.38610076904297,1514400
2023-03-13,97.0,98.33999633789062,96.05000305175781,96.30999755859375,89.1640396118164,1295800
2023-03-14,97.23999786376953,98.72000122070312,96.88999938964844,98.62000274658203,91.30265045166016,1369700
2023-03-15,97.56999969482422,98.01000213623047,96.44999694824219,97.98999786376953,90.71939086914062,1515300
2023-03-16,97.5999984741211,98.62000274658203,96.93000030517578,98.29000091552734,90.99714660644531,1079400
2023-03-17,97.81999969482422,97.98999786376953,97.05999755859375,97.30999755859375,90.08983612060547,2661200
2023-03-20,97.80000305175781,99.4800033569336,97.37000274658203,99.08000183105469,91.72850799560547,1537800
2023-03-21,100.0,100.5,99.04499816894531,99.6500015258789,92.25621795654297,1335900
2023-03-22,99.98999786376953,100.6050033569336,99.13800048828125,99.70999908447266,92.3117904663086,1528900
2023-03-23,99.80000305175781,100.1500015258789,98.04000091552734,98.77999877929688,91.45077514648438,1123500
2023-03-24,98.80000305175781,100.37999725341797,98.44999694824219,100.19000244140625,92.75615692138672,1532100
2023-03-27,100.94999694824219,102.23999786376953,100.44999694824219,101.68000030517578,94.13558959960938,1248700
2023-03-28,102.0,102.44000244140625,101.45999908447266,101.68000030517578,94.13558959960938,1053300
2023-03-29,102.30000305175781,103.38500213623047,102.28299713134766,102.56999969482422,94.95956420898438,1170300
2023-03-30,102.5199966430664,103.36000061035156,101.9000015258789,102.86000061035156,95.22805786132812,1197200
2023-03-31,103.38999938964844,104.58999633789062,103.05999755859375,104.5199966430664,96.76488494873047,1448600
2023-04-03,104.45999908447266,104.98999786376953,103.5,104.22000122070312,96.48714447021484,1360900
2023-04-04,104.45999908447266,104.5,102.30000305175781,103.58000183105469,95.89461517333984,1987000
2023-04-05,103.88999938964844,104.66200256347656,103.37000274658203,104.16999816894531,96.44084167480469,2168200
2023-04-06,106.0,109.69999694824219,105.02999877929688,106.86000061035156,98.9312515258789,3981700
2023-04-10,107.69000244140625,107.8499984741211,105.97000122070312,107.29000091552734,99.32935333251953,1937700
2023-04-11,107.26000213623047,108.4000015258789,106.18000030517578,108.04000091552734,100.02371215820312,1720800
2023-04-12,107.72000122070312,109.5199966430664,107.08000183105469,108.16999816894531,100.14405822753906,1541100
2023-04-13,108.12000274658203,109.5,107.94999694824219,109.47000122070312,101.34758758544922,1457500
2023-04-14,109.0,109.44000244140625,108.26499938964844,108.70999908447266,100.64398956298828,1390900
2023-04-17,109.0999984741211,109.9000015258789,108.93000030517578,109.47000122070312,101.34758758544922,1314700
2023-04-18,109.5,109.75,108.4000015258789,109.6500015258789,101.51425170898438,1456600
2023-04-19,109.9000015258789,110.36000061035156,108.69999694824219,108.94999694824219,100.86617279052734,1088900
2023-04-20,108.95999908447266,110.19999694824219,108.9000015258789,110.18000030517578,102.00492858886719,1006400
2023-04-21,110.51000213623047,110.91999816894531,110.05000305175781,110.3499984741211,102.16230773925781,1256500
2023-04-24,110.2699966430664,110.66699981689453,109.19999694824219,109.83000183105469,101.680908203125,938500
2023-04-25,110.0,111.54000091552734,109.72000122070312,109.79000091552734,101.64385223388672,1166400
2023-04-26,109.5999984741211,111.08999633789062,109.44000244140625,110.25,102.0697250366211,1517800
2023-04-27,109.88999938964844,111.62999725341797,109.5,111.5999984741211,103.31954956054688,1008800
2023-04-28,111.05000305175781,111.87999725341797,110.5199966430664,111.80999755859375,103.51398468017578,782100
2023-05-01,111.93000030517578,112.69999694824219,111.9000015258789,112.19000244140625,103.86578369140625,850500
2023-05-02,112.0,112.0,110.41999816894531,111.41999816894531,103.15290069580078,757000
2023-05-03,112.80999755859375,113.02999877929688,111.45999908447266,111.55999755859375,103.28251647949219,1075500
2023-05-04,111.19999694824219,111.69999694824219,110.6500015258789,111.16000366210938,103.171142578125,789900
2023-05-05,110.83999633789062,112.43000030517578,110.83999633789062,112.08999633789062,104.03431701660156,819000
2023-05-08,111.55999755859375,112.51499938964844,111.22000122070312,112.16000366210938,104.09928131103516,506300
2023-05-09,112.22000122070312,112.88500213623047,111.73500061035156,112.18000030517578,104.11784362792969,913600
2023-05-10,112.3499984741211,112.76000213623047,110.9000015258789,111.62000274658203,103.59809875488281,779300
2023-05-11,111.31999969482422,113.16000366210938,110.80999755859375,113.05999755859375,104.93460083007812,739100
2023-05-12,113.0,114.4749984741211,112.93000030517578,114.27999877929688,106.0669174194336,1060100
2023-05-15,114.58999633789062,114.88500213623047,113.74500274658203,113.88999938964844,105.70494079589844,958300
2023-05-16,113.97000122070312,114.54000091552734,113.19999694824219,113.63999938964844,105.47291564941406,1000200
2023-05-17,113.79000091552734,114.12000274658203,112.75,113.62000274658203,105.4543685913086,1000600
2023-05-18,113.20999908447266,113.98999786376953,112.6449966430664,113.83999633789062,105.65855407714844,1096300
2023-05-19,114.12999725341797,115.04000091552734,113.5,114.4800033569336,106.25255584716797,2567600
2023-05-22,114.41000366210938,115.30500030517578,111.66999816894531,111.75,103.71873474121094,1234100
2023-05-23,111.19999694824219,111.30999755859375,109.19499969482422,109.87000274658203,101.9738540649414,1397500
2023-05-24,109.13999938964844,109.9800033569336,108.48500061035156,109.30999755859375,101.45409393310547,1028300
2023-05-25,109.08999633789062,109.66000366210938,107.94999694824219,108.94000244140625,101.11071014404297,1508200
2023-05-26,108.62999725341797,110.08999633789062,108.52999877929688,109.44999694824219,101.58405303955078,1170000
2023-05-30,108.87000274658203,110.33000183105469,108.79000091552734,109.27999877929688,101.42625427246094,1330500
2023-05-31,109.62999725341797,111.30999755859375,109.37999725341797,111.19999694824219,103.20826721191406,4659200
2023-06-01,111.0199966430664,112.62000274658203,110.7249984741211,112.06999969482422,104.01575469970703,1124300
2023-06-02,112.58999633789062,113.72000122070312,112.0199966430664,113.2699966430664,105.12950134277344,1019800
2023-06-05,112.91999816894531,115.0,112.87000274658203,114.47000122070312,106.2432632446289,828500
2023-06-06,114.61000061035156,114.80000305175781,111.93000030517578,113.48999786376953,105.33369445800781,989600
2023-06-07,112.97000122070312,113.16000366210938,111.70999908447266,111.80999755859375,103.77442932128906,911100
2023-06-08,111.45999908447266,113.81300354003906,111.12000274658203,113.4000015258789,105.25016021728516,909900
2023-06-09,113.01000213623047,114.5,113.01000213623047,113.62000274658203,105.4543685913086,665900
2023-06-12,113.81999969482422,113.86000061035156,112.68000030517578,113.47000122070312,105.31513214111328,820000
2023-06-13,113.16000366210938,115.16000366210938,113.05999755859375,115.05000305175781,106.78158569335938,1231500
2023-06-14,115.3499984741211,115.5199966430664,114.43000030517578,115.0,106.73517608642578,712900
2023-06-15,115.3499984741211,115.3499984741211,113.62999725341797,114.73999786376953,106.49385833740234,737100
2023-06-16,115.0,115.47000122070312,114.06999969482422,114.33999633789062,106.12261199951172,1529700
2023-06-20,114.80000305175781,115.12000274658203,113.27999877929688,113.30000305175781,105.15735626220703,1795700
2023-06-21,113.5199966430664,113.64299774169922,112.69999694824219,113.36000061035156,105.21302795410156,1267100
2023-06-22,113.56999969482422,115.02999877929688,113.56999969482422,115.0,106.73517608642578,868200
2023-06-23,115.02999877929688,116.0,114.39199829101562,114.69000244140625,106.44745635986328,2094000
2023-06-26,114.58000183105469,114.88999938964844,113.4800033569336,114.66000366210938,106.41960906982422,763300
2023-06-27,115.0,115.41999816894531,113.70999908447266,114.30000305175781,106.08549499511719,856000
2023-06-28,113.52999877929688,113.52999877929688,111.51499938964844,113.11000061035156,104.98101043701172,1431600
2023-06-29,112.80999755859375,114.0,112.2750015258789,113.88999938964844,105.70494079589844,892300
2023-06-30,114.37999725341797,115.01000213623047,113.52999877929688,114.94999694824219,106.68878173828125,1231400
2023-07-03,113.97000122070312,115.8499984741211,113.55999755859375,115.12000274658203,106.84656524658203,673400
2023-07-05,114.63999938964844,115.0,113.58000183105469,114.30000305175781,106.08549499511719,851400
2023-07-06,113.7699966430664,114.52999877929688,113.33999633789062,114.41000366210938,106.18757629394531,721200
2023-07-07,114.44000244140625,114.44000244140625,112.5199966430664,112.62000274658203,104.5262222290039,730300
2023-07-10,112.76000213623047,113.93000030517578,112.12000274658203,112.23999786376953,104.17353057861328,1045800
2023-07-11,112.26000213623047,112.62999725341797,109.7300033569336,110.51000213623047,102.56786346435547,1933400
2023-07-12,110.72000122070312,112.79499816894531,110.41000366210938,112.38999938964844,104.3127670288086,1367200
2023-07-13,112.6500015258789,112.9000015258789,111.62999725341797,112.02999877929688,103.97862243652344,752000
2023-07-14,112.25,112.75,111.23999786376953,112.70999908447266,104.60975646972656,807100
2023-07-17,112.5,113.61000061035156,112.38999938964844,113.0,104.87891387939453,803900
2023-07-18,113.36000061035156,113.36000061035156,111.79499816894531,112.04000091552734,103.9879150390625,833800
2023-07-19,112.0,112.86000061035156,111.77999877929688,112.37000274658203,104.29419708251953,1089900
2023-07-20,112.76000213623047,113.5,112.22000122070312,113.27999877929688,105.1387939453125,879800
2023-07-21,113.52999877929688,113.63999938964844,112.83999633789062,112.95999908447266,104.841796875,864600
2023-07-24,112.94000244140625,113.00499725341797,111.29000091552734,112.69000244140625,104.59119415283203,1406700
2023-07-25,113.43000030517578,117.38200378417969,102.66999816894531,105.0,97.45384979248047,6416800
2023-07-26,105.55000305175781,107.33000183105469,100.94999694824219,101.76000213623047,94.44670867919922,4358800
2023-07-27,101.9000015258789,104.19000244140625,101.80999755859375,102.19999694824219,94.85508728027344,3300400
2023-07-28,102.80999755859375,103.13999938964844,100.63999938964844,102.08000183105469,94.74372100830078,2532300
2023-07-31,102.08000183105469,104.19000244140625,101.31999969482422,103.62999725341797,96.18232727050781,2059100
2023-08-01,103.66000366210938,103.80000305175781,102.27999877929688,103.16999816894531,95.75537109375,1528200
2023-08-02,103.2300033569336,103.36000061035156,101.86499786376953,102.41000366210938,95.04999542236328,1512900
2023-08-03,101.66999816894531,103.3499984741211,101.5199966430664,102.20999908447266,95.12444305419922,1151500
2023-08-04,103.41000366210938,104.72000122070312,101.83999633789062,101.94000244140625,94.8731689453125,1415500
2023-08-07,102.44000244140625,103.61000061035156,102.20999908447266,103.0999984741211,95.95275115966797,1344800
2023-08-08,103.12999725341797,103.24500274658203,100.29000091552734,100.41999816894531,93.45853424072266,1598200
2023-08-09,100.75,100.79499816894531,98.94999694824219,99.33000183105469,92.4441146850586,1698600
2023-08-10,99.4800033569336,100.55000305175781,97.47000122070312,97.98999786376953,91.19699096679688,2185100
2023-08-11,98.33999633789062,98.33999633789062,96.18000030517578,96.77999877929688,90.07089233398438,2334600
2023-08-14,97.26000213623047,98.12999725341797,96.37999725341797,97.19999694824219,90.46174621582031,1454800
2023-08-15,96.6500015258789,96.87000274658203,95.38999938964844,95.98999786376953,89.33566284179688,1215200
2023-08-16,95.97000122070312,96.30000305175781,94.31999969482422,94.63999938964844,88.07920837402344,1301800
2023-08-17,94.8499984741211,94.91999816894531,93.12999725341797,93.29000091552734,86.82282257080078,1776600
2023-08-18,93.0,94.9000015258789,93.0,94.75,88.18161010742188,1303900
2023-08-21,94.66000366210938,95.08000183105469,93.94499969482422,94.48999786376953,87.93962860107422,1474900
2023-08-22,94.29000091552734,96.69999694824219,94.02999877929688,96.2699966430664,89.59623718261719,1785500
2023-08-23,96.56999969482422,96.73999786376953,95.33999633789062,96.6500015258789,89.94989776611328,1497700
2023-08-24,96.7699966430664,96.94000244140625,95.6449966430664,95.70999908447266,89.07505798339844,1217200
2023-08-25,96.31999969482422,96.74500274658203,95.44000244140625,96.3499984741211,89.67068481445312,794800
2023-08-28,96.5,97.22000122070312,95.99500274658203,96.41000366210938,89.72653198242188,1106600
2023-08-29,96.8499984741211,96.95999908447266,96.20999908447266,96.69999694824219,89.99642944335938,1122400
2023-08-30,97.0,99.08999633789062,97.0,97.5999984741211,90.83401489257812,1260500
2023-08-31,97.79000091552734,98.26000213623047,97.37000274658203,97.41000366210938,90.65719604492188,1094700
2023-09-01,97.5,97.91999816894531,96.58999633789062,97.27999877929688,90.53619384765625,1158900
2023-09-05,98.0,99.55999755859375,96.86000061035156,96.86000061035156,90.14533233642578,2059400
2023-09-06,97.02999877929688,97.95999908447266,96.0999984741211,96.7300033569336,90.02433776855469,1098400
2023-09-07,96.9000015258789,98.83000183105469,96.9000015258789,98.37999725341797,91.55995178222656,1947200
2023-09-08,98.25,98.69999694824219,97.8499984741211,98.4000015258789,91.57857513427734,1553700
2023-09-11,98.70999908447266,99.51000213623047,98.44999694824219,98.91999816894531,92.06253051757812,1217300
2023-09-12,98.56999969482422,98.73999786376953,97.1500015258789,97.62000274658203,90.85264587402344,898100
2023-09-13,97.80999755859375,99.4000015258789,97.73999786376953,99.08999633789062,92.22074127197266,1658500
2023-09-14,99.0999984741211,100.3949966430664,98.69999694824219,99.80999755859375,92.89081573486328,963200
2023-09-15,99.87000274658203,100.3499984741211,99.51000213623047,99.58999633789062,92.68607330322266,1908500
2023-09-18,99.75,99.75,98.75,99.0999984741211,92.23004150390625,775200
2023-09-19,98.83000183105469,99.04000091552734,96.93000030517578,97.23999786376953,90.49899291992188,1346600
2023-09-20,97.63999938964844,98.55000305175781,96.6500015258789,98.12999725341797,91.32728576660156,1444800
2023-09-21,97.54000091552734,97.7300033569336,95.69000244140625,95.7300033569336,89.09367370605469,1362800
2023-09-22,95.44000244140625,95.9000015258789,93.95500183105469,94.05000305175781,87.5301284790039,1722500
2023-09-25,93.91000366210938,95.05999755859375,93.43000030517578,94.11000061035156,87.58597564697266,1399600
2023-09-26,93.62999725341797,94.36000061035156,92.33000183105469,92.3499984741211,85.9479751586914,2364800
2023-09-27,92.55999755859375,92.91000366210938,91.06999969482422,91.37999725341797,85.04522705078125,1677500
2023-09-28,91.55000305175781,92.4800033569336,90.80000305175781,92.19000244140625,85.79908752441406,1954300
2023-09-29,92.12999725341797,92.94000244140625,91.72100067138672,92.45999908447266,86.05036163330078,2629600
2023-10-02,92.2699966430664,92.80000305175781,91.69999694824219,92.2300033569336,85.83629608154297,2586200
2023-10-03,91.5999984741211,92.11000061035156,88.80000305175781,89.61000061035156,83.39791870117188,3229200
2023-10-04,89.61000061035156,90.5,88.73999786376953,90.48999786376953,84.21692657470703,3074900
2023-10-05,99.0,101.81199645996094,97.52999877929688,97.75,90.9736328125,7554600
2023-10-06,97.38999938964844,97.83999633789062,93.08000183105469,93.47000122070312,86.9903335571289,4835900
2023-10-09,92.8499984741211,93.68000030517578,89.56999969482422,92.69999694824219,86.27372741699219,3080500
2023-10-10,92.55999755859375,97.08999633789062,92.41000366210938,96.37000274658203,89.68931579589844,3997200
2023-10-11,96.25,96.41999816894531,91.31999969482422,91.83999633789062,85.47332000732422,3401700
2023-10-12,91.94000244140625,91.94000244140625,83.56999969482422,84.0999984741211,78.26990509033203,7107800
2023-10-13,84.11000061035156,84.61000061035156,81.25499725341797,83.18000030517578,77.41366577148438,4950400
2023-10-16,83.94000244140625,84.98999786376953,83.27999877929688,84.63999938964844,78.77246856689453,2378200
2023-10-17,85.12999725341797,88.08999633789062,84.62000274658203,86.91000366210938,80.8851089477539,3102000
2023-10-18,86.79000091552734,88.41999816894531,85.72000122070312,86.52999877929688,80.53144073486328,2200100
2023-10-19,86.16999816894531,88.7300033569336,85.55000305175781,87.48999786376953,81.42489624023438,2843600
2023-10-20,87.44000244140625,88.01000213623047,86.86000061035156,87.5,81.43419647216797,2037300
2023-10-23,87.44000244140625,87.91000366210938,86.19999694824219,87.16999816894531,81.1270751953125,2264700
2023-10-24,87.4800033569336,89.16999816894531,87.25,88.79000091552734,82.63477325439453,3260300
2023-10-25,88.33000183105469,89.83000183105469,88.29000091552734,88.80999755859375,82.65338897705078,2753200
2023-10-26,89.01000213623047,89.95999908447266,88.06999969482422,88.77999877929688,82.6254653930664,2022300
2023-10-27,88.76000213623047,90.12999725341797,88.33999633789062,88.87999725341797,82.71852111816406,2126800
2023-10-30,89.37999725341797,90.08999633789062,89.19000244140625,89.5199966430664,83.31417083740234,1420400
2023-10-31,89.95999908447266,90.2300033569336,89.06999969482422,89.80000305175781,83.57475280761719,1293900
2023-11-01,89.94000244140625,91.91000366210938,89.7699966430664,90.95999908447266,84.65433502197266,1965400
2023-11-02,91.20999908447266,94.19999694824219,91.20999908447266,93.70999908447266,87.48299407958984,2293100
2023-11-03,94.2699966430664,95.66999816894531,94.01000213623047,94.08999633789062,87.83775329589844,1366900
2023-11-06,93.91999816894531,95.41999816894531,93.69999694824219,94.18000030517578,87.92176818847656,1700500
2023-11-07,94.18000030517578,94.65499877929688,93.37999725341797,93.41999816894531,87.21227264404297,1057200
2023-11-08,93.6500015258789,95.91999816894531,93.6240005493164,94.37000274658203,88.09913635253906,2088600
2023-11-09,94.48999786376953,94.87000274658203,93.75,94.36000061035156,88.08981323242188,1496400
2023-11-10,94.68000030517578,95.0,93.76000213623047,94.06999969482422,87.81908416748047,1344300
2023-11-13,93.70999908447266,97.61000061035156,93.70999908447266,96.12000274658203,89.73285675048828,2212500
2023-11-14,96.48999786376953,96.70999908447266,95.04000091552734,95.87999725341797,89.50880432128906,1194500
2023-11-15,95.97000122070312,97.11000061035156,94.75,94.83000183105469,88.52857971191406,1477900
2023-11-16,94.69000244140625,95.97000122070312,94.38999938964844,95.69999694824219,89.34075164794922,1318200
2023-11-17,96.12999725341797,96.25,94.37000274658203,95.80000305175781,89.43411254882812,2722900
2023-11-20,95.7699966430664,97.63999938964844,95.48999786376953,97.33000183105469,90.8624496459961,2189700
2023-11-21,97.69000244140625,98.61000061035156,96.9800033569336,98.13999938964844,91.6186294555664,1551300
2023-11-22,98.41999816894531,99.05000305175781,97.91999816894531,98.88999938964844,92.31877899169922,792000
2023-11-24,98.9000015258789,99.2699966430664,98.5199966430664,99.20999908447266,92.61751556396484,390200
2023-11-27,99.16000366210938,100.06999969482422,98.74500274658203,99.68000030517578,93.05628204345703,1127900
2023-11-28,99.66999816894531,99.87000274658203,98.27999877929688,98.44000244140625,91.898681640625,1255100
2023-11-29,98.23999786376953,98.98999786376953,97.06999969482422,97.52999877929688,91.04916381835938,1258400
2023-11-30,97.37999725341797,100.12000274658203,97.13999938964844,100.02999877929688,93.3830337524414,2879000
2023-12-01,99.87000274658203,101.06999969482422,99.5,100.91999816894531,94.21389770507812,1669600
2023-12-04,100.56999969482422,102.71499633789062,100.56999969482422,102.45999908447266,95.65156555175781,1941100
2023-12-05,102.19000244140625,102.41500091552734,100.2300033569336,100.62000274658203,93.933837890625,1499300
2023-12-06,100.5999984741211,101.54499816894531,100.37999725341797,101.0,94.28856658935547,930400
2023-12-07,100.91000366210938,101.91500091552734,100.04000091552734,101.0,94.28856658935547,1615700
2023-12-08,101.01000213623047,101.54000091552734,100.23999786376953,100.95999908447266,94.25123596191406,899200
2023-12-11,101.22000122070312,102.83000183105469,100.83000183105469,102.61000061035156,95.79159545898438,1449700
2023-12-12,103.26000213623047,103.7699966430664,102.66000366210938,103.54000091552734,96.65979766845703,1411400
2023-12-13,103.37000274658203,106.29000091552734,103.08999633789062,106.06999969482422,99.02166748046875,1118600
2023-12-14,106.0199966430664,106.37999725341797,104.3499984741211,104.37000274658203,97.43466186523438,1261600
2023-12-15,103.7300033569336,104.44999694824219,103.02999877929688,104.33000183105469,97.39729309082031,1974000
2023-12-18,104.47000122070312,107.45999908447266,104.26000213623047,107.25,100.12326049804688,1540400
2023-12-19,107.23999786376953,108.56500244140625,105.7699966430664,105.91999816894531,98.88165283203125,1668700
2023-12-20,105.11000061035156,105.4800033569336,103.12000274658203,103.41000366210938,96.53843688964844,1489000
2023-12-21,104.02999877929688,104.61000061035156,103.12999725341797,103.95999908447266,97.0518798828125,1005700
2023-12-22,104.22000122070312,106.05999755859375,103.86000061035156,104.69999694824219,97.74272155761719,889900
2023-12-26,104.33000183105469,106.66999816894531,104.19000244140625,106.51000213623047,99.43243408203125,1027900
2023-12-27,106.58999633789062,107.9000015258789,106.3479995727539,107.51000213623047,100.36599731445312,1080200
2023-12-28,107.41000366210938,108.62000274658203,107.41000366210938,108.12999725341797,100.94479370117188,912100
2023-12-29,108.1500015258789,108.77999877929688,107.9800033569336,108.08999633789062,100.90745544433594,925600
2024-01-02,107.66999816894531,108.15499877929688,105.8499984741211,106.55999755859375,99.47913360595703,2698000
2024-01-03,106.97000122070312,107.22000122070312,103.75,104.93000030517578,97.95743560791016,3212100
2024-01-04,106.81999969482422,111.875,105.0199966430664,105.26000213623047,98.2655258178711,5531500
2024-01-05,104.83000183105469,108.0,104.83000183105469,106.0199966430664,98.9749984741211,2436800
2024-01-08,106.18000030517578,107.94000244140625,105.75,107.37999725341797,100.24463653564453,1604400
2024-01-09,106.5199966430664,107.69000244140625,106.27999877929688,107.41000366210938,100.27263641357422,1122700
2024-01-10,107.52999877929688,108.18000030517578,106.41000366210938,107.18000030517578,100.05791473388672,990900
2024-01-11,107.38999938964844,107.79000091552734,105.7300033569336,107.16999816894531,100.04859161376953,995200
2024-01-12,107.61499786376953,108.11000061035156,106.6500015258789,107.1500015258789,100.02991485595703,744200
2024-01-16,106.94999694824219,108.33999633789062,106.94999694824219,108.31999969482422,101.12217712402344,1037100
2024-01-17,107.70999908447266,110.12999725341797,107.69000244140625,109.98999786376953,102.68119812011719,1619400
2024-01-18,110.01000213623047,110.13999938964844,108.63999938964844,109.73999786376953,102.44781494140625,1396200
2024-01-19,110.41999816894531,110.61000061035156,108.16999816894531,109.23999786376953,101.98103332519531,1235800
2024-01-22,109.2699966430664,110.0199966430664,108.30500030517578,109.69999694824219,102.41046142578125,1262400
2024-01-23,109.98999786376953,110.45999908447266,108.95999908447266,109.55999755859375,102.2797622680664,846700
2024-01-24,109.33999633789062,109.41000366210938,105.79000091552734,105.8499984741211,98.81629943847656,1334600
2024-01-25,106.13999938964844,106.86000061035156,102.44999694824219,105.04000091552734,98.06011962890625,2119000
2024-01-26,105.37999725341797,105.54499816894531,102.88999938964844,104.19000244140625,97.2666015625,1941400
2024-01-29,104.7300033569336,105.58999633789062,104.29000091552734,104.93000030517578,97.95743560791016,1218800
2024-01-30,105.06999969482422,105.48999786376953,103.26000213623047,103.51000213623047,96.63179779052734,1408600
2024-01-31,103.44000244140625,103.61000061035156,101.80999755859375,102.44000244140625,95.63290405273438,2725700
2024-02-01,102.66000366210938,105.5,102.30500030517578,105.44000244140625,98.78067016601562,2020100
2024-02-02,106.0199966430664,106.9000015258789,104.98500061035156,106.0999984741211,99.39899444580078,1496900
2024-02-05,105.68000030517578,105.98999786376953,103.77999877929688,104.12999725341797,97.55340576171875,1493000
2024-02-06,104.02999877929688,104.3499984741211,100.69000244140625,101.05999755859375,94.67729949951172,1567300
2024-02-07,101.12999725341797,101.73999786376953,99.2760009765625,100.19000244140625,93.86225128173828,1767800
2024-02-08,100.22000122070312,102.13999938964844,100.0,100.87999725341797,94.50867462158203,1263200
2024-02-09,100.76000213623047,101.16999816894531,99.55999755859375,100.83000183105469,94.46183776855469,905300
2024-02-12,100.5,101.88999938964844,100.19999694824219,101.13999938964844,94.75225067138672,883300
2024-02-13,100.7300033569336,103.80999755859375,100.7300033569336,103.5999984741211,97.056884765625,2282800
2024-02-14,103.5999984741211,104.04000091552734,101.19999694824219,102.8499984741211,96.35425567626953,1509400
2024-02-15,103.4800033569336,103.7300033569336,102.12999725341797,103.5199966430664,96.98194122314453,1228800
2024-02-16,103.44999694824219,103.44999694824219,100.66999816894531,101.2300033569336,94.8365707397461,2034200
2024-02-20,101.33999633789062,103.44999694824219,100.80000305175781,102.16000366210938,95.70783996582031,1499900
2024-02-21,102.16000366210938,102.65499877929688,101.16000366210938,101.83999633789062,95.40803527832031,1396200
2024-02-22,102.0199966430664,105.11000061035156,101.33999633789062,103.76000213623047,97.20679473876953,2195900
2024-02-23,104.0,104.3499984741211,102.66999816894531,102.66999816894531,96.18562316894531,794200
2024-02-26,102.94000244140625,103.54000091552734,101.98999786376953,102.05000305175781,95.60477447509766,780100
2024-02-27,101.66999816894531,102.5199966430664,100.79000091552734,100.81999969482422,94.45246887207031,937300
2024-02-28,100.79000091552734,101.45999908447266,100.27999877929688,100.9800033569336,94.60237121582031,724000
2024-02-29,101.48999786376953,102.54000091552734,100.80000305175781,102.20999908447266,95.75467681884766,2199900
2024-03-01,101.91000366210938,103.76000213623047,101.44999694824219,102.05000305175781,95.60477447509766,1886300
2024-03-04,102.0,102.34500122070312,100.84500122070312,102.23999786376953,95.78278350830078,1085900
2024-03-05,102.19999694824219,104.01000213623047,101.79499816894531,103.1500015258789,96.63529968261719,1257000
2024-03-06,103.37000274658203,103.58000183105469,101.94999694824219,102.44000244140625,95.97014617919922,1110000
2024-03-07,102.5999984741211,102.91799926757812,99.2699966430664,99.7300033569336,93.43131256103516,1854900
2024-03-08,99.6500015258789,101.2699966430664,98.5999984741211,101.19000244140625,94.79911041259766,1436500
2024-03-11,101.37999725341797,103.2249984741211,100.6500015258789,102.19999694824219,95.74531555175781,1563800
2024-03-12,102.44000244140625,103.55000305175781,101.77999877929688,103.0999984741211,96.58846282958984,1352400
2024-03-13,103.0999984741211,103.91000366210938,102.22000122070312,102.94000244140625,96.4385757446289,1081200
2024-03-14,102.83000183105469,103.25,100.63999938964844,101.33000183105469,94.9302749633789,1012600
2024-03-15,100.45999908447266,102.44499969482422,100.45999908447266,102.05999755859375,95.6141586303711,1325300
2024-03-18,101.5999984741211,103.56999969482422,100.55999755859375,102.86000061035156,96.36363220214844,1289900
2024-03-19,102.8499984741211,103.875,102.44000244140625,103.79000091552734,97.23490142822266,1083000
2024-03-20,104.05999755859375,104.69000244140625,101.8499984741211,103.18000030517578,96.6634292602539,1762700
2024-03-21,102.93000030517578,103.61000061035156,102.16999816894531,102.73999786376953,96.25120544433594,1219700
2024-03-22,102.69999694824219,104.31999969482422,102.62000274658203,103.16999816894531,96.65403747558594,2479300
2024-03-25,103.0999984741211,104.6500015258789,102.61000061035156,102.6500015258789,96.16688537597656,1440400
2024-03-26,103.06999969482422,105.68000030517578,102.76000213623047,105.5999984741211,98.93057250976562,2653300
2024-03-27,106.19999694824219,107.31999969482422,105.8499984741211,106.30000305175781,99.58637237548828,1776000
2024-03-28,106.69999694824219,107.5,106.00499725341797,106.52999877929688,99.80184173583984,1407900
2024-04-01,103.56999969482422,105.55000305175781,102.76000213623047,104.9800033569336,98.3497314453125,2540800
2024-04-02,104.83999633789062,105.30999755859375,102.5250015258789,103.80999755859375,97.25362396240234,1609000
2024-04-03,103.23999786376953,103.48999786376953,100.43000030517578,101.12000274658203,94.7335205078125,3640800
2024-04-04,88.52999877929688,89.4800033569336,80.0199966430664,81.52999877929688,76.38076782226562,23227100
2024-04-05,82.01000213623047,82.60700225830078,78.76100158691406,79.77999877929688,74.7413101196289,9800100
2024-04-08,79.33000183105469,80.43000030517578,77.41000366210938,77.80000305175781,72.8863525390625,5986400
2024-04-09,78.0,81.27999877929688,77.96099853515625,80.44000244140625,75.35963439941406,5574400
2024-04-10,79.80000305175781,80.91999816894531,78.28500366210938,79.86000061035156,74.81625366210938,4440800
2024-04-11,80.33000183105469,82.19999694824219,79.9749984741211,81.36000061035156,76.22151184082031,5103700
2024-04-12,80.77999877929688,81.4800033569336,79.06999969482422,79.7699966430664,74.73192596435547,3513700
2024-04-15,80.12000274658203,80.62799835205078,78.66999816894531,79.94999694824219,74.90057373046875,2649400
2024-04-16,79.98999786376953,82.2699966430664,79.37000274658203,82.05999755859375,76.8772964477539,3176900
2024-04-17,82.19000244140625,82.75,80.33000183105469,80.36000061035156,75.28466796875,3006400
2024-04-18,80.68000030517578,80.7699966430664,79.13999938964844,80.29000091552734,75.21908569335938,2580900
2024-04-19,80.25,82.4800033569336,79.95999908447266,81.0,75.88423919677734,2441800
2024-04-22,81.0,82.5,80.83999633789062,82.12000274658203,76.93350982666016,1949500
2024-04-23,82.19000244140625,83.94000244140625,82.05000305175781,83.72000122070312,78.4324722290039,1932200
2024-04-24,83.44999694824219,84.75,82.98999786376953,84.5199966430664,79.18193817138672,3187600
2024-04-25,84.5,85.2300033569336,83.3499984741211,83.5,78.22635650634766,2079400
2024-04-26,83.16000366210938,85.1500015258789,83.16000366210938,83.8499984741211,78.55425262451172,2462700
2024-04-29,84.16000366210938,85.12999725341797,83.45999908447266,84.66999816894531,79.32244873046875,1652100
2024-04-30,84.12000274658203,84.41999816894531,82.56500244140625,83.33999633789062,78.07645416259766,2294100
2024-05-01,82.79000091552734,83.05500030517578,81.31500244140625,82.22000122070312,77.0271987915039,2678200
2024-05-02,82.4800033569336,84.63999938964844,82.12000274658203,84.4800033569336,79.49252319335938,2070400
2024-05-03,85.0,85.75,84.29499816894531,85.08000183105469,80.05709838867188,1686300
2024-05-06,85.1500015258789,85.42500305175781,83.72000122070312,84.41000366210938,79.42665100097656,1555900
2024-05-07,84.7300033569336,85.83999633789062,84.55999755859375,85.0999984741211,80.075927734375,1561300
2024-05-08,85.11000061035156,85.25,82.41999816894531,83.16000366210938,78.25045013427734,1740000
2024-05-09,83.30999755859375,84.0999984741211,82.37000274658203,83.83000183105469,78.88090515136719,1651200
2024-05-10,84.12999725341797,85.30000305175781,83.90299987792969,85.16000366210938,80.13238525390625,1542600
2024-05-13,85.51000213623047,86.2699966430664,84.83000183105469,85.0999984741211,80.075927734375,2105700
2024-05-14,85.12999725341797,86.0999984741211,84.9229965209961,85.58000183105469,80.52758026123047,2210900
2024-05-15,86.18000030517578,86.33000183105469,84.5,86.06999969482422,80.9886474609375,1476900
2024-05-16,86.01000213623047,87.19000244140625,85.70999908447266,86.95999908447266,81.82610321044922,1432300
2024-05-17,87.05999755859375,87.20999908447266,85.91999816894531,86.7699966430664,81.6473159790039,1219900
2024-05-20,86.8499984741211,87.38999938964844,85.80999755859375,86.66999816894531,81.55322265625,1185100
2024-05-21,86.79000091552734,87.73999786376953,85.80999755859375,87.2300033569336,82.08016967773438,2015700
2024-05-22,86.80000305175781,89.12999725341797,86.55000305175781,88.7699966430664,83.52925109863281,2383800
2024-05-23,88.77999877929688,88.88999938964844,87.56999969482422,87.73999786376953,82.56005096435547,2244700
2024-05-24,87.98999786376953,89.51000213623047,87.61000061035156,89.20999908447266,83.94326782226562,1698200
2024-05-28,88.8499984741211,89.2300033569336,88.09500122070312,88.4000015258789,83.18109893798828,1632500
2024-05-29,87.81999969482422,87.92500305175781,85.33000183105469,85.36000061035156,80.32056427001953,1678300
2024-05-30,85.38999938964844,86.83000183105469,85.19999694824219,85.62999725341797,80.57461547851562,1165900
2024-05-31,85.7699966430664,88.33999633789062,85.7699966430664,88.29000091552734,83.07757568359375,3254600
2024-06-03,88.26000213623047,88.5719985961914,86.95999908447266,87.3499984741211,82.19306945800781,1110200
2024-06-04,87.01000213623047,87.37999725341797,85.94000244140625,86.2300033569336,81.13920593261719,1755100
2024-06-05,86.0,86.31999969482422,85.01000213623047,85.30999755859375,80.27351379394531,1417200
2024-06-06,85.38999938964844,86.52999877929688,85.38999938964844,86.05000305175781,80.96983337402344,1439300
2024-06-07,85.86000061035156,86.22000122070312,85.08000183105469,85.83999633789062,80.77223205566406,1466200
2024-06-10,85.33999633789062,86.1500015258789,84.41000366210938,85.48999786376953,80.4428939819336,1725900
2024-06-11,85.5,87.05000305175781,84.73999786376953,86.91999816894531,81.7884750366211,1102800
2024-06-12,87.55999755859375,88.25,86.12000274658203,86.44000244140625,81.33680725097656,1233600
2024-06-13,86.41000366210938,86.52999877929688,85.0999984741211,86.16999816894531,81.0827407836914,979600
2024-06-14,86.0199966430664,86.87000274658203,85.11299896240234,86.76000213623047,81.6379165649414,904400
2024-06-17,86.55999755859375,87.94000244140625,86.55999755859375,87.11000061035156,81.96724700927734,963500
2024-06-18,86.5,87.23500061035156,84.58999633789062,84.68000030517578,79.68070983886719,1450500
2024-06-20,84.23999786376953,84.80000305175781,82.41999816894531,82.48999786376953,77.62000274658203,2293400
2024-06-21,82.6500015258789,85.0,82.33000183105469,84.8499984741211,79.8406753540039,3053300
2024-06-24,85.05000305175781,85.48999786376953,84.37000274658203,84.94999694824219,79.93476867675781,1736600
2024-06-25,84.66999816894531,85.79000091552734,84.58999633789062,85.16000366210938,80.13238525390625,1432200
2024-06-26,84.12000274658203,84.98999786376953,83.77999877929688,84.06999969482422,79.10671997070312,1511400
2024-06-27,84.06999969482422,84.44999694824219,83.02999877929688,83.44999694824219,78.52333068847656,2295200
2024-06-28,83.44999694824219,84.0999984741211,83.08000183105469,84.08000183105469,79.11612701416016,5214900
2024-07-01,84.25,84.4000015258789,82.66999816894531,82.73999786376953,77.85523986816406,1715300
2024-07-02,82.68000030517578,82.79000091552734,81.12000274658203,82.73999786376953,77.85523986816406,2222300
2024-07-03,83.19999694824219,83.34500122070312,82.25,82.68000030517578,77.79878997802734,857900
2024-07-05,82.20999908447266,82.62999725341797,81.45999908447266,82.4000015258789,77.53531646728516,2048300
2024-07-08,82.54000091552734,82.69499969482422,80.01000213623047,80.4800033569336,75.72866821289062,2323700
2024-07-09,79.93000030517578,80.16500091552734,76.8499984741211,76.86000061035156,72.3223876953125,3471300
2024-07-10,77.05000305175781,78.47000122070312,76.66999816894531,77.97000122070312,73.36685943603516,3115900
2024-07-11,78.25,79.45500183105469,77.87000274658203,78.93000030517578,74.27017974853516,2469100
2024-07-12,79.91000366210938,79.94999694824219,78.68000030517578,78.94999694824219,74.28900146484375,2127600
2024-07-15,79.08000183105469,79.70999908447266,76.83999633789062,76.9000015258789,72.36002349853516,2546800
2024-07-16,77.05000305175781,78.74500274658203,76.61000061035156,77.91000366210938,73.3104019165039,2407000
2024-07-17,77.58000183105469,80.05000305175781,77.51000213623047,79.0,74.3360366821289,2418200
2024-07-18,78.2300033569336,80.12999725341797,78.13999938964844,79.06999969482422,74.40190124511719,3315900
2024-07-19,79.9000015258789,79.9000015258789,77.45099639892578,77.4800033569336,72.90577697753906,1607000
2024-07-22,77.5999984741211,79.78299713134766,76.94999694824219,79.3499984741211,74.66536712646484,2194400
2024-07-23,79.36000061035156,79.69000244140625,78.26000213623047,78.62000274658203,73.97846984863281,2473300
2024-07-24,59.11600112915039,64.16000366210938,56.22999954223633,56.41999816894531,53.08910369873047,22845200
2024-07-25,55.119998931884766,56.53499984741211,52.9900016784668,53.0099983215332,49.88042068481445,14857200
2024-07-26,53.900001525878906,56.79999923706055,53.900001525878906,56.709999084472656,53.36198425292969,9809100
2024-07-29,56.790000915527344,56.849998474121094,55.38999938964844,56.22999954223633,52.91032791137695,5299800
2024-07-30,57.099998474121094,59.720001220703125,57.04999923706055,59.52000045776367,56.00609588623047,6622300
2024-07-31,59.5,61.0099983215332,59.292999267578125,60.02000045776367,56.47657012939453,4638200
2024-08-01,60.060001373291016,61.040000915527344,59.0099983215332,59.310001373291016,55.80849075317383,5089200
2024-08-02,58.38999938964844,59.029998779296875,56.029998779296875,56.939998626708984,53.90560531616211,4766800
2024-08-05,55.5,56.4900016784668,55.13999938964844,56.380001068115234,53.37544631958008,4672900
2024-08-06,56.7400016784668,57.88999938964844,56.099998474121094,57.380001068115234,54.3221549987793,3820100
2024-08-07,57.91999816894531,59.720001220703125,57.45000076293945,58.099998474121094,55.0037841796875,4061300
2024-08-08,58.119998931884766,59.68000030517578,58.11000061035156,59.220001220703125,56.06410217285156,2447000
2024-08-09,59.15999984741211,60.2599983215332,58.619998931884766,60.13999938964844,56.93507385253906,2816600
2024-08-12,60.0099983215332,60.189998626708984,58.290000915527344,58.310001373291016,55.20259475708008,2798500
2024-08-13,58.7400016784668,59.27000045776367,58.150001525878906,59.130001068115234,55.97890090942383,2708000
2024-08-14,59.279998779296875,59.5099983215332,58.58000183105469,59.130001068115234,55.97890090942383,1420500
2024-08-15,60.0,61.439998626708984,60.0,61.09000015258789,57.83444595336914,2198800
2024-08-16,60.849998474121094,61.709999084472656,60.400001525878906,60.93000030517578,57.68296813964844,1639600
2024-08-19,61.0,62.970001220703125,60.972999572753906,62.93000030517578,59.576393127441406,2794500
2024-08-20,62.79999923706055,62.88999938964844,61.34000015258789,61.849998474121094,58.5539436340332,1711300
2024-08-21,62.25,62.95000076293945,62.029998779296875,62.20000076293945,58.88529968261719,1879700
2024-08-22,62.5,62.68000030517578,61.900001525878906,62.40999984741211,59.084102630615234,1779500
2024-08-23,62.849998474121094,62.970001220703125,62.25,62.689998626708984,59.34918212890625,1648700
2024-08-26,63.0,63.0,62.22999954223633,62.2400016784668,58.923160552978516,2526800
2024-08-27,62.09000015258789,62.775001525878906,61.93000030517578,62.2400016784668,58.923160552978516,1564500
2024-08-28,61.900001525878906,62.4900016784668,60.66999816894531,61.130001068115234,57.872318267822266,1665400
2024-08-29,61.47999954223633,61.95000076293945,60.630001068115234,61.29999923706055,58.03325653076172,1422300
2024-08-30,61.7599983215332,62.20000076293945,61.10100173950195,61.91999816894531,58.620208740234375,1962900
2024-09-03,61.38999938964844,62.52000045776367,61.209999084472656,61.720001220703125,58.430877685546875,2465500
2024-09-04,61.22999954223633,62.38999938964844,61.22999954223633,61.68000030517578,58.393009185791016,2272700
2024-09-05,62.099998474121094,62.47999954223633,61.130001068115234,62.09000015258789,58.781158447265625,1910400
2024-09-06,62.040000915527344,63.41999816894531,61.8849983215332,63.02000045776367,59.66160202026367,1815600
2024-09-09,63.380001068115234,64.12000274658203,62.935001373291016,63.16999816894531,59.803592681884766,2289400
2024-09-10,63.529998779296875,63.939998626708984,62.040000915527344,62.66999816894531,59.33024978637695,1542300
2024-09-11,62.61000061035156,62.665000915527344,61.494998931884766,62.56999969482422,59.235572814941406,1407400
2024-09-12,62.91999816894531,64.18000030517578,62.209999084472656,63.869998931884766,60.4662971496582,1787600
2024-09-13,64.11000061035156,64.54000091552734,63.56999969482422,64.16999816894531,60.75030517578125,1291400
2024-09-16,64.5999984741211,65.70999908447266,64.33000183105469,64.76000213623047,61.30887222290039,1426400
2024-09-17,65.08000183105469,66.58999633789062,64.6500015258789,65.69000244140625,62.18930435180664,1792700
2024-09-18,65.73999786376953,66.95500183105469,65.51000213623047,65.7699966430664,62.26504135131836,2297000
2024-09-19,66.8499984741211,66.9800033569336,65.2699966430664,65.61000061035156,62.11356735229492,2804300
2024-09-20,64.9800033569336,65.97000122070312,64.47000122070312,65.44000244140625,61.95263671875,5336200
2024-09-23,65.29000091552734,65.73999786376953,64.27999877929688,64.9000015258789,61.44140625,2517200
2024-09-24,65.9800033569336,66.44999694824219,64.69000244140625,64.83999633789062,61.38460159301758,3055900
2024-09-25,65.0,65.0199966430664,64.08999633789062,64.93000030517578,61.46981430053711,2377500
2024-09-26,65.74500274658203,67.0,65.63899993896484,66.5,62.95614242553711,2293400
2024-09-27,67.0,67.43000030517578,65.93000030517578,66.80000305175781,63.24015808105469,2279200
2024-09-30,66.66999816894531,66.87999725341797,64.51000213623047,64.73999786376953,61.2899284362793,2978200
2024-10-01,64.73999786376953,65.87000274658203,64.22000122070312,64.91000366210938,61.45087432861328,4151400
2024-10-02,63.0,68.16999816894531,62.20000076293945,66.58000183105469,63.03187942504883,6786600
2024-10-03,65.73999786376953,68.43000030517578,65.41000366210938,68.29000091552734,64.6507568359375,4480500
2024-10-04,69.3499984741211,69.86000061035156,67.7699966430664,68.8499984741211,65.18090057373047,3321100
2024-10-07,67.87999725341797,69.25,67.44999694824219,69.2300033569336,65.54066467285156,2583900
2024-10-08,69.22000122070312,71.55999755859375,68.9000015258789,71.11000061035156,67.32046508789062,3403800
2024-10-09,71.11000061035156,71.72000122070312,70.33000183105469,70.94999694824219,67.16899108886719,2386500
2024-10-10,70.63999938964844,71.0199966430664,69.61000061035156,70.97000122070312,67.18793487548828,1948700
2024-10-11,71.11000061035156,71.61000061035156,70.77999877929688,71.3499984741211,67.54766845703125,1252600
2024-10-14,71.6500015258789,72.3479995727539,70.55999755859375,72.30000305175781,68.44705963134766,2058400
2024-10-15,72.47000122070312,72.86499786376953,71.22000122070312,71.30999755859375,67.50981140136719,2199600
2024-10-16,71.48999786376953,71.7300033569336,69.4800033569336,69.75,66.03295135498047,3777300
2024-10-17,70.11000061035156,71.55000305175781,70.01499938964844,71.0,67.21632385253906,2068000
2024-10-18,79.16000366210938,79.28900146484375,75.16000366210938,78.22000122070312,74.05156707763672,7982900
2024-10-21,78.0999984741211,78.7300033569336,76.54000091552734,77.30999755859375,73.19005584716797,2286500
2024-10-22,77.30999755859375,77.76000213623047,76.45999908447266,77.26000213623047,73.14273071289062,1682300
2024-10-23,76.3499984741211,77.5199966430664,76.01000213623047,77.1500015258789,73.03858947753906,2384900
2024-10-24,77.1500015258789,77.72000122070312,76.77999877929688,77.37999725341797,73.25634002685547,2336200
2024-10-25,77.4000015258789,78.01000213623047,76.69999694824219,76.91999816894531,72.82083892822266,2568200
2024-10-28,77.1500015258789,78.26000213623047,76.98500061035156,77.6500015258789,73.51195526123047,1877900
2024-10-29,77.2699966430664,78.26000213623047,76.70999908447266,77.41000366210938,73.28472900390625,1960900
2024-10-30,77.41000366210938,77.55799865722656,76.13999938964844,77.25,73.13326263427734,1749600
2024-10-31,77.06999969482422,78.01000213623047,76.91999816894531,77.69000244140625,73.54981994628906,1861700
2024-11-01,77.56999969482422,78.02999877929688,76.94999694824219,77.08999633789062,73.321533203125,1750200
2024-11-04,77.41000366210938,78.04000091552734,77.13999938964844,77.45999908447266,73.6734619140625,1725600
2024-11-05,77.62999725341797,79.37000274658203,77.06500244140625,79.16999816894531,75.29986572265625,1601200
2024-11-06,80.43000030517578,81.20999908447266,79.56999969482422,79.98999786376953,76.07978820800781,1886800
2024-11-07,79.91000366210938,81.29000091552734,79.68000030517578,80.30000305175781,76.37462615966797,2131600
2024-11-08,79.98999786376953,81.33000183105469,79.6500015258789,81.19999694824219,77.23062896728516,1580000
2024-11-11,81.55000305175781,81.94000244140625,80.79000091552734,80.98999786376953,77.03089141845703,1197800
2024-11-12,81.0999984741211,81.48999786376953,79.63999938964844,80.4000015258789,76.46974182128906,1420100
2024-11-13,80.44000244140625,80.83999633789062,79.47000122070312,80.06999969482422,76.15587615966797,1393200
2024-11-14,80.12000274658203,80.93000030517578,79.33000183105469,80.41000366210938,76.479248046875,1750400
2024-11-15,79.81999969482422,80.38999938964844,75.26000213623047,75.47000122070312,71.78073120117188,4403000
2024-11-18,75.66999816894531,77.3550033569336,75.66999816894531,76.81999969482422,73.06474304199219,2215200
2024-11-19,76.27999877929688,76.27999877929688,73.97000122070312,75.06999969482422,71.40028381347656,1696900
2024-11-20,74.8499984741211,76.22000122070312,74.43499755859375,76.11000061035156,72.38945770263672,1131900
2024-11-21,76.3499984741211,77.0199966430664,75.44000244140625,76.75,72.99816131591797,1266000
2024-11-22,76.87999725341797,77.81999969482422,75.93000030517578,76.91999816894531,73.15984344482422,1171700
2024-11-25,77.47000122070312,78.36000061035156,76.7300033569336,76.77999877929688,73.02669525146484,2729600
2024-11-26,76.94000244140625,77.7300033569336,75.7300033569336,76.83000183105469,73.07425689697266,1830800
2024-11-27,77.5,77.81500244140625,76.30000305175781,76.70999908447266,72.96011352539062,1338700
2024-11-29,77.0,77.50499725341797,76.69000244140625,77.23999786376953,73.4642105102539,689200
2024-12-02,77.19999694824219,78.52999877929688,76.30999755859375,78.33999633789062,74.51043701171875,1256700
2024-12-03,78.2699966430664,79.66999816894531,77.79000091552734,79.41000366210938,75.52813720703125,1578800
2024-12-04,78.88999938964844,79.16100311279297,77.43000030517578,77.94999694824219,74.13949584960938,1197800
2024-12-05,77.94999694824219,78.45999908447266,76.37999725341797,77.69000244140625,73.89221954345703,1356900
2024-12-06,78.33000183105469,78.8499984741211,77.47000122070312,77.52999877929688,73.74004364013672,1181000
2024-12-09,77.5199966430664,79.12999725341797,77.13999938964844,78.01000213623047,74.19656372070312,1176700
2024-12-10,78.12999725341797,78.12999725341797,75.33499908447266,75.80000305175781,72.0946044921875,1547200
2024-12-11,76.38999938964844,76.86000061035156,74.26000213623047,74.95999908447266,71.29566955566406,1601400
2024-12-12,75.16000366210938,75.16999816894531,73.56500244140625,74.2300033569336,70.60134887695312,1501000
2024-12-13,72.99500274658203,81.0,70.3499984741211,79.2699966430664,75.39497375488281,8234400
2024-12-16,79.36000061035156,83.98100280761719,78.76000213623047,82.20999908447266,78.1912612915039,5479800
2024-12-17,81.30999755859375,83.0999984741211,80.62999725341797,82.31999969482422,78.2958755493164,3059000
2024-12-18,81.04000091552734,81.74800109863281,77.87999725341797,78.22000122070312,74.39630126953125,4076600
2024-12-19,65.95999908447266,68.79000091552734,59.970001220703125,62.5,59.44475555419922,12297300
2024-12-20,62.43000030517578,63.95600128173828,61.52000045776367,62.09000015258789,59.054805755615234,6510300
2024-12-23,62.29999923706055,64.29000091552734,61.941001892089844,63.900001525878906,60.77632141113281,4385100
2024-12-24,64.33999633789062,65.16000366210938,63.470001220703125,63.689998626708984,60.57658767700195,1734200
2024-12-26,63.689998626708984,65.63999938964844,63.6349983215332,65.27999877929688,62.0888557434082,3467700
2024-12-27,64.86000061035156,68.61000061035156,64.86000061035156,67.0,63.72478485107422,3453700
2024-12-30,66.37000274658203,66.72000122070312,64.19499969482422,64.97000122070312,61.79401779174805,2405200
2024-12-31,65.0,66.94999694824219,64.7699966430664,66.83000183105469,63.56309509277344,1709900
2025-01-02,67.19999694824219,67.92500305175781,65.9000015258789,66.04000091552734,62.811710357666016,1811600
2025-01-03,66.05000305175781,66.3499984741211,65.3499984741211,65.52999877929688,62.32664108276367,1596200
2025-01-06,65.79000091552734,66.80999755859375,63.02000045776367,63.04999923706055,59.967872619628906,3164500
2025-01-07,63.209999084472656,64.39900207519531,61.63999938964844,61.68000030517578,58.66484832763672,3578000
2025-01-08,61.5,61.869998931884766,60.130001068115234,60.88999938964844,57.91346740722656,2737800
2025-01-10,60.20000076293945,61.18000030517578,59.52000045776367,60.72999954223633,57.76128387451172,3063200
2025-01-13,61.0,61.59000015258789,59.880001068115234,60.849998474121094,57.87541198730469,2324500
2025-01-14,60.97999954223633,61.33000183105469,59.650001525878906,59.81999969482422,56.89576721191406,2028700
2025-01-15,61.70000076293945,61.959999084472656,59.0,59.02000045776367,56.1348762512207,2245900
2025-01-16,59.060001373291016,59.90999984741211,58.29999923706055,59.06999969482422,56.18243408203125,2530600
2025-01-17,59.81999969482422,60.7400016784668,59.540000915527344,60.08000183105469,57.14305877685547,1961000
2025-01-21,60.7400016784668,62.720001220703125,60.689998626708984,62.70000076293945,59.63498306274414,2253600
2025-01-22,62.70000076293945,62.70000076293945,60.779998779296875,60.869998931884766,57.894439697265625,1937100
2025-01-23,61.0,61.720001220703125,59.79999923706055,60.5099983215332,57.55203628540039,2410200
2025-01-24,60.61000061035156,60.94900131225586,59.959999084472656,60.59000015258789,57.62812423706055,1774200
2025-01-27,60.97999954223633,62.5099983215332,60.474998474121094,62.400001525878906,59.349647521972656,1867900
2025-01-28,63.29999923706055,63.58000183105469,60.130001068115234,60.33000183105469,57.380836486816406,2049300
2025-01-29,60.75,61.529998779296875,60.529998779296875,61.5099983215332,58.503150939941406,2471200
2025-01-30,62.22999954223633,62.2599983215332,61.060001373291016,61.630001068115234,58.617286682128906,2662800
2025-01-31,61.150001525878906,61.595001220703125,59.540000915527344,59.939998626708984,57.35423278808594,2510200
2025-02-03,59.79999923706055,60.47999954223633,58.060001373291016,60.290000915527344,57.68913650512695,3312100
2025-02-04,60.2599983215332,60.279998779296875,58.4900016784668,59.150001525878906,56.59831619262695,1981900
2025-02-05,59.11000061035156,59.5099983215332,58.209999084472656,59.04999923706055,56.502620697021484,2402000
2025-02-06,59.95000076293945,60.130001068115234,59.0,59.459999084472656,56.89493942260742,1219500
2025-02-07,59.869998931884766,59.869998931884766,58.36000061035156,58.90999984741211,56.36866760253906,1152500
2025-02-10,59.15999984741211,59.15999984741211,57.810001373291016,58.4900016784668,55.96678924560547,1230800
2025-02-11,58.22999954223633,59.025001525878906,57.27000045776367,58.72999954223633,56.19643020629883,1199100
2025-02-12,57.65999984741211,58.22999954223633,56.439998626708984,56.52000045776367,54.08176803588867,2795900
2025-02-13,57.0,57.70000076293945,56.02000045776367,57.27000045776367,54.79941177368164,3242500
2025-02-14,57.959999084472656,59.130001068115234,57.5,58.459999084472656,55.93807601928711,2019100
2025-02-18,58.150001525878906,58.474998474121094,57.20000076293945,57.689998626708984,55.2012939453125,1726500
2025-02-19,57.0,57.380001068115234,56.220001220703125,57.16999816894531,54.70372772216797,3227200
2025-02-20,57.060001373291016,57.689998626708984,56.709999084472656,56.810001373291016,54.35926055908203,1800300
2025-02-21,56.939998626708984,57.119998931884766,55.63600158691406,55.79999923706055,53.392826080322266,2041600
2025-02-24,55.810001373291016,56.040000915527344,51.959999084472656,52.290000915527344,50.03425216674805,5651500
2025-02-25,52.5,52.65999984741211,50.93000030517578,51.77000045776367,49.53668212890625,4977100
2025-02-26,51.91999816894531,52.209999084472656,51.209999084472656,51.90999984741211,49.6706428527832,3167300
2025-02-27,51.619998931884766,51.986000061035156,50.7400016784668,51.47999954223633,49.259185791015625,3072400
2025-02-28,51.619998931884766,52.290000915527344,50.279998779296875,51.869998931884766,49.632362365722656,12204000
2025-03-03,52.029998779296875,52.84000015258789,49.4900016784668,50.02000045776367,47.86217498779297,3005300
2025-03-04,49.43000030517578,50.709999084472656,49.279998779296875,49.90999984741211,47.756919860839844,3540700
2025-03-05,49.540000915527344,51.779998779296875,49.5,51.459999084472656,49.24005126953125,3566200
2025-03-06,51.54999923706055,52.08399963378906,50.8849983215332,51.70000076293945,49.469696044921875,2016800
2025-03-07,51.599998474121094,53.75,51.47200012207031,53.0099983215332,50.72318649291992,2932300
2025-03-10,52.83000183105469,54.0,52.06999969482422,52.470001220703125,50.20648193359375,2025800
2025-03-11,52.40999984741211,52.459999084472656,50.790000915527344,51.529998779296875,49.30703353881836,2072000
2025-03-12,51.310001373291016,51.58000183105469,50.70000076293945,51.310001373291016,49.096527099609375,2723500
2025-03-13,51.38999938964844,51.720001220703125,47.900001525878906,48.650001525878906,46.551273345947266,3130700
2025-03-14,48.84000015258789,51.720001220703125,48.630001068115234,50.95000076293945,48.75205993652344,3371400
2025-03-17,51.400001525878906,53.95000076293945,51.125,53.599998474121094,51.28773498535156,2095100
2025-03-18,53.529998779296875,53.529998779296875,52.52000045776367,52.880001068115234,50.598793029785156,1401600
2025-03-19,52.33000183105469,53.060001373291016,52.12699890136719,52.68000030517578,50.40742492675781,1723400
2025-03-20,53.0099983215332,53.564998626708984,52.5099983215332,52.75,50.474403381347656,2016700
2025-03-21,52.34000015258789,53.400001525878906,52.099998474121094,53.08000183105469,50.79016876220703,4602500
2025-03-24,53.209999084472656,54.40999984741211,52.88999938964844,53.93000030517578,51.60349655151367,1784000
2025-03-25,53.81999969482422,53.95000076293945,52.650001525878906,53.0099983215332,50.72318649291992,1556400
2025-03-26,52.810001373291016,53.83000183105469,52.790000915527344,53.709999084472656,51.39298629760742,1473900
2025-03-27,53.31999969482422,54.41999816894531,53.060001373291016,53.900001525878906,51.574790954589844,1823400
2025-03-28,53.880001068115234,54.43000030517578,53.56999969482422,54.0099983215332,51.680049896240234,2720900
2025-03-31,53.63999938964844,54.380001068115234,52.76499938964844,53.29999923706055,51.000675201416016,2824900
2025-04-01,53.93000030517578,54.439998626708984,52.040000915527344,53.310001373291016,51.01024627685547,4601700
2025-04-02,53.119998931884766,54.77000045776367,53.0099983215332,54.150001525878906,51.81400680541992,3691400
2025-04-03,59.939998626708984,60.91999816894531,57.5,59.56999969482422,57.00019073486328,10401400
2025-04-04,58.97999954223633,59.970001220703125,57.959999084472656,59.0,56.454776763916016,5116800
2025-04-07,57.189998626708984,58.60499954223633,55.13999938964844,56.540000915527344,54.10090637207031,3999200
2025-04-08,57.41999816894531,57.70000076293945,52.220001220703125,52.47999954223633,50.2160530090332,3024500
2025-04-09,52.1150016784668,55.486000061035156,52.1150016784668,55.2599983215332,52.876121520996094,3117700
2025-04-10,55.06999969482422,55.2599983215332,52.880001068115234,53.90999984741211,51.5843620300293,2059900
2025-04-11,53.5099983215332,54.95000076293945,53.275001525878906,54.7400016784668,52.37855529785156,2207000
2025-04-14,55.209999084472656,56.2599983215332,54.7400016784668,55.97999954223633,53.5650634765625,2236700
2025-04-15,55.77000045776367,56.2599983215332,54.34000015258789,54.630001068115234,52.2733039855957,1439400
2025-04-16,54.66999816894531,55.06999969482422,53.18000030517578,53.400001525878906,51.09636688232422,1536900
2025-04-17,53.5,54.27000045776367,53.35499954223633,53.560001373291016,51.24946594238281,1458900
2025-04-21,52.810001373291016,53.150001525878906,50.15999984741211,51.5099983215332,49.28789138793945,2266300
2025-04-22,51.84000015258789,52.720001220703125,51.84000015258789,52.470001220703125,50.20648193359375,1587700
2025-04-23,53.130001068115234,53.5,51.970001220703125,52.439998626708984,50.177772521972656,1622900
2025-04-24,52.2599983215332,53.0099983215332,51.599998474121094,52.599998474121094,50.33087158203125,1332700
2025-04-25,52.439998626708984,52.4900016784668,51.38999938964844,51.939998626708984,49.69934844970703,1325900
2025-04-28,51.88999938964844,52.47999954223633,51.564998626708984,51.75,49.51754379272461,1353800
2025-04-29,51.529998779296875,52.34000015258789,51.0099983215332,52.18000030517578,49.928993225097656,1232000
2025-04-30,52.27000045776367,53.060001373291016,51.470001220703125,52.810001373291016,50.53181076049805,1407100
2025-05-01,52.84000015258789,53.150001525878906,51.9900016784668,52.11000061035156,49.86201095581055,1368600
2025-05-02,52.41999816894531,52.6150016784668,51.369998931884766,51.5,49.6307258605957,1444400
2025-05-05,51.25,51.810001373291016,50.8849983215332,51.290000915527344,49.428348541259766,1819300
2025-05-06,50.88999938964844,51.310001373291016,50.709999084472656,51.209999084472656,49.35124588012695,1460800
2025-05-07,51.209999084472656,51.970001220703125,50.540000915527344,50.84000015258789,48.99467849731445,1290800
2025-05-08,51.02000045776367,51.779998779296875,50.22999954223633,51.459999084472656,49.59217071533203,1628400
2025-05-09,51.369998931884766,51.689998626708984,50.709999084472656,50.83000183105469,48.985042572021484,1209800
2025-05-12,51.7400016784668,52.45000076293945,50.61000061035156,51.2400016784668,49.380157470703125,1986700
2025-05-13,51.22999954223633,51.99100112915039,50.375,51.209999084472656,49.35124588012695,1720100
2025-05-14,51.209999084472656,51.47999954223633,50.47600173950195,51.40999984741211,49.54398727416992,2072200
2025-05-15,51.41999816894531,52.36000061035156,51.2869987487793,51.790000915527344,49.91019821166992,2406100
2025-05-16,51.79999923706055,53.849998474121094,51.78499984741211,53.849998474121094,51.895423889160156,2213100
2025-05-19,53.18000030517578,53.630001068115234,52.880001068115234,53.54999923706055,51.60631561279297,1935800
2025-05-20,53.689998626708984,54.45000076293945,53.345001220703125,53.90999984741211,51.953250885009766,1737700
2025-05-21,53.709999084472656,53.709999084472656,51.38999938964844,51.40999984741211,49.54398727416992,1448800
2025-05-22,51.0,51.439998626708984,50.099998474121094,51.02000045776367,49.16814422607422,1628000
2025-05-23,50.75,51.20000076293945,49.959999084472656,50.560001373291016,48.72483825683594,1911800
2025-05-27,51.7400016784668,53.25,51.04999923706055,53.189998626708984,51.259376525878906,1681100
2025-05-28,53.18000030517578,53.81999969482422,52.959999084472656,53.36000061035156,51.4232177734375,1840300
2025-05-29,53.72999954223633,54.279998779296875,53.20000076293945,54.2400016784668,52.271270751953125,1945200
2025-05-30,54.099998474121094,56.20000076293945,54.0099983215332,55.779998779296875,53.755367279052734,2842800
2025-06-02,55.220001220703125,55.72999954223633,53.970001220703125,54.84000015258789,52.849491119384766,1654600
2025-06-03,55.0099983215332,56.0099983215332,53.939998626708984,55.66999816894531,53.64936447143555,1864600
2025-06-04,55.630001068115234,56.16999816894531,55.209999084472656,55.220001220703125,53.215702056884766,907500
2025-06-05,54.939998626708984,55.60200119018555,54.26499938964844,55.2400016784668,53.2349739074707,1015700
2025-06-06,55.959999084472656,56.470001220703125,55.369998931884766,55.68000030517578,53.659000396728516,1067800
2025-06-09,55.88999938964844,56.11000061035156,54.970001220703125,55.66999816894531,53.64936447143555,1062000
2025-06-10,56.130001068115234,56.619998931884766,55.31999969482422,55.630001068115234,53.610816955566406,1189600
2025-06-11,55.63999938964844,56.0099983215332,55.349998474121094,55.77000045776367,53.74573516845703,1683900
2025-06-12,55.11000061035156,56.279998779296875,54.63999938964844,56.279998779296875,54.23722457885742,962200
2025-06-13,55.77000045776367,56.98500061035156,54.51499938964844,54.79999923706055,52.810943603515625,1635100
2025-06-16,55.04999923706055,55.4900016784668,54.20000076293945,55.290000915527344,53.28316116333008,1651600
2025-06-17,54.88999938964844,55.349998474121094,53.790000915527344,53.95000076293945,51.991798400878906,2076700
2025-06-18,53.25,54.314998626708984,52.970001220703125,53.220001220703125,51.288291931152344,2141600
2025-06-20,53.209999084472656,53.709999084472656,52.63999938964844,53.529998779296875,51.5870361328125,2430300
2025-06-23,53.58000183105469,54.31999969482422,53.25,54.09000015258789,52.126712799072266,1303200
2025-06-24,54.529998779296875,54.88999938964844,53.380001068115234,53.790000915527344,51.83760452270508,1585100
2025-06-25,53.220001220703125,53.540000915527344,52.599998474121094,53.0099983215332,51.08591842651367,1520100
2025-06-26,53.36000061035156,53.650001525878906,52.86000061035156,53.189998626708984,51.259376525878906,1117600
2025-06-27,53.459999084472656,53.52799987792969,52.61000061035156,53.400001525878906,51.461761474609375,3555700
2025-06-30,54.0,55.040000915527344,51.46500015258789,51.849998474121094,49.968017578125,3147500
2025-07-01,51.77000045776367,53.220001220703125,51.43000030517578,52.369998931884766,50.46914291381836,3170700
2025-07-02,52.459999084472656,53.77000045776367,52.439998626708984,52.7599983215332,50.84498977661133,1936200
2025-07-03,52.79999923706055,53.25,52.30500030517578,52.470001220703125,50.565513610839844,1089800
2025-07-07,52.220001220703125,52.5890007019043,50.95000076293945,50.970001220703125,49.11996078491211,2048900
2025-07-08,51.189998626708984,53.630001068115234,50.93000030517578,52.34000015258789,50.44023513793945,3605500
2025-07-09,52.02000045776367,53.68000030517578,50.900001525878906,51.2599983215332,49.39942932128906,2880100
2025-07-10,51.09000015258789,51.790000915527344,50.58000183105469,51.380001068115234,49.515079498291016,2961200
2025-07-11,50.849998474121094,51.5099983215332,49.849998474121094,51.31999969482422,49.45725631713867,2328000
2025-07-14,50.43000030517578,51.439998626708984,50.244998931884766,51.06999969482422,49.216331481933594,2510600
2025-07-15,51.40999984741211,51.52000045776367,49.7400016784668,49.790000915527344,47.982791900634766,1663500
2025-07-16,49.7400016784668,50.04999923706055,48.709999084472656,50.0,48.18517303466797,2781600
2025-07-17,50.15999984741211,50.619998931884766,49.744998931884766,50.4900016784668,48.657386779785156,2645100
2025-07-18,50.5,50.5,48.810001373291016,49.0,47.22146224975586,2577000
2025-07-21,49.31999969482422,49.5,47.869998931884766,48.040000915527344,46.29631042480469,3464600
2025-07-22,48.220001220703125,49.31999969482422,48.130001068115234,49.16999816894531,47.38528823852539,3397300
2025-07-23,56.060001373291016,59.5,54.97999954223633,57.189998626708984,55.114192962646484,10537900
2025-07-24,57.099998474121094,58.70000076293945,55.720001220703125,58.61000061035156,56.4826545715332,3771600
2025-07-25,58.22999954223633,61.02000045776367,58.11000061035156,60.86000061035156,58.65098190307617,3561500
2025-07-28,60.25,60.69900131225586,59.16999816894531,59.220001220703125,57.07051467895508,2310700
2025-07-29,59.209999084472656,59.88999938964844,58.560001373291016,59.459999084472656,57.30179977416992,1635600
2025-07-30,59.7599983215332,59.7599983215332,58.41999816894531,58.70000076293945,56.56938171386719,1405500
2025-07-31,58.15999984741211,58.78499984741211,56.70000076293945,57.06999969482422,54.9985466003418,2605000
2025-08-01,56.75,56.81999969482422,55.5,55.9900016784668,54.30985641479492,1668700
2025-08-04,55.95000076293945,56.59199905395508,54.56999969482422,54.63999938964844,53.000362396240234,1945500
2025-08-05,54.400001525878906,54.66999816894531,53.04999923706055,53.15999984741211,51.56477737426758,1948400
2025-08-06,53.2599983215332,53.2599983215332,51.25,51.45000076293945,49.90609359741211,2137900
2025-08-07,51.9900016784668,52.369998931884766,50.720001220703125,52.119998931884766,50.55598068237305,1736300
2025-08-08,51.91999816894531,52.66600036621094,51.165000915527344,51.54999923706055,50.003089904785156,1064700
2025-08-11,51.400001525878906,52.20000076293945,51.38999938964844,51.650001525878906,50.100093841552734,1130900
2025-08-12,51.650001525878906,53.5,51.470001220703125,52.970001220703125,51.38047790527344,1799600
2025-08-13,52.970001220703125,55.2599983215332,52.72999954223633,54.72999954223633,53.08766174316406,1936800
2025-08-14,53.880001068115234,54.849998474121094,53.63999938964844,54.83000183105469,53.18466567993164,1458400
2025-08-15,55.040000915527344,55.150001525878906,53.959999084472656,54.150001525878906,52.52507019042969,1094000
2025-08-18,54.40999984741211,54.90999984741211,54.060001373291016,54.29999923706055,52.670570373535156,1090600
2025-08-19,54.63999938964844,55.70000076293945,54.54999923706055,55.099998474121094,53.44655990600586,1114500
2025-08-20,54.959999084472656,55.4900016784668,54.470001220703125,55.189998626708984,53.53385925292969,1046600
2025-08-21,54.86000061035156,55.16999816894531,54.4900016784668,54.65999984741211,53.01976776123047,1361300
2025-08-22,55.16999816894531,57.029998779296875,54.935001373291016,56.9900016784668,55.27984619140625,1203600
2025-08-25,56.75,56.79499816894531,55.83000183105469,55.97999954223633,54.30015182495117,975400
2025-08-26,56.06999969482422,56.494998931884766,55.625,56.40999984741211,54.71725082397461,1486200
2025-08-27,56.06999969482422,56.93000030517578,55.91999816894531,56.65999984741211,54.959747314453125,1056600
2025-08-28,56.54999923706055,56.6150016784668,55.790000915527344,56.25,54.56205368041992,1142900
2025-08-29,56.34000015258789,57.68000030517578,56.02000045776367,57.529998779296875,55.80364227294922,1115400
2025-09-02,57.08000183105469,57.61000061035156,56.34000015258789,56.54999923706055,54.853050231933594,1345900
2025-09-03,56.38999938964844,56.779998779296875,55.189998626708984,56.54999923706055,54.853050231933594,1302600
2025-09-04,56.63999938964844,56.97200012207031,55.47999954223633,55.77000045776367,54.09645462036133,1096500
2025-09-05,55.7400016784668,58.15999984741211,55.7400016784668,58.0,56.25953674316406,1658900
2025-09-08,57.43000030517578,57.66999816894531,56.31999969482422,57.56999969482422,55.84244155883789,1533200
2025-09-09,57.369998931884766,57.880001068115234,56.900001525878906,57.119998931884766,55.405948638916016,1311100
2025-09-10,56.790000915527344,56.790000915527344,54.84000015258789,55.869998931884766,54.193458557128906,1495500
2025-09-11,56.33000183105469,57.779998779296875,56.08000183105469,57.119998931884766,55.405948638916016,1401100
2025-09-12,56.880001068115234,57.154998779296875,56.22999954223633,56.41999816894531,54.726951599121094,1009500
2025-09-15,56.849998474121094,57.099998474121094,56.09000015258789,56.09000015258789,54.40685272216797,1629600
2025-09-16,56.43000030517578,57.86000061035156,56.32500076293945,57.7400016784668,56.00733947753906,1834500
2025-09-17,57.70000076293945,57.93000030517578,55.54999923706055,55.650001525878906,53.98005676269531,1827700
2025-09-18,56.18000030517578,57.0,55.974998474121094,56.470001220703125,54.775455474853516,1268800
2025-09-19,56.77000045776367,56.77000045776367,55.52000045776367,55.65999984741211,53.9897575378418,2174500
2025-09-22,55.52000045776367,55.935001373291016,54.63800048828125,55.369998931884766,53.708457946777344,1183800
2025-09-23,55.439998626708984,55.77000045776367,54.11000061035156,54.31999969482422,52.68996810913086,1116600
2025-09-24,54.40999984741211,54.880001068115234,53.459999084472656,53.77000045776367,52.15646743774414,1103400
2025-09-25,53.58000183105469,54.06999969482422,52.4900016784668,52.83000183105469,51.24468231201172,1062000
2025-09-26,52.93000030517578,55.29999923706055,52.5099983215332,55.220001220703125,53.562965393066406,2742000
2025-09-29,55.97999954223633,56.31999969482422,54.93000030517578,55.66999816894531,53.99945831298828,4258800
2025-09-30,59.40999984741211,60.599998474121094,56.540000915527344,58.08000183105469,56.33713912963867,6314500
2025-10-01,58.209999084472656,62.89699935913086,58.209999084472656,62.0099983215332,60.149208068847656,4445600
2025-10-02,62.20000076293945,63.75,62.02000045776367,62.13999938964844,60.275306701660156,2822700
2025-10-03,62.29999923706055,63.13999938964844,61.959999084472656,62.900001525878906,61.01250076293945,2409600
2025-10-06,62.65999984741211,63.4900016784668,62.400001525878906,63.400001525878906,61.497501373291016,2622100
2025-10-07,63.5,63.56999969482422,62.349998474121094,63.310001373291016,61.41020202636719,2801000
2025-10-08,63.79999923706055,64.61000061035156,63.2599983215332,64.0199966430664,62.0988883972168,1734500
2025-10-09,63.869998931884766,64.77999877929688,63.5,64.58000183105469,62.64208984375,1499000
2025-10-10,64.83000183105469,66.16000366210938,63.47999954223633,63.75,61.83699417114258,2349800
2025-10-13,63.66999816894531,64.0999984741211,62.5099983215332,63.810001373291016,61.89519500732422,1461600
2025-10-14,63.34000015258789,64.25,62.939998626708984,64.16000366210938,62.23469543457031,1389800
2025-10-15,64.0,64.69999694824219,63.630001068115234,63.97999954223633,62.060089111328125,1437300
2025-10-16,64.37000274658203,65.20500183105469,64.0199966430664,64.95999908447266,63.01068878173828,1500500
2025-10-17,65.01499938964844,65.18000030517578,64.37999725341797,65.01000213623047,63.05918884277344,2139200
2025-10-20,65.56999969482422,66.28500366210938,64.91999816894531,65.66999816894531,63.699378967285156,2489300
2025-10-21,65.87000274658203,65.9000015258789,64.4800033569336,64.6500015258789,62.709991455078125,2410800
2025-10-22,64.75,64.96399688720703,63.970001220703125,64.75,62.80698776245117,1441400
2025-10-23,64.27999877929688,65.22000122070312,63.540000915527344,65.16000366210938,63.20468521118164,1448200
2025-10-24,65.7300033569336,66.66000366210938,65.0,66.37999725341797,64.38806915283203,1528200
2025-10-27,66.76000213623047,67.06999969482422,66.12000274658203,66.56999969482422,64.57237243652344,1482300
2025-10-28,66.44999694824219,66.55999755859375,65.16000366210938,65.56999969482422,63.602378845214844,1058800
2025-10-29,65.19999694824219,65.73600006103516,62.689998626708984,63.18000030517578,61.284095764160156,2081400
2025-10-30,62.900001525878906,63.375,62.13999938964844,62.189998626708984,60.32380294799805,1489600
2025-10-31,61.650001525878906,61.86000061035156,60.65999984741211,61.72999954223633,60.235984802246094,2772000
2025-11-03,61.540000915527344,62.79999923706055,60.88999938964844,62.7599983215332,61.24105453491211,1760800
2025-11-04,62.33000183105469,62.650001525878906,61.685001373291016,62.0099983215332,60.50920867919922,1432000
2025-11-05,61.959999084472656,62.939998626708984,61.58000183105469,62.7599983215332,61.24105453491211,1348500
2025-11-06,62.41999816894531,63.06999969482422,61.33000183105469,61.88999938964844,60.392112731933594,1382600
2025-11-07,61.959999084472656,62.47999954223633,61.41999816894531,62.41999816894531,60.90928268432617,1407700
2025-11-10,62.630001068115234,62.86800003051758,59.77000045776367,60.36000061035156,58.899139404296875,2154800
2025-11-11,60.65999984741211,61.119998931884766,59.90999984741211,60.099998474121094,58.64543533325195,2545400
2025-11-12,60.27000045776367,60.275001525878906,57.63999938964844,58.459999084472656,57.04512405395508,2189200
2025-11-13,58.31999969482422,59.150001525878906,57.70000076293945,57.83000183105469,56.43037796020508,1650500
2025-11-14,57.599998474121094,57.72999954223633,56.25,57.0099983215332,55.630218505859375,1778200
2025-11-17,57.34000015258789,57.3849983215332,56.08000183105469,56.25,54.88861083984375,1372700
2025-11-18,56.31999969482422,56.54800033569336,55.70500183105469,56.18000030517578,54.820308685302734,984600
2025-11-19,55.900001525878906,56.13999938964844,55.08000183105469,56.04999923706055,54.693450927734375,1037700
2025-11-20,56.119998931884766,56.84000015258789,55.470001220703125,55.59000015258789,54.24458694458008,1028300
2025-11-21,55.970001220703125,58.625,55.70500183105469,57.68000030517578,56.28400421142578,1615300
2025-11-24,57.279998779296875,57.400001525878906,56.400001525878906,56.52000045776367,55.15208053588867,1287900
2025-11-25,56.810001373291016,59.16999816894531,56.56999969482422,59.0099983215332,57.581809997558594,1543100
2025-11-26,58.959999084472656,59.77000045776367,58.95000076293945,59.61000061035156,58.167293548583984,1847800
2025-11-28,59.470001220703125,59.90999984741211,59.04999923706055,59.060001373291016,57.6306037902832,381300
2025-12-01,59.060001373291016,60.04999923706055,58.948001861572266,59.5,58.05995559692383,1017400
2025-12-02,59.56999969482422,59.56999969482422,58.529998779296875,59.04999923706055,57.62084197998047,737900
2025-12-03,59.40999984741211,60.744998931884766,59.13999938964844,60.4900016784668,59.025997161865234,963600
2025-12-04,61.0,61.0,59.59000015258789,59.7599983215332,58.313663482666016,970600
2025-12-05,59.779998779296875,60.029998779296875,59.404998779296875,59.70000076293945,58.25511169433594,981400
2025-12-08,59.77000045776367,60.40999984741211,59.31999969482422,59.529998779296875,58.08922576904297,1141400
2025-12-09,59.459999084472656,59.744998931884766,57.0,58.22999954223633,56.82069396972656,1351500
2025-12-10,58.81999969482422,59.13999938964844,58.03099822998047,58.97999954223633,57.55253601074219,2090300
2025-12-11,58.779998779296875,59.95000076293945,58.470001220703125,59.47999954223633,58.04043960571289,1040900
2025-12-12,59.790000915527344,60.54999923706055,59.31999969482422,59.65999984741211,58.21607971191406,1029100
2025-12-15,60.45000076293945,60.54999923706055,59.20000076293945,59.459999084472656,58.02092361450195,1126200
2025-12-16,59.779998779296875,60.369998931884766,59.27000045776367,59.79999923706055,58.35269546508789,996400
2025-12-17,59.7400016784668,60.2400016784668,59.0,59.459999084472656,58.02092361450195,1040300
2025-12-18,59.560001373291016,60.5099983215332,58.74300003051758,59.33000183105469,57.89406967163086,2691500
2025-12-19,50.849998474121094,50.974998474121094,43.70500183105469,43.939998626708984,42.87654495239258,23430300
2025-12-22,43.4900016784668,44.58000183105469,42.45000076293945,42.79999923706055,41.764137268066406,8135000
2025-12-23,42.529998779296875,42.599998474121094,41.40999984741211,41.79999923706055,40.788333892822266,6027700
2025-12-24,41.65999984741211,42.840999603271484,41.5,42.47999954223633,41.451881408691406,2442300
2025-12-26,42.34000015258789,42.68000030517578,42.095001220703125,42.150001525878906,41.1298713684082,2913300
2025-12-29,42.06999969482422,42.310001373291016,41.41699981689453,41.84000015258789,40.827369689941406,3423600
2025-12-30,41.7599983215332,42.369998931884766,41.709999084472656,41.95000076293945,40.93471145629883,2829600
2025-12-31,41.84000015258789,42.70199966430664,41.810001373291016,41.88999938964844,40.87615966796875,2690900
2026-01-02,42.08000183105469,42.5359992980957,41.6349983215332,42.290000915527344,41.2664794921875,2215300
2026-01-05,42.400001525878906,42.599998474121094,41.290000915527344,41.29999923706055,40.30044174194336,3164900
2026-01-06,41.349998474121094,41.7400016784668,41.08000183105469,41.52000045776367,40.51511764526367,3129800
2026-01-07,41.54999923706055,41.63999938964844,39.959999084472656,40.290000915527344,39.31488800048828,5043600
2026-01-08,40.0,41.36000061035156,39.790000915527344,41.29999923706055,40.30044174194336,3476700
2026-01-09,41.349998474121094,41.61000061035156,40.650001525878906,41.369998931884766,40.36874008178711,2328100
2026-01-12,41.18000030517578,41.599998474121094,40.77000045776367,41.43000030517578,40.42729187011719,1863000
2026-01-13,41.34000015258789,42.0,41.17499923706055,41.869998931884766,40.85664367675781,2615900
2026-01-14,41.7599983215332,43.46500015258789,41.65999984741211,43.279998779296875,42.23251724243164,3203000
2026-01-15,43.150001525878906,44.06999969482422,42.6150016784668,43.93000030517578,42.86678695678711,2312500
2026-01-16,43.47999954223633,43.869998931884766,43.09000015258789,43.33000183105469,42.28131103515625,2243900
2026-01-20,43.060001373291016,43.922000885009766,42.380001068115234,43.5099983215332,42.45695114135742,2425000
2026-01-21,43.529998779296875,44.40999984741211,43.0,44.31999969482422,43.247344970703125,2872900
2026-01-22,44.439998626708984,45.349998474121094,43.880001068115234,44.11000061035156,43.04243087768555,3791200
2026-01-23,43.939998626708984,44.2599983215332,43.654998779296875,43.720001220703125,42.661869049072266,2773200
2026-01-26,43.7599983215332,44.099998474121094,43.2400016784668,43.720001220703125,42.661869049072266,3002700
2026-01-27,43.470001220703125,45.060001373291016,43.209999084472656,45.04999923706055,43.95967483520508,2658800
2026-01-28,45.0,45.470001220703125,44.310001373291016,45.470001220703125,44.3695182800293,2973600
2026-01-29,45.58000183105469,46.13999938964844,45.20000076293945,45.959999084472656,44.84765625,4040600
2026-01-30,45.560001373291016,46.11000061035156,44.93000030517578,45.93000030517578,45.19203186035156,3507900
2026-02-02,45.630001068115234,46.150001525878906,45.0,45.02000045776367,44.296653747558594,3489500
2026-02-03,44.90999984741211,46.33000183105469,44.709999084472656,46.290000915527344,45.54624938964844,2959100
2026-02-04,46.5,48.150001525878906,46.40999984741211,47.779998779296875,47.012306213378906,4588900
2026-02-05,47.79999923706055,47.900001525878906,46.69300079345703,47.47999954223633,46.71712875366211,2215300
2026-02-06,47.939998626708984,50.40999984741211,47.400001525878906,50.119998931884766,49.3147087097168,3645100
2026-02-09,51.4900016784668,52.04999923706055,50.369998931884766,50.65999984741211,49.84603500366211,3016500
2026-02-10,50.380001068115234,51.130001068115234,50.18000030517578,50.58000183105469,49.76731872558594,1472200
2026-02-11,50.45000076293945,50.54999923706055,49.599998474121094,50.2400016784668,49.43278121948242,1677800
2026-02-12,50.29999923706055,50.58000183105469,49.349998474121094,50.310001373291016,49.50165939331055,1489200
2026-02-13,50.560001373291016,50.880001068115234,49.709999084472656,49.81999969482422,49.01953125,1383900
2026-02-17,50.0099983215332,50.38999938964844,46.59000015258789,48.18000030517578,47.405879974365234,2359400
2026-02-18,47.85499954223633,49.10499954223633,47.85499954223633,48.86000061035156,48.074954986572266,1361500
2026-02-19,48.95000076293945,49.18000030517578,48.56999969482422,48.599998474121094,47.819129943847656,1264100
2026-02-20,48.66999816894531,49.22999954223633,48.209999084472656,48.27000045776367,47.49443435668945,1452000
2026-02-23,47.65999984741211,48.06999969482422,46.970001220703125,47.220001220703125,46.461307525634766,1478000
2026-02-24,47.470001220703125,48.25,47.349998474121094,47.959999084472656,47.189414978027344,1333900
2026-02-25,47.77000045776367,48.15599822998047,46.33000183105469,47.08000183105469,46.32355880737305,1311500
2026-02-26,47.47999954223633,47.68000030517578,46.68000030517578,47.45000076293945,46.6876106262207,1974400
2026-02-27,47.400001525878906,48.26300048828125,47.130001068115234,48.189998626708984,47.41571807861328,1664800
2026-03-02,47.61000061035156,47.88999938964844,46.31999969482422,46.779998779296875,46.02837371826172,1868100
2026-03-03,46.540000915527344,47.80500030517578,45.91999816894531,46.90999984741211,46.15628433227539,1886300
2026-03-04,47.13999938964844,47.13999938964844,45.625,46.029998779296875,45.29042434692383,1534300
2026-03-05,45.68000030517578,46.86000061035156,45.43000030517578,45.650001525878906,44.91653060913086,2033000
2026-03-06,45.400001525878906,46.45000076293945,44.88999938964844,46.029998779296875,45.29042434692383,4678200
2026-03-09,46.060001373291016,46.7599983215332,44.9900016784668,45.75,45.01492691040039,2960100
2026-03-10,45.619998931884766,45.744998931884766,44.43000030517578,44.47999954223633,43.76533126831055,2447600
2026-03-11,44.650001525878906,44.70000076293945,43.41999816894531,43.439998626708984,42.742034912109375,2607600
2026-03-12,42.86000061035156,43.220001220703125,40.439998626708984,40.45000076293945,39.800079345703125,4372600
2026-03-13,40.959999084472656,41.130001068115234,40.10499954223633,40.54999923706055,39.898475646972656,4936400
2026-03-16,40.83000183105469,40.83000183105469,39.689998626708984,39.869998931884766,39.229400634765625,3284700
2026-03-17,40.380001068115234,41.47999954223633,40.0,40.91999816894531,40.26252746582031,2746800
2026-03-18,40.47999954223633,41.73500061035156,40.209999084472656,41.459999084472656,40.79384994506836,2827600
2026-03-19,41.119998931884766,41.709999084472656,40.290000915527344,40.63999938964844,39.98702621459961,2063000
2026-03-20,40.7599983215332,40.834999084472656,39.599998474121094,40.0,39.3573112487793,37333900
2026-03-23,40.369998931884766,40.91999816894531,40.040000915527344,40.869998931884766,40.21333312988281,3256600
2026-03-24,40.59000015258789,41.65999984741211,40.0099983215332,41.4900016784668,40.82337188720703,2329100
2026-03-25,41.4900016784668,41.834999084472656,40.77000045776367,41.790000915527344,41.11854934692383,2260500
2026-03-26,41.599998474121094,42.25,40.7599983215332,40.83000183105469,40.17397689819336,1810300
2026-03-27,40.63999938964844,41.904998779296875,40.45000076293945,41.599998474121094,40.931602478027344,2075100
2026-03-30,41.290000915527344,41.59000015258789,40.56999969482422,40.95000076293945,40.292049407958984,2737400
2026-03-31,41.2599983215332,42.36000061035156,40.599998474121094,42.2599983215332,41.580997467041016,4822000
2026-04-01,41.5099983215332,42.689998626708984,38.18000030517578,38.47999954223633,37.861732482910156,6955300
2026-04-02,37.91999816894531,39.52000045776367,37.619998931884766,39.349998474121094,38.71775436401367,4642200
2026-04-06,39.290000915527344,40.2599983215332,39.05500030517578,40.16999816894531,39.524574279785156,2713300
2026-04-07,39.9900016784668,41.36000061035156,39.900001525878906,40.58000183105469,39.92799377441406,2578600
2026-04-08,41.52000045776367,41.720001220703125,40.77199935913086,41.59000015258789,40.9217643737793,2030000
2026-04-09,41.16999816894531,42.18000030517578,40.941001892089844,41.61000061035156,40.941444396972656,2144500
2026-04-10,42.43000030517578,43.040000915527344,41.952999114990234,42.189998626708984,41.512123107910156,1865700
2026-04-13,42.11000061035156,42.38999938964844,41.380001068115234,42.279998779296875,41.600677490234375,2608400
2026-04-14,42.16999816894531,44.0099983215332,41.939998626708984,43.72999954223633,43.02737808227539,2299700
2026-04-15,43.77000045776367,43.970001220703125,42.95000076293945,43.16999816894531,42.476375579833984,2031200
2026-04-16,43.84000015258789,44.380001068115234,43.290000915527344,43.720001220703125,43.017539978027344,1995800
2026-04-17,43.68000030517578,45.07500076293945,43.68000030517578,44.81999969482422,44.09986877441406,2051200
2026-04-20,44.650001525878906,46.150001525878906,44.375,46.0,45.26090621948242,2030700
2026-04-21,46.119998931884766,46.61000061035156,44.619998931884766,44.790000915527344,44.070350646972656,1623300
2026-04-22,44.91999816894531,45.189998626708984,44.400001525878906,45.0099983215332,44.28681182861328,1367900
2026-04-23,45.08000183105469,45.25,43.49800109863281,43.939998626708984,43.234004974365234,1469200
2026-04-24,44.08000183105469,44.80500030517578,43.5,44.31999969482422,43.6078987121582,1211800
2026-04-27,44.22999954223633,44.84000015258789,43.2400016784668,43.31999969482422,42.623966217041016,1388800
2026-04-28,43.720001220703125,44.45000076293945,42.7400016784668,43.08000183105469,42.38782501220703,1126500
2026-04-29,43.7599983215332,44.02000045776367,42.84000015258789,43.029998779296875,42.338626861572266,1239300
2026-04-30,43.08000183105469,43.9900016784668,42.75,43.54999923706055,42.85027313232422,1249900
2026-05-01,43.7599983215332,44.279998779296875,43.220001220703125,43.86000061035156,43.15529251098633,1563900
2026-05-04,43.709999084472656,44.189998626708984,42.34000015258789,42.540000915527344,41.856502532958984,1476900
2026-05-05,42.5099983215332,42.93000030517578,41.52000045776367,42.470001220703125,41.787628173828125,1518200
2026-05-06,43.04999923706055,43.540000915527344,42.61000061035156,43.22999954223633,42.53541564941406,1124000
2026-05-07,43.060001373291016,43.459999084472656,42.119998931884766,43.029998779296875,42.338626861572266,1236800
2026-05-08,42.619998931884766,42.619998931884766,41.880001068115234,42.0099983215332,41.70329666137695,984000
2026-05-11,42.029998779296875,42.18000030517578,40.29999923706055,40.34000015258789,40.04549026489258,1621400
2026-05-12,40.95000076293945,41.5,40.7599983215332,41.40999984741211,41.1076774597168,1638200
2026-05-13,41.150001525878906,41.834999084472656,40.650001525878906,41.540000915527344,41.236732482910156,1599500
2026-05-14,42.0,42.68000030517578,41.709999084472656,42.33000183105469,42.020965576171875,1839900
2026-05-15,42.650001525878906,44.5,41.880001068115234,44.060001373291016,43.73833465576172,2818700
2026-05-18,43.88999938964844,44.56999969482422,43.3650016784668,43.650001525878906,43.33132553100586,2124900
2026-05-19,43.58000183105469,43.900001525878906,42.08000183105469,42.189998626708984,41.88198471069336,1464900
2026-05-20,42.17499923706055,42.20000076293945,40.15999984741211,41.959999084472656,41.653663635253906,2136400
2026-05-21,41.650001525878906,43.130001068115234,40.560001373291016,42.810001373291016,42.497459411621094,1659900
2026-05-22,42.970001220703125,43.77000045776367,42.61000061035156,43.7599983215332,43.440521240234375,1300000
2026-05-26,43.16999816894531,43.459999084472656,41.89500045776367,42.119998931884766,41.812496185302734,1588100
2026-05-27,42.11000061035156,43.33000183105469,42.11000061035156,42.77000045776367,42.4577522277832,1332300
2026-05-28,42.63999938964844,43.59000015258789,41.84000015258789,43.529998779296875,43.21220016479492,1636600
2026-05-29,43.65999984741211,43.65999984741211,42.70000076293945,43.18000030517578,42.8647575378418,1853100
2026-06-01,42.84000015258789,43.16999816894531,42.349998474121094,42.56999969482422,42.25920867919922,1041300
2026-06-02,42.34000015258789,42.53499984741211,41.54499816894531,41.61000061035156,41.30622100830078,1646600
2026-06-03,41.400001525878906,42.0,41.22999954223633,41.939998626708984,41.63380813598633,1070500
2026-06-04,42.5,42.75,41.65999984741211,42.369998931884766,42.0606689453125,1107400
2026-06-05,42.77000045776367,42.959999084472656,41.4900016784668,42.119998931884766,41.812496185302734,1411400
2026-06-08,41.91999816894531,42.7599983215332,41.5099983215332,42.58000183105469,42.26913833618164,1048400
2026-06-09,42.75,43.79999923706055,42.61000061035156,43.54999923706055,43.2320556640625,1315700
2026-06-10,43.540000915527344,44.599998474121094,43.459999084472656,44.130001068115234,43.807823181152344,1144800
2026-06-11,44.130001068115234,45.224998474121094,43.849998474121094,45.099998474121094,44.77073669433594,1222300
2026-06-12,45.41999816894531,45.65999984741211,44.9900016784668,45.380001068115234,45.0486946105957,1087600
2026-06-15,45.29999923706055,45.9900016784668,45.01499938964844,45.41999816894531,45.088401794433594,1035000
2026-06-16,45.279998779296875,45.68000030517578,44.86000061035156,45.09000015258789,44.76081085205078,1232900
2026-06-17,44.84000015258789,45.470001220703125,43.540000915527344,44.040000915527344,43.71847915649414,1162600
2026-06-18,44.349998474121094,45.2599983215332,44.084999084472656,45.060001373291016,44.73103332519531,2774900
2026-06-22,44.310001373291016,44.59000015258789,43.30500030517578,43.68000030517578,43.361106872558594,1514500
2026-06-23,44.0,45.08000183105469,43.81999969482422,44.880001068115234,44.552345275878906,1313200
2026-06-24,45.189998626708984,46.33000183105469,45.084999084472656,45.70000076293945,45.36635971069336,1253500
2026-06-25,45.349998474121094,46.5,44.369998931884766,44.68000030517578,44.35380554199219,1316000
2026-06-26,44.47999954223633,45.290000915527344,43.97999954223633,45.15999984741211,44.83030319213867,2820100
2026-06-29,44.79999923706055,45.20000076293945,43.68000030517578,44.11000061035156,43.787967681884766,1734800
2026-06-30,43.880001068115234,44.11000061035156,42.61000061035156,43.18000030517578,42.8647575378418,1605000
2026-07-01,43.58000183105469,45.27000045776367,43.31999969482422,44.540000915527344,44.21482849121094,1618200
2026-07-02,45.0,45.95000076293945,44.540000915527344,45.90999984741211,45.574825286865234,1534000
2026-07-06,45.27000045776367,46.790000915527344,44.82500076293945,46.09000015258789,45.75351333618164,1508900
2026-07-07,46.79999923706055,47.18000030517578,46.02000045776367,46.5099983215332,46.17044448852539,1748900
2026-07-08,47.400001525878906,47.40999984741211,46.06999969482422,46.119998931884766,45.78329086303711,1445600
2026-07-09,45.65999984741211,46.11000061035156,44.70000076293945,45.2400016784668,44.90971755981445,1674300
2026-07-10,45.66999816894531,46.47999954223633,45.025001525878906,46.45000076293945,46.11088562011719,896100
2026-07-13,46.86000061035156,48.060001373291016,46.77000045776367,46.97999954223633,46.63701248168945,1145600
2026-07-14,46.79999923706055,47.1150016784668,46.21500015258789,46.5,46.160518646240234,1077400
2026-07-15,46.540000915527344,47.20500183105469,45.349998474121094,45.54999923706055,45.21745300292969,1262100
2026-07-16,45.08000183105469,47.400001525878906,45.08000183105469,46.91999816894531,46.577449798583984,1293700
2026-07-17,47.70000076293945,48.119998931884766,46.36000061035156,46.790000915527344,46.448402404785156,1488100
2026-07-20,46.720001220703125,46.8650016784668,45.029998779296875,46.599998474121094,46.259788513183594,2554200
2026-07-23,48.0,49.79999923706055,47.43000030517578,49.18000030517578,48.820953369140625,4737600
2026-07-24,48.64500045776367,50.290000915527344,45.349998474121094,49.58000183105469,49.21803283691406,5039900
2026-07-27,49.900001525878906,53.5099983215332,49.61000061035156,53.11000061035156,52.72226333618164,3784300
2026-07-28,53.43000030517578,54.95000076293945,53.1349983215332,54.619998931884766,54.22123718261719,2446800
2026-07-29,54.43000030517578,55.689998626708984,53.79999923706055,53.97999954223633,53.58591079711914,1559800
2026-07-30,53.15999984741211,53.689998626708984,51.56999969482422,53.54999923706055,53.15904998779297,1772000
2026-08-03,53.08000183105469,54.0,52.2599983215332,52.9900016784668,52.6031379699707,1221300
2026-08-04,52.349998474121094,53.29999923706055,52.23500061035156,53.18000030517578,52.791751861572266,1375900
2026-08-05,53.33000183105469,53.72999954223633,52.75,53.29999923706055,52.91087341308594,2080900
2026-08-06,53.81999969482422,54.189998626708984,52.0,52.04999923706055,51.66999816894531,1675300
2026-08-07,51.86000061035156,52.560001373291016,51.47999954223633,52.27000045776367,52.27000045776367,1038000
2026-08-10,51.86000061035156,52.36000061035156,51.47999954223633,51.810001373291016,51.810001373291016,1074000
2026-08-11,51.189998626708984,53.0,51.189998626708984,52.59000015258789,52.59000015258789,917400
2026-08-12,52.0,53.35499954223633,51.61000061035156,53.11000061035156,53.11000061035156,1046100
2026-08-13,53.5,54.369998931884766,53.08000183105469,53.779998779296875,53.779998779296875,1231900
2026-08-14,53.66999816894531,53.709999084472656,53.0,53.06999969482422,53.06999969482422,644440
