Date,Open,High,Low,Close,Adj Close,Volume
2021-08-16,11.260000228881836,11.380000114440918,11.109999656677246,11.220000267028809,10.535547256469727,201600
2021-08-17,11.140000343322754,11.140000343322754,10.90999984741211,11.029999732971191,10.357137680053711,271000
2021-08-18,10.979999542236328,11.050000190734863,10.829999923706055,10.859999656677246,10.197507858276367,348200
2021-08-19,10.800000190734863,10.850000381469727,10.550000190734863,10.619999885559082,9.972151756286621,342900
2021-08-20,10.550000190734863,10.920000076293945,10.550000190734863,10.850000381469727,10.188119888305664,380800
2021-08-23,10.970000267028809,11.130000114440918,10.949999809265137,11.079999923706055,10.40408706665039,240400
2021-08-24,11.130000114440918,11.229999542236328,11.069999694824219,11.1899995803833,10.507378578186035,276100
2021-08-25,11.199999809265137,11.210000038146973,11.039999961853027,11.170000076293945,10.48859691619873,281100
2021-08-26,11.149999618530273,11.25,10.920000076293945,10.930000305175781,10.263238906860352,237600
2021-08-27,10.930000305175781,11.1899995803833,10.84000015258789,11.140000343322754,10.460429191589355,385500
2021-08-30,11.130000114440918,11.130000114440918,10.899999618530273,10.949999809265137,10.28201961517334,266900
2021-08-31,10.979999542236328,11.100000381469727,10.9399995803833,10.979999542236328,10.310190200805664,296400
2021-09-01,11.020000457763672,11.079999923706055,10.890000343322754,10.9399995803833,10.272628784179688,324000
2021-09-02,10.949999809265137,11.069999694824219,10.850000381469727,10.90999984741211,10.24445915222168,438000
2021-09-03,10.90999984741211,10.930000305175781,10.619999885559082,10.859999656677246,10.197507858276367,468500
2021-09-07,10.880000114440918,10.979999542236328,10.75,10.779999732971191,10.122389793395996,277300
2021-09-08,10.739999771118164,10.890000343322754,10.670000076293945,10.850000381469727,10.188119888305664,418000
2021-09-09,10.869999885559082,10.899999618530273,10.710000038146973,10.770000457763672,10.113000869750977,254200
2021-09-10,10.84000015258789,10.859999656677246,10.5600004196167,10.569999694824219,9.925200462341309,341800
2021-09-13,10.649999618530273,10.829999923706055,10.539999961853027,10.8100004196167,10.15056037902832,576100
2021-09-14,10.880000114440918,10.880000114440918,10.40999984741211,10.520000457763672,9.878249168395996,317800
2021-09-15,10.579999923706055,10.850000381469727,10.470000267028809,10.6899995803833,10.03787899017334,694100
2021-09-16,10.670000076293945,10.710000038146973,10.460000038146973,10.470000267028809,9.83130168914795,288900
2021-09-17,10.489999771118164,10.6899995803833,10.380000114440918,10.609999656677246,9.962757110595703,1185500
2021-09-20,10.4399995803833,10.65999984741211,10.25,10.630000114440918,9.98154067993164,923000
2021-09-21,10.65999984741211,10.680000305175781,10.4399995803833,10.449999809265137,9.812519073486328,394300
2021-09-22,10.520000457763672,10.65999984741211,10.420000076293945,10.479999542236328,9.840689659118652,410700
2021-09-23,10.489999771118164,10.65999984741211,10.4399995803833,10.550000190734863,9.90641975402832,371200
2021-09-24,10.539999961853027,10.670000076293945,10.460000038146973,10.539999961853027,9.897028923034668,355400
2021-09-27,10.609999656677246,10.859999656677246,10.550000190734863,10.699999809265137,10.047268867492676,387600
2021-09-28,10.970000267028809,10.970000267028809,10.630000114440918,10.680000305175781,10.028491020202637,461600
2021-09-29,10.8100004196167,10.920000076293945,10.5600004196167,10.670000076293945,10.019100189208984,228200
2021-09-30,10.670000076293945,10.729999542236328,10.5600004196167,10.5600004196167,9.915809631347656,258100
2021-10-01,10.649999618530273,10.90999984741211,10.649999618530273,10.84000015258789,10.178729057312012,552000
2021-10-04,10.859999656677246,11.09000015258789,10.770000457763672,11.050000190734863,10.3759183883667,440700
2021-10-05,11.09000015258789,11.34000015258789,11.010000228881836,11.140000343322754,10.460429191589355,465300
2021-10-06,11.0600004196167,11.180000305175781,11.0,11.069999694824219,10.394698143005371,576400
2021-10-07,11.100000381469727,11.289999961853027,11.09000015258789,11.25,10.56371784210205,443200
2021-10-08,11.300000190734863,11.40999984741211,11.239999771118164,11.270000457763672,10.582498550415039,190800
2021-10-11,11.289999961853027,11.390000343322754,11.109999656677246,11.130000114440918,10.451040267944336,153400
2021-10-12,11.130000114440918,11.170000076293945,10.75,10.779999732971191,10.122389793395996,339300
2021-10-13,10.779999732971191,10.84000015258789,10.640000343322754,10.729999542236328,10.075438499450684,306100
2021-10-14,10.779999732971191,10.960000038146973,10.710000038146973,10.850000381469727,10.188119888305664,302400
2021-10-15,10.970000267028809,11.199999809265137,10.850000381469727,10.859999656677246,10.197507858276367,363900
2021-10-18,10.859999656677246,10.880000114440918,10.729999542236328,10.789999961853027,10.131779670715332,277600
2021-10-19,10.84000015258789,10.960000038146973,10.75,10.770000457763672,10.113000869750977,266000
2021-10-20,10.75,10.770000457763672,10.489999771118164,10.550000190734863,9.90641975402832,412000
2021-10-21,10.5600004196167,10.789999961853027,10.520000457763672,10.680000305175781,10.028491020202637,276900
2021-10-22,10.670000076293945,10.6899995803833,10.529999732971191,10.5600004196167,9.915809631347656,200300
2021-10-25,10.609999656677246,10.770000457763672,10.470000267028809,10.75,10.094219207763672,320700
2021-10-26,10.75,10.819999694824219,10.6899995803833,10.6899995803833,10.03787899017334,269700
2021-10-27,10.649999618530273,10.680000305175781,10.529999732971191,10.550000190734863,9.90641975402832,264100
2021-10-28,10.550000190734863,10.6899995803833,10.539999961853027,10.640000343322754,9.99092960357666,247000
2021-10-29,10.579999923706055,10.75,10.4399995803833,10.619999885559082,9.972151756286621,658800
2021-11-01,10.680000305175781,11.130000114440918,10.630000114440918,11.010000228881836,10.338358879089355,583200
2021-11-02,10.979999542236328,10.979999542236328,10.489999771118164,10.529999732971191,9.887639999389648,566300
2021-11-03,10.520000457763672,10.970000267028809,10.4399995803833,10.869999885559082,10.206899642944336,411900
2021-11-04,10.899999618530273,10.90999984741211,10.460000038146973,10.489999771118164,9.850079536437988,709200
2021-11-05,10.850000381469727,11.15999984741211,10.600000381469727,10.949999809265137,10.28201961517334,805400
2021-11-08,10.899999618530273,11.010000228881836,10.369999885559082,10.470000267028809,9.83130168914795,666900
2021-11-09,10.449999809265137,10.5600004196167,10.300000190734863,10.40999984741211,9.7749605178833,656900
2021-11-10,10.380000114440918,10.489999771118164,10.350000381469727,10.40999984741211,9.7749605178833,551100
2021-11-11,10.380000114440918,10.399999618530273,10.220000267028809,10.25,9.62472152709961,655400
2021-11-12,10.3100004196167,10.460000038146973,10.220000267028809,10.390000343322754,9.756181716918945,684600
2021-11-15,10.4399995803833,10.649999618530273,10.300000190734863,10.489999771118164,9.850079536437988,887600
2021-11-16,10.5,10.720000267028809,10.399999618530273,10.710000038146973,10.056660652160645,608900
2021-11-17,10.59000015258789,10.8100004196167,10.579999923706055,10.720000267028809,10.06605052947998,686300
2021-11-18,10.75,10.75,10.460000038146973,10.630000114440918,9.98154067993164,588100
2021-11-19,10.600000381469727,10.670000076293945,10.460000038146973,10.539999961853027,9.897028923034668,493400
2021-11-22,10.539999961853027,10.770000457763672,10.489999771118164,10.510000228881836,9.868861198425293,487600
2021-11-23,10.5600004196167,10.5600004196167,10.319999694824219,10.380000114440918,9.746790885925293,655200
2021-11-24,10.34000015258789,10.539999961853027,10.239999771118164,10.460000038146973,9.821911811828613,451100
2021-11-26,10.300000190734863,10.300000190734863,9.850000381469727,10.239999771118164,9.615330696105957,456600
2021-11-29,10.270000457763672,10.34000015258789,9.859999656677246,9.890000343322754,9.28668212890625,755700
2021-11-30,9.890000343322754,9.890000343322754,9.649999618530273,9.850000381469727,9.249123573303223,895800
2021-12-01,9.979999542236328,10.069999694824219,9.859999656677246,9.859999656677246,9.258511543273926,773800
2021-12-02,9.869999885559082,10.289999961853027,9.869999885559082,10.260000228881836,9.634111404418945,677200
2021-12-03,10.229999542236328,10.430000305175781,10.09000015258789,10.369999885559082,9.737399101257324,529700
2021-12-06,10.40999984741211,10.9399995803833,10.40999984741211,10.829999923706055,10.169337272644043,677600
2021-12-07,10.9399995803833,11.069999694824219,10.829999923706055,10.890000343322754,10.225679397583008,538800
2021-12-08,10.930000305175781,11.359999656677246,10.930000305175781,11.260000228881836,10.573107719421387,523500
2021-12-09,11.149999618530273,11.380000114440918,11.149999618530273,11.279999732971191,10.591886520385742,652900
2021-12-10,11.369999885559082,11.529999732971191,11.34000015258789,11.510000228881836,10.807859420776367,687700
2021-12-13,11.520000457763672,11.850000381469727,11.470000267028809,11.699999809265137,10.986266136169434,788200
2021-12-14,11.670000076293945,11.90999984741211,11.539999961853027,11.569999694824219,10.864195823669434,592700
2021-12-15,11.569999694824219,11.779999732971191,11.470000267028809,11.739999771118164,11.023826599121094,640100
2021-12-16,11.90999984741211,12.130000114440918,11.779999732971191,11.859999656677246,11.136505126953125,696800
2021-12-17,11.859999656677246,12.09000015258789,11.6899995803833,11.920000076293945,11.192848205566406,2486500
2021-12-20,11.75,11.8100004196167,11.229999542236328,11.5,10.798467636108398,674000
2021-12-21,11.619999885559082,11.729999542236328,11.260000228881836,11.510000228881836,10.807859420776367,534800
2021-12-22,11.470000267028809,11.579999923706055,11.350000381469727,11.510000228881836,10.807859420776367,337900
2021-12-23,11.529999732971191,11.649999618530273,11.470000267028809,11.600000381469727,10.892367362976074,405700
2021-12-27,11.600000381469727,11.760000228881836,11.579999923706055,11.739999771118164,11.023826599121094,387300
2021-12-28,11.720000267028809,11.930000305175781,11.699999809265137,11.850000381469727,11.127117156982422,431300
2021-12-29,11.850000381469727,11.850000381469727,11.65999984741211,11.779999732971191,11.061387062072754,400400
2021-12-30,11.779999732971191,11.90999984741211,11.680000305175781,11.699999809265137,10.986266136169434,616600
2021-12-31,11.670000076293945,11.880000114440918,11.670000076293945,11.760000228881836,11.042607307434082,519400
2022-01-03,11.770000457763672,12.140000343322754,11.770000457763672,12.069999694824219,11.333695411682129,553200
2022-01-04,12.119999885559082,12.350000381469727,12.029999732971191,12.329999923706055,11.577835083007812,399800
2022-01-05,12.300000190734863,12.460000038146973,12.0600004196167,12.079999923706055,11.343084335327148,494700
2022-01-06,12.130000114440918,12.34000015258789,12.0600004196167,12.069999694824219,11.333695411682129,535500
2022-01-07,12.069999694824219,12.3100004196167,12.050000190734863,12.079999923706055,11.343084335327148,473300
2022-01-10,12.09000015258789,12.5,12.039999961853027,12.4399995803833,11.68112564086914,542400
2022-01-11,12.40999984741211,12.640000343322754,12.350000381469727,12.489999771118164,11.728075981140137,704900
2022-01-12,12.5,12.649999618530273,11.920000076293945,12.0,11.267964363098145,647500
2022-01-13,12.0,12.140000343322754,11.8100004196167,12.029999732971191,11.296135902404785,503600
2022-01-14,11.920000076293945,12.130000114440918,11.920000076293945,12.079999923706055,11.343084335327148,310500
2022-01-18,12.0600004196167,12.069999694824219,11.760000228881836,11.800000190734863,11.080167770385742,669100
2022-01-19,11.720000267028809,11.829999923706055,11.550000190734863,11.609999656677246,10.901758193969727,592500
2022-01-20,11.609999656677246,11.800000190734863,11.350000381469727,11.369999885559082,10.676397323608398,525400
2022-01-21,11.300000190734863,11.4399995803833,11.039999961853027,11.050000190734863,10.3759183883667,674000
2022-01-24,10.9399995803833,11.520000457763672,10.90999984741211,11.470000267028809,10.770298957824707,662000
2022-01-25,11.369999885559082,11.430000305175781,11.109999656677246,11.220000267028809,10.535547256469727,541800
2022-01-26,11.300000190734863,11.420000076293945,10.890000343322754,10.9399995803833,10.272628784179688,360400
2022-01-27,10.960000038146973,11.0600004196167,10.710000038146973,10.770000457763672,10.113000869750977,520500
2022-01-28,10.770000457763672,10.800000190734863,10.479999542236328,10.800000190734863,10.141168594360352,446400
2022-01-31,10.710000038146973,11.050000190734863,10.670000076293945,11.020000457763672,10.347747802734375,539100
2022-02-01,10.970000267028809,11.119999885559082,10.770000457763672,11.109999656677246,10.432257652282715,474700
2022-02-02,11.109999656677246,11.220000267028809,10.859999656677246,10.989999771118164,10.319578170776367,500200
2022-02-03,10.9399995803833,10.949999809265137,10.619999885559082,10.630000114440918,9.98154067993164,352200
2022-02-04,10.569999694824219,10.75,10.430000305175781,10.670000076293945,10.019100189208984,501100
2022-02-07,11.1899995803833,11.1899995803833,10.539999961853027,10.579999923706055,9.934590339660645,373000
2022-02-08,10.5600004196167,10.890000343322754,10.539999961853027,10.6899995803833,10.03787899017334,542700
2022-02-09,10.760000228881836,10.8100004196167,10.569999694824219,10.619999885559082,9.972151756286621,460700
2022-02-10,10.529999732971191,10.539999961853027,10.109999656677246,10.149999618530273,9.5308198928833,744300
2022-02-11,10.199999809265137,10.3100004196167,10.119999885559082,10.199999809265137,9.57777214050293,513100
2022-02-14,10.199999809265137,10.34000015258789,10.140000343322754,10.289999961853027,9.66228199005127,622500
2022-02-15,10.350000381469727,10.539999961853027,10.350000381469727,10.420000076293945,9.78434944152832,591000
2022-02-16,10.420000076293945,10.460000038146973,10.300000190734863,10.420000076293945,9.78434944152832,301000
2022-02-17,10.329999923706055,10.390000343322754,10.0,10.130000114440918,9.512041091918945,658800
2022-02-18,10.0600004196167,10.270000457763672,10.039999961853027,10.210000038146973,9.58716106414795,435000
2022-02-22,10.140000343322754,10.279999732971191,10.069999694824219,10.109999656677246,9.493260383605957,505900
2022-02-23,10.170000076293945,10.260000228881836,10.029999732971191,10.079999923706055,9.46509075164795,489900
2022-02-24,9.850000381469727,10.119999885559082,9.829999923706055,10.079999923706055,9.46509075164795,724600
2022-02-25,9.729999542236328,10.390000343322754,9.649999618530273,10.390000343322754,9.756181716918945,676500
2022-02-28,10.3100004196167,10.699999809265137,10.300000190734863,10.470000267028809,9.83130168914795,420400
2022-03-01,10.369999885559082,10.760000228881836,10.359999656677246,10.619999885559082,9.972151756286621,867500
2022-03-02,10.529999732971191,10.859999656677246,10.479999542236328,10.779999732971191,10.122389793395996,697200
2022-03-03,10.789999961853027,10.789999961853027,10.609999656677246,10.770000457763672,10.113000869750977,552300
2022-03-04,10.699999809265137,10.90999984741211,10.550000190734863,10.75,10.094219207763672,797400
2022-03-07,10.800000190734863,10.920000076293945,10.470000267028809,10.5,9.859469413757324,882400
2022-03-08,10.550000190734863,10.550000190734863,10.220000267028809,10.40999984741211,9.7749605178833,987900
2022-03-09,10.539999961853027,10.739999771118164,10.5,10.59000015258789,9.94398021697998,857700
2022-03-10,10.479999542236328,10.829999923706055,10.40999984741211,10.819999694824219,10.15994930267334,763500
2022-03-11,10.880000114440918,10.989999771118164,10.539999961853027,10.729999542236328,10.075438499450684,521600
2022-03-14,10.800000190734863,11.029999732971191,10.65999984741211,11.0,10.328969955444336,611300
2022-03-15,11.069999694824219,11.3100004196167,10.920000076293945,11.079999923706055,10.40408706665039,815200
2022-03-16,11.149999618530273,11.430000305175781,11.039999961853027,11.399999618530273,10.704566955566406,600800
2022-03-17,11.420000076293945,11.489999771118164,11.319999694824219,11.430000305175781,10.73273754119873,390400
2022-03-18,11.460000038146973,11.479999542236328,11.270000457763672,11.359999656677246,10.667007446289062,784700
2022-03-21,11.390000343322754,11.630000114440918,11.329999923706055,11.630000114440918,10.920536994934082,438500
2022-03-22,11.710000038146973,11.760000228881836,11.329999923706055,11.369999885559082,10.676397323608398,449500
2022-03-23,11.359999656677246,11.40999984741211,11.15999984741211,11.210000038146973,10.526156425476074,322500
2022-03-24,11.239999771118164,11.539999961853027,11.050000190734863,11.529999732971191,10.82663631439209,333800
2022-03-25,11.630000114440918,11.770000457763672,11.529999732971191,11.75,11.03321647644043,288000
2022-03-28,11.680000305175781,11.760000228881836,11.510000228881836,11.539999961853027,10.836027145385742,401500
2022-03-29,11.630000114440918,11.869999885559082,11.630000114440918,11.779999732971191,11.061387062072754,494000
2022-03-30,11.779999732971191,11.859999656677246,11.59000015258789,11.720000267028809,11.005047798156738,439200
2022-03-31,11.720000267028809,11.84000015258789,11.470000267028809,11.479999542236328,10.779687881469727,388200
2022-04-01,11.510000228881836,11.6899995803833,11.470000267028809,11.670000076293945,10.958097457885742,546300
2022-04-04,11.600000381469727,11.630000114440918,11.180000305175781,11.239999771118164,10.554327011108398,537700
2022-04-05,11.210000038146973,11.380000114440918,11.09000015258789,11.119999885559082,10.44164752960205,479600
2022-04-06,11.079999923706055,11.260000228881836,11.010000228881836,11.140000343322754,10.460429191589355,560700
2022-04-07,11.180000305175781,11.350000381469727,11.069999694824219,11.300000190734863,10.610668182373047,374000
2022-04-08,11.319999694824219,11.510000228881836,11.319999694824219,11.399999618530273,10.704566955566406,409900
2022-04-11,11.40999984741211,11.539999961853027,11.350000381469727,11.369999885559082,10.676397323608398,354700
2022-04-12,11.449999809265137,11.59000015258789,11.390000343322754,11.4399995803833,10.742127418518066,329600
2022-04-13,11.59000015258789,11.59000015258789,11.430000305175781,11.539999961853027,10.836027145385742,442700
2022-04-14,11.539999961853027,11.720000267028809,11.420000076293945,11.65999984741211,10.948705673217773,347100
2022-04-18,11.630000114440918,11.760000228881836,11.449999809265137,11.699999809265137,10.986266136169434,292300
2022-04-19,11.710000038146973,11.829999923706055,11.649999618530273,11.680000305175781,10.967485427856445,329600
2022-04-20,11.75,11.930000305175781,11.75,11.890000343322754,11.164676666259766,536400
2022-04-21,11.949999809265137,11.979999542236328,11.680000305175781,11.75,11.03321647644043,350900
2022-04-22,11.6899995803833,11.760000228881836,11.59000015258789,11.65999984741211,10.948705673217773,353700
2022-04-25,11.65999984741211,11.770000457763672,11.489999771118164,11.729999542236328,11.014437675476074,640900
2022-04-26,11.680000305175781,11.829999923706055,11.640000343322754,11.680000305175781,10.967485427856445,460300
2022-04-27,11.699999809265137,11.720000267028809,11.510000228881836,11.529999732971191,10.82663631439209,438100
2022-04-28,11.579999923706055,11.619999885559082,11.229999542236328,11.420000076293945,10.723348617553711,436700
2022-04-29,11.399999618530273,11.5,11.119999885559082,11.180000305175781,10.4979887008667,353400
2022-05-02,11.130000114440918,11.359999656677246,11.130000114440918,11.3100004196167,10.620058059692383,399300
2022-05-03,11.270000457763672,11.270000457763672,10.859999656677246,10.880000114440918,10.216289520263672,357900
2022-05-04,10.930000305175781,10.979999542236328,10.630000114440918,10.819999694824219,10.15994930267334,641200
2022-05-05,10.819999694824219,10.9399995803833,10.630000114440918,10.75,10.094219207763672,830900
2022-05-06,11.430000305175781,11.65999984741211,10.319999694824219,10.420000076293945,9.78434944152832,507900
2022-05-09,10.369999885559082,10.569999694824219,10.180000305175781,10.220000267028809,9.596551895141602,663300
2022-05-10,10.239999771118164,10.520000457763672,10.09000015258789,10.350000381469727,9.718621253967285,711700
2022-05-11,10.399999618530273,10.5600004196167,10.029999732971191,10.069999694824219,9.455702781677246,659000
2022-05-12,10.079999923706055,10.229999542236328,9.84000015258789,10.050000190734863,9.436921119689941,596200
2022-05-13,10.119999885559082,10.119999885559082,9.75,10.020000457763672,9.408751487731934,733800
2022-05-16,10.020000457763672,10.229999542236328,9.880000114440918,10.069999694824219,9.455702781677246,732900
2022-05-17,10.170000076293945,10.739999771118164,10.149999618530273,10.609999656677246,9.962757110595703,880200
2022-05-18,10.600000381469727,10.8100004196167,10.449999809265137,10.5,9.859469413757324,604300
2022-05-19,10.479999542236328,10.649999618530273,10.350000381469727,10.5,9.859469413757324,643700
2022-05-20,10.579999923706055,10.649999618530273,10.229999542236328,10.630000114440918,9.98154067993164,1434200
2022-05-23,10.649999618530273,10.760000228881836,10.289999961853027,10.300000190734863,9.671671867370605,642200
2022-05-24,10.300000190734863,10.699999809265137,10.069999694824219,10.65999984741211,10.009708404541016,816000
2022-05-25,10.65999984741211,11.039999961853027,10.600000381469727,11.010000228881836,10.338358879089355,690800
2022-05-26,11.039999961853027,11.180000305175781,10.699999809265137,10.710000038146973,10.056660652160645,415300
2022-05-27,10.770000457763672,11.050000190734863,10.770000457763672,11.050000190734863,10.3759183883667,434700
2022-05-31,11.0,11.079999923706055,10.8100004196167,10.90999984741211,10.24445915222168,675700
2022-06-01,10.890000343322754,10.899999618530273,10.569999694824219,10.729999542236328,10.075438499450684,693700
2022-06-02,10.720000267028809,10.970000267028809,10.579999923706055,10.880000114440918,10.216289520263672,520400
2022-06-03,10.819999694824219,10.859999656677246,10.619999885559082,10.770000457763672,10.113000869750977,531400
2022-06-06,10.800000190734863,10.960000038146973,10.640000343322754,10.920000076293945,10.2538480758667,477900
2022-06-07,10.899999618530273,10.979999542236328,10.789999961853027,10.979999542236328,10.310190200805664,400300
2022-06-08,10.949999809265137,11.020000457763672,10.640000343322754,10.8100004196167,10.15056037902832,325000
2022-06-09,10.760000228881836,10.779999732971191,10.630000114440918,10.649999618530273,10.000321388244629,316200
2022-06-10,10.569999694824219,10.59000015258789,10.34000015258789,10.34000015258789,9.709230422973633,289100
2022-06-13,10.010000228881836,10.25,10.010000228881836,10.130000114440918,9.512041091918945,523400
2022-06-14,10.170000076293945,10.300000190734863,10.0600004196167,10.239999771118164,9.615330696105957,510200
2022-06-15,10.420000076293945,10.470000267028809,10.15999984741211,10.199999809265137,9.57777214050293,704700
2022-06-16,10.1899995803833,10.220000267028809,9.869999885559082,10.069999694824219,9.455702781677246,660900
2022-06-17,10.15999984741211,10.460000038146973,10.020000457763672,10.430000305175781,9.793739318847656,1668700
2022-06-21,10.470000267028809,10.600000381469727,10.289999961853027,10.470000267028809,9.83130168914795,518100
2022-06-22,10.430000305175781,10.760000228881836,10.319999694824219,10.729999542236328,10.075438499450684,596100
2022-06-23,10.729999542236328,11.0,10.65999984741211,10.989999771118164,10.319578170776367,838300
2022-06-24,11.0,11.460000038146973,10.819999694824219,11.420000076293945,10.723348617553711,1305200
2022-06-27,11.449999809265137,11.640000343322754,11.1899995803833,11.600000381469727,10.892367362976074,617200
2022-06-28,11.640000343322754,11.84000015258789,11.619999885559082,11.670000076293945,10.958097457885742,640000
2022-06-29,11.640000343322754,11.739999771118164,11.470000267028809,11.529999732971191,10.82663631439209,629500
2022-06-30,11.460000038146973,11.819999694824219,11.4399995803833,11.779999732971191,11.061387062072754,634900
2022-07-01,11.710000038146973,12.069999694824219,11.640000343322754,12.0600004196167,11.324305534362793,598700
2022-07-05,11.989999771118164,11.989999771118164,11.619999885559082,11.84000015258789,11.117725372314453,710600
2022-07-06,11.8100004196167,11.9399995803833,11.579999923706055,11.800000190734863,11.080167770385742,388100
2022-07-07,11.899999618530273,11.9399995803833,11.770000457763672,11.850000381469727,11.127117156982422,353500
2022-07-08,11.800000190734863,12.0,11.680000305175781,11.960000038146973,11.230405807495117,436700
2022-07-11,11.890000343322754,11.989999771118164,11.680000305175781,11.760000228881836,11.042607307434082,297300
2022-07-12,11.760000228881836,11.9399995803833,11.760000228881836,11.800000190734863,11.080167770385742,313500
2022-07-13,11.729999542236328,11.9399995803833,11.699999809265137,11.859999656677246,11.136505126953125,245000
2022-07-14,11.770000457763672,11.970000267028809,11.739999771118164,11.920000076293945,11.192848205566406,296400
2022-07-15,12.0,12.3100004196167,11.829999923706055,12.300000190734863,11.549666404724121,484700
2022-07-18,12.34000015258789,12.399999618530273,12.130000114440918,12.149999618530273,11.40881633758545,418700
2022-07-19,12.25,12.850000381469727,12.229999542236328,12.630000114440918,11.85953426361084,606000
2022-07-20,12.630000114440918,12.899999618530273,12.539999961853027,12.869999885559082,12.084893226623535,503000
2022-07-21,12.770000457763672,12.960000038146973,12.59000015258789,12.899999618530273,12.113062858581543,459000
2022-07-22,12.920000076293945,13.25,12.869999885559082,12.979999542236328,12.188183784484863,612900
2022-07-25,13.039999961853027,13.15999984741211,12.899999618530273,12.9399995803833,12.150623321533203,412400
2022-07-26,12.859999656677246,13.300000190734863,12.739999771118164,13.229999542236328,12.422932624816895,413700
2022-07-27,13.239999771118164,13.550000190734863,13.119999885559082,13.5,12.67646312713623,603600
2022-07-28,13.5,13.760000228881836,13.380000114440918,13.710000038146973,12.873651504516602,384900
2022-07-29,13.710000038146973,13.789999961853027,13.550000190734863,13.699999809265137,12.864262580871582,352000
2022-08-01,13.680000305175781,13.890000343322754,13.600000381469727,13.859999656677246,13.014500617980957,322600
2022-08-02,13.850000381469727,13.869999885559082,13.569999694824219,13.600000381469727,12.77036190032959,280500
2022-08-03,13.680000305175781,13.760000228881836,13.520000457763672,13.609999656677246,12.779751777648926,375900
2022-08-04,13.569999694824219,13.59000015258789,13.170000076293945,13.220000267028809,12.413541793823242,413700
2022-08-05,13.09000015258789,13.100000381469727,12.739999771118164,13.029999732971191,12.235132217407227,509500
2022-08-08,13.170000076293945,13.210000038146973,12.880000114440918,13.020000457763672,12.225743293762207,377100
2022-08-09,13.0600004196167,13.369999885559082,12.149999618530273,12.210000038146973,11.465155601501465,499800
2022-08-10,12.300000190734863,12.4399995803833,11.949999809265137,12.300000190734863,11.549666404724121,473300
2022-08-11,12.279999732971191,12.329999923706055,11.979999542236328,12.029999732971191,11.296135902404785,438400
2022-08-12,12.15999984741211,12.430000305175781,11.930000305175781,12.399999618530273,11.643564224243164,564800
2022-08-15,12.3100004196167,12.539999961853027,12.130000114440918,12.489999771118164,11.728075981140137,576600
2022-08-16,12.449999809265137,12.489999771118164,12.34000015258789,12.369999885559082,11.615392684936523,487100
2022-08-17,12.270000457763672,12.609999656677246,12.25,12.479999542236328,11.718684196472168,385100
2022-08-18,12.479999542236328,12.529999732971191,12.359999656677246,12.489999771118164,11.728075981140137,394000
2022-08-19,12.4399995803833,12.760000228881836,12.420000076293945,12.739999771118164,11.962823867797852,600700
2022-08-22,12.640000343322754,12.800000190734863,12.420000076293945,12.649999618530273,11.878314018249512,355800
2022-08-23,12.619999885559082,12.770000457763672,12.489999771118164,12.489999771118164,11.728075981140137,387000
2022-08-24,12.449999809265137,12.510000228881836,12.279999732971191,12.380000114440918,11.624784469604492,386600
2022-08-25,12.399999618530273,12.600000381469727,12.369999885559082,12.489999771118164,11.728075981140137,445800
2022-08-26,12.470000267028809,12.5600004196167,12.130000114440918,12.170000076293945,11.427595138549805,279200
2022-08-29,12.050000190734863,12.119999885559082,11.920000076293945,11.9399995803833,11.211627006530762,309900
2022-08-30,11.930000305175781,11.989999771118164,11.6899995803833,11.819999694824219,11.098947525024414,435000
2022-08-31,11.880000114440918,11.880000114440918,11.5600004196167,11.579999923706055,10.87358570098877,560800
2022-09-01,11.59000015258789,11.789999961853027,11.510000228881836,11.640000343322754,10.929927825927734,399900
2022-09-02,11.649999618530273,11.649999618530273,11.1899995803833,11.260000228881836,10.573107719421387,480000
2022-09-06,11.229999542236328,11.359999656677246,11.100000381469727,11.119999885559082,10.44164752960205,607000
2022-09-07,11.119999885559082,11.239999771118164,10.970000267028809,11.079999923706055,10.40408706665039,516900
2022-09-08,11.010000228881836,11.010000228881836,10.789999961853027,10.800000190734863,10.141168594360352,501500
2022-09-09,10.800000190734863,11.029999732971191,10.760000228881836,10.8100004196167,10.15056037902832,525100
2022-09-12,10.920000076293945,11.119999885559082,10.890000343322754,11.069999694824219,10.394698143005371,405600
2022-09-13,10.949999809265137,11.069999694824219,10.720000267028809,10.760000228881836,10.10361099243164,355900
2022-09-14,10.75,10.850000381469727,10.609999656677246,10.770000457763672,10.113000869750977,404200
2022-09-15,10.779999732971191,11.100000381469727,10.739999771118164,11.029999732971191,10.357137680053711,542600
2022-09-16,10.930000305175781,11.029999732971191,10.640000343322754,10.699999809265137,10.047268867492676,1412700
2022-09-19,10.729999542236328,10.920000076293945,10.600000381469727,10.880000114440918,10.216289520263672,754100
2022-09-20,10.880000114440918,10.880000114440918,10.579999923706055,10.6899995803833,10.03787899017334,578900
2022-09-21,10.729999542236328,10.8100004196167,10.5,10.579999923706055,9.934590339660645,520100
2022-09-22,10.529999732971191,10.630000114440918,10.319999694824219,10.329999923706055,9.699840545654297,444200
2022-09-23,10.260000228881836,10.260000228881836,10.069999694824219,10.130000114440918,9.512041091918945,446000
2022-09-26,10.09000015258789,10.319999694824219,10.020000457763672,10.0600004196167,9.446311950683594,376200
2022-09-27,10.09000015258789,10.359999656677246,10.050000190734863,10.15999984741211,9.540209770202637,375700
2022-09-28,10.180000305175781,10.649999618530273,10.100000381469727,10.59000015258789,9.94398021697998,411800
2022-09-29,10.449999809265137,10.5600004196167,10.239999771118164,10.489999771118164,9.850079536437988,397700
2022-09-30,10.479999542236328,10.609999656677246,10.300000190734863,10.300000190734863,9.671671867370605,484900
2022-10-03,10.399999618530273,10.460000038146973,10.260000228881836,10.3100004196167,9.681061744689941,265500
2022-10-04,10.380000114440918,10.649999618530273,10.380000114440918,10.539999961853027,9.897028923034668,340000
2022-10-05,10.4399995803833,10.569999694824219,10.260000228881836,10.300000190734863,9.671671867370605,417500
2022-10-06,10.289999961853027,10.399999618530273,10.25,10.369999885559082,9.737399101257324,500900
2022-10-07,10.300000190734863,10.319999694824219,10.09000015258789,10.180000305175781,9.558991432189941,558900
2022-10-10,10.199999809265137,10.210000038146973,10.039999961853027,10.149999618530273,9.5308198928833,429000
2022-10-11,10.119999885559082,10.260000228881836,10.029999732971191,10.1899995803833,9.568379402160645,560500
2022-10-12,10.170000076293945,10.449999809265137,9.970000267028809,10.380000114440918,9.746790885925293,518400
2022-10-13,10.170000076293945,10.579999923706055,10.100000381469727,10.5,9.859469413757324,544200
2022-10-14,10.5,10.59000015258789,10.380000114440918,10.380000114440918,9.746790885925293,492700
2022-10-17,10.5,10.779999732971191,10.220000267028809,10.760000228881836,10.10361099243164,604500
2022-10-18,10.880000114440918,11.0,10.75,10.880000114440918,10.216289520263672,536500
2022-10-19,10.770000457763672,10.90999984741211,10.520000457763672,10.680000305175781,10.028491020202637,340700
2022-10-20,10.670000076293945,10.829999923706055,10.579999923706055,10.65999984741211,10.009708404541016,397100
2022-10-21,10.739999771118164,10.8100004196167,10.600000381469727,10.619999885559082,9.972151756286621,280000
2022-10-24,10.640000343322754,11.050000190734863,10.640000343322754,10.949999809265137,10.28201961517334,441700
2022-10-25,10.979999542236328,11.380000114440918,10.979999542236328,11.380000114440918,10.68578815460205,499100
2022-10-26,11.390000343322754,11.489999771118164,11.239999771118164,11.25,10.56371784210205,407800
2022-10-27,11.329999923706055,11.420000076293945,11.199999809265137,11.300000190734863,10.610668182373047,316800
2022-10-28,11.380000114440918,11.760000228881836,11.380000114440918,11.680000305175781,10.967485427856445,401200
2022-10-31,11.579999923706055,11.609999656677246,11.329999923706055,11.430000305175781,10.73273754119873,479000
2022-11-01,11.680000305175781,11.739999771118164,11.460000038146973,11.479999542236328,10.779687881469727,382300
2022-11-02,11.5,11.760000228881836,11.369999885559082,11.380000114440918,10.68578815460205,458300
2022-11-03,11.300000190734863,11.5600004196167,11.180000305175781,11.5,10.798467636108398,401500
2022-11-04,11.630000114440918,11.680000305175781,11.329999923706055,11.579999923706055,10.87358570098877,378900
2022-11-07,11.609999656677246,11.859999656677246,11.579999923706055,11.779999732971191,11.061387062072754,430000
2022-11-08,12.0,13.5,11.930000305175781,13.430000305175781,12.610733032226562,1457300
2022-11-09,13.399999618530273,14.119999885559082,13.0600004196167,13.84000015258789,12.995720863342285,1008600
2022-11-10,14.0,14.5600004196167,14.0,14.550000190734863,13.662408828735352,673200
2022-11-11,14.550000190734863,14.710000038146973,14.170000076293945,14.380000114440918,13.502779006958008,595700
2022-11-14,14.300000190734863,14.399999618530273,13.8100004196167,13.819999694824219,12.976941108703613,574300
2022-11-15,13.949999809265137,14.300000190734863,13.859999656677246,14.220000267028809,13.352538108825684,555800
2022-11-16,14.1899995803833,14.34000015258789,13.979999542236328,14.140000343322754,13.277420043945312,445700
2022-11-17,14.050000190734863,14.279999732971191,13.90999984741211,14.270000457763672,13.399490356445312,292700
2022-11-18,14.470000267028809,14.600000381469727,14.010000228881836,14.100000381469727,13.239859580993652,481700
2022-11-21,13.979999542236328,14.229999542236328,13.960000038146973,14.149999618530273,13.286810874938965,506200
2022-11-22,14.15999984741211,14.369999885559082,14.020000457763672,14.319999694824219,13.446439743041992,328100
2022-11-23,14.350000381469727,14.350000381469727,14.050000190734863,14.1899995803833,13.32436752319336,253700
2022-11-25,14.210000038146973,14.380000114440918,14.149999618530273,14.149999618530273,13.286810874938965,135900
2022-11-28,14.119999885559082,14.329999923706055,14.010000228881836,14.220000267028809,13.352538108825684,559600
2022-11-29,14.170000076293945,14.479999542236328,14.15999984741211,14.359999656677246,13.483997344970703,261400
2022-11-30,14.319999694824219,14.420000076293945,14.100000381469727,14.350000381469727,13.474608421325684,550200
2022-12-01,14.460000038146973,14.819999694824219,14.229999542236328,14.390000343322754,13.512167930603027,489200
2022-12-02,14.1899995803833,14.329999923706055,13.920000076293945,14.239999771118164,13.371319770812988,288900
2022-12-05,14.149999618530273,14.149999618530273,13.8100004196167,13.930000305175781,13.080229759216309,285100
2022-12-06,13.890000343322754,14.100000381469727,13.84000015258789,13.899999618530273,13.0520601272583,341300
2022-12-07,13.75,13.970000267028809,13.609999656677246,13.949999809265137,13.09900951385498,287500
2022-12-08,14.149999618530273,14.430000305175781,14.0600004196167,14.180000305175781,13.31497859954834,358500
2022-12-09,14.140000343322754,14.220000267028809,13.84000015258789,13.9399995803833,13.089619636535645,269700
2022-12-12,13.920000076293945,13.920000076293945,13.520000457763672,13.649999618530273,12.817313194274902,444000
2022-12-13,13.970000267028809,14.140000343322754,13.850000381469727,13.899999618530273,13.0520601272583,677500
2022-12-14,13.850000381469727,14.079999923706055,13.609999656677246,13.789999961853027,12.948771476745605,566000
2022-12-15,13.729999542236328,14.069999694824219,13.470000267028809,13.670000076293945,12.836091995239258,808100
2022-12-16,13.619999885559082,13.789999961853027,13.289999961853027,13.479999542236328,12.657681465148926,2997300
2022-12-19,13.609999656677246,14.100000381469727,13.470000267028809,13.899999618530273,13.0520601272583,515800
2022-12-20,13.90999984741211,14.119999885559082,13.850000381469727,13.880000114440918,13.033280372619629,592100
2022-12-21,13.960000038146973,14.359999656677246,13.960000038146973,14.319999694824219,13.446439743041992,461900
2022-12-22,14.300000190734863,14.40999984741211,14.140000343322754,14.239999771118164,13.371319770812988,354600
2022-12-23,14.229999542236328,14.380000114440918,14.029999732971191,14.079999923706055,13.221081733703613,208300
2022-12-27,14.140000343322754,14.460000038146973,14.020000457763672,14.369999885559082,13.493389129638672,252600
2022-12-28,14.399999618530273,14.4399995803833,13.9399995803833,13.9399995803833,13.089619636535645,275500
2022-12-29,13.989999771118164,14.289999961853027,13.9399995803833,14.149999618530273,13.286810874938965,270200
2022-12-30,14.0600004196167,14.229999542236328,13.880000114440918,13.899999618530273,13.0520601272583,468100
2023-01-03,13.890000343322754,14.420000076293945,13.880000114440918,14.40999984741211,13.530948638916016,536300
2023-01-04,14.390000343322754,14.5600004196167,14.199999809265137,14.25,13.38071060180664,322500
2023-01-05,14.180000305175781,14.260000228881836,14.100000381469727,14.170000076293945,13.305591583251953,235900
2023-01-06,14.289999961853027,14.5600004196167,14.180000305175781,14.470000267028809,13.587288856506348,210900
2023-01-09,14.529999732971191,14.75,14.420000076293945,14.430000305175781,13.54973030090332,404100
2023-01-10,14.289999961853027,14.609999656677246,14.229999542236328,14.550000190734863,13.662408828735352,283800
2023-01-11,14.59000015258789,14.789999961853027,14.40999984741211,14.65999984741211,13.765698432922363,273500
2023-01-12,14.720000267028809,15.109999656677246,14.609999656677246,15.0,14.08495807647705,831200
2023-01-13,14.829999923706055,15.050000190734863,14.770000457763672,15.029999732971191,14.113125801086426,288900
2023-01-17,15.039999961853027,15.039999961853027,14.520000457763672,14.539999961853027,13.6530179977417,292800
2023-01-18,14.550000190734863,14.720000267028809,14.149999618530273,14.239999771118164,13.371319770812988,340400
2023-01-19,14.210000038146973,14.3100004196167,14.039999961853027,14.109999656677246,13.249250411987305,241600
2023-01-20,14.180000305175781,14.25,14.020000457763672,14.170000076293945,13.305591583251953,321900
2023-01-23,13.989999771118164,14.5,13.979999542236328,14.460000038146973,13.577900886535645,390500
2023-01-24,14.4399995803833,14.729999542236328,14.350000381469727,14.649999618530273,13.756308555603027,255900
2023-01-25,14.630000114440918,14.819999694824219,14.489999771118164,14.800000190734863,13.897159576416016,281100
2023-01-26,14.770000457763672,14.829999923706055,14.5,14.680000305175781,13.784478187561035,277600
2023-01-27,14.609999656677246,14.75,14.449999809265137,14.479999542236328,13.5966796875,161500
2023-01-30,14.390000343322754,14.569999694824219,14.350000381469727,14.5,13.615460395812988,213700
2023-01-31,14.5,15.0,14.470000267028809,14.970000267028809,14.05678939819336,370800
2023-02-01,14.949999809265137,15.0,14.270000457763672,14.670000076293945,13.775089263916016,636800
2023-02-02,14.680000305175781,14.890000343322754,14.630000114440918,14.880000114440918,13.972277641296387,306900
2023-02-03,14.779999732971191,15.649999618530273,14.779999732971191,15.619999885559082,14.667136192321777,1101900
2023-02-06,15.600000381469727,15.600000381469727,14.640000343322754,14.699999809265137,13.803257942199707,475200
2023-02-07,14.619999885559082,14.640000343322754,13.15999984741211,14.199999809265137,13.333759307861328,1016000
2023-02-08,14.109999656677246,14.40999984741211,13.9399995803833,14.34000015258789,13.46522045135498,361300
2023-02-09,14.470000267028809,14.5600004196167,13.90999984741211,13.9399995803833,13.089619636535645,345300
2023-02-10,13.789999961853027,14.170000076293945,13.770000457763672,14.069999694824219,13.211689949035645,313900
2023-02-13,14.140000343322754,14.399999618530273,14.050000190734863,14.359999656677246,13.483997344970703,219800
2023-02-14,14.3100004196167,14.40999984741211,14.149999618530273,14.170000076293945,13.305591583251953,267400
2023-02-15,14.140000343322754,14.489999771118164,14.050000190734863,14.289999961853027,13.418270111083984,348800
2023-02-16,14.210000038146973,14.399999618530273,14.0,14.359999656677246,13.483997344970703,358100
2023-02-17,14.4399995803833,14.680000305175781,14.300000190734863,14.420000076293945,13.540338516235352,913800
2023-02-21,14.399999618530273,14.600000381469727,14.329999923706055,14.420000076293945,13.540338516235352,391600
2023-02-22,14.470000267028809,14.640000343322754,13.779999732971191,13.880000114440918,13.033280372619629,506900
2023-02-23,13.960000038146973,13.970000267028809,13.720000267028809,13.720000267028809,12.883040428161621,358300
2023-02-24,14.680000305175781,14.789999961853027,13.279999732971191,13.59000015258789,12.760972023010254,499800
2023-02-27,13.699999809265137,14.029999732971191,13.619999885559082,13.65999984741211,12.826702117919922,350400
2023-02-28,13.710000038146973,14.0,13.710000038146973,13.789999961853027,12.948771476745605,522000
2023-03-01,13.779999732971191,13.930000305175781,13.630000114440918,13.6899995803833,12.854870796203613,717000
2023-03-02,13.600000381469727,13.850000381469727,13.529999732971191,13.710000038146973,12.873651504516602,324500
2023-03-03,13.710000038146973,13.710000038146973,13.329999923706055,13.630000114440918,12.798529624938965,390700
2023-03-06,13.630000114440918,13.75,13.300000190734863,13.449999809265137,12.629511833190918,990900
2023-03-07,13.510000228881836,13.720000267028809,13.34000015258789,13.699999809265137,12.864262580871582,580900
2023-03-08,13.65999984741211,13.65999984741211,13.279999732971191,13.529999732971191,12.704629898071289,314000
2023-03-09,13.5600004196167,13.8100004196167,13.319999694824219,13.739999771118164,12.90182113647461,506100
2023-03-10,13.680000305175781,13.890000343322754,13.260000228881836,13.4399995803833,12.620121002197266,467100
2023-03-13,13.220000267028809,13.6899995803833,13.039999961853027,13.130000114440918,12.329031944274902,479400
2023-03-14,13.430000305175781,13.6899995803833,13.210000038146973,13.369999885559082,12.554391860961914,393900
2023-03-15,13.050000190734863,13.199999809265137,12.890000343322754,13.180000305175781,12.375983238220215,477500
2023-03-16,13.039999961853027,13.40999984741211,12.8100004196167,13.369999885559082,12.554391860961914,382900
2023-03-17,13.350000381469727,13.359999656677246,12.949999809265137,13.020000457763672,12.225743293762207,1138000
2023-03-20,13.170000076293945,13.399999618530273,13.010000228881836,13.300000190734863,12.488662719726562,425200
2023-03-21,13.420000076293945,13.550000190734863,13.199999809265137,13.420000076293945,12.601341247558594,416700
2023-03-22,13.369999885559082,13.510000228881836,13.100000381469727,13.109999656677246,12.31025218963623,282500
2023-03-23,13.109999656677246,13.119999885559082,12.75,12.84000015258789,12.056720733642578,314500
2023-03-24,12.720000267028809,13.069999694824219,12.699999809265137,12.979999542236328,12.188183784484863,290100
2023-03-27,13.0600004196167,13.3100004196167,13.0600004196167,13.260000228881836,12.451102256774902,210900
2023-03-28,13.239999771118164,13.369999885559082,13.069999694824219,13.289999961853027,12.479273796081543,306700
2023-03-29,13.34000015258789,13.359999656677246,12.90999984741211,12.949999809265137,12.160013198852539,224400
2023-03-30,12.960000038146973,13.039999961853027,12.869999885559082,12.989999771118164,12.197574615478516,234600
2023-03-31,13.050000190734863,13.5,13.010000228881836,13.430000305175781,12.610733032226562,498700
2023-04-03,13.460000038146973,13.579999923706055,13.270000457763672,13.40999984741211,12.59195327758789,285400
2023-04-04,13.380000114440918,13.380000114440918,12.979999542236328,13.170000076293945,12.366592407226562,228200
2023-04-05,13.140000343322754,13.239999771118164,13.0600004196167,13.220000267028809,12.413541793823242,217800
2023-04-06,13.220000267028809,13.34000015258789,13.119999885559082,13.1899995803833,12.385372161865234,236200
2023-04-10,13.210000038146973,13.420000076293945,13.170000076293945,13.350000381469727,12.535611152648926,313000
2023-04-11,13.369999885559082,13.600000381469727,13.300000190734863,13.430000305175781,12.610733032226562,266200
2023-04-12,13.470000267028809,13.579999923706055,13.40999984741211,13.489999771118164,12.667072296142578,222100
2023-04-13,13.5,13.680000305175781,13.430000305175781,13.619999885559082,12.789141654968262,239500
2023-04-14,13.550000190734863,13.670000076293945,13.390000343322754,13.550000190734863,12.723411560058594,249600
2023-04-17,13.569999694824219,13.579999923706055,13.289999961853027,13.329999923706055,12.516833305358887,226000
2023-04-18,13.359999656677246,13.399999618530273,12.9399995803833,13.029999732971191,12.235132217407227,315800
2023-04-19,13.029999732971191,13.170000076293945,13.010000228881836,13.119999885559082,12.319643020629883,326200
2023-04-20,13.079999923706055,13.4399995803833,13.0,13.40999984741211,12.59195327758789,353300
2023-04-21,13.40999984741211,13.479999542236328,13.289999961853027,13.420000076293945,12.601341247558594,305500
2023-04-24,13.359999656677246,13.399999618530273,13.140000343322754,13.199999809265137,12.39476203918457,707500
2023-04-25,13.199999809265137,13.460000038146973,13.140000343322754,13.199999809265137,12.39476203918457,253400
2023-04-26,13.119999885559082,13.270000457763672,13.020000457763672,13.229999542236328,12.422932624816895,252200
2023-04-27,13.229999542236328,13.359999656677246,12.949999809265137,13.170000076293945,12.366592407226562,317200
2023-04-28,13.140000343322754,13.270000457763672,12.949999809265137,12.979999542236328,12.188183784484863,283200
2023-05-01,12.960000038146973,13.350000381469727,12.9399995803833,13.199999809265137,12.39476203918457,236800
2023-05-02,13.0,13.109999656677246,12.229999542236328,12.4399995803833,11.68112564086914,353300
2023-05-03,12.5,12.890000343322754,12.430000305175781,12.4399995803833,11.68112564086914,343800
2023-05-04,12.289999961853027,12.329999923706055,11.9399995803833,12.319999694824219,11.568445205688477,326300
2023-05-05,12.699999809265137,12.800000190734863,11.5,11.8100004196167,11.089556694030762,585500
2023-05-08,11.90999984741211,12.3100004196167,11.90999984741211,12.119999885559082,11.380646705627441,344400
2023-05-09,12.079999923706055,12.220000267028809,11.9399995803833,12.069999694824219,11.333695411682129,313300
2023-05-10,12.229999542236328,12.369999885559082,11.949999809265137,12.0600004196167,11.324305534362793,377500
2023-05-11,12.010000228881836,12.180000305175781,11.819999694824219,11.970000267028809,11.239797592163086,317400
2023-05-12,12.0,12.050000190734863,11.800000190734863,11.90999984741211,11.183455467224121,258600
2023-05-15,11.890000343322754,11.949999809265137,11.65999984741211,11.899999618530273,11.174064636230469,376900
2023-05-16,11.920000076293945,12.010000228881836,11.75,11.920000076293945,11.192848205566406,294800
2023-05-17,11.949999809265137,12.180000305175781,11.779999732971191,12.15999984741211,11.418206214904785,370800
2023-05-18,12.130000114440918,12.380000114440918,12.050000190734863,12.25,11.502715110778809,284500
2023-05-19,12.380000114440918,12.550000190734863,12.3100004196167,12.390000343322754,11.634175300598145,335700
2023-05-22,12.430000305175781,12.449999809265137,12.119999885559082,12.300000190734863,11.549666404724121,351400
2023-05-23,12.260000228881836,12.399999618530273,12.149999618530273,12.289999961853027,11.540275573730469,254400
2023-05-24,12.260000228881836,12.369999885559082,12.180000305175781,12.210000038146973,11.465155601501465,191700
2023-05-25,12.15999984741211,12.279999732971191,11.90999984741211,12.010000228881836,11.277355194091797,228000
2023-05-26,11.979999542236328,12.039999961853027,11.869999885559082,11.930000305175781,11.20223617553711,230300
2023-05-30,11.899999618530273,11.949999809265137,11.640000343322754,11.869999885559082,11.145895004272461,441500
2023-05-31,11.869999885559082,11.9399995803833,11.640000343322754,11.789999961853027,11.07077693939209,411600
2023-06-01,11.779999732971191,11.989999771118164,11.619999885559082,11.949999809265137,11.221015930175781,505500
2023-06-02,12.069999694824219,12.479999542236328,11.989999771118164,12.460000038146973,11.699902534484863,279600
2023-06-05,12.350000381469727,12.350000381469727,11.880000114440918,12.039999961853027,11.305524826049805,294700
2023-06-06,12.0,12.40999984741211,11.859999656677246,12.350000381469727,11.5966157913208,291100
2023-06-07,12.359999656677246,12.729999542236328,12.25,12.6899995803833,11.915872573852539,315500
2023-06-08,12.640000343322754,12.640000343322754,12.390000343322754,12.5600004196167,11.793805122375488,221500
2023-06-09,12.609999656677246,12.65999984741211,12.319999694824219,12.380000114440918,11.624784469604492,280900
2023-06-12,12.399999618530273,12.449999809265137,12.25,12.420000076293945,11.662343978881836,228000
2023-06-13,12.420000076293945,12.670000076293945,12.359999656677246,12.59000015258789,11.821974754333496,238000
2023-06-14,12.5600004196167,12.630000114440918,12.25,12.399999618530273,11.643564224243164,449100
2023-06-15,12.369999885559082,12.760000228881836,12.119999885559082,12.670000076293945,11.897093772888184,522000
2023-06-16,12.75,12.75,12.449999809265137,12.550000190734863,11.784414291381836,1262600
2023-06-20,12.520000457763672,12.670000076293945,12.3100004196167,12.489999771118164,11.728075981140137,315800
2023-06-21,12.449999809265137,12.609999656677246,12.350000381469727,12.529999732971191,11.765633583068848,283400
2023-06-22,12.529999732971191,12.529999732971191,11.850000381469727,12.359999656677246,11.60600471496582,499500
2023-06-23,12.25,12.510000228881836,12.109999656677246,12.180000305175781,11.436985969543457,479800
2023-06-26,12.100000381469727,12.449999809265137,12.09000015258789,12.119999885559082,11.380646705627441,274500
2023-06-27,12.130000114440918,12.260000228881836,12.029999732971191,12.149999618530273,11.40881633758545,206500
2023-06-28,12.149999618530273,12.149999618530273,11.9399995803833,12.09000015258789,11.3524751663208,271900
2023-06-29,12.130000114440918,12.270000457763672,12.09000015258789,12.270000457763672,11.521495819091797,231300
2023-06-30,12.329999923706055,12.390000343322754,12.1899995803833,12.270000457763672,11.521495819091797,395700
2023-07-03,12.270000457763672,12.399999618530273,12.050000190734863,12.100000381469727,11.361865997314453,302600
2023-07-05,12.100000381469727,12.550000190734863,11.880000114440918,12.489999771118164,11.728075981140137,926200
2023-07-06,12.359999656677246,12.479999542236328,12.010000228881836,12.180000305175781,11.436985969543457,300200
2023-07-07,12.239999771118164,12.680000305175781,12.239999771118164,12.420000076293945,11.662343978881836,329700
2023-07-10,12.390000343322754,12.649999618530273,12.390000343322754,12.5,11.737464904785156,320100
2023-07-11,12.5,12.649999618530273,12.449999809265137,12.640000343322754,11.868925094604492,193300
2023-07-12,12.770000457763672,12.779999732971191,12.5600004196167,12.649999618530273,11.878314018249512,255900
2023-07-13,12.600000381469727,12.640000343322754,12.489999771118164,12.5600004196167,11.793805122375488,195700
2023-07-14,12.539999961853027,12.699999809265137,12.300000190734863,12.699999809265137,11.925264358520508,278600
2023-07-17,12.640000343322754,12.84000015258789,12.569999694824219,12.75,11.972211837768555,211900
2023-07-18,12.75,12.989999771118164,12.75,12.960000038146973,12.169403076171875,202700
2023-07-19,12.960000038146973,13.140000343322754,12.930000305175781,13.109999656677246,12.31025218963623,180800
2023-07-20,13.180000305175781,13.210000038146973,12.899999618530273,12.949999809265137,12.160013198852539,350200
2023-07-21,13.029999732971191,13.140000343322754,12.949999809265137,13.020000457763672,12.225743293762207,247800
2023-07-24,13.050000190734863,13.170000076293945,12.949999809265137,13.140000343322754,12.338423728942871,149300
2023-07-25,13.050000190734863,13.130000114440918,13.010000228881836,13.050000190734863,12.253913879394531,168600
2023-07-26,13.029999732971191,13.170000076293945,13.0,13.029999732971191,12.235132217407227,249800
2023-07-27,13.0600004196167,13.140000343322754,12.920000076293945,12.930000305175781,12.141233444213867,219200
2023-07-28,12.960000038146973,13.140000343322754,12.960000038146973,13.109999656677246,12.31025218963623,202800
2023-07-31,13.109999656677246,13.399999618530273,13.109999656677246,13.350000381469727,12.535611152648926,200600
2023-08-01,13.350000381469727,13.75,13.3100004196167,13.739999771118164,12.90182113647461,247200
2023-08-02,13.6899995803833,14.050000190734863,13.6899995803833,13.859999656677246,13.014500617980957,295300
2023-08-03,13.75,14.0600004196167,13.75,13.9399995803833,13.089619636535645,274400
2023-08-04,15.75,16.600000381469727,15.710000038146973,15.930000305175781,14.95822525024414,725400
2023-08-07,16.020000457763672,17.020000457763672,16.020000457763672,16.989999771118164,15.953561782836914,618000
2023-08-08,16.93000030517578,17.049999237060547,16.5,16.729999542236328,15.709423065185547,518600
2023-08-09,16.700000762939453,16.709999084472656,16.309999465942383,16.65999984741211,15.643693923950195,384400
2023-08-10,16.760000228881836,16.940000534057617,16.59000015258789,16.6299991607666,15.615520477294922,447800
2023-08-11,16.450000762939453,17.059999465942383,16.450000762939453,16.68000030517578,15.662469863891602,367900
2023-08-14,16.68000030517578,16.8799991607666,16.5,16.559999465942383,15.549795150756836,395100
2023-08-15,16.5,16.8700008392334,16.270000457763672,16.389999389648438,15.390162467956543,333800
2023-08-16,16.360000610351562,16.75,15.979999542236328,16.010000228881836,15.033346176147461,331800
2023-08-17,16.110000610351562,16.25,16.010000228881836,16.100000381469727,15.117855072021484,319500
2023-08-18,16.0,16.280000686645508,15.880000114440918,16.010000228881836,15.033346176147461,620300
2023-08-21,16.010000228881836,16.209999084472656,15.789999961853027,16.1299991607666,15.146024703979492,412100
2023-08-22,16.149999618530273,16.190000534057617,16.0,16.100000381469727,15.117855072021484,239500
2023-08-23,16.100000381469727,16.239999771118164,15.949999809265137,16.110000610351562,15.127243995666504,282900
2023-08-24,16.110000610351562,16.270000457763672,16.010000228881836,16.020000457763672,15.042736053466797,343200
2023-08-25,16.030000686645508,16.489999771118164,16.030000686645508,16.34000015258789,15.34321403503418,320500
2023-08-28,16.389999389648438,16.540000915527344,16.34000015258789,16.389999389648438,15.390162467956543,969400
2023-08-29,16.389999389648438,16.56999969482422,16.329999923706055,16.3799991607666,15.380773544311523,276900
2023-08-30,16.360000610351562,16.479999542236328,16.290000915527344,16.360000610351562,15.361994743347168,211000
2023-08-31,16.31999969482422,16.639999389648438,16.239999771118164,16.56999969482422,15.664505958557129,304500
2023-09-01,16.670000076293945,17.489999771118164,16.56999969482422,17.389999389648438,16.439695358276367,593900
2023-09-05,17.309999465942383,17.309999465942383,16.049999237060547,16.360000610351562,15.465983390808105,785400
2023-09-06,16.43000030517578,16.559999465942383,16.1200008392334,16.25,15.361994743347168,398900
2023-09-07,16.219999313354492,16.239999771118164,15.9399995803833,16.0,15.125656127929688,537700
2023-09-08,16.079999923706055,16.34000015258789,16.010000228881836,16.260000228881836,15.371447563171387,425100
2023-09-11,16.280000686645508,16.84000015258789,16.260000228881836,16.709999084472656,15.796856880187988,417400
2023-09-12,16.690000534057617,17.020000457763672,16.6299991607666,16.649999618530273,15.740135192871094,276600
2023-09-13,16.729999542236328,16.93000030517578,16.530000686645508,16.799999237060547,15.881935119628906,403000
2023-09-14,16.979999542236328,17.1200008392334,16.600000381469727,16.6200008392334,15.711775779724121,371100
2023-09-15,16.579999923706055,16.760000228881836,16.299999237060547,16.43000030517578,15.532158851623535,1801600
2023-09-18,16.469999313354492,16.610000610351562,16.260000228881836,16.350000381469727,15.456528663635254,337800
2023-09-19,16.34000015258789,16.549999237060547,16.260000228881836,16.450000762939453,15.551063537597656,396700
2023-09-20,16.5,16.700000762939453,16.5,16.520000457763672,15.617238998413086,216300
2023-09-21,16.450000762939453,16.719999313354492,16.3799991607666,16.68000030517578,15.76849365234375,343800
2023-09-22,16.719999313354492,17.1200008392334,16.68000030517578,16.90999984741211,15.985925674438477,320800
2023-09-25,16.920000076293945,17.399999618530273,16.920000076293945,17.360000610351562,16.411334991455078,372000
2023-09-26,17.31999969482422,17.450000762939453,17.209999084472656,17.270000457763672,16.32625389099121,412600
2023-09-27,17.440000534057617,17.75,17.399999618530273,17.639999389648438,16.6760311126709,454000
2023-09-28,17.68000030517578,17.75,17.34000015258789,17.40999984741211,16.458600997924805,727300
2023-09-29,17.43000030517578,17.489999771118164,17.079999923706055,17.100000381469727,16.165546417236328,1118100
2023-10-02,17.110000610351562,17.5,17.079999923706055,17.40999984741211,16.458600997924805,618400
2023-10-03,17.360000610351562,17.530000686645508,17.260000228881836,17.420000076293945,16.468059539794922,463700
2023-10-04,17.40999984741211,17.600000381469727,17.229999542236328,17.350000381469727,16.401880264282227,571900
2023-10-05,17.350000381469727,17.75,17.350000381469727,17.43000030517578,16.477510452270508,355900
2023-10-06,17.40999984741211,17.520000457763672,17.299999237060547,17.3700008392334,16.420791625976562,408000
2023-10-09,17.299999237060547,17.700000762939453,17.299999237060547,17.600000381469727,16.638219833374023,345100
2023-10-10,17.59000015258789,17.93000030517578,17.549999237060547,17.700000762939453,16.732755661010742,437400
2023-10-11,17.75,18.040000915527344,17.739999771118164,17.899999618530273,16.921829223632812,279800
2023-10-12,17.90999984741211,17.979999542236328,17.440000534057617,17.6299991607666,16.666580200195312,305500
2023-10-13,17.600000381469727,17.649999618530273,17.3799991607666,17.459999084472656,16.505868911743164,462500
2023-10-16,17.600000381469727,17.81999969482422,17.59000015258789,17.770000457763672,16.798931121826172,336100
2023-10-17,17.799999237060547,18.06999969482422,17.799999237060547,17.8799991607666,16.902917861938477,340000
2023-10-18,17.84000015258789,18.579999923706055,17.84000015258789,18.299999237060547,17.29996681213379,437400
2023-10-19,18.329999923706055,18.329999923706055,17.649999618530273,17.760000228881836,16.789478302001953,479400
2023-10-20,17.829999923706055,18.049999237060547,17.530000686645508,17.860000610351562,16.884010314941406,586000
2023-10-23,17.809999465942383,17.93000030517578,17.450000762939453,17.5,16.543682098388672,489000
2023-10-24,17.549999237060547,17.940000534057617,17.549999237060547,17.780000686645508,16.808385848999023,316600
2023-10-25,17.760000228881836,18.139999389648438,17.760000228881836,17.950000762939453,16.969097137451172,297300
2023-10-26,18.040000915527344,18.06999969482422,17.600000381469727,17.719999313354492,16.75166130065918,285100
2023-10-27,17.829999923706055,18.030000686645508,17.75,17.90999984741211,16.9312801361084,448400
2023-10-30,18.079999923706055,18.360000610351562,17.940000534057617,18.079999923706055,17.09198760986328,326300
2023-10-31,18.09000015258789,18.18000030517578,17.90999984741211,18.09000015258789,17.101444244384766,485000
2023-11-01,18.09000015258789,18.290000915527344,18.059999465942383,18.15999984741211,17.167619705200195,338000
2023-11-02,18.229999542236328,18.559999465942383,18.110000610351562,18.530000686645508,17.51740074157715,395500
2023-11-03,18.239999771118164,19.6200008392334,16.56999969482422,17.510000228881836,16.553136825561523,1198600
2023-11-06,17.6200008392334,17.639999389648438,16.989999771118164,17.229999542236328,16.28843879699707,517500
2023-11-07,17.15999984741211,17.15999984741211,16.81999969482422,16.850000381469727,15.929204940795898,380400
2023-11-08,17.06999969482422,17.06999969482422,16.719999313354492,17.059999465942383,16.127729415893555,297300
2023-11-09,17.06999969482422,17.309999465942383,16.920000076293945,17.139999389648438,16.203357696533203,261600
2023-11-10,17.170000076293945,17.309999465942383,17.06999969482422,17.209999084472656,16.269535064697266,452000
2023-11-13,17.149999618530273,17.360000610351562,16.989999771118164,17.110000610351562,16.17499542236328,290300
2023-11-14,17.329999923706055,17.65999984741211,17.270000457763672,17.65999984741211,16.694942474365234,355700
2023-11-15,17.59000015258789,17.8799991607666,17.520000457763672,17.700000762939453,16.732755661010742,510300
2023-11-16,17.719999313354492,18.06999969482422,17.40999984741211,18.06999969482422,17.082536697387695,505500
2023-11-17,18.100000381469727,18.389999389648438,17.969999313354492,18.09000015258789,17.101444244384766,902100
2023-11-20,17.530000686645508,17.6200008392334,16.829999923706055,16.940000534057617,16.01428985595703,747300
2023-11-21,16.950000762939453,17.040000915527344,16.719999313354492,16.84000015258789,15.919753074645996,477400
2023-11-22,16.899999618530273,17.479999542236328,16.899999618530273,17.360000610351562,16.411334991455078,367000
2023-11-24,17.43000030517578,17.770000457763672,17.420000076293945,17.530000686645508,16.572046279907227,178300
2023-11-27,17.5,17.639999389648438,17.360000610351562,17.450000762939453,16.496421813964844,444500
2023-11-28,17.40999984741211,17.530000686645508,17.31999969482422,17.389999389648438,16.439695358276367,403800
2023-11-29,17.420000076293945,17.700000762939453,17.3700008392334,17.440000534057617,16.486963272094727,595800
2023-11-30,17.440000534057617,17.56999969482422,17.299999237060547,17.420000076293945,16.572587966918945,394200
2023-12-01,17.3799991607666,17.610000610351562,17.100000381469727,17.489999771118164,16.639183044433594,487500
2023-12-04,17.450000762939453,17.8799991607666,17.450000762939453,17.68000030517578,16.81993865966797,657000
2023-12-05,17.68000030517578,17.989999771118164,17.520000457763672,17.81999969482422,16.953126907348633,328300
2023-12-06,17.93000030517578,18.18000030517578,17.8799991607666,17.989999771118164,17.114858627319336,565200
2023-12-07,18.059999465942383,18.459999084472656,17.950000762939453,18.450000762939453,17.55248260498047,512900
2023-12-08,18.43000030517578,18.6299991607666,18.25,18.389999389648438,17.49540138244629,427900
2023-12-11,18.43000030517578,18.450000762939453,17.829999923706055,18.010000228881836,17.133886337280273,374600
2023-12-12,18.010000228881836,18.18000030517578,17.860000610351562,18.09000015258789,17.209993362426758,429200
2023-12-13,18.030000686645508,18.030000686645508,17.459999084472656,17.739999771118164,16.877017974853516,929600
2023-12-14,17.700000762939453,17.719999313354492,16.610000610351562,17.110000610351562,16.277664184570312,945900
2023-12-15,17.239999771118164,17.239999771118164,16.700000762939453,16.920000076293945,16.096906661987305,2208800
2023-12-18,17.06999969482422,17.200000762939453,16.889999389648438,16.93000030517578,16.106422424316406,403000
2023-12-19,16.959999084472656,17.399999618530273,16.93000030517578,17.25,16.410856246948242,476400
2023-12-20,17.3700008392334,17.829999923706055,17.190000534057617,17.450000762939453,16.601133346557617,364000
2023-12-21,17.510000228881836,17.68000030517578,17.479999542236328,17.670000076293945,16.810422897338867,299800
2023-12-22,17.670000076293945,17.780000686645508,17.479999542236328,17.68000030517578,16.81993865966797,226100
2023-12-26,17.690000534057617,17.84000015258789,17.479999542236328,17.799999237060547,16.934099197387695,194700
2023-12-27,17.799999237060547,18.100000381469727,17.790000915527344,17.950000762939453,17.076807022094727,224900
2023-12-28,17.969999313354492,18.079999923706055,17.690000534057617,17.719999313354492,16.85799217224121,330300
2023-12-29,17.649999618530273,17.709999084472656,17.450000762939453,17.559999465942383,16.70577621459961,425500
2024-01-02,17.559999465942383,18.149999618530273,17.520000457763672,17.93000030517578,17.057775497436523,692100
2024-01-03,17.93000030517578,18.15999984741211,17.610000610351562,17.6299991607666,16.772367477416992,419800
2024-01-04,17.760000228881836,18.040000915527344,17.510000228881836,17.799999237060547,16.934099197387695,339500
2024-01-05,17.68000030517578,17.809999465942383,17.170000076293945,17.190000534057617,16.35377311706543,365000
2024-01-08,17.25,17.299999237060547,16.959999084472656,17.260000228881836,16.420373916625977,282200
2024-01-09,17.15999984741211,17.299999237060547,16.790000915527344,16.959999084472656,16.134960174560547,248100
2024-01-10,16.860000610351562,17.1200008392334,16.809999465942383,16.989999771118164,16.163501739501953,269200
2024-01-11,16.979999542236328,17.170000076293945,16.760000228881836,17.149999618530273,16.315719604492188,278000
2024-01-12,17.149999618530273,17.350000381469727,17.100000381469727,17.309999465942383,16.467939376831055,224500
2024-01-16,17.309999465942383,17.75,17.309999465942383,17.610000610351562,16.75334358215332,419800
2024-01-17,17.469999313354492,17.75,17.459999084472656,17.530000686645508,16.677234649658203,273700
2024-01-18,17.6299991607666,17.670000076293945,17.34000015258789,17.530000686645508,16.677234649658203,332200
2024-01-19,17.649999618530273,17.649999618530273,17.290000915527344,17.559999465942383,16.70577621459961,253000
2024-01-22,17.670000076293945,18.280000686645508,17.56999969482422,18.229999542236328,17.343183517456055,495900
2024-01-23,18.3700008392334,18.520000457763672,18.139999389648438,18.350000381469727,17.457347869873047,356300
2024-01-24,18.5,18.549999237060547,18.34000015258789,18.530000686645508,17.628591537475586,316300
2024-01-25,18.5,18.809999465942383,18.31999969482422,18.540000915527344,17.638103485107422,369600
2024-01-26,18.5,18.68000030517578,18.34000015258789,18.56999969482422,17.666641235351562,327500
2024-01-29,18.5,18.56999969482422,17.950000762939453,18.170000076293945,17.286102294921875,357400
2024-01-30,18.010000228881836,18.040000915527344,17.479999542236328,17.989999771118164,17.114858627319336,492800
2024-01-31,18.010000228881836,18.25,17.950000762939453,18.100000381469727,17.219507217407227,454300
2024-02-01,18.1200008392334,18.510000228881836,18.1200008392334,18.43000030517578,17.53345489501953,408200
2024-02-02,18.1299991607666,18.510000228881836,17.959999084472656,18.010000228881836,17.133886337280273,557000
2024-02-05,17.979999542236328,18.010000228881836,17.479999542236328,17.799999237060547,16.934099197387695,364000
2024-02-06,17.709999084472656,17.829999923706055,17.329999923706055,17.360000610351562,16.5155029296875,430100
2024-02-07,17.290000915527344,17.700000762939453,17.139999389648438,17.450000762939453,16.601133346557617,411200
2024-02-08,17.450000762939453,17.739999771118164,17.450000762939453,17.719999313354492,16.85799217224121,296200
2024-02-09,17.690000534057617,18.09000015258789,17.520000457763672,18.06999969482422,17.19096565246582,316200
2024-02-12,18.06999969482422,18.350000381469727,18.059999465942383,18.209999084472656,17.324155807495117,406500
2024-02-13,18.040000915527344,18.209999084472656,17.670000076293945,17.770000457763672,16.905561447143555,407200
2024-02-14,17.889999389648438,17.950000762939453,17.65999984741211,17.829999923706055,16.9626407623291,288300
2024-02-15,17.809999465942383,17.90999984741211,17.489999771118164,17.690000534057617,16.829448699951172,442700
2024-02-16,17.68000030517578,17.850000381469727,17.520000457763672,17.520000457763672,16.667724609375,386100
2024-02-20,17.579999923706055,17.579999923706055,17.09000015258789,17.15999984741211,16.325233459472656,466200
2024-02-21,17.229999542236328,17.43000030517578,16.889999389648438,16.979999542236328,16.15399169921875,413300
2024-02-22,17.030000686645508,17.450000762939453,16.1200008392334,17.040000915527344,16.21107292175293,833500
2024-02-23,17.040000915527344,17.450000762939453,16.84000015258789,17.43000030517578,16.58209800720215,433800
2024-02-26,17.389999389648438,18.100000381469727,17.34000015258789,17.780000686645508,16.915075302124023,766100
2024-02-27,17.809999465942383,17.809999465942383,17.059999465942383,17.3799991607666,16.534530639648438,532500
2024-02-28,17.420000076293945,17.780000686645508,17.34000015258789,17.610000610351562,16.75334358215332,490200
2024-02-29,17.6299991607666,17.90999984741211,17.56999969482422,17.809999465942383,17.05011749267578,467900
2024-03-01,17.809999465942383,17.860000610351562,17.40999984741211,17.530000686645508,16.78206443786621,405600
2024-03-04,17.579999923706055,17.93000030517578,17.31999969482422,17.59000015258789,16.839502334594727,330100
2024-03-05,17.670000076293945,17.760000228881836,17.239999771118164,17.260000228881836,16.523584365844727,403000
2024-03-06,17.40999984741211,17.670000076293945,17.280000686645508,17.510000228881836,16.762916564941406,561300
2024-03-07,17.549999237060547,17.56999969482422,17.280000686645508,17.459999084472656,16.715049743652344,340900
2024-03-08,17.600000381469727,17.65999984741211,17.260000228881836,17.549999237060547,16.801210403442383,363700
2024-03-11,17.770000457763672,17.920000076293945,17.520000457763672,17.649999618530273,16.89694595336914,526400
2024-03-12,17.59000015258789,17.739999771118164,17.440000534057617,17.520000457763672,16.772493362426758,494600
2024-03-13,17.56999969482422,17.860000610351562,17.540000915527344,17.75,16.992677688598633,430000
2024-03-14,17.670000076293945,17.729999542236328,17.450000762939453,17.700000762939453,16.94481086730957,481300
2024-03-15,17.56999969482422,17.729999542236328,17.489999771118164,17.649999618530273,16.89694595336914,4786100
2024-03-18,17.639999389648438,17.780000686645508,17.399999618530273,17.399999618530273,16.657609939575195,441400
2024-03-19,17.489999771118164,17.5,17.1200008392334,17.34000015258789,16.60017204284668,318200
2024-03-20,17.350000381469727,17.790000915527344,17.0,17.770000457763672,17.011821746826172,448200
2024-03-21,17.780000686645508,17.93000030517578,17.56999969482422,17.899999618530273,17.13627815246582,599200
2024-03-22,17.850000381469727,17.920000076293945,17.639999389648438,17.920000076293945,17.15542221069336,408600
2024-03-25,17.93000030517578,18.049999237060547,17.600000381469727,17.68000030517578,16.925661087036133,416500
2024-03-26,17.81999969482422,17.81999969482422,17.639999389648438,17.700000762939453,16.94481086730957,388500
2024-03-27,17.700000762939453,17.850000381469727,17.59000015258789,17.700000762939453,16.94481086730957,482500
2024-03-28,17.790000915527344,17.889999389648438,17.540000915527344,17.559999465942383,16.81078338623047,425100
2024-04-01,17.59000015258789,17.90999984741211,17.559999465942383,17.719999313354492,16.963956832885742,486300
2024-04-02,17.719999313354492,17.809999465942383,17.280000686645508,17.700000762939453,16.94481086730957,642600
2024-04-03,17.729999542236328,17.780000686645508,17.420000076293945,17.450000762939453,16.70547866821289,319700
2024-04-04,17.5,17.59000015258789,17.350000381469727,17.3799991607666,16.63846206665039,288100
2024-04-05,17.3799991607666,17.559999465942383,17.350000381469727,17.389999389648438,16.648038864135742,650800
2024-04-08,17.34000015258789,17.43000030517578,17.270000457763672,17.389999389648438,16.648038864135742,428200
2024-04-09,17.479999542236328,17.8700008392334,17.479999542236328,17.790000915527344,17.03097152709961,584500
2024-04-10,17.639999389648438,17.850000381469727,17.5,17.6299991607666,16.877796173095703,529400
2024-04-11,17.729999542236328,17.8700008392334,17.510000228881836,17.510000228881836,16.762916564941406,411300
2024-04-12,17.5,17.510000228881836,17.09000015258789,17.110000610351562,16.379981994628906,581100
2024-04-15,17.219999313354492,17.329999923706055,16.75,16.850000381469727,16.13107681274414,541200
2024-04-16,16.850000381469727,17.0,16.559999465942383,16.8700008392334,16.150224685668945,512900
2024-04-17,17.0,17.06999969482422,16.790000915527344,16.84000015258789,16.121505737304688,493700
2024-04-18,16.889999389648438,17.18000030517578,16.790000915527344,16.989999771118164,16.265100479125977,855800
2024-04-19,16.989999771118164,17.329999923706055,16.989999771118164,17.329999923706055,16.590599060058594,756800
2024-04-22,17.3700008392334,17.68000030517578,17.350000381469727,17.5,16.753341674804688,690800
2024-04-23,17.579999923706055,18.020000457763672,17.56999969482422,17.84000015258789,17.078838348388672,800400
2024-04-24,17.920000076293945,18.43000030517578,17.899999618530273,18.420000076293945,17.634090423583984,641500
2024-04-25,18.479999542236328,18.770000457763672,18.290000915527344,18.6200008392334,17.825559616088867,714000
2024-04-26,18.530000686645508,19.110000610351562,18.530000686645508,18.860000610351562,18.055316925048828,494800
2024-04-29,19.079999923706055,19.079999923706055,18.56999969482422,18.6200008392334,17.825559616088867,588000
2024-04-30,18.540000915527344,18.540000915527344,18.270000457763672,18.299999237060547,17.519210815429688,430300
2024-05-01,18.200000762939453,18.440000534057617,18.100000381469727,18.34000015258789,17.557504653930664,438700
2024-05-02,19.719999313354492,24.18000030517578,19.700000762939453,24.110000610351562,23.081323623657227,2183300
2024-05-03,24.459999084472656,24.65999984741211,23.420000076293945,24.34000015258789,23.301509857177734,1290800
2024-05-06,24.049999237060547,24.56999969482422,23.81999969482422,24.360000610351562,23.320653915405273,758800
2024-05-07,24.25,24.34000015258789,23.8799991607666,23.920000076293945,22.899429321289062,694300
2024-05-08,23.93000030517578,24.450000762939453,23.739999771118164,23.899999618530273,22.880277633666992,468900
2024-05-09,23.920000076293945,24.049999237060547,23.600000381469727,23.90999984741211,22.889850616455078,400200
2024-05-10,23.790000915527344,23.84000015258789,23.200000762939453,23.760000228881836,22.74625587463379,438700
2024-05-13,23.940000534057617,24.06999969482422,23.610000610351562,23.8700008392334,22.8515625,343800
2024-05-14,23.979999542236328,24.059999465942383,23.59000015258789,23.65999984741211,22.650522232055664,309200
2024-05-15,23.969999313354492,24.0,23.5,23.559999465942383,22.554786682128906,428200
2024-05-16,23.450000762939453,23.979999542236328,23.450000762939453,23.809999465942383,22.79412078857422,282600
2024-05-17,23.8700008392334,23.8700008392334,23.489999771118164,23.5,22.497344970703125,289000
2024-05-20,23.559999465942383,23.6299991607666,23.420000076293945,23.43000030517578,22.430335998535156,248500
2024-05-21,23.34000015258789,23.43000030517578,23.079999923706055,23.25,22.25801658630371,307800
2024-05-22,23.280000686645508,23.489999771118164,22.940000534057617,23.270000457763672,22.27716064453125,310000
2024-05-23,23.270000457763672,23.270000457763672,22.760000228881836,22.899999618530273,21.922945022583008,547800
2024-05-24,22.979999542236328,23.34000015258789,22.84000015258789,23.34000015258789,22.344175338745117,240600
2024-05-28,23.270000457763672,23.81999969482422,23.239999771118164,23.6200008392334,22.612224578857422,375500
2024-05-29,23.3799991607666,23.510000228881836,22.809999465942383,22.850000381469727,21.875080108642578,353800
2024-05-30,22.979999542236328,23.06999969482422,22.690000534057617,22.860000610351562,21.884653091430664,403300
2024-05-31,22.899999618530273,23.270000457763672,22.3799991607666,22.5,21.6441593170166,585600
2024-06-03,22.719999313354492,22.899999618530273,22.229999542236328,22.59000015258789,21.730741500854492,390800
2024-06-04,22.600000381469727,22.6200008392334,22.09000015258789,22.350000381469727,21.499868392944336,337800
2024-06-05,22.329999923706055,22.329999923706055,21.90999984741211,22.049999237060547,21.211278915405273,362200
2024-06-06,21.889999389648438,22.079999923706055,21.75,21.860000610351562,21.028505325317383,449600
2024-06-07,21.75,21.829999923706055,21.3700008392334,21.639999389648438,20.81687355041504,352600
2024-06-10,21.559999465942383,21.889999389648438,21.170000076293945,21.510000228881836,20.69182014465332,330700
2024-06-11,21.510000228881836,21.719999313354492,21.280000686645508,21.350000381469727,20.537906646728516,419200
2024-06-12,21.6200008392334,21.780000686645508,21.399999618530273,21.549999237060547,20.730297088623047,350900
2024-06-13,21.290000915527344,21.43000030517578,20.84000015258789,21.229999542236328,20.42247200012207,363700
2024-06-14,21.030000686645508,21.030000686645508,20.600000381469727,20.739999771118164,19.951107025146484,315700
2024-06-17,20.6299991607666,20.709999084472656,20.229999542236328,20.600000381469727,19.816434860229492,545800
2024-06-18,20.68000030517578,20.780000686645508,20.510000228881836,20.600000381469727,19.816434860229492,368100
2024-06-20,20.43000030517578,20.75,20.229999542236328,20.549999237060547,19.768335342407227,427300
2024-06-21,20.56999969482422,20.989999771118164,20.520000457763672,20.8799991607666,20.085783004760742,1941100
2024-06-24,20.84000015258789,21.31999969482422,20.799999237060547,21.030000686645508,20.23007583618164,351200
2024-06-25,20.979999542236328,21.0,20.729999542236328,20.809999465942383,20.018442153930664,314000
2024-06-26,20.729999542236328,21.139999389648438,20.600000381469727,21.059999465942383,20.258935928344727,351000
2024-06-27,21.190000534057617,21.190000534057617,20.850000381469727,20.959999084472656,20.162738800048828,272200
2024-06-28,20.899999618530273,21.780000686645508,20.899999618530273,21.420000076293945,20.605241775512695,1945300
2024-07-01,21.389999389648438,21.510000228881836,20.31999969482422,20.780000686645508,19.989587783813477,678300
2024-07-02,20.75,21.219999313354492,20.739999771118164,21.110000610351562,20.307037353515625,453700
2024-07-03,21.219999313354492,21.360000610351562,21.059999465942383,21.299999237060547,20.48980712890625,168600
2024-07-05,21.260000228881836,21.639999389648438,21.260000228881836,21.360000610351562,20.54752540588379,263600
2024-07-08,21.520000457763672,21.6200008392334,21.350000381469727,21.440000534057617,20.624481201171875,412700
2024-07-09,21.389999389648438,21.420000076293945,20.8799991607666,20.950000762939453,20.153121948242188,306700
2024-07-10,21.040000915527344,21.06999969482422,20.700000762939453,20.920000076293945,20.1242618560791,242800
2024-07-11,21.329999923706055,21.68000030517578,21.229999542236328,21.530000686645508,20.7110595703125,306500
2024-07-12,21.799999237060547,21.969999313354492,21.68000030517578,21.700000762939453,20.874591827392578,417100
2024-07-15,21.940000534057617,22.3700008392334,21.760000228881836,22.010000228881836,21.172801971435547,537000
2024-07-16,22.260000228881836,23.3700008392334,22.219999313354492,23.209999084472656,22.327152252197266,600800
2024-07-17,23.209999084472656,23.899999618530273,23.170000076293945,23.34000015258789,22.452211380004883,491600
2024-07-18,23.209999084472656,23.809999465942383,23.209999084472656,23.520000457763672,22.625364303588867,471300
2024-07-19,23.549999237060547,23.81999969482422,23.43000030517578,23.459999084472656,22.567646026611328,310100
2024-07-22,23.510000228881836,23.829999923706055,23.18000030517578,23.809999465942383,22.904333114624023,385300
2024-07-23,23.729999542236328,24.350000381469727,23.43000030517578,24.059999465942383,23.14482307434082,471900
2024-07-24,23.959999084472656,24.520000457763672,23.790000915527344,24.049999237060547,23.13520622253418,401600
2024-07-25,24.1200008392334,24.510000228881836,24.0,24.200000762939453,23.27950096130371,385900
2024-07-26,24.65999984741211,25.020000457763672,24.399999618530273,24.790000915527344,23.847057342529297,426800
2024-07-29,24.899999618530273,25.049999237060547,24.530000686645508,24.790000915527344,23.847057342529297,312400
2024-07-30,25.0,25.350000381469727,24.75,25.25,24.28955841064453,387900
2024-07-31,25.190000534057617,25.280000686645508,24.56999969482422,24.790000915527344,23.847057342529297,535400
2024-08-01,25.6200008392334,26.399999618530273,24.149999618530273,24.59000015258789,23.654664993286133,613600
2024-08-02,23.84000015258789,24.200000762939453,23.440000534057617,23.969999313354492,23.058246612548828,418400
2024-08-05,22.6200008392334,23.0,22.0,22.959999084472656,22.0866641998291,532800
2024-08-06,22.90999984741211,23.469999313354492,22.649999618530273,22.950000762939453,22.077045440673828,424000
2024-08-07,23.1299991607666,23.40999984741211,21.899999618530273,22.030000686645508,21.192041397094727,355800
2024-08-08,22.360000610351562,22.790000915527344,22.25,22.780000686645508,21.91351318359375,374200
2024-08-09,22.670000076293945,22.989999771118164,22.219999313354492,22.549999237060547,21.692258834838867,289400
2024-08-12,22.450000762939453,22.579999923706055,22.170000076293945,22.3799991607666,21.52872657775879,266700
2024-08-13,22.610000610351562,22.690000534057617,22.34000015258789,22.520000457763672,21.663402557373047,241300
2024-08-14,22.6299991607666,22.719999313354492,22.31999969482422,22.59000015258789,21.730741500854492,209300
2024-08-15,22.940000534057617,23.079999923706055,22.670000076293945,22.770000457763672,21.903892517089844,259700
2024-08-16,22.790000915527344,23.110000610351562,22.649999618530273,22.84000015258789,21.971229553222656,180000
2024-08-19,22.729999542236328,22.979999542236328,22.670000076293945,22.75,21.88465118408203,254700
2024-08-20,22.860000610351562,22.90999984741211,22.329999923706055,22.479999542236328,21.624923706054688,274600
2024-08-21,22.56999969482422,22.940000534057617,22.459999084472656,22.799999237060547,21.932750701904297,251100
2024-08-22,22.75,23.040000915527344,22.6200008392334,22.8700008392334,22.000091552734375,664200
2024-08-23,22.360000610351562,23.239999771118164,22.360000610351562,22.8799991607666,22.009708404541016,521600
2024-08-26,23.079999923706055,23.190000534057617,22.700000762939453,22.739999771118164,21.875030517578125,380500
2024-08-27,22.6200008392334,22.709999084472656,22.399999618530273,22.420000076293945,21.56720542907715,285900
2024-08-28,22.469999313354492,22.670000076293945,22.040000915527344,22.530000686645508,21.67302131652832,281500
2024-08-29,22.719999313354492,22.81999969482422,22.229999542236328,22.489999771118164,21.63454246520996,387800
2024-08-30,22.540000915527344,22.75,22.190000534057617,22.440000534057617,21.711946487426758,276200
2024-09-03,22.209999084472656,22.389999389648438,21.610000610351562,21.670000076293945,20.9669246673584,579700
2024-09-04,21.719999313354492,22.290000915527344,21.639999389648438,21.969999313354492,21.2571964263916,549600
2024-09-05,21.979999542236328,22.190000534057617,21.68000030517578,21.790000915527344,21.083036422729492,373900
2024-09-06,21.860000610351562,21.950000762939453,21.25,21.329999923706055,20.63796043395996,303400
2024-09-09,21.200000762939453,21.309999465942383,20.809999465942383,21.1299991607666,20.444448471069336,643300
2024-09-10,21.1299991607666,21.34000015258789,20.90999984741211,21.309999465942383,20.618610382080078,476600
2024-09-11,21.200000762939453,21.270000457763672,20.639999389648438,21.200000762939453,20.51218032836914,381500
2024-09-12,21.360000610351562,21.739999771118164,21.229999542236328,21.709999084472656,21.005630493164062,409000
2024-09-13,21.81999969482422,22.299999237060547,21.729999542236328,22.170000076293945,21.450706481933594,388200
2024-09-16,22.31999969482422,22.700000762939453,22.15999984741211,22.219999313354492,21.499082565307617,460500
2024-09-17,22.3700008392334,22.56999969482422,21.90999984741211,21.920000076293945,21.208816528320312,416100
2024-09-18,21.8700008392334,22.15999984741211,21.670000076293945,21.90999984741211,21.199142456054688,381100
2024-09-19,22.25,22.360000610351562,21.84000015258789,22.350000381469727,21.624868392944336,284100
2024-09-20,22.200000762939453,22.639999389648438,22.010000228881836,22.229999542236328,21.508760452270508,2494400
2024-09-23,22.420000076293945,22.510000228881836,21.899999618530273,22.020000457763672,21.30557632446289,333200
2024-09-24,22.0,22.170000076293945,21.75,21.989999771118164,21.276548385620117,252900
2024-09-25,22.059999465942383,22.25,21.790000915527344,21.90999984741211,21.199142456054688,304000
2024-09-26,22.1299991607666,22.270000457763672,21.84000015258789,21.84000015258789,21.131412506103516,298600
2024-09-27,22.06999969482422,22.479999542236328,21.989999771118164,22.170000076293945,21.450706481933594,219700
2024-09-30,22.059999465942383,22.329999923706055,22.030000686645508,22.239999771118164,21.518434524536133,287400
2024-10-01,22.25,22.25,21.459999084472656,21.610000610351562,20.90887451171875,563900
2024-10-02,21.530000686645508,21.75,21.170000076293945,21.260000228881836,20.57023048400879,406500
2024-10-03,21.110000610351562,21.360000610351562,20.8799991607666,21.0,20.318668365478516,248600
2024-10-04,21.280000686645508,21.780000686645508,21.270000457763672,21.579999923706055,20.879850387573242,342100
2024-10-07,21.510000228881836,21.520000457763672,21.209999084472656,21.350000381469727,20.657310485839844,244200
2024-10-08,21.3700008392334,21.389999389648438,21.15999984741211,21.25,20.560556411743164,178200
2024-10-09,21.260000228881836,21.43000030517578,21.079999923706055,21.219999313354492,20.531526565551758,185900
2024-10-10,21.0,21.0,20.65999984741211,20.790000915527344,20.115482330322266,230000
2024-10-11,20.770000457763672,21.170000076293945,20.770000457763672,21.09000015258789,20.405746459960938,229100
2024-10-14,21.049999237060547,21.489999771118164,20.90999984741211,21.40999984741211,20.715364456176758,241000
2024-10-15,21.399999618530273,21.729999542236328,21.280000686645508,21.299999237060547,20.608932495117188,343800
2024-10-16,21.299999237060547,21.600000381469727,21.299999237060547,21.389999389648438,20.696012496948242,263400
2024-10-17,21.469999313354492,21.5,20.969999313354492,21.40999984741211,20.715364456176758,445200
2024-10-18,21.40999984741211,21.40999984741211,21.040000915527344,21.09000015258789,20.405746459960938,391600
2024-10-21,21.15999984741211,21.170000076293945,20.549999237060547,20.610000610351562,19.94131851196289,319700
2024-10-22,20.600000381469727,20.8700008392334,20.579999923706055,20.84000015258789,20.163854598999023,297300
2024-10-23,20.799999237060547,21.399999618530273,20.760000228881836,21.3799991607666,20.68633460998535,305700
2024-10-24,21.43000030517578,21.5,21.1299991607666,21.270000457763672,20.579904556274414,312600
2024-10-25,21.270000457763672,21.469999313354492,20.969999313354492,21.170000076293945,20.483152389526367,263200
2024-10-28,21.329999923706055,21.6200008392334,21.329999923706055,21.540000915527344,20.841148376464844,281800
2024-10-29,21.399999618530273,22.020000457763672,21.399999618530273,22.0,21.286226272583008,252100
2024-10-30,22.010000228881836,22.639999389648438,21.979999542236328,22.3700008392334,21.64422035217285,286000
2024-10-31,22.43000030517578,22.969999313354492,22.350000381469727,22.350000381469727,21.624868392944336,330200
2024-11-01,22.350000381469727,22.440000534057617,21.93000030517578,22.030000686645508,21.315248489379883,318800
2024-11-04,21.93000030517578,22.309999465942383,21.809999465942383,21.979999542236328,21.266870498657227,244800
2024-11-05,21.889999389648438,22.3700008392334,21.889999389648438,22.239999771118164,21.518434524536133,346600
2024-11-06,23.299999237060547,25.1200008392334,23.280000686645508,24.75,23.947002410888672,722700
2024-11-07,24.739999771118164,24.959999084472656,24.239999771118164,24.760000228881836,23.95667839050293,458500
2024-11-08,24.799999237060547,25.290000915527344,24.690000534057617,24.93000030517578,24.12116241455078,443600
2024-11-11,25.100000381469727,25.600000381469727,24.950000762939453,25.43000030517578,24.604936599731445,589500
2024-11-12,25.309999465942383,25.520000457763672,24.850000381469727,24.8700008392334,24.063106536865234,491600
2024-11-13,26.0,29.469999313354492,25.75,27.959999084472656,27.052854537963867,971000
2024-11-14,27.959999084472656,28.360000610351562,25.959999084472656,26.299999237060547,25.446712493896484,585300
2024-11-15,26.479999542236328,26.719999313354492,26.149999618530273,26.549999237060547,25.6885986328125,404600
2024-11-18,26.489999771118164,26.90999984741211,26.420000076293945,26.809999465942383,25.94016456604004,294000
2024-11-19,26.690000534057617,26.690000534057617,26.31999969482422,26.399999618530273,25.543468475341797,328200
2024-11-20,26.5,26.549999237060547,26.139999389648438,26.43000030517578,25.57249641418457,582000
2024-11-21,26.43000030517578,27.18000030517578,26.3700008392334,26.81999969482422,25.949840545654297,752800
2024-11-22,27.079999923706055,27.489999771118164,27.030000686645508,27.329999923706055,26.44329261779785,404100
2024-11-25,27.489999771118164,28.040000915527344,27.479999542236328,27.719999313354492,26.82063865661621,528900
2024-11-26,27.579999923706055,28.139999389648438,27.190000534057617,27.3799991607666,26.491670608520508,302800
2024-11-27,27.489999771118164,27.770000457763672,27.059999465942383,27.6299991607666,26.733562469482422,289100
2024-11-29,27.860000610351562,27.860000610351562,27.1200008392334,27.450000762939453,26.55940055847168,188100
2024-12-02,27.450000762939453,27.90999984741211,27.030000686645508,27.809999465942383,27.035757064819336,666500
2024-12-03,27.739999771118164,27.75,27.1299991607666,27.34000015258789,26.57884407043457,340000
2024-12-04,27.280000686645508,27.84000015258789,27.270000457763672,27.360000610351562,26.59828758239746,416500
2024-12-05,27.260000228881836,27.43000030517578,27.09000015258789,27.239999771118164,26.481626510620117,246200
2024-12-06,27.360000610351562,27.389999389648438,26.639999389648438,26.8799991607666,26.13164710998535,284700
2024-12-09,26.940000534057617,27.209999084472656,26.68000030517578,26.860000610351562,26.112205505371094,289300
2024-12-10,26.829999923706055,27.81999969482422,26.549999237060547,27.530000686645508,26.763551712036133,386300
2024-12-11,27.8799991607666,28.31999969482422,27.399999618530273,27.6200008392334,26.851049423217773,426100
2024-12-12,27.56999969482422,27.639999389648438,27.079999923706055,27.309999465942383,26.5496768951416,398700
2024-12-13,27.229999542236328,27.549999237060547,27.079999923706055,27.350000381469727,26.58856773376465,323600
2024-12-16,27.5,28.09000015258789,27.1200008392334,28.079999923706055,27.298240661621094,390600
2024-12-17,28.049999237060547,28.25,27.329999923706055,27.329999923706055,26.569122314453125,504100
2024-12-18,27.530000686645508,27.81999969482422,25.899999618530273,26.25,25.519189834594727,442500
2024-12-19,26.389999389648438,26.84000015258789,26.239999771118164,26.700000762939453,25.956663131713867,500400
2024-12-20,26.270000457763672,26.780000686645508,25.950000762939453,26.1200008392334,25.39280891418457,2429800
2024-12-23,26.100000381469727,26.420000076293945,25.8799991607666,26.1200008392334,25.39280891418457,394400
2024-12-24,26.1200008392334,26.600000381469727,26.040000915527344,26.59000015258789,25.8497257232666,175800
2024-12-26,26.440000534057617,26.790000915527344,26.389999389648438,26.75,26.005268096923828,191500
2024-12-27,26.6299991607666,26.729999542236328,26.059999465942383,26.309999465942383,25.577518463134766,222400
2024-12-30,26.100000381469727,26.440000534057617,25.950000762939453,26.229999542236328,25.499746322631836,237000
2024-12-31,26.399999618530273,26.8799991607666,26.200000762939453,26.469999313354492,25.733060836791992,306100
2025-01-02,26.540000915527344,26.780000686645508,25.959999084472656,26.1299991607666,25.402528762817383,371500
2025-01-03,26.1299991607666,26.299999237060547,25.770000457763672,26.059999465942383,25.3344783782959,284100
2025-01-06,26.0,26.1200008392334,25.549999237060547,25.68000030517578,24.965057373046875,336400
2025-01-07,25.68000030517578,26.040000915527344,25.34000015258789,25.690000534057617,24.974781036376953,717400
2025-01-08,25.579999923706055,26.6299991607666,25.579999923706055,26.3799991607666,25.645570755004883,713800
2025-01-10,26.0,26.270000457763672,25.739999771118164,25.8700008392334,25.149770736694336,324500
2025-01-13,25.780000686645508,26.239999771118164,25.479999542236328,26.209999084472656,25.480304718017578,251400
2025-01-14,26.459999084472656,26.81999969482422,26.350000381469727,26.780000686645508,26.034435272216797,242300
2025-01-15,27.34000015258789,27.450000762939453,26.920000076293945,27.209999084472656,26.452463150024414,264400
2025-01-16,27.09000015258789,27.600000381469727,27.09000015258789,27.329999923706055,26.569122314453125,267200
2025-01-17,27.700000762939453,27.760000228881836,27.290000915527344,27.670000076293945,26.899656295776367,576800
2025-01-21,27.549999237060547,28.170000076293945,27.549999237060547,27.8799991607666,27.103809356689453,512600
2025-01-22,27.799999237060547,27.860000610351562,27.389999389648438,27.81999969482422,27.04547882080078,399000
2025-01-23,27.780000686645508,28.299999237060547,27.75,28.100000381469727,27.317686080932617,436100
2025-01-24,27.989999771118164,28.360000610351562,27.799999237060547,28.309999465942383,27.521841049194336,264300
2025-01-27,28.299999237060547,28.8700008392334,28.030000686645508,28.1200008392334,27.337127685546875,426600
2025-01-28,28.030000686645508,28.450000762939453,28.0,28.43000030517578,27.638498306274414,380400
2025-01-29,28.489999771118164,28.579999923706055,28.030000686645508,28.18000030517578,27.395462036132812,305100
2025-01-30,28.280000686645508,28.850000381469727,28.280000686645508,28.649999618530273,27.85236930847168,238900
2025-01-31,28.739999771118164,28.920000076293945,28.399999618530273,28.780000686645508,27.9787540435791,380800
2025-02-03,28.149999618530273,28.8700008392334,28.149999618530273,28.65999984741211,27.862092971801758,336300
2025-02-04,28.479999542236328,28.969999313354492,28.190000534057617,28.950000762939453,28.144020080566406,287100
2025-02-05,28.950000762939453,29.280000686645508,28.81999969482422,29.149999618530273,28.338451385498047,339600
2025-02-06,29.200000762939453,29.209999084472656,27.75,28.31999969482422,27.53156089782715,458500
2025-02-07,28.389999389648438,28.579999923706055,28.149999618530273,28.420000076293945,27.628774642944336,424100
2025-02-10,28.420000076293945,28.549999237060547,28.020000457763672,28.450000762939453,27.657941818237305,350500
2025-02-11,28.200000762939453,28.5,27.950000762939453,28.389999389648438,27.599611282348633,336400
2025-02-12,28.030000686645508,28.389999389648438,27.920000076293945,28.190000534057617,27.40517807006836,251200
2025-02-13,28.260000228881836,28.510000228881836,28.079999923706055,28.299999237060547,27.512115478515625,264000
2025-02-14,28.450000762939453,28.639999389648438,28.1299991607666,28.459999084472656,27.667661666870117,454200
2025-02-18,28.600000381469727,28.959999084472656,28.09000015258789,28.809999465942383,28.007917404174805,757400
2025-02-19,28.799999237060547,29.84000015258789,27.079999923706055,27.110000610351562,26.355247497558594,956800
2025-02-20,26.979999542236328,27.639999389648438,26.43000030517578,27.170000076293945,26.413576126098633,659700
2025-02-21,27.389999389648438,27.780000686645508,25.93000030517578,25.969999313354492,25.24698257446289,674200
2025-02-24,26.209999084472656,26.56999969482422,25.670000076293945,26.1200008392334,25.39280891418457,676500
2025-02-25,26.170000076293945,26.290000915527344,25.469999313354492,25.489999771118164,24.78034782409668,567900
2025-02-26,25.31999969482422,26.239999771118164,25.309999465942383,25.889999389648438,25.169212341308594,575900
2025-02-27,25.850000381469727,26.020000457763672,25.229999542236328,25.270000457763672,24.56647491455078,499500
2025-02-28,25.25,25.799999237060547,25.1299991607666,25.600000381469727,25.015975952148438,578300
2025-03-03,25.719999313354492,26.020000457763672,25.510000228881836,25.639999389648438,25.05506706237793,604300
2025-03-04,25.40999984741211,25.989999771118164,25.110000610351562,25.799999237060547,25.211414337158203,887200
2025-03-05,25.729999542236328,26.25,25.639999389648438,25.65999984741211,25.074607849121094,794000
2025-03-06,25.360000610351562,25.760000228881836,24.93000030517578,24.93000030517578,24.36126136779785,676900
2025-03-07,24.889999389648438,25.5,23.920000076293945,25.299999237060547,24.722822189331055,760600
2025-03-10,25.010000228881836,25.56999969482422,24.809999465942383,25.329999923706055,24.752138137817383,654000
2025-03-11,25.360000610351562,25.760000228881836,25.139999389648438,25.170000076293945,24.595788955688477,646300
2025-03-12,25.270000457763672,25.389999389648438,24.34000015258789,24.34000015258789,23.78472328186035,483800
2025-03-13,24.290000915527344,24.360000610351562,23.8700008392334,24.209999084472656,23.65768814086914,499400
2025-03-14,24.399999618530273,24.790000915527344,24.290000915527344,24.600000381469727,24.03879165649414,400900
2025-03-17,24.540000915527344,25.020000457763672,24.309999465942383,24.90999984741211,24.341720581054688,615400
2025-03-18,24.649999618530273,24.84000015258789,24.219999313354492,24.280000686645508,23.726093292236328,572500
2025-03-19,24.15999984741211,24.940000534057617,24.15999984741211,24.799999237060547,24.234228134155273,590400
2025-03-20,24.1299991607666,24.8799991607666,24.1299991607666,24.479999542236328,23.92152976989746,627100
2025-03-21,24.389999389648438,24.790000915527344,24.079999923706055,24.579999923706055,24.019248962402344,3755500
2025-03-24,24.989999771118164,25.459999084472656,24.6299991607666,25.290000915527344,24.713050842285156,569400
2025-03-25,24.950000762939453,25.3700008392334,24.809999465942383,25.200000762939453,24.625104904174805,346000
2025-03-26,25.309999465942383,25.690000534057617,24.989999771118164,25.25,24.67396354675293,323300
2025-03-27,25.209999084472656,25.739999771118164,25.049999237060547,25.690000534057617,25.103925704956055,265900
2025-03-28,25.75,25.75,25.190000534057617,25.43000030517578,24.849857330322266,292100
2025-03-31,25.09000015258789,25.459999084472656,24.81999969482422,25.18000030517578,24.605560302734375,654100
2025-04-01,25.059999465942383,26.1299991607666,24.809999465942383,26.1200008392334,25.52411651611328,592600
2025-04-02,25.780000686645508,26.579999923706055,25.780000686645508,26.549999237060547,25.944303512573242,491100
2025-04-03,25.600000381469727,26.110000610351562,25.0,25.93000030517578,25.338451385498047,711500
2025-04-04,24.770000457763672,25.639999389648438,24.6200008392334,25.489999771118164,24.90848731994629,948700
2025-04-07,24.860000610351562,25.950000762939453,24.049999237060547,25.299999237060547,24.722822189331055,821600
2025-04-08,25.84000015258789,25.979999542236328,24.649999618530273,24.979999542236328,24.41012191772461,659500
2025-04-09,24.8799991607666,26.780000686645508,24.43000030517578,26.200000762939453,25.602293014526367,820300
2025-04-10,25.790000915527344,26.549999237060547,25.420000076293945,25.770000457763672,25.18210220336914,633600
2025-04-11,25.90999984741211,25.959999084472656,25.299999237060547,25.81999969482422,25.230958938598633,459200
2025-04-14,25.989999771118164,26.110000610351562,25.420000076293945,25.799999237060547,25.211414337158203,418600
2025-04-15,25.770000457763672,26.260000228881836,25.389999389648438,25.93000030517578,25.338451385498047,351000
2025-04-16,26.420000076293945,26.420000076293945,25.649999618530273,25.8700008392334,25.27981948852539,492500
2025-04-17,25.790000915527344,26.09000015258789,25.079999923706055,25.270000457763672,24.69350814819336,597400
2025-04-21,25.200000762939453,25.389999389648438,24.229999542236328,24.239999771118164,23.687002182006836,423600
2025-04-22,24.43000030517578,25.059999465942383,24.290000915527344,24.8799991607666,24.312402725219727,760200
2025-04-23,25.43000030517578,25.93000030517578,24.860000610351562,24.90999984741211,24.341720581054688,470200
2025-04-24,24.940000534057617,25.3700008392334,24.760000228881836,24.770000457763672,24.204914093017578,399500
2025-04-25,24.81999969482422,25.0,24.459999084472656,24.920000076293945,24.351490020751953,436500
2025-04-28,25.440000534057617,26.110000610351562,24.65999984741211,24.969999313354492,24.40035057067871,522300
2025-04-29,24.850000381469727,25.25,24.739999771118164,25.219999313354492,24.6446475982666,262700
2025-04-30,25.06999969482422,25.260000228881836,24.6299991607666,25.1200008392334,24.54692840576172,562200
2025-05-01,25.010000228881836,25.40999984741211,24.84000015258789,25.170000076293945,24.595788955688477,463100
2025-05-02,27.030000686645508,30.959999084472656,26.219999313354492,30.829999923706055,30.126665115356445,1346400
2025-05-05,30.479999542236328,31.149999618530273,29.989999771118164,30.84000015258789,30.136436462402344,871600
2025-05-06,30.5,31.020000457763672,30.389999389648438,30.5,29.8041934967041,709200
2025-05-07,30.860000610351562,31.219999313354492,30.31999969482422,30.350000381469727,29.657615661621094,534400
2025-05-08,30.420000076293945,30.709999084472656,30.110000610351562,30.1299991607666,29.442630767822266,397000
2025-05-09,30.360000610351562,31.110000610351562,30.260000228881836,31.059999465942383,30.351415634155273,479300
2025-05-12,31.84000015258789,32.029998779296875,30.3700008392334,31.079999923706055,30.370960235595703,526900
2025-05-13,31.149999618530273,31.489999771118164,30.899999618530273,31.309999465942383,30.595714569091797,426800
2025-05-14,31.25,31.84000015258789,30.809999465942383,30.90999984741211,30.2048397064209,468600
2025-05-15,30.940000534057617,31.309999465942383,30.860000610351562,31.219999313354492,30.507766723632812,355200
2025-05-16,31.25,31.510000228881836,31.100000381469727,31.350000381469727,30.634803771972656,324500
2025-05-19,31.0,31.43000030517578,30.940000534057617,31.360000610351562,30.644575119018555,408800
2025-05-20,31.229999542236328,31.420000076293945,30.920000076293945,31.31999969482422,30.605487823486328,1243100
2025-05-21,31.030000686645508,31.329999923706055,30.719999313354492,30.940000534057617,30.234155654907227,550500
2025-05-22,30.829999923706055,31.100000381469727,30.549999237060547,30.729999542236328,30.028947830200195,572200
2025-05-23,30.40999984741211,31.170000076293945,30.270000457763672,31.030000686645508,30.322101593017578,591900
2025-05-27,31.260000228881836,32.08000183105469,31.020000457763672,32.029998779296875,31.299287796020508,570900
2025-05-28,31.8799991607666,33.11000061035156,31.81999969482422,33.09000015258789,32.335105895996094,665900
2025-05-29,33.16999816894531,33.470001220703125,32.79999923706055,32.95000076293945,32.198299407958984,705700
2025-05-30,32.720001220703125,34.2400016784668,32.65999984741211,34.040000915527344,33.39519119262695,782300
2025-06-02,33.779998779296875,34.11000061035156,33.29999923706055,34.099998474121094,33.45405197143555,727700
2025-06-03,34.0,34.599998474121094,33.09000015258789,33.77000045776367,33.13030242919922,873700
2025-06-04,33.68000030517578,34.13999938964844,33.310001373291016,33.310001373291016,32.679019927978516,393200
2025-06-05,33.2400016784668,33.31999969482422,32.599998474121094,33.27000045776367,32.63977813720703,501300
2025-06-06,33.650001525878906,33.66999816894531,32.900001525878906,33.0,32.37489318847656,591200
2025-06-09,33.130001068115234,33.130001068115234,31.170000076293945,32.27000045776367,31.65871810913086,814600
2025-06-10,32.279998779296875,32.459999084472656,31.520000457763672,31.770000457763672,31.168190002441406,684200
2025-06-11,31.969999313354492,32.43000030517578,31.8799991607666,32.189998626708984,31.580230712890625,519000
2025-06-12,32.0,32.34000015258789,31.809999465942383,31.8799991607666,31.276103973388672,670300
2025-06-13,31.15999984741211,31.860000610351562,31.139999389648438,31.850000381469727,31.246673583984375,672100
2025-06-16,32.06999969482422,32.650001525878906,31.809999465942383,31.829999923706055,31.227052688598633,498900
2025-06-17,31.549999237060547,31.969999313354492,31.290000915527344,31.760000228881836,31.15837860107422,591400
2025-06-18,31.760000228881836,32.31999969482422,31.760000228881836,32.29999923706055,31.68815040588379,535700
2025-06-20,32.4900016784668,32.68000030517578,32.11000061035156,32.18000030517578,31.57042121887207,953600
2025-06-23,32.25,33.060001373291016,31.700000762939453,33.04999923706055,32.423946380615234,463200
2025-06-24,33.220001220703125,33.439998626708984,32.4900016784668,32.61000061035156,31.992277145385742,338000
2025-06-25,32.45000076293945,32.529998779296875,32.0099983215332,32.06999969482422,31.462505340576172,445200
2025-06-26,32.22999954223633,32.45000076293945,31.719999313354492,32.400001525878906,31.786256790161133,484300
2025-06-27,32.38999938964844,33.060001373291016,32.04999923706055,32.97999954223633,32.35526657104492,1377400
2025-06-30,33.04999923706055,33.16999816894531,32.29999923706055,32.689998626708984,32.070762634277344,693900
2025-07-01,32.66999816894531,32.959999084472656,32.22999954223633,32.560001373291016,31.943227767944336,735500
2025-07-02,32.560001373291016,32.58000183105469,31.030000686645508,31.600000381469727,31.00140953063965,652100
2025-07-03,31.649999618530273,32.040000915527344,30.979999542236328,32.02000045776367,31.413454055786133,474000
2025-07-07,31.65999984741211,31.860000610351562,30.799999237060547,30.979999542236328,30.39315414428711,689200
2025-07-08,31.09000015258789,31.389999389648438,30.09000015258789,30.280000686645508,29.70641326904297,711600
2025-07-09,30.399999618530273,30.459999084472656,29.610000610351562,30.020000457763672,29.451337814331055,695000
2025-07-10,29.8700008392334,30.299999237060547,29.350000381469727,29.530000686645508,28.97062110900879,638800
2025-07-11,29.579999923706055,29.780000686645508,28.959999084472656,29.309999465942383,28.75478744506836,604700
2025-07-14,29.389999389648438,29.549999237060547,29.049999237060547,29.1200008392334,28.568387985229492,499700
2025-07-15,29.200000762939453,29.40999984741211,28.899999618530273,29.329999923706055,28.774410247802734,577700
2025-07-16,29.31999969482422,29.690000534057617,29.030000686645508,29.260000228881836,28.70573616027832,681900
2025-07-17,29.270000457763672,29.719999313354492,28.950000762939453,29.709999084472656,29.1472110748291,692200
2025-07-18,29.850000381469727,30.049999237060547,29.549999237060547,29.649999618530273,29.088348388671875,1256400
2025-07-21,29.770000457763672,29.989999771118164,28.31999969482422,28.959999084472656,28.41141700744629,651300
2025-07-22,28.950000762939453,29.139999389648438,28.59000015258789,28.75,28.205394744873047,770200
2025-07-23,28.790000915527344,28.84000015258789,28.229999542236328,28.75,28.205394744873047,683600
2025-07-24,28.75,28.84000015258789,28.270000457763672,28.530000686645508,27.989564895629883,552800
2025-07-25,28.600000381469727,28.639999389648438,28.299999237060547,28.450000762939453,27.911081314086914,589300
2025-07-28,28.350000381469727,28.739999771118164,27.639999389648438,28.389999389648438,27.852216720581055,618700
2025-07-29,28.56999969482422,28.709999084472656,28.280000686645508,28.559999465942383,28.01899528503418,539000
2025-07-30,28.639999389648438,28.90999984741211,28.350000381469727,28.649999618530273,28.107290267944336,587000
2025-07-31,28.510000228881836,28.940000534057617,28.270000457763672,28.780000686645508,28.23482894897461,828500
2025-08-01,29.889999389648438,31.049999237060547,29.309999465942383,29.700000762939453,29.137401580810547,1364800
2025-08-04,29.6200008392334,29.770000457763672,27.8700008392334,28.079999923706055,27.54808807373047,1158200
2025-08-05,28.139999389648438,29.389999389648438,27.899999618530273,29.309999465942383,28.75478744506836,1386100
2025-08-06,29.389999389648438,31.309999465942383,29.3799991607666,31.280000686645508,30.68747329711914,1239300
2025-08-07,31.219999313354492,31.31999969482422,30.219999313354492,30.860000610351562,30.275428771972656,1054000
2025-08-08,30.829999923706055,31.40999984741211,30.360000610351562,31.239999771118164,30.648229598999023,836900
2025-08-11,31.1299991607666,31.639999389648438,30.700000762939453,30.90999984741211,30.324478149414062,859100
2025-08-12,30.899999618530273,32.060001373291016,30.489999771118164,31.969999313354492,31.36440086364746,817000
2025-08-13,32.099998474121094,32.41999816894531,31.600000381469727,32.09000015258789,31.482128143310547,706500
2025-08-14,32.04999923706055,32.279998779296875,31.56999969482422,31.940000534057617,31.334970474243164,546800
2025-08-15,32.0099983215332,32.0099983215332,31.479999542236328,31.790000915527344,31.18781089782715,686000
2025-08-18,31.709999084472656,32.029998779296875,31.5,31.8700008392334,31.26629638671875,564800
2025-08-19,31.8700008392334,32.5,31.770000457763672,32.47999954223633,31.8647403717041,532600
2025-08-20,32.5,32.599998474121094,32.04999923706055,32.34000015258789,31.727392196655273,516400
2025-08-21,32.380001068115234,32.86000061035156,32.380001068115234,32.790000915527344,32.16886901855469,582500
2025-08-22,33.0,33.869998931884766,32.599998474121094,33.369998931884766,32.73788070678711,852600
2025-08-25,33.369998931884766,33.599998474121094,32.849998474121094,33.060001373291016,32.43375778198242,576300
2025-08-26,32.880001068115234,32.91999816894531,32.40999984741211,32.599998474121094,31.982465744018555,479000
2025-08-27,32.5099983215332,33.150001525878906,32.310001373291016,32.849998474121094,32.22772979736328,588400
2025-08-28,32.81999969482422,33.04999923706055,32.52000045776367,32.849998474121094,32.22772979736328,458000
2025-08-29,32.95000076293945,32.959999084472656,32.4900016784668,32.7400016784668,32.11981964111328,520600
2025-09-02,32.56999969482422,32.869998931884766,32.529998779296875,32.810001373291016,32.33664321899414,459500
2025-09-03,32.650001525878906,33.099998474121094,32.650001525878906,32.900001525878906,32.42534637451172,527500
2025-09-04,33.029998779296875,33.279998779296875,32.70000076293945,32.880001068115234,32.40563201904297,441000
2025-09-05,32.880001068115234,33.2400016784668,32.380001068115234,32.91999816894531,32.44505310058594,474500
2025-09-08,32.959999084472656,33.529998779296875,32.59000015258789,33.4900016784668,33.0068359375,393000
2025-09-09,33.5,33.56999969482422,33.11000061035156,33.349998474121094,32.86885070800781,468300
2025-09-10,33.369998931884766,33.41999816894531,32.68000030517578,33.31999969482422,32.83928298950195,506400
2025-09-11,33.41999816894531,34.849998474121094,33.29999923706055,34.77000045776367,34.26836395263672,488000
2025-09-12,34.630001068115234,35.150001525878906,34.38999938964844,34.83000183105469,34.32749938964844,523700
2025-09-15,34.790000915527344,35.130001068115234,34.209999084472656,34.95000076293945,34.445770263671875,534600
2025-09-16,34.63999938964844,35.400001525878906,34.20000076293945,35.130001068115234,34.623172760009766,496600
2025-09-17,35.040000915527344,35.630001068115234,34.95000076293945,35.31999969482422,34.810428619384766,450800
2025-09-18,35.29999923706055,35.779998779296875,35.06999969482422,35.54999923706055,35.037109375,572300
2025-09-19,35.77000045776367,35.900001525878906,34.869998931884766,34.939998626708984,34.435909271240234,1676300
2025-09-22,35.11000061035156,35.95000076293945,34.86000061035156,35.880001068115234,35.36235046386719,603500
2025-09-23,35.81999969482422,36.02000045776367,35.59000015258789,35.68000030517578,35.16523742675781,429400
2025-09-24,35.7400016784668,36.18000030517578,35.459999084472656,35.869998931884766,35.35249328613281,433300
2025-09-25,35.959999084472656,36.599998474121094,35.810001373291016,36.58000183105469,36.052249908447266,360100
2025-09-26,36.54999923706055,37.130001068115234,36.5,37.0,36.466190338134766,329800
2025-09-29,37.04999923706055,37.880001068115234,36.97999954223633,37.529998779296875,36.98854446411133,499100
2025-09-30,37.40999984741211,37.70000076293945,36.970001220703125,37.65999984741211,37.116668701171875,572900
2025-10-01,37.689998626708984,38.02000045776367,37.02000045776367,37.16999816894531,36.63373565673828,467600
2025-10-02,37.130001068115234,37.439998626708984,36.65999984741211,37.150001525878906,36.61402893066406,359300
2025-10-03,37.150001525878906,37.619998931884766,36.5099983215332,36.599998474121094,36.07196044921875,371700
2025-10-06,36.5099983215332,36.88999938964844,35.779998779296875,35.90999984741211,35.39191818237305,615500
2025-10-07,35.83000183105469,35.91999816894531,34.290000915527344,34.630001068115234,34.1303825378418,636600
2025-10-08,34.77000045776367,35.18000030517578,34.599998474121094,35.099998474121094,34.59360122680664,333500
2025-10-09,35.06999969482422,35.279998779296875,34.77000045776367,34.79999923706055,34.29793167114258,392900
2025-10-10,34.849998474121094,35.029998779296875,34.290000915527344,34.619998931884766,34.12052536010742,278500
2025-10-13,34.720001220703125,34.95000076293945,34.349998474121094,34.5,34.00225830078125,281800
2025-10-14,34.29999923706055,35.11000061035156,34.279998779296875,34.900001525878906,34.396488189697266,395100
2025-10-15,34.77000045776367,35.7599983215332,34.59000015258789,35.09000015258789,34.58374786376953,453200
2025-10-16,35.0099983215332,35.380001068115234,34.54999923706055,34.810001373291016,34.30778884887695,410300
2025-10-17,34.83000183105469,35.22999954223633,34.560001373291016,35.11000061035156,34.603458404541016,354300
2025-10-20,35.439998626708984,35.849998474121094,35.029998779296875,35.70000076293945,35.1849479675293,309200
2025-10-21,35.70000076293945,36.52000045776367,35.13999938964844,36.43000030517578,35.904415130615234,328000
2025-10-22,36.58000183105469,36.91999816894531,36.08000183105469,36.459999084472656,35.933982849121094,400600
2025-10-23,36.45000076293945,37.02000045776367,36.18000030517578,36.83000183105469,36.29864501953125,239700
2025-10-24,36.83000183105469,37.150001525878906,36.630001068115234,36.880001068115234,36.347923278808594,250700
2025-10-27,36.40999984741211,37.220001220703125,36.40999984741211,37.029998779296875,36.495758056640625,621600
2025-10-28,36.880001068115234,37.09000015258789,36.400001525878906,36.689998626708984,36.16066360473633,261600
2025-10-29,36.36000061035156,36.36000061035156,34.29999923706055,34.63999938964844,34.14023971557617,615500
2025-10-30,34.9900016784668,35.869998931884766,34.849998474121094,35.290000915527344,34.78086471557617,528000
2025-10-31,35.04999923706055,35.04999923706055,31.489999771118164,31.760000228881836,31.301790237426758,1156200
2025-11-03,31.8700008392334,31.93000030517578,30.520000457763672,30.889999389648438,30.4443416595459,990900
2025-11-04,31.020000457763672,31.510000228881836,30.469999313354492,31.010000228881836,30.562610626220703,999400
2025-11-05,33.0,33.689998626708984,29.25,30.399999618530273,29.961410522460938,1015300
2025-11-06,29.56999969482422,30.56999969482422,29.309999465942383,29.790000915527344,29.360214233398438,1143100
2025-11-07,30.0,31.100000381469727,29.649999618530273,30.1299991607666,29.69530487060547,1050400
2025-11-10,30.209999084472656,31.100000381469727,29.899999618530273,30.690000534057617,30.247228622436523,708800
2025-11-11,30.690000534057617,31.6299991607666,30.639999389648438,31.530000686645508,31.075109481811523,577300
2025-11-12,31.420000076293945,31.68000030517578,31.190000534057617,31.290000915527344,30.838571548461914,646200
2025-11-13,31.299999237060547,31.450000762939453,30.68000030517578,31.229999542236328,30.779436111450195,971900
2025-11-14,31.059999465942383,31.510000228881836,30.81999969482422,31.1200008392334,30.671024322509766,523200
2025-11-17,30.68000030517578,31.170000076293945,29.860000610351562,30.1299991607666,29.69530487060547,1070400
2025-11-18,30.149999618530273,31.040000915527344,29.40999984741211,29.639999389648438,29.21237564086914,971600
2025-11-19,29.639999389648438,29.81999969482422,29.219999313354492,29.530000686645508,29.10396385192871,674500
2025-11-20,29.75,30.049999237060547,29.149999618530273,29.170000076293945,28.749156951904297,804100
2025-11-21,29.170000076293945,29.3799991607666,28.479999542236328,28.790000915527344,28.3746395111084,1098600
2025-11-24,28.75,29.329999923706055,26.65999984741211,27.40999984741211,27.01454734802246,1578400
2025-11-25,27.700000762939453,28.450000762939453,27.639999389648438,27.920000076293945,27.51719093322754,1231500
2025-11-26,27.920000076293945,28.3799991607666,27.780000686645508,27.950000762939453,27.5467586517334,1055400
2025-11-28,27.799999237060547,28.3799991607666,27.559999465942383,27.959999084472656,27.705299377441406,487100
2025-12-01,27.75,28.389999389648438,27.56999969482422,27.829999923706055,27.57648468017578,841800
2025-12-02,27.950000762939453,28.850000381469727,27.68000030517578,28.600000381469727,28.3394718170166,1059500
2025-12-03,28.600000381469727,29.030000686645508,28.280000686645508,28.389999389648438,28.131383895874023,928900
2025-12-04,28.450000762939453,28.780000686645508,28.280000686645508,28.520000457763672,28.26020050048828,503000
2025-12-05,28.389999389648438,28.59000015258789,27.8700008392334,28.239999771118164,27.982749938964844,955800
2025-12-08,28.239999771118164,28.59000015258789,27.8700008392334,28.229999542236328,27.972841262817383,768000
2025-12-09,28.190000534057617,28.40999984741211,27.81999969482422,28.200000762939453,27.943115234375,690700
2025-12-10,28.389999389648438,28.729999542236328,28.18000030517578,28.389999389648438,28.131383895874023,717200
2025-12-11,28.559999465942383,28.920000076293945,28.399999618530273,28.709999084472656,28.448469161987305,648700
2025-12-12,28.81999969482422,29.260000228881836,28.469999313354492,28.8700008392334,28.607011795043945,827000
2025-12-15,29.09000015258789,29.84000015258789,28.860000610351562,29.06999969482422,28.80518913269043,1061900
2025-12-16,29.079999923706055,29.649999618530273,28.93000030517578,29.489999771118164,29.221363067626953,926300
2025-12-17,29.489999771118164,29.780000686645508,28.6299991607666,28.8700008392334,28.607011795043945,983600
2025-12-18,29.020000457763672,29.610000610351562,28.780000686645508,29.139999389648438,28.87455177307129,652600
2025-12-19,29.010000228881836,29.850000381469727,29.010000228881836,29.31999969482422,29.05291175842285,1728000
2025-12-22,29.270000457763672,29.860000610351562,29.190000534057617,29.510000228881836,29.241182327270508,501000
2025-12-23,29.549999237060547,29.969999313354492,29.510000228881836,29.729999542236328,29.459177017211914,621100
2025-12-24,29.59000015258789,29.889999389648438,29.530000686645508,29.719999313354492,29.449268341064453,204200
2025-12-26,29.770000457763672,29.829999923706055,29.489999771118164,29.770000457763672,29.49881362915039,274200
2025-12-29,29.770000457763672,29.989999771118164,29.600000381469727,29.81999969482422,29.548357009887695,354600
2025-12-30,29.729999542236328,29.979999542236328,29.729999542236328,29.84000015258789,29.56817626953125,371100
2025-12-31,29.799999237060547,29.799999237060547,29.290000915527344,29.329999923706055,29.062822341918945,496500
2026-01-02,29.299999237060547,29.639999389648438,29.010000228881836,29.100000381469727,28.834915161132812,433700
2026-01-05,29.3799991607666,31.65999984741211,29.079999923706055,31.170000076293945,30.88606071472168,762100
2026-01-06,30.90999984741211,31.6299991607666,30.549999237060547,31.579999923706055,31.29232406616211,574100
2026-01-07,31.649999618530273,31.729999542236328,31.170000076293945,31.469999313354492,31.183326721191406,699200
2026-01-08,31.3799991607666,32.15999984741211,31.3799991607666,32.13999938964844,31.84722328186035,527900
2026-01-09,32.02000045776367,32.41999816894531,31.65999984741211,32.13999938964844,31.84722328186035,431900
2026-01-12,32.130001068115234,32.400001525878906,31.81999969482422,31.979999542236328,31.688682556152344,421900
2026-01-13,32.08000183105469,32.15999984741211,31.469999313354492,31.600000381469727,31.31214141845703,338800
2026-01-14,31.549999237060547,31.84000015258789,30.84000015258789,30.969999313354492,30.687881469726562,418700
2026-01-15,31.110000610351562,32.02000045776367,31.079999923706055,31.809999465942383,31.52022933959961,439900
2026-01-16,31.670000076293945,31.850000381469727,31.229999542236328,31.56999969482422,31.28241539001465,384900
2026-01-20,31.5,31.75,31.290000915527344,31.610000610351562,31.322052001953125,314400
2026-01-21,31.770000457763672,32.5,31.639999389648438,32.400001525878906,32.104854583740234,292000
2026-01-22,32.619998931884766,33.130001068115234,32.29999923706055,32.619998931884766,32.32284927368164,513900
2026-01-23,32.380001068115234,32.630001068115234,31.780000686645508,32.04999923706055,31.75804328918457,223800
2026-01-26,31.959999084472656,32.369998931884766,31.459999084472656,31.81999969482422,31.53013801574707,424300
2026-01-27,31.8700008392334,32.18000030517578,31.479999542236328,31.649999618530273,31.36168670654297,341700
2026-01-28,32.20000076293945,32.7400016784668,31.709999084472656,31.790000915527344,31.500411987304688,332800
2026-01-29,32.0099983215332,32.290000915527344,31.030000686645508,31.770000457763672,31.480594635009766,525700
2026-01-30,31.450000762939453,32.439998626708984,31.3700008392334,32.029998779296875,31.738224029541016,483900
2026-02-02,31.969999313354492,32.83000183105469,31.68000030517578,32.63999938964844,32.34267044067383,464000
2026-02-03,32.369998931884766,32.439998626708984,30.809999465942383,31.25,30.96533203125,482100
2026-02-04,31.229999542236328,31.75,30.8700008392334,31.440000534057617,31.153600692749023,323100
2026-02-05,31.540000915527344,32.15999984741211,31.270000457763672,31.65999984741211,31.371597290039062,374800
2026-02-06,31.809999465942383,32.09000015258789,31.6299991607666,31.709999084472656,31.421138763427734,368700
2026-02-09,31.610000610351562,31.610000610351562,31.079999923706055,31.31999969482422,31.03469467163086,297700
2026-02-10,31.15999984741211,31.729999542236328,31.09000015258789,31.270000457763672,30.985149383544922,391800
2026-02-11,31.440000534057617,31.469999313354492,30.459999084472656,30.469999313354492,30.19243621826172,409200
2026-02-12,30.579999923706055,30.709999084472656,29.690000534057617,30.469999313354492,30.19243621826172,517700
2026-02-13,30.31999969482422,31.65999984741211,30.229999542236328,31.43000030517578,31.14369010925293,455600
2026-02-17,31.540000915527344,31.8700008392334,31.389999389648438,31.790000915527344,31.500411987304688,598300
2026-02-18,31.950000762939453,32.43000030517578,31.549999237060547,31.940000534057617,31.649045944213867,378500
2026-02-19,31.809999465942383,32.119998931884766,31.059999465942383,31.530000686645508,31.242782592773438,820900
2026-02-20,32.779998779296875,33.66999816894531,31.969999313354492,32.84000015258789,32.54084777832031,1434600
2026-02-23,32.470001220703125,32.54999923706055,31.440000534057617,31.799999237060547,31.51032066345215,735400
2026-02-24,31.850000381469727,32.58000183105469,31.559999465942383,32.560001373291016,32.26340103149414,676900
2026-02-25,33.02000045776367,33.52000045776367,32.209999084472656,33.36000061035156,33.05611038208008,623700
2026-02-26,33.59000015258789,34.099998474121094,33.279998779296875,33.31999969482422,33.016475677490234,551300
2026-02-27,33.040000915527344,33.459999084472656,32.560001373291016,33.349998474121094,33.046199798583984,630700
2026-03-02,33.029998779296875,33.90999984741211,32.810001373291016,33.40999984741211,33.25522994995117,578300
2026-03-03,33.16999816894531,33.959999084472656,32.5,33.880001068115234,33.723052978515625,535100
2026-03-04,33.83000183105469,34.900001525878906,33.25,34.2400016784668,34.08138656616211,683500
2026-03-05,34.04999923706055,34.47999954223633,33.599998474121094,34.36000061035156,34.200828552246094,550700
2026-03-06,34.189998626708984,34.41999816894531,33.369998931884766,34.40999984741211,34.25059509277344,695300
2026-03-09,33.95000076293945,34.709999084472656,32.900001525878906,34.619998931884766,34.45962142944336,692800
2026-03-10,34.61000061035156,34.75,33.83000183105469,34.220001220703125,34.06147766113281,493900
2026-03-11,34.13999938964844,34.5099983215332,33.720001220703125,34.38999938964844,34.230690002441406,826500
2026-03-12,34.060001373291016,35.13999938964844,33.90999984741211,34.959999084472656,34.79804611206055,556800
2026-03-13,35.119998931884766,35.79999923706055,34.88999938964844,35.779998779296875,35.61425018310547,760500
2026-03-16,35.52000045776367,35.54999923706055,34.27000045776367,34.66999816894531,34.50939178466797,760800
2026-03-17,34.91999816894531,35.40999984741211,34.689998626708984,35.11000061035156,34.94735336303711,754300
2026-03-18,34.849998474121094,35.34000015258789,34.2599983215332,34.279998779296875,34.12119674682617,757800
2026-03-19,34.15999984741211,34.77000045776367,33.849998474121094,34.439998626708984,34.28045654296875,588200
2026-03-20,34.20000076293945,34.560001373291016,33.790000915527344,34.560001373291016,34.39990234375,2893400
2026-03-23,34.7400016784668,36.119998931884766,34.529998779296875,35.83000183105469,35.66402053833008,832300
2026-03-24,35.689998626708984,36.97999954223633,35.4900016784668,36.61000061035156,36.440406799316406,620900
2026-03-25,36.779998779296875,37.880001068115234,36.27000045776367,37.86000061035156,37.68461608886719,1080800
2026-03-26,37.5099983215332,38.5,37.5099983215332,37.88999938964844,37.714473724365234,757500
2026-03-27,37.619998931884766,38.0099983215332,37.150001525878906,37.22999954223633,37.057533264160156,697400
2026-03-30,37.41999816894531,37.709999084472656,36.459999084472656,37.18000030517578,37.00776672363281,716500
2026-03-31,37.540000915527344,37.84000015258789,36.7400016784668,37.209999084472656,37.03762435913086,581300
2026-04-01,37.34000015258789,37.9900016784668,37.2599983215332,37.7400016784668,37.56517028808594,548000
2026-04-02,37.56999969482422,37.70000076293945,36.90999984741211,37.529998779296875,37.356143951416016,413500
2026-04-06,37.45000076293945,38.09000015258789,37.15999984741211,37.95000076293945,37.77419662475586,369600
2026-04-07,37.91999816894531,37.959999084472656,36.869998931884766,36.970001220703125,36.79874038696289,659700
2026-04-08,37.439998626708984,37.779998779296875,36.45000076293945,36.709999084472656,36.539939880371094,701200
2026-04-09,36.5,36.61000061035156,35.540000915527344,35.70000076293945,35.53462219238281,549400
2026-04-10,35.54999923706055,35.619998931884766,34.439998626708984,35.380001068115234,35.216102600097656,557700
2026-04-13,35.380001068115234,35.779998779296875,34.31999969482422,34.7599983215332,34.59897232055664,615700
2026-04-14,34.7400016784668,35.119998931884766,34.630001068115234,35.029998779296875,34.86772155761719,405700
2026-04-15,35.029998779296875,35.22999954223633,34.709999084472656,35.119998931884766,34.957305908203125,502700
2026-04-16,35.06999969482422,35.65999984741211,35.02000045776367,35.470001220703125,35.305686950683594,520900
2026-04-17,35.689998626708984,36.63999938964844,35.470001220703125,36.31999969482422,36.15174865722656,555500
2026-04-20,36.27000045776367,36.91999816894531,36.27000045776367,36.40999984741211,36.2413330078125,445600
2026-04-21,36.41999816894531,36.630001068115234,35.56999969482422,35.66999816894531,35.504756927490234,471000
2026-04-22,35.779998779296875,36.13999938964844,35.369998931884766,36.11000061035156,35.94272232055664,450600
2026-04-23,36.040000915527344,36.29999923706055,33.040000915527344,33.52000045776367,33.36471939086914,723600
2026-04-24,33.56999969482422,34.0099983215332,31.8799991607666,32.349998474121094,32.200138092041016,828300
2026-04-27,32.43000030517578,32.970001220703125,32.380001068115234,32.86000061035156,32.70777893066406,662100
2026-04-28,33.220001220703125,33.900001525878906,32.869998931884766,33.81999969482422,33.663330078125,616800
2026-04-29,33.47999954223633,34.61000061035156,33.47999954223633,34.34000015258789,34.1809196472168,533700
2026-04-30,33.9900016784668,34.41999816894531,33.619998931884766,33.939998626708984,33.782772064208984,558400
2026-05-01,34.36000061035156,34.45000076293945,33.43000030517578,33.63999938964844,33.484161376953125,592200
2026-05-04,33.65999984741211,34.40999984741211,33.439998626708984,33.81999969482422,33.663330078125,610000
2026-05-05,33.83000183105469,35.02000045776367,33.72999954223633,34.75,34.589019775390625,445800
2026-05-06,34.900001525878906,34.900001525878906,33.95000076293945,34.11000061035156,33.951988220214844,366100
2026-05-07,34.279998779296875,34.68000030517578,33.970001220703125,34.439998626708984,34.28045654296875,386100
2026-05-08,35.70000076293945,36.25,34.70000076293945,36.040000915527344,35.873046875,708200
2026-05-11,36.040000915527344,36.56999969482422,35.36000061035156,35.630001068115234,35.46494674682617,763600
2026-05-12,35.880001068115234,36.20000076293945,34.939998626708984,35.119998931884766,34.957305908203125,718000
2026-05-13,35.119998931884766,35.5,34.400001525878906,34.91999816894531,34.75823211669922,515200
2026-05-14,35.099998474121094,35.66999816894531,34.869998931884766,35.029998779296875,34.86772155761719,500500
2026-05-15,35.040000915527344,35.09000015258789,33.790000915527344,34.0099983215332,33.852447509765625,608800
2026-05-18,34.20000076293945,34.9900016784668,34.099998474121094,34.66999816894531,34.50939178466797,911100
2026-05-19,34.66999816894531,34.939998626708984,33.54999923706055,33.88999938964844,33.73300552368164,861400
2026-05-20,33.779998779296875,34.11000061035156,33.0099983215332,33.810001373291016,33.653377532958984,1097500
2026-05-21,33.5099983215332,34.0099983215332,32.77000045776367,33.779998779296875,33.623512268066406,712200
2026-05-22,33.7400016784668,34.25,33.56999969482422,33.97999954223633,33.82258987426758,671200
2026-05-26,33.88999938964844,34.060001373291016,33.459999084472656,33.88999938964844,33.73300552368164,465700
2026-05-27,33.90999984741211,34.18000030517578,33.2599983215332,33.540000915527344,33.38462829589844,694400
2026-05-28,33.4900016784668,33.560001373291016,33.0,33.09000015258789,32.936710357666016,665300
2026-05-29,32.869998931884766,33.04999923706055,32.29999923706055,32.380001068115234,32.230003356933594,853100
2026-06-01,32.290000915527344,32.90999984741211,32.029998779296875,32.86000061035156,32.86000061035156,700700
2026-06-02,32.869998931884766,33.380001068115234,32.59000015258789,33.2599983215332,33.2599983215332,547000
2026-06-03,33.13999938964844,33.2400016784668,32.52000045776367,33.09000015258789,33.09000015258789,677800
2026-06-04,33.439998626708984,35.11000061035156,33.439998626708984,34.13999938964844,34.13999938964844,649800
2026-06-05,34.16999816894531,34.79999923706055,34.029998779296875,34.27000045776367,34.27000045776367,412300
2026-06-08,34.11000061035156,34.59000015258789,33.939998626708984,34.08000183105469,34.08000183105469,406000
2026-06-09,34.150001525878906,34.599998474121094,33.84000015258789,34.33000183105469,34.33000183105469,526300
2026-06-10,34.47999954223633,35.599998474121094,34.380001068115234,35.220001220703125,35.220001220703125,459100
2026-06-11,35.150001525878906,35.650001525878906,35.099998474121094,35.310001373291016,35.310001373291016,434700
2026-06-12,35.34000015258789,35.45000076293945,34.0099983215332,34.040000915527344,34.040000915527344,691200
2026-06-15,33.790000915527344,33.959999084472656,32.15999984741211,32.31999969482422,32.31999969482422,730500
2026-06-16,32.369998931884766,32.66999816894531,31.59000015258789,32.15999984741211,32.15999984741211,990400
2026-06-17,31.93000030517578,32.11000061035156,31.290000915527344,31.770000457763672,31.770000457763672,440800
2026-06-18,31.809999465942383,32.290000915527344,31.559999465942383,32.029998779296875,32.029998779296875,1474000
2026-06-22,31.969999313354492,33.08000183105469,31.899999618530273,32.79999923706055,32.79999923706055,541900
2026-06-23,32.9900016784668,33.31999969482422,32.41999816894531,32.720001220703125,32.720001220703125,504600
2026-06-24,32.65999984741211,33.380001068115234,32.380001068115234,32.88999938964844,32.88999938964844,618400
2026-06-25,32.689998626708984,33.34000015258789,32.54999923706055,32.97999954223633,32.97999954223633,513000
2026-06-26,33.18000030517578,33.66999816894531,32.810001373291016,33.33000183105469,33.33000183105469,1178200
2026-06-29,33.29999923706055,33.5099983215332,32.18000030517578,32.189998626708984,32.189998626708984,598700
2026-06-30,32.209999084472656,32.650001525878906,31.93000030517578,32.0,32.0,708500
2026-07-01,32.380001068115234,33.81999969482422,31.760000228881836,33.25,33.25,811400
2026-07-02,33.25,34.68000030517578,33.18000030517578,34.43000030517578,34.43000030517578,634800
2026-07-06,34.38999938964844,35.43000030517578,34.36000061035156,35.0,35.0,590300
2026-07-07,35.52000045776367,35.869998931884766,34.630001068115234,35.15999984741211,35.15999984741211,712100
2026-07-08,35.45000076293945,35.880001068115234,35.029998779296875,35.08000183105469,35.08000183105469,631300
2026-07-09,34.75,35.70000076293945,34.75,35.630001068115234,35.630001068115234,558600
2026-07-10,35.900001525878906,35.939998626708984,35.349998474121094,35.709999084472656,35.709999084472656,491300
2026-07-13,35.86000061035156,36.630001068115234,35.86000061035156,36.54999923706055,36.54999923706055,434000
2026-07-14,36.47999954223633,37.08000183105469,35.779998779296875,36.31999969482422,36.31999969482422,556800
2026-07-15,36.119998931884766,36.25,32.06999969482422,32.349998474121094,32.349998474121094,2311400
2026-07-16,32.779998779296875,33.25,32.06999969482422,32.4900016784668,32.4900016784668,932600
2026-07-17,32.16999816894531,32.38999938964844,31.270000457763672,31.65999984741211,31.65999984741211,737700
2026-07-20,31.770000457763672,31.799999237060547,30.31999969482422,30.3799991607666,30.3799991607666,848100
2026-07-21,30.25,30.959999084472656,29.209999084472656,30.510000228881836,30.510000228881836,1175800
2026-07-22,30.579999923706055,30.6200008392334,28.959999084472656,29.40999984741211,29.40999984741211,952700
2026-07-23,29.059999465942383,30.8799991607666,29.030000686645508,30.84000015258789,30.84000015258789,868700
2026-07-24,30.84000015258789,31.229999542236328,30.309999465942383,30.360000610351562,30.360000610351562,638100
2026-07-27,30.59000015258789,31.899999618530273,30.510000228881836,31.719999313354492,31.719999313354492,627700
2026-07-28,31.899999618530273,33.08000183105469,31.850000381469727,32.84000015258789,32.84000015258789,598900
2026-07-29,33.029998779296875,34.77000045776367,33.029998779296875,34.54999923706055,34.54999923706055,672800
2026-07-30,34.279998779296875,34.36000061035156,32.41999816894531,32.459999084472656,32.459999084472656,1053200
2026-07-31,31.989999771118164,32.47999954223633,30.8700008392334,31.809999465942383,31.809999465942383,1015900
2026-08-03,31.790000915527344,32.86000061035156,31.75,32.56999969482422,32.56999969482422,596900
2026-08-04,32.2599983215332,32.9900016784668,32.2599983215332,32.91999816894531,32.91999816894531,498200
2026-08-05,33.310001373291016,33.5,32.72999954223633,33.029998779296875,33.029998779296875,618700
2026-08-06,32.70000076293945,32.75,31.270000457763672,32.45000076293945,32.45000076293945,1003200
2026-08-07,32.41999816894531,35.04999923706055,32.08000183105469,33.849998474121094,33.849998474121094,947700
2026-08-10,32.68000030517578,33.20000076293945,31.399999618530273,31.43000030517578,31.43000030517578,883600
2026-08-11,31.59000015258789,32.02000045776367,30.809999465942383,31.239999771118164,31.239999771118164,743900
2026-08-12,31.0,31.799999237060547,30.670000076293945,31.34000015258789,31.34000015258789,839500
2026-08-13,31.559999465942383,32.11000061035156,31.31999969482422,31.8799991607666,31.8799991607666,629100
2026-08-14,32.099998474121094,32.099998474121094,31.364999771118164,32.0099983215332,32.0099983215332,453706
