Date,Open,High,Low,Close,Adj Close,Volume
2021-08-16,34.689998626708984,34.970001220703125,34.66999816894531,34.79999923706055,31.164791107177734,1800
2021-08-17,34.630001068115234,34.790000915527344,34.4900016784668,34.790000915527344,31.15583610534668,700
2021-08-18,34.619998931884766,34.619998931884766,34.47999954223633,34.47999954223633,30.878219604492188,300
2021-08-19,34.470001220703125,34.470001220703125,34.369998931884766,34.369998931884766,30.779714584350586,1700
2021-08-20,34.68000030517578,34.720001220703125,34.68000030517578,34.70000076293945,31.075241088867188,1400
2021-08-23,34.7599983215332,34.79999923706055,34.56999969482422,34.56999969482422,30.95880699157715,1900
2021-08-24,34.470001220703125,34.470001220703125,34.439998626708984,34.439998626708984,30.84239959716797,1300
2021-08-25,34.56999969482422,34.619998931884766,34.54999923706055,34.54999923706055,30.940902709960938,5900
2021-08-26,34.400001525878906,34.400001525878906,34.380001068115234,34.380001068115234,30.788663864135742,400
2021-08-27,34.61000061035156,34.61000061035156,34.58000183105469,34.59000015258789,30.976726531982422,1500
2021-08-30,34.619998931884766,34.619998931884766,34.54999923706055,34.54999923706055,30.940902709960938,3500
2021-08-31,34.66999816894531,34.68000030517578,34.65999984741211,34.65999984741211,31.03940773010254,2200
2021-09-01,34.970001220703125,35.08000183105469,34.939998626708984,34.97999954223633,31.325984954833984,5300
2021-09-02,35.13999938964844,35.22999954223633,35.13999938964844,35.16999816894531,31.496135711669922,2600
2021-09-03,35.13999938964844,35.20000076293945,35.099998474121094,35.099998474121094,31.433448791503906,2300
2021-09-07,35.099998474121094,35.099998474121094,35.099998474121094,35.099998474121094,31.433448791503906,500
2021-09-08,34.599998474121094,35.189998626708984,34.599998474121094,35.119998931884766,31.451356887817383,3100
2021-09-09,34.9900016784668,34.9900016784668,34.88999938964844,34.88999938964844,31.245384216308594,400
2021-09-10,35.0099983215332,35.0099983215332,34.38999938964844,34.38999938964844,30.797618865966797,3400
2021-09-13,34.27000045776367,34.400001525878906,34.27000045776367,34.310001373291016,30.725976943969727,1100
2021-09-14,34.349998474121094,34.349998474121094,34.0,34.0,30.448352813720703,1000
2021-09-15,34.22999954223633,34.22999954223633,34.16999816894531,34.16999816894531,30.600601196289062,700
2021-09-16,33.90999984741211,33.959999084472656,33.83000183105469,33.84000015258789,30.305072784423828,1700
2021-09-17,33.5,33.5099983215332,33.470001220703125,33.470001220703125,29.973722457885742,800
2021-09-20,32.95000076293945,33.22999954223633,32.72999954223633,33.0099983215332,29.753786087036133,5900
2021-09-21,33.11000061035156,33.16999816894531,32.970001220703125,32.970001220703125,29.71773910522461,5200
2021-09-22,33.029998779296875,33.2400016784668,32.970001220703125,32.970001220703125,29.71773910522461,6800
2021-09-23,33.220001220703125,33.220001220703125,32.9900016784668,32.9900016784668,29.735761642456055,900
2021-09-24,33.06999969482422,33.06999969482422,32.97999954223633,32.9900016784668,29.735761642456055,1200
2021-09-27,33.119998931884766,33.439998626708984,32.939998626708984,32.939998626708984,29.690698623657227,1200
2021-09-28,32.91999816894531,32.959999084472656,32.59000015258789,32.619998931884766,29.402265548706055,2700
2021-09-29,32.65999984741211,32.959999084472656,32.65999984741211,32.869998931884766,29.627605438232422,1700
2021-09-30,33.0,33.0,32.4900016784668,32.4900016784668,29.285085678100586,4800
2021-10-01,32.43000030517578,32.790000915527344,32.43000030517578,32.56999969482422,29.357192993164062,3300
2021-10-04,32.72999954223633,33.02000045776367,32.65999984741211,33.02000045776367,29.762805938720703,2400
2021-10-05,32.970001220703125,33.18000030517578,32.970001220703125,33.02000045776367,29.762805938720703,3100
2021-10-06,32.86000061035156,33.2599983215332,32.86000061035156,33.2599983215332,29.979129791259766,2800
2021-10-07,33.52000045776367,33.630001068115234,33.310001373291016,33.310001373291016,30.024194717407227,3700
2021-10-08,33.31999969482422,33.31999969482422,33.150001525878906,33.150001525878906,29.87997817993164,1400
2021-10-11,33.02000045776367,33.02000045776367,32.7599983215332,32.7599983215332,29.52845001220703,2300
2021-10-12,32.93000030517578,33.0099983215332,32.93000030517578,32.970001220703125,29.71773910522461,1200
2021-10-13,32.849998474121094,33.290000915527344,32.849998474121094,33.290000915527344,30.00617218017578,300
2021-10-14,33.40999984741211,33.75,33.40999984741211,33.709999084472656,30.38473892211914,1700
2021-10-15,33.849998474121094,33.849998474121094,33.68000030517578,33.68000030517578,30.357698440551758,5900
2021-10-18,33.38999938964844,33.38999938964844,33.29999923706055,33.29999923706055,30.01519203186035,3000
2021-10-19,33.52000045776367,33.58000183105469,33.45000076293945,33.54999923706055,30.24052619934082,2400
2021-10-20,33.54999923706055,34.06999969482422,33.54999923706055,33.88999938964844,30.546987533569336,7000
2021-10-21,34.040000915527344,34.040000915527344,33.880001068115234,33.88999938964844,30.546987533569336,1700
2021-10-22,34.02000045776367,34.13999938964844,34.02000045776367,34.08000183105469,30.7182559967041,2100
2021-10-25,33.9900016784668,34.220001220703125,33.9900016784668,34.06999969482422,30.7092342376709,1300
2021-10-26,34.08000183105469,34.13999938964844,34.08000183105469,34.13999938964844,30.772327423095703,600
2021-10-27,34.18000030517578,34.18000030517578,33.81999969482422,33.81999969482422,30.483888626098633,3400
2021-10-28,33.7400016784668,34.060001373291016,33.7400016784668,34.040000915527344,30.682191848754883,2900
2021-10-29,34.0,34.130001068115234,33.77000045776367,33.77000045776367,30.438819885253906,2400
2021-11-01,33.939998626708984,34.06999969482422,33.91999816894531,34.04999923706055,30.691204071044922,3000
2021-11-02,34.0,34.0,33.83000183105469,33.939998626708984,30.592050552368164,6200
2021-11-03,33.88999938964844,34.0,33.84000015258789,34.0,30.646135330200195,1800
2021-11-04,33.86000061035156,33.880001068115234,33.7599983215332,33.7599983215332,30.429807662963867,1600
2021-11-05,34.060001373291016,34.08000183105469,34.060001373291016,34.08000183105469,30.7182559967041,1200
2021-11-08,33.84000015258789,33.84000015258789,33.66999816894531,33.790000915527344,30.45685386657715,7700
2021-11-09,33.790000915527344,33.86000061035156,33.66999816894531,33.83000183105469,30.49291229248047,3300
2021-11-10,33.900001525878906,34.02000045776367,33.900001525878906,34.02000045776367,30.664165496826172,10500
2021-11-11,33.959999084472656,33.9900016784668,33.939998626708984,33.9900016784668,30.637121200561523,1000
2021-11-12,33.939998626708984,34.060001373291016,33.939998626708984,34.040000915527344,30.682191848754883,2800
2021-11-15,34.04999923706055,34.38999938964844,34.04999923706055,34.38999938964844,30.997665405273438,1200
2021-11-16,34.52000045776367,34.540000915527344,34.27000045776367,34.279998779296875,30.898513793945312,4900
2021-11-17,34.130001068115234,34.29999923706055,34.130001068115234,34.29999923706055,30.916536331176758,5200
2021-11-18,33.939998626708984,34.0,33.939998626708984,34.0,30.646135330200195,800
2021-11-19,33.959999084472656,34.20000076293945,33.959999084472656,34.20000076293945,30.826406478881836,500
2021-11-22,34.18000030517578,34.56999969482422,34.18000030517578,34.4900016784668,31.08780288696289,5000
2021-11-23,34.599998474121094,34.599998474121094,34.52000045776367,34.52000045776367,31.114839553833008,500
2021-11-24,34.459999084472656,34.56999969482422,34.459999084472656,34.560001373291016,31.15089225769043,1100
2021-11-26,34.349998474121094,34.349998474121094,33.79999923706055,33.86000061035156,30.519941329956055,12100
2021-11-29,34.0,34.20000076293945,33.81999969482422,34.18000030517578,30.808374404907227,2000
2021-11-30,33.63999938964844,33.72999954223633,33.47999954223633,33.47999954223633,30.17742919921875,2500
2021-12-01,33.77000045776367,33.77000045776367,33.06999969482422,33.06999969482422,29.807870864868164,2100
2021-12-02,33.439998626708984,33.599998474121094,33.400001525878906,33.59000015258789,30.276575088500977,1900
2021-12-03,33.34000015258789,33.70000076293945,33.34000015258789,33.70000076293945,30.375730514526367,3400
2021-12-06,33.880001068115234,34.439998626708984,33.880001068115234,34.290000915527344,30.90752410888672,5600
2021-12-07,34.27000045776367,34.689998626708984,34.27000045776367,34.58000183105469,31.168928146362305,4000
2021-12-08,34.529998779296875,34.63999938964844,34.529998779296875,34.63999938964844,31.22300148010254,1100
2021-12-09,34.4900016784668,34.560001373291016,34.43000030517578,34.43000030517578,31.033708572387695,1500
2021-12-10,34.529998779296875,34.630001068115234,34.45000076293945,34.540000915527344,31.132862091064453,3100
2021-12-13,34.900001525878906,35.0,34.900001525878906,35.0,31.547494888305664,900
2021-12-14,34.619998931884766,34.849998474121094,34.59000015258789,34.619998931884766,31.20497703552246,7500
2021-12-15,34.7599983215332,35.150001525878906,34.7599983215332,35.150001525878906,31.68269920349121,10000
2021-12-16,35.369998931884766,35.5,35.150001525878906,35.220001220703125,31.745790481567383,6000
2021-12-17,35.029998779296875,35.150001525878906,34.79999923706055,34.79999923706055,31.367218017578125,1200
2021-12-20,34.43000030517578,34.61000061035156,34.04999923706055,34.61000061035156,31.332822799682617,2300
2021-12-21,34.810001373291016,34.88999938964844,34.59000015258789,34.65999984741211,31.37808609008789,4700
2021-12-22,34.65999984741211,34.65999984741211,34.65999984741211,34.65999984741211,31.37808609008789,0
2021-12-23,34.9900016784668,34.9900016784668,34.95000076293945,34.95000076293945,31.640628814697266,500
2021-12-27,34.900001525878906,35.11000061035156,34.900001525878906,35.11000061035156,31.78546905517578,1100
2021-12-28,35.279998779296875,35.38999938964844,35.279998779296875,35.380001068115234,32.0299072265625,3400
2021-12-29,35.400001525878906,35.45000076293945,35.380001068115234,35.45000076293945,32.0932731628418,1200
2021-12-30,35.630001068115234,35.709999084472656,35.630001068115234,35.70000076293945,32.319610595703125,1000
2021-12-31,35.650001525878906,35.720001220703125,35.63999938964844,35.709999084472656,32.32865905761719,2000
2022-01-03,35.59000015258789,35.59000015258789,35.310001373291016,35.45000076293945,32.0932731628418,2600
2022-01-04,35.720001220703125,35.720001220703125,35.720001220703125,35.720001220703125,32.33772277832031,600
2022-01-05,35.560001373291016,35.560001373291016,35.560001373291016,35.560001373291016,32.19286346435547,300
2022-01-06,35.290000915527344,35.380001068115234,35.150001525878906,35.150001525878906,31.821685791015625,800
2022-01-07,35.0,35.38999938964844,35.0,35.31999969482422,31.9755916595459,700
2022-01-10,35.06999969482422,35.06999969482422,34.95000076293945,34.95000076293945,31.640628814697266,800
2022-01-11,34.70000076293945,34.77000045776367,34.58000183105469,34.77000045776367,31.477659225463867,25400
2022-01-12,34.77000045776367,34.88999938964844,34.77000045776367,34.869998931884766,31.56819725036621,9300
2022-01-13,35.040000915527344,35.040000915527344,34.90999984741211,34.90999984741211,31.604415893554688,800
2022-01-14,34.84000015258789,34.849998474121094,34.619998931884766,34.849998474121094,31.550092697143555,2800
2022-01-18,34.47999954223633,34.47999954223633,34.209999084472656,34.459999084472656,31.197017669677734,4000
2022-01-19,34.34000015258789,34.529998779296875,34.34000015258789,34.349998474121094,31.097436904907227,1000
2022-01-20,34.7400016784668,34.7400016784668,34.189998626708984,34.189998626708984,30.952585220336914,2900
2022-01-21,34.43000030517578,34.43000030517578,34.0,34.13999938964844,30.907325744628906,5300
2022-01-24,34.0099983215332,34.0099983215332,33.2599983215332,33.86000061035156,30.65383529663086,5400
2022-01-25,33.56999969482422,33.90999984741211,33.56999969482422,33.72999954223633,30.53614616394043,800
2022-01-26,34.16999816894531,34.16999816894531,33.59000015258789,33.59000015258789,30.40939712524414,1200
2022-01-27,33.66999816894531,33.779998779296875,33.66999816894531,33.7400016784668,30.545207977294922,1100
2022-01-28,33.540000915527344,34.15999984741211,33.540000915527344,34.15999984741211,30.925430297851562,1400
2022-01-31,34.36000061035156,34.59000015258789,34.36000061035156,34.59000015258789,31.314714431762695,1000
2022-02-01,34.310001373291016,34.40999984741211,34.09000015258789,34.220001220703125,30.97974395751953,1700
2022-02-02,34.189998626708984,34.599998474121094,34.189998626708984,34.599998474121094,31.323762893676758,3600
2022-02-03,34.290000915527344,34.33000183105469,34.290000915527344,34.33000183105469,31.079330444335938,400
2022-02-04,34.029998779296875,34.290000915527344,34.029998779296875,34.119998931884766,30.88921546936035,4600
2022-02-07,34.15999984741211,34.15999984741211,34.11000061035156,34.15999984741211,30.925430297851562,1500
2022-02-08,34.31999969482422,34.40999984741211,34.25,34.25,31.006908416748047,1500
2022-02-09,34.400001525878906,34.40999984741211,34.400001525878906,34.40999984741211,31.151756286621094,400
2022-02-10,34.0,34.220001220703125,33.470001220703125,33.529998779296875,30.355083465576172,1900
2022-02-11,33.529998779296875,33.529998779296875,33.529998779296875,33.529998779296875,30.355083465576172,0
2022-02-14,33.33000183105469,33.33000183105469,33.040000915527344,33.25,30.101594924926758,2600
2022-02-15,33.52000045776367,33.560001373291016,33.0099983215332,33.130001068115234,29.992956161499023,8500
2022-02-16,33.130001068115234,33.130001068115234,33.130001068115234,33.130001068115234,29.992956161499023,100
2022-02-17,33.310001373291016,33.400001525878906,33.279998779296875,33.279998779296875,30.128759384155273,1500
2022-02-18,33.029998779296875,33.400001525878906,33.029998779296875,33.16999816894531,30.029170989990234,500
2022-02-22,33.220001220703125,33.220001220703125,32.93000030517578,33.02000045776367,29.893375396728516,2600
2022-02-23,33.0,33.029998779296875,32.540000915527344,32.540000915527344,29.45882225036621,1100
2022-02-24,32.2400016784668,32.84000015258789,32.2400016784668,32.84000015258789,29.730417251586914,800
2022-02-25,33.33000183105469,33.77000045776367,33.33000183105469,33.77000045776367,30.572357177734375,1600
2022-02-28,33.689998626708984,33.880001068115234,33.689998626708984,33.880001068115234,30.671945571899414,3200
2022-03-01,33.900001525878906,34.029998779296875,33.27000045776367,33.47999954223633,30.309814453125,4400
2022-03-02,33.849998474121094,34.09000015258789,33.849998474121094,34.029998779296875,30.8077392578125,900
2022-03-03,34.2400016784668,34.5,34.2400016784668,34.5,31.233230590820312,1000
2022-03-04,34.5,34.5,34.5,34.5,31.233230590820312,0
2022-03-07,35.119998931884766,35.34000015258789,35.119998931884766,35.34000015258789,31.99369239807129,600
2022-03-08,35.13999938964844,35.31999969482422,35.0099983215332,35.029998779296875,31.713048934936523,7700
2022-03-09,34.95000076293945,34.959999084472656,34.7400016784668,34.7400016784668,31.450515747070312,1700
2022-03-10,34.52000045776367,35.02000045776367,34.52000045776367,34.9900016784668,31.67683219909668,2300
2022-03-11,35.130001068115234,35.150001525878906,35.130001068115234,35.150001525878906,31.821685791015625,700
2022-03-14,34.9900016784668,34.9900016784668,34.59000015258789,34.59000015258789,31.314714431762695,400
2022-03-15,34.88999938964844,35.16999816894531,34.7599983215332,35.150001525878906,31.821685791015625,5200
2022-03-16,34.869998931884766,35.04999923706055,34.869998931884766,35.04999923706055,31.731155395507812,200
2022-03-17,35.279998779296875,35.529998779296875,35.279998779296875,35.36000061035156,32.011802673339844,6300
2022-03-18,35.189998626708984,35.209999084472656,35.040000915527344,35.209999084472656,31.87601089477539,138000
2022-03-21,35.0,35.29999923706055,35.0,35.18000030517578,32.009761810302734,19200
2022-03-22,35.22999954223633,35.22999954223633,35.09000015258789,35.130001068115234,31.964262008666992,4100
2022-03-23,35.099998474121094,35.27000045776367,34.95000076293945,35.11000061035156,31.946062088012695,8200
2022-03-24,35.369998931884766,35.439998626708984,35.369998931884766,35.439998626708984,32.24633026123047,1000
2022-03-25,35.790000915527344,35.97999954223633,35.779998779296875,35.97999954223633,32.737667083740234,8700
2022-03-28,35.91999816894531,36.08000183105469,35.91999816894531,36.08000183105469,32.82865905761719,15300
2022-03-29,36.209999084472656,36.529998779296875,36.13999938964844,36.529998779296875,33.23810577392578,5400
2022-03-30,36.619998931884766,36.75,36.54999923706055,36.75,33.438270568847656,3800
2022-03-31,36.93000030517578,37.029998779296875,36.68000030517578,36.68000030517578,33.37458419799805,46100
2022-04-01,36.7400016784668,37.27000045776367,36.68000030517578,37.27000045776367,33.91142272949219,1500
2022-04-04,37.2400016784668,37.2400016784668,36.70000076293945,36.88999938964844,33.56566619873047,1700
2022-04-05,37.20000076293945,37.20000076293945,37.02000045776367,37.02000045776367,33.6839485168457,2200
2022-04-06,37.0,37.849998474121094,37.0,37.849998474121094,34.439151763916016,5100
2022-04-07,37.43000030517578,37.689998626708984,37.349998474121094,37.59000015258789,34.20258331298828,62700
2022-04-08,37.58000183105469,37.93000030517578,37.58000183105469,37.810001373291016,34.40275573730469,3900
2022-04-11,37.45000076293945,37.540000915527344,37.45000076293945,37.540000915527344,34.157081604003906,2000
2022-04-12,37.5,37.79999923706055,37.5,37.59000015258789,34.20258331298828,11000
2022-04-13,38.0,38.0,37.29999923706055,37.40999984741211,34.03879928588867,67100
2022-04-14,37.880001068115234,37.880001068115234,37.540000915527344,37.540000915527344,34.157081604003906,1800
2022-04-18,37.720001220703125,37.720001220703125,37.33000183105469,37.33000183105469,33.96601486206055,87000
2022-04-19,37.59000015258789,37.65999984741211,37.59000015258789,37.65999984741211,34.26626968383789,19800
2022-04-20,38.0,38.220001220703125,38.0,38.220001220703125,34.775814056396484,3600
2022-04-21,38.220001220703125,38.220001220703125,37.58000183105469,37.58000183105469,34.193485260009766,5100
2022-04-22,37.279998779296875,37.290000915527344,36.88999938964844,36.88999938964844,33.56566619873047,4900
2022-04-25,36.290000915527344,36.58000183105469,36.0099983215332,36.459999084472656,33.17441177368164,149600
2022-04-26,36.5,36.619998931884766,36.13999938964844,36.13999938964844,32.88325119018555,4300
2022-04-27,36.2400016784668,36.380001068115234,35.970001220703125,35.970001220703125,32.72856903076172,2800
2022-04-28,36.09000015258789,36.34000015258789,36.09000015258789,36.33000183105469,33.056129455566406,1100
2022-04-29,36.099998474121094,36.099998474121094,35.27000045776367,35.27000045776367,32.091644287109375,1900
2022-05-02,35.47999954223633,35.5099983215332,34.849998474121094,34.970001220703125,31.818683624267578,14400
2022-05-03,35.2400016784668,35.529998779296875,35.2400016784668,35.31999969482422,32.137149810791016,17700
2022-05-04,35.599998474121094,36.15999984741211,35.5099983215332,36.08000183105469,32.82865905761719,41000
2022-05-05,35.75,35.75,35.2599983215332,35.599998474121094,32.391910552978516,40100
2022-05-06,35.40999984741211,35.7400016784668,35.380001068115234,35.7400016784668,32.51930618286133,4400
2022-05-09,35.40999984741211,35.40999984741211,35.11000061035156,35.22999954223633,32.055259704589844,6300
2022-05-10,35.560001373291016,35.630001068115234,34.88999938964844,34.959999084472656,31.809581756591797,900
2022-05-11,35.150001525878906,35.34000015258789,35.13999938964844,35.16999816894531,32.00065612792969,1100
2022-05-12,35.22999954223633,35.22999954223633,34.599998474121094,34.9900016784668,31.83687400817871,15700
2022-05-13,35.34000015258789,35.47999954223633,35.290000915527344,35.47999954223633,32.2827262878418,1800
2022-05-16,35.599998474121094,35.779998779296875,35.599998474121094,35.65999984741211,32.44650650024414,1600
2022-05-17,36.130001068115234,36.220001220703125,35.970001220703125,36.220001220703125,32.95603561401367,8800
2022-05-18,36.150001525878906,36.25,35.7400016784668,35.869998931884766,32.637577056884766,1800
2022-05-19,35.529998779296875,35.959999084472656,35.380001068115234,35.86000061035156,32.628482818603516,104300
2022-05-20,35.91999816894531,35.91999816894531,35.369998931884766,35.790000915527344,32.564788818359375,36100
2022-05-23,36.029998779296875,36.310001373291016,35.97999954223633,36.310001373291016,33.037933349609375,2300
2022-05-24,36.439998626708984,36.939998626708984,36.33000183105469,36.939998626708984,33.61115646362305,1200
2022-05-25,36.84000015258789,36.959999084472656,36.84000015258789,36.959999084472656,33.62935256958008,8600
2022-05-26,37.11000061035156,37.11000061035156,37.06999969482422,37.06999969482422,33.72944259643555,500
2022-05-27,36.97999954223633,37.52000045776367,36.97999954223633,37.52000045776367,34.13888931274414,3000
2022-05-31,37.119998931884766,37.2599983215332,37.04999923706055,37.09000015258789,33.74763107299805,6100
2022-06-01,37.0,37.20000076293945,36.83000183105469,37.15999984741211,33.811336517333984,8800
2022-06-02,37.04999923706055,37.31999969482422,36.9900016784668,37.310001373291016,33.947818756103516,4300
2022-06-03,37.119998931884766,37.119998931884766,37.099998474121094,37.119998931884766,33.77493667602539,600
2022-06-06,37.400001525878906,37.58000183105469,37.279998779296875,37.310001373291016,33.947818756103516,707100
2022-06-07,37.189998626708984,37.689998626708984,37.130001068115234,37.65999984741211,34.26626968383789,125300
2022-06-08,37.34000015258789,37.47999954223633,36.83000183105469,36.91999816894531,33.59295654296875,114900
2022-06-09,36.7599983215332,36.95000076293945,36.08000183105469,36.08000183105469,32.82865905761719,13100
2022-06-10,35.77000045776367,35.9900016784668,35.65999984741211,35.75,32.52839279174805,21100
2022-06-13,34.459999084472656,34.779998779296875,33.90999984741211,34.060001373291016,30.990690231323242,19700
2022-06-14,34.130001068115234,34.130001068115234,32.720001220703125,33.02000045776367,30.044408798217773,128100
2022-06-15,33.459999084472656,33.86000061035156,32.900001525878906,33.2400016784668,30.244590759277344,13700
2022-06-16,32.79999923706055,32.79999923706055,32.2599983215332,32.40999984741211,29.489376068115234,6200
2022-06-17,32.45000076293945,32.45000076293945,31.81999969482422,32.04999923706055,29.161821365356445,10300
2022-06-21,32.09000015258789,32.52000045776367,32.08000183105469,32.349998474121094,29.609390258789062,5800
2022-06-22,32.47999954223633,32.59000015258789,32.47999954223633,32.52000045776367,29.764989852905273,900
2022-06-23,32.959999084472656,33.08000183105469,32.959999084472656,33.02000045776367,30.222631454467773,3900
2022-06-24,33.619998931884766,33.81999969482422,33.619998931884766,33.779998779296875,30.918243408203125,1600
2022-06-27,33.90999984741211,34.31999969482422,33.90999984741211,34.2400016784668,31.339277267456055,6500
2022-06-28,34.529998779296875,34.689998626708984,34.2599983215332,34.2599983215332,31.357580184936523,2900
2022-06-29,34.119998931884766,34.16999816894531,34.04999923706055,34.16999816894531,31.27520751953125,2300
2022-06-30,34.09000015258789,34.52000045776367,33.83000183105469,34.380001068115234,31.467416763305664,10000
2022-07-01,34.33000183105469,35.13999938964844,34.33000183105469,35.119998931884766,32.14472198486328,13400
2022-07-05,34.849998474121094,34.849998474121094,33.25,33.709999084472656,30.854175567626953,58300
2022-07-06,33.65999984741211,34.349998474121094,33.65999984741211,34.11000061035156,31.220293045043945,30700
2022-07-07,34.31999969482422,34.380001068115234,34.15999984741211,34.15999984741211,31.26605796813965,3900
2022-07-08,34.099998474121094,34.15999984741211,33.9900016784668,34.040000915527344,31.15622329711914,9500
2022-07-11,34.040000915527344,34.16999816894531,33.880001068115234,34.13999938964844,31.24774932861328,3200
2022-07-12,34.130001068115234,34.290000915527344,34.029998779296875,34.060001373291016,31.174528121948242,4000
2022-07-13,33.95000076293945,34.20000076293945,33.95000076293945,33.9900016784668,31.110450744628906,6300
2022-07-14,33.38999938964844,33.90999984741211,33.38999938964844,33.90999984741211,31.0372314453125,3800
2022-07-15,33.9900016784668,34.13999938964844,33.9900016784668,34.08000183105469,31.192840576171875,5600
2022-07-18,34.06999969482422,34.20000076293945,33.7599983215332,33.7599983215332,30.899940490722656,2400
2022-07-19,34.0,34.2400016784668,34.0,34.16999816894531,31.27520751953125,15200
2022-07-20,34.15999984741211,34.15999984741211,33.68000030517578,33.84000015258789,30.973161697387695,2600
2022-07-21,33.849998474121094,33.91999816894531,33.56999969482422,33.91999816894531,31.046384811401367,4600
2022-07-22,34.29999923706055,34.29999923706055,33.97999954223633,34.130001068115234,31.238597869873047,2300
2022-07-25,34.65999984741211,34.75,34.52000045776367,34.75,31.80607032775879,6100
2022-07-26,34.97999954223633,35.130001068115234,34.93000030517578,35.09000015258789,32.11726379394531,1200
2022-07-27,34.880001068115234,35.11000061035156,34.81999969482422,35.099998474121094,32.12641906738281,3900
2022-07-28,35.400001525878906,36.060001373291016,35.400001525878906,36.060001373291016,33.00510025024414,16200
2022-07-29,36.25,36.529998779296875,36.25,36.529998779296875,33.435272216796875,10100
2022-08-01,36.40999984741211,36.40999984741211,36.0,36.36000061035156,33.27968215942383,6100
2022-08-02,36.529998779296875,36.56999969482422,36.2400016784668,36.2400016784668,33.16984558105469,14200
2022-08-03,36.119998931884766,36.369998931884766,35.720001220703125,36.36000061035156,33.27968215942383,11100
2022-08-04,36.15999984741211,36.619998931884766,36.15999984741211,36.279998779296875,33.20644760131836,12100
2022-08-05,36.08000183105469,36.189998626708984,35.970001220703125,36.189998626708984,33.124080657958984,3300
2022-08-08,36.560001373291016,36.560001373291016,36.31999969482422,36.31999969482422,33.2430534362793,2100
2022-08-09,36.689998626708984,36.81999969482422,36.689998626708984,36.7599983215332,33.645782470703125,1900
2022-08-10,36.90999984741211,37.0099983215332,36.709999084472656,36.970001220703125,33.83799362182617,13200
2022-08-11,37.16999816894531,37.40999984741211,37.16999816894531,37.18000030517578,34.03021240234375,9200
2022-08-12,37.41999816894531,37.79999923706055,37.41999816894531,37.790000915527344,34.588523864746094,2000
2022-08-15,37.66999816894531,38.06999969482422,37.63999938964844,38.02000045776367,34.79904556274414,9800
2022-08-16,38.25,38.25,38.06999969482422,38.16999816894531,34.93633270263672,8400
2022-08-17,38.13999938964844,38.20000076293945,37.97999954223633,38.06999969482422,34.844810485839844,2400
2022-08-18,38.310001373291016,38.34000015258789,38.18000030517578,38.310001373291016,35.064476013183594,2200
2022-08-19,38.15999984741211,38.2599983215332,38.130001068115234,38.189998626708984,34.95463943481445,5700
2022-08-22,37.959999084472656,37.959999084472656,37.65999984741211,37.70000076293945,34.50615310668945,9400
2022-08-23,37.810001373291016,37.810001373291016,37.4900016784668,37.4900016784668,34.31394958496094,2100
2022-08-24,37.599998474121094,37.65999984741211,37.58000183105469,37.650001525878906,34.46039581298828,3800
2022-08-25,37.709999084472656,37.9900016784668,37.58000183105469,37.9900016784668,34.77158737182617,107500
2022-08-26,37.720001220703125,37.77000045776367,37.369998931884766,37.400001525878906,34.2315673828125,52200
2022-08-29,37.220001220703125,37.54999923706055,37.04999923706055,37.470001220703125,34.29563522338867,9800
2022-08-30,37.38999938964844,37.45000076293945,36.709999084472656,36.709999084472656,33.60001754760742,7500
2022-08-31,36.560001373291016,36.939998626708984,36.560001373291016,36.599998474121094,33.49933624267578,8300
2022-09-01,36.45000076293945,36.84000015258789,36.45000076293945,36.84000015258789,33.71901321411133,3700
2022-09-02,37.08000183105469,37.310001373291016,36.68000030517578,36.68000030517578,33.57255935668945,10400
2022-09-06,36.7400016784668,36.97999954223633,36.380001068115234,36.459999084472656,33.37120056152344,22700
2022-09-07,36.47999954223633,37.439998626708984,36.470001220703125,37.40999984741211,34.24072265625,9200
2022-09-08,37.5,37.59000015258789,37.40999984741211,37.540000915527344,34.35970687866211,8600
2022-09-09,37.79999923706055,37.83000183105469,37.56999969482422,37.72999954223633,34.53361129760742,23100
2022-09-12,37.869998931884766,38.16999816894531,37.72999954223633,38.119998931884766,34.89057540893555,6400
2022-09-13,37.650001525878906,37.720001220703125,37.04999923706055,37.04999923706055,33.91122055053711,15500
2022-09-14,37.040000915527344,37.630001068115234,37.040000915527344,37.45000076293945,34.27732849121094,10400
2022-09-15,36.97999954223633,36.97999954223633,36.59000015258789,36.66999816894531,33.563411712646484,6200
2022-09-16,36.45000076293945,36.599998474121094,36.400001525878906,36.5,33.407814025878906,6400
2022-09-19,36.119998931884766,36.68000030517578,36.119998931884766,36.68000030517578,33.74917221069336,6900
2022-09-20,36.04999923706055,36.27000045776367,36.04999923706055,36.16999816894531,33.27991485595703,10000
2022-09-21,36.290000915527344,36.619998931884766,35.630001068115234,35.630001068115234,32.7830696105957,7100
2022-09-22,35.529998779296875,35.709999084472656,35.400001525878906,35.560001373291016,32.718658447265625,12200
2022-09-23,35.13999938964844,35.13999938964844,34.45000076293945,34.720001220703125,31.945785522460938,4100
2022-09-26,34.380001068115234,34.4900016784668,33.77000045776367,33.86000061035156,31.15449333190918,6500
2022-09-27,34.11000061035156,34.11000061035156,33.369998931884766,33.38999938964844,30.722047805786133,5600
2022-09-28,33.630001068115234,34.040000915527344,33.630001068115234,33.790000915527344,31.0900936126709,178200
2022-09-29,33.59000015258789,33.59000015258789,32.599998474121094,32.630001068115234,30.02277946472168,2900
2022-09-30,32.72999954223633,32.72999954223633,32.02000045776367,32.04999923706055,29.489120483398438,19100
2022-10-03,32.33000183105469,33.279998779296875,32.33000183105469,33.04999923706055,30.409217834472656,15700
2022-10-04,33.40999984741211,33.880001068115234,33.40999984741211,33.880001068115234,31.172895431518555,3700
2022-10-05,32.83000183105469,33.34000015258789,32.83000183105469,33.06999969482422,30.4276180267334,10400
2022-10-06,32.38999938964844,32.560001373291016,32.189998626708984,32.189998626708984,29.61793327331543,7400
2022-10-07,31.81999969482422,31.84000015258789,31.420000076293945,31.540000915527344,29.01987075805664,8200
2022-10-10,31.479999542236328,31.780000686645508,31.479999542236328,31.549999237060547,29.029071807861328,3000
2022-10-11,31.5,32.0,31.469999313354492,31.649999618530273,29.121082305908203,8200
2022-10-12,31.280000686645508,31.280000686645508,30.770000457763672,30.770000457763672,28.311399459838867,3900
2022-10-13,30.510000228881836,31.670000076293945,30.489999771118164,31.559999465942383,29.03826904296875,11800
2022-10-14,31.219999313354492,31.219999313354492,30.969999313354492,31.0,28.52301597595215,12400
2022-10-17,31.940000534057617,32.029998779296875,31.709999084472656,31.770000457763672,29.23149299621582,3300
2022-10-18,32.5,32.5099983215332,32.040000915527344,32.380001068115234,29.792753219604492,16700
2022-10-19,32.04999923706055,32.08000183105469,31.829999923706055,32.060001373291016,29.498319625854492,3100
2022-10-20,31.809999465942383,31.829999923706055,31.219999313354492,31.290000915527344,28.78984832763672,2400
2022-10-21,31.520000457763672,31.899999618530273,31.3700008392334,31.809999465942383,29.268295288085938,19000
2022-10-24,31.860000610351562,32.029998779296875,31.850000381469727,31.940000534057617,29.387908935546875,3100
2022-10-25,32.400001525878906,32.619998931884766,32.34000015258789,32.619998931884766,30.013578414916992,3800
2022-10-26,32.75,32.84000015258789,32.63999938964844,32.63999938964844,30.031978607177734,3600
2022-10-27,33.0,33.27000045776367,32.959999084472656,32.9900016784668,30.3540096282959,5200
2022-10-28,33.310001373291016,33.75,33.29999923706055,33.75,31.05328941345215,1600
2022-10-31,33.709999084472656,33.709999084472656,33.61000061035156,33.65999984741211,30.970481872558594,3600
2022-11-01,34.04999923706055,34.04999923706055,33.4900016784668,33.68000030517578,30.98887825012207,2800
2022-11-02,33.68000030517578,34.099998474121094,33.2400016784668,33.2400016784668,30.584043502807617,17000
2022-11-03,33.099998474121094,33.41999816894531,33.099998474121094,33.279998779296875,30.62084197998047,8600
2022-11-04,33.619998931884766,33.619998931884766,33.150001525878906,33.54999923706055,30.869258880615234,4200
2022-11-07,33.47999954223633,33.52000045776367,32.709999084472656,33.220001220703125,30.56563949584961,751800
2022-11-08,33.290000915527344,33.54999923706055,33.130001068115234,33.400001525878906,30.731252670288086,25300
2022-11-09,33.29999923706055,33.34000015258789,32.93000030517578,33.040000915527344,30.4000186920166,22800
2022-11-10,33.900001525878906,34.56999969482422,33.900001525878906,34.56999969482422,31.807764053344727,1500
2022-11-11,34.54999923706055,34.54999923706055,33.9900016784668,34.189998626708984,31.458126068115234,8400
2022-11-14,34.349998474121094,34.38999938964844,33.9900016784668,34.0,31.283313751220703,10700
2022-11-15,34.439998626708984,34.439998626708984,34.0099983215332,34.25,31.513324737548828,7200
2022-11-16,34.33000183105469,34.41999816894531,34.290000915527344,34.31999969482422,31.577743530273438,8500
2022-11-17,33.97999954223633,33.97999954223633,33.630001068115234,33.79999923706055,31.099287033081055,3700
2022-11-18,34.119998931884766,34.5099983215332,34.119998931884766,34.43000030517578,31.6789493560791,10900
2022-11-21,34.56999969482422,34.65999984741211,34.529998779296875,34.59000015258789,31.8261661529541,1000
2022-11-22,34.97999954223633,35.02000045776367,34.939998626708984,35.02000045776367,32.221805572509766,700
2022-11-23,35.11000061035156,35.2599983215332,34.97999954223633,35.2599983215332,32.442626953125,7100
2022-11-25,35.5,35.5,35.4900016784668,35.4900016784668,32.654258728027344,700
2022-11-28,35.04999923706055,35.189998626708984,34.939998626708984,35.0,32.20341110229492,1500
2022-11-29,34.779998779296875,34.81999969482422,34.72999954223633,34.810001373291016,32.02859115600586,1800
2022-11-30,34.83000183105469,35.650001525878906,34.70000076293945,35.650001525878906,32.80147933959961,58600
2022-12-01,35.54999923706055,35.54999923706055,35.27000045776367,35.27000045776367,32.45182800292969,700
2022-12-02,34.7599983215332,35.0,34.7599983215332,34.9900016784668,32.19420623779297,1500
2022-12-05,34.58000183105469,34.72999954223633,34.529998779296875,34.61000061035156,31.844573974609375,67000
2022-12-06,34.63999938964844,34.66999816894531,34.400001525878906,34.650001525878906,31.881378173828125,2100
2022-12-07,34.72999954223633,34.849998474121094,34.47999954223633,34.58000183105469,31.816970825195312,1200
2022-12-08,34.560001373291016,34.869998931884766,34.52000045776367,34.65999984741211,31.89057731628418,3000
2022-12-09,34.72999954223633,34.849998474121094,34.630001068115234,34.630001068115234,31.862966537475586,600
2022-12-12,34.880001068115234,35.34000015258789,34.880001068115234,35.34000015258789,32.516239166259766,1000
2022-12-13,35.63999938964844,36.029998779296875,35.16999816894531,35.38999938964844,32.5622444152832,18800
2022-12-14,35.349998474121094,35.369998931884766,35.209999084472656,35.369998931884766,32.54383850097656,700
2022-12-15,34.720001220703125,34.880001068115234,34.720001220703125,34.810001373291016,32.02859115600586,1700
2022-12-16,33.970001220703125,34.209999084472656,33.95000076293945,34.209999084472656,31.476526260375977,6700
2022-12-19,34.18000030517578,34.209999084472656,33.959999084472656,33.959999084472656,31.41270637512207,5800
2022-12-20,33.7400016784668,33.959999084472656,33.70000076293945,33.939998626708984,31.394203186035156,3200
2022-12-21,34.0099983215332,34.45000076293945,34.0099983215332,34.400001525878906,31.819713592529297,1200
2022-12-22,34.11000061035156,34.130001068115234,33.63999938964844,34.130001068115234,31.56995964050293,2900
2022-12-23,34.16999816894531,34.58000183105469,34.119998931884766,34.58000183105469,31.986204147338867,1200
2022-12-27,34.52000045776367,34.689998626708984,34.52000045776367,34.630001068115234,32.032447814941406,1800
2022-12-28,34.38999938964844,34.439998626708984,34.22999954223633,34.22999954223633,31.662456512451172,600
2022-12-29,34.540000915527344,34.709999084472656,34.5,34.58000183105469,31.986204147338867,4000
2022-12-30,34.36000061035156,34.38999938964844,33.90999984741211,34.189998626708984,31.625452041625977,7500
2023-01-03,34.099998474121094,34.099998474121094,33.68000030517578,34.02000045776367,31.46821403503418,1700
2023-01-04,34.209999084472656,34.36000061035156,34.189998626708984,34.29999923706055,31.727210998535156,1000
2023-01-05,34.04999923706055,34.04999923706055,33.599998474121094,33.599998474121094,31.0797061920166,2000
2023-01-06,34.11000061035156,34.43000030517578,34.11000061035156,34.310001373291016,31.736448287963867,1300
2023-01-09,34.810001373291016,34.810001373291016,34.56999969482422,34.56999969482422,31.97694969177246,3900
2023-01-10,34.29999923706055,34.560001373291016,34.27000045776367,34.560001373291016,31.96769905090332,1100
2023-01-11,34.63999938964844,34.900001525878906,34.63999938964844,34.900001525878906,32.282196044921875,2200
2023-01-12,34.83000183105469,34.970001220703125,34.79999923706055,34.81999969482422,32.20820236206055,3400
2023-01-13,34.5099983215332,34.720001220703125,34.45000076293945,34.59000015258789,31.99544906616211,5000
2023-01-17,34.709999084472656,34.709999084472656,34.45000076293945,34.45000076293945,31.865955352783203,2200
2023-01-18,34.29999923706055,34.29999923706055,33.630001068115234,33.630001068115234,31.10746192932129,400
2023-01-19,33.33000183105469,33.33000183105469,33.29999923706055,33.33000183105469,30.829967498779297,700
2023-01-20,32.939998626708984,33.56999969482422,32.939998626708984,33.56999969482422,31.051956176757812,1000
2023-01-23,33.36000061035156,33.779998779296875,33.310001373291016,33.58000183105469,31.061208724975586,11900
2023-01-24,33.630001068115234,33.86000061035156,33.58000183105469,33.79999923706055,31.264705657958984,2000
2023-01-25,33.529998779296875,33.7400016784668,33.400001525878906,33.70000076293945,31.172208786010742,9600
2023-01-26,33.619998931884766,33.77000045776367,33.61000061035156,33.77000045776367,31.236957550048828,1400
2023-01-27,33.7599983215332,33.939998626708984,33.720001220703125,33.810001373291016,31.27396583557129,2300
2023-01-30,33.59000015258789,33.849998474121094,33.54999923706055,33.54999923706055,31.03345489501953,1100
2023-01-31,33.59000015258789,33.959999084472656,33.56999969482422,33.95000076293945,31.40345573425293,3900
2023-02-01,33.83000183105469,34.310001373291016,33.7400016784668,34.150001525878906,31.58845329284668,1200
2023-02-02,34.09000015258789,34.349998474121094,34.09000015258789,34.310001373291016,31.736448287963867,8200
2023-02-03,33.560001373291016,33.75,33.439998626708984,33.7400016784668,31.209213256835938,1100
2023-02-06,33.540000915527344,33.810001373291016,33.540000915527344,33.810001373291016,31.27396583557129,400
2023-02-07,33.56999969482422,33.79999923706055,33.36000061035156,33.79999923706055,31.264705657958984,2700
2023-02-08,33.2400016784668,33.2400016784668,33.18000030517578,33.2400016784668,30.746721267700195,500
2023-02-09,33.349998474121094,33.380001068115234,32.81999969482422,32.81999969482422,30.35820960998535,2600
2023-02-10,33.31999969482422,33.439998626708984,33.31999969482422,33.439998626708984,30.931713104248047,400
2023-02-13,33.59000015258789,33.630001068115234,33.52000045776367,33.630001068115234,31.10746192932129,7500
2023-02-14,33.5,33.5,33.41999816894531,33.41999816894531,30.913211822509766,1000
2023-02-15,33.189998626708984,33.59000015258789,33.189998626708984,33.59000015258789,31.07045555114746,4300
2023-02-16,33.220001220703125,33.58000183105469,33.220001220703125,33.380001068115234,30.87621307373047,9200
2023-02-17,33.5099983215332,33.810001373291016,33.5099983215332,33.77000045776367,31.236957550048828,1600
2023-02-21,33.400001525878906,33.400001525878906,33.13999938964844,33.13999938964844,30.654212951660156,2100
2023-02-22,33.189998626708984,33.33000183105469,33.11000061035156,33.11000061035156,30.626466751098633,900
2023-02-23,32.9900016784668,33.04999923706055,32.95000076293945,33.02000045776367,30.543216705322266,5500
2023-02-24,32.68000030517578,33.02000045776367,32.68000030517578,33.02000045776367,30.543216705322266,1300
2023-02-27,33.209999084472656,33.209999084472656,32.75,32.790000915527344,30.330467224121094,1000
2023-02-28,32.54999923706055,32.83000183105469,32.369998931884766,32.40999984741211,29.978967666625977,1500
2023-03-01,31.8799991607666,31.93000030517578,31.809999465942383,31.920000076293945,29.525724411010742,2000
2023-03-02,31.860000610351562,32.310001373291016,31.860000610351562,32.310001373291016,29.8864688873291,1100
2023-03-03,32.47999954223633,32.79999923706055,32.47999954223633,32.79999923706055,30.339712142944336,400
2023-03-06,32.86000061035156,32.86000061035156,32.65999984741211,32.83000183105469,30.367469787597656,1800
2023-03-07,32.279998779296875,32.369998931884766,32.2400016784668,32.34000015258789,29.914222717285156,1000
2023-03-08,32.279998779296875,32.58000183105469,32.279998779296875,32.54999923706055,30.108469009399414,1100
2023-03-09,32.630001068115234,32.7599983215332,32.209999084472656,32.209999084472656,29.79396629333496,1300
2023-03-10,31.81999969482422,31.81999969482422,31.56999969482422,31.610000610351562,29.23897933959961,600
2023-03-13,31.770000457763672,32.15999984741211,31.770000457763672,32.13999938964844,29.729219436645508,1200
2023-03-14,32.709999084472656,32.709999084472656,32.40999984741211,32.56999969482422,30.12696647644043,500
2023-03-15,32.349998474121094,32.849998474121094,32.349998474121094,32.75,30.293468475341797,500
2023-03-16,32.959999084472656,33.02000045776367,32.959999084472656,33.02000045776367,30.543216705322266,300
2023-03-17,33.04999923706055,33.04999923706055,32.650001525878906,32.68000030517578,30.22871971130371,1800
2023-03-20,32.61000061035156,32.869998931884766,32.61000061035156,32.84000015258789,30.473691940307617,800
2023-03-21,32.25,32.25,32.22999954223633,32.22999954223633,29.90764617919922,400
2023-03-22,31.969999313354492,32.220001220703125,31.549999237060547,31.549999237060547,29.276643753051758,2000
2023-03-23,31.559999465942383,31.709999084472656,31.030000686645508,31.190000534057617,28.942588806152344,3200
2023-03-24,31.239999771118164,32.20000076293945,31.239999771118164,32.20000076293945,29.879810333251953,2100
2023-03-27,32.27000045776367,32.310001373291016,32.209999084472656,32.209999084472656,29.88908576965332,400
2023-03-28,32.34000015258789,32.34000015258789,32.34000015258789,32.34000015258789,30.009723663330078,100
2023-03-29,32.77000045776367,32.779998779296875,32.65999984741211,32.779998779296875,30.418010711669922,2500
2023-03-30,32.970001220703125,32.9900016784668,32.90999984741211,32.90999984741211,30.53864860534668,400
2023-03-31,32.970001220703125,33.20000076293945,32.88999938964844,33.20000076293945,30.807754516601562,1400
2023-04-03,33.08000183105469,33.119998931884766,32.939998626708984,32.939998626708984,30.566486358642578,1500
2023-04-04,32.970001220703125,33.040000915527344,32.900001525878906,33.040000915527344,30.659286499023438,5900
2023-04-05,33.58000183105469,33.90999984741211,33.58000183105469,33.880001068115234,31.438756942749023,1500
2023-04-06,33.939998626708984,34.04999923706055,33.939998626708984,34.04999923706055,31.59650230407715,800
2023-04-10,33.90999984741211,34.060001373291016,33.90999984741211,34.060001373291016,31.605785369873047,1900
2023-04-11,34.130001068115234,34.2400016784668,34.09000015258789,34.119998931884766,31.66145896911621,3000
2023-04-12,34.33000183105469,34.33000183105469,34.029998779296875,34.11000061035156,31.652189254760742,5400
2023-04-13,33.869998931884766,34.08000183105469,33.5,34.029998779296875,31.57794952392578,2100
2023-04-14,33.689998626708984,33.720001220703125,33.52000045776367,33.66999816894531,31.24388885498047,1500
2023-04-17,33.5099983215332,33.77000045776367,33.5099983215332,33.77000045776367,31.33667755126953,2700
2023-04-18,33.720001220703125,33.720001220703125,33.5099983215332,33.58000183105469,31.160375595092773,1200
2023-04-19,33.84000015258789,33.84000015258789,33.810001373291016,33.84000015258789,31.401634216308594,4400
2023-04-20,33.91999816894531,33.91999816894531,33.79999923706055,33.84000015258789,31.401634216308594,500
2023-04-21,33.86000061035156,33.939998626708984,33.81999969482422,33.939998626708984,31.494434356689453,2400
2023-04-24,33.810001373291016,34.029998779296875,33.810001373291016,34.0099983215332,31.55938720703125,4100
2023-04-25,34.02000045776367,34.02000045776367,33.959999084472656,34.0,31.55010986328125,1000
2023-04-26,33.38999938964844,33.459999084472656,33.29999923706055,33.29999923706055,30.90055274963379,4500
2023-04-27,33.400001525878906,33.59000015258789,33.349998474121094,33.59000015258789,31.16965103149414,1300
2023-04-28,33.689998626708984,33.689998626708984,33.43000030517578,33.56999969482422,31.15108871459961,2100
2023-05-01,33.65999984741211,33.849998474121094,33.58000183105469,33.599998474121094,31.17893409729004,5300
2023-05-02,33.459999084472656,33.459999084472656,33.16999816894531,33.189998626708984,30.79846954345703,2300
2023-05-03,33.15999984741211,33.209999084472656,33.150001525878906,33.150001525878906,30.7613525390625,900
2023-05-04,32.95000076293945,33.380001068115234,32.95000076293945,33.380001068115234,30.97478485107422,11200
2023-05-05,33.380001068115234,33.68000030517578,33.380001068115234,33.68000030517578,31.2531681060791,800
2023-05-08,33.4900016784668,33.4900016784668,33.4900016784668,33.4900016784668,31.07685661315918,200
2023-05-09,33.369998931884766,33.540000915527344,33.369998931884766,33.540000915527344,31.12325668334961,500
2023-05-10,33.599998474121094,33.810001373291016,33.599998474121094,33.810001373291016,31.373804092407227,300
2023-05-11,33.56999969482422,33.61000061035156,33.369998931884766,33.43000030517578,31.02117919921875,1100
2023-05-12,33.45000076293945,33.599998474121094,33.45000076293945,33.599998474121094,31.17893409729004,500
2023-05-15,33.15999984741211,33.15999984741211,33.119998931884766,33.119998931884766,30.733516693115234,400
2023-05-16,32.790000915527344,32.790000915527344,32.439998626708984,32.459999084472656,30.121076583862305,1500
2023-05-17,32.470001220703125,32.47999954223633,32.36000061035156,32.43000030517578,30.093236923217773,2500
2023-05-18,32.22999954223633,32.400001525878906,32.189998626708984,32.400001525878906,30.065397262573242,4300
2023-05-19,32.439998626708984,32.439998626708984,32.439998626708984,32.439998626708984,30.102519989013672,0
2023-05-22,32.41999816894531,32.5,32.41999816894531,32.5,30.158191680908203,300
2023-05-23,32.720001220703125,32.720001220703125,32.439998626708984,32.439998626708984,30.102519989013672,900
2023-05-24,32.2400016784668,32.25,32.2400016784668,32.25,29.92620277404785,600
2023-05-25,31.920000076293945,31.950000762939453,31.81999969482422,31.8799991607666,29.58286476135254,10100
2023-05-26,31.670000076293945,31.8700008392334,31.639999389648438,31.8700008392334,29.573589324951172,9300
2023-05-30,31.940000534057617,31.940000534057617,31.799999237060547,31.799999237060547,29.508628845214844,500
2023-05-31,31.889999389648438,32.040000915527344,31.889999389648438,32.0099983215332,29.70349884033203,300
2023-06-01,31.780000686645508,31.799999237060547,31.739999771118164,31.799999237060547,29.508628845214844,3200
2023-06-02,32.16999816894531,32.31999969482422,32.16999816894531,32.290000915527344,29.96332359313965,1100
2023-06-05,32.38999938964844,32.38999938964844,32.130001068115234,32.29999923706055,29.972604751586914,37000
2023-06-06,32.310001373291016,32.43000030517578,32.310001373291016,32.43000030517578,30.093236923217773,1700
2023-06-07,32.5,33.0,32.5,33.0,30.622163772583008,500
2023-06-08,32.90999984741211,33.04999923706055,32.88999938964844,33.04999923706055,30.668561935424805,2600
2023-06-09,32.91999816894531,32.959999084472656,32.880001068115234,32.880001068115234,30.51081657409668,5700
2023-06-12,32.849998474121094,32.93000030517578,32.720001220703125,32.849998474121094,30.482975006103516,1500
2023-06-13,32.779998779296875,32.849998474121094,32.779998779296875,32.83000183105469,30.464420318603516,1400
2023-06-14,33.029998779296875,33.06999969482422,32.77000045776367,32.77000045776367,30.408737182617188,1900
2023-06-15,32.939998626708984,33.11000061035156,32.939998626708984,33.09000015258789,30.705684661865234,3500
2023-06-16,33.04999923706055,33.34000015258789,33.04999923706055,33.130001068115234,30.742801666259766,200
2023-06-20,32.72999954223633,32.849998474121094,32.560001373291016,32.59000015258789,30.42076301574707,14100
2023-06-21,32.54999923706055,32.75,32.54999923706055,32.75,30.570112228393555,900
2023-06-22,32.79999923706055,32.79999923706055,32.43000030517578,32.4900016784668,30.327417373657227,1200
2023-06-23,32.63999938964844,32.63999938964844,31.969999313354492,31.969999313354492,29.84202766418457,3600
2023-06-26,32.06999969482422,32.31999969482422,32.06999969482422,32.2599983215332,30.112728118896484,2200
2023-06-27,32.36000061035156,32.43000030517578,32.36000061035156,32.43000030517578,30.271413803100586,900
2023-06-28,32.36000061035156,32.36000061035156,31.979999542236328,32.0,29.87003517150879,600
2023-06-29,32.08000183105469,32.189998626708984,32.040000915527344,32.119998931884766,29.982046127319336,2600
2023-06-30,32.310001373291016,32.43000030517578,32.189998626708984,32.41999816894531,30.26207733154297,4500
2023-07-03,32.56999969482422,32.599998474121094,32.56999969482422,32.599998474121094,30.43009376525879,200
2023-07-05,32.470001220703125,32.869998931884766,32.470001220703125,32.869998931884766,30.682126998901367,300
2023-07-06,32.369998931884766,32.56999969482422,32.369998931884766,32.56999969482422,30.402095794677734,5600
2023-07-07,32.470001220703125,32.470001220703125,32.310001373291016,32.310001373291016,30.15940284729004,600
2023-07-10,32.36000061035156,32.36000061035156,32.029998779296875,32.2599983215332,30.112728118896484,2200
2023-07-11,32.33000183105469,32.66999816894531,32.33000183105469,32.66999816894531,30.49543571472168,300
2023-07-12,33.040000915527344,33.16999816894531,33.040000915527344,33.16999816894531,30.9621524810791,700
2023-07-13,33.279998779296875,33.279998779296875,33.20000076293945,33.279998779296875,31.064834594726562,9100
2023-07-14,33.13999938964844,33.13999938964844,32.9900016784668,33.09000015258789,30.887479782104492,1100
2023-07-17,32.849998474121094,33.029998779296875,32.779998779296875,32.779998779296875,30.598115921020508,800
2023-07-18,32.38999938964844,32.650001525878906,32.369998931884766,32.650001525878906,30.47677230834961,800
2023-07-19,32.720001220703125,32.97999954223633,32.720001220703125,32.97999954223633,30.784799575805664,1400
2023-07-20,33.150001525878906,33.5,33.150001525878906,33.5,31.270193099975586,3300
2023-07-21,33.93000030517578,33.93000030517578,33.93000030517578,33.93000030517578,31.671567916870117,100
2023-07-24,33.88999938964844,33.90999984741211,33.75,33.79999923706055,31.55022430419922,2200
2023-07-25,33.88999938964844,33.88999938964844,33.88999938964844,33.88999938964844,31.634233474731445,300
2023-07-26,33.7400016784668,33.900001525878906,33.7400016784668,33.900001525878906,31.643573760986328,400
2023-07-27,33.61000061035156,33.61000061035156,33.220001220703125,33.29999923706055,31.0835018157959,3100
2023-07-28,33.45000076293945,33.45000076293945,33.15999984741211,33.209999084472656,30.999488830566406,1500
2023-07-31,33.220001220703125,33.349998474121094,33.189998626708984,33.2400016784668,31.027498245239258,3100
2023-08-01,33.08000183105469,33.08000183105469,32.959999084472656,32.959999084472656,30.766132354736328,1700
2023-08-02,32.7599983215332,33.0,32.7599983215332,32.939998626708984,30.747461318969727,1300
2023-08-03,32.5099983215332,32.529998779296875,32.43000030517578,32.43000030517578,30.271413803100586,1400
2023-08-04,32.13999938964844,32.13999938964844,32.13999938964844,32.13999938964844,30.000715255737305,100
2023-08-07,32.20000076293945,32.20000076293945,32.20000076293945,32.20000076293945,30.05672264099121,200
2023-08-08,32.0,32.220001220703125,31.889999389648438,32.220001220703125,30.075393676757812,1800
2023-08-09,32.31999969482422,32.31999969482422,32.31999969482422,32.31999969482422,30.168733596801758,100
2023-08-10,32.54999923706055,32.54999923706055,32.2400016784668,32.25,30.103389739990234,5000
2023-08-11,32.36000061035156,32.400001525878906,32.290000915527344,32.400001525878906,30.243410110473633,1200
2023-08-14,32.290000915527344,32.290000915527344,32.0099983215332,32.150001525878906,30.01004981994629,1200
2023-08-15,31.729999542236328,31.739999771118164,31.639999389648438,31.639999389648438,29.533994674682617,700
2023-08-16,31.799999237060547,31.799999237060547,31.75,31.75,29.636674880981445,800
2023-08-17,31.850000381469727,31.850000381469727,31.56999969482422,31.56999969482422,29.46865463256836,1600
2023-08-18,31.709999084472656,31.760000228881836,31.700000762939453,31.729999542236328,29.618000030517578,700
2023-08-21,31.6200008392334,31.6200008392334,31.540000915527344,31.540000915527344,29.440650939941406,1000
2023-08-22,31.639999389648438,31.639999389648438,31.6200008392334,31.6200008392334,29.51532554626465,1000
2023-08-23,31.729999542236328,31.770000457763672,31.729999542236328,31.75,29.636674880981445,500
2023-08-24,31.75,31.75,31.579999923706055,31.579999923706055,29.477991104125977,400
2023-08-25,31.8700008392334,31.8700008392334,31.809999465942383,31.809999465942383,29.69268035888672,200
2023-08-28,31.770000457763672,31.770000457763672,31.770000457763672,31.770000457763672,29.65534210205078,100
2023-08-29,31.760000228881836,31.850000381469727,31.760000228881836,31.850000381469727,29.730018615722656,800
2023-08-30,31.81999969482422,31.829999923706055,31.690000534057617,31.790000915527344,29.674009323120117,2700
2023-08-31,31.709999084472656,31.709999084472656,31.5,31.5,29.403310775756836,1400
2023-09-01,31.510000228881836,31.610000610351562,31.299999237060547,31.34000015258789,29.253963470458984,1200
2023-09-05,31.280000686645508,31.280000686645508,30.889999389648438,30.889999389648438,28.83391761779785,700
2023-09-06,30.889999389648438,31.0,30.84000015258789,30.950000762939453,28.889923095703125,4200
2023-09-07,31.440000534057617,31.440000534057617,31.299999237060547,31.299999237060547,29.216625213623047,1300
2023-09-08,31.5,31.510000228881836,31.5,31.510000228881836,29.412649154663086,2300
2023-09-11,31.579999923706055,31.600000381469727,31.510000228881836,31.549999237060547,29.449983596801758,2100
2023-09-12,31.670000076293945,31.670000076293945,31.6299991607666,31.6299991607666,29.524660110473633,100
2023-09-13,31.940000534057617,31.979999542236328,31.899999618530273,31.950000762939453,29.823362350463867,3700
2023-09-14,32.290000915527344,32.41999816894531,32.290000915527344,32.41999816894531,30.26207733154297,400
2023-09-15,32.279998779296875,32.52000045776367,32.220001220703125,32.220001220703125,30.075393676757812,4400
2023-09-18,32.0099983215332,32.04999923706055,32.0099983215332,32.04999923706055,30.134624481201172,400
2023-09-19,32.029998779296875,32.029998779296875,31.940000534057617,31.940000534057617,30.031200408935547,700
2023-09-20,32.060001373291016,32.119998931884766,31.8799991607666,31.8799991607666,29.974781036376953,1600
2023-09-21,31.84000015258789,31.84000015258789,31.559999465942383,31.559999465942383,29.673906326293945,3700
2023-09-22,31.579999923706055,31.579999923706055,31.450000762939453,31.450000762939453,29.57048225402832,1200
2023-09-25,31.260000228881836,31.399999618530273,31.219999313354492,31.399999618530273,29.523468017578125,700
2023-09-26,30.940000534057617,30.959999084472656,30.5,30.559999465942383,28.733671188354492,2800
2023-09-27,30.149999618530273,30.149999618530273,30.149999618530273,30.149999618530273,28.34817123413086,100
2023-09-28,30.190000534057617,30.219999313354492,29.700000762939453,29.709999084472656,27.934465408325195,1000
2023-09-29,30.0,30.0,29.649999618530273,29.719999313354492,27.943870544433594,1200
2023-10-02,28.549999237060547,28.549999237060547,28.3799991607666,28.540000915527344,26.83439064025879,2200
2023-10-03,28.3700008392334,28.940000534057617,28.139999389648438,28.8799991607666,27.154069900512695,10500
2023-10-04,28.969999313354492,28.969999313354492,28.6200008392334,28.940000534057617,27.210485458374023,1100
2023-10-05,28.899999618530273,29.139999389648438,28.899999618530273,29.059999465942383,27.32331085205078,700
2023-10-06,28.770000457763672,29.399999618530273,28.770000457763672,29.399999618530273,27.642990112304688,1500
2023-10-09,29.68000030517578,29.75,29.68000030517578,29.75,27.972076416015625,900
2023-10-10,29.899999618530273,30.059999465942383,29.899999618530273,30.059999465942383,28.263551712036133,300
2023-10-11,30.420000076293945,30.420000076293945,30.420000076293945,30.420000076293945,28.602031707763672,100
2023-10-12,29.850000381469727,30.030000686645508,29.850000381469727,30.030000686645508,28.2353458404541,300
2023-10-13,29.940000534057617,30.200000762939453,29.940000534057617,30.200000762939453,28.395185470581055,400
2023-10-16,30.260000228881836,30.549999237060547,30.260000228881836,30.549999237060547,28.724267959594727,1200
2023-10-17,30.209999084472656,30.510000228881836,30.209999084472656,30.510000228881836,28.68665885925293,900
2023-10-18,30.5,30.5,30.229999542236328,30.229999542236328,28.42339324951172,400
2023-10-19,30.139999389648438,30.139999389648438,29.959999084472656,29.959999084472656,28.169527053833008,300
2023-10-20,29.93000030517578,29.93000030517578,29.6299991607666,29.6299991607666,27.85924530029297,2200
2023-10-23,29.489999771118164,29.639999389648438,29.360000610351562,29.360000610351562,27.60538673400879,2500
2023-10-24,29.8700008392334,29.979999542236328,29.8700008392334,29.899999618530273,28.11311149597168,900
2023-10-25,29.899999618530273,29.920000076293945,29.899999618530273,29.920000076293945,28.131919860839844,200
2023-10-26,30.010000228881836,30.219999313354492,30.010000228881836,30.1299991607666,28.32936668395996,700
2023-10-27,29.559999465942383,29.559999465942383,29.559999465942383,29.559999465942383,27.793432235717773,100
2023-10-30,29.540000915527344,29.68000030517578,29.540000915527344,29.68000030517578,27.90626335144043,3100
2023-10-31,29.8700008392334,29.969999313354492,29.799999237060547,29.969999313354492,28.178926467895508,1800
2023-11-01,30.25,30.3799991607666,30.25,30.3799991607666,28.564422607421875,600
2023-11-02,30.989999771118164,30.989999771118164,30.989999771118164,30.989999771118164,29.137971878051758,200
2023-11-03,31.459999084472656,31.459999084472656,31.190000534057617,31.190000534057617,29.326019287109375,500
2023-11-06,31.18000030517578,31.18000030517578,31.020000457763672,31.020000457763672,29.166181564331055,600
2023-11-07,30.84000015258789,30.84000015258789,30.670000076293945,30.670000076293945,28.83709716796875,300
2023-11-08,30.34000015258789,30.360000610351562,30.170000076293945,30.360000610351562,28.545625686645508,1300
2023-11-09,30.399999618530273,30.469999313354492,30.09000015258789,30.100000381469727,28.30116081237793,5000
2023-11-10,30.290000915527344,30.290000915527344,30.190000534057617,30.270000457763672,28.461002349853516,2200
2023-11-13,30.010000228881836,30.18000030517578,30.010000228881836,30.09000015258789,28.29175567626953,1100
2023-11-14,30.489999771118164,31.190000534057617,30.489999771118164,31.190000534057617,29.326019287109375,1200
2023-11-15,31.18000030517578,31.18000030517578,31.110000610351562,31.110000610351562,29.25079917907715,2500
2023-11-16,31.25,31.290000915527344,31.200000762939453,31.200000762939453,29.335420608520508,1700
2023-11-17,31.34000015258789,31.34000015258789,31.25,31.299999237060547,29.429447174072266,1500
2023-11-20,31.100000381469727,31.110000610351562,31.100000381469727,31.110000610351562,29.25079917907715,600
2023-11-21,31.06999969482422,31.06999969482422,31.06999969482422,31.06999969482422,29.213191986083984,100
2023-11-22,31.100000381469727,31.309999465942383,31.100000381469727,31.309999465942383,29.438844680786133,800
2023-11-24,31.3700008392334,31.3700008392334,31.3700008392334,31.3700008392334,29.495262145996094,100
2023-11-27,31.290000915527344,31.510000228881836,31.290000915527344,31.459999084472656,29.579883575439453,2600
2023-11-28,31.389999389648438,31.530000686645508,31.389999389648438,31.43000030517578,29.55167579650879,800
2023-11-29,31.3799991607666,31.479999542236328,31.1200008392334,31.170000076293945,29.307214736938477,4900
2023-11-30,31.200000762939453,31.43000030517578,31.200000762939453,31.43000030517578,29.55167579650879,3600
2023-12-01,31.739999771118164,31.860000610351562,31.719999313354492,31.860000610351562,29.95598030090332,2700
2023-12-04,31.969999313354492,32.02000045776367,31.920000076293945,31.920000076293945,30.012393951416016,600
2023-12-05,31.610000610351562,31.6299991607666,31.600000381469727,31.6299991607666,29.739723205566406,600
2023-12-06,31.760000228881836,31.809999465942383,31.75,31.809999465942383,29.908967971801758,1000
2023-12-07,31.84000015258789,31.90999984741211,31.739999771118164,31.75,29.852554321289062,15400
2023-12-08,31.700000762939453,31.700000762939453,31.670000076293945,31.700000762939453,29.8055419921875,600
2023-12-11,31.739999771118164,31.809999465942383,31.729999542236328,31.809999465942383,29.908967971801758,600
2023-12-12,31.600000381469727,31.719999313354492,31.600000381469727,31.68000030517578,29.7867374420166,2000
2023-12-13,31.690000534057617,32.720001220703125,31.690000534057617,32.720001220703125,30.76458168029785,2100
2023-12-14,32.84000015258789,32.939998626708984,32.29999923706055,32.31999969482422,30.388486862182617,7600
2023-12-15,31.920000076293945,32.0,31.68000030517578,31.8700008392334,29.965383529663086,1800
2023-12-18,31.559999465942383,31.6299991607666,31.549999237060547,31.59000015258789,29.910465240478516,1800
2023-12-19,31.610000610351562,31.8700008392334,31.610000610351562,31.850000381469727,30.156644821166992,8600
2023-12-20,31.770000457763672,31.899999618530273,31.309999465942383,31.309999465942383,29.645349502563477,2200
2023-12-21,31.399999618530273,31.56999969482422,31.299999237060547,31.520000457763672,29.844186782836914,15100
2023-12-22,31.670000076293945,31.829999923706055,31.670000076293945,31.719999313354492,30.033554077148438,2700
2023-12-26,31.799999237060547,32.0099983215332,31.799999237060547,31.860000610351562,30.166112899780273,1000
2023-12-27,31.81999969482422,31.81999969482422,31.81999969482422,31.81999969482422,30.12823486328125,100
2023-12-28,31.93000030517578,32.0099983215332,31.93000030517578,31.979999542236328,30.279733657836914,6000
2023-12-29,31.93000030517578,31.93000030517578,31.739999771118164,31.90999984741211,30.213455200195312,8500
2024-01-02,32.33000183105469,32.400001525878906,32.31999969482422,32.31999969482422,30.601654052734375,1500
2024-01-03,32.22999954223633,32.29999923706055,32.22999954223633,32.290000915527344,30.5732479095459,800
2024-01-04,32.459999084472656,32.459999084472656,32.15999984741211,32.15999984741211,30.45016098022461,4200
2024-01-05,32.45000076293945,32.45000076293945,32.18000030517578,32.290000915527344,30.5732479095459,1500
2024-01-08,32.31999969482422,32.470001220703125,32.290000915527344,32.470001220703125,30.743675231933594,1300
2024-01-09,32.2599983215332,32.2599983215332,32.25,32.25,30.535371780395508,700
2024-01-10,32.2400016784668,32.2400016784668,32.13999938964844,32.13999938964844,30.431222915649414,2300
2024-01-11,31.350000381469727,31.350000381469727,31.350000381469727,31.350000381469727,29.6832275390625,300
2024-01-12,31.559999465942383,31.559999465942383,31.549999237060547,31.549999237060547,29.872591018676758,4700
2024-01-16,31.299999237060547,31.389999389648438,31.18000030517578,31.18000030517578,29.52226448059082,1700
2024-01-17,30.829999923706055,30.8700008392334,30.829999923706055,30.8700008392334,29.22874641418457,900
2024-01-18,30.6299991607666,30.649999618530273,30.469999313354492,30.649999618530273,29.020442962646484,1100
2024-01-19,30.34000015258789,30.65999984741211,30.34000015258789,30.65999984741211,29.029911041259766,1900
2024-01-22,30.670000076293945,30.670000076293945,30.5,30.649999618530273,29.020442962646484,1100
2024-01-23,30.579999923706055,30.68000030517578,30.579999923706055,30.68000030517578,29.04884910583496,1000
2024-01-24,30.739999771118164,30.739999771118164,30.229999542236328,30.239999771118164,28.632240295410156,1200
2024-01-25,30.600000381469727,30.829999923706055,30.479999542236328,30.829999923706055,29.190874099731445,19000
2024-01-26,30.780000686645508,30.940000534057617,30.780000686645508,30.90999984741211,29.266618728637695,1300
2024-01-29,31.010000228881836,31.110000610351562,31.0,31.110000610351562,29.45598793029785,800
2024-01-30,31.0,31.09000015258789,31.0,31.079999923706055,29.42757797241211,2100
2024-01-31,31.229999542236328,31.229999542236328,30.93000030517578,30.93000030517578,29.28555679321289,800
2024-02-01,30.799999237060547,31.489999771118164,30.799999237060547,31.489999771118164,29.81578254699707,1900
2024-02-02,31.110000610351562,31.299999237060547,30.93000030517578,31.1299991607666,29.474925994873047,1800
2024-02-05,30.780000686645508,30.829999923706055,30.489999771118164,30.520000457763672,28.897356033325195,7100
2024-02-06,30.459999084472656,30.719999313354492,30.459999084472656,30.6299991607666,29.00150489807129,5500
2024-02-07,30.729999542236328,30.729999542236328,30.639999389648438,30.65999984741211,29.029911041259766,500
2024-02-08,30.34000015258789,30.489999771118164,30.34000015258789,30.489999771118164,28.868953704833984,3800
2024-02-09,30.469999313354492,30.639999389648438,30.469999313354492,30.6299991607666,29.00150489807129,1400
2024-02-12,30.530000686645508,30.969999313354492,30.530000686645508,30.940000534057617,29.295024871826172,2600
2024-02-13,30.489999771118164,30.489999771118164,30.309999465942383,30.420000076293945,28.802671432495117,600
2024-02-14,30.5,30.5,30.479999542236328,30.479999542236328,28.85948371887207,1400
2024-02-15,30.989999771118164,31.049999237060547,30.8700008392334,31.049999237060547,29.399173736572266,2200
2024-02-16,30.8799991607666,31.170000076293945,30.8799991607666,31.06999969482422,29.418109893798828,138800
2024-02-20,31.280000686645508,31.299999237060547,31.0,31.0,29.351831436157227,3500
2024-02-21,31.34000015258789,31.43000030517578,31.34000015258789,31.43000030517578,29.758970260620117,600
2024-02-22,31.329999923706055,31.329999923706055,31.010000228881836,31.239999771118164,29.579072952270508,5700
2024-02-23,31.260000228881836,31.459999084472656,31.260000228881836,31.389999389648438,29.721097946166992,2700
2024-02-26,31.299999237060547,31.299999237060547,31.0,31.0,29.351831436157227,4900
2024-02-27,31.360000610351562,31.540000915527344,31.329999923706055,31.540000915527344,29.86312484741211,3000
2024-02-28,31.6200008392334,31.6299991607666,31.540000915527344,31.6299991607666,29.94833755493164,1100
2024-02-29,31.969999313354492,31.969999313354492,31.6200008392334,31.770000457763672,30.080894470214844,1800
2024-03-01,31.540000915527344,31.65999984741211,31.420000076293945,31.65999984741211,29.976741790771484,1800
2024-03-04,31.540000915527344,32.25,31.540000915527344,32.25,30.535371780395508,500
2024-03-05,32.34000015258789,32.380001068115234,32.22999954223633,32.22999954223633,30.51643943786621,1500
2024-03-06,32.58000183105469,32.59000015258789,32.56999969482422,32.56999969482422,30.838361740112305,400
2024-03-07,32.779998779296875,32.779998779296875,32.650001525878906,32.709999084472656,30.970916748046875,1600
2024-03-08,32.599998474121094,32.709999084472656,32.599998474121094,32.650001525878906,30.914112091064453,500
2024-03-11,32.66999816894531,32.72999954223633,32.619998931884766,32.72999954223633,30.989852905273438,4000
2024-03-12,32.56999969482422,32.630001068115234,32.4900016784668,32.52000045776367,30.7910213470459,1000
2024-03-13,32.41999816894531,32.650001525878906,32.41999816894531,32.470001220703125,30.743675231933594,4700
2024-03-14,32.15999984741211,32.22999954223633,32.029998779296875,32.22999954223633,30.51643943786621,4200
2024-03-15,32.0099983215332,32.209999084472656,32.0099983215332,32.209999084472656,30.49750328063965,200
2024-03-18,32.16999816894531,32.34000015258789,32.16999816894531,32.20000076293945,30.628767013549805,2500
2024-03-19,32.52000045776367,32.52000045776367,32.52000045776367,32.52000045776367,30.93315315246582,100
2024-03-20,32.38999938964844,32.7400016784668,32.38999938964844,32.619998931884766,31.02827262878418,600
2024-03-21,32.88999938964844,32.88999938964844,32.75,32.75,31.151927947998047,400
2024-03-22,32.849998474121094,32.849998474121094,32.70000076293945,32.7400016784668,31.14241600036621,1100
2024-03-25,32.779998779296875,32.91999816894531,32.779998779296875,32.91999816894531,31.31363296508789,800
2024-03-26,32.970001220703125,32.970001220703125,32.56999969482422,32.56999969482422,30.980714797973633,1500
2024-03-27,32.81999969482422,33.310001373291016,32.81999969482422,33.310001373291016,31.684606552124023,12900
2024-03-28,33.380001068115234,33.66999816894531,33.380001068115234,33.66999816894531,32.02703857421875,5800
2024-04-01,33.650001525878906,33.650001525878906,33.45000076293945,33.459999084472656,31.827287673950195,4600
2024-04-02,33.65999984741211,33.68000030517578,33.5099983215332,33.54999923706055,31.912899017333984,2200
2024-04-03,33.619998931884766,33.619998931884766,33.529998779296875,33.529998779296875,31.89387321472168,4300
2024-04-04,33.400001525878906,33.400001525878906,33.310001373291016,33.310001373291016,31.684606552124023,2900
2024-04-05,33.310001373291016,33.43000030517578,33.08000183105469,33.43000030517578,31.798748016357422,800
2024-04-08,33.560001373291016,33.61000061035156,33.560001373291016,33.61000061035156,31.96996307373047,400
2024-04-09,33.70000076293945,33.70000076293945,33.540000915527344,33.65999984741211,32.01752853393555,1300
2024-04-10,32.95000076293945,33.09000015258789,32.95000076293945,33.09000015258789,31.475341796875,300
2024-04-11,33.20000076293945,33.20000076293945,32.869998931884766,33.099998474121094,31.48485565185547,4400
2024-04-12,33.08000183105469,33.08000183105469,32.880001068115234,32.880001068115234,31.275588989257812,300
2024-04-15,32.650001525878906,32.650001525878906,32.650001525878906,32.650001525878906,31.05681037902832,400
2024-04-16,32.290000915527344,32.290000915527344,32.25,32.290000915527344,30.71437644958496,2700
2024-04-17,32.529998779296875,32.720001220703125,32.52000045776367,32.720001220703125,31.123395919799805,14300
2024-04-18,32.70000076293945,32.86000061035156,32.70000076293945,32.81999969482422,31.21851348876953,1000
2024-04-19,32.72999954223633,33.2400016784668,32.72999954223633,33.2400016784668,31.618022918701172,2300
2024-04-22,33.27000045776367,33.560001373291016,33.27000045776367,33.470001220703125,31.8367977142334,1400
2024-04-23,33.40999984741211,33.7400016784668,33.40999984741211,33.619998931884766,31.979475021362305,500
2024-04-24,33.65999984741211,33.90999984741211,33.65999984741211,33.90999984741211,32.25532150268555,1400
2024-04-25,33.77000045776367,34.0,33.650001525878906,33.959999084472656,32.30288314819336,1700
2024-04-26,33.83000183105469,33.869998931884766,33.65999984741211,33.65999984741211,32.01752853393555,1000
2024-04-29,34.08000183105469,34.15999984741211,34.06999969482422,34.15999984741211,32.49312973022461,400
2024-04-30,33.939998626708984,34.040000915527344,33.93000030517578,33.93000030517578,32.274349212646484,700
2024-05-01,34.150001525878906,34.150001525878906,34.150001525878906,34.150001525878906,32.48361587524414,100
2024-05-02,34.349998474121094,34.540000915527344,34.290000915527344,34.41999816894531,32.74043273925781,1500
2024-05-03,34.65999984741211,34.72999954223633,34.650001525878906,34.72999954223633,33.035316467285156,1600
2024-05-06,34.86000061035156,34.95000076293945,34.86000061035156,34.95000076293945,33.24457931518555,400
2024-05-07,35.150001525878906,35.150001525878906,35.150001525878906,35.150001525878906,33.4348258972168,200
2024-05-08,35.0,35.5099983215332,35.0,35.47999954223633,33.748714447021484,1800
2024-05-09,35.790000915527344,36.0,35.77000045776367,36.0,34.243343353271484,7200
2024-05-10,35.84000015258789,36.06999969482422,35.84000015258789,35.959999084472656,34.20529556274414,2300
2024-05-13,36.08000183105469,36.15999984741211,35.90999984741211,35.90999984741211,34.157737731933594,3600
2024-05-14,35.849998474121094,35.97999954223633,35.810001373291016,35.93000030517578,34.1767578125,2800
2024-05-15,36.380001068115234,36.40999984741211,36.36000061035156,36.40999984741211,34.63333511352539,1600
2024-05-16,36.560001373291016,36.560001373291016,36.34000015258789,36.34000015258789,34.56675338745117,1800
2024-05-17,36.279998779296875,36.380001068115234,36.18000030517578,36.33000183105469,34.55724334716797,2500
2024-05-20,36.38999938964844,36.400001525878906,36.22999954223633,36.290000915527344,34.519195556640625,4000
2024-05-21,36.470001220703125,36.47999954223633,36.38999938964844,36.47999954223633,34.69992446899414,1400
2024-05-22,36.279998779296875,36.279998779296875,36.04999923706055,36.04999923706055,34.29090118408203,1700
2024-05-23,36.0,36.0,35.459999084472656,35.459999084472656,33.72969055175781,1100
2024-05-24,35.66999816894531,35.849998474121094,35.66999816894531,35.779998779296875,34.034080505371094,9400
2024-05-28,35.83000183105469,35.83000183105469,35.63999938964844,35.63999938964844,33.900909423828125,1000
2024-05-29,35.349998474121094,35.349998474121094,35.11000061035156,35.189998626708984,33.47286605834961,1900
2024-05-30,35.310001373291016,35.689998626708984,35.310001373291016,35.689998626708984,33.94846725463867,8700
2024-05-31,35.709999084472656,36.189998626708984,35.709999084472656,36.189998626708984,34.424072265625,1100
2024-06-03,35.779998779296875,35.880001068115234,35.72999954223633,35.810001373291016,34.062618255615234,3900
2024-06-04,35.849998474121094,35.91999816894531,35.849998474121094,35.849998474121094,34.10065841674805,2300
2024-06-05,35.810001373291016,35.810001373291016,35.689998626708984,35.689998626708984,33.94846725463867,700
2024-06-06,35.279998779296875,35.279998779296875,35.279998779296875,35.279998779296875,33.558475494384766,100
2024-06-07,35.20000076293945,35.20000076293945,35.0,35.0,33.29214096069336,3500
2024-06-10,35.16999816894531,35.310001373291016,35.15999984741211,35.279998779296875,33.558475494384766,1600
2024-06-11,35.38999938964844,35.38999938964844,35.38999938964844,35.38999938964844,33.66311264038086,100
2024-06-12,35.66999816894531,35.66999816894531,35.189998626708984,35.189998626708984,33.47286605834961,5300
2024-06-13,35.189998626708984,35.189998626708984,35.16999816894531,35.16999816894531,33.45384216308594,600
2024-06-14,34.900001525878906,35.0,34.75,34.970001220703125,33.26361083984375,15900
2024-06-17,34.90999984741211,34.90999984741211,34.72999954223633,34.72999954223633,33.035316467285156,160700
2024-06-18,34.65999984741211,34.97999954223633,34.65999984741211,34.97999954223633,33.27312088012695,800
2024-06-20,35.11000061035156,35.13999938964844,35.02000045776367,35.13999938964844,33.42530822753906,1800
2024-06-21,35.22999954223633,35.22999954223633,34.97999954223633,35.040000915527344,33.33019256591797,2800
2024-06-24,34.93000030517578,35.130001068115234,34.93000030517578,35.130001068115234,33.62596130371094,3700
2024-06-25,35.150001525878906,35.150001525878906,34.880001068115234,34.88999938964844,33.39623260498047,1800
2024-06-26,34.65999984741211,34.790000915527344,34.65999984741211,34.790000915527344,33.30051803588867,400
2024-06-27,34.68000030517578,34.84000015258789,34.68000030517578,34.83000183105469,33.33879852294922,1600
2024-06-28,34.939998626708984,34.939998626708984,34.650001525878906,34.81999969482422,33.329227447509766,3700
2024-07-01,34.630001068115234,34.689998626708984,34.560001373291016,34.560001373291016,33.08036422729492,1600
2024-07-02,34.630001068115234,34.72999954223633,34.630001068115234,34.68000030517578,33.195228576660156,1500
2024-07-03,34.63999938964844,34.79999923706055,34.63999938964844,34.75,33.262229919433594,1100
2024-07-05,34.86000061035156,34.86000061035156,34.650001525878906,34.75,33.262229919433594,300
2024-07-08,34.869998931884766,34.880001068115234,34.720001220703125,34.77000045776367,33.281375885009766,7600
2024-07-09,34.709999084472656,34.81999969482422,34.709999084472656,34.81999969482422,33.329227447509766,800
2024-07-10,34.88999938964844,35.11000061035156,34.88999938964844,35.11000061035156,33.606815338134766,500
2024-07-11,35.650001525878906,35.79999923706055,35.650001525878906,35.79999923706055,34.26727294921875,26000
2024-07-12,36.099998474121094,36.220001220703125,36.0099983215332,36.0099983215332,34.468284606933594,600
2024-07-15,35.90999984741211,35.90999984741211,35.45000076293945,35.47999954223633,33.96097183227539,2500
2024-07-16,35.65999984741211,35.81999969482422,35.65999984741211,35.81999969482422,34.28641891479492,124300
2024-07-17,36.13999938964844,36.13999938964844,35.869998931884766,35.869998931884766,34.33427810668945,12300
2024-07-18,35.84000015258789,36.060001373291016,35.709999084472656,35.709999084472656,34.181129455566406,2400
2024-07-19,35.70000076293945,35.7400016784668,35.619998931884766,35.709999084472656,34.181129455566406,1300
2024-07-22,36.0099983215332,36.029998779296875,35.9900016784668,35.9900016784668,34.44914245605469,3900
2024-07-23,35.959999084472656,35.970001220703125,35.849998474121094,35.849998474121094,34.31513214111328,400
2024-07-24,36.0,36.20000076293945,35.959999084472656,35.9900016784668,34.44914245605469,6000
2024-07-25,36.22999954223633,36.310001373291016,35.779998779296875,35.90999984741211,34.372562408447266,24000
2024-07-26,36.13999938964844,36.25,36.13999938964844,36.25,34.69801330566406,1000
2024-07-29,36.290000915527344,36.400001525878906,36.16999816894531,36.31999969482422,34.7650146484375,800
2024-07-30,36.33000183105469,36.540000915527344,36.33000183105469,36.540000915527344,34.97559356689453,51100
2024-07-31,37.06999969482422,37.06999969482422,36.63999938964844,36.83000183105469,35.25318145751953,3100
2024-08-01,37.0099983215332,37.290000915527344,36.90999984741211,37.25,35.65519332885742,5300
2024-08-02,37.2599983215332,37.2599983215332,36.68000030517578,36.93000030517578,35.34889221191406,2900
2024-08-05,36.189998626708984,36.290000915527344,35.90999984741211,35.90999984741211,34.372562408447266,2400
2024-08-06,36.45000076293945,36.779998779296875,36.380001068115234,36.380001068115234,34.82244873046875,1400
2024-08-07,36.849998474121094,36.93000030517578,36.439998626708984,36.52000045776367,34.956443786621094,23500
2024-08-08,36.38999938964844,36.83000183105469,36.38999938964844,36.72999954223633,35.1574592590332,2000
2024-08-09,36.4900016784668,36.83000183105469,36.4900016784668,36.83000183105469,35.25318145751953,5300
2024-08-12,36.630001068115234,36.849998474121094,36.630001068115234,36.849998474121094,35.27231979370117,2900
2024-08-13,36.93000030517578,37.11000061035156,36.93000030517578,37.09000015258789,35.50204086303711,55400
2024-08-14,37.11000061035156,37.22999954223633,37.099998474121094,37.11000061035156,35.52118682861328,1200
2024-08-15,37.02000045776367,37.220001220703125,37.02000045776367,37.16999816894531,35.578617095947266,1900
2024-08-16,37.290000915527344,37.34000015258789,37.22999954223633,37.22999954223633,35.63605499267578,1500
2024-08-19,37.380001068115234,37.52000045776367,37.369998931884766,37.5099983215332,35.90406036376953,5100
2024-08-20,37.459999084472656,37.5099983215332,37.36000061035156,37.380001068115234,35.779632568359375,2400
2024-08-21,37.38999938964844,37.61000061035156,37.38999938964844,37.61000061035156,35.99978256225586,1200
2024-08-22,37.619998931884766,37.63999938964844,37.470001220703125,37.56999969482422,35.96149444580078,6600
2024-08-23,37.63999938964844,37.91999816894531,37.63999938964844,37.84000015258789,36.219932556152344,1700
2024-08-26,38.119998931884766,38.119998931884766,37.970001220703125,38.0099983215332,36.382652282714844,8700
2024-08-27,37.849998474121094,37.939998626708984,37.689998626708984,37.70000076293945,36.08592987060547,800
2024-08-28,37.86000061035156,37.86000061035156,37.68000030517578,37.720001220703125,36.10507583618164,3100
2024-08-29,37.810001373291016,37.93000030517578,37.77000045776367,37.93000030517578,36.306087493896484,137500
2024-08-30,38.04999923706055,38.209999084472656,37.939998626708984,38.18000030517578,36.54538345336914,7400
2024-09-03,38.060001373291016,38.189998626708984,38.0099983215332,38.02000045776367,36.39222717285156,5400
2024-09-04,38.16999816894531,38.59000015258789,38.16999816894531,38.59000015258789,36.93782424926758,6100
2024-09-05,38.77000045776367,38.77000045776367,38.290000915527344,38.36000061035156,36.71767807006836,13200
2024-09-06,38.52000045776367,38.52000045776367,37.97999954223633,38.060001373291016,36.43051528930664,27700
2024-09-09,37.939998626708984,38.40999984741211,37.939998626708984,38.40999984741211,36.765533447265625,2900
2024-09-10,38.400001525878906,38.619998931884766,38.400001525878906,38.54999923706055,36.899539947509766,39400
2024-09-11,38.540000915527344,38.540000915527344,38.18000030517578,38.529998779296875,36.88039016723633,2500
2024-09-12,38.52000045776367,38.68000030517578,38.52000045776367,38.68000030517578,37.02397155761719,10300
2024-09-13,38.869998931884766,39.279998779296875,38.869998931884766,39.279998779296875,37.59828186035156,700
2024-09-16,39.31999969482422,39.68000030517578,39.31999969482422,39.650001525878906,37.95244216918945,2200
2024-09-17,39.650001525878906,39.68000030517578,39.47999954223633,39.529998779296875,37.83757781982422,6600
2024-09-18,39.599998474121094,39.599998474121094,39.18000030517578,39.31999969482422,37.636573791503906,18200
2024-09-19,39.22999954223633,39.22999954223633,39.11000061035156,39.22999954223633,37.55042266845703,78000
2024-09-20,40.02000045776367,40.04999923706055,40.02000045776367,40.02000045776367,38.306602478027344,500
2024-09-23,39.91999816894531,40.16999816894531,39.91999816894531,40.15999984741211,38.66281509399414,4800
2024-09-24,39.97999954223633,40.13999938964844,39.88999938964844,39.88999938964844,38.40287399291992,13600
2024-09-25,40.0099983215332,40.13999938964844,40.0099983215332,40.099998474121094,38.605045318603516,800
2024-09-26,40.130001068115234,40.130001068115234,39.880001068115234,39.88999938964844,38.40287399291992,2900
2024-09-27,40.099998474121094,40.34000015258789,40.040000915527344,40.27000045776367,38.76871109008789,8500
2024-09-30,40.04999923706055,40.459999084472656,40.04999923706055,40.45000076293945,38.94199752807617,23100
2024-10-01,40.540000915527344,40.59000015258789,40.20000076293945,40.59000015258789,39.07677459716797,13900
2024-10-02,40.2400016784668,40.5099983215332,40.2400016784668,40.47999954223633,38.97087097167969,1600
2024-10-03,40.59000015258789,40.70000076293945,40.439998626708984,40.439998626708984,38.932373046875,5000
2024-10-04,40.220001220703125,40.52000045776367,40.20000076293945,40.52000045776367,39.00938415527344,1500
2024-10-07,40.43000030517578,40.43000030517578,39.599998474121094,39.65999984741211,38.18144607543945,8500
2024-10-08,39.65999984741211,39.83000183105469,39.65999984741211,39.66999816894531,38.19107437133789,1700
2024-10-09,39.540000915527344,39.540000915527344,39.310001373291016,39.369998931884766,37.902259826660156,11100
2024-10-10,39.38999938964844,39.38999938964844,39.13999938964844,39.20000076293945,37.73860168457031,2200
2024-10-11,38.939998626708984,39.470001220703125,38.939998626708984,39.439998626708984,37.96964645385742,2600
2024-10-14,39.630001068115234,39.91999816894531,39.630001068115234,39.91999816894531,38.43174743652344,2400
2024-10-15,40.18000030517578,40.18000030517578,39.939998626708984,39.970001220703125,38.47989273071289,12200
2024-10-16,40.18000030517578,40.68000030517578,40.18000030517578,40.63999938964844,39.12491226196289,4600
2024-10-17,40.599998474121094,40.650001525878906,40.2599983215332,40.2599983215332,38.75907897949219,2700
2024-10-18,40.40999984741211,40.56999969482422,40.40999984741211,40.560001373291016,39.04790115356445,2400
2024-10-21,40.52000045776367,40.52000045776367,40.22999954223633,40.33000183105469,38.82646942138672,24900
2024-10-22,39.86000061035156,40.119998931884766,39.86000061035156,40.09000015258789,38.59541702270508,2300
2024-10-23,40.20000076293945,40.47999954223633,40.20000076293945,40.47999954223633,38.97087097167969,1400
2024-10-24,40.56999969482422,40.56999969482422,40.33000183105469,40.400001525878906,38.89385986328125,3000
2024-10-25,40.66999816894531,40.66999816894531,39.900001525878906,39.91999816894531,38.43174743652344,35400
2024-10-28,40.13999938964844,40.20000076293945,40.13999938964844,40.18000030517578,38.68206024169922,1900
2024-10-29,39.970001220703125,39.970001220703125,39.560001373291016,39.56999969482422,38.09480285644531,12300
2024-10-30,39.59000015258789,39.630001068115234,39.529998779296875,39.599998474121094,38.12369155883789,2800
2024-10-31,39.77000045776367,39.880001068115234,39.77000045776367,39.880001068115234,38.39324951171875,900
2024-11-01,39.880001068115234,39.880001068115234,39.220001220703125,39.220001220703125,37.757850646972656,500
2024-11-04,39.15999984741211,39.15999984741211,38.959999084472656,39.08000183105469,37.62307357788086,1500
2024-11-05,39.13999938964844,39.790000915527344,39.119998931884766,39.790000915527344,38.30660629272461,900
2024-11-06,39.84000015258789,39.9900016784668,39.560001373291016,39.91999816894531,38.43174743652344,11000
2024-11-07,40.150001525878906,40.290000915527344,39.93000030517578,39.93000030517578,38.441383361816406,1000
2024-11-08,40.650001525878906,40.720001220703125,40.650001525878906,40.720001220703125,39.201934814453125,500
2024-11-11,40.95000076293945,41.27000045776367,40.95000076293945,41.189998626708984,39.6544075012207,12900
2024-11-12,41.150001525878906,41.150001525878906,40.709999084472656,40.77000045776367,39.250064849853516,2800
2024-11-13,40.790000915527344,40.95000076293945,40.58000183105469,40.61000061035156,39.096031188964844,4000
2024-11-14,40.75,40.75,40.43000030517578,40.43000030517578,38.92273712158203,2000
2024-11-15,40.7400016784668,40.88999938964844,40.66999816894531,40.88999938964844,39.3655891418457,1900
2024-11-18,40.93000030517578,41.34000015258789,40.91999816894531,41.2400016784668,39.702545166015625,3200
2024-11-19,40.849998474121094,41.33000183105469,40.849998474121094,41.33000183105469,39.7891845703125,54800
2024-11-20,41.290000915527344,41.4900016784668,41.290000915527344,41.4900016784668,39.94322967529297,1300
2024-11-21,41.4900016784668,42.36000061035156,41.470001220703125,42.36000061035156,40.780792236328125,1400
2024-11-22,42.34000015258789,42.4900016784668,42.27000045776367,42.27000045776367,40.694149017333984,5300
2024-11-25,42.540000915527344,42.54999923706055,42.130001068115234,42.2400016784668,40.66526412963867,5100
2024-11-26,42.380001068115234,42.7400016784668,42.380001068115234,42.709999084472656,41.117740631103516,3500
2024-11-27,42.720001220703125,42.779998779296875,42.599998474121094,42.599998474121094,41.011844635009766,1200
2024-11-29,42.779998779296875,42.779998779296875,42.66999816894531,42.66999816894531,41.07923126220703,600
2024-12-02,42.529998779296875,42.529998779296875,41.709999084472656,41.709999084472656,40.15502166748047,5900
2024-12-03,41.86000061035156,41.86000061035156,41.439998626708984,41.439998626708984,39.89508819580078,29500
2024-12-04,41.369998931884766,41.369998931884766,41.369998931884766,41.369998931884766,39.827701568603516,200
2024-12-05,41.59000015258789,41.59000015258789,41.380001068115234,41.400001525878906,39.85658264160156,35300
2024-12-06,41.5099983215332,41.5099983215332,40.880001068115234,41.04999923706055,39.519622802734375,5200
2024-12-09,40.709999084472656,40.709999084472656,40.40999984741211,40.40999984741211,38.90349197387695,6600
2024-12-10,40.08000183105469,40.2599983215332,40.02000045776367,40.08000183105469,38.58578872680664,7100
2024-12-11,40.060001373291016,40.11000061035156,39.95000076293945,40.0,38.50876998901367,25500
2024-12-12,40.13999938964844,40.310001373291016,39.970001220703125,39.970001220703125,38.47989273071289,6500
2024-12-13,40.0,40.18000030517578,39.970001220703125,39.970001220703125,38.47989273071289,45400
2024-12-16,39.970001220703125,39.9900016784668,39.58000183105469,39.58000183105469,38.10443115234375,4700
2024-12-17,39.40999984741211,39.5099983215332,39.369998931884766,39.369998931884766,37.902259826660156,1800
2024-12-18,39.34000015258789,39.380001068115234,38.34000015258789,38.34000015258789,36.91065979003906,20700
2024-12-19,38.369998931884766,38.900001525878906,38.369998931884766,38.529998779296875,37.09357452392578,46700
2024-12-20,38.5,39.150001525878906,38.5,39.060001373291016,37.603816986083984,1700
2024-12-23,38.70000076293945,38.959999084472656,38.66999816894531,38.95000076293945,37.69187545776367,3100
2024-12-24,39.189998626708984,39.220001220703125,39.189998626708984,39.220001220703125,37.95315933227539,2500
2024-12-26,39.08000183105469,39.2400016784668,39.08000183105469,39.16999816894531,37.90476989746094,2200
2024-12-27,39.06999969482422,39.15999984741211,38.900001525878906,38.939998626708984,37.68219757080078,3000
2024-12-30,38.59000015258789,38.869998931884766,38.439998626708984,38.72999954223633,37.478981018066406,2200
2024-12-31,38.84000015258789,38.900001525878906,38.540000915527344,38.689998626708984,37.44027328491211,2100
2025-01-02,38.95000076293945,39.0,38.790000915527344,38.91999816894531,37.662845611572266,1500
2025-01-03,39.2599983215332,39.380001068115234,39.2599983215332,39.34000015258789,38.069278717041016,3500
2025-01-06,39.380001068115234,39.380001068115234,38.83000183105469,38.849998474121094,37.5951042175293,154200
2025-01-07,38.880001068115234,38.939998626708984,38.72999954223633,38.84000015258789,37.58543014526367,38300
2025-01-08,38.790000915527344,38.97999954223633,38.380001068115234,38.97999954223633,37.72091293334961,39500
2025-01-10,38.70000076293945,38.7400016784668,38.65999984741211,38.709999084472656,37.459632873535156,3400
2025-01-13,38.52000045776367,38.52000045776367,38.16999816894531,38.439998626708984,37.19834899902344,6100
2025-01-14,38.849998474121094,39.11000061035156,38.849998474121094,39.0099983215332,37.74993896484375,5700
2025-01-15,39.54999923706055,39.68000030517578,39.54999923706055,39.56999969482422,38.29185485839844,2200
2025-01-16,40.33000183105469,40.4900016784668,40.33000183105469,40.4900016784668,39.182132720947266,1300
2025-01-17,40.599998474121094,40.599998474121094,40.540000915527344,40.560001373291016,39.249874114990234,600
2025-01-21,40.83000183105469,41.349998474121094,40.83000183105469,41.20000076293945,39.869205474853516,10700
2025-01-22,40.91999816894531,40.91999816894531,40.40999984741211,40.40999984741211,39.10471725463867,300
2025-01-23,40.529998779296875,40.540000915527344,40.38999938964844,40.4900016784668,39.182132720947266,4100
2025-01-24,40.45000076293945,40.70000076293945,40.45000076293945,40.70000076293945,39.38534927368164,1500
2025-01-27,39.7400016784668,39.7400016784668,39.0099983215332,39.5099983215332,38.233787536621094,1900
2025-01-28,39.2400016784668,39.279998779296875,38.9900016784668,39.279998779296875,38.01121139526367,3700
2025-01-29,39.529998779296875,39.599998474121094,39.2599983215332,39.349998474121094,38.07895278930664,6100
2025-01-30,39.83000183105469,40.150001525878906,39.83000183105469,40.150001525878906,38.85311508178711,1500
2025-01-31,40.0099983215332,40.029998779296875,39.7599983215332,39.7599983215332,38.475711822509766,2400
2025-02-03,39.540000915527344,40.20000076293945,39.4900016784668,40.09000015258789,38.795047760009766,2300
2025-02-04,39.88999938964844,39.900001525878906,39.540000915527344,39.849998474121094,38.56280517578125,3200
2025-02-05,40.540000915527344,40.540000915527344,40.36000061035156,40.36000061035156,39.05632781982422,1000
2025-02-06,40.47999954223633,40.47999954223633,40.060001373291016,40.13999938964844,38.84343719482422,12800
2025-02-07,40.04999923706055,40.16999816894531,40.0099983215332,40.0099983215332,38.71763610839844,1800
2025-02-10,39.97999954223633,40.40999984741211,39.97999954223633,40.40999984741211,39.10471725463867,1700
2025-02-11,40.189998626708984,40.70000076293945,40.189998626708984,40.70000076293945,39.38534927368164,4800
2025-02-12,40.2599983215332,40.630001068115234,40.2599983215332,40.599998474121094,39.288578033447266,2400
2025-02-13,40.75,40.970001220703125,40.65999984741211,40.91999816894531,39.598243713378906,1900
2025-02-14,40.939998626708984,40.939998626708984,40.83000183105469,40.83000183105469,39.51115417480469,300
2025-02-18,40.880001068115234,41.29999923706055,40.880001068115234,41.290000915527344,39.95629119873047,1100
2025-02-19,41.5,41.52000045776367,41.34000015258789,41.5,40.159507751464844,2900
2025-02-20,41.33000183105469,41.33000183105469,41.220001220703125,41.33000183105469,39.994998931884766,600
2025-02-21,41.25,41.25,41.130001068115234,41.209999084472656,39.878875732421875,1000
2025-02-24,41.54999923706055,41.54999923706055,41.029998779296875,41.150001525878906,39.82081985473633,2000
2025-02-25,40.52000045776367,40.91999816894531,40.52000045776367,40.91999816894531,39.598243713378906,700
2025-02-26,41.279998779296875,41.400001525878906,41.040000915527344,41.119998931884766,39.79178237915039,10400
2025-02-27,41.15999984741211,41.15999984741211,40.36000061035156,40.36000061035156,39.05632781982422,4900
2025-02-28,40.59000015258789,41.0,40.56999969482422,41.0,39.6756591796875,2800
2025-03-03,41.209999084472656,41.22999954223633,40.7599983215332,40.9900016784668,39.665985107421875,13000
2025-03-04,40.63999938964844,40.75,40.27000045776367,40.27000045776367,38.969242095947266,1700
2025-03-05,40.08000183105469,40.150001525878906,39.81999969482422,39.95000076293945,38.659576416015625,5900
2025-03-06,39.06999969482422,39.20000076293945,39.0,39.08000183105469,37.81768035888672,2100
2025-03-07,39.02000045776367,39.599998474121094,39.02000045776367,39.599998474121094,38.32087707519531,5200
2025-03-10,39.33000183105469,39.86000061035156,39.29999923706055,39.79999923706055,38.51442337036133,9700
2025-03-11,39.869998931884766,40.0,39.689998626708984,39.709999084472656,38.42732620239258,11400
2025-03-12,39.68000030517578,39.90999984741211,39.47999954223633,39.68000030517578,38.39830017089844,6700
2025-03-13,39.7599983215332,39.7599983215332,39.560001373291016,39.7599983215332,38.475711822509766,3500
2025-03-14,39.790000915527344,40.65999984741211,39.790000915527344,40.65999984741211,39.346641540527344,31200
2025-03-17,40.9900016784668,41.150001525878906,40.91999816894531,40.91999816894531,39.598243713378906,900
2025-03-18,40.720001220703125,40.7599983215332,40.58000183105469,40.7400016784668,39.42405319213867,6000
2025-03-19,40.75,41.08000183105469,40.75,41.029998779296875,39.70469284057617,3400
2025-03-20,41.04999923706055,41.15999984741211,41.0,41.150001525878906,39.82081985473633,6100
2025-03-21,40.90999984741211,41.08000183105469,40.70000076293945,40.869998931884766,39.54985809326172,3800
2025-03-24,40.77000045776367,41.08000183105469,40.68000030517578,40.7400016784668,39.67158126831055,13400
2025-03-25,40.209999084472656,40.279998779296875,40.150001525878906,40.279998779296875,39.2236442565918,7100
2025-03-26,40.459999084472656,40.459999084472656,40.29999923706055,40.349998474121094,39.29180908203125,6100
2025-03-27,40.33000183105469,40.599998474121094,40.25,40.25,39.194435119628906,3500
2025-03-28,40.400001525878906,40.709999084472656,40.400001525878906,40.52000045776367,39.45734786987305,6400
2025-03-31,40.900001525878906,41.06999969482422,40.68000030517578,40.939998626708984,39.8663330078125,13900
2025-04-01,40.810001373291016,41.130001068115234,40.720001220703125,41.040000915527344,39.96371841430664,7400
2025-04-02,40.90999984741211,41.310001373291016,40.90999984741211,41.22999954223633,40.14873123168945,10700
2025-04-03,40.93000030517578,41.18000030517578,40.900001525878906,40.93000030517578,39.85660171508789,1900
2025-04-04,40.75,40.75,38.4900016784668,38.4900016784668,37.4805908203125,3100
2025-04-07,37.689998626708984,38.66999816894531,37.2599983215332,38.119998931884766,37.12029266357422,657000
2025-04-08,38.869998931884766,38.900001525878906,37.470001220703125,37.970001220703125,36.97422790527344,29100
2025-04-09,37.43000030517578,39.2400016784668,36.900001525878906,39.119998931884766,38.09406280517578,101900
2025-04-10,38.86000061035156,39.220001220703125,38.15999984741211,38.91999816894531,37.89931106567383,28900
2025-04-11,38.5099983215332,39.52000045776367,38.45000076293945,39.5099983215332,38.47383499145508,8000
2025-04-14,40.0099983215332,40.2400016784668,39.97999954223633,40.20000076293945,39.1457405090332,21200
2025-04-15,40.13999938964844,40.47999954223633,40.13999938964844,40.27000045776367,39.21390914916992,3700
2025-04-16,40.29999923706055,40.5,39.970001220703125,40.04999923706055,38.999671936035156,4900
2025-04-17,40.38999938964844,40.77000045776367,40.36000061035156,40.36000061035156,39.30154800415039,15900
2025-04-21,39.810001373291016,39.810001373291016,39.0099983215332,39.459999084472656,38.42515182495117,12700
2025-04-22,39.849998474121094,40.43000030517578,39.849998474121094,40.43000030517578,39.36970901489258,5000
2025-04-23,40.790000915527344,40.790000915527344,40.209999084472656,40.45000076293945,39.38918685913086,4900
2025-04-24,40.52000045776367,40.86000061035156,40.400001525878906,40.75,39.68132400512695,52000
2025-04-25,40.619998931884766,40.619998931884766,40.36000061035156,40.52000045776367,39.45734786987305,18300
2025-04-28,40.459999084472656,40.790000915527344,40.33000183105469,40.7599983215332,39.6910514831543,1300
2025-04-29,40.720001220703125,41.08000183105469,40.720001220703125,41.08000183105469,40.00266647338867,28500
2025-04-30,40.13999938964844,40.83000183105469,40.13999938964844,40.75,39.68132400512695,13300
2025-05-01,40.70000076293945,41.220001220703125,40.70000076293945,40.77000045776367,39.7007942199707,16700
2025-05-02,41.099998474121094,41.31999969482422,40.95000076293945,41.16999816894531,40.090301513671875,3000
2025-05-05,40.869998931884766,41.290000915527344,40.869998931884766,41.16999816894531,40.090301513671875,7500
2025-05-06,41.150001525878906,41.47999954223633,41.150001525878906,41.209999084472656,40.12925720214844,11900
2025-05-07,41.369998931884766,41.79999923706055,41.369998931884766,41.4900016784668,40.401912689208984,11100
2025-05-08,41.40999984741211,41.43000030517578,41.02000045776367,41.02000045776367,39.944236755371094,4900
2025-05-09,41.15999984741211,41.209999084472656,41.029998779296875,41.18000030517578,40.100040435791016,9400
2025-05-12,41.59000015258789,41.59000015258789,40.720001220703125,40.869998931884766,39.79817199707031,16600
2025-05-13,40.86000061035156,41.16999816894531,40.709999084472656,40.810001373291016,39.739749908447266,4400
2025-05-14,40.779998779296875,40.779998779296875,40.15999984741211,40.56999969482422,39.50604248046875,4800
2025-05-15,41.34000015258789,41.58000183105469,41.25,41.560001373291016,40.47007751464844,2400
2025-05-16,41.630001068115234,42.060001373291016,41.630001068115234,42.0099983215332,40.90827178955078,25800
2025-05-19,42.18000030517578,42.400001525878906,42.119998931884766,42.400001525878906,41.288047790527344,11500
2025-05-20,42.279998779296875,42.560001373291016,42.279998779296875,42.41999816894531,41.30752182006836,16000
2025-05-21,42.279998779296875,42.279998779296875,41.66999816894531,41.79999923706055,40.70377731323242,60600
2025-05-22,41.310001373291016,41.52000045776367,41.18000030517578,41.349998474121094,40.26557922363281,30900
2025-05-23,41.369998931884766,41.7400016784668,41.189998626708984,41.68000030517578,40.58692932128906,6200
2025-05-27,42.099998474121094,42.099998474121094,41.81999969482422,41.9900016784668,40.88880157470703,6100
2025-05-28,41.79999923706055,41.79999923706055,41.369998931884766,41.40999984741211,40.324005126953125,6400
2025-05-29,41.56999969482422,41.65999984741211,41.380001068115234,41.65999984741211,40.567447662353516,3200
2025-05-30,41.63999938964844,42.0,41.63999938964844,42.0,40.89854049682617,4500
2025-06-02,41.77000045776367,42.130001068115234,41.709999084472656,42.02000045776367,40.91801452636719,10400
2025-06-03,42.02000045776367,42.22999954223633,41.86000061035156,42.150001525878906,41.04460906982422,7400
2025-06-04,42.150001525878906,42.150001525878906,41.470001220703125,41.4900016784668,40.401912689208984,3100
2025-06-05,41.599998474121094,41.599998474121094,41.34000015258789,41.459999084472656,40.37269973754883,11200
2025-06-06,41.459999084472656,41.619998931884766,41.43000030517578,41.56999969482422,40.47981262207031,8300
2025-06-09,41.40999984741211,41.66999816894531,41.400001525878906,41.400001525878906,40.31427764892578,2500
2025-06-10,41.45000076293945,41.5,41.380001068115234,41.45000076293945,40.36295700073242,8100
2025-06-11,41.540000915527344,41.560001373291016,41.470001220703125,41.52000045776367,40.431129455566406,5800
2025-06-12,41.7400016784668,41.939998626708984,41.619998931884766,41.900001525878906,40.80116271972656,7100
2025-06-13,41.849998474121094,41.900001525878906,41.61000061035156,41.72999954223633,40.635616302490234,7600
2025-06-16,41.84000015258789,41.84000015258789,41.290000915527344,41.47999954223633,40.39216995239258,4500
2025-06-17,41.2599983215332,41.380001068115234,41.130001068115234,41.279998779296875,40.197418212890625,5400
2025-06-18,41.34000015258789,41.400001525878906,41.29999923706055,41.349998474121094,40.26557922363281,3300
2025-06-20,41.529998779296875,41.65999984741211,41.369998931884766,41.40999984741211,40.324005126953125,4500
2025-06-23,41.459999084472656,41.66999816894531,41.459999084472656,41.66999816894531,40.81869125366211,6600
2025-06-24,41.66999816894531,41.88999938964844,41.66999816894531,41.81999969482422,40.96562576293945,4600
2025-06-25,41.810001373291016,41.810001373291016,41.119998931884766,41.150001525878906,40.3093147277832,5500
2025-06-26,41.41999816894531,41.540000915527344,41.209999084472656,41.540000915527344,40.691349029541016,3600
2025-06-27,41.709999084472656,41.849998474121094,41.4900016784668,41.59000015258789,40.740325927734375,6100
2025-06-30,41.630001068115234,41.849998474121094,41.56999969482422,41.83000183105469,40.975425720214844,2700
2025-07-01,41.5,41.560001373291016,41.369998931884766,41.459999084472656,40.61298370361328,4500
2025-07-02,41.459999084472656,41.459999084472656,40.90999984741211,41.16999816894531,40.32890319824219,14100
2025-07-03,41.16999816894531,41.54999923706055,41.16999816894531,41.540000915527344,40.691349029541016,5700
2025-07-07,41.380001068115234,41.689998626708984,41.349998474121094,41.599998474121094,40.750118255615234,16400
2025-07-08,41.560001373291016,41.560001373291016,40.880001068115234,41.18000030517578,40.33870315551758,1800
2025-07-09,41.22999954223633,41.36000061035156,41.060001373291016,41.36000061035156,40.5150260925293,2100
2025-07-10,41.22999954223633,41.61000061035156,41.22999954223633,41.61000061035156,40.759918212890625,2100
2025-07-11,41.61000061035156,41.61000061035156,41.349998474121094,41.599998474121094,40.750118255615234,2500
2025-07-14,41.84000015258789,42.04999923706055,41.63999938964844,42.04999923706055,41.1909294128418,1600
2025-07-15,42.099998474121094,42.099998474121094,41.58000183105469,41.599998474121094,40.750118255615234,2800
2025-07-16,41.5099983215332,41.810001373291016,41.380001068115234,41.77000045776367,40.916648864746094,2500
2025-07-17,41.79999923706055,42.0099983215332,41.790000915527344,42.0099983215332,41.15174102783203,2200
2025-07-18,42.709999084472656,42.95000076293945,42.70000076293945,42.95000076293945,42.07254409790039,37500
2025-07-21,42.93000030517578,42.93000030517578,42.66999816894531,42.66999816894531,41.79825973510742,2100
2025-07-22,42.849998474121094,43.02000045776367,42.849998474121094,43.02000045776367,42.14111328125,2800
2025-07-23,43.52000045776367,43.66999816894531,43.150001525878906,43.349998474121094,42.46437072753906,1800
2025-07-24,43.45000076293945,43.75,43.45000076293945,43.61000061035156,42.719058990478516,2900
2025-07-25,43.58000183105469,43.66999816894531,43.56999969482422,43.66999816894531,42.777828216552734,1700
2025-07-28,43.33000183105469,43.380001068115234,43.22999954223633,43.27000045776367,42.38600540161133,1300
2025-07-29,43.540000915527344,43.619998931884766,43.45000076293945,43.619998931884766,42.728851318359375,3000
2025-07-30,44.18000030517578,44.18000030517578,43.95000076293945,44.150001525878906,43.24802780151367,2000
2025-07-31,44.209999084472656,44.400001525878906,44.209999084472656,44.400001525878906,43.492919921875,1400
2025-08-01,44.2400016784668,44.58000183105469,44.130001068115234,44.34000015258789,43.43414306640625,6700
2025-08-04,44.79999923706055,45.130001068115234,44.79999923706055,45.08000183105469,44.15903091430664,4100
2025-08-05,44.84000015258789,44.86000061035156,44.65999984741211,44.79999923706055,43.88474655151367,3400
2025-08-06,44.61000061035156,44.61000061035156,44.31999969482422,44.31999969482422,43.41455078125,2500
2025-08-07,44.470001220703125,44.61000061035156,44.380001068115234,44.47999954223633,43.57128143310547,23400
2025-08-08,44.560001373291016,44.599998474121094,44.150001525878906,44.27000045776367,43.36557388305664,7300
2025-08-11,44.09000015258789,44.11000061035156,43.959999084472656,44.02000045776367,43.12067794799805,2500
2025-08-12,44.029998779296875,44.45000076293945,43.95000076293945,44.45000076293945,43.54189682006836,2000
2025-08-13,44.33000183105469,44.529998779296875,44.08000183105469,44.529998779296875,43.620262145996094,2400
2025-08-14,44.33000183105469,44.4900016784668,44.189998626708984,44.189998626708984,43.28720474243164,2700
2025-08-15,43.88999938964844,43.939998626708984,43.70000076293945,43.7599983215332,42.86599349975586,6300
2025-08-18,43.689998626708984,43.720001220703125,43.400001525878906,43.45000076293945,42.56232833862305,4600
2025-08-19,43.38999938964844,43.61000061035156,43.38999938964844,43.61000061035156,42.719058990478516,6500
2025-08-20,43.68000030517578,43.83000183105469,43.59000015258789,43.7599983215332,42.86599349975586,3700
2025-08-21,44.0,44.0,43.619998931884766,43.63999938964844,42.748443603515625,6700
2025-08-22,44.0099983215332,44.04999923706055,43.849998474121094,43.88999938964844,42.99333953857422,5600
2025-08-25,43.75,43.75,43.540000915527344,43.54999923706055,42.660282135009766,4700
2025-08-26,43.790000915527344,43.88999938964844,43.58000183105469,43.88999938964844,42.99333953857422,4500
2025-08-27,43.939998626708984,43.9900016784668,43.790000915527344,43.939998626708984,43.04231643676758,3100
2025-08-28,43.97999954223633,44.0099983215332,43.86000061035156,43.880001068115234,42.983543395996094,1700
2025-08-29,43.58000183105469,43.65999984741211,43.5099983215332,43.58000183105469,42.689674377441406,1700
2025-09-02,43.279998779296875,43.34000015258789,42.959999084472656,43.22999954223633,42.34682083129883,612000
2025-09-03,43.31999969482422,43.31999969482422,42.970001220703125,43.130001068115234,42.24886703491211,22000
2025-09-04,43.38999938964844,43.459999084472656,42.93000030517578,43.220001220703125,42.33702850341797,29000
2025-09-05,43.34000015258789,43.34000015258789,42.720001220703125,43.150001525878906,42.268455505371094,11600
2025-09-08,43.20000076293945,43.20000076293945,42.650001525878906,42.779998779296875,41.90601348876953,45200
2025-09-09,42.880001068115234,43.279998779296875,42.880001068115234,43.13999938964844,42.258663177490234,14000
2025-09-10,43.650001525878906,43.790000915527344,43.619998931884766,43.779998779296875,42.88558578491211,31300
2025-09-11,43.7400016784668,44.150001525878906,43.66999816894531,44.150001525878906,43.24802780151367,12900
2025-09-12,44.0,44.45000076293945,43.959999084472656,44.369998931884766,43.463531494140625,9100
2025-09-15,44.459999084472656,44.83000183105469,44.459999084472656,44.709999084472656,43.79658508300781,20600
2025-09-16,44.47999954223633,44.4900016784668,44.040000915527344,44.06999969482422,43.16965866088867,21000
2025-09-17,44.380001068115234,44.380001068115234,44.11000061035156,44.11000061035156,43.20884323120117,9800
2025-09-18,44.11000061035156,44.70000076293945,44.06999969482422,44.41999816894531,43.512508392333984,4600
2025-09-19,44.599998474121094,45.439998626708984,44.599998474121094,45.439998626708984,44.51166915893555,9200
2025-09-22,45.22999954223633,45.81999969482422,45.099998474121094,45.689998626708984,44.97032928466797,9500
2025-09-23,45.5099983215332,46.09000015258789,45.43000030517578,46.02000045776367,45.295135498046875,12100
2025-09-24,46.15999984741211,46.25,45.959999084472656,45.959999084472656,45.236080169677734,4800
2025-09-25,45.47999954223633,45.619998931884766,45.13999938964844,45.220001220703125,44.50773620605469,20100
2025-09-26,45.45000076293945,45.70000076293945,45.31999969482422,45.529998779296875,44.81285095214844,3500
2025-09-29,45.7400016784668,46.0,45.540000915527344,45.81999969482422,45.09828567504883,2300
2025-09-30,45.720001220703125,45.93000030517578,45.68000030517578,45.93000030517578,45.20655059814453,4300
2025-10-01,46.06999969482422,46.310001373291016,46.06999969482422,46.15999984741211,45.43292999267578,7600
2025-10-02,46.13999938964844,46.29999923706055,45.95000076293945,46.29999923706055,45.57072448730469,4600
2025-10-03,46.54999923706055,46.869998931884766,46.54999923706055,46.619998931884766,45.88568115234375,4500
2025-10-06,47.0,47.349998474121094,47.0,47.209999084472656,46.46638870239258,5000
2025-10-07,47.34000015258789,47.34000015258789,47.11000061035156,47.15999984741211,46.41717529296875,6100
2025-10-08,47.25,47.66999816894531,47.25,47.650001525878906,46.89945983886719,3300
2025-10-09,47.619998931884766,47.630001068115234,47.36000061035156,47.43000030517578,46.682926177978516,4700
2025-10-10,48.06999969482422,48.06999969482422,47.029998779296875,47.029998779296875,46.289222717285156,5900
2025-10-13,47.529998779296875,48.04999923706055,47.5099983215332,47.95000076293945,47.194732666015625,8200
2025-10-14,47.65999984741211,48.56999969482422,47.65999984741211,48.2400016784668,47.480167388916016,3800
2025-10-15,49.29999923706055,49.29999923706055,48.41999816894531,48.81999969482422,48.051029205322266,4700
2025-10-16,48.95000076293945,48.95000076293945,48.09000015258789,48.09000015258789,47.33252716064453,3900
2025-10-17,48.150001525878906,48.150001525878906,47.65999984741211,47.93000030517578,47.175048828125,5900
2025-10-20,48.349998474121094,48.369998931884766,48.0,48.04999923706055,47.29315948486328,6300
2025-10-21,48.029998779296875,48.029998779296875,47.029998779296875,47.11000061035156,46.36796569824219,5000
2025-10-22,46.70000076293945,46.7599983215332,46.31999969482422,46.61000061035156,45.8758430480957,2600
2025-10-23,46.61000061035156,46.84000015258789,46.52000045776367,46.810001373291016,46.07269287109375,3500
2025-10-24,47.43000030517578,47.689998626708984,47.29999923706055,47.459999084472656,46.71245193481445,5400
2025-10-27,47.79999923706055,47.79999923706055,47.099998474121094,47.689998626708984,46.9388313293457,4600
2025-10-28,47.400001525878906,47.439998626708984,47.11000061035156,47.150001525878906,46.4073371887207,2700
2025-10-29,47.25,47.68000030517578,47.25,47.40999984741211,46.663238525390625,2600
2025-10-30,47.040000915527344,47.720001220703125,46.84000015258789,46.84000015258789,46.10221862792969,2500
2025-10-31,46.59000015258789,46.779998779296875,46.29999923706055,46.65999984741211,45.925052642822266,4500
2025-11-03,46.38999938964844,46.84000015258789,46.279998779296875,46.84000015258789,46.10221862792969,17400
2025-11-04,46.56999969482422,46.56999969482422,46.040000915527344,46.040000915527344,45.3148193359375,10100
2025-11-05,46.15999984741211,46.72999954223633,46.15999984741211,46.529998779296875,45.79710006713867,1800
2025-11-06,46.5,46.5,46.040000915527344,46.040000915527344,45.3148193359375,11100
2025-11-07,45.90999984741211,46.5099983215332,45.90999984741211,46.5099983215332,45.77741241455078,7900
2025-11-10,46.86000061035156,46.86000061035156,46.31999969482422,46.5,45.767574310302734,6000
2025-11-11,46.38999938964844,46.38999938964844,46.029998779296875,46.060001373291016,45.334503173828125,13400
2025-11-12,46.0,46.150001525878906,46.0,46.029998779296875,45.30497360229492,5200
2025-11-13,45.54999923706055,45.63999938964844,45.2400016784668,45.2400016784668,44.52742004394531,3700
2025-11-14,44.939998626708984,45.599998474121094,44.939998626708984,45.2599983215332,44.54710006713867,1800
2025-11-17,45.52000045776367,45.75,45.130001068115234,45.31999969482422,44.60615921020508,1900
2025-11-18,45.25,45.56999969482422,45.13999938964844,45.13999938964844,44.428993225097656,1100
2025-11-19,45.349998474121094,45.349998474121094,45.119998931884766,45.119998931884766,44.40930938720703,2600
2025-11-20,45.779998779296875,45.81999969482422,44.40999984741211,44.40999984741211,43.71049499511719,10600
2025-11-21,44.5,44.77000045776367,44.5,44.63999938964844,43.936866760253906,2200
2025-11-24,44.869998931884766,45.18000030517578,44.59000015258789,45.18000030517578,44.46836471557617,3900
2025-11-25,44.900001525878906,45.04999923706055,44.83000183105469,45.040000915527344,44.330570220947266,900
2025-11-26,45.5,45.720001220703125,45.5,45.70000076293945,44.98017501831055,1700
2025-11-28,45.93000030517578,46.0,45.810001373291016,46.0,45.275447845458984,2400
2025-12-01,45.529998779296875,45.529998779296875,44.97999954223633,44.9900016784668,44.2813606262207,4700
2025-12-02,45.290000915527344,45.349998474121094,44.939998626708984,44.97999954223633,44.27151107788086,4400
2025-12-03,44.939998626708984,45.2400016784668,44.90999984741211,45.18000030517578,44.46836471557617,4900
2025-12-04,45.349998474121094,45.619998931884766,45.349998474121094,45.400001525878906,44.68490219116211,6200
2025-12-05,45.22999954223633,45.22999954223633,44.79999923706055,44.83000183105469,44.123878479003906,5500
2025-12-08,45.04999923706055,45.04999923706055,44.400001525878906,44.400001525878906,43.700653076171875,5100
2025-12-09,44.689998626708984,44.779998779296875,44.52000045776367,44.52000045776367,43.818763732910156,2700
2025-12-10,44.65999984741211,44.84000015258789,44.439998626708984,44.70000076293945,43.99592590332031,9000
2025-12-11,44.84000015258789,44.95000076293945,44.84000015258789,44.91999816894531,44.21245574951172,1600
2025-12-12,45.040000915527344,45.040000915527344,44.310001373291016,44.310001373291016,43.61206817626953,5000
2025-12-15,44.439998626708984,44.439998626708984,44.279998779296875,44.40999984741211,43.71049499511719,3700
2025-12-16,44.34000015258789,44.459999084472656,44.099998474121094,44.189998626708984,43.493953704833984,3000
2025-12-17,43.650001525878906,43.66999816894531,43.40999984741211,43.43000030517578,42.74592971801758,5000
2025-12-18,43.90999984741211,44.09000015258789,43.869998931884766,43.90999984741211,43.21836853027344,5900
2025-12-19,44.04999923706055,44.150001525878906,43.68000030517578,43.68000030517578,42.99198913574219,4100
2025-12-22,43.68000030517578,43.72999954223633,43.63999938964844,43.720001220703125,43.27906799316406,6600
2025-12-23,43.88999938964844,43.88999938964844,43.70000076293945,43.83000183105469,43.38795852661133,5700
2025-12-24,43.72999954223633,44.0,43.72999954223633,44.0,43.556243896484375,2100
2025-12-26,44.040000915527344,44.040000915527344,43.7400016784668,43.81999969482422,43.378055572509766,2900
2025-12-29,43.900001525878906,43.93000030517578,43.77000045776367,43.77000045776367,43.32855987548828,4600
2025-12-30,43.88999938964844,43.95000076293945,43.7400016784668,43.900001525878906,43.457252502441406,6000
2025-12-31,43.779998779296875,43.779998779296875,43.58000183105469,43.58000183105469,43.140480041503906,3400
2026-01-02,44.130001068115234,44.29999923706055,44.09000015258789,44.18000030517578,43.73442840576172,4900
2026-01-05,44.25,44.25,43.33000183105469,43.83000183105469,43.38795852661133,96600
2026-01-06,43.86000061035156,44.130001068115234,43.619998931884766,44.11000061035156,43.665130615234375,4900
2026-01-07,44.25,44.25,43.08000183105469,43.20000076293945,42.764312744140625,6400
2026-01-08,43.279998779296875,43.290000915527344,43.15999984741211,43.15999984741211,42.72471618652344,2600
2026-01-09,43.66999816894531,43.970001220703125,43.52000045776367,43.540000915527344,43.10088348388672,2800
2026-01-12,43.439998626708984,43.77000045776367,43.439998626708984,43.65999984741211,43.219669342041016,2800
2026-01-13,43.63999938964844,44.0099983215332,43.63999938964844,43.9900016784668,43.54634094238281,2500
2026-01-14,44.06999969482422,44.349998474121094,44.06999969482422,44.2599983215332,43.81361770629883,1800
2026-01-15,44.63999938964844,45.06999969482422,44.63999938964844,44.83000183105469,44.377872467041016,3400
2026-01-16,44.470001220703125,44.709999084472656,44.470001220703125,44.61000061035156,44.16008758544922,5300
2026-01-20,44.290000915527344,44.47999954223633,44.040000915527344,44.08000183105469,43.63543701171875,5900
2026-01-21,44.25,44.540000915527344,44.22999954223633,44.52000045776367,44.07099914550781,3000
2026-01-22,44.84000015258789,44.84000015258789,44.25,44.439998626708984,43.99180221557617,4000
2026-01-23,44.15999984741211,44.209999084472656,43.86000061035156,44.04999923706055,43.605735778808594,4300
2026-01-26,44.209999084472656,44.47999954223633,44.209999084472656,44.40999984741211,43.96210479736328,1800
2026-01-27,44.599998474121094,45.0,44.599998474121094,45.0,44.5461540222168,1900
2026-01-28,45.0099983215332,45.119998931884766,44.880001068115234,45.06999969482422,44.615447998046875,2700
2026-01-29,45.02000045776367,45.06999969482422,44.77000045776367,45.0,44.5461540222168,6700
2026-01-30,44.63999938964844,44.900001525878906,44.630001068115234,44.900001525878906,44.447166442871094,1200
2026-02-02,44.650001525878906,44.7599983215332,44.470001220703125,44.470001220703125,44.02150344848633,5100
2026-02-03,44.86000061035156,45.27000045776367,44.86000061035156,45.18000030517578,44.724342346191406,2100
2026-02-04,44.56999969482422,44.56999969482422,44.43000030517578,44.47999954223633,44.03139877319336,1500
2026-02-05,44.56999969482422,44.56999969482422,44.220001220703125,44.29999923706055,43.853214263916016,11900
2026-02-06,44.84000015258789,45.18000030517578,44.84000015258789,45.18000030517578,44.724342346191406,1600
2026-02-09,44.95000076293945,45.290000915527344,44.95000076293945,45.290000915527344,44.833229064941406,3800
2026-02-10,45.560001373291016,45.790000915527344,45.560001373291016,45.790000915527344,45.328189849853516,600
2026-02-11,46.119998931884766,46.2599983215332,45.95000076293945,46.2599983215332,45.79344940185547,2700
2026-02-12,46.529998779296875,47.18000030517578,46.529998779296875,46.77000045776367,46.29830551147461,3700
2026-02-13,46.81999969482422,47.880001068115234,46.81999969482422,47.81999969482422,47.33771514892578,2000
2026-02-17,48.06999969482422,48.16999816894531,47.7400016784668,47.77000045776367,47.28822326660156,8300
2026-02-18,47.720001220703125,47.720001220703125,47.0099983215332,47.08000183105469,46.60517883300781,7400
2026-02-19,47.369998931884766,47.58000183105469,47.34000015258789,47.58000183105469,47.100135803222656,2500
2026-02-20,47.63999938964844,47.7599983215332,47.619998931884766,47.720001220703125,47.23872375488281,6800
2026-02-23,47.70000076293945,47.70000076293945,47.4900016784668,47.68000030517578,47.199127197265625,1200
2026-02-24,47.79999923706055,48.099998474121094,47.79999923706055,48.08000183105469,47.595096588134766,1900
2026-02-25,48.31999969482422,48.31999969482422,47.720001220703125,48.220001220703125,47.733680725097656,5700
2026-02-26,48.099998474121094,48.189998626708984,48.099998474121094,48.18000030517578,47.69408416748047,2600
2026-02-27,48.380001068115234,48.45000076293945,48.189998626708984,48.45000076293945,47.96136474609375,1700
2026-03-02,48.43000030517578,48.43000030517578,48.13999938964844,48.150001525878906,47.664390563964844,2100
2026-03-03,47.06999969482422,47.91999816894531,46.9900016784668,47.709999084472656,47.228824615478516,9300
2026-03-04,47.560001373291016,48.0,47.540000915527344,47.959999084472656,47.47630310058594,5500
2026-03-05,47.7400016784668,47.7400016784668,47.27000045776367,47.599998474121094,47.119930267333984,2600
2026-03-06,47.40999984741211,47.529998779296875,47.25,47.25,46.77346420288086,1400
2026-03-09,46.810001373291016,47.439998626708984,46.68000030517578,47.41999816894531,46.94174575805664,2900
2026-03-10,47.47999954223633,47.75,47.279998779296875,47.279998779296875,46.80316162109375,5700
2026-03-11,47.220001220703125,47.25,46.869998931884766,46.970001220703125,46.49628829956055,12200
2026-03-12,47.029998779296875,47.52000045776367,47.029998779296875,47.13999938964844,46.664573669433594,11500
2026-03-13,47.45000076293945,47.779998779296875,47.45000076293945,47.599998474121094,47.119930267333984,7200
2026-03-16,48.13999938964844,48.13999938964844,47.5,47.70000076293945,47.21892547607422,2600
2026-03-17,48.09000015258789,48.09000015258789,47.72999954223633,47.72999954223633,47.24862289428711,5900
2026-03-18,47.75,47.75,47.459999084472656,47.4900016784668,47.01104736328125,1500
2026-03-19,47.709999084472656,47.709999084472656,47.2400016784668,47.529998779296875,47.05064010620117,3800
2026-03-20,47.529998779296875,47.529998779296875,45.790000915527344,45.790000915527344,45.328189849853516,59000
2026-03-23,46.15999984741211,46.52000045776367,45.88999938964844,46.13999938964844,45.93447494506836,25800
2026-03-24,46.599998474121094,46.90999984741211,46.4900016784668,46.4900016784668,46.28291702270508,8200
2026-03-25,46.86000061035156,46.9900016784668,46.75,46.75,46.5417594909668,3300
2026-03-26,46.810001373291016,46.90999984741211,46.65999984741211,46.65999984741211,46.4521598815918,3500
2026-03-27,46.75,47.209999084472656,46.68000030517578,46.88999938964844,46.68113327026367,4700
2026-03-30,47.34000015258789,47.380001068115234,46.7400016784668,46.7400016784668,46.531803131103516,4600
2026-03-31,46.81999969482422,47.0099983215332,46.41999816894531,47.0099983215332,46.80059814453125,23800
2026-04-01,47.040000915527344,47.369998931884766,47.040000915527344,47.279998779296875,47.06939697265625,6400
2026-04-02,47.060001373291016,47.61000061035156,47.060001373291016,47.61000061035156,47.397926330566406,4000
2026-04-06,47.58000183105469,47.58000183105469,47.400001525878906,47.400001525878906,47.188865661621094,473100
2026-04-07,47.369998931884766,47.630001068115234,47.369998931884766,47.59000015258789,47.37801742553711,9700
2026-04-08,47.7400016784668,48.16999816894531,47.52000045776367,48.119998931884766,47.90565490722656,48200
2026-04-09,48.88999938964844,48.90999984741211,48.5,48.5,48.28396224975586,9400
2026-04-10,48.5099983215332,48.79999923706055,48.36000061035156,48.369998931884766,48.154541015625,13200
2026-04-13,48.02000045776367,48.15999984741211,47.630001068115234,47.810001373291016,47.59703826904297,19400
2026-04-14,47.95000076293945,48.0099983215332,47.869998931884766,47.939998626708984,47.72645568847656,3900
2026-04-15,47.86000061035156,47.86000061035156,47.599998474121094,47.61000061035156,47.397926330566406,7100
2026-04-16,47.58000183105469,47.9900016784668,47.560001373291016,47.970001220703125,47.756324768066406,9700
2026-04-17,48.06999969482422,48.06999969482422,47.54999923706055,47.91999816894531,47.70654296875,4000
2026-04-20,47.83000183105469,48.0,47.36000061035156,47.38999938964844,47.17890548706055,7700
2026-04-21,47.2599983215332,47.2599983215332,46.650001525878906,46.65999984741211,46.4521598815918,18000
2026-04-22,47.47999954223633,47.47999954223633,46.900001525878906,47.0099983215332,46.80059814453125,7600
2026-04-23,47.45000076293945,48.04999923706055,47.45000076293945,48.04999923706055,47.835968017578125,79300
2026-04-24,48.130001068115234,48.2400016784668,47.939998626708984,48.189998626708984,47.975341796875,7900
2026-04-27,48.310001373291016,48.41999816894531,48.22999954223633,48.29999923706055,48.08485412597656,6400
2026-04-28,48.25,48.2599983215332,48.060001373291016,48.209999084472656,47.99525451660156,7500
2026-04-29,47.880001068115234,47.880001068115234,47.47999954223633,47.560001373291016,47.34815216064453,4200
2026-04-30,47.7400016784668,48.65999984741211,47.7400016784668,48.65999984741211,48.4432487487793,8500
2026-05-01,48.88999938964844,48.88999938964844,48.29999923706055,48.34000015258789,48.12467575073242,3200
2026-05-04,48.16999816894531,48.54999923706055,47.95000076293945,48.150001525878906,47.935523986816406,55100
2026-05-05,48.34000015258789,48.720001220703125,48.29999923706055,48.380001068115234,48.16449737548828,8100
2026-05-06,48.380001068115234,48.380001068115234,47.779998779296875,47.880001068115234,47.666725158691406,11000
2026-05-07,47.91999816894531,47.91999816894531,46.93000030517578,47.04999923706055,46.84041976928711,7600
2026-05-08,47.45000076293945,47.45000076293945,46.70000076293945,46.72999954223633,46.521846771240234,4200
2026-05-11,47.04999923706055,47.220001220703125,46.88999938964844,47.15999984741211,46.94993209838867,2000
2026-05-12,46.869998931884766,47.189998626708984,46.79999923706055,47.16999816894531,46.95988464355469,4100
2026-05-13,46.459999084472656,46.7599983215332,46.400001525878906,46.630001068115234,46.42229461669922,2500
2026-05-14,46.79999923706055,47.040000915527344,46.7400016784668,47.040000915527344,46.830467224121094,6200
2026-05-15,46.849998474121094,46.849998474121094,45.970001220703125,46.0,45.79509735107422,3900
2026-05-18,46.34000015258789,46.34000015258789,45.7400016784668,46.099998474121094,45.8946533203125,4600
2026-05-19,45.900001525878906,46.459999084472656,45.79999923706055,46.439998626708984,46.23313903808594,5400
2026-05-20,46.93000030517578,46.970001220703125,46.790000915527344,46.790000915527344,46.581581115722656,7200
2026-05-21,47.060001373291016,47.220001220703125,46.939998626708984,47.220001220703125,47.009666442871094,1100
2026-05-22,47.349998474121094,47.709999084472656,47.349998474121094,47.70000076293945,47.487525939941406,3800
2026-05-26,48.040000915527344,48.099998474121094,47.9900016784668,47.9900016784668,47.77623748779297,1900
2026-05-27,47.75,47.75,47.439998626708984,47.5,47.28841781616211,31800
2026-05-28,47.52000045776367,47.52000045776367,46.779998779296875,46.81999969482422,46.611446380615234,8000
2026-05-29,46.90999984741211,46.90999984741211,46.400001525878906,46.41999816894531,46.213226318359375,3300
2026-06-01,46.040000915527344,46.040000915527344,45.470001220703125,45.470001220703125,45.267459869384766,3400
2026-06-02,45.540000915527344,46.31999969482422,45.540000915527344,46.290000915527344,46.08380889892578,5400
2026-06-03,46.29999923706055,46.619998931884766,46.06999969482422,46.06999969482422,45.86478805541992,1800
2026-06-04,45.70000076293945,46.20000076293945,45.70000076293945,46.20000076293945,45.99420928955078,2800
2026-06-05,46.40999984741211,46.52000045776367,46.33000183105469,46.33000183105469,46.12363052368164,2400
2026-06-08,46.279998779296875,46.279998779296875,45.68000030517578,45.68000030517578,45.476524353027344,1500
2026-06-09,45.7400016784668,45.939998626708984,45.650001525878906,45.939998626708984,45.7353630065918,6100
2026-06-10,46.06999969482422,46.06999969482422,45.689998626708984,45.709999084472656,45.50638961791992,6300
2026-06-11,46.290000915527344,46.290000915527344,45.81999969482422,45.90999984741211,45.70549774169922,3000
2026-06-12,46.220001220703125,46.5,46.220001220703125,46.439998626708984,46.23313903808594,2100
2026-06-15,46.529998779296875,47.0,46.459999084472656,46.77000045776367,46.561668395996094,6300
2026-06-16,47.040000915527344,47.369998931884766,46.88999938964844,46.88999938964844,46.68113327026367,3300
2026-06-17,46.79999923706055,46.83000183105469,46.279998779296875,46.40999984741211,46.20327377319336,4400
2026-06-18,46.9900016784668,47.22999954223633,46.72999954223633,46.91999816894531,46.71099853515625,2100
2026-06-22,46.90999984741211,47.18000030517578,46.90999984741211,47.16999816894531,47.16999816894531,5500
2026-06-23,46.720001220703125,47.209999084472656,46.720001220703125,47.150001525878906,47.150001525878906,2100
2026-06-24,47.36000061035156,47.439998626708984,47.130001068115234,47.439998626708984,47.439998626708984,3600
2026-06-25,48.040000915527344,48.040000915527344,47.790000915527344,47.959999084472656,47.959999084472656,3700
2026-06-26,48.099998474121094,48.16999816894531,48.0099983215332,48.15999984741211,48.15999984741211,2700
2026-06-29,48.27000045776367,48.27000045776367,47.81999969482422,47.91999816894531,47.91999816894531,3200
2026-06-30,47.849998474121094,47.849998474121094,47.54999923706055,47.560001373291016,47.560001373291016,3100
2026-07-01,47.20000076293945,47.20000076293945,46.7400016784668,46.79999923706055,46.79999923706055,2000
2026-07-02,47.18000030517578,47.459999084472656,47.18000030517578,47.459999084472656,47.459999084472656,1500
2026-07-06,47.470001220703125,47.619998931884766,47.040000915527344,47.15999984741211,47.15999984741211,436200
2026-07-07,47.59000015258789,47.599998474121094,47.2400016784668,47.34000015258789,47.34000015258789,10100
2026-07-08,47.22999954223633,47.36000061035156,46.959999084472656,47.04999923706055,47.04999923706055,4900
2026-07-09,47.33000183105469,47.33000183105469,46.810001373291016,46.86000061035156,46.86000061035156,9400
2026-07-10,46.959999084472656,47.27000045776367,46.95000076293945,47.150001525878906,47.150001525878906,7400
2026-07-13,47.209999084472656,47.369998931884766,47.209999084472656,47.33000183105469,47.33000183105469,2700
2026-07-14,47.529998779296875,47.529998779296875,47.22999954223633,47.34000015258789,47.34000015258789,4800
2026-07-15,47.36000061035156,47.38999938964844,46.849998474121094,46.849998474121094,46.849998474121094,1300
2026-07-16,46.790000915527344,46.900001525878906,46.619998931884766,46.79999923706055,46.79999923706055,4300
2026-07-17,46.81999969482422,46.81999969482422,46.560001373291016,46.560001373291016,46.560001373291016,1000
2026-07-20,46.810001373291016,46.810001373291016,46.279998779296875,46.310001373291016,46.310001373291016,2200
2026-07-21,46.5,46.5,46.29999923706055,46.29999923706055,46.29999923706055,6200
2026-07-22,47.130001068115234,47.22999954223633,46.88999938964844,47.22999954223633,47.22999954223633,3400
2026-07-23,47.369998931884766,47.43000030517578,47.2599983215332,47.43000030517578,47.43000030517578,4200
2026-07-24,47.68000030517578,47.77000045776367,47.33000183105469,47.33000183105469,47.33000183105469,1900
2026-07-27,47.27000045776367,47.27000045776367,46.529998779296875,46.599998474121094,46.599998474121094,3000
2026-07-28,46.41999816894531,46.689998626708984,46.130001068115234,46.130001068115234,46.130001068115234,1700
2026-07-29,46.099998474121094,46.099998474121094,45.209999084472656,45.279998779296875,45.279998779296875,16800
2026-07-30,45.65999984741211,45.75,45.40999984741211,45.68000030517578,45.68000030517578,4500
2026-07-31,45.91999816894531,45.91999816894531,45.560001373291016,45.560001373291016,45.560001373291016,1800
2026-08-03,45.36000061035156,45.72999954223633,45.36000061035156,45.709999084472656,45.709999084472656,2200
2026-08-04,45.720001220703125,45.720001220703125,44.970001220703125,45.52000045776367,45.52000045776367,5000
2026-08-05,45.56999969482422,45.56999969482422,45.060001373291016,45.150001525878906,45.150001525878906,3900
2026-08-06,45.369998931884766,45.369998931884766,45.06999969482422,45.13999938964844,45.13999938964844,1700
2026-08-07,45.18000030517578,45.4900016784668,45.18000030517578,45.34000015258789,45.34000015258789,1400
2026-08-10,45.0,45.130001068115234,44.97999954223633,44.97999954223633,44.97999954223633,1900
2026-08-11,45.18000030517578,45.650001525878906,45.18000030517578,45.560001373291016,45.560001373291016,6000
2026-08-12,45.77000045776367,45.83000183105469,45.7599983215332,45.79999923706055,45.79999923706055,4900
2026-08-13,45.810001373291016,46.08000183105469,45.810001373291016,45.88999938964844,45.88999938964844,3200
2026-08-14,46.189998626708984,46.349998474121094,46.189998626708984,46.32429885864258,46.32429885864258,2365
