Date,Open,High,Low,Close,Adj Close,Volume
2021-08-16,58.52000045776367,60.61000061035156,58.52000045776367,60.41999816894531,60.41999816894531,1215
2021-08-17,60.79999923706055,61.560001373291016,59.84999847412109,59.84999847412109,59.84999847412109,1278
2021-08-18,61.34149932861328,61.34149932861328,59.84999847412109,59.94499969482422,59.94499969482422,490
2021-08-19,58.900001525878906,58.900001525878906,57.380001068115234,57.380001068115234,57.380001068115234,2473
2021-08-20,57.56999969482422,57.95000076293945,51.29999923706055,51.29999923706055,51.29999923706055,4374
2021-08-23,52.25,55.95500183105469,51.68190002441406,54.720001220703125,54.720001220703125,2124
2021-08-24,54.34000015258789,55.290000915527344,54.34000015258789,54.34000015258789,54.34000015258789,2034
2021-08-25,55.35459899902344,56.04999923706055,54.150001525878906,55.09999847412109,55.09999847412109,2620
2021-08-26,55.47999954223633,55.86000061035156,53.20000076293945,53.29499816894531,53.29499816894531,4836
2021-08-27,53.82509994506836,57.95000076293945,53.58000183105469,55.86000061035156,55.86000061035156,2260
2021-08-30,56.619998931884766,56.619998931884766,53.58000183105469,53.58000183105469,53.58000183105469,1601
2021-08-31,54.150001525878906,54.720001220703125,52.060001373291016,53.0099983215332,53.0099983215332,3057
2021-09-01,52.25,52.81999969482422,51.869998931884766,51.869998931884766,51.869998931884766,1759
2021-09-02,51.869998931884766,52.25,51.68000030517578,51.68000030517578,51.68000030517578,1326
2021-09-03,51.4900016784668,52.10179901123047,51.29999923706055,51.39500045776367,51.39500045776367,649
2021-09-07,51.29999923706055,51.51089859008789,46.93000030517578,47.68999862670898,47.68999862670898,9428
2021-09-08,47.5,48.520301818847656,45.02999877929688,45.40999984741211,45.40999984741211,7808
2021-09-09,46.7400016784668,47.63679885864258,43.130001068115234,44.459999084472656,44.459999084472656,9931
2021-09-10,46.54999923706055,49.970001220703125,43.70000076293945,43.70000076293945,43.70000076293945,10748
2021-09-13,43.70000076293945,44.80390167236328,42.369998931884766,42.75,42.75,6306
2021-09-14,42.18000030517578,43.130001068115234,40.27999877929688,41.41999816894531,41.41999816894531,13325
2021-09-15,41.79999923706055,42.75,40.09000015258789,41.79999923706055,41.79999923706055,8847
2021-09-16,42.18000030517578,50.15999984741211,42.18000030517578,48.63999938964844,48.63999938964844,24328
2021-09-17,48.06999969482422,57.95000076293945,43.130001068115234,56.04999923706055,56.04999923706055,26814
2021-09-20,56.04999923706055,60.040000915527344,50.72999954223633,59.09000015258789,59.09000015258789,12596
2021-09-21,58.900001525878906,59.09000015258789,54.34189987182617,57.380001068115234,57.380001068115234,7895
2021-09-22,57.18999862670898,57.18999862670898,54.90999984741211,56.619998931884766,56.619998931884766,4295
2021-09-23,57.18999862670898,57.18999862670898,55.66999816894531,56.810001373291016,56.810001373291016,3179
2021-09-24,57.0,58.33000183105469,56.43000030517578,57.56999969482422,57.56999969482422,2781
2021-09-27,49.400001525878906,58.13999938964844,48.06999969482422,55.09999847412109,55.09999847412109,3945
2021-09-28,54.34000015258789,56.048099517822266,51.68000030517578,52.630001068115234,52.630001068115234,4420
2021-09-29,53.38999938964844,53.38999938964844,48.45000076293945,49.400001525878906,49.400001525878906,8782
2021-09-30,49.77999877929688,49.77999877929688,48.45000076293945,49.209999084472656,49.209999084472656,3024
2021-10-01,49.02000045776367,49.209999084472656,48.63999938964844,48.63999938964844,48.63999938964844,1207
2021-10-04,48.63999938964844,48.63999938964844,46.93000030517578,48.2599983215332,48.2599983215332,4128
2021-10-05,47.68999862670898,50.15999984741211,46.36000061035156,50.15999984741211,50.15999984741211,6492
2021-10-06,49.400001525878906,50.540000915527344,48.45000076293945,49.02000045776367,49.02000045776367,2292
2021-10-07,49.77999877929688,50.34999847412109,48.45000076293945,49.02000045776367,49.02000045776367,1314
2021-10-08,49.58430099487305,49.58430099487305,47.5,47.880001068115234,47.880001068115234,1706
2021-10-11,47.5,48.2599983215332,47.5,47.68999862670898,47.68999862670898,1081
2021-10-12,47.5,48.45000076293945,47.5,47.68999862670898,47.68999862670898,563
2021-10-13,48.54119873046875,51.29999923706055,47.68999862670898,49.778099060058594,49.778099060058594,1687
2021-10-14,49.77999877929688,53.0099983215332,49.77999877929688,52.630001068115234,52.630001068115234,2329
2021-10-15,52.060001373291016,55.66999816894531,51.11000061035156,53.38999938964844,53.38999938964844,2043
2021-10-18,54.150001525878906,57.0,53.77000045776367,54.150001525878906,54.150001525878906,5100
2021-10-19,54.720001220703125,55.76499938964844,53.58000183105469,54.150001525878906,54.150001525878906,3576
2021-10-20,54.150001525878906,72.935302734375,53.959999084472656,61.18000030517578,61.18000030517578,86653
2021-10-21,60.22999954223633,68.0199966430664,60.22999954223633,64.41000366210938,64.41000366210938,22043
2021-10-22,63.650001525878906,64.22000122070312,59.84999847412109,60.61000061035156,60.61000061035156,7836
2021-10-25,60.61000061035156,81.88999938964844,60.040000915527344,75.62000274658203,75.62000274658203,66320
2021-10-26,72.7699966430664,74.0999984741211,68.4000015258789,69.7300033569336,69.7300033569336,6974
2021-10-27,68.77999877929688,74.86000061035156,66.5208969116211,68.58999633789062,68.58999633789062,7527
2021-10-28,67.26000213623047,78.66000366210938,67.06999969482422,74.29000091552734,74.29000091552734,4724
2021-10-29,74.29000091552734,87.4000015258789,71.08470153808594,81.51000213623047,81.51000213623047,19677
2021-11-01,82.45999908447266,84.73999786376953,75.05000305175781,80.18000030517578,80.18000030517578,45318
2021-11-02,78.27999877929688,79.80000305175781,71.62999725341797,72.38999938964844,72.38999938964844,7085
2021-11-03,71.81999969482422,74.86000061035156,71.81999969482422,73.72000122070312,73.72000122070312,2708
2021-11-04,74.4800033569336,74.4800033569336,72.7699966430664,73.1500015258789,73.1500015258789,3553
2021-11-05,73.72000122070312,76.42559814453125,72.1980972290039,73.52999877929688,73.52999877929688,6993
2021-11-08,73.52999877929688,76.37999725341797,65.16999816894531,65.73999786376953,65.73999786376953,8840
2021-11-09,65.16999816894531,68.4000015258789,64.79000091552734,66.87999725341797,66.87999725341797,3559
2021-11-10,66.30999755859375,72.19999694824219,65.55000305175781,69.3499984741211,69.3499984741211,9206
2021-11-11,69.91999816894531,72.01000213623047,66.69000244140625,68.20999908447266,68.20999908447266,5979
2021-11-12,68.4000015258789,68.77999877929688,64.79000091552734,66.5,66.5,8532
2021-11-15,65.73999786376953,68.20999908447266,61.75,62.88999938964844,62.88999938964844,5849
2021-11-16,62.88999938964844,65.36000061035156,62.31999969482422,62.5099983215332,62.5099983215332,1761
2021-11-17,62.31999969482422,64.02999877929688,59.84999847412109,60.22999954223633,60.22999954223633,1226
2021-11-18,59.470001220703125,62.130001068115234,58.13999938964844,58.33000183105469,58.33000183105469,1136
2021-11-19,58.52000045776367,63.27000045776367,57.0,59.09000015258789,59.09000015258789,2742
2021-11-22,58.709999084472656,59.71889877319336,58.33000183105469,59.09000015258789,59.09000015258789,883
2021-11-23,59.27999877929688,59.27999877929688,56.2400016784668,56.810001373291016,56.810001373291016,3233
2021-11-24,55.47999954223633,58.33000183105469,55.47999954223633,57.7599983215332,57.7599983215332,5852
2021-11-26,57.0,58.80500030517578,55.09999847412109,57.18999862670898,57.18999862670898,2818
2021-11-29,57.95000076293945,58.900001525878906,55.290000915527344,55.47999954223633,55.47999954223633,5816
2021-11-30,55.66999816894531,56.14500045776367,54.33430099487305,55.47999954223633,55.47999954223633,1777
2021-12-01,57.0,58.33000183105469,55.76499938964844,55.86000061035156,55.86000061035156,2638
2021-12-02,54.625,56.43000030517578,54.150001525878906,54.52999877929688,54.52999877929688,2989
2021-12-03,54.150001525878906,55.86000061035156,53.21329879760742,54.90999984741211,54.90999984741211,1690
2021-12-06,56.04999923706055,56.619998931884766,52.72499847412109,55.09999847412109,55.09999847412109,2591
2021-12-07,55.09999847412109,57.6801986694336,53.77000045776367,56.810001373291016,56.810001373291016,1751
2021-12-08,57.56999969482422,58.89049911499024,56.619998931884766,57.7599983215332,57.7599983215332,2894
2021-12-09,57.56999969482422,57.7599983215332,56.2400016784668,56.619998931884766,56.619998931884766,5455
2021-12-10,56.619998931884766,57.18999862670898,55.09999847412109,55.86000061035156,55.86000061035156,2636
2021-12-13,55.09999847412109,57.0,54.34000015258789,54.52999877929688,54.52999877929688,2919
2021-12-14,53.959999084472656,55.09999847412109,53.58000183105469,54.150001525878906,54.150001525878906,850
2021-12-15,54.150001525878906,55.09999847412109,53.20000076293945,53.959999084472656,53.959999084472656,5476
2021-12-16,53.58000183105469,54.52999877929688,52.81999969482422,53.0099983215332,53.0099983215332,2531
2021-12-17,52.630001068115234,55.09999847412109,51.869998931884766,52.43999862670898,52.43999862670898,6157
2021-12-20,51.869998931884766,53.77000045776367,51.29999923706055,53.0099983215332,53.0099983215332,2167
2021-12-21,53.20000076293945,55.09999847412109,45.59999847412109,48.06999969482422,48.06999969482422,29880
2021-12-22,48.06999969482422,50.91809844970703,47.880001068115234,50.540000915527344,50.540000915527344,9625
2021-12-23,50.15999984741211,52.630001068115234,49.77999877929688,50.17900085449219,50.17900085449219,11721
2021-12-27,49.970001220703125,53.0099983215332,47.880001068115234,52.25,52.25,4400
2021-12-28,52.25,52.25,50.53620147705078,51.11000061035156,51.11000061035156,1413
2021-12-29,51.11000061035156,51.29999923706055,48.45000076293945,49.970001220703125,49.970001220703125,7550
2021-12-30,50.15999984741211,52.43999862670898,50.15999984741211,51.29999923706055,51.29999923706055,3724
2021-12-31,51.29999923706055,52.25,50.540000915527344,51.869998931884766,51.869998931884766,10788
2022-01-03,52.25,53.24369812011719,51.42919921875,51.4900016784668,51.4900016784668,1760
2022-01-04,52.25,53.20000076293945,50.34999847412109,51.4900016784668,51.4900016784668,3767
2022-01-05,51.869998931884766,55.09999847412109,49.400001525878906,50.72999954223633,50.72999954223633,6128
2022-01-06,52.25,52.25,47.5,48.06999969482422,48.06999969482422,4309
2022-01-07,48.63999938964844,50.34999847412109,47.68999862670898,49.02000045776367,49.02000045776367,2709
2022-01-10,48.83000183105469,49.02000045776367,46.54999923706055,46.7400016784668,46.7400016784668,8722
2022-01-11,47.310001373291016,47.68999862670898,45.40999984741211,45.40999984741211,45.40999984741211,6704
2022-01-12,45.74819946289063,46.16999816894531,44.08000183105469,44.650001525878906,44.650001525878906,4300
2022-01-13,45.220001220703125,46.36000061035156,44.459999084472656,46.16999816894531,46.16999816894531,4068
2022-01-14,46.36000061035156,47.119998931884766,44.744998931884766,47.119998931884766,47.119998931884766,1425
2022-01-18,47.310001373291016,47.310001373291016,45.59999847412109,46.16999816894531,46.16999816894531,960
2022-01-19,45.790000915527344,46.54999923706055,45.220001220703125,45.97999954223633,45.97999954223633,1296
2022-01-20,45.93820190429688,46.93000030517578,45.59999847412109,46.26499938964844,46.26499938964844,2778
2022-01-21,45.59999847412109,46.54999923706055,45.02999877929688,45.02999877929688,45.02999877929688,1960
2022-01-24,45.02999877929688,45.40999984741211,44.08000183105469,44.650001525878906,44.650001525878906,1833
2022-01-25,44.459999084472656,45.07939910888672,43.31999969482422,44.650001525878906,44.650001525878906,1833
2022-01-26,44.459999084472656,46.54999923706055,42.93999862670898,43.130001068115234,43.130001068115234,2231
2022-01-27,43.130001068115234,43.70000076293945,42.75,43.5099983215332,43.5099983215332,3865
2022-01-28,43.5099983215332,44.459999084472656,42.75,43.5099983215332,43.5099983215332,2664
2022-01-31,44.27000045776367,44.84000015258789,43.130001068115234,44.08000183105469,44.08000183105469,2633
2022-02-01,43.5099983215332,44.650001525878906,43.5099983215332,44.650001525878906,44.650001525878906,1622
2022-02-02,43.70000076293945,44.650001525878906,42.93999862670898,43.88999938964844,43.88999938964844,761
2022-02-03,43.88999938964844,44.459999084472656,42.75,42.93999862670898,42.93999862670898,3234
2022-02-04,44.19210052490234,44.650001525878906,43.70000076293945,43.88999938964844,43.88999938964844,870
2022-02-07,44.459999084472656,45.59809875488281,43.130001068115234,44.459999084472656,44.459999084472656,2252
2022-02-08,43.88999938964844,45.220001220703125,43.88999938964844,45.02999877929688,45.02999877929688,611
2022-02-09,44.459999084472656,45.59999847412109,44.459999084472656,45.220001220703125,45.220001220703125,1750
2022-02-10,47.5,48.45000076293945,43.130001068115234,44.650001525878906,44.650001525878906,8228
2022-02-11,44.650001525878906,45.02999877929688,42.560001373291016,44.84000015258789,44.84000015258789,1594
2022-02-14,44.650001525878906,44.650001525878906,42.369998931884766,42.369998931884766,42.369998931884766,1586
2022-02-15,42.75,43.31999969482422,42.369998931884766,42.93999862670898,42.93999862670898,642
2022-02-16,42.75,44.39540100097656,42.560001373291016,43.130001068115234,43.130001068115234,2366
2022-02-17,42.560001373291016,43.09960174560547,40.27999877929688,41.040000915527344,41.040000915527344,3469
2022-02-18,40.84999847412109,40.84999847412109,40.09000015258789,40.470001220703125,40.470001220703125,498
2022-02-22,39.900001525878906,40.470001220703125,38.7599983215332,40.09000015258789,40.09000015258789,1957
2022-02-23,40.65810012817383,42.369998931884766,40.27999877929688,41.61000061035156,41.61000061035156,1346
2022-02-24,40.65999984741211,42.560001373291016,40.09000015258789,42.560001373291016,42.560001373291016,817
2022-02-25,41.44279861450195,43.22499847412109,41.041900634765625,42.369998931884766,42.369998931884766,2278
2022-02-28,42.46500015258789,44.744998931884766,42.369998931884766,43.70000076293945,43.70000076293945,24413
2022-03-01,44.08000183105469,44.27000045776367,41.79999923706055,42.93999862670898,42.93999862670898,6841
2022-03-02,43.5099983215332,44.137001037597656,42.94189834594727,43.31999969482422,43.31999969482422,4333
2022-03-03,44.4390983581543,45.220001220703125,42.75,43.70000076293945,43.70000076293945,27161
2022-03-04,43.70000076293945,45.59999847412109,39.33000183105469,43.31999969482422,43.31999969482422,33269
2022-03-07,43.5099983215332,45.59999847412109,42.65499877929688,44.27000045776367,44.27000045776367,20840
2022-03-08,45.59999847412109,50.91999816894531,41.22999954223633,45.40999984741211,45.40999984741211,80387
2022-03-09,47.119998931884766,48.45000076293945,43.31999969482422,44.27000045776367,44.27000045776367,27966
2022-03-10,43.31999969482422,49.59000015258789,43.31999969482422,46.54999923706055,46.54999923706055,234987
2022-03-11,45.40999984741211,45.40999984741211,41.61759948730469,43.88999938964844,43.88999938964844,43536
2022-03-14,45.02999877929688,46.16999816894531,40.09000015258789,41.41999816894531,41.41999816894531,60461
2022-03-15,41.41999816894531,41.41999816894531,38.95000076293945,39.33000183105469,39.33000183105469,35459
2022-03-16,38.56999969482422,38.7599983215332,33.439998626708984,34.959999084472656,34.959999084472656,66509
2022-03-17,35.150001525878906,39.52000045776367,35.150001525878906,38.380001068115234,38.380001068115234,26107
2022-03-18,38.0,38.380001068115234,37.43000030517578,37.810001373291016,37.810001373291016,14288
2022-03-21,38.0,39.900001525878906,37.810001373291016,38.380001068115234,38.380001068115234,21193
2022-03-22,38.95000076293945,40.65999984741211,38.7599983215332,40.27999877929688,40.27999877929688,17188
2022-03-23,40.65999984741211,43.5099983215332,39.900001525878906,42.18000030517578,42.18000030517578,29167
2022-03-24,42.75,47.21500015258789,42.75,46.54999923706055,46.54999923706055,32755
2022-03-25,47.68999862670898,51.869998931884766,46.54999923706055,47.310001373291016,47.310001373291016,60262
2022-03-28,47.5,48.2599983215332,41.9900016784668,42.65499877929688,42.65499877929688,24675
2022-03-29,41.41999816894531,41.62519836425781,40.09000015258789,41.040000915527344,41.040000915527344,22703
2022-03-30,41.040000915527344,42.93999862670898,39.13999938964844,41.9900016784668,41.9900016784668,17867
2022-03-31,41.9900016784668,42.49160003662109,40.27999877929688,40.470001220703125,40.470001220703125,5662
2022-04-01,41.040000915527344,41.41999816894531,39.52000045776367,39.900001525878906,39.900001525878906,5629
2022-04-04,40.470001220703125,41.41809844970703,39.52000045776367,40.65999984741211,40.65999984741211,7679
2022-04-05,40.470001220703125,40.977298736572266,34.38999938964844,35.720001220703125,35.720001220703125,36999
2022-04-06,37.04999923706055,37.04999923706055,33.439998626708984,34.38999938964844,34.38999938964844,19864
2022-04-07,35.150001525878906,35.150001525878906,33.439998626708984,34.20000076293945,34.20000076293945,14442
2022-04-08,34.58000183105469,36.47809982299805,34.0099983215332,34.38999938964844,34.38999938964844,20993
2022-04-11,34.58000183105469,36.290000915527344,34.38999938964844,34.959999084472656,34.959999084472656,9596
2022-04-12,35.720001220703125,35.90999984741211,33.81999969482422,34.20000076293945,34.20000076293945,11375
2022-04-13,34.38999938964844,34.958099365234375,33.630001068115234,34.0099983215332,34.0099983215332,12174
2022-04-14,34.0099983215332,34.959999084472656,32.4900016784668,32.4900016784668,32.4900016784668,8931
2022-04-18,32.29999923706055,34.20000076293945,31.920000076293945,32.11000061035156,32.11000061035156,10820
2022-04-19,32.29999923706055,34.20000076293945,32.11000061035156,32.68000030517578,32.68000030517578,7381
2022-04-20,33.060001373291016,33.29180145263672,29.63999938964844,30.96999931335449,30.96999931335449,15557
2022-04-21,30.209999084472656,31.15999984741211,29.06999969482422,30.780000686645508,30.780000686645508,14240
2022-04-22,31.350000381469727,31.350000381469727,30.780000686645508,31.15999984741211,31.15999984741211,4497
2022-04-25,30.780000686645508,31.350000381469727,28.5,29.165000915527344,29.165000915527344,6146
2022-04-26,29.06999969482422,29.06999969482422,27.170000076293945,27.170000076293945,27.170000076293945,8580
2022-04-27,27.549999237060547,27.739999771118164,25.84000015258789,26.979999542236328,26.979999542236328,12009
2022-04-28,27.549999237060547,28.690000534057617,26.790000915527344,26.979999542236328,26.979999542236328,2638
2022-04-29,26.979999542236328,26.979999542236328,26.030000686645508,26.21999931335449,26.21999931335449,3877
2022-05-02,25.84000015258789,27.145299911499023,25.07999992370605,25.84000015258789,25.84000015258789,6925
2022-05-03,25.270000457763672,28.5,25.270000457763672,28.1200008392334,28.1200008392334,6558
2022-05-04,28.1200008392334,30.399999618530277,26.600000381469727,28.309999465942383,28.309999465942383,4596
2022-05-05,27.93000030517578,28.87809944152832,26.979999542236328,27.36000061035156,27.36000061035156,1307
2022-05-06,27.246000289916992,27.36000061035156,25.270000457763672,26.40999984741211,26.40999984741211,2470
2022-05-09,26.125,28.5,24.88999938964844,27.739999771118164,27.739999771118164,11208
2022-05-10,27.93000030517578,28.5,25.270000457763672,25.459999084472656,25.459999084472656,10736
2022-05-11,25.270000457763672,26.21999931335449,23.75,23.75,23.75,7178
2022-05-12,23.559999465942383,28.5,23.559999465942383,25.84000015258789,25.84000015258789,5207
2022-05-13,26.790000915527344,27.36000061035156,26.030000686645508,26.600000381469727,26.600000381469727,4023
2022-05-16,28.309999465942383,29.26000022888184,26.21999931335449,27.549999237060547,27.549999237060547,27533
2022-05-17,27.170000076293945,28.1200008392334,24.51000022888184,25.270000457763672,25.270000457763672,13156
2022-05-18,24.700000762939453,25.649999618530277,23.75,24.1299991607666,24.1299991607666,8129
2022-05-19,23.559999465942383,25.649999618530277,22.989999771118164,25.459999084472656,25.459999084472656,8348
2022-05-20,25.07999992370605,25.45809936523437,23.559999465942383,23.940000534057617,23.940000534057617,3427
2022-05-23,24.1299991607666,25.45809936523437,23.18000030517578,24.88999938964844,24.88999938964844,8853
2022-05-24,24.31999969482422,24.88999938964844,23.75,24.1299991607666,24.1299991607666,1544
2022-05-25,24.31999969482422,24.31999969482422,23.75,23.75,23.75,4991
2022-05-26,24.1299991607666,24.700000762939453,23.3700008392334,24.51000022888184,24.51000022888184,10488
2022-05-27,24.88999938964844,25.270000457763672,24.31999969482422,24.700000762939453,24.700000762939453,14612
2022-05-31,24.700000762939453,24.700000762939453,23.940000534057617,24.1299991607666,24.1299991607666,3270
2022-06-01,24.51000022888184,24.51000022888184,23.3700008392334,23.940000534057617,23.940000534057617,6537
2022-06-02,23.75,24.31999969482422,23.6018009185791,23.75,23.75,5055
2022-06-03,23.940000534057617,24.13190078735352,23.181900024414062,23.3700008392334,23.3700008392334,2957
2022-06-06,23.940000534057617,23.940000534057617,22.229999542236328,22.229999542236328,22.229999542236328,9272
2022-06-07,22.040000915527344,22.895000457763672,21.850000381469727,22.229999542236328,22.229999542236328,5384
2022-06-08,21.850000381469727,22.23189926147461,21.280000686645508,21.565000534057617,21.565000534057617,15295
2022-06-09,21.65999984741211,22.799999237060547,21.471900939941406,21.850000381469727,21.850000381469727,10358
2022-06-10,21.850000381469727,21.850000381469727,20.520000457763672,20.709999084472656,20.709999084472656,30352
2022-06-13,20.13999938964844,21.46999931335449,20.13999938964844,20.899999618530277,20.899999618530277,22950
2022-06-14,20.899999618530277,20.899999618530277,20.136199951171875,20.13999938964844,20.13999938964844,3109
2022-06-15,21.09000015258789,21.09000015258789,20.13999938964844,20.13999938964844,20.13999938964844,2142
2022-06-16,19.950000762939453,20.13999938964844,17.94930076599121,19.190000534057617,19.190000534057617,19306
2022-06-17,19.76000022888184,19.76000022888184,19.0,19.190000534057617,19.190000534057617,2400
2022-06-21,19.3799991607666,20.51810073852539,19.0,19.3799991607666,19.3799991607666,8390
2022-06-22,19.190000534057617,19.76000022888184,18.923999786376957,19.56999969482422,19.56999969482422,3030
2022-06-23,19.607999801635746,21.09000015258789,18.659900665283203,19.0,19.0,21724
2022-06-24,19.0,19.38949966430664,17.483800888061523,18.07469940185547,18.07469940185547,15521
2022-06-27,17.83530044555664,18.71500015258789,17.673799514770508,18.025299072265625,18.025299072265625,1641
2022-06-28,18.392000198364254,18.57439994812012,18.049999237060547,18.369199752807617,18.369199752807617,3063
2022-06-29,18.809999465942383,18.809999465942383,17.85810089111328,18.48699951171875,18.48699951171875,5392
2022-06-30,18.239999771118164,19.3799991607666,16.90999984741211,19.0,19.0,16088
2022-07-01,19.56999969482422,19.950000762939453,19.190000534057617,19.76000022888184,19.76000022888184,4864
2022-07-05,19.76000022888184,19.76000022888184,18.239999771118164,19.190000534057617,19.190000534057617,7240
2022-07-06,19.0,19.190000534057617,17.860000610351562,18.6200008392334,18.6200008392334,3574
2022-07-07,18.80620002746582,19.0,18.43000030517578,18.88409996032715,18.88409996032715,1268
2022-07-08,19.3799991607666,19.3799991607666,18.502199172973636,19.190000534057617,19.190000534057617,1087
2022-07-11,18.6200008392334,19.3799991607666,18.6200008392334,18.905000686645508,18.905000686645508,928
2022-07-12,18.905000686645508,19.0,18.62190055847168,18.74920082092285,18.74920082092285,291
2022-07-13,18.937299728393555,19.0,18.6200008392334,19.0,19.0,1193
2022-07-14,18.462299346923828,19.0,18.380599975585938,19.0,19.0,213
2022-07-15,18.43000030517578,19.0,18.08989906311035,19.0,19.0,1154
2022-07-18,18.809999465942383,19.190000534057617,18.43000030517578,18.745399475097656,18.745399475097656,1326
2022-07-19,19.56999969482422,19.56999969482422,19.190000534057617,19.3799991607666,19.3799991607666,2576
2022-07-20,19.0,19.950000762939453,19.0,19.190000534057617,19.190000534057617,1546
2022-07-21,19.56999969482422,19.665000915527344,19.0,19.56999969482422,19.56999969482422,1619
2022-07-22,19.190000534057617,19.56999969482422,18.809999465942383,19.37619972229004,19.37619972229004,1252
2022-07-25,19.3799991607666,19.3799991607666,18.6200008392334,18.6200008392334,18.6200008392334,1163
2022-07-26,18.6200008392334,19.190000534057617,18.049999237060547,18.08799934387207,18.08799934387207,1749
2022-07-27,18.809999465942383,18.809999465942383,16.57939910888672,17.100000381469727,17.100000381469727,4780
2022-07-28,17.100000381469727,17.80109977722168,17.100000381469727,17.162700653076172,17.162700653076172,997
2022-07-29,17.479999542236328,18.960100173950195,17.479999542236328,18.049999237060547,18.049999237060547,2673
2022-08-01,18.6200008392334,19.0,18.310300827026367,18.77199935913086,18.77199935913086,2199
2022-08-02,18.239999771118164,18.77199935913086,17.479999542236328,17.53700065612793,17.53700065612793,766
2022-08-03,18.72640037536621,18.72640037536621,18.049999237060547,18.05190086364746,18.05190086364746,1478
2022-08-04,18.6200008392334,18.6200008392334,18.053800582885746,18.392000198364254,18.392000198364254,463
2022-08-05,18.43000030517578,18.61429977416992,18.049999237060547,18.43000030517578,18.43000030517578,1297
2022-08-08,18.809999465942383,18.809999465942383,18.239999771118164,18.25900077819824,18.25900077819824,1149
2022-08-09,18.049999237060547,18.770099639892575,17.290000915527344,17.290000915527344,17.290000915527344,2679
2022-08-10,17.341299057006836,18.08799934387207,17.341299057006836,17.365999221801758,17.365999221801758,1330
2022-08-11,17.85810089111328,18.217199325561523,17.555999755859375,17.92460060119629,17.92460060119629,806
2022-08-12,18.331199645996094,18.838499069213867,17.681400299072266,17.681400299072266,17.681400299072266,1744
2022-08-15,18.410999298095703,18.410999298095703,17.945499420166016,18.239999771118164,18.239999771118164,1916
2022-08-16,17.860000610351562,18.011999130249023,17.599700927734375,17.679500579833984,17.679500579833984,4482
2022-08-17,18.049999237060547,18.049999237060547,17.670000076293945,17.670000076293945,17.670000076293945,1108
2022-08-18,17.5939998626709,18.048099517822266,17.5939998626709,17.863800048828125,17.863800048828125,90
2022-08-19,17.860000610351562,18.239999771118164,17.670000076293945,18.239999771118164,18.239999771118164,4162
2022-08-22,19.56999969482422,19.56999969482422,18.059499740600582,19.190000534057617,19.190000534057617,5805
2022-08-23,19.56999969482422,19.56999969482422,18.54400062561035,19.190000534057617,19.190000534057617,1828
2022-08-24,19.0,21.46999931335449,19.0,21.46999931335449,21.46999931335449,8308
2022-08-25,21.65999984741211,23.354799270629883,21.471900939941406,22.799999237060547,22.799999237060547,9401
2022-08-26,23.18000030517578,23.75,20.520000457763672,21.046300888061523,21.046300888061523,8130
2022-08-29,24.51000022888184,24.51000022888184,19.950000762939453,22.61000061035156,22.61000061035156,3042
2022-08-30,22.229999542236328,23.75,21.850000381469727,23.75,23.75,4648
2022-08-31,23.75,26.600000381469727,23.75,24.31999969482422,24.31999969482422,6137
2022-09-01,25.07999992370605,25.649999618530277,24.1299991607666,24.51000022888184,24.51000022888184,1781
2022-09-02,24.31999969482422,24.31999969482422,23.3700008392334,23.75,23.75,714
2022-09-06,23.18000030517578,23.18000030517578,22.23189926147461,22.420000076293945,22.420000076293945,428
2022-09-07,22.420000076293945,22.799999237060547,22.229999542236328,22.799999237060547,22.799999237060547,994
2022-09-08,23.18000030517578,23.18000030517578,22.229999542236328,22.229999542236328,22.229999542236328,410
2022-09-09,22.799999237060547,23.18000030517578,22.421899795532227,22.989999771118164,22.989999771118164,948
2022-09-12,22.991899490356445,22.993799209594727,22.229999542236328,22.420000076293945,22.420000076293945,810
2022-09-13,22.229999542236328,22.57200050354004,22.229999542236328,22.229999542236328,22.229999542236328,2105
2022-09-14,22.799999237060547,22.799999237060547,22.229999542236328,22.229999542236328,22.229999542236328,2444
2022-09-15,22.229999542236328,22.442800521850582,22.229999542236328,22.325000762939453,22.325000762939453,1365
2022-09-16,22.229999542236328,22.233800888061523,21.850000381469727,22.040000915527344,22.040000915527344,2059
2022-09-19,20.709999084472656,22.61000061035156,17.670000076293945,18.046199798583984,18.046199798583984,6904
2022-09-20,18.0310001373291,18.135499954223636,16.719999313354492,16.746599197387695,16.746599197387695,3183
2022-09-21,17.100000381469727,17.381200790405273,15.960000038146973,16.05500030517578,16.05500030517578,1978
2022-09-22,14.288000106811523,15.336799621582031,11.94909954071045,13.512800216674805,13.512800216674805,6517
2022-09-23,13.489999771118164,13.54699993133545,12.350000381469728,13.298100471496582,13.298100471496582,6955
2022-09-26,13.296199798583984,14.126500129699709,13.109999656677246,13.489999771118164,13.489999771118164,11118
2022-09-27,13.300000190734863,14.210100173950195,13.300000190734863,13.740799903869627,13.740799903869627,2307
2022-09-28,13.300000190734863,13.737000465393066,12.350000381469728,12.921899795532228,12.921899795532228,5854
2022-09-29,12.635000228881836,13.738900184631348,12.635000228881836,13.246800422668455,13.246800422668455,4822
2022-09-30,13.246800422668455,14.81999969482422,13.246800422668455,13.869999885559082,13.869999885559082,2481
2022-10-03,13.489999771118164,16.34000015258789,13.489999771118164,16.149999618530273,16.149999618530273,8125
2022-10-04,16.149999618530273,19.0,16.149999618530273,18.049999237060547,18.049999237060547,8722
2022-10-05,18.049999237060547,19.0,17.19499969482422,17.71940040588379,17.71940040588379,11450
2022-10-06,18.239999771118164,18.582000732421875,17.100000381469727,18.025299072265625,18.025299072265625,2281
2022-10-07,18.38629913330078,18.43000030517578,15.735799789428713,15.979000091552734,15.979000091552734,2536
2022-10-10,17.93600082397461,17.93600082397461,15.199999809265137,15.694000244140623,15.694000244140623,2357
2022-10-11,15.581899642944336,16.643999099731445,15.199999809265137,16.151899337768555,16.151899337768555,4830
2022-10-12,16.45400047302246,17.479999542236328,15.276000022888184,17.191200256347656,17.191200256347656,2774
2022-10-13,16.149999618530273,17.479999542236328,16.149999618530273,17.11709976196289,17.11709976196289,953
2022-10-14,17.069599151611328,17.670000076293945,15.391900062561035,15.961899757385254,15.961899757385254,1270
2022-10-17,16.90999984741211,17.19499969482422,16.90999984741211,16.959400177001953,16.959400177001953,637
2022-10-18,16.90999984741211,17.290000915527344,15.616100311279297,15.676899909973145,15.676899909973145,2462
2022-10-19,15.199999809265137,16.12150001525879,14.4399995803833,14.81999969482422,14.81999969482422,6216
2022-10-20,15.579999923706056,15.718700408935549,14.81999969482422,14.81999969482422,14.81999969482422,668
2022-10-21,15.199999809265137,15.770000457763672,15.03849983215332,15.390000343322754,15.390000343322754,701
2022-10-24,16.149999618530273,17.670000076293945,16.149999618530273,17.668100357055664,17.668100357055664,1904
2022-10-25,17.100000381469727,18.4281005859375,17.100000381469727,18.158300399780277,18.158300399780277,968
2022-10-26,18.6200008392334,18.809999465942383,18.43000030517578,18.431900024414062,18.431900024414062,2557
2022-10-27,18.809999465942383,19.0,18.6200008392334,18.901199340820312,18.901199340820312,3469
2022-10-28,18.6200008392334,18.71500015258789,18.059499740600582,18.239999771118164,18.239999771118164,1047
2022-10-31,18.049999237060547,19.0,18.049999237060547,18.809999465942383,18.809999465942383,961
2022-11-01,19.0,19.0,17.993000030517578,18.437599182128903,18.437599182128903,1372
2022-11-02,17.565500259399414,17.65290069580078,16.530000686645508,16.970800399780273,16.970800399780273,1478
2022-11-03,17.100000381469727,18.31410026550293,16.343799591064453,17.50279998779297,17.50279998779297,5067
2022-11-04,17.860000610351562,18.809999465942383,17.670000076293945,18.809999465942383,18.809999465942383,998
2022-11-07,18.809999465942383,18.809999465942383,16.8435001373291,17.717500686645508,17.717500686645508,2583
2022-11-08,18.43000030517578,18.43000030517578,17.291900634765625,18.034799575805664,18.034799575805664,740
2022-11-09,17.290000915527344,18.363500595092773,14.81999969482422,14.821900367736816,14.821900367736816,2961
2022-11-10,15.199999809265137,16.90999984741211,15.199999809265137,16.54520034790039,16.54520034790039,2355
2022-11-11,16.547100067138672,18.046199798583984,16.547100067138672,17.100000381469727,17.100000381469727,1460
2022-11-14,17.670000076293945,19.76000022888184,17.670000076293945,19.190000534057617,19.190000534057617,5434
2022-11-15,19.950000762939453,19.950000762939453,18.629499435424805,19.190000534057617,19.190000534057617,1557
2022-11-16,19.950000762939453,19.950000762939453,18.905000686645508,19.854999542236328,19.854999542236328,1709
2022-11-17,19.950000762939453,19.950000762939453,19.199499130249023,19.76000022888184,19.76000022888184,444
2022-11-18,19.854999542236328,20.899999618530277,19.3799991607666,19.3799991607666,19.3799991607666,3182
2022-11-21,19.76000022888184,20.68910026550293,19.190000534057617,20.13999938964844,20.13999938964844,674
2022-11-22,20.520000457763672,20.614999771118164,19.76000022888184,19.950000762939453,19.950000762939453,451
2022-11-23,19.950000762939453,20.899999618530277,19.76000022888184,20.18370056152344,20.18370056152344,487
2022-11-25,20.32999992370605,21.09000015258789,20.32999992370605,20.899999618530277,20.899999618530277,219
2022-11-28,21.09000015258789,21.46999931335449,21.09000015258789,21.09000015258789,21.09000015258789,684
2022-11-29,21.65999984741211,21.65999984741211,21.09000015258789,21.46999931335449,21.46999931335449,649
2022-11-30,21.74930000305176,21.850000381469727,21.09000015258789,21.09000015258789,21.09000015258789,1805
2022-12-01,21.09000015258789,22.229999542236328,20.71380043029785,21.850000381469727,21.850000381469727,1509
2022-12-02,21.850000381469727,22.420000076293945,21.137500762939453,21.87660026550293,21.87660026550293,940
2022-12-05,22.229999542236328,23.559999465942383,21.850000381469727,23.18000030517578,23.18000030517578,2596
2022-12-06,22.799999237060547,22.819000244140625,22.229999542236328,22.799999237060547,22.799999237060547,2377
2022-12-07,22.799999237060547,22.799999237060547,21.46999931335449,22.229999542236328,22.229999542236328,214
2022-12-08,21.65999984741211,22.228099822998047,20.520000457763672,20.709999084472656,20.709999084472656,2824
2022-12-09,21.848100662231445,23.434600830078125,21.222999572753903,22.799999237060547,22.799999237060547,7688
2022-12-12,22.799999237060547,24.31999969482422,21.94499969482422,24.1299991607666,24.1299991607666,3894
2022-12-13,23.940000534057617,24.88999938964844,22.989999771118164,23.274999618530277,23.274999618530277,2203
2022-12-14,24.700000762939453,24.700000762939453,22.799999237060547,22.799999237060547,22.799999237060547,2632
2022-12-15,23.72150039672852,23.75,22.76959991455078,22.799999237060547,22.799999237060547,2861
2022-12-16,22.798099517822266,23.3700008392334,22.420000076293945,22.989999771118164,22.989999771118164,2185
2022-12-19,21.850000381469727,23.559999465942383,21.850000381469727,22.229999542236328,22.229999542236328,4843
2022-12-20,22.799999237060547,23.78420066833496,22.420000076293945,22.420000076293945,22.420000076293945,3663
2022-12-21,22.989999771118164,23.46500015258789,20.520000457763672,21.65999984741211,21.65999984741211,5325
2022-12-22,22.040000915527344,26.40999984741211,21.850000381469727,25.858999252319336,25.858999252319336,9136
2022-12-23,27.170000076293945,27.170000076293945,24.70190048217773,26.979999542236328,26.979999542236328,3793
2022-12-27,27.170000076293945,27.170000076293945,26.21999931335449,26.600000381469727,26.600000381469727,1904
2022-12-28,26.790000915527344,27.549999237060547,26.600000381469727,27.549999237060547,27.549999237060547,5161
2022-12-29,27.549999237060547,28.8799991607666,27.54050064086914,28.8799991607666,28.8799991607666,6312
2022-12-30,27.93000030517578,28.690000534057617,27.36000061035156,28.309999465942383,28.309999465942383,4821
2023-01-03,28.8799991607666,31.350000381469727,28.48290061950684,30.96999931335449,30.96999931335449,5401
2023-01-04,29.82999992370605,32.869998931884766,29.82999992370605,32.869998931884766,32.869998931884766,7686
2023-01-05,33.060001373291016,33.25,31.729999542236328,32.68000030517578,32.68000030517578,3179
2023-01-06,32.947898864746094,35.720001220703125,32.29999923706055,35.150001525878906,35.150001525878906,6318
2023-01-09,34.959999084472656,35.529998779296875,34.20000076293945,34.959999084472656,34.959999084472656,2572
2023-01-10,34.77000045776367,34.77000045776367,33.25,33.25,33.25,2907
2023-01-11,33.81999969482422,34.77000045776367,31.55900001525879,33.439998626708984,33.439998626708984,3615
2023-01-12,34.306400299072266,34.959999084472656,31.540000915527344,32.869998931884766,32.869998931884766,3231
2023-01-13,33.25,33.25,28.690000534057617,30.020000457763672,30.020000457763672,7393
2023-01-17,29.63999938964844,31.807899475097656,28.916099548339844,31.350000381469727,31.350000381469727,1623
2023-01-18,31.350000381469727,31.540000915527344,29.06999969482422,29.82999992370605,29.82999992370605,3061
2023-01-19,29.63999938964844,29.63999938964844,25.84000015258789,26.40999984741211,26.40999984741211,2294
2023-01-20,29.63999938964844,29.63999938964844,26.979999542236328,27.45499992370605,27.45499992370605,851
2023-01-23,27.36000061035156,30.020000457763672,27.340999603271484,28.5,28.5,2441
2023-01-24,28.1200008392334,28.8799991607666,27.549999237060547,28.309999465942383,28.309999465942383,1077
2023-01-25,27.549999237060547,28.5,27.170000076293945,27.739999771118164,27.739999771118164,492
2023-01-26,27.36000061035156,27.93000030517578,25.459999084472656,26.40999984741211,26.40999984741211,1999
2023-01-27,26.790000915527344,27.739999771118164,26.790000915527344,26.790000915527344,26.790000915527344,2379
2023-01-30,27.170000076293945,27.738100051879883,27.170000076293945,27.170000076293945,27.170000076293945,4398
2023-01-31,27.549999237060547,28.59499931335449,26.600000381469727,27.834999084472656,27.834999084472656,3659
2023-02-01,28.5,28.690000534057617,27.739999771118164,28.309999465942383,28.309999465942383,2039
2023-02-02,29.06999969482422,29.57349967956543,27.739999771118164,28.690000534057617,28.690000534057617,3171
2023-02-03,28.5,28.8799991607666,28.1200008392334,28.309999465942383,28.309999465942383,2736
2023-02-06,27.739999771118164,29.450000762939453,26.600000381469727,29.06999969482422,29.06999969482422,5257
2023-02-07,33.630001068115234,36.09999847412109,31.350000381469727,32.68000030517578,32.68000030517578,137284
2023-02-08,33.630001068115234,35.90999984741211,32.68000030517578,34.58000183105469,34.58000183105469,34874
2023-02-09,37.04999923706055,38.380001068115234,34.20000076293945,37.810001373291016,37.810001373291016,30051
2023-02-10,38.95000076293945,40.65999984741211,37.04999923706055,38.0,38.0,32288
2023-02-13,38.0,38.56999969482422,34.0099983215332,38.0,38.0,28370
2023-02-14,37.2400016784668,38.380001068115234,34.959999084472656,35.90999984741211,35.90999984741211,7446
2023-02-15,36.09999847412109,37.04050064086914,35.34000015258789,35.90999984741211,35.90999984741211,3117
2023-02-16,35.90999984741211,36.60540008544922,34.41849899291992,34.959999084472656,34.959999084472656,1558
2023-02-17,35.34000015258789,35.76179885864258,34.260799407958984,35.150001525878906,35.150001525878906,1896
2023-02-21,35.34000015258789,35.34000015258789,33.81999969482422,34.20000076293945,34.20000076293945,6789
2023-02-22,34.959999084472656,36.09999847412109,34.20000076293945,35.34000015258789,35.34000015258789,2419
2023-02-23,35.720001220703125,35.720001220703125,34.0099983215332,34.20000076293945,34.20000076293945,1880
2023-02-24,34.38999938964844,35.14239883422852,34.20000076293945,34.58000183105469,34.58000183105469,1317
2023-02-27,35.150001525878906,35.720001220703125,34.58000183105469,35.301998138427734,35.301998138427734,1845
2023-02-28,36.09999847412109,36.09999847412109,34.38999938964844,34.77000045776367,34.77000045776367,2615
2023-03-01,34.959999084472656,34.959999084472656,34.38999938964844,34.38999938964844,34.38999938964844,608
2023-03-02,34.38999938964844,35.150001525878906,34.38999938964844,34.58000183105469,34.58000183105469,1592
2023-03-03,35.150001525878906,35.150001525878906,34.20000076293945,34.58000183105469,34.58000183105469,1219
2023-03-06,34.77000045776367,34.959999084472656,34.58000183105469,34.67499923706055,34.67499923706055,836
2023-03-07,35.150001525878906,35.150001525878906,34.20000076293945,34.58000183105469,34.58000183105469,787
2023-03-08,34.77000045776367,34.77000045776367,34.20000076293945,34.20000076293945,34.20000076293945,904
2023-03-09,34.38999938964844,34.58000183105469,33.439998626708984,34.38999938964844,34.38999938964844,1411
2023-03-10,34.959999084472656,34.959999084472656,32.4900016784668,33.25,33.25,1905
2023-03-13,32.4900016784668,33.25,28.8799991607666,29.06999969482422,29.06999969482422,5064
2023-03-14,30.59000015258789,32.29999923706055,30.54439926147461,31.540000915527344,31.540000915527344,2364
2023-03-15,31.540000915527344,31.540000915527344,29.831899642944336,30.780000686645508,30.780000686645508,963
2023-03-16,31.350000381469727,31.540000915527344,30.020000457763672,31.540000915527344,31.540000915527344,1578
2023-03-17,31.15999984741211,31.350000381469727,28.8799991607666,28.8799991607666,28.8799991607666,3436
2023-03-20,29.06999969482422,30.96999931335449,29.06999969482422,30.399999618530277,30.399999618530277,3371
2023-03-21,30.96999931335449,32.29999923706055,30.59000015258789,31.729999542236328,31.729999542236328,1249
2023-03-22,31.729999542236328,32.11000061035156,30.780000686645508,31.15999984741211,31.15999984741211,822
2023-03-23,31.350000381469727,32.29999923706055,31.350000381469727,31.729999542236328,31.729999542236328,549
2023-03-24,31.540000915527344,31.540000915527344,29.450000762939453,30.114999771118164,30.114999771118164,5080
2023-03-27,29.63999938964844,30.01810073852539,28.8799991607666,29.450000762939453,29.450000762939453,2510
2023-03-28,27.739999771118164,29.450000762939453,27.549999237060547,28.59499931335449,28.59499931335449,2788
2023-03-29,29.26000022888184,30.215700149536133,29.06999969482422,29.450000762939453,29.450000762939453,1047
2023-03-30,29.450000762939453,30.01810073852539,28.1200008392334,28.690000534057617,28.690000534057617,5710
2023-03-31,28.5,28.690000534057617,26.600000381469727,27.45499992370605,27.45499992370605,3442
2023-04-03,28.5,28.5,26.979999542236328,27.26499938964844,27.26499938964844,944
2023-04-04,26.790000915527344,27.35810089111328,26.790000915527344,27.35810089111328,27.35810089111328,304
2023-04-05,26.790000915527344,27.15290069580078,26.790000915527344,26.979999542236328,26.979999542236328,2450
2023-04-06,27.39800071716309,28.18079948425293,25.459999084472656,26.21999931335449,26.21999931335449,1926
2023-04-10,25.84000015258789,26.030000686645508,25.649999618530277,25.649999618530277,25.649999618530277,1031
2023-04-11,25.270000457763672,25.649999618530277,23.559999465942383,23.559999465942383,23.559999465942383,6303
2023-04-12,23.3700008392334,23.559999465942383,22.420000076293945,23.18000030517578,23.18000030517578,5321
2023-04-13,23.18000030517578,23.3700008392334,21.46999931335449,23.3700008392334,23.3700008392334,3482
2023-04-14,22.799999237060547,25.84000015258789,22.799999237060547,25.649999618530277,25.649999618530277,1561
2023-04-17,26.030000686645508,27.36000061035156,25.649999618530277,26.030000686645508,26.030000686645508,1943
2023-04-18,26.030000686645508,26.21999931335449,26.030000686645508,26.21999931335449,26.21999931335449,1901
2023-04-19,26.030000686645508,26.21999931335449,25.84000015258789,26.125,26.125,4270
2023-04-20,26.030000686645508,26.03190040588379,26.030000686645508,26.03190040588379,26.03190040588379,88
2023-04-21,26.030000686645508,26.21999931335449,25.649999618530277,26.030000686645508,26.030000686645508,2610
2023-04-24,26.030000686645508,26.21809959411621,25.270000457763672,25.270000457763672,25.270000457763672,1155
2023-04-25,25.459999084472656,26.21999931335449,25.270000457763672,25.649999618530277,25.649999618530277,2078
2023-04-26,25.651899337768555,25.934999465942383,25.649999618530277,25.84000015258789,25.84000015258789,185
2023-04-27,25.84950065612793,26.030000686645508,25.84000015258789,25.85330009460449,25.85330009460449,78
2023-04-28,25.649999618530277,26.030000686645508,25.649999618530277,25.84000015258789,25.84000015258789,1096
2023-05-01,25.84000015258789,26.40999984741211,25.84000015258789,25.84000015258789,25.84000015258789,1160
2023-05-02,26.030000686645508,26.030000686645508,25.84000015258789,26.028099060058597,26.028099060058597,1286
2023-05-03,26.337799072265625,26.40999984741211,25.84000015258789,25.934999465942383,25.934999465942383,1554
2023-05-04,25.84000015258789,26.125,25.649999618530277,25.649999618530277,25.649999618530277,939
2023-05-05,25.649999618530277,25.84000015258789,25.649999618530277,25.84000015258789,25.84000015258789,1617
2023-05-08,25.651899337768555,25.7450008392334,25.649999618530277,25.649999618530277,25.649999618530277,247
2023-05-09,25.83810043334961,25.84000015258789,25.649999618530277,25.7450008392334,25.7450008392334,323
2023-05-10,25.649999618530277,25.84000015258789,25.649999618530277,25.649999618530277,25.649999618530277,1374
2023-05-11,25.649999618530277,25.649999618530277,21.09189987182617,25.07999992370605,25.07999992370605,6191
2023-05-12,24.795000076293945,25.649999618530277,23.940000534057617,24.700000762939453,24.700000762939453,3660
2023-05-15,23.559999465942383,25.649999618530277,23.50489997863769,24.700000762939453,24.700000762939453,3293
2023-05-16,24.1299991607666,24.700000762939453,24.1299991607666,24.31999969482422,24.31999969482422,1225
2023-05-17,24.31999969482422,25.07999992370605,22.420000076293945,23.274999618530277,23.274999618530277,4398
2023-05-18,23.3700008392334,23.559999465942383,22.05900001525879,22.229999542236328,22.229999542236328,3414
2023-05-19,22.799999237060547,24.700000762939453,22.61000061035156,23.75,23.75,6631
2023-05-22,23.940000534057617,24.88999938964844,23.75,24.88999938964844,24.88999938964844,1298
2023-05-23,25.07999992370605,25.07999992370605,24.15089988708496,24.15089988708496,24.15089988708496,654
2023-05-24,23.75,23.940000534057617,23.559999465942383,23.75,23.75,139
2023-05-25,23.75,23.75,22.040000915527344,22.229999542236328,22.229999542236328,729
2023-05-26,22.799999237060547,23.75,22.799999237060547,22.989999771118164,22.989999771118164,1146
2023-05-30,22.229999542236328,22.61000061035156,20.899999618530277,21.082399368286133,21.082399368286133,1796
2023-05-31,19.76000022888184,20.520000457763672,19.190000534057617,20.13999938964844,20.13999938964844,4101
2023-06-01,19.56999969482422,21.40730094909668,19.56999969482422,20.899999618530277,20.899999618530277,1261
2023-06-02,21.88990020751953,22.989999771118164,21.280000686645508,21.280000686645508,21.280000686645508,1705
2023-06-05,22.3439998626709,22.420000076293945,21.65999984741211,22.040000915527344,22.040000915527344,685
2023-06-06,21.850000381469727,22.799999237060547,21.850000381469727,22.799999237060547,22.799999237060547,873
2023-06-07,22.61000061035156,25.07999992370605,22.61000061035156,24.51000022888184,24.51000022888184,5922
2023-06-08,24.700000762939453,24.700000762939453,21.46999931335449,21.46999931335449,21.46999931335449,1039
2023-06-09,22.989999771118164,22.989999771118164,21.65999984741211,21.7549991607666,21.7549991607666,340
2023-06-12,21.09000015258789,22.110300064086918,20.331899642944336,20.899999618530277,20.899999618530277,1410
2023-06-13,19.98419952392578,21.280000686645508,19.3799991607666,19.3799991607666,19.3799991607666,4207
2023-06-14,20.520000457763672,21.697999954223636,20.23500061035156,21.09000015258789,21.09000015258789,2164
2023-06-15,22.799999237060547,22.967199325561523,20.491500854492188,20.709999084472656,20.709999084472656,1385
2023-06-16,20.899999618530277,21.280000686645508,20.709999084472656,20.899999618530277,20.899999618530277,958
2023-06-20,20.32999992370605,21.46999931335449,20.32999992370605,20.709999084472656,20.709999084472656,802
2023-06-21,20.331899642944336,21.850000381469727,20.32999992370605,21.65999984741211,21.65999984741211,288
2023-06-22,21.65999984741211,21.65999984741211,20.709999084472656,21.65999984741211,21.65999984741211,155
2023-06-23,19.950000762939453,21.280000686645508,19.950000762939453,21.280000686645508,21.280000686645508,1976
2023-06-26,20.520000457763672,20.899999618530277,20.32999992370605,20.53899955749512,20.53899955749512,266
2023-06-27,20.32999992370605,23.274999618530277,19.95190048217773,22.799999237060547,22.799999237060547,7533
2023-06-28,23.18000030517578,24.66959953308105,22.799999237060547,22.799999237060547,22.799999237060547,982
2023-06-29,22.799999237060547,24.36750030517578,22.799999237060547,23.18000030517578,23.18000030517578,247
2023-06-30,23.18000030517578,23.75,22.799999237060547,23.18000030517578,23.18000030517578,770
2023-07-03,22.799999237060547,23.559999465942383,22.61000061035156,22.70499992370605,22.70499992370605,1626
2023-07-05,24.31999969482422,24.700000762939453,24.31999969482422,24.31999969482422,24.31999969482422,1421
2023-07-06,24.51000022888184,24.88999938964844,24.31999969482422,24.31999969482422,24.31999969482422,660
2023-07-07,24.700000762939453,25.270000457763672,23.66069984436035,24.51000022888184,24.51000022888184,1910
2023-07-10,24.51000022888184,24.51000022888184,23.75,23.940000534057617,23.940000534057617,1116
2023-07-11,24.1299991607666,24.31999969482422,23.3700008392334,23.559999465942383,23.559999465942383,570
2023-07-12,24.1299991607666,24.1299991607666,23.3700008392334,23.3700008392334,23.3700008392334,508
2023-07-13,23.3700008392334,24.1299991607666,23.3700008392334,23.46500015258789,23.46500015258789,968
2023-07-14,23.559999465942383,25.270000457763672,23.3700008392334,23.3700008392334,23.3700008392334,3339
2023-07-17,23.559999465942383,24.415000915527344,23.3700008392334,23.655000686645508,23.655000686645508,601
2023-07-18,23.75,24.88999938964844,23.75,24.51000022888184,24.51000022888184,1290
2023-07-19,24.51000022888184,24.98500061035156,23.18000030517578,23.559999465942383,23.559999465942383,1555
2023-07-20,23.3700008392334,24.1299991607666,23.3700008392334,23.559999465942383,23.559999465942383,581
2023-07-21,23.3700008392334,23.3700008392334,22.799999237060547,22.799999237060547,22.799999237060547,839
2023-07-24,22.799999237060547,24.12809944152832,22.799999237060547,23.655000686645508,23.655000686645508,1403
2023-07-25,23.926700592041016,24.03499984741211,22.61000061035156,23.18000030517578,23.18000030517578,1278
2023-07-26,22.799999237060547,23.559999465942383,22.799999237060547,23.18000030517578,23.18000030517578,2775
2023-07-27,22.989999771118164,23.18000030517578,22.61000061035156,22.61000061035156,22.61000061035156,1094
2023-07-28,22.989999771118164,23.18000030517578,22.799999237060547,22.989999771118164,22.989999771118164,768
2023-07-31,22.989999771118164,23.3700008392334,22.989999771118164,22.989999771118164,22.989999771118164,1078
2023-08-01,23.18000030517578,23.3700008392334,23.18000030517578,23.3700008392334,23.3700008392334,311
2023-08-02,23.18000030517578,23.3700008392334,22.989999771118164,23.3700008392334,23.3700008392334,301
2023-08-03,22.61000061035156,23.938100814819336,21.46999931335449,21.46999931335449,21.46999931335449,3203
2023-08-04,21.46999931335449,23.3700008392334,20.899999618530277,20.899999618530277,20.899999618530277,3339
2023-08-07,20.709999084472656,22.229999542236328,20.520000457763672,21.46999931335449,21.46999931335449,2646
2023-08-08,21.46999931335449,22.420000076293945,19.56999969482422,19.950000762939453,19.950000762939453,4986
2023-08-09,19.56999969482422,21.09000015258789,19.3799991607666,20.32999992370605,20.32999992370605,2665
2023-08-10,21.09000015258789,21.45479965209961,20.14189910888672,20.32999992370605,20.32999992370605,762
2023-08-11,19.76000022888184,21.280000686645508,19.76000022888184,20.23500061035156,20.23500061035156,1141
2023-08-14,21.825300216674805,21.825300216674805,19.56999969482422,20.05069923400879,20.05069923400879,3242
2023-08-15,20.32999992370605,20.899999618530277,19.950000762939453,20.709999084472656,20.709999084472656,546
2023-08-16,20.13999938964844,20.13999938964844,19.3799991607666,20.13999938964844,20.13999938964844,813
2023-08-17,20.32999992370605,20.899999618530277,19.190000534057617,20.13999938964844,20.13999938964844,1791
2023-08-18,19.9689998626709,20.32999992370605,19.950000762939453,19.950000762939453,19.950000762939453,1166
2023-08-21,19.950000762939453,19.950000762939453,19.190000534057617,19.190000534057617,19.190000534057617,1094
2023-08-22,19.3799991607666,19.3971004486084,19.190000534057617,19.190000534057617,19.190000534057617,1783
2023-08-23,18.6200008392334,19.0,18.6200008392334,18.62190055847168,18.62190055847168,1170
2023-08-24,18.809999465942383,18.809999465942383,16.45400047302246,17.603500366210938,17.603500366210938,2317
2023-08-25,17.670000076293945,18.21339988708496,17.670000076293945,18.21150016784668,18.21150016784668,159
2023-08-28,18.43000030517578,19.208999633789062,18.049999237060547,18.667499542236328,18.667499542236328,654
2023-08-29,18.239999771118164,18.923999786376957,18.239999771118164,18.43000030517578,18.43000030517578,1027
2023-08-30,18.43000030517578,19.0,18.05190086364746,18.410999298095703,18.410999298095703,924
2023-08-31,17.860000610351562,18.582000732421875,17.670000076293945,17.861900329589844,17.861900329589844,677
2023-09-01,18.20199966430664,18.923999786376957,14.857999801635742,15.579999923706056,15.579999923706056,1551
2023-09-05,15.770000457763672,17.670000076293945,15.23799991607666,15.656000137329102,15.656000137329102,2140
2023-09-06,16.149999618530273,17.478099822998047,16.149999618530273,16.701000213623047,16.701000213623047,1061
2023-09-07,16.149999618530273,18.60099983215332,16.149999618530273,18.239999771118164,18.239999771118164,2233
2023-09-08,18.239999771118164,18.239999771118164,16.736530303955078,17.10379981994629,17.10379981994629,1625
2023-09-11,16.719999313354492,18.60099983215332,16.719999313354492,17.670000076293945,17.670000076293945,1206
2023-09-12,17.670000076293945,18.049999237060547,16.151899337768555,16.151899337768555,16.151899337768555,1548
2023-09-13,16.90999984741211,17.479999542236328,16.159500122070312,16.721900939941406,16.721900939941406,990
2023-09-14,16.34950065612793,17.67474937438965,16.34950065612793,16.88909912109375,16.88909912109375,440
2023-09-15,16.34000015258789,19.0,14.924500465393066,19.0,19.0,4177
2023-09-18,17.829599380493164,18.99049949645996,16.719999313354492,17.236799240112305,17.236799240112305,1070
2023-09-19,16.91094970703125,16.91094970703125,15.579999923706056,16.25830078125,16.25830078125,914
2023-09-20,15.581899642944336,15.960000038146973,14.8371000289917,14.8371000289917,14.8371000289917,842
2023-09-21,14.4399995803833,16.986000061035156,14.4399995803833,15.549599647521973,15.549599647521973,1280
2023-09-22,16.149999618530273,16.34000015258789,14.630000114440918,15.068900108337402,15.068900108337402,850
2023-09-25,15.390000343322754,15.579999923706056,14.0600004196167,14.288000106811523,14.288000106811523,2686
2023-09-26,14.44950008392334,15.579999923706056,14.0600004196167,15.199999809265137,15.199999809265137,3172
2023-09-27,16.34000015258789,16.986000061035156,14.4399995803833,16.719999313354492,16.719999313354492,4013
2023-09-28,16.986000061035156,20.32999992370605,15.887800216674805,19.0,19.0,7924
2023-09-29,19.950000762939453,21.850000381469727,18.05190086364746,21.280000686645508,21.280000686645508,12850
2023-10-02,23.559999465942383,23.67779922485352,18.811899185180664,19.950000762939453,19.950000762939453,3767
2023-10-03,18.809999465942383,20.709999084472656,18.6200008392334,18.821399688720703,18.821399688720703,2883
2023-10-04,17.20639991760254,19.3799991607666,16.625,16.90999984741211,16.90999984741211,4747
2023-10-05,17.670000076293945,17.670000076293945,16.336200714111328,16.336200714111328,16.336200714111328,1424
2023-10-06,16.34000015258789,16.34760093688965,14.25,15.209500312805176,15.209500312805176,5718
2023-10-09,15.673100471496582,15.960000038146973,14.4399995803833,15.770000457763672,15.770000457763672,712
2023-10-10,15.770000457763672,16.34000015258789,15.011899948120115,15.12399959564209,15.12399959564209,2949
2023-10-11,15.663599967956545,15.958100318908691,15.142999649047852,15.390000343322754,15.390000343322754,2197
2023-10-12,15.010000228881836,15.960000038146973,14.4399995803833,14.94729995727539,14.94729995727539,830
2023-10-13,15.770000457763672,16.14240074157715,14.4399995803833,14.66800022125244,14.66800022125244,1639
2023-10-16,14.81999969482422,16.149999618530273,14.630000114440918,15.199999809265137,15.199999809265137,1655
2023-10-17,15.199999809265137,15.960000038146973,14.704099655151367,15.333000183105469,15.333000183105469,1237
2023-10-18,15.199999809265137,15.333000183105469,14.4399995803833,15.14680004119873,15.14680004119873,517
2023-10-19,15.199999809265137,16.530000686645508,14.63759994506836,14.83899974822998,14.83899974822998,2075
2023-10-20,14.630000114440918,15.960000038146973,13.800649642944336,14.187299728393556,14.187299728393556,2844
2023-10-23,13.94789981842041,15.579999923706056,13.94789981842041,14.07900047302246,14.07900047302246,756
2023-10-24,14.0600004196167,15.960000038146973,14.0600004196167,14.4399995803833,14.4399995803833,889
2023-10-25,14.25,15.579999923706056,14.25,14.25,14.25,541
2023-10-26,14.63759994506836,15.390000343322754,13.338000297546388,13.338000297546388,13.338000297546388,1027
2023-10-27,13.351300239562988,15.006199836730955,12.350000381469728,12.350000381469728,12.350000381469728,2777
2023-10-30,13.323749542236328,14.05049991607666,12.410799980163574,12.410799980163574,12.410799980163574,1685
2023-10-31,12.918100357055664,13.68000030517578,12.559000015258787,12.724300384521484,12.724300384521484,4128
2023-11-01,12.539999961853027,13.300000190734863,12.539999961853027,13.109999656677246,13.109999656677246,1201
2023-11-02,13.134699821472168,13.300000190734863,12.539999961853027,12.539999961853027,12.539999961853027,1093
2023-11-03,13.773099899291992,14.25,13.166999816894531,13.166999816894531,13.166999816894531,2322
2023-11-06,13.391200065612791,13.68000030517578,12.906700134277344,13.007399559020996,13.007399559020996,1559
2023-11-07,12.920000076293944,12.97130012512207,12.401300430297852,12.737600326538086,12.737600326538086,2785
2023-11-08,12.401300430297852,13.670499801635742,12.401300430297852,12.74899959564209,12.74899959564209,912
2023-11-09,12.921899795532228,12.934249877929688,12.539999961853027,12.642600059509276,12.642600059509276,551
2023-11-10,12.729999542236328,12.8725004196167,11.919650077819824,12.15999984741211,12.15999984741211,3388
2023-11-13,12.009900093078612,12.44499969482422,11.607099533081056,12.369000434875488,12.369000434875488,1551
2023-11-14,12.729999542236328,12.920000076293944,11.494999885559082,12.350000381469728,12.350000381469728,7819
2023-11-15,12.635000228881836,13.489999771118164,12.350000381469728,12.350000381469728,12.350000381469728,1556
2023-11-16,13.489999771118164,13.869999885559082,12.350000381469728,12.350000381469728,12.350000381469728,2198
2023-11-17,12.351900100708008,13.489999771118164,12.351900100708008,12.920000076293944,12.920000076293944,424
2023-11-20,12.729999542236328,13.090999603271484,12.350000381469728,12.351900100708008,12.351900100708008,1514
2023-11-21,13.109999656677246,13.43299961090088,12.920000076293944,12.925700187683104,12.925700187683104,882
2023-11-22,13.109999656677246,13.109999656677246,12.350000381469728,12.559000015258787,12.559000015258787,2402
2023-11-24,12.350000381469728,13.166999816894531,12.350000381469728,12.66349983215332,12.66349983215332,256
2023-11-27,12.351900100708008,13.109999656677246,12.351900100708008,12.729999542236328,12.729999542236328,964
2023-11-28,12.843999862670898,12.843999862670898,12.43929958343506,12.44499969482422,12.44499969482422,2659
2023-11-29,12.351900100708008,12.728099822998049,12.350000381469728,12.538100242614746,12.538100242614746,4096
2023-11-30,12.350000381469728,12.539999961853027,12.350000381469728,12.482999801635742,12.482999801635742,491
2023-12-01,12.729999542236328,12.729999542236328,12.350000381469728,12.501999855041504,12.501999855041504,468
2023-12-04,12.539999961853027,12.539999961853027,9.5,11.827500343322754,11.827500343322754,6237
2023-12-05,11.59000015258789,11.970000267028809,10.640000343322754,11.76099967956543,11.76099967956543,3676
2023-12-06,11.396200180053713,11.396200180053713,10.545000076293944,10.640000343322754,10.640000343322754,5077
2023-12-07,10.449999809265137,11.39430046081543,10.449999809265137,10.501299858093262,10.501299858093262,1708
2023-12-08,10.976300239562988,11.020000457763672,9.8818998336792,10.449999809265137,10.449999809265137,4256
2023-12-11,11.020000457763672,11.020000457763672,8.606430053710938,9.50189971923828,9.50189971923828,8299
2023-12-12,9.5,9.927499771118164,8.464500427246094,8.777999877929688,8.777999877929688,9457
2023-12-13,8.777999877929688,10.050999641418455,8.569000244140625,10.050999641418455,10.050999641418455,6428
2023-12-14,10.174500465393066,10.449999809265137,9.3100004196167,9.549400329589844,9.549400329589844,8935
2023-12-15,10.06999969482422,10.06999969482422,8.931900024414062,9.384099960327148,9.384099960327148,8453
2023-12-18,9.880000114440918,10.260000228881836,9.406900405883787,9.406900405883787,9.406900405883787,10824
2023-12-19,9.519000053405762,10.07759952545166,9.423999786376951,9.621600151062012,9.621600151062012,13317
2023-12-20,9.6899995803833,11.59000015258789,9.340399742126465,10.963000297546388,10.963000297546388,9988
2023-12-21,10.640000343322754,11.58810043334961,9.8818998336792,10.449999809265137,10.449999809265137,4245
2023-12-22,10.829999923706056,11.399999618530272,10.071900367736816,10.810999870300291,10.810999870300291,3456
2023-12-26,11.020000457763672,11.380999565124512,10.831899642944336,11.130200386047363,11.130200386047363,4826
2023-12-27,11.59000015258789,12.222700119018556,11.420900344848633,11.422800064086914,11.422800064086914,6670
2023-12-28,11.736300468444824,11.736300468444824,11.114999771118164,11.399999618530272,11.399999618530272,11806
2023-12-29,11.779999732971191,13.584050178527832,11.114999771118164,13.300000190734863,13.300000190734863,8994
2024-01-02,13.300000190734863,13.300000190734863,12.350000381469728,12.422200202941896,12.422200202941896,4735
2024-01-03,12.350000381469728,13.300000190734863,11.399999618530272,12.150500297546388,12.150500297546388,2451
2024-01-04,11.970000267028809,12.729999542236328,11.020000457763672,11.39430046081543,11.39430046081543,1899
2024-01-05,11.407600402832031,11.59000015258789,11.210189819335938,11.513999938964844,11.513999938964844,957
2024-01-08,12.125800132751465,13.14799976348877,10.925000190734863,11.380999565124512,11.380999565124512,6419
2024-01-09,11.038999557495115,11.78950023651123,10.85849952697754,11.118800163269045,11.118800163269045,6589
2024-01-10,11.59000015258789,11.67360019683838,11.210000038146973,11.229000091552734,11.229000091552734,2875
2024-01-11,11.59000015258789,11.59000015258789,11.229000091552734,11.229000091552734,11.229000091552734,742
2024-01-12,11.229000091552734,11.861700057983398,11.210000038146973,11.210000038146973,11.210000038146973,2755
2024-01-16,11.210000038146973,11.77810001373291,11.210000038146973,11.380999565124512,11.380999565124512,366
2024-01-17,11.210000038146973,11.380999565124512,10.660900115966797,10.660900115966797,10.660900115966797,3892
2024-01-18,10.660900115966797,11.399999618530272,10.640000343322754,10.727399826049805,10.727399826049805,1238
2024-01-19,11.210000038146973,11.544400215148926,10.622900009155272,10.734999656677246,10.734999656677246,3127
2024-01-22,10.696999549865724,11.779999732971191,10.696999549865724,11.020000457763672,11.020000457763672,2401
2024-01-23,11.970000267028809,11.970000267028809,11.050399780273438,11.59000015258789,11.59000015258789,2047
2024-01-24,11.779999732971191,11.87310028076172,11.399999618530272,11.726799964904783,11.726799964904783,1226
2024-01-25,11.875,11.875,10.449999809265137,10.449999809265137,10.449999809265137,3048
2024-01-26,10.645700454711914,11.211899757385254,10.449999809265137,10.605799674987791,10.605799674987791,2515
2024-01-29,10.449999809265137,11.301199913024902,10.449999809265137,10.468999862670898,10.468999862670898,3383
2024-01-30,10.59060001373291,10.640000343322754,9.520899772644045,9.553199768066406,9.553199768066406,11018
2024-01-31,10.107999801635742,10.49370002746582,9.520899772644045,9.520899772644045,9.520899772644045,2706
2024-02-01,9.612099647521973,10.068099975585938,9.3100004196167,9.615900039672852,9.615900039672852,4178
2024-02-02,9.615900039672852,10.449999809265137,9.3100004196167,9.946499824523926,9.946499824523926,3978
2024-02-05,10.06999969482422,10.413900375366213,9.148500442504885,9.553199768066406,9.553199768066406,6819
2024-02-06,10.031999588012695,10.640000343322754,9.31190013885498,10.47469997406006,10.47469997406006,3742
2024-02-07,10.449999809265137,10.640000343322754,10.449999809265137,10.451899528503418,10.451899528503418,1708
2024-02-08,10.449999809265137,10.531700134277344,10.06999969482422,10.451899528503418,10.451899528503418,1029
2024-02-09,10.449999809265137,10.818599700927734,10.449999809265137,10.641900062561035,10.641900062561035,602
2024-02-12,10.809100151062012,11.98900032043457,10.47469997406006,11.544400215148926,11.544400215148926,5166
2024-02-13,11.779999732971191,11.969809532165527,11.020000457763672,11.133999824523926,11.133999824523926,959
2024-02-14,10.260000228881836,11.126399993896484,9.617799758911133,10.448100090026855,10.448100090026855,21572
2024-02-15,10.222000122070312,10.448100090026855,9.258700370788574,9.29860019683838,9.29860019683838,9688
2024-02-16,12.538100242614746,12.591300010681152,9.6899995803833,11.951000213623049,11.951000213623049,30246
2024-02-20,12.350000381469728,14.25,12.0649995803833,13.109999656677246,13.109999656677246,14126
2024-02-21,13.109999656677246,13.68000030517578,10.829999923706056,11.66790008544922,11.66790008544922,7734
2024-02-22,12.237899780273438,12.595100402832031,11.455100059509276,12.595100402832031,12.595100402832031,5577
2024-02-23,13.47480010986328,13.68000030517578,11.907299995422363,13.281000137329102,13.281000137329102,11570
2024-02-26,13.345600128173828,13.565999984741213,10.449999809265137,10.97249984741211,10.97249984741211,14803
2024-02-27,11.132100105285645,11.591899871826172,9.5,9.956000328063965,9.956000328063965,18623
2024-02-28,10.06999969482422,10.449999809265137,9.119999885559082,9.6899995803833,9.6899995803833,36901
2024-02-29,9.880000114440918,10.06999969482422,9.313799858093262,9.5,9.5,3802
2024-03-01,9.975000381469728,10.06999969482422,9.50380039215088,9.89900016784668,9.89900016784668,2484
2024-03-04,9.927499771118164,10.068099975585938,9.374600410461426,9.67099952697754,9.67099952697754,5652
2024-03-05,10.049099922180176,10.049099922180176,8.551899909973145,8.836899757385254,8.836899757385254,12855
2024-03-06,9.5,9.5,7.7444000244140625,9.119999885559082,9.119999885559082,11906
2024-03-07,9.234000205993652,9.423999786376951,8.551899909973145,9.11620044708252,9.11620044708252,3923
2024-03-08,9.119999885559082,9.30620002746582,8.006600379943848,8.61460018157959,8.61460018157959,7029
2024-03-11,8.645000457763672,8.835000038146973,8.084500312805176,8.569000244140625,8.569000244140625,8879
2024-03-12,8.739999771118164,8.854000091552734,8.276399612426758,8.550000190734863,8.550000190734863,4983
2024-03-13,8.468299865722656,8.739999771118164,8.282859802246094,8.359999656677246,8.359999656677246,2847
2024-03-14,8.447400093078613,8.550000190734863,7.978099822998047,8.01990032196045,8.01990032196045,3048
2024-03-15,7.983799934387207,8.601300239562988,7.983799934387207,8.601300239562988,8.601300239562988,2797
2024-03-18,8.854000091552734,8.854000091552734,8.30679988861084,8.540499687194824,8.540499687194824,1405
2024-03-19,8.720999717712402,8.739999771118164,8.375200271606445,8.515800476074219,8.515800476074219,1877
2024-03-20,8.739999771118164,8.739999771118164,8.170000076293945,8.542400360107422,8.542400360107422,2682
2024-03-21,8.639300346374512,8.720999717712402,8.189000129699707,8.189000129699707,8.189000129699707,2460
2024-03-22,8.171899795532227,8.378999710083008,7.793799877166748,8.202300071716309,8.202300071716309,4124
2024-03-25,8.358099937438965,8.739999771118164,8.358099937438965,8.736200332641602,8.736200332641602,1497
2024-03-26,8.835000038146973,8.91100025177002,8.5024995803833,8.91100025177002,8.91100025177002,1455
2024-03-27,9.119999885559082,9.119999885559082,8.637399673461914,8.739999771118164,8.739999771118164,4490
2024-03-28,9.119999885559082,9.3100004196167,8.931900024414062,9.190299987792969,9.190299987792969,3578
2024-04-01,9.5,9.5,8.836899757385254,8.966099739074707,8.966099739074707,5032
2024-04-02,9.234000205993652,9.49429988861084,8.588000297546387,9.00409984588623,9.00409984588623,3475
2024-04-03,9.119999885559082,9.156100273132324,8.835000038146973,9.00979995727539,9.00979995727539,2009
2024-04-04,9.157999992370604,9.254899978637695,8.777999877929688,9.1181001663208,9.1181001663208,2101
2024-04-05,8.930000305175781,9.119999885559082,8.649749755859375,9.09340000152588,9.09340000152588,1871
2024-04-08,9.119999885559082,9.119999885559082,8.092100143432617,8.367600440979004,8.367600440979004,6134
2024-04-09,8.375200271606445,8.59749984741211,7.960999965667725,8.265000343322754,8.265000343322754,1487
2024-04-10,8.359999656677246,9.017399787902832,8.170000076293945,8.23270034790039,8.23270034790039,1397
2024-04-11,8.151000022888184,8.531000137329102,8.151000022888184,8.255499839782715,8.255499839782715,742
2024-04-12,8.303000450134277,8.542400360107422,7.987599849700928,8.036999702453613,8.036999702453613,849
2024-04-15,7.980000019073486,8.615360260009766,7.837500095367432,7.866000175476074,7.866000175476074,1685
2024-04-16,8.054100036621094,8.359999656677246,6.992000102996826,7.695000171661377,7.695000171661377,3119
2024-04-17,7.980000019073486,8.321999549865723,7.514500141143799,7.695000171661377,7.695000171661377,2943
2024-04-18,7.793799877166748,8.265000343322754,7.549650192260742,7.953400135040283,7.953400135040283,1597
2024-04-19,7.599999904632568,8.321999549865723,7.599999904632568,7.999000072479248,7.999000072479248,1939
2024-04-22,8.131999969482422,8.31820011138916,7.885000228881836,8.151000022888184,8.151000022888184,2458
2024-04-23,8.01609992980957,8.147199630737305,7.7957000732421875,8.147199630737305,8.147199630737305,602
2024-04-24,8.20989990234375,8.321999549865723,7.8376898765563965,8.19849967956543,8.19849967956543,790
2024-04-25,7.81850004196167,8.321999549865723,7.81850004196167,7.968599796295166,7.968599796295166,796
2024-04-26,8.151000022888184,8.320099830627441,7.980000019073486,7.980000019073486,7.980000019073486,644
2024-04-29,7.980000019073486,7.980000019073486,7.886899948120117,7.888800144195557,7.888800144195557,805
2024-04-30,7.980000019073486,8.168100357055664,7.888800144195557,7.888800144195557,7.888800144195557,984
2024-05-01,7.885000228881836,7.976200103759766,7.885000228881836,7.922999858856201,7.922999858856201,835
2024-05-02,7.981900215148926,8.321999549865723,7.885000228881836,7.903999805450439,7.903999805450439,1201
2024-05-03,7.980000019073486,8.162400245666504,7.789999961853027,7.789999961853027,7.789999961853027,1029
2024-05-06,8.170000076293945,8.170000076293945,7.789999961853027,7.789999961853027,7.789999961853027,3672
2024-05-07,7.695000171661377,8.170000076293945,7.695000171661377,8.074999809265137,8.074999809265137,1795
2024-05-08,8.09589958190918,8.09589958190918,7.599999904632568,7.714000225067139,7.714000225067139,959
2024-05-09,8.055999755859375,8.170000076293945,7.599999904632568,7.639900207519531,7.639900207519531,1560
2024-05-10,7.789999961853027,7.980000019073486,7.409999847412109,7.719699859619141,7.719699859619141,1725
2024-05-13,7.922999858856201,8.170000076293945,7.409999847412109,7.410950183868408,7.410950183868408,2379
2024-05-14,7.409999847412109,9.264399528503418,6.7829999923706055,6.841899871826172,6.841899871826172,19310
2024-05-15,7.315000057220459,7.789999961853027,7.031899929046631,7.315000057220459,7.315000057220459,2408
2024-05-16,7.770999908447266,7.789999961853027,7.11929988861084,7.11929988861084,7.11929988861084,1997
2024-05-17,7.21999979019165,7.788099765777588,7.03095006942749,7.21999979019165,7.21999979019165,2143
2024-05-20,7.23330020904541,7.758649826049805,7.03000020980835,7.1230998039245605,7.1230998039245605,3392
2024-05-21,7.21999979019165,7.21999979019165,6.908400058746338,6.944499969482422,6.944499969482422,6847
2024-05-22,6.93310022354126,7.408100128173828,6.298500061035156,6.460000038146973,6.460000038146973,3844
2024-05-23,6.460000038146973,7.067999839782715,5.889999866485596,5.910900115966797,5.910900115966797,2914
2024-05-24,6.100900173187256,6.458099842071533,6.079999923706055,6.250999927520752,6.250999927520752,1338
2024-05-28,6.479000091552734,7.315000057220459,5.889999866485596,6.184500217437744,6.184500217437744,10554
2024-05-29,6.175000190734863,7.472700119018555,5.889999866485596,6.821000099182129,6.821000099182129,9692
2024-05-30,6.805799961090088,6.957799911499023,5.958399772644043,5.992599964141846,5.992599964141846,9744
2024-05-31,6.004000186920166,6.378300189971924,5.73799991607666,6.004000186920166,6.004000186920166,5145
2024-06-03,6.078100204467773,6.243400096893311,5.889999866485596,5.990699768066406,5.990699768066406,968
2024-06-04,6.250999927520752,6.250999927520752,5.756999969482422,6.112299919128418,6.112299919128418,1430
2024-06-05,6.148399829864502,6.268099784851074,5.43209981918335,5.557499885559082,5.557499885559082,6268
2024-06-06,5.698100090026856,5.699999809265137,5.320000171661377,5.587900161743164,5.587900161743164,2568
2024-06-07,5.652500152587891,5.652500152587891,5.1585001945495605,5.192699909210205,5.192699909210205,7786
2024-06-10,5.274400234222412,5.699999809265137,4.940000057220459,5.224999904632568,5.224999904632568,4033
2024-06-11,5.337100028991699,5.506199836730957,5.034999847412109,5.312399864196777,5.312399864196777,2094
2024-06-12,5.491000175476074,5.5081000328063965,5.034999847412109,5.213600158691406,5.213600158691406,3040
2024-06-13,5.130000114440918,5.320000171661377,5.034999847412109,5.130000114440918,5.130000114440918,1728
2024-06-14,5.093900203704834,5.308599948883057,4.962800025939941,4.970399856567383,4.970399856567383,1594
2024-06-17,4.974199771881104,5.320000171661377,4.770899772644043,5.0406999588012695,5.0406999588012695,3639
2024-06-18,5.118599891662598,5.320000171661377,4.559999942779541,4.664500236511231,4.664500236511231,4502
2024-06-20,4.822199821472168,4.911499977111816,4.65500020980835,4.692049980163574,4.692049980163574,1476
2024-06-21,5.034999847412109,5.3180999755859375,4.75,4.940000057220459,4.940000057220459,5834
2024-06-24,5.320000171661377,5.320000171661377,5.053999900817871,5.224999904632568,5.224999904632568,6310
2024-06-25,5.224999904632568,5.320000171661377,4.769000053405762,4.926700115203857,4.926700115203857,7262
2024-06-26,5.0920000076293945,6.16018009185791,4.940000057220459,5.585999965667725,5.585999965667725,8856
2024-06-27,5.867199897766113,6.859000205993652,5.605000019073486,6.859000205993652,6.859000205993652,15674
2024-06-28,7.003399848937988,7.5030999183654785,6.840000152587891,6.840000152587891,6.840000152587891,8707
2024-07-01,6.9274001121521,7.031899929046631,6.289000034332275,6.743100166320801,6.743100166320801,7075
2024-07-02,6.289000034332275,6.404900074005127,5.718999862670898,5.891900062561035,5.891900062561035,6995
2024-07-03,6.23199987411499,6.651899814605713,5.699999809265137,5.779799938201904,5.779799938201904,2626
2024-07-05,5.547999858856201,5.605000019073486,5.131899833679199,5.413099765777588,5.413099765777588,3753
2024-07-08,5.411200046539307,5.411200046539307,5.130000114440918,5.24399995803833,5.24399995803833,2585
2024-07-09,5.1528000831604,5.699999809265137,5.130000114440918,5.301000118255615,5.301000118255615,2048
2024-07-10,5.299099922180176,5.605000019073486,5.120500087738037,5.1585001945495605,5.1585001945495605,1653
2024-07-11,5.156599998474121,5.699999809265137,5.156599998474121,5.418799877166748,5.418799877166748,4623
2024-07-12,5.699999809265137,7.332099914550781,5.688600063323975,5.956500053405762,5.956500053405762,9242
2024-07-15,6.079999923706055,6.079999923706055,5.363699913024902,5.511899948120117,5.511899948120117,6051
2024-07-16,5.510000228881836,5.698100090026856,5.320000171661377,5.696199893951416,5.696199893951416,3222
2024-07-17,5.694300174713135,6.364999771118164,5.665800094604492,6.007800102233887,6.007800102233887,3443
2024-07-18,6.363100051879883,6.363100051879883,5.889999866485596,5.889999866485596,5.889999866485596,3080
2024-07-19,6.269999980926514,6.3460001945495605,5.699999809265137,6.081900119781494,6.081900119781494,2657
2024-07-22,6.079999923706055,6.359300136566162,6.079999923706055,6.201600074768066,6.201600074768066,1908
2024-07-23,6.199699878692627,7.788099765777588,6.199699878692627,7.657000064849853,7.657000064849853,17535
2024-07-24,8.175700187683105,8.175700187683105,6.650000095367432,7.599999904632568,7.599999904632568,4877
2024-07-25,7.599999904632568,8.358099937438965,7.409999847412109,7.599999904632568,7.599999904632568,5664
2024-07-26,7.599999904632568,7.676000118255615,7.238999843597412,7.601900100708008,7.601900100708008,5378
2024-07-29,7.789999961853027,7.789999961853027,7.21999979019165,7.683599948883057,7.683599948883057,1499
2024-07-30,7.21999979019165,7.657000064849853,7.21999979019165,7.657000064849853,7.657000064849853,4706
2024-07-31,7.599999904632568,8.054100036621094,7.03000020980835,7.677899837493896,7.677899837493896,4915
2024-08-01,8.029399871826172,8.029399871826172,7.497399806976318,7.751999855041504,7.751999855041504,1629
2024-08-02,7.732999801635742,7.789050102233887,6.269999980926514,7.207459926605225,7.207459926605225,7045
2024-08-05,6.915999889373779,6.992000102996826,6.402999877929688,6.461900234222412,6.461900234222412,2789
2024-08-06,6.706999778747559,7.599999904632568,6.543600082397461,6.543600082397461,6.543600082397461,904
2024-08-07,7.003399848937988,7.125,6.650000095367432,6.838099956512451,6.838099956512451,1435
2024-08-08,6.840000152587891,6.840000152587891,6.460000038146973,6.460000038146973,6.460000038146973,768
2024-08-09,6.7829999923706055,6.838099956512451,6.461900234222412,6.837339878082275,6.837339878082275,2427
2024-08-12,6.7829999923706055,6.815299987792969,6.650000095367432,6.651899814605713,6.651899814605713,890
2024-08-13,6.840000152587891,6.840000152587891,6.053400039672852,6.079999923706055,6.079999923706055,1481
2024-08-14,6.269999980926514,6.269999980926514,5.614500045776367,5.701900005340576,5.701900005340576,2990
2024-08-15,5.929900169372559,5.929900169372559,5.510000228881836,5.510000228881836,5.510000228881836,3138
2024-08-16,5.730400085449219,5.730400085449219,5.510000228881836,5.525199890136719,5.525199890136719,2298
2024-08-19,5.510000228881836,5.74560022354126,5.510000228881836,5.699999809265137,5.699999809265137,2047
2024-08-20,5.605000019073486,5.699999809265137,5.323800086975098,5.52899980545044,5.52899980545044,956
2024-08-21,5.521399974822998,5.699999809265137,5.510000228881836,5.597400188446045,5.597400188446045,1888
2024-08-22,5.699999809265137,6.178800106048584,5.510000228881836,5.825399875640869,5.825399875640869,11739
2024-08-23,6.004000186920166,6.840000152587891,5.891900062561035,5.950799942016602,5.950799942016602,2785
2024-08-26,6.079999923706055,6.650000095367432,5.924200057983398,5.979300022125244,5.979300022125244,1064
2024-08-27,5.889999866485596,6.076200008392334,5.612599849700928,5.660099983215332,5.660099983215332,3473
2024-08-28,5.614500045776367,5.84630012512207,5.515699863433838,5.576499938964844,5.576499938964844,2357
2024-08-29,5.510000228881836,5.671500205993652,5.434000015258789,5.4720001220703125,5.4720001220703125,838
2024-08-30,5.312399864196777,5.510000228881836,5.130000114440918,5.2459001541137695,5.2459001541137695,1795
2024-09-03,5.130000114440918,5.337100028991699,4.4079999923706055,4.974199771881104,4.974199771881104,3007
2024-09-04,4.782299995422363,4.940000057220459,4.179999828338623,4.218949794769287,4.218949794769287,1524
2024-09-05,4.183800220489502,5.34089994430542,4.179999828338623,4.769000053405762,4.769000053405762,7956
2024-09-06,5.034999847412109,5.130000114440918,4.369999885559082,4.559999942779541,4.559999942779541,6347
2024-09-09,4.65500020980835,4.75,4.55620002746582,4.730999946594238,4.730999946594238,3788
2024-09-10,4.75,4.75,4.278800010681152,4.487800121307373,4.487800121307373,3134
2024-09-11,4.788000106811523,4.788000106811523,4.06790018081665,4.4440999031066895,4.4440999031066895,4936
2024-09-12,4.369999885559082,4.940000057220459,4.369999885559082,4.675899982452393,4.675899982452393,7490
2024-09-13,4.390900135040283,4.940000057220459,4.390900135040283,4.672100067138672,4.672100067138672,1820
2024-09-16,4.65500020980835,4.940000057220459,4.465000152587891,4.571400165557861,4.571400165557861,1606
2024-09-17,4.84499979019165,4.84499979019165,4.565700054168701,4.710100173950195,4.710100173950195,2803
2024-09-18,4.84499979019165,5.656300067901611,4.84499979019165,4.94189977645874,4.94189977645874,6497
2024-09-19,5.320000171661377,5.320000171661377,4.940000057220459,5.211699962615967,5.211699962615967,3029
2024-09-20,5.04640007019043,5.320000171661377,4.75,4.913400173187256,4.913400173187256,2972
2024-09-23,4.664500236511231,4.788000106811523,4.559999942779541,4.5619001388549805,4.5619001388549805,2523
2024-09-24,4.692999839782715,4.710100173950195,4.578999996185303,4.601799964904785,4.601799964904785,1703
2024-09-25,4.594200134277344,4.710100173950195,4.580900192260742,4.692999839782715,4.692999839782715,809
2024-09-26,4.5619001388549805,4.615099906921387,4.366199970245361,4.594200134277344,4.594200134277344,4030
2024-09-27,4.559999942779541,4.934299945831299,4.440299987792969,4.559999942779541,4.559999942779541,4943
2024-09-30,4.514400005340576,4.599899768829346,3.305999994277954,3.515000104904175,3.515000104904175,14964
2024-10-01,3.515000104904175,4.179999828338623,3.515000104904175,4.075500011444092,4.075500011444092,10792
2024-10-02,4.265500068664551,4.369999885559082,3.838000059127808,4.2056498527526855,4.2056498527526855,4433
2024-10-03,4.179999828338623,4.368100166320801,4.179999828338623,4.2179999351501465,4.2179999351501465,1857
2024-10-04,4.027999877929688,4.369999885559082,3.990000009536743,4.313000202178955,4.313000202178955,2073
2024-10-07,4.313000202178955,4.882999897003174,3.990000009536743,4.179999828338623,4.179999828338623,5524
2024-10-08,4.179999828338623,4.394700050354004,3.991899967193604,4.104000091552734,4.104000091552734,2949
2024-10-09,4.104000091552734,4.294000148773193,3.991899967193604,4.008999824523926,4.008999824523926,1627
2024-10-10,3.990000009536743,4.368100166320801,3.990000009536743,4.065999984741211,4.065999984741211,4242
2024-10-11,4.065999984741211,4.369999885559082,4.008999824523926,4.031799793243408,4.031799793243408,4197
2024-10-14,4.031799793243408,4.373799800872803,3.7771999835968018,3.782900094985962,3.782900094985962,5590
2024-10-15,3.782900094985962,4.149600028991699,3.515000104904175,3.5871999263763428,3.5871999263763428,4383
2024-10-16,3.9672000408172607,4.16480016708374,3.606199979782105,3.723999977111816,3.723999977111816,24318
2024-10-17,3.6119000911712646,4.178100109100342,3.520699977874756,3.5910000801086426,3.5910000801086426,43242
2024-10-18,3.660000085830689,3.940000057220459,3.220000028610229,3.220000028610229,3.220000028610229,24844
2024-10-21,3.400000095367432,3.479899883270264,2.720099925994873,2.900000095367432,2.900000095367432,49521
2024-10-22,2.819999933242798,2.936199903488159,2.6530001163482666,2.8499999046325684,2.8499999046325684,28838
2024-10-23,2.803400039672852,2.8499999046325684,2.5799999237060547,2.680000066757202,2.680000066757202,29095
2024-10-24,2.539999961853028,2.546499967575073,2.220000028610229,2.3499999046325684,2.3499999046325684,22295
2024-10-25,2.2100000381469727,2.650000095367432,2.134999990463257,2.549999952316284,2.549999952316284,39598
2024-10-28,2.619999885559082,2.619999885559082,2.4100000858306885,2.4649999141693115,2.4649999141693115,12661
2024-10-29,2.4948999881744385,2.505000114440918,2.400099992752075,2.4100000858306885,2.4100000858306885,4371
2024-10-30,2.470000028610229,2.5,2.2699999809265137,2.2999000549316406,2.2999000549316406,2494
2024-10-31,2.299999952316284,2.3299999237060547,2.1600000858306885,2.299999952316284,2.299999952316284,22044
2024-11-01,2.2300000190734863,2.5559000968933105,2.2300000190734863,2.2699999809265137,2.2699999809265137,21219
2024-11-04,2.303100109100342,2.5,2.303100109100342,2.5,2.5,11041
2024-11-05,2.4800000190734863,2.690000057220459,2.400000095367432,2.680000066757202,2.680000066757202,67719
2024-11-06,2.5799999237060547,2.759999990463257,2.5299999713897705,2.75,2.75,15639
2024-11-07,2.8299999237060547,2.8299999237060547,2.470000028610229,2.5299999713897705,2.5299999713897705,20243
2024-11-08,2.4800000190734863,2.569999933242798,2.390000104904175,2.390000104904175,2.390000104904175,11353
2024-11-11,2.400000095367432,2.4100000858306885,2.109999895095825,2.268399953842163,2.268399953842163,12718
2024-11-12,2.190000057220459,2.259999990463257,2.110100030899048,2.1700000762939453,2.1700000762939453,4183
2024-11-13,2.121000051498413,2.319999933242798,2.0999999046325684,2.299999952316284,2.299999952316284,16271
2024-11-14,2.289999961853028,2.289999961853028,2.150000095367432,2.1731998920440674,2.1731998920440674,3195
2024-11-15,2.220000028610229,2.3499999046325684,2.220000028610229,2.3499999046325684,2.3499999046325684,6055
2024-11-18,2.3499999046325684,2.5199999809265137,2.240000009536743,2.2699999809265137,2.2699999809265137,20584
2024-11-19,2.430000066757202,3.400000095367432,2.3008999824523926,3.049999952316284,3.049999952316284,110503
2024-11-20,3.150000095367432,4.980000019073486,3.150000095367432,4.619999885559082,4.619999885559082,167823
2024-11-21,4.860000133514404,5.289999961853027,4.03000020980835,5.199999809265137,5.199999809265137,122731
2024-11-22,5.25,7.269999980926514,5.25,6.570099830627441,6.570099830627441,163306
2024-11-25,7.489999771118164,10.649900436401367,6.880000114440918,7.5,7.5,232641
2024-11-26,8.850000381469727,10.68000030517578,7.983500003814697,9.539999961853027,9.539999961853027,261444
2024-11-27,10.0,11.600000381469728,6.780099868774414,7.539999961853027,7.539999961853027,289889
2024-11-29,7.349999904632568,7.506199836730957,5.78000020980835,7.050000190734863,7.050000190734863,95491
2024-12-02,6.650000095367432,7.472000122070312,6.320000171661377,6.630000114440918,6.630000114440918,82813
2024-12-03,7.019999980926514,7.400000095367432,6.269999980926514,6.639999866485596,6.639999866485596,59344
2024-12-04,6.809999942779541,6.809999942779541,6.0,6.170000076293945,6.170000076293945,64178
2024-12-05,6.170000076293945,6.536300182342529,5.760000228881836,5.840000152587891,5.840000152587891,19748
2024-12-06,5.75,5.914999961853027,5.260000228881836,5.389999866485596,5.389999866485596,28376
2024-12-09,5.420000076293945,5.4984002113342285,5.25,5.309999942779541,5.309999942779541,31581
2024-12-10,5.251999855041504,5.505199909210205,5.25,5.28000020980835,5.28000020980835,19998
2024-12-11,5.25,5.300000190734863,5.0,5.059999942779541,5.059999942779541,44221
2024-12-12,5.03000020980835,5.199999809265137,4.983500003814697,4.983500003814697,4.983500003814697,10858
2024-12-13,5.199999809265137,5.199999809265137,4.710000038146973,4.960000038146973,4.960000038146973,38292
2024-12-16,5.110000133514404,6.349999904632568,4.9730000495910645,5.880000114440918,5.880000114440918,29751
2024-12-17,5.699999809265137,6.820000171661377,5.25,6.559999942779541,6.559999942779541,62174
2024-12-18,6.34499979019165,6.488500118255615,5.940000057220459,6.320000171661377,6.320000171661377,18101
2024-12-19,6.570000171661377,6.570000171661377,5.700099945068359,5.940000057220459,5.940000057220459,9184
2024-12-20,6.090000152587891,6.440000057220459,5.480000019073486,6.289999961853027,6.289999961853027,26815
2024-12-23,6.139999866485596,6.139999866485596,5.486700057983398,5.75,5.75,2432
2024-12-24,5.71999979019165,5.78000020980835,5.47130012512207,5.71999979019165,5.71999979019165,7319
2024-12-26,6.0,7.786499977111816,5.679999828338623,7.070000171661377,7.070000171661377,31515
2024-12-27,7.809999942779541,10.0,7.5,9.220000267028809,9.220000267028809,113682
2024-12-30,9.220000267028809,9.220000267028809,7.46999979019165,8.430000305175781,8.430000305175781,36896
2024-12-31,9.0,9.0,7.610000133514404,7.989999771118164,7.989999771118164,12648
2025-01-02,7.75,8.199999809265137,7.619999885559082,7.619999885559082,7.619999885559082,4935
2025-01-03,7.920000076293945,8.010000228881836,6.949999809265137,7.650000095367432,7.650000095367432,28880
2025-01-06,8.5,8.5,7.424699783325195,7.769999980926514,7.769999980926514,39493
2025-01-07,8.0,8.380000114440918,7.699999809265137,7.701000213623047,7.701000213623047,15748
2025-01-08,7.820000171661377,8.028800010681152,7.017099857330322,7.800000190734863,7.800000190734863,18280
2025-01-10,7.590000152587891,7.789000034332275,7.289999961853027,7.480000019073486,7.480000019073486,6529
2025-01-13,7.630000114440918,7.684999942779541,6.930099964141846,7.110000133514404,7.110000133514404,16575
2025-01-14,7.309999942779541,9.399999618530272,7.309999942779541,9.399999618530272,9.399999618530272,36359
2025-01-15,9.859999656677246,9.989999771118164,8.569999694824219,8.850000381469727,8.850000381469727,16936
2025-01-16,9.4399995803833,9.4399995803833,8.75,9.06999969482422,9.06999969482422,13814
2025-01-17,9.119999885559082,9.119999885559082,8.57409954071045,9.100000381469728,9.100000381469728,8232
2025-01-21,8.880000114440918,9.388500213623049,8.75,8.800000190734863,8.800000190734863,11128
2025-01-22,8.880000114440918,9.350000381469728,8.815699577331543,9.300000190734863,9.300000190734863,7887
2025-01-23,8.800000190734863,9.289999961853027,8.770000457763672,9.061400413513184,9.061400413513184,5511
2025-01-24,9.380000114440918,9.390000343322754,9.0,9.390000343322754,9.390000343322754,1853
2025-01-27,9.380000114440918,9.380000114440918,9.01889991760254,9.380000114440918,9.380000114440918,3884
2025-01-28,8.989999771118164,9.18000030517578,8.989999771118164,9.18000030517578,9.18000030517578,1821
2025-01-29,9.06999969482422,9.220000267028809,9.023599624633787,9.050000190734863,9.050000190734863,5243
2025-01-30,9.404899597167969,9.529999732971191,9.079999923706056,9.079999923706056,9.079999923706056,2596
2025-01-31,9.060099601745604,9.170000076293944,9.060099601745604,9.170000076293944,9.170000076293944,799
2025-02-03,9.26159954071045,9.26159954071045,9.26159954071045,9.26159954071045,9.26159954071045,1373
2025-02-04,9.714699745178224,9.714699745178224,8.75,9.029999732971191,9.029999732971191,14927
2025-02-05,9.0,9.515000343322754,8.767999649047852,9.00100040435791,9.00100040435791,28065
2025-02-06,9.300000190734863,9.300000190734863,9.016799926757812,9.016799926757812,9.016799926757812,21595
2025-02-07,8.890000343322754,9.1899995803833,8.770099639892578,8.779999732971191,8.779999732971191,2867
2025-02-10,8.770000457763672,9.0,8.770000457763672,8.988200187683105,8.988200187683105,10804
2025-02-11,8.770099639892578,9.229999542236328,8.770099639892578,8.8100004196167,8.8100004196167,6096
2025-02-12,9.220000267028809,9.220000267028809,8.850000381469727,9.010000228881836,9.010000228881836,5499
2025-02-13,9.199999809265137,9.199999809265137,7.440999984741211,8.710000038146973,8.710000038146973,21836
2025-02-14,9.229999542236328,9.229999542236328,8.180000305175781,8.210000038146973,8.210000038146973,9795
2025-02-18,8.920000076293945,8.920000076293945,8.029999732971191,8.119999885559082,8.119999885559082,3310
2025-02-19,7.784999847412109,7.994999885559082,7.102000236511231,7.869999885559082,7.869999885559082,10351
2025-02-20,7.869999885559082,8.100000381469727,7.429999828338623,7.75,7.75,7669
2025-02-21,7.75,7.75,7.412499904632568,7.5,7.5,5903
2025-02-24,7.480000019073486,7.980000019073486,7.409999847412109,7.849999904632568,7.849999904632568,7996
2025-02-25,7.75,7.900000095367432,6.810999870300293,7.304999828338623,7.304999828338623,8737
2025-02-26,7.760000228881836,8.859999656677246,7.760000228881836,8.0,8.0,7798
2025-02-27,8.239999771118164,8.270000457763672,8.050000190734863,8.050000190734863,8.050000190734863,1392
2025-02-28,8.210000038146973,8.489999771118164,7.829999923706055,8.149999618530273,8.149999618530273,4643
2025-03-03,7.989999771118164,8.40999984741211,7.619999885559082,8.039999961853027,8.039999961853027,5860
2025-03-04,7.980000019073486,7.980000019073486,7.500100135803223,7.744999885559082,7.744999885559082,3532
2025-03-05,7.840000152587891,8.770000457763672,7.630000114440918,7.630000114440918,7.630000114440918,11050
2025-03-06,7.599999904632568,8.100000381469727,7.510000228881836,7.599999904632568,7.599999904632568,3149
2025-03-07,7.742199897766113,8.40999984741211,7.742199897766113,8.399999618530273,8.399999618530273,4523
2025-03-10,8.029999732971191,8.449999809265137,7.340000152587891,7.570000171661377,7.570000171661377,4878
2025-03-11,7.14769983291626,7.900000095367432,7.14769983291626,7.539999961853027,7.539999961853027,2746
2025-03-12,7.550000190734863,7.988699913024902,7.300000190734863,7.599999904632568,7.599999904632568,2775
2025-03-13,7.900000095367432,7.949999809265137,6.917600154876709,7.599999904632568,7.599999904632568,6249
2025-03-14,7.489999771118164,7.599999904632568,6.840000152587891,7.110000133514404,7.110000133514404,18073
2025-03-17,6.900000095367432,7.299900054931641,6.630000114440918,7.299900054931641,7.299900054931641,4123
2025-03-18,7.199999809265137,7.489999771118164,6.620100021362305,7.300000190734863,7.300000190734863,6067
2025-03-19,7.050000190734863,8.260000228881836,7.039999961853027,7.630000114440918,7.630000114440918,13020
2025-03-20,7.599999904632568,7.670000076293945,7.400000095367432,7.670000076293945,7.670000076293945,3851
2025-03-21,7.699999809265137,8.130000114440918,7.400000095367432,8.130000114440918,8.130000114440918,7236
2025-03-24,8.130000114440918,8.220000267028809,7.365399837493896,8.069999694824219,8.069999694824219,10228
2025-03-25,7.829999923706055,8.100000381469727,7.599999904632568,7.659999847412109,7.659999847412109,4441
2025-03-26,7.420000076293945,8.0,7.21999979019165,7.795000076293945,7.795000076293945,5247
2025-03-27,6.730100154876709,7.522200107574463,6.730100154876709,7.239999771118164,7.239999771118164,4550
2025-03-28,6.75,7.449999809265137,6.75,6.851099967956543,6.851099967956543,3414
2025-03-31,7.019999980926514,7.099999904632568,6.980000019073486,6.980000019073486,6.980000019073486,4373
2025-04-01,7.204999923706055,7.235000133514404,7.114999771118164,7.190000057220459,7.190000057220459,3001
2025-04-02,7.199999809265137,7.300000190734863,6.760000228881836,6.940000057220459,6.940000057220459,7719
2025-04-03,7.300000190734863,7.300000190734863,6.989999771118164,6.989999771118164,6.989999771118164,5152
2025-04-04,6.449999809265137,6.489999771118164,5.599999904632568,5.599999904632568,5.599999904632568,4644
2025-04-07,4.929999828338623,5.230000019073486,4.050000190734863,4.945000171661377,4.945000171661377,14650
2025-04-08,5.190000057220459,5.190000057220459,4.599999904632568,4.855000019073486,4.855000019073486,5177
2025-04-09,4.599999904632568,4.860000133514404,4.53000020980835,4.809999942779541,4.809999942779541,5274
2025-04-10,4.809999942779541,5.599999904632568,4.809999942779541,5.199999809265137,5.199999809265137,9382
2025-04-11,5.170000076293945,5.431700229644775,5.099999904632568,5.130000114440918,5.130000114440918,5464
2025-04-14,5.150000095367432,5.150000095367432,4.659999847412109,5.109000205993652,5.109000205993652,6487
2025-04-15,4.718299865722656,4.929999828338623,4.550000190734863,4.550000190734863,4.550000190734863,3408
2025-04-16,4.824900150299072,4.86870002746582,4.680099964141846,4.741199970245361,4.741199970245361,4340
2025-04-17,4.752500057220459,4.790200233459473,4.699999809265137,4.75,4.75,6938
2025-04-21,4.813199996948242,4.82420015335083,4.755499839782715,4.755499839782715,4.755499839782715,6213
2025-04-22,4.829999923706055,4.840799808502197,4.550099849700928,4.581900119781494,4.581900119781494,5143
2025-04-23,4.769899845123291,4.769899845123291,4.599999904632568,4.71999979019165,4.71999979019165,873
2025-04-24,4.820000171661377,4.829999923706055,4.550000190734863,4.5954999923706055,4.5954999923706055,6921
2025-04-25,4.559999942779541,4.949999809265137,4.559999942779541,4.875,4.875,6897
2025-04-28,4.949999809265137,4.949999809265137,4.550000190734863,4.550000190734863,4.550000190734863,3669
2025-04-29,4.699999809265137,5.929999828338623,4.550000190734863,5.592199802398682,5.592199802398682,20059
2025-04-30,5.900000095367432,6.510000228881836,5.369999885559082,6.0,6.0,18544
2025-05-01,5.820000171661377,6.829999923706055,5.5,5.500100135803223,5.500100135803223,20796
2025-05-02,5.400000095367432,6.037000179290772,5.400000095367432,5.550000190734863,5.550000190734863,11427
2025-05-05,5.400000095367432,5.916100025177002,4.860000133514404,5.400000095367432,5.400000095367432,12612
2025-05-06,5.909900188446045,5.909900188446045,4.829999923706055,5.28000020980835,5.28000020980835,11715
2025-05-07,5.050000190734863,5.380000114440918,5.050000190734863,5.13129997253418,5.13129997253418,10706
2025-05-08,5.639999866485596,5.769999980926514,5.235000133514404,5.570000171661377,5.570000171661377,11976
2025-05-09,5.489999771118164,5.599999904632568,5.190000057220459,5.599999904632568,5.599999904632568,11368
2025-05-12,5.150000095367432,5.760000228881836,5.03000020980835,5.179999828338623,5.179999828338623,13231
2025-05-13,5.130000114440918,5.71999979019165,5.053299903869629,5.71999979019165,5.71999979019165,3076
2025-05-14,5.871699810028076,5.871699810028076,5.186399936676025,5.516900062561035,5.516900062561035,7777
2025-05-15,5.340000152587891,5.429999828338623,4.699999809265137,5.429999828338623,5.429999828338623,12691
2025-05-16,5.172500133514404,5.3734002113342285,5.15500020980835,5.190000057220459,5.190000057220459,1930
2025-05-19,5.190000057220459,5.309999942779541,5.150000095367432,5.150000095367432,5.150000095367432,3682
2025-05-20,5.0,5.429999828338623,4.785299777984619,5.167699813842773,5.167699813842773,3396
2025-05-21,5.013199806213379,5.07420015335083,5.0,5.0,5.0,1120
2025-05-22,5.059999942779541,5.989999771118164,4.960000038146973,5.704400062561035,5.704400062561035,14736
2025-05-23,5.5,5.860000133514404,5.5,5.630000114440918,5.630000114440918,7535
2025-05-27,5.849999904632568,5.849999904632568,5.349999904632568,5.380000114440918,5.380000114440918,4313
2025-05-28,6.0,6.0,6.0,6.0,6.0,5883
2025-05-29,5.630000114440918,5.999899864196777,5.409999847412109,5.409999847412109,5.409999847412109,11096
2025-05-30,5.409999847412109,5.410099983215332,5.360000133514404,5.409999847412109,5.409999847412109,8258
2025-06-02,5.625,5.642499923706055,5.409999847412109,5.409999847412109,5.409999847412109,3532
2025-06-03,5.409999847412109,5.763599872589111,5.409999847412109,5.616199970245361,5.616199970245361,4043
2025-06-04,5.449999809265137,5.880000114440918,5.449999809265137,5.65500020980835,5.65500020980835,2666
2025-06-05,5.650000095367432,5.804999828338623,5.650000095367432,5.724999904632568,5.724999904632568,1289
2025-06-06,5.519999980926514,5.800000190734863,5.449999809265137,5.480000019073486,5.480000019073486,4957
2025-06-09,5.559999942779541,5.559999942779541,5.559999942779541,5.559999942779541,5.559999942779541,965
2025-06-10,5.659999847412109,5.659999847412109,5.510000228881836,5.619999885559082,5.619999885559082,490
2025-06-11,5.719699859619141,5.719699859619141,5.59060001373291,5.605000019073486,5.605000019073486,512
2025-06-12,5.599999904632568,5.599999904632568,5.489999771118164,5.599999904632568,5.599999904632568,1460
2025-06-13,5.449999809265137,5.572500228881836,5.449999809265137,5.572500228881836,5.572500228881836,887
2025-06-16,5.449999809265137,5.53000020980835,5.400000095367432,5.53000020980835,5.53000020980835,15040
2025-06-17,5.581399917602539,5.581399917602539,5.349999904632568,5.424900054931641,5.424900054931641,4014
2025-06-18,5.349999904632568,5.360000133514404,5.059999942779541,5.199999809265137,5.199999809265137,5181
2025-06-20,5.099999904632568,5.369999885559082,5.099999904632568,5.360000133514404,5.360000133514404,9196
2025-06-23,4.849999904632568,5.050000190734863,1.9850000143051147,2.2699999809265137,2.2699999809265137,947514
2025-06-24,2.299999952316284,2.369999885559082,2.0899999141693115,2.184999942779541,2.184999942779541,238203
2025-06-25,2.2300000190734863,2.2699999809265137,2.0,2.1700000762939453,2.1700000762939453,113389
2025-06-26,2.1700000762939453,2.2300000190734863,2.0199999809265137,2.1458001136779785,2.1458001136779785,100249
2025-06-27,2.200000047683716,2.240000009536743,2.0,2.200000047683716,2.200000047683716,40353
2025-06-30,2.200000047683716,2.240000009536743,2.119999885559082,2.180000066757202,2.180000066757202,26095
2025-07-01,2.220000028610229,2.220000028610229,2.049999952316284,2.1340999603271484,2.1340999603271484,30187
2025-07-02,2.0799999237060547,2.180000066757202,2.061000108718872,2.138799905776977,2.138799905776977,23071
2025-07-03,2.1700000762939453,2.2100000381469727,2.140000104904175,2.190000057220459,2.190000057220459,47147
2025-07-07,2.200000047683716,2.200000047683716,2.0299999713897705,2.0850000381469727,2.0850000381469727,39773
2025-07-08,2.0999999046325684,2.2100000381469727,2.0,2.140000104904175,2.140000104904175,66560
2025-07-09,2.140000104904175,2.200000047683716,2.0299999713897705,2.1177000999450684,2.1177000999450684,62290
2025-07-10,2.0999999046325684,2.499799966812134,2.0799999237060547,2.470000028610229,2.470000028610229,211506
2025-07-11,2.5,2.584700107574463,2.341900110244751,2.390000104904175,2.390000104904175,72749
2025-07-14,2.430000066757202,2.4800000190734863,2.319999933242798,2.4100000858306885,2.4100000858306885,124226
2025-07-15,1.899999976158142,1.899999976158142,1.5,1.7799999713897705,1.7799999713897705,492903
2025-07-16,1.7300000190734863,1.7799999713897705,1.5616999864578247,1.6100000143051147,1.6100000143051147,114866
2025-07-17,1.6200000047683716,1.7300000190734863,1.6200000047683716,1.7100000381469729,1.7100000381469729,101493
2025-07-18,1.7100000381469729,1.809999942779541,1.690000057220459,1.7300000190734863,1.7300000190734863,96121
2025-07-21,1.75,2.0799999237060547,1.7434899806976318,2.0799999237060547,2.0799999237060547,152663
2025-07-22,2.0799999237060547,2.226900100708008,2.0199999809265137,2.1600000858306885,2.1600000858306885,59006
2025-07-23,2.0,2.140000104904175,2.0,2.109999895095825,2.109999895095825,39413
2025-07-24,2.0999999046325684,2.149899959564209,1.7999999523162842,1.8350000381469729,1.8350000381469729,132217
2025-07-25,1.850000023841858,1.883800029754639,1.75,1.7699999809265137,1.7699999809265137,77605
2025-07-28,1.7699999809265137,1.7999999523162842,1.6670000553131104,1.6799999475479126,1.6799999475479126,40527
2025-07-29,1.7200000286102295,1.7798999547958374,1.600000023841858,1.6799999475479126,1.6799999475479126,79856
2025-07-30,1.6799999475479126,1.7799999713897705,1.6200000047683716,1.6699999570846558,1.6699999570846558,26292
2025-07-31,1.6699999570846558,1.7100000381469729,1.5499999523162842,1.5800000429153442,1.5800000429153442,49024
2025-08-01,1.5700000524520874,1.5985000133514404,0.8973000049591064,0.9463000297546388,0.9463000297546388,145801
2025-08-04,0.6000000238418579,0.8999999761581421,0.2000000029802322,0.392439991235733,0.392439991235733,86765
2025-08-05,0.3210999965667724,0.4244999885559082,0.3000000119209289,0.3201000094413757,0.3201000094413757,59553
2025-08-06,0.3210000097751617,0.4300000071525574,0.3201000094413757,0.3501999974250793,0.3501999974250793,47261
2025-08-07,0.3501999974250793,0.3899999856948852,0.3300000131130218,0.3499999940395355,0.3499999940395355,22945
2025-08-08,0.3700000047683716,0.3899999856948852,0.3400999903678894,0.3400999903678894,0.3400999903678894,20752
2025-08-11,0.3400999903678894,0.3899999856948852,0.3400000035762787,0.3898000121116638,0.3898000121116638,7208
2025-08-12,0.3400000035762787,0.3898000121116638,0.3199999928474426,0.3896999955177307,0.3896999955177307,1813
2025-08-13,0.3199999928474426,0.3898000121116638,0.3199999928474426,0.3896999955177307,0.3896999955177307,3732
2025-08-14,0.3760299980640411,0.3896999955177307,0.3199999928474426,0.3299899995326996,0.3299899995326996,8064
2025-08-15,0.3898000121116638,0.3898000121116638,0.3100000023841858,0.3896999955177307,0.3896999955177307,4215
2025-08-18,0.3149999976158142,0.3698999881744385,0.3149999976158142,0.3698999881744385,0.3698999881744385,13472
2025-08-19,0.3898999989032745,0.4095000028610229,0.3149999976158142,0.3499999940395355,0.3499999940395355,22225
2025-08-20,0.3160000145435333,0.3774999976158142,0.3160000145435333,0.3499999940395355,0.3499999940395355,7072
2025-08-21,0.3499900102615356,0.3499900102615356,0.3400000035762787,0.3400999903678894,0.3400999903678894,885
2025-08-22,0.3400999903678894,0.3400999903678894,0.3400999903678894,0.3400999903678894,0.3400999903678894,0
2025-08-25,0.3300000131130218,0.3549799919128418,0.3300000131130218,0.3499999940395355,0.3499999940395355,38330
2025-08-26,0.3400000035762787,0.4183000028133392,0.3400000035762787,0.3400000035762787,0.3400000035762787,5153
2025-08-27,0.3400000035762787,0.3603000044822693,0.3400000035762787,0.3603000044822693,0.3603000044822693,3492
2025-08-28,0.3429999947547912,0.4183000028133392,0.3429999947547912,0.3429999947547912,0.3429999947547912,7356
2025-08-29,0.3630000054836273,0.4095599949359894,0.3600000143051147,0.3600000143051147,0.3600000143051147,1340
2025-09-02,0.3749499917030334,0.4070000052452087,0.3700000047683716,0.4070000052452087,0.4070000052452087,14007
2025-09-03,0.4183000028133392,0.4312500059604645,0.3429999947547912,0.3429999947547912,0.3429999947547912,128174
2025-09-04,0.3210000097751617,0.324999988079071,0.3210000097751617,0.324999988079071,0.324999988079071,6033
2025-09-05,0.3210000097751617,0.3459999859333038,0.3210000097751617,0.3260000050067901,0.3260000050067901,4630
2025-09-08,0.3260000050067901,0.3485499918460846,0.3260000050067901,0.3274999856948852,0.3274999856948852,13888
2025-09-09,0.3465000092983246,0.3506999909877777,0.3109999895095825,0.3436999917030334,0.3436999917030334,31394
2025-09-10,0.3109999895095825,0.3824999928474426,0.3109999895095825,0.3635999858379364,0.3635999858379364,18171
2025-09-11,0.3700000047683716,0.4000000059604645,0.3199999928474426,0.3199999928474426,0.3199999928474426,4072
2025-09-12,0.3149999976158142,0.335999995470047,0.3149999976158142,0.335999995470047,0.335999995470047,544
2025-09-15,0.3199999928474426,0.3409999907016754,0.3199999928474426,0.3409999907016754,0.3409999907016754,5224
2025-09-16,0.3109999895095825,0.3759999871253967,0.3109999895095825,0.3499999940395355,0.3499999940395355,3057
2025-09-17,0.3695000112056732,0.3695000112056732,0.3149999976158142,0.3149999976158142,0.3149999976158142,7688
2025-09-18,0.3199999928474426,0.3589999973773956,0.3199999928474426,0.3589999973773956,0.3589999973773956,4156
2025-09-19,0.3499999940395355,0.3517000079154968,0.3499999940395355,0.3499999940395355,0.3499999940395355,1872
2025-09-22,0.3585000038146972,0.3585000038146972,0.3499999940395355,0.3533999919891357,0.3533999919891357,4787
2025-09-23,0.3533999919891357,0.3585000038146972,0.3499999940395355,0.3499999940395355,0.3499999940395355,9009
2025-09-24,0.3574999868869781,0.3574999868869781,0.3499999940395355,0.3499999940395355,0.3499999940395355,1296
2025-09-25,0.3799999952316284,0.3799999952316284,0.3499999940395355,0.3499999940395355,0.3499999940395355,2240
2025-09-26,0.3799999952316284,0.3799999952316284,0.3499999940395355,0.3600000143051147,0.3600000143051147,2334
2025-09-29,0.3799999952316284,0.3799999952316284,0.3499999940395355,0.3499999940395355,0.3499999940395355,2082
2025-09-30,0.3499999940395355,0.3600000143051147,0.3499999940395355,0.3499999940395355,0.3499999940395355,4111
2025-10-01,0.3549999892711639,0.3549999892711639,0.3529999852180481,0.3529999852180481,0.3529999852180481,4244
2025-10-02,0.3600000143051147,0.4018999934196472,0.3600000143051147,0.3799999952316284,0.3799999952316284,12264
2025-10-03,0.3549999892711639,0.449999988079071,0.3549999892711639,0.449999988079071,0.449999988079071,17992
2025-10-06,0.449999988079071,0.5378000140190125,0.4000000059604645,0.4325000047683716,0.4325000047683716,3751
2025-10-07,0.4000000059604645,0.5299999713897705,0.3799999952316284,0.4961999952793121,0.4961999952793121,1582
2025-10-08,0.3899900019168854,0.5378000140190125,0.3899900019168854,0.4000000059604645,0.4000000059604645,3496
2025-10-09,0.4187000095844269,0.4187000095844269,0.4000000059604645,0.4009999930858612,0.4009999930858612,3719
2025-10-10,0.4900000095367431,0.5099999904632568,0.4007999897003174,0.4099900126457214,0.4099900126457214,6062
2025-10-13,0.4000000059604645,0.4000000059604645,0.4000000059604645,0.4000000059604645,0.4000000059604645,2198
2025-10-14,0.4000000059604645,0.4000000059604645,0.4000000059604645,0.4000000059604645,0.4000000059604645,894
2025-10-15,0.4099999964237213,0.4930000007152557,0.3799999952316284,0.3833999931812286,0.3833999931812286,15184
2025-10-16,0.3799999952316284,0.3799999952316284,0.3375999927520752,0.3375999927520752,0.3375999927520752,10924
2025-10-17,0.3540000021457672,0.3630000054836273,0.3375000059604645,0.3375000059604645,0.3375000059604645,1093
2025-10-20,0.3571999967098236,0.4300000071525574,0.3456000089645386,0.4300000071525574,0.4300000071525574,5050
2025-10-21,0.3339999914169311,0.4059999883174896,0.3339999914169311,0.3580000102519989,0.3580000102519989,1084
2025-10-22,0.3580000102519989,0.4300000071525574,0.3580000102519989,0.4199999868869781,0.4199999868869781,8122
2025-10-23,0.449999988079071,0.449999988079071,0.3400000035762787,0.3463599979877472,0.3463599979877472,15086
2025-10-24,0.4099999964237213,0.4099999964237213,0.3329800069332123,0.3329800069332123,0.3329800069332123,35423
2025-10-27,0.3330000042915344,0.3429900109767914,0.3330000042915344,0.3330000042915344,0.3330000042915344,8341
2025-10-28,0.4000000059604645,0.4000000059604645,0.3300000131130218,0.3300000131130218,0.3300000131130218,410
2025-10-29,0.3199999928474426,0.3499999940395355,0.3199999928474426,0.3499999940395355,0.3499999940395355,1407
2025-10-30,0.3499999940395355,0.3499999940395355,0.2460000067949295,0.2460000067949295,0.2460000067949295,4137
2025-10-31,0.2460000067949295,0.2599999904632568,0.2001000046730041,0.2001000046730041,0.2001000046730041,16564
2025-11-03,0.209999993443489,0.209999993443489,0.209999993443489,0.209999993443489,0.209999993443489,716
2025-11-04,0.2797200083732605,0.2797200083732605,0.209999993443489,0.2184000015258789,0.2184000015258789,1136
2025-11-05,0.2184000015258789,0.2184000015258789,0.2184000015258789,0.2184000015258789,0.2184000015258789,0
2025-11-06,0.2939999997615814,0.3499999940395355,0.209999993443489,0.3300000131130218,0.3300000131130218,15059
2025-11-07,0.2775000035762787,0.3499999940395355,0.2667500078678131,0.3260999917984009,0.3260999917984009,11524
2025-11-10,0.4000000059604645,0.4000000059604645,0.2574999928474426,0.2802900075912475,0.2802900075912475,6618
2025-11-11,0.3086999952793121,0.4000000059604645,0.3000000119209289,0.3000000119209289,0.3000000119209289,2209
2025-11-12,0.3129999935626983,0.3129999935626983,0.3129999935626983,0.3129999935626983,0.3129999935626983,391
2025-11-13,0.3199999928474426,0.3199999928474426,0.3199999928474426,0.3199999928474426,0.3199999928474426,2370
2025-11-14,0.3199999928474426,0.4300000071525574,0.3199999928474426,0.3219499886035919,0.3219499886035919,5830
2025-11-17,0.3219999969005584,0.3219999969005584,0.2899999916553497,0.2899999916553497,0.2899999916553497,24433
2025-11-18,0.2899999916553497,0.2899999916553497,0.2000000029802322,0.2000000029802322,0.2000000029802322,47251
2025-11-19,0.1949999928474426,0.2300000041723251,0.1949999928474426,0.2300000041723251,0.2300000041723251,13968
2025-11-20,0.2300000041723251,0.2300000041723251,0.209999993443489,0.209999993443489,0.209999993443489,1171
2025-11-21,0.2349999994039535,0.2748999893665313,0.2199999988079071,0.2199999988079071,0.2199999988079071,19138
2025-11-24,0.2269999980926513,0.2269999980926513,0.1749999970197677,0.1749999970197677,0.1749999970197677,4637
2025-11-25,0.1800000071525573,0.1800000071525573,0.1595299988985061,0.1595299988985061,0.1595299988985061,18225
2025-11-26,0.1150000020861625,0.1400000005960464,0.0551000013947486,0.1115000024437904,0.1115000024437904,161238
2025-11-28,0.1199999973177909,0.1199999973177909,0.1132500022649765,0.1132500022649765,0.1132500022649765,6706
2025-12-01,0.1150000020861625,0.1150000020861625,0.0965000018477439,0.0965000018477439,0.0965000018477439,37250
2025-12-02,0.1062500029802322,0.1147300004959106,0.0846000015735626,0.0846000015735626,0.0846000015735626,11141
2025-12-03,0.0741799995303154,0.0741799995303154,0.0719700008630752,0.0719700008630752,0.0719700008630752,1205
2025-12-04,0.060199998319149,0.0788000002503395,0.0588000006973743,0.0780000016093254,0.0780000016093254,3736
2025-12-05,0.0780000016093254,0.0799999982118606,0.0592299997806549,0.0599999986588954,0.0599999986588954,115066
2025-12-08,0.1086999997496604,0.1086999997496604,0.0625500008463859,0.0625500008463859,0.0625500008463859,2275
2025-12-09,0.0762299969792366,0.0762299969792366,0.0762299969792366,0.0762299969792366,0.0762299969792366,1242
2025-12-10,0.0700000002980232,0.1199000030755996,0.061099998652935,0.0700000002980232,0.0700000002980232,30068
2025-12-11,0.0757300034165382,0.0757300034165382,0.0610000006854534,0.0610000006854534,0.0610000006854534,4274
2025-12-12,0.061099998652935,0.1133999973535537,0.0610000006854534,0.0799999982118606,0.0799999982118606,11221
2025-12-15,0.1133000031113624,0.1133000031113624,0.061099998652935,0.061099998652935,0.061099998652935,1587
2025-12-16,0.1199999973177909,0.1199999973177909,0.061099998652935,0.061099998652935,0.061099998652935,1269
2025-12-17,0.0614000000059604,0.1149000003933906,0.0614000000059604,0.1149000003933906,0.1149000003933906,24986
2025-12-18,0.1097000017762184,0.1150000020861625,0.0701000019907951,0.0701000019907951,0.0701000019907951,11531
2025-12-19,0.0799999982118606,0.1000000014901161,0.0799999982118606,0.0824500024318695,0.0824500024318695,10679
2025-12-22,0.0700000002980232,0.1147499978542327,0.0700000002980232,0.0984999984502792,0.0984999984502792,19729
2025-12-23,0.0984999984502792,0.1026299968361854,0.0984999984502792,0.1025300025939941,0.1025300025939941,3382
2025-12-24,0.0984999984502792,0.1137500032782554,0.0984999984502792,0.1099999994039535,0.1099999994039535,10814
2025-12-26,0.1099999994039535,0.1099999994039535,0.0883999988436698,0.0883999988436698,0.0883999988436698,2747
2025-12-29,0.0883999988436698,0.1006999984383583,0.0883999988436698,0.0885000005364418,0.0885000005364418,9268
2025-12-30,0.0862300023436546,0.0892999991774559,0.0830999985337257,0.0830999985337257,0.0830999985337257,759
2025-12-31,0.0832000002264976,0.1000000014901161,0.0649999976158142,0.1000000014901161,0.1000000014901161,40980
2026-01-02,0.0949999988079071,0.0995000004768371,0.0650999993085861,0.0650999993085861,0.0650999993085861,16750
2026-01-05,0.0995000004768371,0.0995000004768371,0.0650999993085861,0.0995000004768371,0.0995000004768371,28372
2026-01-06,0.1000000014901161,0.1590300053358078,0.0700000002980232,0.1270000040531158,0.1270000040531158,43660
2026-01-07,0.1270000040531158,0.1270000040531158,0.1270000040531158,0.1270000040531158,0.1270000040531158,1019
2026-01-08,0.1592500060796737,0.1700000017881393,0.1400000005960464,0.1400000005960464,0.1400000005960464,22105
2026-01-09,0.1547800004482269,0.1547800004482269,0.1200999990105629,0.1200999990105629,0.1200999990105629,2330
2026-01-12,0.1599999964237213,0.1599999964237213,0.1599999964237213,0.1599999964237213,0.1599999964237213,1182
2026-01-13,0.1599999964237213,0.1898999959230423,0.1199999973177909,0.1898999959230423,0.1898999959230423,12042
2026-01-14,0.1898999959230423,0.1898999959230423,0.1186000034213066,0.1186000034213066,0.1186000034213066,492
2026-01-15,0.0998999997973442,0.0998999997973442,0.0998999997973442,0.0998999997973442,0.0998999997973442,156
2026-01-16,0.0998999997973442,0.0998999997973442,0.0998999997973442,0.0998999997973442,0.0998999997973442,0
2026-01-20,0.1099999994039535,0.1099999994039535,0.1099999994039535,0.1099999994039535,0.1099999994039535,4500
2026-01-21,0.1099999994039535,0.1099999994039535,0.1099999994039535,0.1099999994039535,0.1099999994039535,180
2026-01-22,0.1099999994039535,0.1099999994039535,0.1099999994039535,0.1099999994039535,0.1099999994039535,226
2026-01-23,0.1099999994039535,0.1099999994039535,0.1099999994039535,0.1099999994039535,0.1099999994039535,0
2026-01-26,0.1099999994039535,0.1099999994039535,0.1099999994039535,0.1099999994039535,0.1099999994039535,0
2026-01-27,0.1099999994039535,0.1099999994039535,0.1099999994039535,0.1099999994039535,0.1099999994039535,0
2026-01-28,0.1099999994039535,0.1099999994039535,0.1099999994039535,0.1099999994039535,0.1099999994039535,225
2026-01-29,0.1099999994039535,0.1099999994039535,0.1099999994039535,0.1099999994039535,0.1099999994039535,0
2026-01-30,0.1099999994039535,0.1099999994039535,0.1099999994039535,0.1099999994039535,0.1099999994039535,0
2026-02-02,0.1099999994039535,0.1099999994039535,0.1099999994039535,0.1099999994039535,0.1099999994039535,772
2026-02-03,0.1099999994039535,0.1099999994039535,0.1099999994039535,0.1099999994039535,0.1099999994039535,0
2026-02-04,0.1099999994039535,0.1099999994039535,0.1099999994039535,0.1099999994039535,0.1099999994039535,0
2026-02-05,0.0013999999500811,0.0013999999500811,0.0013999999500811,0.0013999999500811,0.0013999999500811,1858
2026-02-06,0.0020000000949949,0.1199999973177909,0.0020000000949949,0.0020000000949949,0.0020000000949949,11515
2026-02-09,0.0020000000949949,0.0020000000949949,0.0020000000949949,0.0020000000949949,0.0020000000949949,0
2026-02-10,0.0020000000949949,0.0020000000949949,0.0020000000949949,0.0020000000949949,0.0020000000949949,0
2026-02-11,0.0020000000949949,0.0020000000949949,0.0020000000949949,0.0020000000949949,0.0020000000949949,0
2026-02-12,0.0199999995529651,0.0199999995529651,0.0199999995529651,0.0199999995529651,0.0199999995529651,1729
2026-02-13,0.0199999995529651,0.0199999995529651,0.0199999995529651,0.0199999995529651,0.0199999995529651,0
2026-02-17,0.0199999995529651,0.0199999995529651,0.0199999995529651,0.0199999995529651,0.0199999995529651,0
2026-02-18,0.0199999995529651,0.0199999995529651,0.0199999995529651,0.0199999995529651,0.0199999995529651,0
2026-02-19,0.0200999993830919,0.0200999993830919,0.0200999993830919,0.0200999993830919,0.0200999993830919,119
2026-02-20,0.0200999993830919,0.0200999993830919,0.0200999993830919,0.0200999993830919,0.0200999993830919,1134
2026-02-23,0.0200999993830919,0.0200999993830919,0.0200999993830919,0.0200999993830919,0.0200999993830919,0
2026-02-24,0.0200999993830919,0.0200999993830919,0.0200999993830919,0.0200999993830919,0.0200999993830919,0
2026-02-25,0.0200999993830919,0.0200999993830919,0.0200999993830919,0.0200999993830919,0.0200999993830919,7894
2026-02-26,0.0200999993830919,0.0200999993830919,0.0200999993830919,0.0200999993830919,0.0200999993830919,0
2026-02-27,0.0200999993830919,0.0200999993830919,0.0200999993830919,0.0200999993830919,0.0200999993830919,0
2026-03-02,0.0200999993830919,0.0200999993830919,0.0200999993830919,0.0200999993830919,0.0200999993830919,700
2026-03-03,0.0200999993830919,0.0200999993830919,0.0200999993830919,0.0200999993830919,0.0200999993830919,0
2026-03-04,0.0261000003665685,0.0261000003665685,0.0261000003665685,0.0261000003665685,0.0261000003665685,101
2026-03-05,0.0261000003665685,0.0261000003665685,0.0261000003665685,0.0261000003665685,0.0261000003665685,0
2026-03-06,0.0261000003665685,0.0261000003665685,0.0261000003665685,0.0261000003665685,0.0261000003665685,0
2026-03-09,0.0200999993830919,0.0200999993830919,0.0200999993830919,0.0200999993830919,0.0200999993830919,2030
2026-03-10,0.0200999993830919,0.0200999993830919,0.0200999993830919,0.0200999993830919,0.0200999993830919,2508
2026-03-11,0.0200999993830919,0.0200999993830919,0.0200999993830919,0.0200999993830919,0.0200999993830919,0
2026-03-12,0.0200999993830919,0.0200999993830919,0.0200999993830919,0.0200999993830919,0.0200999993830919,0
2026-03-13,0.0200999993830919,0.0200999993830919,0.0200999993830919,0.0200999993830919,0.0200999993830919,10126
2026-03-16,0.0200999993830919,0.0200999993830919,0.0200999993830919,0.0200999993830919,0.0200999993830919,0
2026-03-17,0.1099999994039535,0.1099999994039535,0.1099999994039535,0.1099999994039535,0.1099999994039535,157
2026-03-18,0.1099999994039535,0.1099999994039535,0.1099999994039535,0.1099999994039535,0.1099999994039535,0
2026-03-19,0.1099999994039535,0.1099999994039535,0.1099999994039535,0.1099999994039535,0.1099999994039535,0
2026-03-20,0.1099999994039535,0.1099999994039535,0.1099999994039535,0.1099999994039535,0.1099999994039535,0
2026-03-23,0.1099999994039535,0.1099999994039535,0.1099999994039535,0.1099999994039535,0.1099999994039535,0
2026-03-24,0.1099999994039535,0.1099999994039535,0.1099999994039535,0.1099999994039535,0.1099999994039535,0
2026-03-25,0.1099999994039535,0.1099999994039535,0.1099999994039535,0.1099999994039535,0.1099999994039535,0
2026-03-26,0.1099999994039535,0.1099999994039535,0.1099999994039535,0.1099999994039535,0.1099999994039535,0
2026-03-27,0.1099999994039535,0.1099999994039535,0.1099999994039535,0.1099999994039535,0.1099999994039535,0
2026-03-30,0.1099999994039535,0.1099999994039535,0.1099999994039535,0.1099999994039535,0.1099999994039535,0
2026-03-31,0.1099999994039535,0.1099999994039535,0.1099999994039535,0.1099999994039535,0.1099999994039535,0
2026-04-01,0.1099999994039535,0.1099999994039535,0.1099999994039535,0.1099999994039535,0.1099999994039535,0
2026-04-02,0.1099999994039535,0.1099999994039535,0.1099999994039535,0.1099999994039535,0.1099999994039535,0
2026-04-06,0.1099999994039535,0.1099999994039535,0.1099999994039535,0.1099999994039535,0.1099999994039535,0
2026-04-07,0.1099999994039535,0.1099999994039535,0.1099999994039535,0.1099999994039535,0.1099999994039535,0
2026-04-08,0.1099999994039535,0.1099999994039535,0.1099999994039535,0.1099999994039535,0.1099999994039535,0
2026-04-09,0.1099999994039535,0.1099999994039535,0.1099999994039535,0.1099999994039535,0.1099999994039535,0
2026-04-10,0.0299999993294477,0.0299999993294477,0.0299999993294477,0.0299999993294477,0.0299999993294477,434
2026-04-13,0.0299999993294477,0.0320000015199184,0.0299999993294477,0.0320000015199184,0.0320000015199184,15237
2026-04-14,0.0320000015199184,0.0320000015199184,0.0320000015199184,0.0320000015199184,0.0320000015199184,0
2026-04-15,0.0320000015199184,0.0320000015199184,0.0320000015199184,0.0320000015199184,0.0320000015199184,0
2026-04-16,0.0320000015199184,0.0320000015199184,0.0320000015199184,0.0320000015199184,0.0320000015199184,0
2026-04-17,0.033500000834465,0.033500000834465,0.033500000834465,0.033500000834465,0.033500000834465,567
2026-04-20,0.033500000834465,0.033500000834465,0.033500000834465,0.033500000834465,0.033500000834465,0
2026-04-21,0.033500000834465,0.033500000834465,0.033500000834465,0.033500000834465,0.033500000834465,1120
2026-04-22,0.033500000834465,0.033500000834465,0.033500000834465,0.033500000834465,0.033500000834465,0
2026-04-23,0.0200999993830919,0.0200999993830919,0.0200999993830919,0.0200999993830919,0.0200999993830919,4829
2026-04-24,0.0200999993830919,0.0200999993830919,0.0200999993830919,0.0200999993830919,0.0200999993830919,0
2026-04-27,0.0337000004947185,0.0337000004947185,0.0326999984681606,0.0326999984681606,0.0326999984681606,3900
2026-04-28,0.0326999984681606,0.0326999984681606,0.0326999984681606,0.0326999984681606,0.0326999984681606,0
2026-04-29,0.0326999984681606,0.0326999984681606,0.0326999984681606,0.0326999984681606,0.0326999984681606,0
2026-04-30,0.0200999993830919,0.0200999993830919,0.0200999993830919,0.0200999993830919,0.0200999993830919,1275
2026-05-01,0.0200999993830919,0.0200999993830919,0.0200999993830919,0.0200999993830919,0.0200999993830919,678
2026-05-04,0.0200999993830919,0.0200999993830919,0.0200999993830919,0.0200999993830919,0.0200999993830919,181
2026-05-05,0.0200999993830919,0.0200999993830919,0.0200999993830919,0.0200999993830919,0.0200999993830919,0
2026-05-06,0.0200999993830919,0.0200999993830919,0.0200999993830919,0.0200999993830919,0.0200999993830919,2530
2026-05-07,0.0200999993830919,0.0200999993830919,0.0200999993830919,0.0200999993830919,0.0200999993830919,325
2026-05-08,0.0200999993830919,0.0200999993830919,0.0200999993830919,0.0200999993830919,0.0200999993830919,548
2026-05-11,0.0337000004947185,0.0337000004947185,0.0337000004947185,0.0337000004947185,0.0337000004947185,325
2026-05-12,0.0337000004947185,0.0337000004947185,0.0337000004947185,0.0337000004947185,0.0337000004947185,0
2026-05-13,0.0337000004947185,0.0337000004947185,0.0337000004947185,0.0337000004947185,0.0337000004947185,0
2026-05-14,0.0337000004947185,0.0337000004947185,0.0337000004947185,0.0337000004947185,0.0337000004947185,6903
2026-05-15,0.0337000004947185,0.0337000004947185,0.0337000004947185,0.0337000004947185,0.0337000004947185,0
2026-05-18,0.0337000004947185,0.0337000004947185,0.0337000004947185,0.0337000004947185,0.0337000004947185,0
2026-05-19,0.0337000004947185,0.0337000004947185,0.0337000004947185,0.0337000004947185,0.0337000004947185,0
2026-05-20,0.0200999993830919,0.0200999993830919,0.0200999993830919,0.0200999993830919,0.0200999993830919,789
2026-05-21,0.0200999993830919,0.0200999993830919,0.0200999993830919,0.0200999993830919,0.0200999993830919,839
2026-05-22,0.0200999993830919,0.0200999993830919,0.0200999993830919,0.0200999993830919,0.0200999993830919,0
2026-05-26,0.0200999993830919,0.0200999993830919,0.0200999993830919,0.0200999993830919,0.0200999993830919,0
2026-05-27,0.0200999993830919,0.0200999993830919,0.0200999993830919,0.0200999993830919,0.0200999993830919,0
2026-05-28,0.0200999993830919,0.0200999993830919,0.0200999993830919,0.0200999993830919,0.0200999993830919,0
2026-05-29,0.0200999993830919,0.0200999993830919,0.0200999993830919,0.0200999993830919,0.0200999993830919,0
2026-06-01,0.0333999991416931,0.0333999991416931,0.0333999991416931,0.0333999991416931,0.0333999991416931,534
2026-06-02,0.0333999991416931,0.0333999991416931,0.0333999991416931,0.0333999991416931,0.0333999991416931,0
2026-06-03,0.0331999994814395,0.0331999994814395,0.0200999993830919,0.0200999993830919,0.0200999993830919,452
2026-06-04,0.0200999993830919,0.0200999993830919,0.0200999993830919,0.0200999993830919,0.0200999993830919,0
2026-06-05,0.0200999993830919,0.0200999993830919,0.0200999993830919,0.0200999993830919,0.0200999993830919,0
2026-06-08,0.0200999993830919,0.0200999993830919,0.0200999993830919,0.0200999993830919,0.0200999993830919,0
2026-06-09,0.0200999993830919,0.0200999993830919,0.0200999993830919,0.0200999993830919,0.0200999993830919,105
2026-06-10,0.0337000004947185,0.0337000004947185,0.0337000004947185,0.0337000004947185,0.0337000004947185,669
2026-06-11,0.0337000004947185,0.0337000004947185,0.0337000004947185,0.0337000004947185,0.0337000004947185,0
2026-06-12,0.0337000004947185,0.0337000004947185,0.0337000004947185,0.0337000004947185,0.0337000004947185,0
2026-06-15,0.0337000004947185,0.0337000004947185,0.0337000004947185,0.0337000004947185,0.0337000004947185,805
2026-06-16,0.0337000004947185,0.0337000004947185,0.0337000004947185,0.0337000004947185,0.0337000004947185,0
2026-06-17,0.0299999993294477,0.0299999993294477,0.0299999993294477,0.0299999993294477,0.0299999993294477,789
2026-06-18,0.0299999993294477,0.0299999993294477,0.0299999993294477,0.0299999993294477,0.0299999993294477,0
2026-06-22,0.0299999993294477,0.0299999993294477,0.0299999993294477,0.0299999993294477,0.0299999993294477,0
2026-06-23,0.0299999993294477,0.0299999993294477,0.0299999993294477,0.0299999993294477,0.0299999993294477,0
2026-06-24,0.0370999984443187,0.0370999984443187,0.0370999984443187,0.0370999984443187,0.0370999984443187,314
2026-06-25,0.0370999984443187,0.0370999984443187,0.0370999984443187,0.0370999984443187,0.0370999984443187,0
2026-06-26,0.0299999993294477,0.0299999993294477,0.0299999993294477,0.0299999993294477,0.0299999993294477,157
2026-06-29,0.0299999993294477,0.0299999993294477,0.0299999993294477,0.0299999993294477,0.0299999993294477,0
2026-06-30,0.0299999993294477,0.0299999993294477,0.0299999993294477,0.0299999993294477,0.0299999993294477,0
2026-07-01,0.0012000000569969,0.0012000000569969,0.0012000000569969,0.0012000000569969,0.0012000000569969,177
2026-07-02,0.0012000000569969,0.0012000000569969,0.0012000000569969,0.0012000000569969,0.0012000000569969,0
2026-07-06,0.0012000000569969,0.0012000000569969,0.0012000000569969,0.0012000000569969,0.0012000000569969,0
2026-07-07,0.0012000000569969,0.0012000000569969,0.0012000000569969,0.0012000000569969,0.0012000000569969,0
2026-07-08,0.0012000000569969,0.0012000000569969,0.0012000000569969,0.0012000000569969,0.0012000000569969,0
2026-07-09,0.0012000000569969,0.0012000000569969,0.0012000000569969,0.0012000000569969,0.0012000000569969,0
2026-07-10,0.0012000000569969,0.0012000000569969,0.0012000000569969,0.0012000000569969,0.0012000000569969,0
2026-07-13,0.0012000000569969,0.0012000000569969,0.0012000000569969,0.0012000000569969,0.0012000000569969,0
2026-07-14,0.0012000000569969,0.0012000000569969,0.0012000000569969,0.0012000000569969,0.0012000000569969,0
2026-07-15,0.0010999999940395,0.0010999999940395,0.0010999999940395,0.0010999999940395,0.0010999999940395,1251
2026-07-16,0.0010999999940395,0.0010999999940395,0.0010999999940395,0.0010999999940395,0.0010999999940395,1511
2026-07-17,0.0010999999940395,0.0010999999940395,0.0010999999940395,0.0010999999940395,0.0010999999940395,0
2026-07-20,0.0010999999940395,0.0010999999940395,0.0010999999940395,0.0010999999940395,0.0010999999940395,0
2026-07-21,0.0010999999940395,0.0010999999940395,0.0010999999940395,0.0010999999940395,0.0010999999940395,0
2026-07-22,0.0010999999940395,0.0010999999940395,0.0010999999940395,0.0010999999940395,0.0010999999940395,0
2026-07-23,0.0010999999940395,0.0010999999940395,0.0010999999940395,0.0010999999940395,0.0010999999940395,0
2026-07-24,0.0010999999940395,0.0010999999940395,0.0010999999940395,0.0010999999940395,0.0010999999940395,0
2026-07-27,0.0010999999940395,0.0010999999940395,0.0010999999940395,0.0010999999940395,0.0010999999940395,0
2026-07-28,0.0010999999940395,0.0010999999940395,0.0010999999940395,0.0010999999940395,0.0010999999940395,0
2026-07-29,0.0010999999940395,0.0010999999940395,0.0010999999940395,0.0010999999940395,0.0010999999940395,0
2026-07-30,0.0010999999940395,0.0010999999940395,0.0010999999940395,0.0010999999940395,0.0010999999940395,0
2026-08-03,0.0010999999940395,0.0010999999940395,0.0010999999940395,0.0010999999940395,0.0010999999940395,263
2026-08-04,0.0010999999940395,0.0010999999940395,0.0010999999940395,0.0010999999940395,0.0010999999940395,0
2026-08-05,0.0010999999940395,0.0010999999940395,0.0010999999940395,0.0010999999940395,0.0010999999940395,0
2026-08-06,0.0010999999940395,0.0010999999940395,0.0010999999940395,0.0010999999940395,0.0010999999940395,100
2026-08-07,0.0010999999940395,0.0010999999940395,0.0010999999940395,0.0010999999940395,0.0010999999940395,0
2026-08-10,0.03709999844431877,0.03709999844431877,0.03709999844431877,0.03709999844431877,0.03709999844431877,147
2026-08-11,0.03709999844431877,0.03709999844431877,0.03709999844431877,0.03709999844431877,0.03709999844431877,0
2026-08-12,0.00019999999494757503,0.00019999999494757503,0.00019999999494757503,0.00019999999494757503,0.00019999999494757503,158
2026-08-13,0.00019999999494757503,0.00019999999494757503,0.00019999999494757503,0.00019999999494757503,0.00019999999494757503,0
