Date,Open,High,Low,Close,Adj Close,Volume
2021-08-16,9.800000190734863,9.800000190734863,9.789999961853027,9.789999961853027,7.61667537689209,4000
2021-08-17,9.779999732971191,9.800000190734863,9.779999732971191,9.789999961853027,7.61667537689209,1600
2021-08-18,9.800000190734863,9.829999923706056,9.779999732971191,9.800000190734863,7.624456405639648,13300
2021-08-19,9.81999969482422,9.859999656677246,9.800000190734863,9.850000381469728,7.663356304168701,18700
2021-08-20,9.81999969482422,9.84000015258789,9.770000457763672,9.789999961853027,7.61667537689209,13000
2021-08-23,9.779999732971191,9.800000190734863,9.739999771118164,9.770000457763672,7.619796276092529,9100
2021-08-24,9.760000228881836,9.800000190734863,9.75,9.789999961853027,7.635393142700195,18100
2021-08-25,9.779999732971191,9.789999961853027,9.75,9.75,7.604193210601807,22600
2021-08-26,9.829999923706056,9.829999923706056,9.720000267028809,9.720000267028809,7.580800533294678,23000
2021-08-27,9.710000038146973,9.770000457763672,9.710000038146973,9.729999542236328,7.58859920501709,7200
2021-08-30,9.75,9.75,9.720000267028809,9.739999771118164,7.596398830413818,11500
2021-08-31,9.760000228881836,9.760000228881836,9.710000038146973,9.720000267028809,7.580800533294678,12500
2021-09-01,9.75,9.789999961853027,9.68000030517578,9.729999542236328,7.58859920501709,19600
2021-09-02,9.739999771118164,9.739999771118164,9.670000076293944,9.720000267028809,7.580800533294678,26700
2021-09-03,9.710000038146973,9.710000038146973,9.65999984741211,9.68000030517578,7.549603462219238,22600
2021-09-07,9.670000076293944,9.670000076293944,9.5,9.640000343322754,7.518405437469482,15300
2021-09-08,9.699999809265137,9.710000038146973,9.649999618530272,9.68000030517578,7.549603462219238,17000
2021-09-09,9.720000267028809,9.729999542236328,9.699999809265137,9.710000038146973,7.573001384735107,9500
2021-09-10,9.720000267028809,9.729999542236328,9.68000030517578,9.720000267028809,7.580800533294678,7300
2021-09-13,9.710000038146973,9.75,9.710000038146973,9.710000038146973,7.573001384735107,4800
2021-09-14,9.6899995803833,9.75,9.6899995803833,9.739999771118164,7.596398830413818,6700
2021-09-15,9.75,9.75,9.729999542236328,9.739999771118164,7.596398830413818,3400
2021-09-16,9.75,9.760000228881836,9.699999809265137,9.699999809265137,7.565201759338379,12100
2021-09-17,9.729999542236328,9.890000343322754,9.729999542236328,9.859999656677246,7.689985275268555,42500
2021-09-20,9.779999732971191,9.93000030517578,9.779999732971191,9.93000030517578,7.744582176208496,28500
2021-09-21,9.859999656677246,9.989999771118164,9.829999923706056,9.949999809265137,7.760181427001953,24300
2021-09-22,9.949999809265137,9.949999809265137,9.84000015258789,9.869999885559082,7.716397285461426,14200
2021-09-23,9.899999618530272,9.9399995803833,9.8100004196167,9.90999984741211,7.747671604156494,47900
2021-09-24,9.899999618530272,9.949999809265137,9.880000114440918,9.920000076293944,7.755488872528076,49800
2021-09-27,9.859999656677246,9.899999618530272,9.859999656677246,9.899999618530272,7.739854335784912,2800
2021-09-28,9.920000076293944,9.920000076293944,9.670000076293944,9.720000267028809,7.5991291999816895,11500
2021-09-29,9.779999732971191,9.779999732971191,9.609999656677246,9.670000076293944,7.560036659240723,20100
2021-09-30,9.710000038146973,9.9399995803833,9.699999809265137,9.75,7.622578620910644,9000
2021-10-01,9.729999542236328,9.81999969482422,9.729999542236328,9.770000457763672,7.638219356536865,6300
2021-10-04,9.710000038146973,9.869999885559082,9.6899995803833,9.869999885559082,7.716397285461426,11700
2021-10-05,9.890000343322754,9.890000343322754,9.8100004196167,9.829999923706056,7.685129165649414,4200
2021-10-06,9.770000457763672,9.81999969482422,9.770000457763672,9.81999969482422,7.677308559417725,3900
2021-10-07,9.800000190734863,9.800000190734863,9.760000228881836,9.760000228881836,7.630400657653809,1200
2021-10-08,9.739999771118164,9.9399995803833,9.739999771118164,9.850000381469728,7.7007646560668945,14400
2021-10-11,9.800000190734863,9.800000190734863,9.619999885559082,9.710000038146973,7.591312408447266,13800
2021-10-12,9.729999542236328,9.880000114440918,9.699999809265137,9.880000114440918,7.724218845367432,1600
2021-10-13,9.8100004196167,9.829999923706056,9.8100004196167,9.829999923706056,7.685129165649414,4800
2021-10-14,9.81999969482422,9.859999656677246,9.760000228881836,9.850000381469728,7.7007646560668945,24700
2021-10-15,9.8100004196167,9.859999656677246,9.770000457763672,9.789999961853027,7.65385627746582,15400
2021-10-18,9.850000381469728,9.850000381469728,9.760000228881836,9.770000457763672,7.638219356536865,10700
2021-10-19,9.779999732971191,9.779999732971191,9.710000038146973,9.739999771118164,7.614765644073486,5000
2021-10-20,9.670000076293944,9.779999732971191,9.670000076293944,9.699999809265137,7.583494186401367,63300
2021-10-21,9.640000343322754,9.6899995803833,9.619999885559082,9.649999618530272,7.563117027282715,12700
2021-10-22,9.619999885559082,9.649999618530272,9.59000015258789,9.600000381469728,7.523930072784424,26800
2021-10-25,9.600000381469728,9.600000381469728,9.5600004196167,9.59000015258789,7.5160908699035645,2600
2021-10-26,9.5600004196167,9.609999656677246,9.520000457763672,9.56999969482422,7.500417232513428,32000
2021-10-27,9.56999969482422,9.609999656677246,9.550000190734863,9.59000015258789,7.5160908699035645,14300
2021-10-28,9.550000190734863,9.609999656677246,9.510000228881836,9.579999923706056,7.508254528045654,19300
2021-10-29,9.5,9.649999618530272,9.5,9.619999885559082,7.539605140686035,17800
2021-11-01,9.670000076293944,9.68000030517578,9.59000015258789,9.619999885559082,7.539605140686035,27400
2021-11-02,9.600000381469728,9.699999809265137,9.600000381469728,9.670000076293944,7.578789234161377,11300
2021-11-03,9.65999984741211,9.710000038146973,9.630000114440918,9.6899995803833,7.594468593597412,5500
2021-11-04,9.699999809265137,9.770000457763672,9.699999809265137,9.729999542236328,7.625815391540527,4200
2021-11-05,9.760000228881836,9.760000228881836,9.75,9.760000228881836,7.649329662322998,11000
2021-11-08,9.829999923706056,9.920000076293944,9.779999732971191,9.779999732971191,7.665002346038818,16800
2021-11-09,9.789999961853027,9.81999969482422,9.789999961853027,9.800000190734863,7.680677890777588,14700
2021-11-10,9.8100004196167,9.8100004196167,9.729999542236328,9.75,7.641489028930664,26200
2021-11-11,9.760000228881836,9.84000015258789,9.760000228881836,9.84000015258789,7.7120256423950195,8300
2021-11-12,9.8100004196167,9.81999969482422,9.8100004196167,9.81999969482422,7.696353435516357,2500
2021-11-15,9.829999923706056,9.829999923706056,9.75,9.779999732971191,7.665002346038818,4600
2021-11-16,9.75,9.770000457763672,9.68000030517578,9.720000267028809,7.617977619171143,37100
2021-11-17,9.710000038146973,9.8100004196167,9.699999809265137,9.8100004196167,7.68851375579834,13300
2021-11-18,9.829999923706056,9.850000381469728,9.739999771118164,9.84000015258789,7.7120256423950195,9200
2021-11-19,9.75,9.829999923706056,9.720000267028809,9.800000190734863,7.699456691741943,11500
2021-11-22,9.779999732971191,9.779999732971191,9.760000228881836,9.760000228881836,7.668031692504883,4600
2021-11-23,9.770000457763672,9.770000457763672,9.65999984741211,9.710000038146973,7.628745555877685,10600
2021-11-24,9.6899995803833,9.720000267028809,9.68000030517578,9.699999809265137,7.6208930015563965,12400
2021-11-26,9.649999618530272,9.699999809265137,9.649999618530272,9.6899995803833,7.613034725189209,3700
2021-11-29,9.779999732971191,9.779999732971191,9.699999809265137,9.729999542236328,7.644460201263428,15700
2021-11-30,9.770000457763672,9.770000457763672,9.649999618530272,9.75,7.660170555114746,9800
2021-12-01,9.75,9.75,9.720000267028809,9.729999542236328,7.644460201263428,13800
2021-12-02,9.710000038146973,9.75,9.670000076293944,9.68000030517578,7.605175495147705,7100
2021-12-03,9.630000114440918,9.6899995803833,9.600000381469728,9.640000343322754,7.573752403259277,5600
2021-12-06,9.609999656677246,9.68000030517578,9.579999923706056,9.630000114440918,7.565892696380615,6200
2021-12-07,9.68000030517578,9.68000030517578,9.59000015258789,9.600000381469728,7.542325973510742,19100
2021-12-08,9.600000381469728,9.630000114440918,9.579999923706056,9.609999656677246,7.55018138885498,9400
2021-12-09,9.619999885559082,9.619999885559082,9.56999969482422,9.579999923706056,7.526617050170898,20100
2021-12-10,9.59000015258789,9.59000015258789,9.59000015258789,9.59000015258789,7.534468173980713,1400
2021-12-13,9.619999885559082,9.720000267028809,9.56999969482422,9.600000381469728,7.542325973510742,25000
2021-12-14,9.56999969482422,9.579999923706056,9.5,9.579999923706056,7.526617050170898,19000
2021-12-15,9.59000015258789,9.59000015258789,9.510000228881836,9.550000190734863,7.503041744232178,21400
2021-12-16,9.539999961853027,9.720000267028809,9.539999961853027,9.699999809265137,7.6208930015563965,25300
2021-12-17,9.68000030517578,9.710000038146973,9.65999984741211,9.670000076293944,7.59731912612915,2800
2021-12-20,9.630000114440918,9.670000076293944,9.449999809265137,9.489999771118164,7.455902576446533,32600
2021-12-21,9.56999969482422,9.56999969482422,9.5,9.510000228881836,7.471617698669434,8900
2021-12-22,9.550000190734863,9.550000190734863,9.510000228881836,9.510000228881836,7.490521430969238,2400
2021-12-23,9.510000228881836,9.510000228881836,9.420000076293944,9.460000038146973,7.451133728027344,29400
2021-12-27,9.489999771118164,9.489999771118164,9.43000030517578,9.449999809265137,7.443259239196777,27600
2021-12-28,9.470000267028809,9.510000228881836,9.399999618530272,9.510000228881836,7.490521430969238,51100
2021-12-29,9.550000190734863,9.56999969482422,9.510000228881836,9.5600004196167,7.529901504516602,29600
2021-12-30,9.579999923706056,9.649999618530272,9.529999732971191,9.619999885559082,7.577159881591797,37400
2021-12-31,9.6899995803833,9.6899995803833,9.640000343322754,9.640000343322754,7.592912673950195,7000
2022-01-03,9.630000114440918,9.630000114440918,9.600000381469728,9.600000381469728,7.561408042907715,20700
2022-01-04,9.56999969482422,9.579999923706056,9.539999961853027,9.550000190734863,7.522025108337402,9600
2022-01-05,9.539999961853027,9.550000190734863,9.470000267028809,9.470000267028809,7.459014892578125,12800
2022-01-06,9.449999809265137,9.449999809265137,9.4399995803833,9.4399995803833,7.435381412506103,8500
2022-01-07,9.43000030517578,9.449999809265137,9.399999618530272,9.449999809265137,7.443259239196777,5900
2022-01-10,9.40999984741211,9.449999809265137,9.390000343322754,9.420000076293944,7.419632434844971,3500
2022-01-11,9.40999984741211,9.579999923706056,9.369999885559082,9.369999885559082,7.380250930786133,20500
2022-01-12,9.449999809265137,9.449999809265137,9.390000343322754,9.449999809265137,7.443259239196777,17900
2022-01-13,9.4399995803833,9.470000267028809,9.43000030517578,9.4399995803833,7.435381412506103,18600
2022-01-14,9.40999984741211,9.420000076293944,9.390000343322754,9.40999984741211,7.411755561828613,14600
2022-01-18,9.369999885559082,9.369999885559082,9.270000457763672,9.270000457763672,7.301485538482666,9600
2022-01-19,9.289999961853027,9.289999961853027,9.0600004196167,9.0600004196167,7.136080265045166,28300
2022-01-20,9.09000015258789,9.199999809265137,9.09000015258789,9.199999809265137,7.246347427368164,45800
2022-01-21,9.079999923706056,9.199999809265137,9.079999923706056,9.140000343322754,7.217920780181885,24400
2022-01-24,9.079999923706056,9.380000114440918,9.050000190734863,9.170000076293944,7.241611003875732,56500
2022-01-25,8.989999771118164,9.220000267028809,8.949999809265137,9.210000038146973,7.273196697235107,21000
2022-01-26,9.260000228881836,9.289999961853027,9.1899995803833,9.1899995803833,7.257403373718262,28700
2022-01-27,9.210000038146973,9.260000228881836,9.1899995803833,9.220000267028809,7.281095027923584,13200
2022-01-28,9.229999542236328,9.260000228881836,9.15999984741211,9.210000038146973,7.273196697235107,15200
2022-01-31,9.1899995803833,9.329999923706056,9.15999984741211,9.329999923706056,7.367964267730713,7200
2022-02-01,9.329999923706056,9.399999618530272,9.329999923706056,9.380000114440918,7.407448291778564,16500
2022-02-02,9.380000114440918,9.460000038146973,9.329999923706056,9.350000381469728,7.383758544921875,15200
2022-02-03,9.350000381469728,9.350000381469728,9.039999961853027,9.229999542236328,7.288994312286377,8000
2022-02-04,9.229999542236328,9.270000457763672,9.15999984741211,9.15999984741211,7.233713150024414,8400
2022-02-07,9.210000038146973,9.220000267028809,9.1899995803833,9.220000267028809,7.281095027923584,16600
2022-02-08,9.220000267028809,9.350000381469728,9.199999809265137,9.270000457763672,7.320580959320068,26600
2022-02-09,9.260000228881836,9.260000228881836,9.109999656677246,9.140000343322754,7.217920780181885,17200
2022-02-10,9.119999885559082,9.1899995803833,9.039999961853027,9.039999961853027,7.1389479637146,13800
2022-02-11,9.0600004196167,9.100000381469728,9.039999961853027,9.09000015258789,7.178432941436768,7000
2022-02-14,9.06999969482422,9.100000381469728,8.869999885559082,8.930000305175781,7.052080154418945,24700
2022-02-15,8.890000343322754,9.079999923706056,8.890000343322754,9.029999732971191,7.131049633026123,21400
2022-02-16,8.979999542236328,9.010000228881836,8.899999618530273,8.989999771118164,7.099462509155273,68200
2022-02-17,8.9399995803833,9.029999732971191,8.84000015258789,8.880000114440918,7.031366348266602,43200
2022-02-18,8.869999885559082,8.960000038146973,8.850000381469727,8.890000343322754,7.039285659790039,17900
2022-02-22,8.850000381469727,8.880000114440918,8.850000381469727,8.869999885559082,7.023446559906006,18200
2022-02-23,8.850000381469727,9.020000457763672,8.850000381469727,9.020000457763672,7.142221927642822,27000
2022-02-24,8.949999809265137,9.06999969482422,8.9399995803833,9.06999969482422,7.181810855865479,33300
2022-02-25,9.100000381469728,9.100000381469728,9.039999961853027,9.0600004196167,7.173893928527832,7700
2022-02-28,9.09000015258789,9.109999656677246,9.06999969482422,9.09000015258789,7.197648048400879,10800
2022-03-01,9.119999885559082,9.229999542236328,9.09000015258789,9.119999885559082,7.221401214599609,24100
2022-03-02,9.15999984741211,9.15999984741211,9.09000015258789,9.130000114440918,7.229323863983154,6000
2022-03-03,9.149999618530272,9.170000076293944,9.0600004196167,9.0600004196167,7.173893928527832,13500
2022-03-04,9.050000190734863,9.09000015258789,8.90999984741211,9.029999732971191,7.150138854980469,17600
2022-03-07,9.09000015258789,9.09000015258789,8.890000343322754,8.930000305175781,7.070958137512207,17100
2022-03-08,8.859999656677246,8.949999809265137,8.859999656677246,8.90999984741211,7.055121898651123,7600
2022-03-09,8.880000114440918,8.90999984741211,8.829999923706055,8.890000343322754,7.039285659790039,11800
2022-03-10,8.880000114440918,8.880000114440918,8.8100004196167,8.819999694824219,6.983857154846191,15600
2022-03-11,8.869999885559082,8.869999885559082,8.800000190734863,8.850000381469727,7.0076117515563965,10100
2022-03-14,8.800000190734863,8.829999923706055,8.739999771118164,8.789999961853027,6.9601030349731445,17300
2022-03-15,8.789999961853027,8.8100004196167,8.760000228881836,8.770000457763672,6.944265842437744,22300
2022-03-16,8.75,8.760000228881836,8.609999656677246,8.710000038146973,6.896755695343018,23100
2022-03-17,8.6899995803833,8.789999961853027,8.6899995803833,8.789999961853027,6.9601030349731445,2100
2022-03-18,8.770000457763672,8.789999961853027,8.699999809265137,8.699999809265137,6.888837814331055,10500
2022-03-21,8.65999984741211,8.680000305175781,8.529999732971191,8.600000381469727,6.80965518951416,23800
2022-03-22,8.539999961853027,8.630000114440918,8.539999961853027,8.609999656677246,6.81757402420044,7800
2022-03-23,8.609999656677246,8.609999656677246,8.59000015258789,8.609999656677246,6.836630821228027,6500
2022-03-24,8.609999656677246,8.619999885559082,8.529999732971191,8.529999732971191,6.773109436035156,6700
2022-03-25,8.489999771118164,8.579999923706055,8.470000267028809,8.579999923706055,6.812812328338623,17500
2022-03-28,8.569999694824219,8.59000015258789,8.520000457763672,8.569999694824219,6.804870128631592,6900
2022-03-29,8.550000190734863,8.5600004196167,8.5,8.539999961853027,6.781048774719238,16000
2022-03-30,8.59000015258789,8.640000343322754,8.460000038146973,8.489999771118164,6.741347789764404,36200
2022-03-31,8.5,8.630000114440918,8.479999542236328,8.59000015258789,6.8207526206970215,20500
2022-04-01,8.529999732971191,8.630000114440918,8.529999732971191,8.579999923706055,6.812812328338623,9500
2022-04-04,8.609999656677246,8.619999885559082,8.529999732971191,8.5600004196167,6.796931266784668,16600
2022-04-05,8.489999771118164,8.539999961853027,8.460000038146973,8.460000038146973,6.717526435852051,6600
2022-04-06,8.40999984741211,8.449999809265137,8.399999618530273,8.40999984741211,6.677823066711426,13200
2022-04-07,8.460000038146973,8.460000038146973,8.34000015258789,8.350000381469727,6.630185604095459,19000
2022-04-08,8.350000381469727,8.350000381469727,8.3100004196167,8.350000381469727,6.630185604095459,14500
2022-04-11,8.350000381469727,8.350000381469727,8.25,8.260000228881836,6.558718204498291,21500
2022-04-12,8.319999694824219,8.319999694824219,8.130000114440918,8.130000114440918,6.455496311187744,28600
2022-04-13,8.130000114440918,8.210000038146973,8.130000114440918,8.199999809265137,6.511077404022217,18400
2022-04-14,8.199999809265137,8.199999809265137,8.140000343322754,8.140000343322754,6.463436126708984,24700
2022-04-18,8.149999618530273,8.170000076293945,8.109999656677246,8.130000114440918,6.455496311187744,17600
2022-04-19,8.109999656677246,8.140000343322754,8.100000381469727,8.140000343322754,6.463436126708984,36700
2022-04-20,8.15999984741211,8.199999809265137,8.100000381469727,8.1899995803833,6.503137111663818,30700
2022-04-21,8.149999618530273,8.1899995803833,7.989999771118164,8.0600004196167,6.418721675872803,54600
2022-04-22,8.039999961853027,8.100000381469727,8.029999732971191,8.069999694824219,6.426685333251953,27800
2022-04-25,8.050000190734863,8.100000381469727,8.010000228881836,8.09000015258789,6.4426140785217285,41700
2022-04-26,8.109999656677246,8.130000114440918,8.0600004196167,8.100000381469727,6.4505791664123535,27600
2022-04-27,8.119999885559082,8.119999885559082,7.96999979019165,8.050000190734863,6.410758972167969,81300
2022-04-28,8.0600004196167,8.109999656677246,8.050000190734863,8.109999656677246,6.458541393280029,19600
2022-04-29,8.100000381469727,8.140000343322754,7.96999979019165,8.029999732971191,6.394832611083984,28600
2022-05-02,8.069999694824219,8.069999694824219,7.940000057220459,7.980000019073486,6.355015277862549,30700
2022-05-03,8.010000228881836,8.220000267028809,7.96999979019165,8.15999984741211,6.498359680175781,44900
2022-05-04,8.119999885559082,8.119999885559082,8.050000190734863,8.09000015258789,6.4426140785217285,12000
2022-05-05,8.050000190734863,8.050000190734863,7.929999828338623,7.960000038146973,6.339085578918457,36800
2022-05-06,7.980000019073486,8.020000457763672,7.880000114440918,8.0,6.370940685272217,53400
2022-05-09,7.929999828338623,8.0,7.909999847412109,7.909999847412109,6.2992682456970215,29800
2022-05-10,8.020000457763672,8.020000457763672,7.909999847412109,7.960000038146973,6.339085578918457,9100
2022-05-11,7.980000019073486,8.010000228881836,7.960000038146973,7.960000038146973,6.339085578918457,11200
2022-05-12,7.980000019073486,7.980000019073486,7.789999961853027,7.900000095367432,6.291304588317871,49000
2022-05-13,7.880000114440918,7.889999866485596,7.789999961853027,7.849999904632568,6.251486301422119,56300
2022-05-16,7.860000133514404,7.860000133514404,7.78000020980835,7.820000171661377,6.227595329284668,32900
2022-05-17,7.809999942779541,7.840000152587891,7.769999980926514,7.789999961853027,6.203705310821533,17600
2022-05-18,7.78000020980835,7.820000171661377,7.71999979019165,7.730000019073486,6.1559224128723145,29500
2022-05-19,7.769999980926514,7.800000190734863,7.739999771118164,7.78000020980835,6.19573974609375,41200
2022-05-20,7.800000190734863,7.800000190734863,7.739999771118164,7.789999961853027,6.222900390625,46600
2022-05-23,7.800000190734863,7.849999904632568,7.78000020980835,7.849999904632568,6.270829677581787,33100
2022-05-24,7.860000133514404,7.900000095367432,7.840000152587891,7.860000133514404,6.278817176818848,30900
2022-05-25,7.889999866485596,8.119999885559082,7.849999904632568,8.0600004196167,6.438584804534912,84600
2022-05-26,8.079999923706055,8.199999809265137,8.079999923706055,8.149999618530273,6.510478496551514,51000
2022-05-27,8.210000038146973,8.289999961853027,8.199999809265137,8.229999542236328,6.574387550354004,37300
2022-05-31,8.199999809265137,8.3100004196167,8.15999984741211,8.279999732971191,6.61432695388794,30000
2022-06-01,8.260000228881836,8.279999732971191,8.220000267028809,8.279999732971191,6.61432695388794,23800
2022-06-02,8.260000228881836,8.279999732971191,8.229999542236328,8.25,6.59036111831665,19300
2022-06-03,8.25,8.25,8.140000343322754,8.180000305175781,6.534445285797119,20100
2022-06-06,8.229999542236328,8.279999732971191,8.15999984741211,8.25,6.59036111831665,34300
2022-06-07,8.260000228881836,8.260000228881836,8.210000038146973,8.239999771118164,6.58237361907959,10800
2022-06-08,8.270000457763672,8.270000457763672,8.210000038146973,8.229999542236328,6.574387550354004,16700
2022-06-09,8.210000038146973,8.270000457763672,8.15999984741211,8.1899995803833,6.542433261871338,14800
2022-06-10,8.1899995803833,8.1899995803833,8.100000381469727,8.109999656677246,6.478527069091797,28600
2022-06-13,8.09000015258789,8.09000015258789,7.909999847412109,7.949999809265137,6.350712299346924,36500
2022-06-14,8.0,8.039999961853027,7.929999828338623,8.029999732971191,6.414620399475098,34300
2022-06-15,8.039999961853027,8.039999961853027,7.900000095367432,7.960000038146973,6.358702659606934,13600
2022-06-16,7.949999809265137,7.989999771118164,7.860000133514404,7.980000019073486,6.374680042266846,25600
2022-06-17,8.020000457763672,8.109999656677246,7.980000019073486,7.980000019073486,6.374680042266846,69200
2022-06-21,7.96999979019165,8.010000228881836,7.909999847412109,8.010000228881836,6.398642539978027,28100
2022-06-22,7.989999771118164,8.100000381469727,7.96999979019165,8.069999694824219,6.465945720672607,12300
2022-06-23,8.09000015258789,8.100000381469727,7.940000057220459,7.96999979019165,6.385823726654053,84000
2022-06-24,7.96999979019165,8.050000190734863,7.820000171661377,7.900000095367432,6.329737186431885,47200
2022-06-27,7.900000095367432,7.949999809265137,7.849999904632568,7.949999809265137,6.369797706604004,17400
2022-06-28,7.889999866485596,8.09000015258789,7.889999866485596,8.029999732971191,6.433897972106934,34600
2022-06-29,8.0600004196167,8.109999656677246,7.980000019073486,8.079999923706055,6.473958969116211,22300
2022-06-30,8.100000381469727,8.109999656677246,8.039999961853027,8.0600004196167,6.457934379577637,24000
2022-07-01,8.100000381469727,8.15999984741211,8.079999923706055,8.079999923706055,6.473958969116211,46000
2022-07-05,8.109999656677246,8.109999656677246,8.020000457763672,8.09000015258789,6.481972217559815,39200
2022-07-06,8.100000381469727,8.149999618530273,8.09000015258789,8.09000015258789,6.481972217559815,11900
2022-07-07,8.0600004196167,8.109999656677246,8.029999732971191,8.079999923706055,6.473958969116211,24100
2022-07-08,8.09000015258789,8.09000015258789,8.050000190734863,8.069999694824219,6.465945720672607,6900
2022-07-11,8.100000381469727,8.149999618530273,8.079999923706055,8.119999885559082,6.506008625030518,20300
2022-07-12,8.149999618530273,8.1899995803833,8.140000343322754,8.149999618530273,6.530044078826904,42800
2022-07-13,8.130000114440918,8.15999984741211,8.09000015258789,8.130000114440918,6.514021873474121,21800
2022-07-14,8.140000343322754,8.140000343322754,8.069999694824219,8.130000114440918,6.514021873474121,13600
2022-07-15,8.15999984741211,8.210000038146973,8.149999618530273,8.180000305175781,6.554083347320557,11000
2022-07-18,8.210000038146973,8.210000038146973,8.100000381469727,8.130000114440918,6.514021873474121,28200
2022-07-19,8.069999694824219,8.140000343322754,8.069999694824219,8.079999923706055,6.473958969116211,27000
2022-07-20,8.0600004196167,8.15999984741211,8.0600004196167,8.09000015258789,6.481972217559815,16700
2022-07-21,8.050000190734863,8.109999656677246,8.050000190734863,8.09000015258789,6.50125789642334,5600
2022-07-22,8.09000015258789,8.149999618530273,8.09000015258789,8.119999885559082,6.525367259979248,10000
2022-07-25,8.140000343322754,8.140000343322754,8.079999923706055,8.100000381469727,6.509293079376221,8600
2022-07-26,8.119999885559082,8.15999984741211,8.109999656677246,8.130000114440918,6.53340482711792,21300
2022-07-27,8.15999984741211,8.170000076293945,8.130000114440918,8.170000076293945,6.565547466278076,6800
2022-07-28,8.149999618530273,8.229999542236328,8.149999618530273,8.220000267028809,6.605729579925537,10500
2022-07-29,8.229999542236328,8.300000190734863,8.199999809265137,8.229999542236328,6.613764762878418,12400
2022-08-01,8.15999984741211,8.289999961853027,8.15999984741211,8.279999732971191,6.6539483070373535,20100
2022-08-02,8.239999771118164,8.329999923706055,8.239999771118164,8.3100004196167,6.678053379058838,21500
2022-08-03,8.279999732971191,8.329999923706055,8.279999732971191,8.319999694824219,6.68609094619751,14700
2022-08-04,8.329999923706055,8.329999923706055,8.3100004196167,8.3100004196167,6.678053379058838,12700
2022-08-05,8.170000076293945,8.300000190734863,8.170000076293945,8.270000457763672,6.645909309387207,23000
2022-08-08,8.319999694824219,8.329999923706055,8.270000457763672,8.279999732971191,6.6539483070373535,14400
2022-08-09,8.25,8.289999961853027,8.239999771118164,8.270000457763672,6.645909309387207,6900
2022-08-10,8.270000457763672,8.34000015258789,8.270000457763672,8.34000015258789,6.702162742614746,11600
2022-08-11,8.390000343322754,8.390000343322754,8.319999694824219,8.319999694824219,6.68609094619751,23300
2022-08-12,8.359999656677246,8.40999984741211,8.350000381469727,8.390000343322754,6.742344856262207,20200
2022-08-15,8.369999885559082,8.420000076293945,8.369999885559082,8.369999885559082,6.726269721984863,8500
2022-08-16,8.369999885559082,8.380000114440918,8.319999694824219,8.319999694824219,6.68609094619751,4500
2022-08-17,8.319999694824219,8.319999694824219,8.279999732971191,8.300000190734863,6.670018672943115,18700
2022-08-18,8.270000457763672,8.319999694824219,8.270000457763672,8.279999732971191,6.6539483070373535,6600
2022-08-19,8.199999809265137,8.239999771118164,8.1899995803833,8.220000267028809,6.605729579925537,10800
2022-08-22,8.270000457763672,8.270000457763672,8.130000114440918,8.140000343322754,6.541440010070801,7800
2022-08-23,8.199999809265137,8.199999809265137,8.100000381469727,8.170000076293945,6.584961891174316,33100
2022-08-24,8.1899995803833,8.1899995803833,8.140000343322754,8.149999618530273,6.568841934204102,9900
2022-08-25,8.1899995803833,8.1899995803833,8.100000381469727,8.119999885559082,6.544663429260254,18400
2022-08-26,8.100000381469727,8.109999656677246,8.069999694824219,8.100000381469727,6.528543472290039,30400
2022-08-29,8.0,8.0600004196167,7.960000038146973,7.960000038146973,6.415706634521484,22000
2022-08-30,7.929999828338623,7.980000019073486,7.929999828338623,7.960000038146973,6.415706634521484,4500
2022-08-31,7.980000019073486,7.980000019073486,7.929999828338623,7.929999828338623,6.391524314880371,17100
2022-09-01,7.949999809265137,7.960000038146973,7.849999904632568,7.889999866485596,6.359285831451416,31200
2022-09-02,7.909999847412109,7.96999979019165,7.880000114440918,7.929999828338623,6.391524314880371,18500
2022-09-06,7.929999828338623,7.929999828338623,7.869999885559082,7.880000114440918,6.351224899291992,13700
2022-09-07,7.900000095367432,7.920000076293945,7.869999885559082,7.889999866485596,6.359285831451416,24100
2022-09-08,7.900000095367432,7.920000076293945,7.900000095367432,7.900000095367432,6.367343902587891,19600
2022-09-09,7.909999847412109,7.920000076293945,7.909999847412109,7.909999847412109,6.375405311584473,35200
2022-09-12,7.869999885559082,7.929999828338623,7.869999885559082,7.920000076293945,6.383464336395264,7900
2022-09-13,7.880000114440918,7.909999847412109,7.860000133514404,7.889999866485596,6.359285831451416,14400
2022-09-14,7.889999866485596,7.909999847412109,7.78000020980835,7.800000190734863,6.286745548248291,58700
2022-09-15,7.78000020980835,7.809999942779541,7.710000038146973,7.739999771118164,6.238385677337647,62100
2022-09-16,7.699999809265137,7.71999979019165,7.659999847412109,7.699999809265137,6.206145763397217,59900
2022-09-19,7.699999809265137,7.710000038146973,7.650000095367432,7.650000095367432,6.1658477783203125,23000
2022-09-20,7.650000095367432,7.650000095367432,7.619999885559082,7.630000114440918,6.149726390838623,15000
2022-09-21,7.630000114440918,7.670000076293945,7.579999923706055,7.579999923706055,6.1094279289245605,104500
2022-09-22,7.570000171661377,7.570000171661377,7.480000019073486,7.489999771118164,6.0560622215271,83500
2022-09-23,7.5,7.5,7.440000057220459,7.440000057220459,6.015634536743164,25800
2022-09-26,7.420000076293945,7.440000057220459,7.300000190734863,7.409999847412109,5.9913763999938965,58700
2022-09-27,7.440000057220459,7.440000057220459,7.360000133514404,7.380000114440918,5.967121601104736,26700
2022-09-28,7.380000114440918,7.480000019073486,7.369999885559082,7.409999847412109,5.9913763999938965,38100
2022-09-29,7.340000152587891,7.360000133514404,7.289999961853027,7.329999923706055,5.926692008972168,21700
2022-09-30,7.300000190734863,7.380000114440918,7.300000190734863,7.349999904632568,5.942864418029785,17100
2022-10-03,7.389999866485596,7.489999771118164,7.389999866485596,7.429999828338623,6.007549285888672,43700
2022-10-04,7.449999809265137,7.570000171661377,7.449999809265137,7.53000020980835,6.088404178619385,38200
2022-10-05,7.5,7.5,7.440000057220459,7.46999979019165,6.039891242980957,17900
2022-10-06,7.440000057220459,7.5,7.440000057220459,7.460000038146973,6.031806468963623,7200
2022-10-07,7.460000038146973,7.460000038146973,7.420000076293945,7.420000076293945,5.99946403503418,19400
2022-10-10,7.46999979019165,7.46999979019165,7.389999866485596,7.440000057220459,6.015634536743164,42200
2022-10-11,7.360000133514404,7.440000057220459,7.360000133514404,7.409999847412109,5.9913763999938965,18500
2022-10-12,7.409999847412109,7.440000057220459,7.369999885559082,7.380000114440918,5.967121601104736,15400
2022-10-13,7.329999923706055,7.389999866485596,7.320000171661377,7.340000152587891,5.934780597686768,19500
2022-10-14,7.360000133514404,7.389999866485596,7.349999904632568,7.349999904632568,5.942864418029785,20000
2022-10-17,7.380000114440918,7.389999866485596,7.340000152587891,7.340000152587891,5.934780597686768,20700
2022-10-18,7.349999904632568,7.369999885559082,7.309999942779541,7.309999942779541,5.910522937774658,75100
2022-10-19,7.320000171661377,7.369999885559082,7.289999961853027,7.300000190734863,5.902437686920166,16800
2022-10-20,7.320000171661377,7.380000114440918,7.289999961853027,7.289999961853027,5.894351959228516,22400
2022-10-21,7.269999980926514,7.289999961853027,7.260000228881836,7.260000228881836,5.889483451843262,10800
2022-10-24,7.260000228881836,7.300000190734863,7.130000114440918,7.159999847412109,5.808362007141113,119300
2022-10-25,7.179999828338623,7.239999771118164,7.159999847412109,7.190000057220459,5.832696437835693,43600
2022-10-26,7.199999809265137,7.260000228881836,7.190000057220459,7.199999809265137,5.840811729431152,17700
2022-10-27,7.230000019073486,7.230000019073486,7.190000057220459,7.190000057220459,5.832696437835693,112000
2022-10-28,7.199999809265137,7.239999771118164,7.190000057220459,7.239999771118164,5.873260021209717,23900
2022-10-31,7.199999809265137,7.239999771118164,7.179999828338623,7.210000038146973,5.848923206329346,37600
2022-11-01,7.260000228881836,7.269999980926514,7.199999809265137,7.260000228881836,5.889483451843262,42200
2022-11-02,7.199999809265137,7.289999961853027,7.199999809265137,7.25,5.881372928619385,13200
2022-11-03,7.25,7.25,7.230000019073486,7.25,5.881372928619385,11700
2022-11-04,7.230000019073486,7.329999923706055,7.230000019073486,7.289999961853027,5.913822174072266,14400
2022-11-07,7.289999961853027,7.380000114440918,7.28000020980835,7.329999923706055,5.946268558502197,25900
2022-11-08,7.349999904632568,7.409999847412109,7.320000171661377,7.329999923706055,5.946268558502197,35300
2022-11-09,7.340000152587891,7.340000152587891,7.239999771118164,7.260000228881836,5.889483451843262,26500
2022-11-10,7.329999923706055,7.429999828338623,7.329999923706055,7.420000076293945,6.019280433654785,19700
2022-11-11,7.420000076293945,7.46999979019165,7.409999847412109,7.409999847412109,6.011166572570801,105400
2022-11-14,7.449999809265137,7.460000038146973,7.360000133514404,7.360000133514404,5.970607757568359,66600
2022-11-15,7.409999847412109,7.46999979019165,7.409999847412109,7.440000057220459,6.035504341125488,36100
2022-11-16,7.420000076293945,7.53000020980835,7.420000076293945,7.46999979019165,6.059841632843018,30300
2022-11-17,7.46999979019165,7.570000171661377,7.460000038146973,7.46999979019165,6.059841632843018,27600
2022-11-18,7.510000228881836,7.510000228881836,7.420000076293945,7.46999979019165,6.059841632843018,605200
2022-11-21,7.480000019073486,7.539999961853027,7.480000019073486,7.510000228881836,6.111926555633545,19300
2022-11-22,7.510000228881836,7.630000114440918,7.510000228881836,7.619999885559082,6.201450347900391,67400
2022-11-23,7.619999885559082,7.670000076293945,7.610000133514404,7.619999885559082,6.201450347900391,31500
2022-11-25,7.579999923706055,7.659999847412109,7.579999923706055,7.619999885559082,6.201450347900391,3700
2022-11-28,7.639999866485596,7.690000057220459,7.630000114440918,7.630000114440918,6.209587097167969,56500
2022-11-29,7.599999904632568,7.789999961853027,7.599999904632568,7.650000095367432,6.225865364074707,76800
2022-11-30,7.760000228881836,7.760000228881836,7.619999885559082,7.71999979019165,6.282833099365234,56500
2022-12-01,7.730000019073486,7.730000019073486,7.679999828338623,7.679999828338623,6.250279903411865,101000
2022-12-02,7.639999866485596,7.710000038146973,7.639999866485596,7.670000076293945,6.242142200469971,55100
2022-12-05,7.630000114440918,7.679999828338623,7.619999885559082,7.639999866485596,6.217726230621338,93700
2022-12-06,7.599999904632568,7.730000019073486,7.599999904632568,7.650000095367432,6.225865364074707,78900
2022-12-07,7.670000076293945,7.75,7.670000076293945,7.71999979019165,6.282833099365234,64500
2022-12-08,7.739999771118164,7.829999923706055,7.739999771118164,7.78000020980835,6.331663608551025,66300
2022-12-09,7.71999979019165,7.769999980926514,7.699999809265137,7.730000019073486,6.290970802307129,31800
2022-12-12,7.739999771118164,7.769999980926514,7.710000038146973,7.75,6.307248592376709,26900
2022-12-13,7.78000020980835,7.840000152587891,7.710000038146973,7.739999771118164,6.299109935760498,88000
2022-12-14,7.699999809265137,7.820000171661377,7.699999809265137,7.75,6.307248592376709,71600
2022-12-15,7.71999979019165,7.78000020980835,7.71999979019165,7.730000019073486,6.290970802307129,51900
2022-12-16,7.710000038146973,7.71999979019165,7.639999866485596,7.650000095367432,6.225865364074707,76100
2022-12-19,7.590000152587891,7.659999847412109,7.579999923706055,7.639999866485596,6.217726230621338,58800
2022-12-20,7.610000133514404,7.630000114440918,7.510000228881836,7.519999980926514,6.120065212249756,58900
2022-12-21,7.489999771118164,7.559999942779541,7.489999771118164,7.53000020980835,6.147824287414551,133400
2022-12-22,7.53000020980835,7.539999961853027,7.480000019073486,7.489999771118164,6.1151652336120605,105000
2022-12-23,7.510000228881836,7.550000190734863,7.489999771118164,7.550000190734863,6.164152145385742,53800
2022-12-27,7.5,7.559999942779541,7.480000019073486,7.5,6.123330593109131,56800
2022-12-28,7.510000228881836,7.570000171661377,7.5,7.510000228881836,6.131494045257568,68300
2022-12-29,7.480000019073486,7.610000133514404,7.480000019073486,7.550000190734863,6.164152145385742,81000
2022-12-30,7.570000171661377,7.690000057220459,7.519999980926514,7.590000152587891,6.196810245513916,87000
2023-01-03,7.590000152587891,7.679999828338623,7.559999942779541,7.659999847412109,6.25396203994751,29500
2023-01-04,7.650000095367432,7.769999980926514,7.630000114440918,7.739999771118164,6.319279193878174,60000
2023-01-05,7.679999828338623,7.71999979019165,7.670000076293945,7.670000076293945,6.2621283531188965,16700
2023-01-06,7.679999828338623,7.760000228881836,7.670000076293945,7.760000228881836,6.335606575012207,24600
2023-01-09,7.78000020980835,7.789999961853027,7.739999771118164,7.760000228881836,6.335606575012207,33000
2023-01-10,7.78000020980835,7.78000020980835,7.699999809265137,7.710000038146973,6.294785499572754,17000
2023-01-11,7.730000019073486,7.789999961853027,7.730000019073486,7.75,6.3274431228637695,17800
2023-01-12,7.760000228881836,7.860000133514404,7.760000228881836,7.840000152587891,6.4009222984313965,19400
2023-01-13,7.800000190734863,7.849999904632568,7.800000190734863,7.820000171661377,6.3845930099487305,7000
2023-01-17,7.820000171661377,7.820000171661377,7.739999771118164,7.800000190734863,6.368264675140381,39800
2023-01-18,7.820000171661377,7.860000133514404,7.820000171661377,7.840000152587891,6.4009222984313965,6800
2023-01-19,7.820000171661377,7.900000095367432,7.820000171661377,7.849999904632568,6.40908670425415,18100
2023-01-20,7.860000133514404,7.929999828338623,7.840000152587891,7.909999847412109,6.458073139190674,20200
2023-01-23,7.840000152587891,7.920000076293945,7.840000152587891,7.869999885559082,6.444969654083252,34300
2023-01-24,7.900000095367432,7.940000057220459,7.889999866485596,7.889999866485596,6.461349487304688,8800
2023-01-25,7.909999847412109,7.920000076293945,7.789999961853027,7.889999866485596,6.461349487304688,28000
2023-01-26,7.860000133514404,7.909999847412109,7.860000133514404,7.909999847412109,6.477726936340332,36200
2023-01-27,7.909999847412109,7.920000076293945,7.880000114440918,7.889999866485596,6.461349487304688,26200
2023-01-30,7.829999923706055,7.940000057220459,7.829999923706055,7.889999866485596,6.461349487304688,86800
2023-01-31,7.920000076293945,7.949999809265137,7.909999847412109,7.929999828338623,6.494105339050293,43300
2023-02-01,7.929999828338623,8.010000228881836,7.929999828338623,8.010000228881836,6.559619426727295,45200
2023-02-02,7.989999771118164,8.0600004196167,7.989999771118164,8.039999961853027,6.584188461303711,28400
2023-02-03,8.0,8.010000228881836,7.909999847412109,7.909999847412109,6.477726936340332,53300
2023-02-06,7.920000076293945,7.920000076293945,7.880000114440918,7.880000114440918,6.453159332275391,36900
2023-02-07,7.889999866485596,7.940000057220459,7.889999866485596,7.929999828338623,6.494105339050293,10200
2023-02-08,7.929999828338623,7.949999809265137,7.929999828338623,7.940000057220459,6.502296447753906,23300
2023-02-09,7.929999828338623,7.949999809265137,7.929999828338623,7.940000057220459,6.502296447753906,28700
2023-02-10,7.920000076293945,7.949999809265137,7.920000076293945,7.949999809265137,6.510483741760254,12100
2023-02-13,7.980000019073486,8.010000228881836,7.980000019073486,8.010000228881836,6.559619426727295,29300
2023-02-14,8.0,8.050000190734863,8.0,8.010000228881836,6.559619426727295,37600
2023-02-15,7.980000019073486,8.079999923706055,7.96999979019165,7.96999979019165,6.526864051818848,27000
2023-02-16,7.989999771118164,8.029999732971191,7.940000057220459,8.0,6.551430702209473,86200
2023-02-17,7.960000038146973,8.069999694824219,7.960000038146973,7.989999771118164,6.562931537628174,85900
2023-02-21,7.960000038146973,7.960000038146973,7.769999980926514,7.78000020980835,6.390439033508301,36100
2023-02-22,7.769999980926514,7.840000152587891,7.769999980926514,7.800000190734863,6.406866073608398,6200
2023-02-23,7.809999942779541,7.949999809265137,7.809999942779541,7.949999809265137,6.530074596405029,30500
2023-02-24,7.880000114440918,7.880000114440918,7.78000020980835,7.820000171661377,6.4232940673828125,16100
2023-02-27,7.860000133514404,7.869999885559082,7.789999961853027,7.820000171661377,6.4232940673828125,8800
2023-02-28,7.769999980926514,7.940000057220459,7.769999980926514,7.800000190734863,6.406866073608398,31500
2023-03-01,7.840000152587891,7.889999866485596,7.800000190734863,7.820000171661377,6.4232940673828125,20700
2023-03-02,7.820000171661377,7.820000171661377,7.730000019073486,7.769999980926514,6.382224082946777,17200
2023-03-03,7.75,7.849999904632568,7.75,7.829999923706055,6.431507587432861,39300
2023-03-06,7.809999942779541,7.860000133514404,7.769999980926514,7.769999980926514,6.382224082946777,60300
2023-03-07,7.760000228881836,7.820000171661377,7.760000228881836,7.769999980926514,6.382224082946777,19400
2023-03-08,7.739999771118164,7.800000190734863,7.699999809265137,7.699999809265137,6.3247270584106445,13200
2023-03-09,7.730000019073486,7.800000190734863,7.710000038146973,7.78000020980835,6.390439033508301,11400
2023-03-10,7.809999942779541,7.889999866485596,7.789999961853027,7.829999923706055,6.431507587432861,10900
2023-03-13,7.829999923706055,7.880000114440918,7.78000020980835,7.829999923706055,6.431507587432861,8700
2023-03-14,7.829999923706055,7.869999885559082,7.829999923706055,7.849999904632568,6.447935104370117,7600
2023-03-15,7.909999847412109,7.920000076293945,7.809999942779541,7.880000114440918,6.472578048706055,10700
2023-03-16,7.889999866485596,7.960000038146973,7.820000171661377,7.909999847412109,6.497219562530518,24500
2023-03-17,7.920000076293945,7.929999828338623,7.849999904632568,7.849999904632568,6.447935104370117,7000
2023-03-20,7.860000133514404,7.889999866485596,7.829999923706055,7.829999923706055,6.431507587432861,13300
2023-03-21,7.829999923706055,7.869999885559082,7.820000171661377,7.820000171661377,6.4232940673828125,76500
2023-03-22,7.789999961853027,7.860000133514404,7.789999961853027,7.820000171661377,6.4232940673828125,9100
2023-03-23,7.800000190734863,7.860000133514404,7.769999980926514,7.800000190734863,6.426589012145996,4400
2023-03-24,7.909999847412109,7.909999847412109,7.800000190734863,7.800000190734863,6.426589012145996,12200
2023-03-27,7.809999942779541,7.849999904632568,7.760000228881836,7.820000171661377,6.443066596984863,17700
2023-03-28,7.840000152587891,7.840000152587891,7.809999942779541,7.840000152587891,6.4595465660095215,2900
2023-03-29,7.829999923706055,7.829999923706055,7.820000171661377,7.829999923706055,6.45130729675293,4800
2023-03-30,7.880000114440918,7.889999866485596,7.860000133514404,7.880000114440918,6.4925031661987305,12300
2023-03-31,7.860000133514404,7.929999828338623,7.860000133514404,7.909999847412109,6.5172200202941895,15700
2023-04-03,7.940000057220459,7.980000019073486,7.800000190734863,7.900000095367432,6.508982181549072,21500
2023-04-04,7.869999885559082,7.940000057220459,7.860000133514404,7.889999866485596,6.500741958618164,5300
2023-04-05,7.849999904632568,7.940000057220459,7.849999904632568,7.929999828338623,6.533698558807373,14000
2023-04-06,7.900000095367432,7.909999847412109,7.880000114440918,7.880000114440918,6.4925031661987305,17800
2023-04-10,7.829999923706055,7.869999885559082,7.800000190734863,7.809999942779541,6.434829235076904,35100
2023-04-11,7.809999942779541,7.880000114440918,7.789999961853027,7.860000133514404,6.476024150848389,25800
2023-04-12,7.860000133514404,7.880000114440918,7.809999942779541,7.820000171661377,6.443066596984863,72800
2023-04-13,7.860000133514404,7.869999885559082,7.800000190734863,7.800000190734863,6.426589012145996,101300
2023-04-14,7.829999923706055,7.829999923706055,7.800000190734863,7.809999942779541,6.434829235076904,16900
2023-04-17,7.800000190734863,7.840000152587891,7.769999980926514,7.769999980926514,6.401871681213379,29800
2023-04-18,7.78000020980835,7.789999961853027,7.71999979019165,7.71999979019165,6.360675811767578,23600
2023-04-19,7.679999828338623,7.730000019073486,7.670000076293945,7.71999979019165,6.360675811767578,20600
2023-04-20,7.730000019073486,7.760000228881836,7.679999828338623,7.760000228881836,6.413569927215576,17700
2023-04-21,7.789999961853027,7.800000190734863,7.75,7.78000020980835,6.43010139465332,18400
2023-04-24,7.800000190734863,7.840000152587891,7.75,7.769999980926514,6.421835422515869,6200
2023-04-25,7.829999923706055,7.829999923706055,7.71999979019165,7.769999980926514,6.421835422515869,20600
2023-04-26,7.789999961853027,7.820000171661377,7.739999771118164,7.820000171661377,6.46315860748291,14400
2023-04-27,7.849999904632568,7.849999904632568,7.730000019073486,7.760000228881836,6.413569927215576,9800
2023-04-28,7.800000190734863,7.800000190734863,7.670000076293945,7.71999979019165,6.38051176071167,38700
2023-05-01,7.760000228881836,7.760000228881836,7.670000076293945,7.690000057220459,6.355716705322266,24100
2023-05-02,7.71999979019165,7.75,7.670000076293945,7.739999771118164,6.397041320800781,30400
2023-05-03,7.769999980926514,7.769999980926514,7.670000076293945,7.690000057220459,6.355716705322266,34100
2023-05-04,7.710000038146973,7.71999979019165,7.670000076293945,7.690000057220459,6.355716705322266,11900
2023-05-05,7.730000019073486,7.739999771118164,7.699999809265137,7.739999771118164,6.397041320800781,11000
2023-05-08,7.760000228881836,7.760000228881836,7.690000057220459,7.710000038146973,6.372248649597168,26900
2023-05-09,7.75,7.75,7.710000038146973,7.710000038146973,6.372248649597168,20600
2023-05-10,7.75,7.75,7.690000057220459,7.699999809265137,6.363980293273926,151800
2023-05-11,7.730000019073486,7.730000019073486,7.670000076293945,7.690000057220459,6.355716705322266,38400
2023-05-12,7.71999979019165,7.730000019073486,7.699999809265137,7.730000019073486,6.388776302337647,7900
2023-05-15,7.75,7.829999923706055,7.730000019073486,7.789999961853027,6.438365936279297,23500
2023-05-16,7.809999942779541,7.809999942779541,7.730000019073486,7.75,6.405307292938232,26500
2023-05-17,7.789999961853027,7.800000190734863,7.760000228881836,7.769999980926514,6.421835422515869,4700
2023-05-18,7.789999961853027,7.800000190734863,7.699999809265137,7.71999979019165,6.38051176071167,11800
2023-05-19,7.739999771118164,7.739999771118164,7.650000095367432,7.650000095367432,6.322657108306885,13500
2023-05-22,7.659999847412109,7.659999847412109,7.53000020980835,7.579999923706055,6.284519672393799,11400
2023-05-23,7.599999904632568,7.610000133514404,7.480000019073486,7.539999961853027,6.251354217529297,113200
2023-05-24,7.559999942779541,7.570000171661377,7.480000019073486,7.480000019073486,6.201609134674072,43500
2023-05-25,7.53000020980835,7.53000020980835,7.489999771118164,7.519999980926514,6.234771251678467,35600
2023-05-26,7.559999942779541,7.559999942779541,7.519999980926514,7.519999980926514,6.234771251678467,5800
2023-05-30,7.559999942779541,7.570000171661377,7.5,7.559999942779541,6.267938137054443,46900
2023-05-31,7.590000152587891,7.610000133514404,7.579999923706055,7.610000133514404,6.309391975402832,9300
2023-06-01,7.650000095367432,7.659999847412109,7.590000152587891,7.599999904632568,6.301100730895996,17900
2023-06-02,7.619999885559082,7.630000114440918,7.590000152587891,7.599999904632568,6.301100730895996,15000
2023-06-05,7.619999885559082,7.630000114440918,7.599999904632568,7.630000114440918,6.325974464416504,13500
2023-06-06,7.630000114440918,7.670000076293945,7.630000114440918,7.650000095367432,6.342554569244385,11500
2023-06-07,7.679999828338623,7.679999828338623,7.630000114440918,7.650000095367432,6.342554569244385,10200
2023-06-08,7.630000114440918,7.670000076293945,7.630000114440918,7.670000076293945,6.359137535095215,5700
2023-06-09,7.679999828338623,7.679999828338623,7.599999904632568,7.630000114440918,6.325974464416504,21700
2023-06-12,7.619999885559082,7.670000076293945,7.619999885559082,7.670000076293945,6.359137535095215,30500
2023-06-13,7.670000076293945,7.690000057220459,7.650000095367432,7.670000076293945,6.359137535095215,43500
2023-06-14,7.670000076293945,7.730000019073486,7.670000076293945,7.699999809265137,6.38400936126709,21800
2023-06-15,7.739999771118164,7.739999771118164,7.690000057220459,7.690000057220459,6.3757195472717285,1400
2023-06-16,7.710000038146973,7.739999771118164,7.710000038146973,7.730000019073486,6.408883094787598,36200
2023-06-20,7.760000228881836,7.809999942779541,7.730000019073486,7.760000228881836,6.4337568283081055,26800
2023-06-21,7.739999771118164,7.760000228881836,7.739999771118164,7.739999771118164,6.417173385620117,10600
2023-06-22,7.670000076293945,7.760000228881836,7.670000076293945,7.710000038146973,6.412181377410889,10400
2023-06-23,7.690000057220459,7.710000038146973,7.679999828338623,7.710000038146973,6.412181377410889,4500
2023-06-26,7.679999828338623,7.710000038146973,7.659999847412109,7.659999847412109,6.370598793029785,11100
2023-06-27,7.690000057220459,7.710000038146973,7.659999847412109,7.679999828338623,6.387232303619385,24200
2023-06-28,7.670000076293945,7.670000076293945,7.659999847412109,7.670000076293945,6.3789167404174805,18100
2023-06-29,7.670000076293945,7.679999828338623,7.599999904632568,7.610000133514404,6.329016208648682,14500
2023-06-30,7.630000114440918,7.659999847412109,7.619999885559082,7.619999885559082,6.337332725524902,8200
2023-07-03,7.690000057220459,7.699999809265137,7.659999847412109,7.670000076293945,6.3789167404174805,16000
2023-07-05,7.679999828338623,7.71999979019165,7.670000076293945,7.670000076293945,6.3789167404174805,21000
2023-07-06,7.659999847412109,7.659999847412109,7.579999923706055,7.590000152587891,6.31238317489624,15000
2023-07-07,7.599999904632568,7.659999847412109,7.599999904632568,7.639999866485596,6.353967189788818,12200
2023-07-10,7.590000152587891,7.650000095367432,7.590000152587891,7.619999885559082,6.337332725524902,5100
2023-07-11,7.610000133514404,7.659999847412109,7.570000171661377,7.639999866485596,6.353967189788818,3900
2023-07-12,7.639999866485596,7.670000076293945,7.639999866485596,7.659999847412109,6.370598793029785,7700
2023-07-13,7.650000095367432,7.71999979019165,7.650000095367432,7.690000057220459,6.39555025100708,25400
2023-07-14,7.679999828338623,7.690000057220459,7.639999866485596,7.650000095367432,6.362283229827881,7000
2023-07-17,7.670000076293945,7.690000057220459,7.650000095367432,7.690000057220459,6.39555025100708,14100
2023-07-18,7.670000076293945,7.739999771118164,7.650000095367432,7.699999809265137,6.403866767883301,18800
2023-07-19,7.710000038146973,7.760000228881836,7.710000038146973,7.760000228881836,6.453767776489258,17700
2023-07-20,7.739999771118164,7.739999771118164,7.710000038146973,7.710000038146973,6.412181377410889,14600
2023-07-21,7.659999847412109,7.71999979019165,7.659999847412109,7.699999809265137,6.423863887786865,30900
2023-07-24,7.679999828338623,7.699999809265137,7.670000076293945,7.670000076293945,6.3988356590271,28500
2023-07-25,7.639999866485596,7.670000076293945,7.630000114440918,7.650000095367432,6.382150650024414,26700
2023-07-26,7.639999866485596,7.679999828338623,7.639999866485596,7.670000076293945,6.3988356590271,18900
2023-07-27,7.659999847412109,7.659999847412109,7.630000114440918,7.630000114440918,6.365463733673096,11100
2023-07-28,7.670000076293945,7.690000057220459,7.650000095367432,7.679999828338623,6.407176971435547,7000
2023-07-31,7.659999847412109,7.71999979019165,7.639999866485596,7.690000057220459,6.415521144866943,9500
2023-08-01,7.690000057220459,7.699999809265137,7.670000076293945,7.679999828338623,6.407176971435547,20900
2023-08-02,7.639999866485596,7.679999828338623,7.639999866485596,7.650000095367432,6.382150650024414,25100
2023-08-03,7.650000095367432,7.670000076293945,7.550000190734863,7.559999942779541,6.307065010070801,24300
2023-08-04,7.550000190734863,7.610000133514404,7.550000190734863,7.559999942779541,6.307065010070801,21700
2023-08-07,7.53000020980835,7.559999942779541,7.53000020980835,7.53000020980835,6.282036781311035,20900
2023-08-08,7.510000228881836,7.619999885559082,7.510000228881836,7.53000020980835,6.282036781311035,37400
2023-08-09,7.480000019073486,7.570000171661377,7.480000019073486,7.53000020980835,6.282036781311035,69200
2023-08-10,7.550000190734863,7.579999923706055,7.539999961853027,7.539999961853027,6.290379524230957,17200
2023-08-11,7.559999942779541,7.579999923706055,7.550000190734863,7.570000171661377,6.315409183502197,25400
2023-08-14,7.550000190734863,7.610000133514404,7.550000190734863,7.599999904632568,6.340435981750488,14300
2023-08-15,7.559999942779541,7.630000114440918,7.550000190734863,7.619999885559082,6.357122421264648,12400
2023-08-16,7.599999904632568,7.630000114440918,7.599999904632568,7.610000133514404,6.348779201507568,27100
2023-08-17,7.590000152587891,7.590000152587891,7.590000152587891,7.590000152587891,6.332094192504883,8200
2023-08-18,7.610000133514404,7.630000114440918,7.610000133514404,7.610000133514404,6.348779201507568,15200
2023-08-21,7.579999923706055,7.579999923706055,7.539999961853027,7.559999942779541,6.307065010070801,8600
2023-08-22,7.559999942779541,7.579999923706055,7.559999942779541,7.570000171661377,6.315409183502197,14300
2023-08-23,7.559999942779541,7.559999942779541,7.539999961853027,7.550000190734863,6.318756580352783,1700
2023-08-24,7.5,7.5,7.409999847412109,7.46999979019165,6.25180196762085,21600
2023-08-25,7.510000228881836,7.510000228881836,7.429999828338623,7.460000038146973,6.243432521820068,16800
2023-08-28,7.5,7.5,7.460000038146973,7.480000019073486,6.2601704597473145,33600
2023-08-29,7.449999809265137,7.510000228881836,7.449999809265137,7.480000019073486,6.2601704597473145,30700
2023-08-30,7.480000019073486,7.510000228881836,7.449999809265137,7.449999809265137,6.235064506530762,10900
2023-08-31,7.5,7.53000020980835,7.440000057220459,7.460000038146973,6.243432521820068,24000
2023-09-01,7.5,7.510000228881836,7.449999809265137,7.449999809265137,6.235064506530762,11700
2023-09-05,7.429999828338623,7.46999979019165,7.429999828338623,7.449999809265137,6.235064506530762,25300
2023-09-06,7.429999828338623,7.46999979019165,7.429999828338623,7.429999828338623,6.218324661254883,8200
2023-09-07,7.429999828338623,7.440000057220459,7.380000114440918,7.389999866485596,6.184847831726074,30700
2023-09-08,7.389999866485596,7.409999847412109,7.389999866485596,7.400000095367432,6.193216323852539,17800
2023-09-11,7.380000114440918,7.409999847412109,7.349999904632568,7.349999904632568,6.151371479034424,43900
2023-09-12,7.380000114440918,7.389999866485596,7.360000133514404,7.360000133514404,6.159741401672363,53000
2023-09-13,7.380000114440918,7.380000114440918,7.300000190734863,7.360000133514404,6.159741401672363,57600
2023-09-14,7.360000133514404,7.389999866485596,7.329999923706055,7.349999904632568,6.151371479034424,111900
2023-09-15,7.340000152587891,7.360000133514404,7.329999923706055,7.329999923706055,6.134634017944336,39500
2023-09-18,7.300000190734863,7.380000114440918,7.300000190734863,7.349999904632568,6.151371479034424,29500
2023-09-19,7.360000133514404,7.360000133514404,7.159999847412109,7.329999923706055,6.134634017944336,35200
2023-09-20,7.309999942779541,7.389999866485596,7.309999942779541,7.369999885559082,6.168109893798828,22800
2023-09-21,7.320000171661377,7.329999923706055,7.300000190734863,7.309999942779541,6.137882709503174,15700
2023-09-22,7.289999961853027,7.360000133514404,7.289999961853027,7.289999961853027,6.121089458465576,11900
2023-09-25,7.289999961853027,7.320000171661377,7.260000228881836,7.269999980926514,6.10429573059082,92600
2023-09-26,7.289999961853027,7.289999961853027,7.110000133514404,7.170000076293945,6.020330905914307,22800
2023-09-27,7.170000076293945,7.230000019073486,7.139999866485596,7.190000057220459,6.037125110626221,63400
2023-09-28,7.230000019073486,7.25,7.150000095367432,7.150000095367432,6.003538131713867,31900
2023-09-29,7.159999847412109,7.190000057220459,7.150000095367432,7.159999847412109,6.011934280395508,36800
2023-10-02,7.170000076293945,7.179999828338623,7.139999866485596,7.159999847412109,6.011934280395508,23300
2023-10-03,7.119999885559082,7.170000076293945,7.119999885559082,7.139999866485596,5.995140552520752,15100
2023-10-04,7.139999866485596,7.179999828338623,7.139999866485596,7.179999828338623,6.028726577758789,10600
2023-10-05,7.150000095367432,7.150000095367432,7.130000114440918,7.150000095367432,6.003538131713867,20200
2023-10-06,7.110000133514404,7.159999847412109,7.079999923706055,7.159999847412109,6.011934280395508,13400
2023-10-09,7.170000076293945,7.170000076293945,7.130000114440918,7.150000095367432,6.003538131713867,10600
2023-10-10,7.150000095367432,7.210000038146973,7.139999866485596,7.179999828338623,6.028726577758789,19800
2023-10-11,7.21999979019165,7.21999979019165,7.179999828338623,7.179999828338623,6.028726577758789,41800
2023-10-12,7.170000076293945,7.190000057220459,7.139999866485596,7.159999847412109,6.011934280395508,15800
2023-10-13,7.190000057220459,7.199999809265137,7.139999866485596,7.170000076293945,6.020330905914307,22600
2023-10-16,7.150000095367432,7.179999828338623,7.110000133514404,7.130000114440918,5.986743927001953,36400
2023-10-17,7.139999866485596,7.139999866485596,7.099999904632568,7.139999866485596,5.995140552520752,22300
2023-10-18,7.139999866485596,7.199999809265137,7.090000152587891,7.090000152587891,5.953158855438232,34100
2023-10-19,7.079999923706055,7.139999866485596,7.079999923706055,7.099999904632568,5.961555004119873,21100
2023-10-20,7.099999904632568,7.119999885559082,7.099999904632568,7.099999904632568,5.961555004119873,5100
2023-10-23,7.050000190734863,7.079999923706055,7.03000020980835,7.039999961853027,5.931224346160889,30000
2023-10-24,7.090000152587891,7.139999866485596,7.039999961853027,7.059999942779541,5.948075294494629,9500
2023-10-25,7.059999942779541,7.070000171661377,7.019999980926514,7.03000020980835,5.922800064086914,50400
2023-10-26,7.039999961853027,7.039999961853027,6.980000019073486,6.989999771118164,5.889098644256592,44700
2023-10-27,6.980000019073486,7.019999980926514,6.96999979019165,6.980000019073486,5.880675792694092,31200
2023-10-30,7.0,7.019999980926514,6.980000019073486,6.989999771118164,5.889098644256592,4800
2023-10-31,6.960000038146973,7.03000020980835,6.960000038146973,7.019999980926514,5.914376258850098,22600
2023-11-01,7.050000190734863,7.150000095367432,7.019999980926514,7.070000171661377,5.95650053024292,70500
2023-11-02,7.110000133514404,7.210000038146973,7.110000133514404,7.210000038146973,6.074450969696045,35700
2023-11-03,7.25,7.309999942779541,7.239999771118164,7.289999961853027,6.141850471496582,13100
2023-11-06,7.289999961853027,7.289999961853027,7.179999828338623,7.210000038146973,6.074450969696045,8000
2023-11-07,7.239999771118164,7.269999980926514,7.239999771118164,7.269999980926514,6.125,10000
2023-11-08,7.25,7.329999923706055,7.25,7.300000190734863,6.1502766609191895,16800
2023-11-09,7.329999923706055,7.329999923706055,7.21999979019165,7.289999961853027,6.141850471496582,40900
2023-11-10,7.340000152587891,7.349999904632568,7.28000020980835,7.329999923706055,6.17555046081543,46800
2023-11-13,7.28000020980835,7.360000133514404,7.28000020980835,7.349999904632568,6.192400932312012,12500
2023-11-14,7.400000095367432,7.510000228881836,7.400000095367432,7.489999771118164,6.310351371765137,18900
2023-11-15,7.480000019073486,7.5,7.349999904632568,7.420000076293945,6.251375675201416,125900
2023-11-16,7.429999828338623,7.519999980926514,7.429999828338623,7.489999771118164,6.310351371765137,28100
2023-11-17,7.489999771118164,7.519999980926514,7.46999979019165,7.489999771118164,6.310351371765137,29200
2023-11-20,7.440000057220459,7.53000020980835,7.440000057220459,7.519999980926514,6.335626602172852,35700
2023-11-21,7.480000019073486,7.510000228881836,7.46999979019165,7.489999771118164,6.330554962158203,11400
2023-11-22,7.480000019073486,7.489999771118164,7.480000019073486,7.489999771118164,6.330554962158203,18100
2023-11-24,7.46999979019165,7.570000171661377,7.46999979019165,7.510000228881836,6.3474602699279785,3500
2023-11-27,7.480000019073486,7.510000228881836,7.46999979019165,7.489999771118164,6.330554962158203,34600
2023-11-28,7.46999979019165,7.5,7.460000038146973,7.489999771118164,6.330554962158203,44500
2023-11-29,7.53000020980835,7.579999923706055,7.53000020980835,7.559999942779541,6.389719009399414,20900
2023-11-30,7.53000020980835,7.539999961853027,7.46999979019165,7.480000019073486,6.322102546691895,45200
2023-12-01,7.510000228881836,7.630000114440918,7.510000228881836,7.599999904632568,6.423527240753174,44800
2023-12-04,7.570000171661377,7.619999885559082,7.570000171661377,7.579999923706055,6.406623363494873,35100
2023-12-05,7.570000171661377,7.599999904632568,7.570000171661377,7.579999923706055,6.406623363494873,28700
2023-12-06,7.610000133514404,7.619999885559082,7.579999923706055,7.599999904632568,6.423527240753174,20500
2023-12-07,7.579999923706055,7.639999866485596,7.570000171661377,7.639999866485596,6.457335472106934,10000
2023-12-08,7.610000133514404,7.639999866485596,7.570000171661377,7.610000133514404,6.431979656219482,10800
2023-12-11,7.610000133514404,7.610000133514404,7.579999923706055,7.599999904632568,6.423527240753174,52900
2023-12-12,7.590000152587891,7.619999885559082,7.579999923706055,7.610000133514404,6.431979656219482,19400
2023-12-13,7.599999904632568,7.690000057220459,7.599999904632568,7.650000095367432,6.465787887573242,42200
2023-12-14,7.659999847412109,7.739999771118164,7.659999847412109,7.690000057220459,6.4995951652526855,52800
2023-12-15,7.679999828338623,7.71999979019165,7.670000076293945,7.690000057220459,6.4995951652526855,57100
2023-12-18,7.679999828338623,7.739999771118164,7.679999828338623,7.699999809265137,6.508047580718994,22100
2023-12-19,7.699999809265137,7.730000019073486,7.699999809265137,7.730000019073486,6.533403396606445,26000
2023-12-20,7.71999979019165,7.75,7.71999979019165,7.739999771118164,6.568195819854736,22800
2023-12-21,7.760000228881836,7.800000190734863,7.760000228881836,7.789999961853027,6.610626220703125,29300
2023-12-22,7.820000171661377,7.849999904632568,7.78000020980835,7.800000190734863,6.619112014770508,46400
2023-12-26,7.840000152587891,7.840000152587891,7.78000020980835,7.789999961853027,6.610626220703125,51800
2023-12-27,7.789999961853027,7.820000171661377,7.75,7.760000228881836,6.585168361663818,27200
2023-12-28,7.730000019073486,7.760000228881836,7.650000095367432,7.690000057220459,6.525765895843506,73700
2023-12-29,7.670000076293945,7.71999979019165,7.639999866485596,7.699999809265137,6.534252643585205,78000
2024-01-02,7.71999979019165,7.769999980926514,7.710000038146973,7.760000228881836,6.585168361663818,33600
2024-01-03,7.78000020980835,7.809999942779541,7.769999980926514,7.809999942779541,6.627598762512207,14500
2024-01-04,7.820000171661377,7.820000171661377,7.78000020980835,7.800000190734863,6.619112014770508,42600
2024-01-05,7.820000171661377,7.829999923706055,7.78000020980835,7.789999961853027,6.610626220703125,25300
2024-01-08,7.820000171661377,7.880000114440918,7.820000171661377,7.880000114440918,6.686999797821045,26100
2024-01-09,7.900000095367432,7.909999847412109,7.820000171661377,7.820000171661377,6.63608455657959,38700
2024-01-10,7.849999904632568,7.849999904632568,7.78000020980835,7.78000020980835,6.6021409034729,32600
2024-01-11,7.78000020980835,7.809999942779541,7.78000020980835,7.809999942779541,6.627598762512207,8300
2024-01-12,7.840000152587891,7.860000133514404,7.809999942779541,7.829999923706055,6.644570350646973,9000
2024-01-16,7.829999923706055,7.829999923706055,7.739999771118164,7.75,6.576681613922119,17400
2024-01-17,7.769999980926514,7.769999980926514,7.690000057220459,7.710000038146973,6.542738437652588,21200
2024-01-18,7.71999979019165,7.760000228881836,7.670000076293945,7.71999979019165,6.551222324371338,46800
2024-01-19,7.760000228881836,7.760000228881836,7.650000095367432,7.710000038146973,6.542738437652588,31500
2024-01-22,7.71999979019165,7.809999942779541,7.71999979019165,7.739999771118164,6.568195819854736,27200
2024-01-23,7.690000057220459,7.730000019073486,7.670000076293945,7.670000076293945,6.534966468811035,44800
2024-01-24,7.71999979019165,7.75,7.699999809265137,7.710000038146973,6.569048404693604,33600
2024-01-25,7.710000038146973,7.78000020980835,7.710000038146973,7.739999771118164,6.594608306884766,17000
2024-01-26,7.75,7.75,7.670000076293945,7.690000057220459,6.552007675170898,42800
2024-01-29,7.71999979019165,7.760000228881836,7.71999979019165,7.760000228881836,6.611649036407471,14300
2024-01-30,7.800000190734863,7.800000190734863,7.730000019073486,7.739999771118164,6.594608306884766,31100
2024-01-31,7.78000020980835,7.829999923706055,7.760000228881836,7.78000020980835,6.628689765930176,16900
2024-02-01,7.840000152587891,7.909999847412109,7.829999923706055,7.869999885559082,6.705370903015137,21100
2024-02-02,7.869999885559082,7.869999885559082,7.78000020980835,7.820000171661377,6.662769794464111,13100
2024-02-05,7.820000171661377,7.829999923706055,7.769999980926514,7.789999961853027,6.637209415435791,14300
2024-02-06,7.789999961853027,7.880000114440918,7.789999961853027,7.869999885559082,6.705370903015137,15400
2024-02-07,7.869999885559082,7.900000095367432,7.829999923706055,7.840000152587891,6.679811000823975,34100
2024-02-08,7.840000152587891,7.889999866485596,7.809999942779541,7.840000152587891,6.679811000823975,22900
2024-02-09,7.849999904632568,7.900000095367432,7.849999904632568,7.900000095367432,6.730932712554932,39300
2024-02-12,7.900000095367432,7.920000076293945,7.889999866485596,7.909999847412109,6.739451408386231,18300
2024-02-13,7.889999866485596,7.889999866485596,7.809999942779541,7.840000152587891,6.679811000823975,28800
2024-02-14,7.880000114440918,7.909999847412109,7.880000114440918,7.900000095367432,6.730932712554932,11900
2024-02-15,7.949999809265137,7.960000038146973,7.909999847412109,7.920000076293945,6.747972965240479,24200
2024-02-16,7.920000076293945,7.920000076293945,7.860000133514404,7.880000114440918,6.713890075683594,36800
2024-02-20,7.900000095367432,7.929999828338623,7.900000095367432,7.929999828338623,6.756493091583252,18100
2024-02-21,7.929999828338623,7.96999979019165,7.909999847412109,7.920000076293945,6.774455547332764,60500
2024-02-22,7.929999828338623,7.929999828338623,7.849999904632568,7.869999885559082,6.731686592102051,523800
2024-02-23,7.900000095367432,7.900000095367432,7.829999923706055,7.849999904632568,6.714578151702881,68100
2024-02-26,7.869999885559082,7.869999885559082,7.809999942779541,7.840000152587891,6.706026077270508,70200
2024-02-27,7.880000114440918,7.880000114440918,7.809999942779541,7.820000171661377,6.688917636871338,56900
2024-02-28,7.849999904632568,7.929999828338623,7.800000190734863,7.860000133514404,6.723133563995361,34400
2024-02-29,7.900000095367432,7.900000095367432,7.789999961853027,7.889999866485596,6.748794078826904,25500
2024-03-01,7.920000076293945,7.940000057220459,7.889999866485596,7.900000095367432,6.757348537445068,28700
2024-03-04,7.920000076293945,7.940000057220459,7.869999885559082,7.880000114440918,6.740240573883057,15500
2024-03-05,7.909999847412109,7.940000057220459,7.900000095367432,7.900000095367432,6.757348537445068,36800
2024-03-06,7.920000076293945,7.940000057220459,7.880000114440918,7.900000095367432,6.757348537445068,14200
2024-03-07,7.900000095367432,7.900000095367432,7.869999885559082,7.889999866485596,6.748794078826904,78400
2024-03-08,7.900000095367432,7.940000057220459,7.880000114440918,7.900000095367432,6.757348537445068,13400
2024-03-11,7.880000114440918,7.949999809265137,7.880000114440918,7.900000095367432,6.757348537445068,18500
2024-03-12,7.920000076293945,7.940000057220459,7.880000114440918,7.889999866485596,6.748794078826904,44900
2024-03-13,7.920000076293945,7.929999828338623,7.900000095367432,7.909999847412109,6.7659010887146,9700
2024-03-14,7.900000095367432,7.920000076293945,7.840000152587891,7.860000133514404,6.723133563995361,36500
2024-03-15,7.889999866485596,7.909999847412109,7.869999885559082,7.889999866485596,6.748794078826904,10000
2024-03-18,7.920000076293945,7.96999979019165,7.920000076293945,7.960000038146973,6.8086700439453125,36500
2024-03-19,7.960000038146973,7.96999979019165,7.949999809265137,7.949999809265137,6.800114631652832,19100
2024-03-20,7.940000057220459,7.989999771118164,7.909999847412109,7.940000057220459,6.827632904052734,50100
2024-03-21,7.949999809265137,7.989999771118164,7.920000076293945,7.920000076293945,6.810434341430664,15000
2024-03-22,7.980000019073486,8.0,7.920000076293945,7.960000038146973,6.84483003616333,55100
2024-03-25,7.989999771118164,7.989999771118164,7.880000114440918,7.920000076293945,6.810434341430664,38600
2024-03-26,7.949999809265137,7.989999771118164,7.900000095367432,7.909999847412109,6.801835536956787,14400
2024-03-27,7.929999828338623,7.989999771118164,7.909999847412109,7.920000076293945,6.810434341430664,49200
2024-03-28,7.909999847412109,7.960000038146973,7.889999866485596,7.920000076293945,6.810434341430664,46700
2024-04-01,7.900000095367432,7.960000038146973,7.860000133514404,7.889999866485596,6.784637928009033,23800
2024-04-02,7.880000114440918,7.880000114440918,7.820000171661377,7.840000152587891,6.741641044616699,73200
2024-04-03,7.840000152587891,7.860000133514404,7.829999923706055,7.860000133514404,6.758840560913086,21300
2024-04-04,7.860000133514404,7.880000114440918,7.860000133514404,7.880000114440918,6.776037216186523,23600
2024-04-05,7.880000114440918,7.880000114440918,7.869999885559082,7.869999885559082,6.767439365386963,12600
2024-04-08,7.889999866485596,7.889999866485596,7.829999923706055,7.849999904632568,6.750240802764893,39000
2024-04-09,7.889999866485596,7.889999866485596,7.860000133514404,7.869999885559082,6.767439365386963,10600
2024-04-10,7.849999904632568,7.880000114440918,7.809999942779541,7.820000171661377,6.724443912506104,37900
2024-04-11,7.849999904632568,7.849999904632568,7.820000171661377,7.829999923706055,6.733043670654297,8700
2024-04-12,7.880000114440918,7.880000114440918,7.820000171661377,7.840000152587891,6.741641044616699,45100
2024-04-15,7.829999923706055,7.829999923706055,7.710000038146973,7.769999980926514,6.681448936462402,78000
2024-04-16,7.789999961853027,7.789999961853027,7.730000019073486,7.769999980926514,6.681448936462402,124100
2024-04-17,7.800000190734863,7.800000190734863,7.739999771118164,7.769999980926514,6.681448936462402,63300
2024-04-18,7.769999980926514,7.769999980926514,7.730000019073486,7.730000019073486,6.647051334381104,117900
2024-04-19,7.760000228881836,7.769999980926514,7.730000019073486,7.739999771118164,6.655651569366455,160300
2024-04-22,7.670000076293945,7.710000038146973,7.670000076293945,7.699999809265137,6.657379627227783,121800
2024-04-23,7.710000038146973,7.71999979019165,7.679999828338623,7.690000057220459,6.648733615875244,363500
2024-04-24,7.710000038146973,7.71999979019165,7.650000095367432,7.659999847412109,6.622796058654785,125100
2024-04-25,7.659999847412109,7.659999847412109,7.610000133514404,7.639999866485596,6.605504989624023,61400
2024-04-26,7.659999847412109,7.670000076293945,7.630000114440918,7.659999847412109,6.622796058654785,122700
2024-04-29,7.670000076293945,7.690000057220459,7.650000095367432,7.659999847412109,6.622796058654785,60900
2024-04-30,7.670000076293945,7.690000057220459,7.659999847412109,7.679999828338623,6.640089511871338,59500
2024-05-01,7.699999809265137,7.71999979019165,7.670000076293945,7.699999809265137,6.657379627227783,214400
2024-05-02,7.710000038146973,7.710000038146973,7.679999828338623,7.699999809265137,6.657379627227783,30400
2024-05-03,7.730000019073486,7.789999961853027,7.730000019073486,7.760000228881836,6.709255695343018,72800
2024-05-06,7.769999980926514,7.800000190734863,7.760000228881836,7.800000190734863,6.743839740753174,25700
2024-05-07,7.820000171661377,7.829999923706055,7.820000171661377,7.820000171661377,6.76113224029541,63600
2024-05-08,7.829999923706055,7.849999904632568,7.820000171661377,7.849999904632568,6.787071228027344,12500
2024-05-09,7.860000133514404,7.869999885559082,7.849999904632568,7.860000133514404,6.79571533203125,6200
2024-05-10,7.860000133514404,7.869999885559082,7.800000190734863,7.820000171661377,6.76113224029541,24200
2024-05-13,7.829999923706055,7.829999923706055,7.809999942779541,7.820000171661377,6.76113224029541,58300
2024-05-14,7.820000171661377,7.840000152587891,7.789999961853027,7.800000190734863,6.743839740753174,71600
2024-05-15,7.829999923706055,7.849999904632568,7.820000171661377,7.820000171661377,6.76113224029541,56500
2024-05-16,7.820000171661377,7.860000133514404,7.809999942779541,7.829999923706055,6.769779205322266,85100
2024-05-17,7.840000152587891,7.869999885559082,7.820000171661377,7.869999885559082,6.804361820220947,63400
2024-05-20,7.869999885559082,7.869999885559082,7.820000171661377,7.849999904632568,6.787071228027344,68800
2024-05-21,7.860000133514404,7.869999885559082,7.840000152587891,7.840000152587891,6.778423309326172,37300
2024-05-22,7.820000171661377,7.840000152587891,7.75,7.760000228881836,6.745392799377441,24400
2024-05-23,7.769999980926514,7.809999942779541,7.710000038146973,7.71999979019165,6.710621356964111,45100
2024-05-24,7.739999771118164,7.78000020980835,7.679999828338623,7.71999979019165,6.710621356964111,56500
2024-05-28,7.760000228881836,7.78000020980835,7.659999847412109,7.670000076293945,6.667158603668213,55400
2024-05-29,7.679999828338623,7.730000019073486,7.599999904632568,7.619999885559082,6.623697280883789,41800
2024-05-30,7.630000114440918,7.679999828338623,7.619999885559082,7.630000114440918,6.632390975952148,26200
2024-05-31,7.659999847412109,7.699999809265137,7.610000133514404,7.650000095367432,6.649774551391602,53400
2024-06-03,7.690000057220459,7.699999809265137,7.639999866485596,7.690000057220459,6.684543609619141,72500
2024-06-04,7.670000076293945,7.730000019073486,7.670000076293945,7.710000038146973,6.701931476593018,23200
2024-06-05,7.710000038146973,7.760000228881836,7.699999809265137,7.739999771118164,6.728008270263672,56700
2024-06-06,7.71999979019165,7.789999961853027,7.71999979019165,7.75,6.736701011657715,59200
2024-06-07,7.710000038146973,7.739999771118164,7.690000057220459,7.730000019073486,6.719313621520996,34700
2024-06-10,7.699999809265137,7.75,7.699999809265137,7.75,6.736701011657715,34600
2024-06-11,7.730000019073486,7.789999961853027,7.730000019073486,7.760000228881836,6.745392799377441,13400
2024-06-12,7.809999942779541,7.849999904632568,7.800000190734863,7.809999942779541,6.78885555267334,50200
2024-06-13,7.840000152587891,7.849999904632568,7.829999923706055,7.849999904632568,6.823624610900879,15000
2024-06-14,7.840000152587891,7.849999904632568,7.829999923706055,7.840000152587891,6.814931869506836,39800
2024-06-17,7.809999942779541,7.840000152587891,7.809999942779541,7.840000152587891,6.814931869506836,23500
2024-06-18,7.820000171661377,7.849999904632568,7.820000171661377,7.849999904632568,6.823624610900879,24600
2024-06-20,7.840000152587891,7.840000152587891,7.829999923706055,7.829999923706055,6.806239604949951,9200
2024-06-21,7.800000190734863,7.829999923706055,7.78000020980835,7.78000020980835,6.799249172210693,69300
2024-06-24,7.769999980926514,7.820000171661377,7.769999980926514,7.809999942779541,6.825468063354492,30600
2024-06-25,7.78000020980835,7.820000171661377,7.78000020980835,7.809999942779541,6.825468063354492,18800
2024-06-26,7.769999980926514,7.809999942779541,7.769999980926514,7.809999942779541,6.825468063354492,46500
2024-06-27,7.800000190734863,7.840000152587891,7.800000190734863,7.829999923706055,6.8429460525512695,4900
2024-06-28,7.840000152587891,7.869999885559082,7.829999923706055,7.860000133514404,6.869163990020752,31500
2024-07-01,7.840000152587891,7.860000133514404,7.809999942779541,7.849999904632568,6.8604230880737305,84300
2024-07-02,7.829999923706055,7.880000114440918,7.829999923706055,7.869999885559082,6.877902984619141,22200
2024-07-03,7.849999904632568,7.900000095367432,7.849999904632568,7.880000114440918,6.886642932891846,42000
2024-07-05,7.849999904632568,7.900000095367432,7.849999904632568,7.880000114440918,6.886642932891846,36000
2024-07-08,7.860000133514404,7.889999866485596,7.860000133514404,7.880000114440918,6.886642932891846,13700
2024-07-09,7.880000114440918,7.889999866485596,7.860000133514404,7.869999885559082,6.877902984619141,9600
2024-07-10,7.860000133514404,7.900000095367432,7.860000133514404,7.889999866485596,6.895382881164551,10900
2024-07-11,7.900000095367432,7.96999979019165,7.900000095367432,7.940000057220459,6.939079284667969,31700
2024-07-12,7.960000038146973,8.0,7.920000076293945,7.96999979019165,6.965296268463135,41500
2024-07-15,7.980000019073486,7.980000019073486,7.949999809265137,7.980000019073486,6.97403621673584,27700
2024-07-16,7.960000038146973,7.989999771118164,7.960000038146973,7.96999979019165,6.965296268463135,33800
2024-07-17,7.949999809265137,7.96999979019165,7.829999923706055,7.920000076293945,6.92160177230835,44400
2024-07-18,7.920000076293945,7.929999828338623,7.860000133514404,7.860000133514404,6.869163990020752,10900
2024-07-19,7.860000133514404,7.889999866485596,7.860000133514404,7.860000133514404,6.869163990020752,18200
2024-07-22,7.900000095367432,7.940000057220459,7.880000114440918,7.909999847412109,6.91286039352417,41400
2024-07-23,7.920000076293945,7.949999809265137,7.920000076293945,7.940000057220459,6.939079284667969,25000
2024-07-24,7.900000095367432,7.900000095367432,7.860000133514404,7.869999885559082,6.914478302001953,21700
2024-07-25,7.880000114440918,7.909999847412109,7.869999885559082,7.869999885559082,6.914478302001953,25300
2024-07-26,7.880000114440918,7.920000076293945,7.880000114440918,7.909999847412109,6.94962215423584,12200
2024-07-29,7.940000057220459,7.940000057220459,7.920000076293945,7.920000076293945,6.958408832550049,39200
2024-07-30,7.940000057220459,7.949999809265137,7.909999847412109,7.909999847412109,6.94962215423584,46600
2024-07-31,7.949999809265137,7.960000038146973,7.920000076293945,7.949999809265137,6.984765529632568,8400
2024-08-01,7.960000038146973,8.020000457763672,7.960000038146973,8.010000228881836,7.037479877471924,43700
2024-08-02,8.020000457763672,8.029999732971191,7.940000057220459,7.989999771118164,7.019909381866455,102200
2024-08-05,8.010000228881836,8.010000228881836,7.909999847412109,7.929999828338623,6.967194557189941,32800
2024-08-06,7.960000038146973,8.010000228881836,7.949999809265137,7.980000019073486,7.0111236572265625,40400
2024-08-07,8.010000228881836,8.149999618530273,8.010000228881836,8.0600004196167,7.081410884857178,52300
2024-08-08,8.039999961853027,8.100000381469727,8.029999732971191,8.050000190734863,7.072624206542969,29100
2024-08-09,8.100000381469727,8.100000381469727,8.029999732971191,8.029999732971191,7.055051803588867,12700
2024-08-12,8.039999961853027,8.09000015258789,8.020000457763672,8.020000457763672,7.046266078948975,17400
2024-08-13,8.069999694824219,8.109999656677246,8.039999961853027,8.0600004196167,7.081410884857178,29400
2024-08-14,7.960000038146973,8.079999923706055,7.960000038146973,8.069999694824219,7.090196132659912,37600
2024-08-15,8.069999694824219,8.079999923706055,8.029999732971191,8.029999732971191,7.055051803588867,36500
2024-08-16,8.079999923706055,8.079999923706055,8.020000457763672,8.039999961853027,7.063838481903076,37200
2024-08-19,8.039999961853027,8.119999885559082,8.039999961853027,8.100000381469727,7.11655330657959,48400
2024-08-20,8.140000343322754,8.140000343322754,8.069999694824219,8.100000381469727,7.11655330657959,64700
2024-08-21,8.140000343322754,8.140000343322754,8.069999694824219,8.09000015258789,7.107766151428223,51500
2024-08-22,8.119999885559082,8.130000114440918,8.079999923706055,8.09000015258789,7.107766151428223,61200
2024-08-23,8.079999923706055,8.09000015258789,8.069999694824219,8.069999694824219,7.127196788787842,11600
2024-08-26,8.069999694824219,8.100000381469727,8.069999694824219,8.069999694824219,7.127196788787842,22600
2024-08-27,8.079999923706055,8.09000015258789,8.050000190734863,8.069999694824219,7.127196788787842,38900
2024-08-28,8.109999656677246,8.109999656677246,8.079999923706055,8.09000015258789,7.144860744476318,21300
2024-08-29,8.109999656677246,8.109999656677246,8.09000015258789,8.09000015258789,7.144860744476318,23900
2024-08-30,8.09000015258789,8.119999885559082,8.0600004196167,8.0600004196167,7.118366241455078,52400
2024-09-03,8.09000015258789,8.119999885559082,8.09000015258789,8.119999885559082,7.171355247497559,182600
2024-09-04,8.149999618530273,8.170000076293945,8.119999885559082,8.149999618530273,7.197850227355957,14900
2024-09-05,8.149999618530273,8.1899995803833,8.149999618530273,8.149999618530273,7.197850227355957,31200
2024-09-06,8.180000305175781,8.180000305175781,8.149999618530273,8.170000076293945,7.21551513671875,33900
2024-09-09,8.1899995803833,8.210000038146973,8.149999618530273,8.149999618530273,7.197850227355957,31300
2024-09-10,8.170000076293945,8.199999809265137,8.149999618530273,8.149999618530273,7.197850227355957,65400
2024-09-11,8.180000305175781,8.199999809265137,8.170000076293945,8.180000305175781,7.22434663772583,72900
2024-09-12,8.199999809265137,8.260000228881836,8.180000305175781,8.199999809265137,7.242009162902832,75200
2024-09-13,8.220000267028809,8.25,8.210000038146973,8.25,7.286169052124023,38700
2024-09-16,8.279999732971191,8.279999732971191,8.199999809265137,8.229999542236328,7.268503189086914,67700
2024-09-17,8.25,8.270000457763672,8.229999542236328,8.229999542236328,7.268503189086914,28800
2024-09-18,8.25,8.260000228881836,8.210000038146973,8.229999542236328,7.268503189086914,47900
2024-09-19,8.25,8.25,8.220000267028809,8.239999771118164,7.277335166931152,29200
2024-09-20,8.289999961853027,8.289999961853027,8.210000038146973,8.220000267028809,7.25967264175415,47200
2024-09-23,8.210000038146973,8.239999771118164,8.15999984741211,8.170000076293945,7.252571582794189,36000
2024-09-24,8.170000076293945,8.1899995803833,8.170000076293945,8.170000076293945,7.252571582794189,14300
2024-09-25,8.180000305175781,8.220000267028809,8.170000076293945,8.180000305175781,7.261448383331299,25800
2024-09-26,8.180000305175781,8.1899995803833,8.140000343322754,8.149999618530273,7.234816551208496,51400
2024-09-27,8.140000343322754,8.1899995803833,8.140000343322754,8.170000076293945,7.252571582794189,19400
2024-09-30,8.229999542236328,8.229999542236328,8.140000343322754,8.199999809265137,7.279201507568359,70700
2024-10-01,8.289999961853027,8.289999961853027,8.210000038146973,8.220000267028809,7.2969560623168945,46100
2024-10-02,8.220000267028809,8.220000267028809,8.180000305175781,8.199999809265137,7.279201507568359,41000
2024-10-03,8.239999771118164,8.239999771118164,8.170000076293945,8.170000076293945,7.252571582794189,27000
2024-10-04,8.15999984741211,8.170000076293945,8.149999618530273,8.149999618530273,7.234816551208496,184300
2024-10-07,8.1899995803833,8.199999809265137,8.15999984741211,8.180000305175781,7.261448383331299,82800
2024-10-08,8.199999809265137,8.199999809265137,8.170000076293945,8.1899995803833,7.270325660705566,68400
2024-10-09,8.210000038146973,8.229999542236328,8.149999618530273,8.149999618530273,7.234816551208496,45800
2024-10-10,8.220000267028809,8.229999542236328,8.1899995803833,8.229999542236328,7.305832862854004,162100
2024-10-11,8.229999542236328,8.239999771118164,8.220000267028809,8.239999771118164,7.314709663391113,76500
2024-10-14,8.229999542236328,8.229999542236328,8.180000305175781,8.180000305175781,7.261448383331299,28400
2024-10-15,8.260000228881836,8.260000228881836,8.180000305175781,8.180000305175781,7.261448383331299,21400
2024-10-16,8.220000267028809,8.220000267028809,8.1899995803833,8.210000038146973,7.288079738616943,26800
2024-10-17,8.220000267028809,8.220000267028809,8.199999809265137,8.220000267028809,7.2969560623168945,26200
2024-10-18,8.260000228881836,8.260000228881836,8.220000267028809,8.239999771118164,7.314709663391113,15300
2024-10-21,8.239999771118164,8.270000457763672,8.220000267028809,8.25,7.323587894439697,41000
2024-10-22,8.239999771118164,8.260000228881836,8.210000038146973,8.239999771118164,7.314709663391113,65000
2024-10-23,8.239999771118164,8.239999771118164,8.109999656677246,8.130000114440918,7.2170634269714355,91600
2024-10-24,8.109999656677246,8.109999656677246,8.050000190734863,8.0600004196167,7.192079067230225,34100
2024-10-25,8.069999694824219,8.09000015258789,8.010000228881836,8.020000457763672,7.15638542175293,31500
2024-10-28,8.0600004196167,8.069999694824219,8.010000228881836,8.020000457763672,7.15638542175293,37800
2024-10-29,8.010000228881836,8.029999732971191,7.940000057220459,7.949999809265137,7.093923568725586,56800
2024-10-30,7.980000019073486,8.0,7.96999979019165,7.989999771118164,7.1296162605285645,21200
2024-10-31,8.0,8.039999961853027,7.989999771118164,8.029999732971191,7.165307998657227,24500
2024-11-01,8.0600004196167,8.069999694824219,8.0,8.010000228881836,7.147461891174316,54900
2024-11-04,8.050000190734863,8.050000190734863,7.980000019073486,8.0,7.138538360595703,42600
2024-11-05,8.010000228881836,8.0600004196167,8.010000228881836,8.039999961853027,7.174232006072998,45900
2024-11-06,8.039999961853027,8.069999694824219,8.0,8.0,7.138538360595703,149900
2024-11-07,8.029999732971191,8.119999885559082,8.029999732971191,8.119999885559082,7.245617389678955,61300
2024-11-08,8.100000381469727,8.130000114440918,8.050000190734863,8.100000381469727,7.227771282196045,89100
2024-11-11,8.130000114440918,8.130000114440918,8.100000381469727,8.100000381469727,7.227771282196045,22600
2024-11-12,8.100000381469727,8.109999656677246,8.010000228881836,8.020000457763672,7.15638542175293,22800
2024-11-13,8.050000190734863,8.0600004196167,8.039999961853027,8.0600004196167,7.192079067230225,16300
2024-11-14,8.09000015258789,8.100000381469727,8.0600004196167,8.100000381469727,7.227771282196045,30500
2024-11-15,8.109999656677246,8.109999656677246,8.069999694824219,8.09000015258789,7.218846797943115,25500
2024-11-18,8.109999656677246,8.109999656677246,8.0600004196167,8.079999923706055,7.209924221038818,10800
2024-11-19,8.109999656677246,8.109999656677246,8.0600004196167,8.09000015258789,7.218846797943115,27400
2024-11-20,8.09000015258789,8.09000015258789,8.050000190734863,8.069999694824219,7.2010016441345215,21400
2024-11-21,8.020000457763672,8.09000015258789,8.020000457763672,8.020000457763672,7.1938252449035645,30100
2024-11-22,8.050000190734863,8.069999694824219,8.010000228881836,8.020000457763672,7.1938252449035645,34900
2024-11-25,8.09000015258789,8.09000015258789,8.029999732971191,8.0600004196167,7.229705810546875,42000
2024-11-26,8.079999923706055,8.130000114440918,8.0600004196167,8.130000114440918,7.292493343353271,27400
2024-11-27,8.130000114440918,8.180000305175781,8.09000015258789,8.119999885559082,7.283523082733154,21000
2024-11-29,8.199999809265137,8.220000267028809,8.15999984741211,8.15999984741211,7.319402694702148,38700
2024-12-02,8.220000267028809,8.220000267028809,8.170000076293945,8.210000038146973,7.36425256729126,32200
2024-12-03,8.25,8.25,8.140000343322754,8.1899995803833,7.346312999725342,79900
2024-12-04,8.210000038146973,8.210000038146973,8.15999984741211,8.180000305175781,7.337343215942383,35000
2024-12-05,8.199999809265137,8.199999809265137,8.149999618530273,8.170000076293945,7.328372478485107,29200
2024-12-06,8.229999542236328,8.229999542236328,8.149999618530273,8.180000305175781,7.337343215942383,56700
2024-12-09,8.210000038146973,8.210000038146973,8.170000076293945,8.1899995803833,7.346312999725342,63200
2024-12-10,8.1899995803833,8.199999809265137,8.170000076293945,8.180000305175781,7.337343215942383,27600
2024-12-11,8.220000267028809,8.220000267028809,8.119999885559082,8.140000343322754,7.3014631271362305,57000
2024-12-12,8.149999618530273,8.149999618530273,8.079999923706055,8.09000015258789,7.2566142082214355,26000
2024-12-13,8.130000114440918,8.140000343322754,7.989999771118164,8.020000457763672,7.1938252449035645,68800
2024-12-16,8.039999961853027,8.050000190734863,7.960000038146973,7.960000038146973,7.140005588531494,59700
2024-12-17,7.96999979019165,7.980000019073486,7.849999904632568,7.860000133514404,7.050307273864746,100200
2024-12-18,7.880000114440918,7.909999847412109,7.78000020980835,7.789999961853027,6.98751974105835,81300
2024-12-19,7.760000228881836,7.820000171661377,7.710000038146973,7.710000038146973,6.915759563446045,77100
2024-12-20,7.769999980926514,7.789999961853027,7.730000019073486,7.769999980926514,6.969579219818115,192500
2024-12-23,7.75,7.760000228881836,7.670000076293945,7.670000076293945,6.917270183563232,58600
2024-12-24,7.699999809265137,7.699999809265137,7.630000114440918,7.699999809265137,6.944326877593994,79500
2024-12-26,7.71999979019165,7.71999979019165,7.679999828338623,7.710000038146973,6.953346252441406,63100
2024-12-27,7.730000019073486,7.730000019073486,7.670000076293945,7.679999828338623,6.9262895584106445,41300
2024-12-30,7.639999866485596,7.71999979019165,7.639999866485596,7.679999828338623,6.9262895584106445,55900
2024-12-31,7.699999809265137,7.769999980926514,7.699999809265137,7.739999771118164,6.980401039123535,129900
2025-01-02,7.75,7.829999923706055,7.75,7.829999923706055,7.061567783355713,49000
2025-01-03,7.869999885559082,7.929999828338623,7.829999923706055,7.840000152587891,7.070588111877441,42200
2025-01-06,7.869999885559082,7.869999885559082,7.78000020980835,7.820000171661377,7.052549839019775,42900
2025-01-07,7.849999904632568,7.849999904632568,7.769999980926514,7.78000020980835,7.016476631164551,40900
2025-01-08,7.809999942779541,7.829999923706055,7.769999980926514,7.809999942779541,7.04353141784668,70200
2025-01-10,7.829999923706055,7.840000152587891,7.739999771118164,7.809999942779541,7.04353141784668,33800
2025-01-13,7.820000171661377,7.820000171661377,7.71999979019165,7.760000228881836,6.998438835144043,16100
2025-01-14,7.789999961853027,7.800000190734863,7.71999979019165,7.760000228881836,6.998438835144043,28800
2025-01-15,7.789999961853027,7.869999885559082,7.789999961853027,7.820000171661377,7.052549839019775,39700
2025-01-16,7.840000152587891,7.849999904632568,7.820000171661377,7.820000171661377,7.052549839019775,34200
2025-01-17,7.849999904632568,7.860000133514404,7.829999923706055,7.849999904632568,7.079605579376221,24100
2025-01-21,7.880000114440918,7.880000114440918,7.849999904632568,7.880000114440918,7.106662273406982,44600
2025-01-22,7.909999847412109,7.909999847412109,7.840000152587891,7.849999904632568,7.079605579376221,53800
2025-01-23,7.860000133514404,7.860000133514404,7.800000190734863,7.800000190734863,7.034513473510742,86900
2025-01-24,7.800000190734863,7.809999942779541,7.739999771118164,7.75,7.027258396148682,80600
2025-01-27,7.760000228881836,7.78000020980835,7.75,7.769999980926514,7.045394420623779,42200
2025-01-28,7.78000020980835,7.78000020980835,7.760000228881836,7.78000020980835,7.0544610023498535,23500
2025-01-29,7.800000190734863,7.800000190734863,7.760000228881836,7.769999980926514,7.045394420623779,43000
2025-01-30,7.789999961853027,7.800000190734863,7.769999980926514,7.78000020980835,7.0544610023498535,71400
2025-01-31,7.800000190734863,7.809999942779541,7.769999980926514,7.78000020980835,7.0544610023498535,50300
2025-02-03,7.78000020980835,7.800000190734863,7.78000020980835,7.78000020980835,7.0544610023498535,49400
2025-02-04,7.800000190734863,7.829999923706055,7.769999980926514,7.789999961853027,7.063529014587402,204500
2025-02-05,7.809999942779541,7.849999904632568,7.809999942779541,7.829999923706055,7.099798679351807,78300
2025-02-06,7.849999904632568,7.860000133514404,7.829999923706055,7.849999904632568,7.117932796478272,95700
2025-02-07,7.860000133514404,7.869999885559082,7.800000190734863,7.829999923706055,7.099798679351807,50400
2025-02-10,7.849999904632568,7.869999885559082,7.829999923706055,7.840000152587891,7.108867168426514,48600
2025-02-11,7.840000152587891,7.840000152587891,7.820000171661377,7.829999923706055,7.099798679351807,58300
2025-02-12,7.809999942779541,7.829999923706055,7.760000228881836,7.78000020980835,7.0544610023498535,40100
2025-02-13,7.820000171661377,7.829999923706055,7.78000020980835,7.829999923706055,7.099798679351807,55600
2025-02-14,7.869999885559082,7.900000095367432,7.860000133514404,7.900000095367432,7.163269996643066,47600
2025-02-18,7.920000076293945,7.920000076293945,7.849999904632568,7.889999866485596,7.15420389175415,86200
2025-02-19,7.909999847412109,7.909999847412109,7.869999885559082,7.909999847412109,7.172338485717773,115100
2025-02-20,7.920000076293945,7.929999828338623,7.909999847412109,7.929999828338623,7.19047212600708,72300
2025-02-21,7.920000076293945,7.920000076293945,7.860000133514404,7.920000076293945,7.219643115997314,28000
2025-02-24,7.920000076293945,7.920000076293945,7.900000095367432,7.920000076293945,7.219643115997314,38900
2025-02-25,7.940000057220459,7.940000057220459,7.920000076293945,7.929999828338623,7.228758811950684,50600
2025-02-26,7.929999828338623,7.929999828338623,7.909999847412109,7.929999828338623,7.228758811950684,33600
2025-02-27,7.940000057220459,7.940000057220459,7.900000095367432,7.920000076293945,7.219643115997314,11900
2025-02-28,7.920000076293945,7.980000019073486,7.920000076293945,7.980000019073486,7.274336338043213,32600
2025-03-03,7.96999979019165,7.980000019073486,7.929999828338623,7.940000057220459,7.2378740310668945,37800
2025-03-04,7.929999828338623,7.96999979019165,7.900000095367432,7.920000076293945,7.219643115997314,44200
2025-03-05,7.920000076293945,7.940000057220459,7.869999885559082,7.909999847412109,7.210527420043945,112600
2025-03-06,7.909999847412109,7.909999847412109,7.849999904632568,7.869999885559082,7.174065113067627,38700
2025-03-07,7.889999866485596,7.900000095367432,7.820000171661377,7.820000171661377,7.128486156463623,29500
2025-03-10,7.820000171661377,7.860000133514404,7.820000171661377,7.820000171661377,7.128486156463623,24300
2025-03-11,7.840000152587891,7.849999904632568,7.789999961853027,7.800000190734863,7.110254287719727,58600
2025-03-12,7.809999942779541,7.820000171661377,7.769999980926514,7.78000020980835,7.09202241897583,40700
2025-03-13,7.78000020980835,7.789999961853027,7.760000228881836,7.78000020980835,7.09202241897583,39900
2025-03-14,7.760000228881836,7.789999961853027,7.760000228881836,7.78000020980835,7.09202241897583,48400
2025-03-17,7.769999980926514,7.789999961853027,7.75,7.769999980926514,7.082907676696777,36100
2025-03-18,7.75,7.760000228881836,7.739999771118164,7.760000228881836,7.07379150390625,42800
2025-03-19,7.78000020980835,7.78000020980835,7.730000019073486,7.75,7.064676761627197,44900
2025-03-20,7.800000190734863,7.829999923706055,7.769999980926514,7.829999923706055,7.137601375579834,36200
2025-03-21,7.829999923706055,7.900000095367432,7.820000171661377,7.829999923706055,7.137601375579834,44700
2025-03-24,7.800000190734863,7.889999866485596,7.800000190734863,7.889999866485596,7.231083869934082,50700
2025-03-25,7.900000095367432,7.900000095367432,7.860000133514404,7.880000114440918,7.221918106079102,29000
2025-03-26,7.869999885559082,7.869999885559082,7.800000190734863,7.820000171661377,7.166929721832275,22400
2025-03-27,7.820000171661377,7.820000171661377,7.75,7.760000228881836,7.111939907073975,39500
2025-03-28,7.800000190734863,7.809999942779541,7.769999980926514,7.78000020980835,7.130269527435303,13300
2025-03-31,7.809999942779541,7.809999942779541,7.75,7.800000190734863,7.148599147796631,15200
2025-04-01,7.840000152587891,7.860000133514404,7.829999923706055,7.849999904632568,7.194424152374268,24900
2025-04-02,7.889999866485596,7.889999866485596,7.820000171661377,7.829999923706055,7.176094055175781,28300
2025-04-03,7.840000152587891,7.900000095367432,7.840000152587891,7.869999885559082,7.212754249572754,26900
2025-04-04,7.860000133514404,7.860000133514404,7.730000019073486,7.739999771118164,7.093610286712647,47100
2025-04-07,7.75,7.75,7.599999904632568,7.630000114440918,6.992797374725342,75500
2025-04-08,7.599999904632568,7.659999847412109,7.440000057220459,7.480000019073486,6.855323791503906,106500
2025-04-09,7.429999828338623,7.599999904632568,7.380000114440918,7.570000171661377,6.937808513641357,74300
2025-04-10,7.53000020980835,7.590000152587891,7.380000114440918,7.449999809265137,6.827829837799072,77000
2025-04-11,7.449999809265137,7.699999809265137,7.300000190734863,7.400000095367432,6.782005310058594,155700
2025-04-14,7.449999809265137,7.53000020980835,7.449999809265137,7.519999980926514,6.891983985900879,58500
2025-04-15,7.5,7.550000190734863,7.460000038146973,7.5,6.873653411865234,36500
2025-04-16,7.480000019073486,7.519999980926514,7.460000038146973,7.480000019073486,6.855323791503906,38400
2025-04-17,7.460000038146973,7.800000190734863,7.460000038146973,7.46999979019165,6.846158981323242,48500
2025-04-21,7.46999979019165,7.489999771118164,7.400000095367432,7.409999847412109,6.7911696434021,57600
2025-04-22,7.46999979019165,7.46999979019165,7.380000114440918,7.429999828338623,6.8094987869262695,51300
2025-04-23,7.5,7.5,7.429999828338623,7.449999809265137,6.866645336151123,28400
2025-04-24,7.489999771118164,7.5,7.449999809265137,7.5,6.912729740142822,55800
2025-04-25,7.53000020980835,7.570000171661377,7.53000020980835,7.539999961853027,6.949597835540772,36200
2025-04-28,7.590000152587891,7.590000152587891,7.5,7.559999942779541,6.968031883239746,57700
2025-04-29,7.519999980926514,7.550000190734863,7.519999980926514,7.53000020980835,6.940380096435547,45400
2025-04-30,7.510000228881836,7.590000152587891,7.489999771118164,7.53000020980835,6.940380096435547,135300
2025-05-01,7.579999923706055,7.579999923706055,7.550000190734863,7.570000171661377,6.977249622344971,60000
2025-05-02,7.570000171661377,7.599999904632568,7.539999961853027,7.550000190734863,6.95881462097168,43700
2025-05-05,7.570000171661377,7.570000171661377,7.53000020980835,7.539999961853027,6.949597835540772,51300
2025-05-06,7.539999961853027,7.75,7.519999980926514,7.539999961853027,6.949597835540772,104300
2025-05-07,7.550000190734863,7.559999942779541,7.53000020980835,7.539999961853027,6.949597835540772,78100
2025-05-08,7.519999980926514,7.570000171661377,7.519999980926514,7.550000190734863,6.95881462097168,115200
2025-05-09,7.570000171661377,7.570000171661377,7.559999942779541,7.570000171661377,6.977249622344971,69600
2025-05-12,7.570000171661377,7.590000152587891,7.539999961853027,7.570000171661377,6.977249622344971,129400
2025-05-13,7.590000152587891,7.599999904632568,7.539999961853027,7.539999961853027,6.949597835540772,105300
2025-05-14,7.559999942779541,7.559999942779541,7.489999771118164,7.519999980926514,6.931164264678955,129900
2025-05-15,7.550000190734863,7.590000152587891,7.539999961853027,7.570000171661377,6.977249622344971,64900
2025-05-16,7.610000133514404,7.610000133514404,7.570000171661377,7.590000152587891,6.995683193206787,97300
2025-05-19,7.489999771118164,7.570000171661377,7.489999771118164,7.550000190734863,6.95881462097168,54600
2025-05-20,7.559999942779541,7.579999923706055,7.550000190734863,7.579999923706055,6.986465930938721,16500
2025-05-21,7.579999923706055,7.579999923706055,7.480000019073486,7.480000019073486,6.894295692443848,50300
2025-05-22,7.46999979019165,7.46999979019165,7.429999828338623,7.460000038146973,6.914687156677246,35400
2025-05-23,7.46999979019165,7.46999979019165,7.449999809265137,7.46999979019165,6.923956394195557,31200
2025-05-27,7.510000228881836,7.510000228881836,7.449999809265137,7.489999771118164,6.942495346069336,56400
2025-05-28,7.460000038146973,7.480000019073486,7.429999828338623,7.440000057220459,6.8961501121521,66600
2025-05-29,7.460000038146973,7.480000019073486,7.449999809265137,7.449999809265137,6.905417919158936,35900
2025-05-30,7.46999979019165,7.489999771118164,7.440000057220459,7.440000057220459,6.8961501121521,35700
2025-06-02,7.46999979019165,7.480000019073486,7.420000076293945,7.449999809265137,6.905417919158936,78800
2025-06-03,7.429999828338623,7.46999979019165,7.420000076293945,7.420000076293945,6.877612590789795,76300
2025-06-04,7.429999828338623,7.489999771118164,7.429999828338623,7.449999809265137,6.905417919158936,44500
2025-06-05,7.46999979019165,7.510000228881836,7.449999809265137,7.480000019073486,6.933226108551025,118900
2025-06-06,7.460000038146973,7.480000019073486,7.429999828338623,7.440000057220459,6.8961501121521,56100
2025-06-09,7.420000076293945,7.480000019073486,7.420000076293945,7.449999809265137,6.905417919158936,39500
2025-06-10,7.489999771118164,7.5,7.449999809265137,7.5,6.95176362991333,61400
2025-06-11,7.489999771118164,7.53000020980835,7.46999979019165,7.489999771118164,6.942495346069336,106600
2025-06-12,7.489999771118164,7.519999980926514,7.489999771118164,7.510000228881836,6.961032867431641,280100
2025-06-13,7.5,7.519999980926514,7.489999771118164,7.5,6.95176362991333,41500
2025-06-16,7.5,7.519999980926514,7.489999771118164,7.5,6.95176362991333,43500
2025-06-17,7.510000228881836,7.510000228881836,7.480000019073486,7.489999771118164,6.942495346069336,59500
2025-06-18,7.510000228881836,7.519999980926514,7.46999979019165,7.489999771118164,6.942495346069336,89000
2025-06-20,7.510000228881836,7.510000228881836,7.460000038146973,7.460000038146973,6.914687156677246,45400
2025-06-23,7.449999809265137,7.53000020980835,7.440000057220459,7.480000019073486,6.972480773925781,94600
2025-06-24,7.5,7.5,7.460000038146973,7.46999979019165,6.963159084320068,52200
2025-06-25,7.460000038146973,7.519999980926514,7.449999809265137,7.449999809265137,6.944516181945801,35700
2025-06-26,7.480000019073486,7.480000019073486,7.400000095367432,7.46999979019165,6.963159084320068,48600
2025-06-27,7.480000019073486,7.489999771118164,7.460000038146973,7.489999771118164,6.981802463531494,47200
2025-06-30,7.519999980926514,7.519999980926514,7.460000038146973,7.519999980926514,7.009767055511475,80000
2025-07-01,7.550000190734863,7.579999923706055,7.519999980926514,7.579999923706055,7.065695762634277,66800
2025-07-02,7.579999923706055,7.630000114440918,7.559999942779541,7.619999885559082,7.1029815673828125,75700
2025-07-03,7.639999866485596,7.659999847412109,7.599999904632568,7.659999847412109,7.1402668952941895,57400
2025-07-07,7.659999847412109,7.659999847412109,7.610000133514404,7.639999866485596,7.12162446975708,89000
2025-07-08,7.639999866485596,7.639999866485596,7.610000133514404,7.630000114440918,7.112303256988525,30700
2025-07-09,7.650000095367432,7.670000076293945,7.630000114440918,7.659999847412109,7.1402668952941895,32800
2025-07-10,7.659999847412109,7.670000076293945,7.639999866485596,7.659999847412109,7.1402668952941895,47200
2025-07-11,7.659999847412109,7.670000076293945,7.619999885559082,7.670000076293945,7.149589538574219,22600
2025-07-14,7.670000076293945,7.670000076293945,7.619999885559082,7.659999847412109,7.1402668952941895,13900
2025-07-15,7.670000076293945,7.690000057220459,7.650000095367432,7.690000057220459,7.1682329177856445,32400
2025-07-16,7.690000057220459,7.710000038146973,7.650000095367432,7.659999847412109,7.1402668952941895,30200
2025-07-17,7.670000076293945,7.690000057220459,7.630000114440918,7.630000114440918,7.112303256988525,33000
2025-07-18,7.650000095367432,7.679999828338623,7.630000114440918,7.670000076293945,7.149589538574219,26100
2025-07-21,7.690000057220459,7.710000038146973,7.659999847412109,7.690000057220459,7.1682329177856445,19900
2025-07-22,7.690000057220459,7.710000038146973,7.670000076293945,7.670000076293945,7.149589538574219,29600
2025-07-23,7.690000057220459,7.690000057220459,7.659999847412109,7.690000057220459,7.1682329177856445,16000
2025-07-24,7.619999885559082,7.650000095367432,7.610000133514404,7.639999866485596,7.1607346534729,18500
2025-07-25,7.630000114440918,7.650000095367432,7.619999885559082,7.619999885559082,7.141988277435303,6100
2025-07-28,7.590000152587891,7.639999866485596,7.590000152587891,7.599999904632568,7.12324333190918,18900
2025-07-29,7.590000152587891,7.630000114440918,7.579999923706055,7.590000152587891,7.113870620727539,67800
2025-07-30,7.590000152587891,7.610000133514404,7.550000190734863,7.579999923706055,7.104498863220215,33800
2025-07-31,7.570000171661377,7.619999885559082,7.559999942779541,7.559999942779541,7.085752964019775,85000
2025-08-01,7.599999904632568,7.639999866485596,7.570000171661377,7.630000114440918,7.151360511779785,39700
2025-08-04,7.610000133514404,7.659999847412109,7.599999904632568,7.610000133514404,7.13261604309082,53700
2025-08-05,7.630000114440918,7.670000076293945,7.610000133514404,7.630000114440918,7.151360511779785,64400
2025-08-06,7.650000095367432,7.670000076293945,7.619999885559082,7.650000095367432,7.170107364654541,49200
2025-08-07,7.650000095367432,7.670000076293945,7.610000133514404,7.619999885559082,7.141988277435303,49300
2025-08-08,7.610000133514404,7.659999847412109,7.590000152587891,7.630000114440918,7.151360511779785,81800
2025-08-11,7.650000095367432,7.659999847412109,7.619999885559082,7.650000095367432,7.170107364654541,33800
2025-08-12,7.650000095367432,7.659999847412109,7.619999885559082,7.659999847412109,7.179479122161865,40300
2025-08-13,7.659999847412109,7.699999809265137,7.659999847412109,7.690000057220459,7.207597732543945,68000
2025-08-14,7.679999828338623,7.679999828338623,7.670000076293945,7.679999828338623,7.198225021362305,22700
2025-08-15,7.690000057220459,7.690000057220459,7.659999847412109,7.670000076293945,7.188852310180664,37000
2025-08-18,7.650000095367432,7.690000057220459,7.510000228881836,7.639999866485596,7.1607346534729,19400
2025-08-19,7.670000076293945,7.670000076293945,7.619999885559082,7.670000076293945,7.188852310180664,54700
2025-08-20,7.650000095367432,7.650000095367432,7.619999885559082,7.630000114440918,7.151360511779785,34300
2025-08-21,7.650000095367432,7.650000095367432,7.590000152587891,7.610000133514404,7.13261604309082,61300
2025-08-22,7.550000190734863,7.650000095367432,7.550000190734863,7.599999904632568,7.162775039672852,44400
2025-08-25,7.619999885559082,7.659999847412109,7.619999885559082,7.639999866485596,7.200474262237549,40200
2025-08-26,7.610000133514404,7.659999847412109,7.610000133514404,7.619999885559082,7.181623935699463,20100
2025-08-27,7.630000114440918,7.679999828338623,7.630000114440918,7.650000095367432,7.209898948669434,49300
2025-08-28,7.639999866485596,7.679999828338623,7.630000114440918,7.630000114440918,7.191048622131348,20600
2025-08-29,7.650000095367432,7.670000076293945,7.599999904632568,7.639999866485596,7.200474262237549,47600
2025-09-02,7.650000095367432,7.659999847412109,7.619999885559082,7.630000114440918,7.191048622131348,48900
2025-09-03,7.659999847412109,7.670000076293945,7.639999866485596,7.650000095367432,7.209898948669434,29600
2025-09-04,7.630000114440918,7.659999847412109,7.630000114440918,7.639999866485596,7.200474262237549,7600
2025-09-05,7.659999847412109,7.739999771118164,7.659999847412109,7.730000019073486,7.2852959632873535,43500
2025-09-08,7.730000019073486,7.789999961853027,7.730000019073486,7.78000020980835,7.332419872283935,52200
2025-09-09,7.789999961853027,7.789999961853027,7.75,7.78000020980835,7.332419872283935,23800
2025-09-10,7.78000020980835,7.860000133514404,7.78000020980835,7.820000171661377,7.370119094848633,150600
2025-09-11,7.849999904632568,7.909999847412109,7.829999923706055,7.889999866485596,7.436091423034668,31200
2025-09-12,7.889999866485596,7.920000076293945,7.869999885559082,7.909999847412109,7.454940795898437,43600
2025-09-15,7.909999847412109,7.940000057220459,7.909999847412109,7.929999828338623,7.473790168762207,40600
2025-09-16,7.940000057220459,7.940000057220459,7.909999847412109,7.920000076293945,7.46436595916748,59100
2025-09-17,7.920000076293945,7.949999809265137,7.909999847412109,7.920000076293945,7.46436595916748,38600
2025-09-18,7.920000076293945,7.920000076293945,7.840000152587891,7.869999885559082,7.417242527008057,74800
2025-09-19,7.860000133514404,7.900000095367432,7.849999904632568,7.880000114440918,7.426667213439941,48200
2025-09-22,7.900000095367432,7.929999828338623,7.869999885559082,7.929999828338623,7.473790168762207,39900
2025-09-23,7.860000133514404,7.929999828338623,7.829999923706055,7.909999847412109,7.494635105133057,54000
2025-09-24,7.920000076293945,7.920000076293945,7.849999904632568,7.860000133514404,7.447259902954102,43400
2025-09-25,7.880000114440918,7.889999866485596,7.789999961853027,7.889999866485596,7.475685596466064,36600
2025-09-26,7.880000114440918,7.889999866485596,7.849999904632568,7.869999885559082,7.456735610961914,19000
2025-09-29,7.860000133514404,7.900000095367432,7.860000133514404,7.860000133514404,7.447259902954102,29200
2025-09-30,7.880000114440918,7.920000076293945,7.880000114440918,7.909999847412109,7.494635105133057,31900
2025-10-01,7.929999828338623,7.989999771118164,7.929999828338623,7.960000038146973,7.542009353637695,36600
2025-10-02,7.980000019073486,7.980000019073486,7.900000095367432,7.920000076293945,7.504109859466553,19300
2025-10-03,7.900000095367432,7.96999979019165,7.900000095367432,7.909999847412109,7.494635105133057,63900
2025-10-06,7.860000133514404,7.929999828338623,7.860000133514404,7.860000133514404,7.447259902954102,29500
2025-10-07,7.869999885559082,7.989999771118164,7.869999885559082,7.96999979019165,7.551484107971191,86000
2025-10-08,7.989999771118164,7.989999771118164,7.949999809265137,7.960000038146973,7.542009353637695,32900
2025-10-09,7.96999979019165,7.980000019073486,7.960000038146973,7.960000038146973,7.542009353637695,27200
2025-10-10,7.980000019073486,8.010000228881836,7.949999809265137,7.949999809265137,7.532534122467041,68800
2025-10-13,7.949999809265137,7.96999979019165,7.920000076293945,7.920000076293945,7.504109859466553,17900
2025-10-14,7.900000095367432,7.980000019073486,7.900000095367432,7.900000095367432,7.485161304473877,80100
2025-10-15,7.929999828338623,7.989999771118164,7.869999885559082,7.880000114440918,7.46621036529541,91000
2025-10-16,7.900000095367432,7.920000076293945,7.829999923706055,7.840000152587891,7.428310871124268,68900
2025-10-17,7.869999885559082,7.889999866485596,7.789999961853027,7.849999904632568,7.437786102294922,79800
2025-10-20,7.869999885559082,7.889999866485596,7.829999923706055,7.849999904632568,7.437786102294922,58100
2025-10-21,7.860000133514404,7.880000114440918,7.829999923706055,7.869999885559082,7.456735610961914,64700
2025-10-22,7.909999847412109,7.949999809265137,7.849999904632568,7.889999866485596,7.475685596466064,31100
2025-10-23,7.880000114440918,7.909999847412109,7.840000152587891,7.860000133514404,7.447259902954102,41400
2025-10-24,7.820000171661377,7.880000114440918,7.820000171661377,7.849999904632568,7.477743148803711,29000
2025-10-27,7.889999866485596,7.889999866485596,7.840000152587891,7.860000133514404,7.487268447875977,21600
2025-10-28,7.869999885559082,7.869999885559082,7.820000171661377,7.829999923706055,7.458691596984863,34700
2025-10-29,7.849999904632568,7.860000133514404,7.800000190734863,7.820000171661377,7.449165821075439,58100
2025-10-30,7.829999923706055,7.829999923706055,7.789999961853027,7.809999942779541,7.439640522003174,54100
2025-10-31,7.849999904632568,7.880000114440918,7.829999923706055,7.869999885559082,7.4967942237854,53200
2025-11-03,7.900000095367432,7.900000095367432,7.809999942779541,7.860000133514404,7.487268447875977,42100
2025-11-04,7.860000133514404,7.869999885559082,7.800000190734863,7.860000133514404,7.487268447875977,13700
2025-11-05,7.869999885559082,7.869999885559082,7.840000152587891,7.849999904632568,7.477743148803711,36600
2025-11-06,7.880000114440918,7.900000095367432,7.829999923706055,7.860000133514404,7.487268447875977,12700
2025-11-07,7.829999923706055,7.849999904632568,7.809999942779541,7.829999923706055,7.458691596984863,10900
2025-11-10,7.849999904632568,7.880000114440918,7.820000171661377,7.820000171661377,7.449165821075439,66200
2025-11-11,7.849999904632568,7.880000114440918,7.849999904632568,7.869999885559082,7.4967942237854,22000
2025-11-12,7.849999904632568,7.909999847412109,7.849999904632568,7.860000133514404,7.487268447875977,20300
2025-11-13,7.880000114440918,7.889999866485596,7.829999923706055,7.860000133514404,7.487268447875977,46300
2025-11-14,7.849999904632568,7.869999885559082,7.829999923706055,7.849999904632568,7.477743148803711,9400
2025-11-17,7.869999885559082,7.869999885559082,7.809999942779541,7.820000171661377,7.449165821075439,27600
2025-11-18,7.809999942779541,7.869999885559082,7.809999942779541,7.809999942779541,7.439640522003174,43100
2025-11-19,7.789999961853027,7.849999904632568,7.789999961853027,7.789999961853027,7.420589447021484,30800
2025-11-20,7.769999980926514,7.769999980926514,7.710000038146973,7.71999979019165,7.393770694732666,50400
2025-11-21,7.71999979019165,7.75,7.670000076293945,7.699999809265137,7.374616622924805,55100
2025-11-24,7.690000057220459,7.71999979019165,7.690000057220459,7.71999979019165,7.393770694732666,52700
2025-11-25,7.71999979019165,7.75,7.710000038146973,7.710000038146973,7.384194850921631,64300
2025-11-26,7.690000057220459,7.739999771118164,7.690000057220459,7.71999979019165,7.393770694732666,25000
2025-11-28,7.71999979019165,7.760000228881836,7.71999979019165,7.75,7.422504425048828,25200
2025-12-01,7.710000038146973,7.809999942779541,7.699999809265137,7.730000019073486,7.40334939956665,54600
2025-12-02,7.699999809265137,7.78000020980835,7.699999809265137,7.769999980926514,7.441658973693848,64500
2025-12-03,7.75,7.809999942779541,7.730000019073486,7.789999961853027,7.460813999176025,39600
2025-12-04,7.760000228881836,7.820000171661377,7.760000228881836,7.800000190734863,7.470391273498535,28000
2025-12-05,7.820000171661377,7.840000152587891,7.809999942779541,7.829999923706055,7.499123096466064,13500
2025-12-08,7.800000190734863,7.809999942779541,7.78000020980835,7.789999961853027,7.460813999176025,22300
2025-12-09,7.800000190734863,7.820000171661377,7.769999980926514,7.78000020980835,7.451236248016357,34700
2025-12-10,7.760000228881836,7.820000171661377,7.760000228881836,7.800000190734863,7.470391273498535,23400
2025-12-11,7.800000190734863,7.840000152587891,7.800000190734863,7.809999942779541,7.479968547821045,26500
2025-12-12,7.809999942779541,7.820000171661377,7.760000228881836,7.760000228881836,7.43208122253418,64400
2025-12-15,7.75,7.789999961853027,7.75,7.760000228881836,7.43208122253418,15900
2025-12-16,7.739999771118164,7.78000020980835,7.739999771118164,7.760000228881836,7.43208122253418,13700
2025-12-17,7.760000228881836,7.840000152587891,7.760000228881836,7.78000020980835,7.451236248016357,23900
2025-12-18,7.869999885559082,7.869999885559082,7.769999980926514,7.789999961853027,7.460813999176025,57100
2025-12-19,7.760000228881836,7.809999942779541,7.760000228881836,7.769999980926514,7.441658973693848,22000
2025-12-22,7.769999980926514,7.809999942779541,7.760000228881836,7.769999980926514,7.441658973693848,47300
2025-12-23,7.75,7.769999980926514,7.710000038146973,7.710000038146973,7.424326419830322,79600
2025-12-24,7.690000057220459,7.71999979019165,7.690000057220459,7.710000038146973,7.424326419830322,27000
2025-12-26,7.690000057220459,7.710000038146973,7.690000057220459,7.710000038146973,7.424326419830322,23000
2025-12-29,7.690000057220459,7.710000038146973,7.670000076293945,7.670000076293945,7.385807991027832,92900
2025-12-30,7.639999866485596,7.699999809265137,7.619999885559082,7.679999828338623,7.395436763763428,147300
2025-12-31,7.679999828338623,7.710000038146973,7.670000076293945,7.679999828338623,7.395436763763428,111600
2026-01-02,7.679999828338623,7.710000038146973,7.659999847412109,7.710000038146973,7.424326419830322,44500
2026-01-05,7.679999828338623,7.71999979019165,7.679999828338623,7.699999809265137,7.41469669342041,54100
2026-01-06,7.679999828338623,7.739999771118164,7.679999828338623,7.739999771118164,7.453214168548584,47300
2026-01-07,7.71999979019165,7.769999980926514,7.71999979019165,7.75,7.462843894958496,42100
2026-01-08,7.71999979019165,7.769999980926514,7.71999979019165,7.75,7.462843894958496,20900
2026-01-09,7.75,7.800000190734863,7.739999771118164,7.800000190734863,7.510991096496582,21600
2026-01-12,7.789999961853027,7.820000171661377,7.789999961853027,7.820000171661377,7.530250549316406,5100
2026-01-13,7.789999961853027,7.840000152587891,7.789999961853027,7.840000152587891,7.549509525299072,34400
2026-01-14,7.809999942779541,7.849999904632568,7.809999942779541,7.840000152587891,7.549509525299072,7200
2026-01-15,7.829999923706055,7.869999885559082,7.789999961853027,7.809999942779541,7.520620822906494,161800
2026-01-16,7.789999961853027,7.869999885559082,7.789999961853027,7.789999961853027,7.501361846923828,53400
2026-01-20,7.789999961853027,7.809999942779541,7.78000020980835,7.800000190734863,7.510991096496582,70600
2026-01-21,7.769999980926514,7.800000190734863,7.769999980926514,7.800000190734863,7.510991096496582,29800
2026-01-22,7.829999923706055,7.849999904632568,7.78000020980835,7.849999904632568,7.559138774871826,57300
2026-01-23,7.789999961853027,7.789999961853027,7.739999771118164,7.739999771118164,7.493305683135986,18700
2026-01-26,7.78000020980835,7.78000020980835,7.739999771118164,7.75,7.502986907958984,12700
2026-01-27,7.71999979019165,7.800000190734863,7.710000038146973,7.800000190734863,7.551393508911133,37500
2026-01-28,7.800000190734863,7.809999942779541,7.78000020980835,7.809999942779541,7.561074256896973,11700
2026-01-29,7.820000171661377,7.869999885559082,7.809999942779541,7.869999885559082,7.619162082672119,52800
2026-01-30,7.880000114440918,7.880000114440918,7.829999923706055,7.860000133514404,7.609481334686279,34100
2026-02-02,7.880000114440918,7.880000114440918,7.840000152587891,7.869999885559082,7.619162082672119,8200
2026-02-03,7.860000133514404,7.889999866485596,7.860000133514404,7.869999885559082,7.619162082672119,6200
2026-02-04,7.869999885559082,7.900000095367432,7.869999885559082,7.889999866485596,7.638525009155273,9000
2026-02-05,7.880000114440918,7.940000057220459,7.880000114440918,7.929999828338623,7.677249908447266,44500
2026-02-06,7.900000095367432,7.929999828338623,7.889999866485596,7.920000076293945,7.667568683624268,7500
2026-02-09,7.920000076293945,7.949999809265137,7.920000076293945,7.940000057220459,7.686931610107422,12200
2026-02-10,7.940000057220459,7.989999771118164,7.940000057220459,7.96999979019165,7.7159743309021,21000
2026-02-11,7.989999771118164,7.989999771118164,7.960000038146973,7.980000019073486,7.725656509399414,32700
2026-02-12,8.0,8.0,7.980000019073486,7.980000019073486,7.725656509399414,23500
2026-02-13,7.980000019073486,8.010000228881836,7.960000038146973,7.96999979019165,7.7159743309021,63000
2026-02-17,8.0,8.0,7.920000076293945,7.980000019073486,7.725656509399414,52700
2026-02-18,7.96999979019165,7.989999771118164,7.940000057220459,7.949999809265137,7.696612358093262,34100
2026-02-19,7.929999828338623,7.989999771118164,7.929999828338623,7.949999809265137,7.696612358093262,43800
2026-02-20,7.889999866485596,7.96999979019165,7.889999866485596,7.909999847412109,7.698558330535889,38900
2026-02-23,7.949999809265137,7.949999809265137,7.900000095367432,7.900000095367432,7.688826084136963,39300
2026-02-24,7.909999847412109,8.0,7.909999847412109,7.940000057220459,7.727756977081299,44800
2026-02-25,7.960000038146973,8.010000228881836,7.949999809265137,7.960000038146973,7.747222900390625,67500
2026-02-26,7.96999979019165,8.010000228881836,7.940000057220459,7.940000057220459,7.727756977081299,17800
2026-02-27,7.989999771118164,8.010000228881836,7.960000038146973,7.960000038146973,7.747222900390625,50500
2026-03-02,7.980000019073486,7.989999771118164,7.960000038146973,7.96999979019165,7.756954669952393,12300
2026-03-03,7.96999979019165,7.980000019073486,7.940000057220459,7.949999809265137,7.737489223480225,18700
2026-03-04,7.980000019073486,7.980000019073486,7.949999809265137,7.960000038146973,7.747222900390625,16700
2026-03-05,7.960000038146973,7.960000038146973,7.909999847412109,7.909999847412109,7.698558330535889,27000
2026-03-06,7.900000095367432,7.900000095367432,7.880000114440918,7.889999866485596,7.679092884063721,24500
2026-03-09,7.889999866485596,7.889999866485596,7.869999885559082,7.889999866485596,7.679092884063721,16400
2026-03-10,7.949999809265137,7.960000038146973,7.880000114440918,7.889999866485596,7.679092884063721,39200
2026-03-11,7.860000133514404,7.929999828338623,7.860000133514404,7.869999885559082,7.659627437591553,15000
2026-03-12,7.869999885559082,7.920000076293945,7.860000133514404,7.869999885559082,7.659627437591553,31400
2026-03-13,7.889999866485596,7.920000076293945,7.860000133514404,7.869999885559082,7.659627437591553,20900
2026-03-16,7.869999885559082,7.880000114440918,7.829999923706055,7.829999923706055,7.620697498321533,19900
2026-03-17,7.840000152587891,7.920000076293945,7.820000171661377,7.840000152587891,7.630430221557617,17300
2026-03-18,7.829999923706055,7.880000114440918,7.829999923706055,7.840000152587891,7.630430221557617,9100
2026-03-19,7.820000171661377,7.869999885559082,7.820000171661377,7.829999923706055,7.620697498321533,26900
2026-03-20,7.829999923706055,7.849999904632568,7.71999979019165,7.739999771118164,7.533102989196777,63200
2026-03-23,7.769999980926514,7.769999980926514,7.710000038146973,7.71999979019165,7.513637065887451,52600
2026-03-24,7.670000076293945,7.670000076293945,7.610000133514404,7.610000133514404,7.447093486785889,89200
2026-03-25,7.630000114440918,7.710000038146973,7.630000114440918,7.679999828338623,7.515594482421875,63400
2026-03-26,7.679999828338623,7.679999828338623,7.599999904632568,7.599999904632568,7.437307357788086,44000
2026-03-27,7.570000171661377,7.579999923706055,7.539999961853027,7.550000190734863,7.388378143310547,44500
2026-03-30,7.599999904632568,7.639999866485596,7.539999961853027,7.559999942779541,7.398163795471191,45800
2026-03-31,7.599999904632568,7.690000057220459,7.559999942779541,7.679999828338623,7.515594482421875,78000
2026-04-01,7.659999847412109,7.789999961853027,7.659999847412109,7.659999847412109,7.496022701263428,67400
2026-04-02,7.639999866485596,7.670000076293945,7.599999904632568,7.639999866485596,7.47645092010498,35900
2026-04-06,7.639999866485596,7.710000038146973,7.590000152587891,7.599999904632568,7.437307357788086,77600
2026-04-07,7.599999904632568,7.730000019073486,7.519999980926514,7.679999828338623,7.515594482421875,87900
2026-04-08,7.739999771118164,7.789999961853027,7.699999809265137,7.769999980926514,7.603668212890625,31900
2026-04-09,7.809999942779541,7.900000095367432,7.78000020980835,7.849999904632568,7.681955337524414,75600
2026-04-10,7.809999942779541,7.860000133514404,7.809999942779541,7.820000171661377,7.652597904205322,22900
2026-04-13,7.820000171661377,7.820000171661377,7.800000190734863,7.800000190734863,7.633026123046875,12600
2026-04-14,7.820000171661377,7.909999847412109,7.820000171661377,7.869999885559082,7.7015275955200195,28600
2026-04-15,7.840000152587891,7.860000133514404,7.829999923706055,7.829999923706055,7.662383556365967,13400
2026-04-16,7.849999904632568,7.860000133514404,7.820000171661377,7.840000152587891,7.6721696853637695,17400
2026-04-17,7.840000152587891,7.909999847412109,7.829999923706055,7.840000152587891,7.6721696853637695,33300
2026-04-20,7.849999904632568,7.880000114440918,7.829999923706055,7.840000152587891,7.6721696853637695,34900
2026-04-21,7.869999885559082,7.869999885559082,7.800000190734863,7.800000190734863,7.633026123046875,37200
2026-04-22,7.840000152587891,7.840000152587891,7.760000228881836,7.78000020980835,7.613454341888428,59300
2026-04-23,7.78000020980835,7.78000020980835,7.670000076293945,7.730000019073486,7.605583190917969,65200
2026-04-24,7.71999979019165,7.71999979019165,7.659999847412109,7.690000057220459,7.566226482391357,53800
2026-04-27,7.710000038146973,7.75,7.690000057220459,7.710000038146973,7.585904598236084,81600
2026-04-28,7.679999828338623,7.710000038146973,7.650000095367432,7.670000076293945,7.546548843383789,34400
2026-04-29,7.679999828338623,7.690000057220459,7.639999866485596,7.639999866485596,7.517031192779541,26400
2026-04-30,7.679999828338623,7.690000057220459,7.659999847412109,7.690000057220459,7.566226482391357,35900
2026-05-01,7.71999979019165,7.71999979019165,7.650000095367432,7.659999847412109,7.536709785461426,48000
2026-05-04,7.630000114440918,7.659999847412109,7.590000152587891,7.590000152587891,7.467836380004883,84100
2026-05-05,7.619999885559082,7.699999809265137,7.619999885559082,7.679999828338623,7.556387424468994,94800
2026-05-06,7.679999828338623,7.760000228881836,7.679999828338623,7.75,7.625261306762695,54300
2026-05-07,7.78000020980835,7.820000171661377,7.760000228881836,7.78000020980835,7.654778480529785,54000
2026-05-08,7.769999980926514,7.840000152587891,7.769999980926514,7.78000020980835,7.654778480529785,19100
2026-05-11,7.75,7.880000114440918,7.75,7.800000190734863,7.674456596374512,93300
2026-05-12,7.760000228881836,7.840000152587891,7.760000228881836,7.800000190734863,7.674456596374512,74300
2026-05-13,7.760000228881836,7.840000152587891,7.760000228881836,7.800000190734863,7.674456596374512,40200
2026-05-14,7.789999961853027,7.849999904632568,7.769999980926514,7.820000171661377,7.69413423538208,49900
2026-05-15,7.760000228881836,7.78000020980835,7.739999771118164,7.739999771118164,7.615422248840332,9800
2026-05-18,7.730000019073486,7.78000020980835,7.699999809265137,7.710000038146973,7.585904598236084,15100
2026-05-19,7.690000057220459,7.760000228881836,7.619999885559082,7.710000038146973,7.585904598236084,36300
2026-05-20,7.75,7.78000020980835,7.679999828338623,7.760000228881836,7.635100364685059,66100
2026-05-21,7.71999979019165,7.760000228881836,7.699999809265137,7.75,7.666756629943848,16200
2026-05-22,7.75,7.769999980926514,7.75,7.75,7.666756629943848,9900
2026-05-26,7.789999961853027,7.789999961853027,7.760000228881836,7.769999980926514,7.68654203414917,20400
2026-05-27,7.789999961853027,7.789999961853027,7.769999980926514,7.769999980926514,7.68654203414917,44900
2026-05-28,7.789999961853027,7.800000190734863,7.769999980926514,7.800000190734863,7.716219902038574,27500
2026-05-29,7.820000171661377,7.829999923706055,7.800000190734863,7.820000171661377,7.736004829406738,33800
2026-06-01,7.800000190734863,7.829999923706055,7.789999961853027,7.820000171661377,7.736004829406738,26100
2026-06-02,7.789999961853027,7.829999923706055,7.789999961853027,7.789999961853027,7.706326961517334,29300
2026-06-03,7.800000190734863,7.800000190734863,7.760000228881836,7.769999980926514,7.68654203414917,32500
2026-06-04,7.760000228881836,7.800000190734863,7.760000228881836,7.769999980926514,7.68654203414917,26800
2026-06-05,7.739999771118164,7.820000171661377,7.710000038146973,7.730000019073486,7.646971702575684,37900
2026-06-08,7.690000057220459,7.78000020980835,7.690000057220459,7.690000057220459,7.607400894165039,27600
2026-06-09,7.739999771118164,7.760000228881836,7.71999979019165,7.760000228881836,7.676649570465088,34700
2026-06-10,7.739999771118164,7.809999942779541,7.710000038146973,7.760000228881836,7.676649570465088,32300
2026-06-11,7.75,7.809999942779541,7.75,7.769999980926514,7.68654203414917,19400
2026-06-12,7.78000020980835,7.820000171661377,7.78000020980835,7.809999942779541,7.726111888885498,15100
2026-06-15,7.800000190734863,7.820000171661377,7.75,7.800000190734863,7.716219902038574,37900
2026-06-16,7.769999980926514,7.849999904632568,7.769999980926514,7.809999942779541,7.726111888885498,46600
2026-06-17,7.789999961853027,7.869999885559082,7.789999961853027,7.820000171661377,7.736004829406738,52900
2026-06-18,7.829999923706055,7.869999885559082,7.829999923706055,7.829999923706055,7.74589729309082,44000
2026-06-22,7.800000190734863,7.909999847412109,7.800000190734863,7.869999885559082,7.785467624664307,109800
2026-06-23,7.78000020980835,7.869999885559082,7.78000020980835,7.820000171661377,7.777511119842529,59900
2026-06-24,7.849999904632568,7.929999828338623,7.820000171661377,7.849999904632568,7.807347774505615,66000
2026-06-25,7.849999904632568,7.909999847412109,7.849999904632568,7.860000133514404,7.817293643951416,34700
2026-06-26,7.829999923706055,7.860000133514404,7.820000171661377,7.849999904632568,7.807347774505615,49900
2026-06-29,7.869999885559082,7.869999885559082,7.849999904632568,7.849999904632568,7.807347774505615,57300
2026-06-30,7.849999904632568,7.880000114440918,7.820000171661377,7.869999885559082,7.827239036560059,47700
2026-07-01,7.880000114440918,7.880000114440918,7.78000020980835,7.860000133514404,7.817293643951416,87300
2026-07-02,7.829999923706055,7.869999885559082,7.809999942779541,7.840000152587891,7.797402381896973,47500
2026-07-06,7.820000171661377,7.849999904632568,7.820000171661377,7.840000152587891,7.797402381896973,75700
2026-07-07,7.840000152587891,7.869999885559082,7.75,7.789999961853027,7.747673988342285,79700
2026-07-08,7.75,7.849999904632568,7.739999771118164,7.78000020980835,7.737728595733643,107100
2026-07-09,7.840000152587891,7.849999904632568,7.760000228881836,7.809999942779541,7.767565250396728,97100
2026-07-10,7.840000152587891,7.869999885559082,7.800000190734863,7.809999942779541,7.767565250396728,35000
2026-07-13,7.78000020980835,7.849999904632568,7.78000020980835,7.829999923706055,7.787456512451172,58000
2026-07-14,7.820000171661377,7.889999866485596,7.800000190734863,7.860000133514404,7.817293643951416,49600
2026-07-15,7.840000152587891,7.880000114440918,7.840000152587891,7.849999904632568,7.807347774505615,28300
2026-07-16,7.809999942779541,7.869999885559082,7.800000190734863,7.800000190734863,7.757619857788086,76400
2026-07-17,7.78000020980835,7.849999904632568,7.78000020980835,7.840000152587891,7.797402381896973,34700
2026-07-20,7.829999923706055,7.860000133514404,7.760000228881836,7.820000171661377,7.777511119842529,54800
2026-07-21,7.849999904632568,7.849999904632568,7.809999942779541,7.820000171661377,7.777511119842529,44000
2026-07-22,7.789999961853027,7.829999923706055,7.769999980926514,7.789999961853027,7.747673988342285,80900
2026-07-23,7.760000228881836,7.789999961853027,7.71999979019165,7.730000019073486,7.688000202178955,53000
2026-07-24,7.690000057220459,7.75,7.639999866485596,7.710000038146973,7.710000038146973,97800
2026-07-27,7.75,7.75,7.650000095367432,7.699999809265137,7.699999809265137,34400
2026-07-28,7.679999828338623,7.690000057220459,7.630000114440918,7.650000095367432,7.650000095367432,62600
2026-07-29,7.639999866485596,7.659999847412109,7.590000152587891,7.619999885559082,7.619999885559082,70000
2026-07-30,7.650000095367432,7.679999828338623,7.590000152587891,7.590000152587891,7.590000152587891,58100
2026-07-31,7.590000152587891,7.650000095367432,7.519999980926514,7.599999904632568,7.599999904632568,167900
2026-08-03,7.579999923706055,7.630000114440918,7.559999942779541,7.579999923706055,7.579999923706055,56700
2026-08-04,7.590000152587891,7.659999847412109,7.579999923706055,7.619999885559082,7.619999885559082,59500
2026-08-05,7.630000114440918,7.650000095367432,7.579999923706055,7.599999904632568,7.599999904632568,44100
2026-08-06,7.639999866485596,7.650000095367432,7.599999904632568,7.619999885559082,7.619999885559082,39900
2026-08-07,7.619999885559082,7.679999828338623,7.619999885559082,7.670000076293945,7.670000076293945,46000
2026-08-10,7.690000057220459,7.690000057220459,7.619999885559082,7.650000095367432,7.650000095367432,70600
2026-08-11,7.690000057220459,7.690000057220459,7.630000114440918,7.630000114440918,7.630000114440918,27400
2026-08-12,7.650000095367432,7.679999828338623,7.650000095367432,7.670000076293945,7.670000076293945,59100
2026-08-13,7.659999847412109,7.730000019073486,7.659999847412109,7.710000038146973,7.710000038146973,32100
2026-08-14,7.699999809265137,7.710000038146973,7.679999828338623,7.690000057220459,7.690000057220459,67800
