Date,Open,High,Low,Close,Adj Close,Volume
2021-08-16,4269.68994140625,4315.0498046875,4120.25,4155.0,4103.15966796875,900
2021-08-17,4161.0,4247.5,4107.18017578125,4133.58984375,4082.015869140625,1100
2021-08-18,4163.89013671875,4176.830078125,4031.1201171875,4054.550048828125,4003.963134765625,800
2021-08-19,4005.050048828125,4099.14013671875,4000.02001953125,4077.72998046875,4026.853271484375,300
2021-08-20,4085.0,4150.58984375,4000.010009765625,4002.02001953125,3952.08837890625,300
2021-08-23,4089.889892578125,4090.0,4023.02001953125,4030.909912109375,3980.61767578125,400
2021-08-24,4043.010009765625,4121.56005859375,4043.010009765625,4113.97998046875,4062.651611328125,400
2021-08-25,4072.85009765625,4150.0,4023.0,4078.0,4027.1201171875,600
2021-08-26,4115.0,4115.0,4031.0,4056.18994140625,4005.58203125,500
2021-08-27,4069.9599609375,4181.0,4044.0,4072.780029296875,4021.965087890625,600
2021-08-30,4116.330078125,4246.0,4055.02001953125,4190.27978515625,4137.99951171875,800
2021-08-31,4189.89013671875,4255.0,4142.509765625,4254.60009765625,4201.51708984375,1300
2021-09-01,4253.7001953125,4265.009765625,4196.0,4200.0,4147.59912109375,700
2021-09-02,4237.3701171875,4237.3701171875,4143.68017578125,4143.68017578125,4091.980224609375,1000
2021-09-03,4183.0,4192.0,4095.0,4163.52978515625,4111.58251953125,700
2021-09-07,4194.0,4194.0,4064.5,4126.43017578125,4074.946044921875,800
2021-09-08,4141.9501953125,4166.68017578125,4065.0,4128.56982421875,4077.0595703125,1100
2021-09-09,4127.990234375,4127.990234375,4052.56005859375,4052.56005859375,4001.99755859375,300
2021-09-10,4067.889892578125,4076.0,3977.830078125,3991.590087890625,3941.78857421875,900
2021-09-13,4055.81005859375,4069.0,3960.0,4039.389892578125,3988.991943359375,600
2021-09-14,4049.489990234375,4049.489990234375,3950.0,4013.429931640625,3963.35595703125,400
2021-09-15,4014.989990234375,4025.0,3931.719970703125,3981.7099609375,3932.03173828125,600
2021-09-16,3973.25,4000.0,3919.0,3975.06005859375,3925.464599609375,700
2021-09-17,3942.909912109375,4097.0,3886.860107421875,4078.989990234375,4028.09814453125,1700
2021-09-20,4006.1201171875,4067.949951171875,3911.1201171875,3998.969970703125,3949.07666015625,500
2021-09-21,3998.969970703125,4020.0,3925.0,4010.9599609375,3960.916748046875,500
2021-09-22,4022.550048828125,4098.0498046875,3969.0,4008.75,3958.734375,600
2021-09-23,4029.2900390625,4119.97998046875,3981.0,4030.2099609375,3979.926025390625,700
2021-09-24,4051.550048828125,4090.0,4003.030029296875,4070.2099609375,4019.427978515625,800
2021-09-27,4093.300048828125,4169.0,4026.9599609375,4085.219970703125,4034.250244140625,600
2021-09-28,4085.989990234375,4103.7001953125,3942.3798828125,3990.010009765625,3940.22802734375,800
2021-09-29,4000.0,4138.7900390625,3972.0,4129.990234375,4078.4619140625,400
2021-09-30,4137.60986328125,4143.8798828125,4042.5,4099.990234375,4048.836181640625,500
2021-10-01,4107.0,4109.0,4005.0,4083.68994140625,4032.73974609375,400
2021-10-04,4083.669921875,4085.0,3977.830078125,4081.610107421875,4030.685546875,700
2021-10-05,4073.97998046875,4103.759765625,4017.0,4097.990234375,4046.860595703125,400
2021-10-06,4101.5,4168.990234375,4044.469970703125,4155.0,4103.15966796875,1000
2021-10-07,4155.0,4244.75,4085.0,4216.2998046875,4163.69384765625,1100
2021-10-08,4207.97998046875,4249.990234375,4149.64990234375,4214.990234375,4162.40234375,300
2021-10-11,4190.14990234375,4249.97021484375,4114.509765625,4114.52001953125,4063.1845703125,600
2021-10-12,4149.490234375,4400.0,4114.0,4166.990234375,4115.0,1900
2021-10-13,4171.06005859375,4294.89013671875,4132.0,4279.41015625,4226.0166015625,600
2021-10-14,4300.0,4341.75,4176.0,4179.02001953125,4126.87939453125,600
2021-10-15,4114.0,4213.6201171875,4082.010009765625,4130.02978515625,4078.5009765625,800
2021-10-18,4101.4501953125,4199.97998046875,4082.0,4182.0,4129.82275390625,600
2021-10-19,4193.0,4225.56982421875,4163.830078125,4219.990234375,4167.33984375,400
2021-10-20,4218.18017578125,4267.14990234375,4159.5,4195.02001953125,4142.6806640625,500
2021-10-21,4221.5400390625,4221.5400390625,4103.14990234375,4119.009765625,4067.6181640625,400
2021-10-22,4145.419921875,4176.0,4085.010009765625,4126.02978515625,4074.55078125,500
2021-10-25,4123.43017578125,4150.0,4033.909912109375,4035.159912109375,3984.815185546875,500
2021-10-26,4035.179931640625,4085.699951171875,3938.590087890625,3968.949951171875,3919.430419921875,900
2021-10-27,3969.85009765625,4007.639892578125,3865.909912109375,3883.949951171875,3835.49169921875,1100
2021-10-28,3900.0400390625,3989.989990234375,3850.0,3937.389892578125,3888.26416015625,900
2021-10-29,3931.780029296875,3979.85009765625,3850.0,3850.02001953125,3801.985107421875,900
2021-11-01,3878.139892578125,4046.449951171875,3847.14990234375,4000.820068359375,3950.904052734375,2000
2021-11-02,3983.340087890625,4038.510009765625,3940.0,4000.0,3950.093505859375,800
2021-11-03,3995.0,4084.0,3966.0,4011.590087890625,3961.538818359375,500
2021-11-04,4044.3701171875,4092.5,3997.10009765625,4020.010009765625,3969.853271484375,500
2021-11-05,4058.64990234375,4070.0,4000.02001953125,4041.85009765625,3991.42138671875,200
2021-11-08,4063.10009765625,4088.929931640625,3976.0,4052.989990234375,4002.42236328125,500
2021-11-09,4060.800048828125,4070.0,3989.949951171875,4046.010009765625,3995.52880859375,300
2021-11-10,4043.0,4100.0,3974.760009765625,4000.010009765625,3952.30126953125,400
2021-11-11,4005.0,4048.800048828125,3954.60009765625,4006.1298828125,3958.348388671875,400
2021-11-12,4029.580078125,4083.639892578125,3982.27001953125,4013.02001953125,3965.156005859375,300
2021-11-15,4025.0,4078.9599609375,3999.0,4014.989990234375,3967.10302734375,500
2021-11-16,4015.5,4030.0,3943.110107421875,3970.0400390625,3922.68896484375,600
2021-11-17,3980.010009765625,4000.0,3934.5,3943.050048828125,3896.020263671875,400
2021-11-18,3946.64990234375,3989.969970703125,3875.0,3944.010009765625,3896.969482421875,600
2021-11-19,3959.590087890625,4019.0,3890.010009765625,3925.010009765625,3878.19580078125,1100
2021-11-22,3923.56005859375,3980.0,3890.0,3951.010009765625,3903.885498046875,700
2021-11-23,3997.0,4012.5,3913.010009765625,3989.969970703125,3942.380859375,600
2021-11-24,3985.06005859375,4000.0,3936.030029296875,3940.010009765625,3893.01708984375,400
2021-11-26,3952.0,3960.0,3890.0,3901.639892578125,3855.104248046875,700
2021-11-29,3943.3701171875,3975.81005859375,3837.340087890625,3946.199951171875,3899.133056640625,800
2021-11-30,3954.18994140625,3997.8701171875,3852.0,3890.02001953125,3843.623046875,2100
2021-12-01,3951.260009765625,3978.989990234375,3835.75,3854.8701171875,3808.89208984375,1000
2021-12-02,3866.81005859375,3900.0,3755.0,3794.989990234375,3749.72705078125,1500
2021-12-03,3812.0,3925.0,3775.659912109375,3819.989990234375,3774.428466796875,900
2021-12-06,3832.090087890625,3883.5,3755.0,3812.7900390625,3767.314453125,800
2021-12-07,3857.68994140625,4020.0,3812.800048828125,3879.110107421875,3832.843017578125,300
2021-12-08,3902.860107421875,3949.64990234375,3826.0,3884.43994140625,3838.109130859375,800
2021-12-09,3913.510009765625,3916.989990234375,3860.0,3899.989990234375,3853.474365234375,500
2021-12-10,3904.050048828125,3942.719970703125,3830.0,3845.989990234375,3800.1181640625,800
2021-12-13,3853.449951171875,3869.989990234375,3756.0,3862.800048828125,3816.727783203125,1100
2021-12-14,3841.219970703125,3918.97998046875,3763.719970703125,3801.81005859375,3756.46435546875,1700
2021-12-15,3820.739990234375,3836.22998046875,3727.39990234375,3728.330078125,3683.86181640625,900
2021-12-16,3771.280029296875,3790.0,3647.0,3738.7900390625,3694.1962890625,1500
2021-12-17,3769.68994140625,3901.5,3696.590087890625,3901.489990234375,3854.956787109375,2500
2021-12-20,3920.489990234375,3920.489990234375,3760.02001953125,3825.010009765625,3779.388427734375,800
2021-12-21,3889.889892578125,3898.030029296875,3826.419921875,3839.030029296875,3793.24072265625,400
2021-12-22,3826.5400390625,3899.9599609375,3776.0,3840.889892578125,3795.0791015625,800
2021-12-23,3840.8798828125,3931.360107421875,3825.2099609375,3930.989990234375,3884.1044921875,700
2021-12-27,3918.8798828125,3960.0,3879.0,3911.27001953125,3864.619140625,600
2021-12-28,3934.570068359375,3999.0,3905.010009765625,3961.320068359375,3914.07275390625,800
2021-12-29,3953.0,4000.0,3907.02001953125,3915.010009765625,3868.315185546875,300
2021-12-30,3912.780029296875,3966.760009765625,3910.010009765625,3964.0400390625,3916.760498046875,700
2021-12-31,3979.7900390625,3989.0,3919.719970703125,3935.010009765625,3888.07666015625,300
2022-01-03,3909.969970703125,3940.0,3775.010009765625,3899.97998046875,3853.46435546875,1400
2022-01-04,3911.10009765625,3928.969970703125,3845.0,3853.179931640625,3807.222412109375,700
2022-01-05,3847.0,3913.949951171875,3845.0,3867.06005859375,3820.937744140625,600
2022-01-06,3894.0,3910.0,3845.820068359375,3900.22998046875,3853.711181640625,500
2022-01-07,3894.93994140625,3950.0,3860.0,3949.989990234375,3902.8779296875,700
2022-01-10,3949.47998046875,3972.110107421875,3850.0,3967.989990234375,3920.662841796875,600
2022-01-11,3971.0,4007.10009765625,3851.010009765625,3994.97998046875,3947.3310546875,800
2022-01-12,3997.02001953125,4010.0,3901.139892578125,4009.989990234375,3962.162353515625,600
2022-01-13,3999.0,4020.0,3946.0,4019.989990234375,3972.04296875,700
2022-01-14,3989.0,4006.949951171875,3840.02001953125,3926.010009765625,3879.184326171875,1500
2022-01-18,3920.0,3990.0,3872.7900390625,3890.659912109375,3844.25537109375,1400
2022-01-19,3900.389892578125,3970.989990234375,3863.050048828125,3900.72998046875,3854.205810546875,2100
2022-01-20,3910.0,3990.0,3762.9599609375,3774.320068359375,3729.303466796875,1200
2022-01-21,3760.010009765625,3835.0,3731.0,3731.02001953125,3686.52001953125,500
2022-01-24,3707.860107421875,3756.0,3600.090087890625,3640.72998046875,3597.306640625,1000
2022-01-25,3658.14990234375,3700.35009765625,3600.090087890625,3652.989990234375,3609.419921875,700
2022-01-26,3659.0,3688.75,3614.10009765625,3659.97998046875,3616.326904296875,500
2022-01-27,3664.719970703125,3717.489990234375,3625.0,3643.31005859375,3599.85595703125,1000
2022-01-28,3652.0,3788.9599609375,3618.60009765625,3759.989990234375,3715.14404296875,900
2022-01-31,3775.8798828125,3870.760009765625,3629.27001953125,3819.989990234375,3774.428466796875,3400
2022-02-01,3842.760009765625,3843.449951171875,3651.010009765625,3803.669921875,3758.302734375,400
2022-02-02,3783.0,3979.840087890625,3780.010009765625,3919.330078125,3872.583251953125,900
2022-02-03,3920.5,3982.4599609375,3836.199951171875,3892.409912109375,3845.984375,700
2022-02-04,3902.7099609375,3920.0,3822.0400390625,3831.550048828125,3785.850341796875,400
2022-02-07,3856.2099609375,3949.60009765625,3831.0,3919.989990234375,3873.23583984375,500
2022-02-08,3919.989990234375,3991.0,3833.5,3904.0400390625,3857.475830078125,500
2022-02-09,3945.889892578125,4080.0,3898.989990234375,3958.989990234375,3911.770751953125,1100
2022-02-10,3951.989990234375,4042.719970703125,3902.52001953125,3985.010009765625,3937.480224609375,1100
2022-02-11,3987.949951171875,4000.0,3875.0,3935.3701171875,3888.43212890625,600
2022-02-14,3898.0,3950.0,3788.0,3796.14990234375,3750.873046875,600
2022-02-15,3805.050048828125,3840.0,3667.10009765625,3709.989990234375,3665.739990234375,1100
2022-02-16,3715.139892578125,3798.989990234375,3605.0,3689.97998046875,3645.96923828125,1100
2022-02-17,3663.510009765625,3725.0,3627.360107421875,3684.010009765625,3640.070068359375,1000
2022-02-18,3715.02001953125,3740.56005859375,3577.7900390625,3607.02001953125,3563.997802734375,1900
2022-02-22,3636.31005859375,3692.7900390625,3607.0,3689.989990234375,3645.978759765625,700
2022-02-23,3662.510009765625,3724.0,3616.22998046875,3685.409912109375,3641.453125,800
2022-02-24,3644.989990234375,3795.0,3610.75,3737.8701171875,3695.54443359375,1100
2022-02-25,3749.0,3801.110107421875,3678.199951171875,3800.0400390625,3757.010009765625,1200
2022-02-28,3822.0,3861.989990234375,3701.0,3859.47998046875,3815.776611328125,2200
2022-03-01,3869.989990234375,3869.989990234375,3706.27001953125,3733.93994140625,3691.658935546875,2600
2022-03-02,3763.389892578125,3845.27001953125,3735.0,3844.010009765625,3800.482177734375,1000
2022-03-03,3840.0,3889.0,3750.0,3777.030029296875,3734.260986328125,700
2022-03-04,3760.0,3849.989990234375,3685.949951171875,3700.010009765625,3658.113525390625,700
2022-03-07,3718.72998046875,3830.0,3652.39990234375,3760.010009765625,3717.433837890625,900
2022-03-08,3794.969970703125,3876.989990234375,3737.5,3813.340087890625,3770.159423828125,1000
2022-03-09,3820.010009765625,3892.97998046875,3805.0,3888.909912109375,3844.873779296875,500
2022-03-10,3851.1201171875,3970.02001953125,3741.02001953125,3861.989990234375,3818.259033203125,600
2022-03-11,3834.909912109375,3894.679931640625,3831.64990234375,3864.43994140625,3820.6806640625,400
2022-03-14,3860.280029296875,3949.989990234375,3831.639892578125,3949.989990234375,3905.261962890625,1100
2022-03-15,3949.0,3986.6298828125,3897.260009765625,3936.77001953125,3892.191650390625,500
2022-03-16,3979.0,3979.0,3900.0,3927.050048828125,3882.581787109375,700
2022-03-17,3912.93994140625,3979.0,3903.0,3956.719970703125,3911.91552734375,900
2022-03-18,3947.60009765625,4034.389892578125,3856.360107421875,3973.010009765625,3928.021240234375,1600
2022-03-21,3997.090087890625,4000.0,3903.820068359375,3994.889892578125,3949.653564453125,900
2022-03-22,3998.0,4032.0,3914.760009765625,3982.080078125,3936.989013671875,1000
2022-03-23,3979.0,4027.969970703125,3924.56005859375,3973.449951171875,3928.456298828125,1000
2022-03-24,3998.35009765625,4089.97998046875,3923.340087890625,4087.47998046875,4041.19580078125,600
2022-03-25,4080.800048828125,4140.0,4072.0,4081.010009765625,4034.79833984375,700
2022-03-28,4112.2001953125,4180.0,3995.510009765625,4100.18017578125,4053.751708984375,1000
2022-03-29,4140.89990234375,4180.0,4030.0,4042.760009765625,3996.98193359375,1800
2022-03-30,4047.219970703125,4119.9501953125,4047.219970703125,4114.990234375,4068.393798828125,1000
2022-03-31,4184.8798828125,4248.9501953125,4107.5,4205.490234375,4157.869140625,1800
2022-04-01,4239.39013671875,4285.60009765625,4138.0,4266.64990234375,4218.3369140625,1000
2022-04-04,4279.89990234375,4300.009765625,4137.14990234375,4246.27978515625,4198.197265625,700
2022-04-05,4253.52978515625,4305.990234375,4203.009765625,4249.990234375,4201.865234375,600
2022-04-06,4240.0,4328.0,4202.97998046875,4300.009765625,4251.318359375,900
2022-04-07,4325.0,4357.14990234375,4250.31005859375,4255.83984375,4207.6484375,1400
2022-04-08,4255.0,4287.0,4203.10009765625,4219.77001953125,4171.98779296875,1100
2022-04-11,4232.31982421875,4271.0,4152.990234375,4184.97998046875,4137.59033203125,400
2022-04-12,4185.0,4394.25,4152.0,4152.0,4104.984375,600
2022-04-13,4188.39013671875,4208.0,4128.009765625,4155.0,4107.9501953125,400
2022-04-14,4150.0,4207.990234375,4130.0,4197.33984375,4149.81103515625,400
2022-04-18,4198.0,4227.72998046875,4139.0,4150.009765625,4103.0166015625,400
2022-04-19,4170.0,4212.490234375,4150.0,4208.5400390625,4160.88427734375,700
2022-04-20,4217.75,4264.85009765625,4150.0,4222.43994140625,4174.6279296875,1100
2022-04-21,4238.7900390625,4334.0,4200.0,4271.2001953125,4222.8349609375,700
2022-04-22,4270.7001953125,4334.0,4220.47998046875,4227.93994140625,4180.0654296875,600
2022-04-25,4240.0,4317.740234375,4174.240234375,4206.66015625,4159.025390625,800
2022-04-26,4196.0,4266.81982421875,4170.0,4246.97998046875,4198.888671875,600
2022-04-27,4220.0,4279.97998046875,4175.0,4175.02001953125,4127.74365234375,1000
2022-04-28,4155.5498046875,4224.14013671875,4125.0,4175.009765625,4127.7333984375,700
2022-04-29,4195.08984375,4237.5,4168.25,4224.990234375,4177.14794921875,1000
2022-05-02,4209.490234375,4262.5,4030.510009765625,4080.02001953125,4033.820068359375,2300
2022-05-03,4081.010009765625,4134.5,3993.419921875,4031.22998046875,3985.582275390625,900
2022-05-04,4015.14990234375,4079.0,3920.27001953125,4005.860107421875,3960.500244140625,1100
2022-05-05,4120.47998046875,4120.990234375,3925.0,3959.60009765625,3914.76318359375,600
2022-05-06,3944.0,3963.85009765625,3911.10009765625,3925.02001953125,3880.57470703125,500
2022-05-09,3900.0,3979.97998046875,3825.0,3898.949951171875,3854.7998046875,800
2022-05-10,3949.489990234375,3961.989990234375,3801.2099609375,3846.449951171875,3802.894287109375,500
2022-05-11,3841.949951171875,3872.39990234375,3770.0,3797.080078125,3754.084228515625,500
2022-05-12,3824.989990234375,3834.0,3762.030029296875,3765.010009765625,3724.583984375,600
2022-05-13,3803.0,3844.820068359375,3750.0,3797.159912109375,3756.388671875,1900
2022-05-16,3800.81005859375,4000.0,3744.659912109375,3951.0,3908.576904296875,1100
2022-05-17,3965.510009765625,4000.0,3908.0,3914.360107421875,3872.33056640625,600
2022-05-18,3875.75,3967.820068359375,3766.320068359375,3802.429931640625,3761.60205078125,800
2022-05-19,3799.989990234375,3878.719970703125,3730.0,3837.300048828125,3796.097900390625,600
2022-05-20,3847.02001953125,3898.4599609375,3785.010009765625,3792.429931640625,3751.709716796875,500
2022-05-23,3848.340087890625,3900.0,3801.860107421875,3821.840087890625,3780.80419921875,500
2022-05-24,3864.60009765625,3925.0,3765.0400390625,3892.860107421875,3851.060791015625,500
2022-05-25,3901.010009765625,4052.75,3800.06005859375,3930.760009765625,3888.55419921875,1000
2022-05-26,3950.0,4121.0,3900.010009765625,4101.27001953125,4057.233154296875,600
2022-05-27,4122.6201171875,4260.0,4041.85009765625,4189.16015625,4144.1796875,600
2022-05-31,4235.0,4289.16015625,4102.0,4139.3798828125,4094.933837890625,1300
2022-06-01,4145.0,4212.919921875,4120.0,4193.52978515625,4148.50244140625,700
2022-06-02,4215.64990234375,4296.77001953125,4098.10986328125,4175.08984375,4130.25927734375,500
2022-06-03,4149.7998046875,4195.4501953125,4083.159912109375,4169.97998046875,4125.2060546875,400
2022-06-06,4179.7900390625,4183.0498046875,4011.300048828125,4033.72998046875,3990.41845703125,800
2022-06-07,4031.0,4090.6298828125,3940.929931640625,4072.010009765625,4028.287353515625,600
2022-06-08,4072.010009765625,4104.919921875,4021.0,4099.97998046875,4055.957275390625,400
2022-06-09,4100.9599609375,4120.0,4023.0,4119.60009765625,4075.3671875,500
2022-06-10,4103.990234375,4248.3701171875,4060.0,4141.68994140625,4097.21923828125,1300
2022-06-13,4174.419921875,4198.0,4060.050048828125,4086.89990234375,4043.017822265625,700
2022-06-14,4141.7900390625,4245.740234375,4038.030029296875,4225.2099609375,4179.8427734375,1100
2022-06-15,4225.52001953125,4235.0,4164.31982421875,4180.009765625,4135.12841796875,700
2022-06-16,4147.580078125,4180.009765625,3997.469970703125,4061.2900390625,4017.68310546875,600
2022-06-17,4029.0,4029.0,3703.56005859375,3710.010009765625,3670.174560546875,1900
2022-06-21,3727.89990234375,3822.10009765625,3702.75,3721.159912109375,3681.204833984375,2600
2022-06-22,3702.75,3775.0,3535.570068359375,3598.6298828125,3559.990234375,1700
2022-06-23,3620.159912109375,3700.0,3537.0,3656.419921875,3617.16015625,1200
2022-06-24,3702.8798828125,3761.510009765625,3664.0,3741.429931640625,3701.2568359375,1300
2022-06-27,3718.800048828125,3810.0,3666.169921875,3747.199951171875,3706.965087890625,700
2022-06-28,3736.2099609375,3839.0,3736.2099609375,3820.89990234375,3779.873779296875,600
2022-06-29,3838.239990234375,3861.0,3795.0,3838.4599609375,3797.245361328125,600
2022-06-30,3851.989990234375,3962.0,3800.0,3882.580078125,3840.8916015625,600
2022-07-01,3882.580078125,3965.0,3813.0,3853.409912109375,3812.034423828125,500
2022-07-05,3847.1201171875,3930.0,3800.0,3904.840087890625,3862.912109375,700
2022-07-06,3910.0,3964.989990234375,3800.0,3877.070068359375,3835.440185546875,600
2022-07-07,3883.090087890625,3941.780029296875,3824.47998046875,3899.010009765625,3857.1455078125,600
2022-07-08,3901.320068359375,3961.0,3742.0,3750.010009765625,3709.74462890625,800
2022-07-11,3800.0,3846.050048828125,3710.0,3743.06005859375,3702.869140625,700
2022-07-12,3750.0,3787.449951171875,3671.530029296875,3750.02001953125,3709.754638671875,400
2022-07-13,3716.010009765625,3799.989990234375,3690.0,3769.93994140625,3729.460693359375,1000
2022-07-14,3715.050048828125,3784.989990234375,3668.0,3754.219970703125,3713.909912109375,700
2022-07-15,3755.010009765625,3755.010009765625,3690.0,3722.25,3682.283203125,700
2022-07-18,3745.360107421875,3846.0400390625,3721.75,3822.989990234375,3781.94091796875,800
2022-07-19,3832.010009765625,3934.989990234375,3733.5,3905.02001953125,3863.0908203125,800
2022-07-20,3907.449951171875,3998.0,3875.0,3944.889892578125,3902.53271484375,700
2022-07-21,3955.0,3999.89990234375,3853.64990234375,3865.2900390625,3823.787109375,500
2022-07-22,3869.0400390625,3900.0,3759.0,3821.409912109375,3780.37841796875,500
2022-07-25,3830.159912109375,3898.4599609375,3770.699951171875,3839.25,3798.027099609375,400
2022-07-26,3852.06005859375,3929.489990234375,3835.010009765625,3919.0400390625,3876.960205078125,600
2022-07-27,3925.739990234375,3981.0,3869.030029296875,3967.0,3924.404541015625,300
2022-07-28,3983.0,3983.0,3931.300048828125,3976.97998046875,3934.27783203125,300
2022-07-29,3994.93994140625,4089.0,3934.02001953125,4060.639892578125,4017.03955078125,900
2022-08-01,4055.409912109375,4123.6298828125,3953.840087890625,4040.530029296875,3997.1455078125,800
2022-08-02,4099.0,4237.06005859375,4053.610107421875,4150.60009765625,4106.03369140625,500
2022-08-03,4172.0,4238.0,4043.199951171875,4045.679931640625,4002.240478515625,600
2022-08-04,4089.030029296875,4177.97998046875,4052.010009765625,4080.72998046875,4036.91357421875,400
2022-08-05,4098.0,4190.22998046875,4080.719970703125,4099.2099609375,4055.195556640625,500
2022-08-08,4135.0,4172.97998046875,4099.22021484375,4124.97998046875,4080.688720703125,400
2022-08-09,4147.0,4172.990234375,4004.010009765625,4005.02001953125,3962.0166015625,600
2022-08-10,4061.5,4106.06005859375,4010.6201171875,4052.47998046875,4008.96728515625,400
2022-08-11,4100.0,4100.0,4038.0,4085.75,4044.125244140625,400
2022-08-12,4084.0,4242.9501953125,4041.31005859375,4179.52001953125,4136.94091796875,600
2022-08-15,4141.0,4212.919921875,4087.429931640625,4198.75,4155.97314453125,600
2022-08-16,4155.5498046875,4220.02978515625,4115.669921875,4191.02001953125,4148.32275390625,800
2022-08-17,4197.10009765625,4225.0,4150.0,4224.990234375,4181.947265625,300
2022-08-18,4226.83984375,4235.77978515625,4135.490234375,4194.93994140625,4152.2021484375,600
2022-08-19,4167.8701171875,4173.25,4034.0,4034.010009765625,3992.91259765625,500
2022-08-22,4031.31005859375,4096.77001953125,4005.0,4050.0,4008.73974609375,400
2022-08-23,4056.3701171875,4075.0,4010.320068359375,4074.97998046875,4033.464599609375,300
2022-08-24,4051.510009765625,4125.56982421875,4034.0,4079.590087890625,4038.028076171875,500
2022-08-25,4069.0,4141.0,4030.0,4125.009765625,4082.986083984375,300
2022-08-26,4129.06005859375,4129.06005859375,4055.0,4094.97998046875,4053.260986328125,400
2022-08-29,4074.89990234375,4125.56982421875,3979.0,3979.010009765625,3938.47265625,600
2022-08-30,3992.159912109375,4040.0,3919.31005859375,3919.330078125,3879.40087890625,500
2022-08-31,3956.639892578125,4030.0,3856.56005859375,3862.340087890625,3822.99169921875,1000
2022-09-01,3892.260009765625,3933.39990234375,3853.610107421875,3899.97998046875,3860.247802734375,500
2022-09-02,3919.389892578125,3933.389892578125,3833.7099609375,3854.010009765625,3814.74609375,600
2022-09-06,3866.0,3925.0,3775.0,3803.010009765625,3764.265869140625,600
2022-09-07,3783.31005859375,3838.969970703125,3688.0,3790.300048828125,3751.685546875,600
2022-09-08,3774.949951171875,3810.0,3731.320068359375,3752.010009765625,3713.785400390625,400
2022-09-09,3770.010009765625,3840.080078125,3752.010009765625,3769.0,3730.602294921875,800
2022-09-12,3815.010009765625,3834.989990234375,3759.5,3777.830078125,3739.3427734375,1100
2022-09-13,3757.989990234375,3825.0,3681.050048828125,3695.010009765625,3657.3662109375,800
2022-09-14,3710.510009765625,3772.510009765625,3635.47998046875,3659.93994140625,3622.65283203125,900
2022-09-15,3625.0,3754.969970703125,3601.0,3628.93994140625,3591.968994140625,600
2022-09-16,3556.199951171875,3691.419921875,3553.889892578125,3654.989990234375,3617.753662109375,2200
2022-09-19,3642.429931640625,3705.27001953125,3618.60009765625,3674.3701171875,3636.9365234375,1200
2022-09-20,3670.0,3684.0,3580.0,3614.5400390625,3577.7158203125,600
2022-09-21,3610.0,3644.449951171875,3538.18994140625,3538.199951171875,3502.153564453125,800
2022-09-22,3547.050048828125,3606.919921875,3488.0,3503.02001953125,3467.33203125,600
2022-09-23,3505.0,3515.0,3367.679931640625,3393.6298828125,3359.05615234375,700
2022-09-26,3432.050048828125,3474.0,3295.0,3410.2900390625,3375.54638671875,600
2022-09-27,3405.0,3464.989990234375,3313.31005859375,3389.989990234375,3355.453369140625,700
2022-09-28,3395.699951171875,3465.0,3339.989990234375,3424.989990234375,3390.0966796875,600
2022-09-29,3420.0,3492.139892578125,3325.0,3463.7900390625,3428.501708984375,1000
2022-09-30,3425.0,3497.989990234375,3375.14990234375,3402.659912109375,3367.99462890625,800
2022-10-03,3447.469970703125,3544.889892578125,3400.010009765625,3484.360107421875,3448.862060546875,600
2022-10-04,3514.449951171875,3561.639892578125,3465.840087890625,3466.02001953125,3430.708984375,700
2022-10-05,3472.510009765625,3555.10009765625,3423.0,3531.8701171875,3495.888671875,400
2022-10-06,3529.2900390625,3550.8701171875,3460.010009765625,3533.9599609375,3497.95654296875,700
2022-10-07,3496.989990234375,3550.0,3423.010009765625,3469.989990234375,3434.63916015625,500
2022-10-10,3492.22998046875,3555.10009765625,3412.169921875,3459.489990234375,3424.245361328125,700
2022-10-11,3465.0,3555.10009765625,3375.010009765625,3519.77001953125,3483.911376953125,900
2022-10-12,3547.739990234375,3555.10009765625,3435.010009765625,3480.010009765625,3444.556640625,900
2022-10-13,3448.60009765625,3550.0,3389.72998046875,3549.989990234375,3513.823486328125,500
2022-10-14,3549.97998046875,3645.0,3502.0,3620.02001953125,3583.139892578125,1300
2022-10-17,3625.31005859375,3730.0,3550.010009765625,3643.97998046875,3606.856201171875,700
2022-10-18,3676.10009765625,3685.0,3564.489990234375,3664.610107421875,3627.276123046875,800
2022-10-19,3664.610107421875,3685.0,3575.0,3676.260009765625,3638.806640625,600
2022-10-20,3679.989990234375,3680.0,3578.1298828125,3648.639892578125,3611.4677734375,500
2022-10-21,3619.719970703125,3682.0,3607.010009765625,3667.840087890625,3630.4736328125,300
2022-10-24,3691.800048828125,3691.800048828125,3582.010009765625,3632.820068359375,3595.8095703125,900
2022-10-25,3667.39990234375,3717.469970703125,3590.31005859375,3669.43994140625,3632.056884765625,500
2022-10-26,3674.260009765625,3735.7099609375,3609.419921875,3735.110107421875,3697.0576171875,600
2022-10-27,3740.389892578125,3750.0,3650.0,3721.989990234375,3684.071533203125,400
2022-10-28,3732.590087890625,3828.570068359375,3690.02001953125,3790.010009765625,3751.39794921875,600
2022-10-31,3790.530029296875,3836.2099609375,3737.5,3746.3798828125,3708.21240234375,900
2022-11-01,3790.8798828125,3848.989990234375,3743.97998046875,3848.110107421875,3808.906005859375,800
2022-11-02,3778.409912109375,3837.080078125,3736.070068359375,3736.070068359375,3698.0078125,500
2022-11-03,3777.800048828125,3805.0,3665.5400390625,3775.199951171875,3736.739013671875,500
2022-11-04,3838.06005859375,3846.050048828125,3775.199951171875,3846.0400390625,3806.857421875,200
2022-11-07,3850.0,3924.739990234375,3797.5,3893.949951171875,3854.279296875,600
2022-11-08,3891.52001953125,3950.0,3862.5,3893.8701171875,3854.20068359375,500
2022-11-09,3887.1201171875,3950.0,3742.56005859375,3933.14990234375,3895.3310546875,400
2022-11-10,3959.0,4000.0,3912.830078125,3931.010009765625,3893.211181640625,500
2022-11-11,3935.110107421875,3970.0,3829.340087890625,3834.010009765625,3797.144287109375,500
2022-11-14,3859.989990234375,3910.3798828125,3781.0,3789.0,3752.56640625,800
2022-11-15,3809.75,3884.110107421875,3748.7900390625,3856.169921875,3819.09130859375,800
2022-11-16,3857.52001953125,3862.0,3782.780029296875,3860.590087890625,3823.46875,500
2022-11-17,3804.47998046875,3931.739990234375,3782.3798828125,3931.739990234375,3893.93408203125,500
2022-11-18,3925.0,3983.93994140625,3890.110107421875,3964.330078125,3926.211181640625,600
2022-11-21,3955.340087890625,4028.3701171875,3923.4599609375,3954.590087890625,3916.565185546875,500
2022-11-22,3974.739990234375,4000.0,3928.800048828125,3948.5,3910.532958984375,400
2022-11-23,3920.0,3980.0,3900.0,3923.4599609375,3885.733642578125,300
2022-11-25,3936.739990234375,4000.0,3875.0,3999.989990234375,3961.528076171875,200
2022-11-28,3993.1298828125,4000.0,3929.8701171875,3989.97998046875,3951.614501953125,400
2022-11-29,3984.4599609375,4030.0,3940.9599609375,3940.97998046875,3903.085205078125,600
2022-11-30,3952.889892578125,4011.0,3928.510009765625,3952.85009765625,3914.84130859375,500
2022-12-01,3985.81005859375,4051.0,3945.0,4046.449951171875,4007.54150390625,500
2022-12-02,4043.72998046875,4066.469970703125,3971.1201171875,4015.590087890625,3976.978515625,400
2022-12-05,4058.0,4069.989990234375,3949.050048828125,3990.429931640625,3952.060546875,400
2022-12-06,3972.800048828125,4090.6298828125,3907.719970703125,4049.989990234375,4011.047119140625,1000
2022-12-07,4005.050048828125,4080.0,3747.949951171875,3752.1298828125,3716.05126953125,1100
2022-12-08,3775.0,3880.989990234375,3775.0,3797.080078125,3760.5693359375,700
2022-12-09,3790.9599609375,3880.989990234375,3730.010009765625,3833.219970703125,3796.361328125,300
2022-12-12,3880.0,3910.550048828125,3822.0,3910.550048828125,3872.9482421875,400
2022-12-13,3912.0,3940.0,3675.02001953125,3719.989990234375,3684.22021484375,1400
2022-12-14,3689.989990234375,3811.110107421875,3689.989990234375,3725.610107421875,3689.7861328125,1300
2022-12-15,3717.0,3778.0,3696.3798828125,3724.9599609375,3689.143310546875,800
2022-12-16,3680.0,3828.580078125,3680.0,3819.989990234375,3783.259033203125,1600
2022-12-19,3807.570068359375,3837.5,3735.010009765625,3817.070068359375,3780.3671875,500
2022-12-20,3815.2900390625,3837.5,3697.010009765625,3709.97998046875,3674.30712890625,600
2022-12-21,3742.5,3760.0,3663.0,3663.010009765625,3627.78857421875,600
2022-12-22,3693.669921875,3706.0,3626.5,3630.02001953125,3595.11572265625,700
2022-12-23,3669.949951171875,3838.47998046875,3656.360107421875,3710.02001953125,3674.3466796875,1100
2022-12-27,3737.68994140625,3838.5,3710.159912109375,3758.2900390625,3722.15234375,400
2022-12-28,3792.0,3843.0,3758.2900390625,3805.0,3768.4130859375,600
2022-12-29,3787.8798828125,3840.0,3706.0,3799.989990234375,3763.450927734375,500
2022-12-30,3795.8798828125,3850.0,3720.02001953125,3775.2099609375,3738.909423828125,300
2023-01-03,3749.989990234375,3775.5,3665.260009765625,3675.159912109375,3639.82080078125,500
2023-01-04,3680.510009765625,3718.47998046875,3662.510009765625,3718.4599609375,3682.70458984375,300
2023-01-05,3714.989990234375,3793.6201171875,3621.72998046875,3793.6201171875,3757.142333984375,500
2023-01-06,3785.0,3828.56005859375,3718.0,3764.969970703125,3728.767822265625,500
2023-01-09,3798.97998046875,3817.3798828125,3750.0,3799.989990234375,3763.450927734375,500
2023-01-10,3799.989990234375,3985.6201171875,3790.0,3978.639892578125,3940.38330078125,900
2023-01-11,3958.909912109375,4047.280029296875,3889.320068359375,4046.800048828125,4007.887939453125,1000
2023-01-12,4050.14990234375,4061.0,3913.110107421875,3972.1201171875,3933.926025390625,700
2023-01-13,3975.0,4060.989990234375,3940.9599609375,3940.989990234375,3903.09521484375,500
2023-01-17,3941.0,3985.89990234375,3915.0,3965.2099609375,3927.082275390625,600
2023-01-18,3959.8701171875,3989.989990234375,3935.0,3944.010009765625,3906.0859375,700
2023-01-19,3945.0,4000.0,3945.0,3991.68994140625,3953.307861328125,300
2023-01-20,3985.0,4020.889892578125,3950.0,4009.260009765625,3970.708740234375,400
2023-01-23,3999.0,4039.949951171875,3950.0,3998.199951171875,3959.7548828125,1700
2023-01-24,4009.75,4050.0,3959.0,4000.0,3961.5380859375,900
2023-01-25,3968.3701171875,4010.0,3959.0,3999.8798828125,3961.4189453125,700
2023-01-26,4001.739990234375,4050.0,3962.0,3994.010009765625,3955.605712890625,200
2023-01-27,4009.75,4023.949951171875,3961.070068359375,3975.110107421875,3936.887939453125,400
2023-01-30,3982.85009765625,4000.06005859375,3888.0,3974.989990234375,3936.768310546875,500
2023-01-31,3950.280029296875,3988.949951171875,3915.0,3920.5,3882.802490234375,900
2023-02-01,3920.0,3978.39990234375,3888.550048828125,3963.64990234375,3925.53759765625,600
2023-02-02,3957.010009765625,3985.0,3920.0,3949.97998046875,3911.9990234375,600
2023-02-03,3944.0,3963.47998046875,3855.0,3872.219970703125,3834.987060546875,900
2023-02-06,3895.14990234375,3925.0,3872.0,3900.0,3862.49951171875,800
2023-02-07,3900.0,3914.949951171875,3837.340087890625,3862.97998046875,3825.83544921875,700
2023-02-08,3859.3798828125,3900.0,3784.0,3848.1298828125,3811.127685546875,500
2023-02-09,3849.679931640625,3912.5,3800.0,3800.010009765625,3763.470947265625,300
2023-02-10,3820.97998046875,3882.5,3790.0,3844.320068359375,3807.35546875,500
2023-02-13,3849.989990234375,3928.010009765625,3832.0,3850.0,3812.97998046875,600
2023-02-14,3855.0,3880.929931640625,3831.010009765625,3841.090087890625,3804.15576171875,600
2023-02-15,3840.0,3852.050048828125,3822.669921875,3849.989990234375,3812.969970703125,1100
2023-02-16,3844.0400390625,3863.360107421875,3818.669921875,3850.0,3812.97998046875,900
2023-02-17,3835.050048828125,4028.969970703125,3820.06005859375,3995.5,3957.080810546875,1000
2023-02-21,3976.659912109375,3999.97998046875,3928.080078125,3986.820068359375,3948.484619140625,1200
2023-02-22,3988.469970703125,4000.0,3931.050048828125,3999.989990234375,3961.528076171875,1000
2023-02-23,3986.860107421875,4009.0,3912.3701171875,4000.0,3963.767822265625,800
2023-02-24,3989.889892578125,3998.0,3900.510009765625,3949.989990234375,3914.210693359375,700
2023-02-27,3959.10009765625,3983.820068359375,3906.02001953125,3922.010009765625,3886.484130859375,600
2023-02-28,3934.449951171875,3975.0,3906.0400390625,3949.97998046875,3914.200927734375,1000
2023-03-01,3940.0,3949.989990234375,3870.0,3889.050048828125,3853.822509765625,1100
2023-03-02,3896.4599609375,3906.5,3880.0,3893.989990234375,3858.717529296875,900
2023-03-03,3897.969970703125,3897.969970703125,3806.800048828125,3873.7900390625,3838.700927734375,700
2023-03-06,3878.4599609375,3900.14990234375,3775.8798828125,3775.8798828125,3741.67724609375,1300
2023-03-07,3790.75,3842.0,3780.75,3800.0,3765.579345703125,1300
2023-03-08,3806.929931640625,3809.0,3785.0,3800.010009765625,3765.58935546875,1500
2023-03-09,3807.449951171875,3845.93994140625,3785.0,3785.02001953125,3750.735107421875,900
2023-03-10,3790.60009765625,3808.909912109375,3700.0,3758.580078125,3724.534423828125,900
2023-03-13,3710.1298828125,3840.830078125,3705.050048828125,3718.010009765625,3684.332275390625,1800
2023-03-14,3777.820068359375,3811.300048828125,3704.0,3725.139892578125,3691.397216796875,1500
2023-03-15,3740.0,3788.389892578125,3700.0,3753.22998046875,3719.233154296875,1800
2023-03-16,3728.0,3845.93994140625,3700.0,3815.419921875,3780.859375,1700
2023-03-17,3787.909912109375,3834.85009765625,3727.5,3794.89990234375,3760.525634765625,5400
2023-03-20,3788.9599609375,3898.340087890625,3775.0,3836.97998046875,3802.223876953125,2600
2023-03-21,3836.72998046875,3890.550048828125,3809.010009765625,3845.0,3810.171142578125,1500
2023-03-22,3815.10009765625,3870.889892578125,3750.0,3750.02001953125,3716.052490234375,2300
2023-03-23,3778.159912109375,3811.0,3715.72998046875,3731.330078125,3697.531005859375,1400
2023-03-24,3733.14990234375,3800.0,3732.580078125,3775.889892578125,3741.687255859375,700
2023-03-27,3775.889892578125,3882.449951171875,3737.780029296875,3824.989990234375,3790.343017578125,1600
2023-03-28,3832.169921875,3896.090087890625,3800.030029296875,3818.679931640625,3784.09033203125,800
2023-03-29,3845.330078125,3874.97998046875,3818.679931640625,3840.469970703125,3805.6826171875,700
2023-03-30,3840.0,3874.8701171875,3791.1298828125,3839.89990234375,3805.11767578125,600
2023-03-31,3831.659912109375,3852.0,3760.7900390625,3770.010009765625,3735.86083984375,700
2023-04-03,3802.639892578125,3840.510009765625,3780.0,3832.989990234375,3798.2705078125,900
2023-04-04,3840.2099609375,3850.0,3778.35009765625,3798.570068359375,3764.161865234375,500
2023-04-05,3795.47998046875,3811.0,3764.340087890625,3808.97998046875,3774.4775390625,900
2023-04-06,3819.989990234375,3830.0,3752.030029296875,3830.0,3795.307373046875,500
2023-04-10,3778.1201171875,3830.0,3771.0,3829.989990234375,3795.297607421875,1300
2023-04-11,3826.949951171875,3840.0,3777.77001953125,3803.280029296875,3768.82958984375,1300
2023-04-12,3829.739990234375,3845.0,3800.1298828125,3819.989990234375,3785.388427734375,700
2023-04-13,3795.820068359375,3965.699951171875,3795.820068359375,3906.0400390625,3870.65869140625,2600
2023-04-14,3906.780029296875,3967.27001953125,3835.090087890625,3909.989990234375,3874.572509765625,1400
2023-04-17,3896.0,3975.0,3833.0,3889.949951171875,3854.7138671875,1100
2023-04-18,3871.0,3915.800048828125,3851.5,3908.0,3872.6005859375,500
2023-04-19,3891.429931640625,3932.639892578125,3869.989990234375,3930.35009765625,3894.7490234375,500
2023-04-20,3929.989990234375,4000.0,3900.93994140625,3970.0,3934.0390625,800
2023-04-21,3992.919921875,4000.179931640625,3892.75,3999.85009765625,3963.619140625,1300
2023-04-24,3994.0,4003.169921875,3916.5,3971.47998046875,3935.505859375,900
2023-04-25,3994.85009765625,3999.93994140625,3935.030029296875,3988.409912109375,3952.281982421875,500
2023-04-26,3986.0,3990.0,3899.9599609375,3928.489990234375,3892.90478515625,900
2023-04-27,3931.419921875,4080.110107421875,3888.1201171875,3940.0,3904.311279296875,500
2023-04-28,3954.010009765625,3999.0,3890.030029296875,3941.070068359375,3905.371337890625,600
2023-05-01,3980.0,3999.0,3939.5,3965.47998046875,3929.560302734375,500
2023-05-02,3989.0,3999.0,3901.0,3985.550048828125,3949.44775390625,600
2023-05-03,3986.0,3990.0,3820.02001953125,3823.27001953125,3788.638671875,900
2023-05-04,3864.739990234375,3875.0,3736.010009765625,3745.02001953125,3711.097412109375,1100
2023-05-05,3762.330078125,3834.89990234375,3731.8798828125,3819.780029296875,3785.179443359375,1400
2023-05-08,3850.0,3850.0,3780.080078125,3824.989990234375,3790.343017578125,1000
2023-05-09,3821.739990234375,3845.0,3783.72998046875,3820.0,3785.3984375,800
2023-05-10,3824.68994140625,3840.0,3785.070068359375,3821.35009765625,3786.736083984375,900
2023-05-11,3795.739990234375,3825.0,3787.5,3825.0,3790.35302734375,500
2023-05-12,3809.6201171875,3825.0,3766.260009765625,3795.0,3762.838134765625,800
2023-05-15,3801.429931640625,3823.820068359375,3737.02001953125,3750.010009765625,3718.2294921875,900
2023-05-16,3773.389892578125,3793.510009765625,3745.06005859375,3778.8701171875,3746.844970703125,600
2023-05-17,3770.510009765625,3829.260009765625,3708.75,3821.39990234375,3789.01416015625,1400
2023-05-18,3790.18994140625,3863.409912109375,3730.070068359375,3751.030029296875,3719.240966796875,1500
2023-05-19,3760.0,3839.469970703125,3748.7900390625,3817.1298828125,3784.7802734375,500
2023-05-22,3806.239990234375,3898.330078125,3800.010009765625,3830.010009765625,3797.550537109375,600
2023-05-23,3839.989990234375,3884.3798828125,3801.260009765625,3802.010009765625,3769.78857421875,400
2023-05-24,3825.47998046875,3844.68994140625,3752.070068359375,3759.9599609375,3728.094482421875,400
2023-05-25,3771.0,3798.02001953125,3751.0,3793.52001953125,3761.370361328125,600
2023-05-26,3778.0,3811.0,3752.02001953125,3780.0,3747.965087890625,800
2023-05-30,3795.0,3829.85009765625,3731.0,3750.050048828125,3718.26904296875,700
2023-05-31,3779.0,3800.0,3729.6201171875,3799.429931640625,3767.230224609375,800
2023-06-01,3797.89990234375,3800.0,3748.7900390625,3749.590087890625,3717.813232421875,600
2023-06-02,3778.949951171875,3801.0,3745.0,3771.25,3739.2890625,700
2023-06-05,3767.239990234375,3797.669921875,3571.25,3640.010009765625,3609.160888671875,1600
2023-06-06,3666.580078125,3750.0,3620.0,3743.669921875,3711.942626953125,700
2023-06-07,3739.469970703125,3942.639892578125,3722.169921875,3927.570068359375,3894.284912109375,1700
2023-06-08,3800.0,3904.110107421875,3763.0,3792.7900390625,3760.646728515625,900
2023-06-09,3786.949951171875,3821.909912109375,3763.010009765625,3790.840087890625,3758.712890625,400
2023-06-12,3783.7099609375,3816.5,3767.010009765625,3799.989990234375,3767.785888671875,500
2023-06-13,3798.97998046875,3809.989990234375,3736.77001953125,3745.010009765625,3713.271728515625,1300
2023-06-14,3745.10009765625,3770.0,3688.0,3688.010009765625,3656.75439453125,1200
2023-06-15,3719.989990234375,3758.590087890625,3692.0,3699.969970703125,3668.61328125,1200
2023-06-16,3719.080078125,3787.449951171875,3696.0,3704.4599609375,3673.065185546875,1200
2023-06-20,3713.18994140625,3749.860107421875,3670.0,3687.010009765625,3655.762939453125,800
2023-06-21,3700.0,3731.0,3626.030029296875,3649.56005859375,3618.630859375,900
2023-06-22,3650.0,3685.0,3620.3798828125,3626.050048828125,3595.320068359375,1500
2023-06-23,3650.989990234375,3683.0,3582.0,3650.0,3619.066650390625,3300
2023-06-26,3632.239990234375,3700.0,3591.840087890625,3684.989990234375,3653.760009765625,800
2023-06-27,3685.030029296875,3724.68994140625,3645.0,3650.0,3619.066650390625,900
2023-06-28,3623.300048828125,3645.0,3553.39990234375,3554.0,3523.880126953125,900
2023-06-29,3552.75,3594.0,3519.0,3525.6201171875,3495.74072265625,1500
2023-06-30,3550.0,3560.72998046875,3510.0,3560.719970703125,3530.543212890625,1200
2023-07-03,3574.97998046875,3574.97998046875,3540.0,3567.0,3536.77001953125,500
2023-07-05,3567.0,3604.60009765625,3525.590087890625,3573.699951171875,3543.41259765625,1100
2023-07-06,3565.0,3582.5,3510.0,3548.93994140625,3518.863037109375,1000
2023-07-07,3569.0,3591.4599609375,3515.0,3591.4599609375,3561.022705078125,1600
2023-07-10,3575.0,3599.300048828125,3517.6298828125,3525.97998046875,3496.097900390625,1300
2023-07-11,3529.7099609375,3570.199951171875,3517.989990234375,3543.489990234375,3513.459716796875,1200
2023-07-12,3574.679931640625,3671.239990234375,3562.5,3600.0,3569.49072265625,1400
2023-07-13,3599.989990234375,3636.300048828125,3550.010009765625,3576.0,3545.69384765625,1300
2023-07-14,3568.159912109375,3619.469970703125,3550.030029296875,3585.97998046875,3555.589599609375,900
2023-07-17,3596.0,3624.0,3540.0,3547.239990234375,3517.17724609375,1200
2023-07-18,3571.56005859375,3588.929931640625,3552.550048828125,3586.989990234375,3556.591064453125,800
2023-07-19,3585.2900390625,3635.0,3550.0400390625,3612.5,3581.884521484375,1600
2023-07-20,3593.260009765625,3640.5,3561.030029296875,3618.81005859375,3588.140869140625,800
2023-07-21,3626.909912109375,3626.909912109375,3574.110107421875,3574.110107421875,3543.820068359375,600
2023-07-24,3594.93994140625,3619.8798828125,3555.030029296875,3581.9599609375,3551.60302734375,600
2023-07-25,3591.0,3601.0,3535.0,3547.760009765625,3517.69287109375,1100
2023-07-26,3550.0,3581.969970703125,3537.510009765625,3561.169921875,3530.989501953125,1000
2023-07-27,3568.989990234375,3571.0,3540.0,3567.989990234375,3537.75146484375,900
2023-07-28,3575.699951171875,3594.989990234375,3555.030029296875,3585.06005859375,3554.67724609375,600
2023-07-31,3585.0,3630.60009765625,3555.39990234375,3605.0,3574.4482421875,800
2023-08-01,3602.1298828125,3679.0,3577.5,3627.469970703125,3596.7275390625,700
2023-08-02,3636.010009765625,3665.1201171875,3561.06005859375,3644.889892578125,3614.0,1000
2023-08-03,3635.0,3718.800048828125,3613.02001953125,3702.06005859375,3670.685546875,1000
2023-08-04,3675.199951171875,3711.93994140625,3600.830078125,3628.030029296875,3597.283447265625,900
2023-08-07,3652.0,3671.0,3600.889892578125,3668.419921875,3637.330322265625,700
2023-08-08,3660.0,3660.0,3575.0,3591.570068359375,3561.132080078125,800
2023-08-09,3582.5,3630.0,3575.0,3599.070068359375,3568.56884765625,600
2023-08-10,3581.110107421875,3653.77001953125,3576.530029296875,3634.97998046875,3606.42822265625,600
2023-08-11,3638.89990234375,3648.969970703125,3595.0,3621.219970703125,3592.776611328125,700
2023-08-14,3620.0,3665.280029296875,3576.050048828125,3632.10009765625,3603.571533203125,1100
2023-08-15,3650.0,3660.0,3580.0,3601.179931640625,3572.894287109375,800
2023-08-16,3600.0,3616.989990234375,3550.669921875,3552.02001953125,3524.119873046875,900
2023-08-17,3551.97998046875,3610.0,3489.639892578125,3609.97998046875,3581.625244140625,700
2023-08-18,3585.0,3620.0,3553.679931640625,3599.97998046875,3571.703369140625,700
2023-08-21,3598.989990234375,3610.0,3533.75,3578.199951171875,3550.09423828125,900
2023-08-22,3589.0,3600.0,3550.010009765625,3556.719970703125,3528.783203125,700
2023-08-23,3592.659912109375,3647.800048828125,3550.010009765625,3599.989990234375,3571.71337890625,1300
2023-08-24,3604.9599609375,3644.0,3565.1201171875,3643.989990234375,3615.367919921875,1100
2023-08-25,3644.0,3712.0,3631.080078125,3670.360107421875,3641.53076171875,800
2023-08-28,3675.25,3720.0,3622.5,3643.97998046875,3615.35791015625,1100
2023-08-29,3666.0,3862.0,3595.85009765625,3595.85009765625,3567.605712890625,3500
2023-08-30,3615.429931640625,3789.199951171875,3615.429931640625,3738.02001953125,3708.659423828125,1400
2023-08-31,3728.800048828125,3802.5,3700.9599609375,3770.330078125,3740.715576171875,1300
2023-09-01,3779.989990234375,3825.0,3686.510009765625,3698.989990234375,3669.93603515625,900
2023-09-05,3724.489990234375,3750.0,3532.0,3544.0,3516.162841796875,1400
2023-09-06,3573.179931640625,3610.469970703125,3521.699951171875,3597.239990234375,3568.98486328125,1500
2023-09-07,3601.340087890625,3635.0,3558.419921875,3566.580078125,3538.566162109375,2300
2023-09-08,3562.699951171875,3660.7900390625,3532.0,3548.159912109375,3520.29052734375,1400
2023-09-11,3555.1201171875,3583.889892578125,3496.909912109375,3496.909912109375,3469.443115234375,2300
2023-09-12,3541.75,3660.0,3541.75,3600.550048828125,3572.268798828125,2300
2023-09-13,3593.14990234375,3658.0,3562.4599609375,3657.989990234375,3629.258056640625,1600
2023-09-14,3658.0,3741.199951171875,3600.0,3659.47998046875,3630.736572265625,1400
2023-09-15,3658.39990234375,3850.0,3617.02001953125,3850.0,3819.75927734375,13000
2023-09-18,3817.14990234375,3850.0,3717.0,3840.0,3809.838134765625,2500
2023-09-19,3823.949951171875,3848.760009765625,3761.010009765625,3783.72998046875,3754.010009765625,1500
2023-09-20,3800.699951171875,3848.64990234375,3706.800048828125,3706.800048828125,3677.6845703125,1400
2023-09-21,3735.0,3792.820068359375,3687.739990234375,3780.659912109375,3750.96435546875,1300
2023-09-22,3771.3798828125,3825.0,3738.429931640625,3795.489990234375,3765.677978515625,1200
2023-09-25,3790.0,3810.25,3751.760009765625,3775.0,3745.348876953125,900
2023-09-26,3770.0,3804.85009765625,3699.7900390625,3727.010009765625,3697.73583984375,1000
2023-09-27,3710.0,3776.070068359375,3710.0,3771.0400390625,3741.419921875,1000
2023-09-28,3783.0,3793.530029296875,3755.050048828125,3773.22998046875,3743.593017578125,800
2023-09-29,3771.659912109375,3799.929931640625,3715.0,3753.0,3723.521728515625,900
2023-10-02,3749.489990234375,3785.449951171875,3706.110107421875,3707.0,3677.882568359375,1200
2023-10-03,3709.0,3741.10009765625,3613.0,3650.0,3621.33056640625,1200
2023-10-04,3684.840087890625,3738.840087890625,3600.0,3644.0,3615.3779296875,1100
2023-10-05,3644.0,3705.22998046875,3607.14990234375,3653.56005859375,3624.86279296875,800
2023-10-06,3662.56005859375,3736.8798828125,3653.56005859375,3655.570068359375,3626.85693359375,700
2023-10-09,3705.0400390625,3720.0,3636.06005859375,3651.4599609375,3622.779052734375,1300
2023-10-10,3677.39990234375,3689.800048828125,3556.6201171875,3570.909912109375,3542.86181640625,3800
2023-10-11,3569.22998046875,3629.989990234375,3550.760009765625,3570.0,3541.958984375,2500
2023-10-12,3560.739990234375,3597.469970703125,3502.0,3520.0,3492.351806640625,1500
2023-10-13,3514.949951171875,3548.949951171875,3466.8798828125,3480.0,3452.666015625,1700
2023-10-16,3497.0,3558.0,3402.3798828125,3521.780029296875,3494.11767578125,2700
2023-10-17,3528.179931640625,3571.0,3448.760009765625,3510.0,3482.429931640625,2100
2023-10-18,3505.3701171875,3548.949951171875,3450.840087890625,3478.0,3450.681396484375,1100
2023-10-19,3478.010009765625,3528.419921875,3434.0,3475.97998046875,3448.677490234375,1500
2023-10-20,3487.989990234375,3558.110107421875,3434.0,3485.590087890625,3458.212158203125,1700
2023-10-23,3491.0,3529.9599609375,3477.969970703125,3508.47998046875,3480.922119140625,1000
2023-10-24,3494.0,3525.239990234375,3477.050048828125,3491.469970703125,3464.0458984375,900
2023-10-25,3483.860107421875,3513.159912109375,3469.39990234375,3494.72998046875,3467.2802734375,800
2023-10-26,3497.239990234375,3505.39990234375,3451.0,3489.89990234375,3462.48779296875,700
2023-10-27,3494.93994140625,3560.969970703125,3475.0,3525.0,3497.31201171875,1700
2023-10-30,3538.989990234375,3590.1201171875,3470.6201171875,3524.340087890625,3496.657958984375,1000
2023-10-31,3527.3701171875,3592.0,3490.0,3506.949951171875,3479.404052734375,1600
2023-11-01,3530.0,3549.97998046875,3475.0,3505.0,3477.469970703125,2200
2023-11-02,3508.0,3566.419921875,3477.0400390625,3530.6298828125,3502.897705078125,2900
2023-11-03,3508.580078125,3605.260009765625,3486.0,3599.989990234375,3571.71337890625,2600
2023-11-06,3565.1201171875,3674.989990234375,3550.820068359375,3657.14990234375,3628.42431640625,2500
2023-11-07,3612.610107421875,3720.56005859375,3595.010009765625,3621.47998046875,3593.03466796875,1600
2023-11-08,3623.72998046875,3699.97998046875,3526.139892578125,3552.260009765625,3526.5498046875,2000
2023-11-09,3535.280029296875,3566.419921875,3450.0,3478.18994140625,3453.015380859375,1300
2023-11-10,3478.18994140625,3529.949951171875,3434.89990234375,3505.0,3479.6318359375,1100
2023-11-13,3480.75,3519.949951171875,3420.580078125,3499.989990234375,3474.65771484375,1200
2023-11-14,3513.1201171875,3577.989990234375,3450.050048828125,3563.0,3537.2119140625,1500
2023-11-15,3546.669921875,3588.35009765625,3525.0,3552.14990234375,3526.43994140625,2400
2023-11-16,3560.31005859375,3578.9599609375,3524.820068359375,3544.989990234375,3519.33203125,1700
2023-11-17,3559.6201171875,3618.85009765625,3525.139892578125,3569.989990234375,3544.151123046875,2700
2023-11-20,3440.0,3546.25,3440.0,3514.409912109375,3488.973388671875,1400
2023-11-21,3514.409912109375,3547.0,3455.0,3517.340087890625,3491.882568359375,1600
2023-11-22,3501.929931640625,3547.429931640625,3501.52001953125,3536.010009765625,3510.416748046875,900
2023-11-24,3558.39990234375,3569.969970703125,3471.60009765625,3509.989990234375,3484.585205078125,1600
2023-11-27,3502.110107421875,3531.06005859375,3486.739990234375,3530.4599609375,3504.907470703125,1600
2023-11-28,3524.419921875,3547.60009765625,3482.02001953125,3513.739990234375,3488.30859375,1700
2023-11-29,3498.989990234375,3530.949951171875,3481.320068359375,3491.989990234375,3466.7158203125,1600
2023-11-30,3499.0,3524.679931640625,3477.070068359375,3514.989990234375,3489.548828125,2000
2023-12-01,3510.949951171875,3548.949951171875,3488.39990234375,3538.0,3512.392333984375,1200
2023-12-04,3551.1201171875,3563.989990234375,3500.050048828125,3560.0,3534.2333984375,2600
2023-12-05,3568.0,3569.699951171875,3506.9599609375,3525.719970703125,3500.201171875,2500
2023-12-06,3543.0,3587.0,3530.0,3565.0,3539.197265625,4500
2023-12-07,3575.0,3645.0,3527.5,3641.7900390625,3615.43115234375,4200
2023-12-08,3627.0,3649.989990234375,3578.10009765625,3618.0,3591.813720703125,2400
2023-12-11,3616.419921875,3636.300048828125,3559.2900390625,3635.97998046875,3609.663330078125,2100
2023-12-12,3626.969970703125,3636.0,3585.919921875,3608.0,3581.8857421875,1800
2023-12-13,3608.409912109375,3649.64990234375,3580.0,3621.719970703125,3595.506591796875,4300
2023-12-14,3620.760009765625,3636.300048828125,3556.469970703125,3569.360107421875,3543.525634765625,2000
2023-12-15,3570.0,3593.010009765625,3505.0,3575.60009765625,3549.72021484375,10100
2023-12-18,3560.02001953125,3587.5400390625,3540.0,3587.5400390625,3561.573974609375,3100
2023-12-19,3583.0,3610.570068359375,3550.989990234375,3605.010009765625,3578.917236328125,3300
2023-12-20,3607.530029296875,3618.530029296875,3585.719970703125,3585.719970703125,3559.76708984375,3000
2023-12-21,3600.0,3610.0,3555.550048828125,3600.0,3573.94384765625,1900
2023-12-22,3601.06005859375,3611.0,3561.0,3574.0,3548.13232421875,1200
2023-12-26,3600.0,3601.360107421875,3545.0,3574.0,3548.13232421875,1400
2023-12-27,3567.340087890625,3594.10009765625,3545.0,3550.330078125,3524.633056640625,2000
2023-12-28,3559.5,3578.969970703125,3534.0,3575.179931640625,3549.302978515625,1400
2023-12-29,3563.0,3649.949951171875,3539.159912109375,3570.10009765625,3544.26025390625,1500
2024-01-02,3568.25,3621.989990234375,3557.510009765625,3600.0,3573.94384765625,2200
2024-01-03,3593.110107421875,3620.860107421875,3555.320068359375,3607.550048828125,3581.43896484375,2900
2024-01-04,3608.510009765625,3650.0,3581.68994140625,3623.989990234375,3597.76025390625,2300
2024-01-05,3629.81005859375,3653.0,3601.320068359375,3635.0,3608.6904296875,3900
2024-01-08,3639.97998046875,3650.0,3611.97998046875,3630.0,3603.72705078125,1500
2024-01-09,3632.830078125,3650.0,3611.5,3630.0,3603.72705078125,1200
2024-01-10,3630.0,3650.0,3582.72998046875,3615.22998046875,3589.063720703125,1100
2024-01-11,3615.0,3650.0,3565.0,3571.860107421875,3546.007568359375,2100
2024-01-12,3594.7900390625,3670.0,3582.0,3630.68994140625,3604.411376953125,2600
2024-01-16,3654.4599609375,3654.4599609375,3591.56005859375,3616.0,3589.828125,2300
2024-01-17,3618.0,3796.0,3618.0,3691.0,3664.285400390625,4400
2024-01-18,3687.0,3757.75,3679.0,3720.0,3693.07568359375,1700
2024-01-19,3713.0,3779.52001953125,3650.06005859375,3681.179931640625,3654.5361328125,1000
2024-01-22,3668.389892578125,3727.110107421875,3655.0,3681.699951171875,3655.052490234375,1000
2024-01-23,3695.179931640625,3699.0,3571.10009765625,3571.52001953125,3545.669921875,2000
2024-01-24,3620.0,3620.949951171875,3580.010009765625,3603.60009765625,3577.51806640625,1300
2024-01-25,3585.639892578125,3607.580078125,3553.0,3604.949951171875,3578.858154296875,1500
2024-01-26,3608.389892578125,3618.830078125,3555.5,3609.989990234375,3583.86181640625,2000
2024-01-29,3605.179931640625,3616.89990234375,3566.56005859375,3583.610107421875,3557.672607421875,1200
2024-01-30,3577.93994140625,3609.64990234375,3577.919921875,3602.969970703125,3576.89208984375,2100
2024-01-31,3583.0,3620.0,3574.10009765625,3603.0,3576.922119140625,2100
2024-02-01,3607.0,3620.39990234375,3578.22998046875,3599.89990234375,3573.8447265625,1400
2024-02-02,3593.31005859375,3650.0,3574.10009765625,3594.0,3567.9873046875,1300
2024-02-05,3590.0,3603.469970703125,3556.93994140625,3579.989990234375,3554.07861328125,1100
2024-02-06,3588.489990234375,3600.0,3539.14990234375,3547.330078125,3521.655029296875,1400
2024-02-07,3570.0,3614.949951171875,3540.0,3596.550048828125,3570.51953125,2100
2024-02-08,3575.0,3600.0,3548.18994140625,3551.300048828125,3525.5966796875,2500
2024-02-09,3550.2900390625,3591.949951171875,3539.14990234375,3567.469970703125,3541.649658203125,1200
2024-02-12,3572.0,3590.0,3545.050048828125,3549.260009765625,3523.571044921875,1600
2024-02-13,3562.97998046875,3566.419921875,3505.469970703125,3519.989990234375,3494.512451171875,1700
2024-02-14,3522.0,3548.949951171875,3440.0,3486.02001953125,3460.7890625,2000
2024-02-15,3480.510009765625,3500.0,3435.159912109375,3486.0400390625,3460.80908203125,2500
2024-02-16,3480.280029296875,3534.780029296875,3440.989990234375,3459.510009765625,3434.470703125,1600
2024-02-20,3456.340087890625,3505.820068359375,3350.0,3380.0,3355.5361328125,3000
2024-02-21,3414.760009765625,3463.0,3325.179931640625,3332.0,3307.88330078125,4300
2024-02-22,3341.1201171875,3390.97998046875,3254.8798828125,3367.31005859375,3345.197021484375,3200
2024-02-23,3366.030029296875,3427.070068359375,3346.4599609375,3371.860107421875,3349.71728515625,2400
2024-02-26,3371.0,3600.93994140625,3325.010009765625,3465.31005859375,3442.553466796875,6300
2024-02-27,3461.89990234375,3496.5400390625,3305.0,3315.110107421875,3293.34033203125,3800
2024-02-28,3333.0,3423.10009765625,3333.0,3354.580078125,3332.55078125,4000
2024-02-29,3376.300048828125,3393.89990234375,3287.590087890625,3287.590087890625,3266.000244140625,2800
2024-03-01,3302.409912109375,3364.0,3280.300048828125,3317.489990234375,3295.7041015625,2100
2024-03-04,3329.7099609375,3350.0,3150.0,3165.610107421875,3144.82177734375,3300
2024-03-05,3185.85009765625,3236.780029296875,3145.030029296875,3158.0,3137.260986328125,3200
2024-03-06,3167.449951171875,3234.0,3148.989990234375,3209.489990234375,3188.413330078125,2400
2024-03-07,3200.0,3261.0,3165.72998046875,3200.0,3178.986083984375,3300
2024-03-08,3200.0,3252.659912109375,3170.330078125,3210.179931640625,3189.0986328125,2300
2024-03-11,3206.830078125,3249.989990234375,3168.860107421875,3194.02001953125,3173.044677734375,2200
2024-03-12,3191.47998046875,3269.449951171875,3176.0,3215.429931640625,3194.314453125,2700
2024-03-13,3223.719970703125,3323.0,3220.0,3233.47998046875,3212.24560546875,3800
2024-03-14,3247.0,3318.0,3200.0,3225.199951171875,3204.020263671875,4600
2024-03-15,3232.489990234375,3271.7900390625,3170.0,3186.919921875,3165.99169921875,19300
2024-03-18,3223.18994140625,3314.949951171875,3196.199951171875,3225.0,3203.82177734375,3300
2024-03-19,3232.919921875,3288.0,3190.0,3217.340087890625,3196.21142578125,3100
2024-03-20,3220.510009765625,3312.0,3180.0,3292.550048828125,3270.927734375,4200
2024-03-21,3276.409912109375,3325.0,3225.010009765625,3274.06005859375,3252.5595703125,2100
2024-03-22,3287.090087890625,3325.0,3233.800048828125,3233.800048828125,3212.56396484375,2400
2024-03-25,3239.89990234375,3262.5,3198.0,3203.2099609375,3182.17431640625,2700
2024-03-26,3185.080078125,3255.0,3175.0,3209.2099609375,3188.135009765625,2800
2024-03-27,3210.0,3228.929931640625,3185.0,3189.18994140625,3168.24658203125,3200
2024-03-28,3190.0,3242.419921875,3190.0,3223.919921875,3202.748291015625,2400
2024-04-01,3228.800048828125,3250.0,3190.1201171875,3200.0,3178.986083984375,8200
2024-04-02,3200.0,3211.39990234375,3175.0,3211.39990234375,3190.310302734375,4300
2024-04-03,3215.0,3225.0,3137.340087890625,3149.60009765625,3128.91650390625,4400
2024-04-04,3164.89990234375,3213.0,3142.0,3178.0,3157.1298828125,3500
2024-04-05,3170.0,3199.5400390625,3161.530029296875,3177.780029296875,3156.911865234375,2500
2024-04-08,3177.820068359375,3222.340087890625,3162.5,3217.47998046875,3196.35107421875,3400
2024-04-09,3214.0,3234.489990234375,3165.31005859375,3165.409912109375,3144.62255859375,2600
2024-04-10,3165.0,3192.0,3106.919921875,3162.679931640625,3141.910400390625,3400
2024-04-11,3171.679931640625,3199.239990234375,3108.489990234375,3116.14990234375,3095.686279296875,2400
2024-04-12,3117.0,3141.0,3060.0,3102.02001953125,3081.648681640625,2700
2024-04-15,3107.159912109375,3130.0,3060.43994140625,3124.989990234375,3104.468505859375,2900
2024-04-16,3122.8701171875,3139.929931640625,3087.56005859375,3108.580078125,3088.165771484375,2200
2024-04-17,3125.0,3139.0,3049.0,3075.7099609375,3055.51171875,2400
2024-04-18,3089.080078125,3142.0,3048.010009765625,3131.989990234375,3111.42236328125,3200
2024-04-19,3130.5400390625,3270.0,3119.5,3229.56005859375,3208.351806640625,4100
2024-04-22,3205.06005859375,3327.669921875,3146.0,3152.25,3131.548828125,4400
2024-04-23,3140.5,3299.7099609375,3140.5,3284.3701171875,3262.801513671875,4400
2024-04-24,3286.0,3292.6298828125,3172.280029296875,3285.919921875,3264.34130859375,4800
2024-04-25,3272.010009765625,3303.47998046875,3199.0,3205.330078125,3184.281005859375,1800
2024-04-26,3206.0,3275.0,3189.75,3207.219970703125,3186.157958984375,2800
2024-04-29,3229.989990234375,3320.860107421875,3215.81005859375,3295.489990234375,3273.848876953125,3900
2024-04-30,3266.0,3350.0,3224.68994140625,3310.110107421875,3288.37255859375,4300
2024-05-01,3323.830078125,3339.300048828125,3226.0,3249.0,3227.663818359375,4100
2024-05-02,3261.610107421875,3283.699951171875,3190.550048828125,3274.89990234375,3253.3935546875,3800
2024-05-03,3289.429931640625,3321.840087890625,3207.219970703125,3220.010009765625,3198.8642578125,2400
2024-05-06,3238.169921875,3269.429931640625,3119.070068359375,3190.64990234375,3169.697021484375,9800
2024-05-07,3215.72998046875,3248.030029296875,3141.0,3226.1298828125,3204.944091796875,9200
2024-05-08,3227.929931640625,3412.0,3226.1298828125,3408.39990234375,3386.0166015625,6400
2024-05-09,3389.0,3400.050048828125,3309.510009765625,3335.989990234375,3316.27197265625,3300
2024-05-10,3329.340087890625,3370.0,3186.1298828125,3205.530029296875,3186.582763671875,11400
2024-05-13,3200.409912109375,3371.0,3200.0,3371.0,3351.0751953125,7600
2024-05-14,3359.18994140625,3374.22998046875,3300.300048828125,3346.010009765625,3326.232666015625,4100
2024-05-15,3355.840087890625,3394.429931640625,3317.570068359375,3390.72998046875,3370.68798828125,3500
2024-05-16,3386.860107421875,3409.18994140625,3232.7099609375,3343.68994140625,3323.926025390625,6100
2024-05-17,3346.06005859375,3391.7099609375,3312.0400390625,3371.2099609375,3351.283447265625,1900
2024-05-20,3348.580078125,3392.699951171875,3333.510009765625,3374.6201171875,3354.67333984375,2400
2024-05-21,3395.47998046875,3403.10009765625,3337.010009765625,3370.75,3350.825927734375,2300
2024-05-22,3380.0,3405.0,3349.989990234375,3404.989990234375,3384.864013671875,1500
2024-05-23,3385.10009765625,3411.10009765625,3316.2099609375,3354.010009765625,3334.185302734375,1800
2024-05-24,3375.35009765625,3376.14990234375,3312.419921875,3350.0,3330.19921875,1700
2024-05-28,3346.469970703125,3372.1201171875,3280.0,3283.31005859375,3263.9033203125,2200
2024-05-29,3281.929931640625,3328.97998046875,3213.1298828125,3270.0,3250.67138671875,2000
2024-05-30,3275.0,3324.4599609375,3210.85009765625,3288.0,3268.565185546875,2700
2024-05-31,3289.0,3346.139892578125,3288.489990234375,3341.1298828125,3321.38134765625,2500
2024-06-03,3326.199951171875,3361.1201171875,3268.72998046875,3296.590087890625,3277.10498046875,1600
2024-06-04,3277.300048828125,3324.60009765625,3225.0,3267.530029296875,3248.216552734375,2300
2024-06-05,3255.56005859375,3292.449951171875,3189.75,3224.010009765625,3204.95361328125,1900
2024-06-06,3233.6201171875,3258.300048828125,3154.81005859375,3176.780029296875,3158.003173828125,1900
2024-06-07,3176.7900390625,3217.02001953125,3148.0400390625,3197.260009765625,3178.36181640625,1700
2024-06-10,3189.10009765625,3226.02001953125,3149.0,3153.489990234375,3134.850341796875,2800
2024-06-11,3162.260009765625,3193.0,3143.989990234375,3180.090087890625,3161.29345703125,1300
2024-06-12,3183.0,3199.949951171875,3105.010009765625,3140.8798828125,3122.31494140625,1600
2024-06-13,3117.0,3153.860107421875,3079.0,3079.0,3060.800537109375,1600
2024-06-14,3090.0,3128.2900390625,3074.699951171875,3092.929931640625,3074.6484375,2000
2024-06-17,3075.050048828125,3127.989990234375,3059.02001953125,3068.0,3049.8662109375,2200
2024-06-18,3079.530029296875,3099.989990234375,3002.89990234375,3013.080078125,2995.270263671875,4100
2024-06-20,3020.97998046875,3045.0,2955.330078125,3018.0,3000.16162109375,3500
2024-06-21,3010.0,3103.070068359375,2969.0,3090.0,3071.73583984375,7100
2024-06-24,3076.0,3164.610107421875,3020.360107421875,3113.68994140625,3095.28564453125,3300
2024-06-25,3113.0,3161.64990234375,3062.010009765625,3088.070068359375,3069.81689453125,1900
2024-06-26,3139.0,3176.2099609375,3070.0,3143.39990234375,3124.8203125,4100
2024-06-27,3130.639892578125,3156.0,3105.0,3131.889892578125,3113.378173828125,2400
2024-06-28,3119.7900390625,3169.0400390625,3090.10009765625,3160.739990234375,3142.05712890625,6700
2024-07-01,3125.5,3154.2099609375,3099.199951171875,3104.570068359375,3086.2197265625,1800
2024-07-02,3110.110107421875,3145.75,3051.3701171875,3057.860107421875,3039.785888671875,4700
2024-07-03,3078.280029296875,3150.0,3055.0,3130.1201171875,3111.618408203125,9300
2024-07-05,3138.27001953125,3150.0,3055.31005859375,3074.739990234375,3056.56591796875,3000
2024-07-08,3094.489990234375,3115.570068359375,3056.0,3075.0,3056.824462890625,2000
2024-07-09,3074.0,3094.989990234375,3040.1201171875,3062.0,3043.9013671875,1900
2024-07-10,3060.469970703125,3094.989990234375,3041.0,3068.27001953125,3050.13427734375,2500
2024-07-11,3079.219970703125,3090.0,3011.43994140625,3049.989990234375,3031.9619140625,3000
2024-07-12,3057.0,3084.919921875,3039.02001953125,3084.919921875,3066.685546875,3500
2024-07-15,3069.6201171875,3143.0,3056.0,3079.0,3060.800537109375,7800
2024-07-16,3109.89990234375,3160.5400390625,3095.0,3130.3701171875,3111.866943359375,4600
2024-07-17,3144.669921875,3196.5,3110.0,3196.0,3177.10888671875,2700
2024-07-18,3173.219970703125,3197.0,3119.8701171875,3134.300048828125,3115.77392578125,2600
2024-07-19,3148.080078125,3157.800048828125,3085.570068359375,3090.0,3071.73583984375,1900
2024-07-22,3099.0,3147.139892578125,3082.0,3145.0,3126.410888671875,1900
2024-07-23,3130.35009765625,3197.0,3119.9599609375,3142.919921875,3124.34326171875,1600
2024-07-24,3156.60009765625,3175.0,3096.030029296875,3126.97998046875,3108.4970703125,1300
2024-07-25,3126.0,3204.830078125,3096.0,3143.85009765625,3125.267578125,1600
2024-07-26,3163.0,3209.68994140625,3120.300048828125,3161.860107421875,3143.1708984375,1100
2024-07-29,3179.0,3217.0400390625,3138.75,3182.22998046875,3163.42041015625,2500
2024-07-30,3159.0,3219.260009765625,3152.330078125,3190.97998046875,3172.11865234375,1900
2024-07-31,3239.989990234375,3262.929931640625,3192.64990234375,3247.909912109375,3228.712158203125,1400
2024-08-01,3234.219970703125,3269.429931640625,3164.719970703125,3202.0,3183.07421875,1700
2024-08-02,3194.179931640625,3202.0,3169.929931640625,3191.919921875,3173.05322265625,1000
2024-08-05,3138.0,3167.77001953125,3101.719970703125,3163.18994140625,3144.4931640625,2200
2024-08-06,3171.1201171875,3188.89990234375,3076.0,3090.5,3072.232666015625,3200
2024-08-07,3106.110107421875,3106.110107421875,3053.89990234375,3094.989990234375,3076.696533203125,1400
2024-08-08,3100.0,3105.0,3037.3701171875,3098.0,3079.6884765625,2000
2024-08-09,3093.219970703125,3109.840087890625,3056.199951171875,3099.989990234375,3083.90673828125,3400
2024-08-12,3095.469970703125,3110.0,3050.0,3055.0,3039.149658203125,2600
2024-08-13,3055.0,3075.0,3032.010009765625,3056.550048828125,3040.69189453125,2200
2024-08-14,3055.919921875,3080.0,3008.75,3021.0,3005.325927734375,1800
2024-08-15,3021.0,3049.0,3010.0,3019.909912109375,3004.241943359375,1500
2024-08-16,3023.889892578125,3080.0,3008.75,3061.8701171875,3045.984375,1500
2024-08-19,3051.840087890625,3102.0,3020.0,3094.469970703125,3078.415283203125,1600
2024-08-20,3086.570068359375,3126.52001953125,3055.0,3120.68994140625,3104.49951171875,1400
2024-08-21,3127.030029296875,3127.030029296875,3059.340087890625,3059.340087890625,3043.46728515625,3100
2024-08-22,3080.1298828125,3080.989990234375,3008.75,3034.639892578125,3018.8955078125,1700
2024-08-23,3039.510009765625,3080.0,3030.010009765625,3051.989990234375,3036.1552734375,2200
2024-08-26,3055.0,3090.010009765625,3034.22998046875,3057.300048828125,3041.438232421875,1500
2024-08-27,3074.590087890625,3074.590087890625,3030.800048828125,3047.9599609375,3032.146484375,1800
2024-08-28,3031.0,3120.419921875,3031.0,3120.419921875,3104.23046875,2200
2024-08-29,3112.39990234375,3146.14990234375,3066.35009765625,3109.139892578125,3093.009033203125,2600
2024-08-30,3104.0,3149.679931640625,3068.050048828125,3110.3701171875,3094.23291015625,1500
2024-09-03,3103.830078125,3168.419921875,3070.0,3150.0,3133.65673828125,2300
2024-09-04,3150.0,3198.320068359375,3130.0,3175.429931640625,3158.955322265625,2500
2024-09-05,3182.3798828125,3202.93994140625,3137.340087890625,3187.3798828125,3170.843505859375,1800
2024-09-06,3181.719970703125,3202.919921875,3125.22998046875,3147.27001953125,3130.940673828125,1100
2024-09-09,3148.570068359375,3172.449951171875,3083.510009765625,3091.989990234375,3075.947998046875,1400
2024-09-10,3099.0,3103.0,3044.0,3099.06005859375,3082.981689453125,1600
2024-09-11,3097.5400390625,3106.739990234375,3045.0,3094.360107421875,3078.30615234375,2200
2024-09-12,3083.590087890625,3136.77001953125,3070.5,3096.949951171875,3080.88232421875,1200
2024-09-13,3094.93994140625,3117.10009765625,3054.360107421875,3087.6201171875,3071.600830078125,1300
2024-09-16,3081.969970703125,3130.0,3050.010009765625,3120.75,3104.558837890625,1400
2024-09-17,3136.2099609375,3151.550048828125,3110.0,3150.64990234375,3134.303466796875,1700
2024-09-18,3147.89990234375,3185.0,3115.0,3158.780029296875,3142.391357421875,1500
2024-09-19,3185.0400390625,3189.989990234375,3100.300048828125,3181.320068359375,3164.814697265625,1400
2024-09-20,3179.7900390625,3300.0,3135.090087890625,3300.0,3282.87841796875,4500
2024-09-23,3267.25,3280.0,3222.85009765625,3225.199951171875,3208.466552734375,2900
2024-09-24,3240.0,3267.0,3160.0,3174.389892578125,3157.92041015625,3300
2024-09-25,3181.8701171875,3229.35009765625,3138.0,3152.0,3135.646484375,2900
2024-09-26,3170.510009765625,3197.25,3139.3798828125,3176.469970703125,3159.989501953125,2900
2024-09-27,3187.820068359375,3199.800048828125,3137.340087890625,3152.739990234375,3136.3828125,1300
2024-09-30,3154.0,3157.31005859375,3120.0,3137.0,3120.724365234375,1500
2024-10-01,3148.0,3168.9599609375,3119.8798828125,3163.3798828125,3146.96728515625,1500
2024-10-02,3140.389892578125,3182.080078125,3094.60009765625,3142.580078125,3126.275634765625,4200
2024-10-03,3121.510009765625,3159.330078125,3047.969970703125,3066.320068359375,3050.411376953125,10000
2024-10-04,3071.14990234375,3136.070068359375,3069.889892578125,3090.0,3073.96826171875,3100
2024-10-07,3103.679931640625,3136.179931640625,3064.030029296875,3121.89990234375,3105.70263671875,4600
2024-10-08,3108.52001953125,3147.139892578125,3071.330078125,3122.52001953125,3106.31982421875,1500
2024-10-09,3110.18994140625,3137.0,3070.0,3104.989990234375,3088.880615234375,1700
2024-10-10,3104.93994140625,3105.0,3071.0,3085.010009765625,3069.004150390625,1200
2024-10-11,3081.510009765625,3115.0,3071.010009765625,3080.0,3064.02001953125,1100
2024-10-14,3089.739990234375,3110.0,3056.919921875,3062.010009765625,3046.12353515625,1700
2024-10-15,3070.030029296875,3085.010009765625,2988.02001953125,2992.7099609375,2977.18310546875,2500
2024-10-16,3007.0,3031.0,2990.8798828125,3022.0,3006.321044921875,2200
2024-10-17,3016.760009765625,3068.68994140625,2996.580078125,3056.0,3040.144775390625,1900
2024-10-18,3066.239990234375,3066.239990234375,2997.010009765625,3015.010009765625,2999.367431640625,1100
2024-10-21,3016.0,3041.1201171875,2980.0,2993.06005859375,2977.531494140625,2400
2024-10-22,2987.919921875,3019.510009765625,2950.0,3019.5,3003.83447265625,3100
2024-10-23,3007.0,3018.949951171875,2959.0,2988.330078125,2972.82568359375,1500
2024-10-24,2986.800048828125,3000.0,2966.429931640625,2976.409912109375,2960.967529296875,2900
2024-10-25,2974.889892578125,3010.0,2947.0,2968.77001953125,2953.3671875,1800
2024-10-28,2971.0,2992.0,2948.0,2948.14990234375,2932.854248046875,2300
2024-10-29,2943.330078125,2970.0,2871.800048828125,2927.300048828125,2912.112548828125,2900
2024-10-30,2900.0,2931.0,2810.0,2853.75,2838.94384765625,3300
2024-10-31,2854.0,2860.0,2758.780029296875,2766.010009765625,2751.6591796875,3900
2024-11-01,2764.0,2796.239990234375,2650.0,2669.139892578125,2655.291748046875,4400
2024-11-04,2691.47998046875,2713.989990234375,2648.68994140625,2687.02001953125,2673.079345703125,3200
2024-11-05,2683.0,2739.989990234375,2675.0,2706.590087890625,2692.5478515625,2100
2024-11-06,2747.0,2750.0,2700.0,2700.0,2685.99169921875,1900
2024-11-07,2713.0,2784.580078125,2702.010009765625,2730.0,2715.8359375,2700
2024-11-08,2730.010009765625,2793.989990234375,2653.75,2653.77001953125,2642.179443359375,2700
2024-11-11,2667.489990234375,2712.989990234375,2612.27001953125,2615.760009765625,2604.3349609375,2800
2024-11-12,2622.0,2706.5,2580.280029296875,2664.719970703125,2653.0810546875,5800
2024-11-13,2671.0,2716.820068359375,2613.89990234375,2716.090087890625,2704.22705078125,2300
2024-11-14,2691.300048828125,2771.530029296875,2681.35009765625,2705.110107421875,2693.295166015625,3700
2024-11-15,2705.330078125,2829.989990234375,2658.2099609375,2661.010009765625,2649.387451171875,2400
2024-11-18,2668.719970703125,2704.0,2646.010009765625,2673.85009765625,2662.17138671875,2500
2024-11-19,2684.320068359375,2700.75,2631.0,2652.419921875,2640.834716796875,2000
2024-11-20,2645.449951171875,2669.0,2623.780029296875,2656.1201171875,2644.51904296875,1600
2024-11-21,2678.89990234375,2682.179931640625,2640.570068359375,2672.72998046875,2661.056396484375,2000
2024-11-22,2659.780029296875,2690.199951171875,2625.25,2663.0,2651.368896484375,1300
2024-11-25,2666.0,2704.659912109375,2635.669921875,2654.6201171875,2643.025634765625,2700
2024-11-26,2656.0,2669.139892578125,2559.070068359375,2619.97998046875,2608.53662109375,2600
2024-11-27,2620.0,2648.340087890625,2591.300048828125,2639.889892578125,2628.35986328125,2400
2024-11-29,2613.989990234375,2648.340087890625,2600.0,2613.97998046875,2602.56298828125,700
2024-12-02,2613.5,2630.0,2586.800048828125,2609.56005859375,2598.162353515625,2300
2024-12-03,2596.989990234375,2625.0,2551.18994140625,2578.780029296875,2567.516845703125,2000
2024-12-04,2573.72998046875,2587.2900390625,2535.10009765625,2566.52001953125,2555.310302734375,3900
2024-12-05,2531.31005859375,2655.0,2531.31005859375,2655.0,2643.40380859375,4200
2024-12-06,2663.22998046875,2667.64990234375,2569.0,2586.68994140625,2575.39208984375,3000
2024-12-09,2590.25,2661.300048828125,2586.699951171875,2644.610107421875,2633.059326171875,2200
2024-12-10,2650.0,2650.0,2580.0,2591.449951171875,2580.131591796875,2200
2024-12-11,2613.070068359375,2613.070068359375,2566.820068359375,2566.820068359375,2555.609130859375,2700
2024-12-12,2566.340087890625,2583.31005859375,2526.0,2578.449951171875,2567.18798828125,2900
2024-12-13,2576.47998046875,2590.0,2527.300048828125,2548.0,2536.871337890625,1500
2024-12-16,2535.0,2575.949951171875,2530.0,2558.050048828125,2546.877197265625,2500
2024-12-17,2559.2900390625,2559.2900390625,2510.0,2542.4599609375,2531.35546875,2900
2024-12-18,2543.389892578125,2549.989990234375,2459.989990234375,2465.969970703125,2455.199462890625,2100
2024-12-19,2467.0,2479.35009765625,2413.0,2453.89990234375,2443.18212890625,3500
2024-12-20,2451.669921875,2507.659912109375,2428.8798828125,2461.989990234375,2451.236572265625,6000
2024-12-23,2450.2900390625,2475.409912109375,2425.0,2458.330078125,2447.5927734375,2800
2024-12-24,2470.0,2491.110107421875,2430.010009765625,2484.469970703125,2473.618896484375,1100
2024-12-26,2484.0,2484.0,2426.070068359375,2436.830078125,2426.186767578125,3500
2024-12-27,2430.1201171875,2452.550048828125,2388.0,2407.699951171875,2397.18408203125,3200
2024-12-30,2396.909912109375,2423.699951171875,2365.0,2390.97998046875,2380.537109375,2700
2024-12-31,2377.0,2438.090087890625,2374.989990234375,2429.659912109375,2419.047607421875,1600
2025-01-02,2430.0,2454.989990234375,2402.68994140625,2422.159912109375,2411.580810546875,1800
2025-01-03,2421.889892578125,2491.110107421875,2400.0,2455.919921875,2445.193359375,3800
2025-01-06,2468.739990234375,2499.93994140625,2400.0,2423.89990234375,2413.312744140625,2100
2025-01-07,2410.89990234375,2452.0400390625,2402.06005859375,2437.340087890625,2426.6943359375,2300
2025-01-08,2427.8701171875,2495.06005859375,2411.429931640625,2481.840087890625,2471.000244140625,2300
2025-01-10,2468.5400390625,2500.989990234375,2435.0,2451.739990234375,2441.031494140625,1900
2025-01-13,2441.10009765625,2481.719970703125,2419.2900390625,2423.6298828125,2413.0439453125,2200
2025-01-14,2451.050048828125,2456.169921875,2420.0,2445.2900390625,2434.60986328125,1600
2025-01-15,2465.18994140625,2505.989990234375,2438.219970703125,2460.8701171875,2450.1220703125,1500
2025-01-16,2446.0,2473.6201171875,2440.010009765625,2462.530029296875,2451.7744140625,1700
2025-01-17,2452.6298828125,2499.8798828125,2444.39990234375,2474.5400390625,2463.73193359375,1800
2025-01-21,2482.0,2499.68994140625,2450.0,2455.260009765625,2444.536376953125,1700
2025-01-22,2460.0,2472.64990234375,2436.449951171875,2461.9599609375,2451.20654296875,2200
2025-01-23,2451.56005859375,2480.25,2440.0,2467.169921875,2456.393798828125,1900
2025-01-24,2467.0,2514.919921875,2440.1298828125,2509.9599609375,2498.9970703125,1900
2025-01-27,2517.760009765625,2535.77001953125,2498.780029296875,2509.610107421875,2498.64892578125,2300
2025-01-28,2509.81005859375,2516.0,2435.590087890625,2445.7099609375,2435.02783203125,1900
2025-01-29,2431.510009765625,2491.110107421875,2430.010009765625,2484.89990234375,2474.046875,2100
2025-01-30,2493.909912109375,2505.0,2420.659912109375,2445.760009765625,2435.077392578125,2400
2025-01-31,2433.0,2449.0,2406.0,2438.340087890625,2427.690185546875,2400
2025-02-03,2436.39990234375,2449.10009765625,2403.47998046875,2447.260009765625,2436.57080078125,2500
2025-02-04,2427.139892578125,2469.97998046875,2400.31005859375,2467.3798828125,2456.603271484375,2100
2025-02-05,2452.0,2491.0,2444.10009765625,2488.360107421875,2477.491455078125,1800
2025-02-06,2497.0,2518.659912109375,2451.0,2495.27001953125,2484.371337890625,1700
2025-02-07,2503.860107421875,2534.030029296875,2482.0,2529.090087890625,2518.0439453125,3200
2025-02-10,2529.989990234375,2601.0,2522.0,2571.239990234375,2560.009521484375,3400
2025-02-11,2571.239990234375,2620.0,2570.909912109375,2598.570068359375,2587.219970703125,2600
2025-02-12,2578.0,2662.449951171875,2562.0,2662.449951171875,2650.8212890625,2600
2025-02-13,2642.320068359375,2678.0,2603.60009765625,2614.969970703125,2603.54833984375,3900
2025-02-14,2690.330078125,2930.0,2641.0,2927.0,2914.21533203125,4700
2025-02-18,2934.0,2986.050048828125,2849.3798828125,2890.510009765625,2877.884765625,4300
2025-02-19,2907.0,3009.81005859375,2865.659912109375,2992.669921875,2979.598876953125,3900
2025-02-20,2985.699951171875,3014.429931640625,2896.159912109375,2915.550048828125,2902.815673828125,2700
2025-02-21,2929.320068359375,2982.929931640625,2855.639892578125,2872.2099609375,2859.6650390625,2300
2025-02-24,2873.0,2942.0,2867.6298828125,2877.219970703125,2866.89892578125,2800
2025-02-25,2897.0,2927.590087890625,2829.909912109375,2908.6298828125,2898.196044921875,1400
2025-02-26,2903.0,2927.820068359375,2831.070068359375,2835.179931640625,2825.009765625,1300
2025-02-27,2830.010009765625,2870.0,2796.389892578125,2808.1201171875,2798.046875,1800
2025-02-28,2797.820068359375,2839.52001953125,2725.889892578125,2802.110107421875,2792.058837890625,7000
2025-03-03,2802.010009765625,2805.669921875,2734.419921875,2766.989990234375,2757.064453125,2000
2025-03-04,2762.169921875,2836.89990234375,2692.260009765625,2699.0,2689.318359375,2500
2025-03-05,2688.169921875,2735.68994140625,2559.760009765625,2703.0,2693.303955078125,2100
2025-03-06,2690.0,2749.679931640625,2673.47998046875,2734.239990234375,2724.431884765625,1600
2025-03-07,2734.239990234375,2978.4599609375,2723.760009765625,2976.6298828125,2965.952392578125,3200
2025-03-10,2975.0,2982.989990234375,2764.0,2767.580078125,2757.652587890625,2900
2025-03-11,2781.489990234375,2825.93994140625,2676.64990234375,2684.110107421875,2674.481689453125,2300
2025-03-12,2670.0,2718.219970703125,2664.699951171875,2689.800048828125,2680.151611328125,1000
2025-03-13,2669.43994140625,2700.0,2628.25,2661.25,2651.70361328125,1200
2025-03-14,2688.47998046875,2765.0,2656.010009765625,2688.800048828125,2679.155029296875,1400
2025-03-17,2698.5400390625,2768.179931640625,2674.469970703125,2719.860107421875,2710.10400390625,1600
2025-03-18,2722.330078125,2735.89990234375,2687.929931640625,2698.0,2688.322021484375,1900
2025-03-19,2700.0,2735.68994140625,2680.050048828125,2712.489990234375,2702.759765625,1300
2025-03-20,2693.81005859375,2741.610107421875,2681.989990234375,2711.469970703125,2701.74365234375,1500
2025-03-21,2710.77001953125,2740.0,2681.0,2715.9599609375,2706.217529296875,5700
2025-03-24,2732.550048828125,2750.0,2651.0,2672.6298828125,2663.04296875,2300
2025-03-25,2675.0,2714.6298828125,2650.0,2650.0,2640.494140625,2000
2025-03-26,2655.5,2683.27001953125,2626.010009765625,2637.800048828125,2628.338134765625,1200
2025-03-27,2636.5400390625,2685.800048828125,2576.0,2665.81005859375,2656.2470703125,3400
2025-03-28,2665.800048828125,2743.52001953125,2634.75,2711.2900390625,2701.564208984375,2500
2025-03-31,2704.860107421875,2724.989990234375,2673.47998046875,2697.1201171875,2687.4453125,1100
2025-04-01,2685.050048828125,2768.489990234375,2674.0,2767.989990234375,2758.060791015625,1500
2025-04-02,2752.969970703125,2791.719970703125,2725.889892578125,2742.0,2732.1640625,900
2025-04-03,2699.260009765625,2769.639892578125,2687.43994140625,2715.35009765625,2705.609375,1200
2025-04-04,2669.0,2699.909912109375,2574.0,2596.719970703125,2587.4052734375,2100
2025-04-07,2596.719970703125,2643.1298828125,2500.0,2530.60009765625,2521.522705078125,1900
2025-04-08,2590.949951171875,2646.0,2500.0,2522.06005859375,2513.012939453125,1300
2025-04-09,2523.949951171875,2633.669921875,2498.739990234375,2568.989990234375,2559.77490234375,2100
2025-04-10,2568.0,2629.989990234375,2520.0,2573.739990234375,2564.508056640625,1300
2025-04-11,2572.280029296875,2625.929931640625,2531.010009765625,2540.969970703125,2531.855224609375,1300
2025-04-14,2569.699951171875,2628.989990234375,2519.0,2608.0,2598.64453125,1500
2025-04-15,2584.0,2629.0,2562.4599609375,2610.219970703125,2600.856689453125,800
2025-04-16,2595.360107421875,2629.0,2568.659912109375,2582.0,2572.73828125,700
2025-04-17,2582.360107421875,2612.820068359375,2545.02001953125,2556.5,2547.32958984375,1400
2025-04-21,2556.0,2599.0,2551.18994140625,2555.0,2545.8349609375,1300
2025-04-22,2600.0,2604.010009765625,2511.429931640625,2554.1201171875,2544.9580078125,3000
2025-04-23,2577.85009765625,2597.81005859375,2530.02001953125,2574.7900390625,2565.553955078125,2100
2025-04-24,2564.489990234375,2642.989990234375,2553.0,2628.02001953125,2618.59326171875,1300
2025-04-25,2621.72998046875,2643.0,2578.030029296875,2578.030029296875,2568.7822265625,800
2025-04-28,2578.0,2612.409912109375,2511.0,2511.0,2501.99267578125,1100
2025-04-29,2485.010009765625,2613.39990234375,2485.010009765625,2567.929931640625,2558.718505859375,1800
2025-04-30,2565.639892578125,2600.0,2516.25,2585.97998046875,2576.703857421875,1900
2025-05-01,2558.0,2592.0,2542.25,2571.1298828125,2561.906982421875,3300
2025-05-02,2584.389892578125,2610.0,2582.0,2592.10009765625,2582.802001953125,1300
2025-05-05,2603.1201171875,2610.989990234375,2548.52001953125,2564.5,2555.301025390625,1800
2025-05-06,2565.409912109375,2576.969970703125,2519.10009765625,2528.489990234375,2519.419677734375,1400
2025-05-07,2527.8701171875,2544.0,2506.10009765625,2515.110107421875,2506.087890625,1300
2025-05-08,2521.0,2546.179931640625,2500.010009765625,2531.429931640625,2524.607666015625,900
2025-05-09,2525.0,2546.169921875,2506.31005859375,2510.0,2503.236083984375,1100
2025-05-12,2537.989990234375,2543.52001953125,2499.97998046875,2499.97998046875,2493.24267578125,2000
2025-05-13,2500.0,2536.050048828125,2481.31005859375,2536.050048828125,2529.215576171875,1500
2025-05-14,2520.199951171875,2538.0,2484.010009765625,2513.18994140625,2506.4169921875,1300
2025-05-15,2503.0,2517.0,2470.0,2497.9599609375,2491.228271484375,1600
2025-05-16,2489.0,2514.889892578125,2460.0,2474.820068359375,2468.150634765625,1700
2025-05-19,2453.0,2508.580078125,2437.0,2508.570068359375,2501.8095703125,2700
2025-05-20,2500.0,2515.449951171875,2473.0,2473.0,2466.33544921875,1800
2025-05-21,2490.0,2502.0,2446.3701171875,2459.68994140625,2453.06103515625,1900
2025-05-22,2514.39990234375,2612.0,2467.0,2595.0,2588.0068359375,3400
2025-05-23,2590.0,2647.409912109375,2561.6298828125,2566.0,2559.084716796875,2900
2025-05-27,2588.409912109375,2678.89990234375,2580.0,2644.25,2637.123779296875,2600
2025-05-28,2656.0,2688.7900390625,2645.0,2660.860107421875,2653.689208984375,1900
2025-05-29,2651.3798828125,2723.68994140625,2640.0,2704.4599609375,2697.171875,2200
2025-05-30,2730.0,2753.159912109375,2677.179931640625,2677.179931640625,2669.96533203125,3100
2025-06-02,2688.010009765625,2775.4599609375,2680.9599609375,2754.050048828125,2746.628173828125,2400
2025-06-03,2753.0,2816.0,2728.010009765625,2740.989990234375,2733.603515625,2100
2025-06-04,2785.0,2813.320068359375,2729.60009765625,2729.60009765625,2722.244140625,2400
2025-06-05,2738.0,2795.610107421875,2728.0,2768.239990234375,2760.77978515625,2000
2025-06-06,2799.0,2822.449951171875,2760.0,2776.0400390625,2768.558837890625,2100
2025-06-09,2774.919921875,2806.27001953125,2694.0,2705.139892578125,2697.849853515625,3200
2025-06-10,2711.580078125,2756.02001953125,2697.77001953125,2725.72998046875,2718.38427734375,2400
2025-06-11,2763.0,2769.489990234375,2700.56005859375,2711.239990234375,2703.933349609375,1300
2025-06-12,2707.6201171875,2759.02001953125,2700.030029296875,2749.0,2741.591552734375,1400
2025-06-13,2738.10009765625,2770.6201171875,2698.929931640625,2698.929931640625,2691.656494140625,1300
2025-06-16,2698.0,2740.6298828125,2697.0,2720.10009765625,2712.769775390625,1600
2025-06-17,2707.300048828125,2756.699951171875,2697.0,2706.68994140625,2699.39599609375,2100
2025-06-18,2706.68994140625,2801.0,2706.68994140625,2790.080078125,2782.56103515625,2800
2025-06-20,2789.8701171875,2833.159912109375,2760.830078125,2828.669921875,2821.046875,2900
2025-06-23,2827.320068359375,2903.06005859375,2795.77001953125,2850.6298828125,2842.947509765625,2700
2025-06-24,2867.639892578125,2923.25,2860.219970703125,2905.25,2897.420654296875,2300
2025-06-25,2884.830078125,2938.75,2865.64990234375,2865.679931640625,2857.957275390625,2300
2025-06-26,2873.2900390625,2989.5400390625,2873.2900390625,2911.090087890625,2903.244873046875,3100
2025-06-27,2901.0,2925.3798828125,2744.889892578125,2843.2900390625,2835.62744140625,12100
2025-06-30,2818.10009765625,2892.919921875,2740.0,2861.199951171875,2853.489013671875,3700
2025-07-01,2853.56005859375,2973.0,2811.989990234375,2915.52001953125,2907.6630859375,3400
2025-07-02,2920.31005859375,3032.679931640625,2900.60009765625,3016.6298828125,3008.500244140625,3400
2025-07-03,3003.070068359375,3039.0,2995.0,3013.06005859375,3004.940185546875,1300
2025-07-07,3000.0,3034.300048828125,2970.06005859375,3012.8701171875,3004.750732421875,2000
2025-07-08,3004.0,3033.679931640625,2956.639892578125,2959.699951171875,2951.723876953125,2400
2025-07-09,2972.949951171875,3025.0,2953.02001953125,3023.669921875,3015.521484375,1900
2025-07-10,3020.0,3069.93994140625,2990.489990234375,3012.010009765625,3003.892822265625,1400
2025-07-11,3037.0,3050.0,2999.06005859375,3025.85009765625,3017.69580078125,1600
2025-07-14,3026.300048828125,3049.5,3005.409912109375,3024.800048828125,3016.648193359375,1200
2025-07-15,3029.39990234375,3050.14990234375,3004.27001953125,3030.02001953125,3021.854248046875,1400
2025-07-16,3019.0,3050.0,3000.4599609375,3043.010009765625,3034.8095703125,900
2025-07-17,3027.02001953125,3100.0,3022.320068359375,3081.93994140625,3073.63427734375,1700
2025-07-18,3074.989990234375,3099.699951171875,3039.10009765625,3062.570068359375,3054.31640625,1200
2025-07-21,3055.429931640625,3102.56005859375,3022.909912109375,3030.199951171875,3022.03369140625,1900
2025-07-22,3027.110107421875,3085.090087890625,2990.0,3054.419921875,3046.188720703125,1400
2025-07-23,3055.860107421875,3128.18994140625,3055.860107421875,3097.510009765625,3089.16259765625,2600
2025-07-24,3143.0,3148.169921875,3091.469970703125,3108.3798828125,3100.0029296875,1500
2025-07-25,3108.3798828125,3150.43994140625,3081.219970703125,3128.110107421875,3119.68017578125,1000
2025-07-28,3132.0,3150.0,3094.43994140625,3127.330078125,3118.902099609375,1000
2025-07-29,3101.10009765625,3185.760009765625,3100.5,3185.760009765625,3177.174560546875,1500
2025-07-30,3135.0,3262.2099609375,3117.360107421875,3220.429931640625,3211.751220703125,2600
2025-07-31,3249.489990234375,3260.5,3156.949951171875,3167.179931640625,3158.644775390625,1600
2025-08-01,3188.60009765625,3229.0,3157.4599609375,3168.580078125,3160.041015625,1600
2025-08-04,3181.31005859375,3398.0,3165.02001953125,3379.989990234375,3370.881103515625,3900
2025-08-05,3380.0,3494.43994140625,3340.010009765625,3483.0,3473.613525390625,3900
2025-08-06,3498.0,3538.35009765625,3450.0,3488.199951171875,3478.799560546875,2500
2025-08-07,3494.989990234375,3535.0,3489.97998046875,3517.6201171875,3508.14013671875,1500
2025-08-08,3515.989990234375,3548.780029296875,3487.72998046875,3526.090087890625,3518.838134765625,1800
2025-08-11,3526.0,3547.010009765625,3477.090087890625,3477.090087890625,3469.93896484375,1000
2025-08-12,3485.72998046875,3556.780029296875,3475.25,3541.7099609375,3534.426025390625,1100
2025-08-13,3536.669921875,3591.0,3500.1201171875,3576.02001953125,3568.66552734375,1000
2025-08-14,3550.5,3591.719970703125,3500.0,3510.0,3502.78125,1000
2025-08-15,3508.5400390625,3591.93994140625,3504.81005859375,3553.780029296875,3546.47119140625,1100
2025-08-18,3540.0,3584.8798828125,3512.050048828125,3578.179931640625,3570.821044921875,5400
2025-08-19,3588.0,3591.340087890625,3529.510009765625,3544.0,3536.711181640625,900
2025-08-20,3560.0,3576.989990234375,3512.81005859375,3538.3701171875,3531.0927734375,700
2025-08-21,3529.5,3610.080078125,3477.110107421875,3610.080078125,3602.655517578125,5400
2025-08-22,3600.0,3723.0,3581.919921875,3685.919921875,3678.33935546875,2700
2025-08-25,3699.989990234375,3744.56005859375,3660.52001953125,3690.610107421875,3683.019775390625,1700
2025-08-26,3688.3701171875,3747.3798828125,3668.9599609375,3708.68994140625,3701.062744140625,1600
2025-08-27,3739.75,3814.139892578125,3690.02001953125,3775.0,3767.236083984375,1900
2025-08-28,3813.6201171875,3941.110107421875,3729.18994140625,3925.7900390625,3917.71630859375,3700
2025-08-29,3920.0,4038.5400390625,3901.75,3969.199951171875,3961.036865234375,1800
2025-09-02,3958.840087890625,3963.449951171875,3900.02001953125,3950.5,3942.375244140625,2000
2025-09-03,3945.0,4035.64990234375,3929.330078125,4014.5400390625,4006.28369140625,2900
2025-09-04,3985.0,4028.800048828125,3935.02001953125,3949.780029296875,3941.656982421875,1400
2025-09-05,3988.0400390625,3999.7900390625,3913.85009765625,3941.5400390625,3933.433837890625,1000
2025-09-08,3890.52001953125,3976.06005859375,3875.02001953125,3969.030029296875,3960.8671875,1100
2025-09-09,3969.0,3970.0,3897.22998046875,3901.0,3892.97705078125,1500
2025-09-10,3903.830078125,3920.0,3828.760009765625,3878.699951171875,3870.72314453125,1200
2025-09-11,3881.179931640625,3958.570068359375,3868.7900390625,3944.469970703125,3936.357666015625,1300
2025-09-12,3989.8798828125,3992.0,3913.85009765625,3942.7900390625,3934.68115234375,1600
2025-09-15,3938.02001953125,3960.0,3868.2099609375,3884.2900390625,3876.3017578125,2200
2025-09-16,3887.5,3929.97998046875,3875.199951171875,3913.0,3904.95263671875,2100
2025-09-17,3914.409912109375,3992.0,3880.56005859375,3892.0,3883.995849609375,1800
2025-09-18,3889.2900390625,3923.64990234375,3855.39990234375,3875.0,3867.030517578125,900
2025-09-19,3899.0,3921.93994140625,3500.199951171875,3500.199951171875,3493.00146484375,10300
2025-09-22,3561.7099609375,3711.5,3550.0,3678.0,3670.435791015625,3000
2025-09-23,3681.93994140625,3723.89990234375,3605.1298828125,3674.080078125,3666.52392578125,2900
2025-09-24,3640.699951171875,3719.949951171875,3600.35009765625,3634.330078125,3626.855712890625,1500
2025-09-25,3658.669921875,3731.389892578125,3612.56005859375,3689.97998046875,3682.39111328125,1500
2025-09-26,3719.989990234375,3814.6201171875,3651.110107421875,3747.419921875,3739.712890625,2600
2025-09-29,3768.0,3769.989990234375,3659.39990234375,3670.989990234375,3663.43994140625,2900
2025-09-30,3672.89990234375,3733.070068359375,3644.3798828125,3647.0,3639.49951171875,2400
2025-10-01,3645.89990234375,3731.47998046875,3602.5,3703.090087890625,3695.474365234375,1900
2025-10-02,3678.080078125,3685.159912109375,3576.080078125,3617.550048828125,3610.1103515625,2500
2025-10-03,3618.0,3660.260009765625,3550.010009765625,3560.0,3552.678466796875,3300
2025-10-06,3559.0,3602.280029296875,3481.5,3514.60009765625,3507.3720703125,2000
2025-10-07,3518.77001953125,3579.75,3486.739990234375,3536.60009765625,3529.32666015625,2500
2025-10-08,3535.530029296875,3574.85009765625,3477.10009765625,3477.10009765625,3469.948974609375,1600
2025-10-09,3475.1201171875,3511.8701171875,3242.909912109375,3381.1201171875,3374.166748046875,4400
2025-10-10,3385.0,3428.77001953125,3329.550048828125,3366.64990234375,3359.72607421875,1500
2025-10-13,3382.280029296875,3399.550048828125,3350.0,3369.800048828125,3362.86962890625,1400
2025-10-14,3399.949951171875,3428.169921875,3243.300048828125,3389.219970703125,3382.249755859375,1400
2025-10-15,3388.919921875,3451.9599609375,3320.6201171875,3444.97998046875,3437.895263671875,1700
2025-10-16,3437.85009765625,3484.31005859375,3389.75,3439.800048828125,3432.7255859375,1500
2025-10-17,3415.159912109375,3471.719970703125,3341.02001953125,3406.090087890625,3399.085205078125,1300
2025-10-20,3430.0,3484.0,3390.050048828125,3435.949951171875,3428.88330078125,1100
2025-10-21,3450.5,3469.429931640625,3390.0,3434.489990234375,3427.42626953125,1300
2025-10-22,3401.010009765625,3458.18994140625,3271.22998046875,3293.389892578125,3286.61669921875,3400
2025-10-23,3325.5,3359.85009765625,3278.0400390625,3315.179931640625,3308.362060546875,1400
2025-10-24,3382.739990234375,3435.9599609375,3326.0,3340.989990234375,3334.118896484375,1500
2025-10-27,3339.7900390625,3353.0,3297.030029296875,3319.8701171875,3313.042236328125,1500
2025-10-28,3335.989990234375,3353.0,3273.02001953125,3280.0,3273.254150390625,1200
2025-10-29,3325.2099609375,3329.669921875,3165.659912109375,3218.0,3211.3818359375,2000
2025-10-30,3170.330078125,3312.0,3140.010009765625,3310.47998046875,3303.671630859375,2000
2025-10-31,3280.0,3394.0,3267.4599609375,3369.97998046875,3363.049072265625,1300
2025-11-03,3323.199951171875,3598.469970703125,3323.199951171875,3598.469970703125,3591.069091796875,5100
2025-11-04,3600.0,3669.39990234375,3561.0,3606.5,3599.082763671875,5400
2025-11-05,3678.090087890625,3721.0,3580.0,3682.0,3674.42724609375,8400
2025-11-06,3656.610107421875,3826.72998046875,3600.60009765625,3776.2099609375,3768.44384765625,12100
2025-11-07,3794.909912109375,3804.909912109375,3644.419921875,3705.2900390625,3699.8740234375,4500
2025-11-10,3701.199951171875,3833.0,3681.7099609375,3809.010009765625,3803.4423828125,8900
2025-11-11,3789.14990234375,3910.0,3706.10009765625,3889.989990234375,3884.303955078125,11000
2025-11-12,3895.360107421875,3976.47998046875,3843.0,3896.489990234375,3890.79443359375,12800
2025-11-13,3896.489990234375,4029.989990234375,3858.169921875,4014.510009765625,4008.642333984375,10900
2025-11-14,3991.0,4158.0,3951.0,4120.22021484375,4114.19775390625,13900
2025-11-17,4150.0,4150.0,3972.679931640625,4038.52001953125,4032.6171875,13100
2025-11-18,4042.0,4070.0,3889.260009765625,4045.93994140625,4040.02587890625,18200
2025-11-19,4074.0,4219.2998046875,4074.0,4173.75,4167.6494140625,13700
2025-11-20,4159.990234375,4200.0,4105.2900390625,4184.2998046875,4178.18310546875,11300
2025-11-21,4142.0,4318.5,4142.0,4284.97998046875,4278.716796875,11700
2025-11-24,4284.0,4455.0,4259.0,4392.35986328125,4385.939453125,14000
2025-11-25,4363.759765625,4585.0,4363.759765625,4581.81982421875,4575.123046875,15500
2025-11-26,4596.0498046875,4728.4501953125,4532.35009765625,4647.18994140625,4640.3974609375,10800
2025-11-28,4675.7001953125,4740.0,4605.0,4679.56982421875,4672.7294921875,7600
2025-12-01,4653.169921875,4779.77001953125,4593.0,4697.259765625,4690.39404296875,10500
2025-12-02,4696.7998046875,4785.0,4646.43017578125,4689.72021484375,4682.865234375,14900
2025-12-03,4690.0,4800.0,4461.56982421875,4537.89990234375,4531.2666015625,13500
2025-12-04,4537.89990234375,4579.0,4392.0,4393.31982421875,4386.89794921875,9800
2025-12-05,4466.02978515625,4466.02978515625,4290.02001953125,4400.83984375,4394.4072265625,10400
2025-12-08,4356.83984375,4400.0,4263.25,4263.25,4257.0185546875,19300
2025-12-09,4292.52978515625,4385.169921875,4228.31005859375,4385.169921875,4378.76025390625,11800
2025-12-10,4358.2998046875,4539.990234375,4316.0,4406.35009765625,4399.9091796875,17000
2025-12-11,4416.2900390625,4510.0,4390.0,4413.91015625,4407.45849609375,13700
2025-12-12,4457.990234375,4481.0,4399.0,4421.4599609375,4414.99755859375,10600
2025-12-15,4405.0,4515.0,4335.0,4494.759765625,4488.18994140625,10900
2025-12-16,4500.0,4525.0,4430.0,4430.0,4423.5244140625,13200
2025-12-17,4430.0,4435.0,4296.0,4332.72998046875,4326.39697265625,13400
2025-12-18,4374.27978515625,4469.0,4318.830078125,4447.3701171875,4440.869140625,10400
2025-12-19,4414.22998046875,4473.52978515625,4380.22998046875,4438.10009765625,4431.61328125,16900
2025-12-22,4438.0,4470.0,4355.0,4367.14990234375,4360.7666015625,10900
2025-12-23,4366.64990234375,4370.0,4254.60009765625,4281.009765625,4274.75244140625,11100
2025-12-24,4280.0,4445.0,4238.97021484375,4385.0,4378.59033203125,9900
2025-12-26,4368.06005859375,4420.0,4359.0,4369.0,4362.61376953125,10900
2025-12-29,4374.240234375,4418.240234375,4337.0,4391.47021484375,4385.05126953125,10700
2025-12-30,4410.0,4482.68017578125,4376.1201171875,4468.990234375,4462.4580078125,12100
2025-12-31,4449.5,4545.0,4410.0,4444.81982421875,4438.32275390625,19500
2026-01-02,4428.0,4510.0,4369.33984375,4423.240234375,4416.77490234375,29300
2026-01-05,4407.169921875,4474.97998046875,4290.39990234375,4371.02001953125,4364.630859375,18900
2026-01-06,4385.0,4639.14990234375,4385.0,4572.580078125,4565.896484375,15700
2026-01-07,4590.0,4645.5,4475.0,4612.83984375,4606.09716796875,13800
2026-01-08,4608.080078125,4700.0,4366.41015625,4461.0,4454.4794921875,16900
2026-01-09,4430.0,4544.080078125,4366.81982421875,4406.64013671875,4400.19921875,16700
2026-01-12,4423.0,4497.5,4381.0,4424.0,4417.53369140625,14900
2026-01-13,4412.259765625,4576.4599609375,4390.0,4561.0,4554.3330078125,13500
2026-01-14,4568.0,4719.0,4568.0,4698.740234375,4691.8720703125,12100
2026-01-15,4727.83984375,4752.60009765625,4632.10009765625,4635.0,4628.22509765625,12400
2026-01-16,4656.7900390625,4695.52001953125,4554.009765625,4695.52001953125,4688.65673828125,13600
2026-01-20,4674.85986328125,4772.580078125,4615.0,4760.35009765625,4753.39208984375,22200
2026-01-21,4780.35986328125,4927.56005859375,4777.0,4884.0400390625,4876.90087890625,19000
2026-01-22,4901.31005859375,4956.10986328125,4820.0,4833.02001953125,4825.95556640625,30000
2026-01-23,4840.0,4886.14013671875,4750.41015625,4876.669921875,4869.5419921875,21400
2026-01-26,4880.02978515625,5050.0,4860.58984375,4919.4599609375,4912.26904296875,22500
2026-01-27,4916.52978515625,5048.0,4855.830078125,5038.7099609375,5031.3447265625,24400
2026-01-28,5042.18994140625,5096.0,4909.0400390625,4937.43017578125,4930.21337890625,24700
2026-01-29,4933.330078125,5058.43017578125,4880.0,5027.22998046875,5019.88134765625,17700
2026-01-30,5021.85986328125,5082.27978515625,4906.990234375,5082.27978515625,5074.8515625,18600
2026-02-02,5081.14990234375,5242.0,5047.5,5136.990234375,5129.4814453125,16200
2026-02-03,5100.0,5375.89990234375,5065.0,5310.509765625,5302.748046875,22200
2026-02-04,5331.0400390625,5433.009765625,5309.52978515625,5335.0,5327.2021484375,14200
2026-02-05,5335.759765625,5510.0,5320.0,5469.43017578125,5461.435546875,13100
2026-02-06,5469.0,5559.080078125,5402.39990234375,5434.72998046875,5426.7861328125,29400
2026-02-09,5439.9501953125,5515.2001953125,5359.0,5493.2998046875,5485.2705078125,17100
2026-02-10,5474.8701171875,5570.0,5321.52001953125,5464.7001953125,5456.712890625,23400
2026-02-11,5492.60009765625,5568.89013671875,5436.330078125,5568.89013671875,5560.75,25000
2026-02-12,5550.0,5654.0,5450.009765625,5587.66015625,5579.4931640625,13500
2026-02-13,5560.35986328125,5629.56982421875,5180.0,5373.93017578125,5366.0751953125,35000
2026-02-17,5372.60986328125,5500.0,4790.0,4915.02001953125,4907.8359375,36600
2026-02-18,4876.7998046875,4987.35009765625,4876.7998046875,4919.27978515625,4912.08935546875,17000
2026-02-19,4917.6298828125,4950.0,4828.0,4866.75,4859.63623046875,23500
2026-02-20,4898.0,5010.66015625,4800.0,4933.10986328125,4925.89892578125,25200
2026-02-23,4941.06982421875,5027.830078125,4868.06005859375,4875.77978515625,4870.8740234375,19000
2026-02-24,4893.14013671875,5012.8798828125,4870.10986328125,4988.02001953125,4983.001953125,12600
2026-02-25,5005.0,5036.169921875,4916.47998046875,5010.0,5004.95947265625,13200
2026-02-26,4992.97021484375,5060.0,4914.35009765625,4986.4599609375,4981.443359375,20700
2026-02-27,4971.14990234375,5145.0,4945.0,5132.7001953125,5127.5361328125,23200
2026-03-02,5095.830078125,5189.72021484375,5040.0,5182.39013671875,5177.17626953125,37600
2026-03-03,5146.14990234375,5185.0,4938.0,5022.68994140625,5017.63671875,24300
2026-03-04,5043.330078125,5154.0,4982.0,5017.08984375,5012.0419921875,29300
2026-03-05,5003.14013671875,5092.68994140625,4915.0,5028.830078125,5023.77099609375,25900
2026-03-06,4987.81005859375,5150.56982421875,4980.89990234375,5015.75,5010.7041015625,34800
2026-03-09,4967.7099609375,5075.0,4575.0,4862.35986328125,4857.46826171875,34900
2026-03-10,4841.06982421875,5001.0,4806.0,4976.009765625,4971.00390625,30200
2026-03-11,4991.490234375,5120.0,4886.64013671875,4949.0400390625,4944.06103515625,24600
2026-03-12,4917.77978515625,5048.0,4880.0,4996.81005859375,4991.78271484375,25700
2026-03-13,5015.0,5123.66015625,4994.16015625,5025.990234375,5020.93408203125,14600
2026-03-16,5100.0,5178.10009765625,4988.5498046875,5001.990234375,4996.9580078125,16700
2026-03-17,4971.169921875,5005.68017578125,4811.0,4941.5400390625,4936.568359375,19300
2026-03-18,4940.0,5005.0,4896.93994140625,4964.1201171875,4959.1259765625,20100
2026-03-19,4991.4599609375,5073.56005859375,4933.5400390625,5056.43994140625,5051.35302734375,12500
2026-03-20,5101.259765625,5101.259765625,4848.0400390625,4922.2900390625,4917.337890625,16800
2026-03-23,4944.0,5033.60009765625,4909.0,4968.56982421875,4963.5712890625,9800
2026-03-24,4976.06005859375,5225.0,4976.06005859375,5208.35009765625,5203.10986328125,15000
2026-03-25,5235.22998046875,5457.77001953125,5208.0,5405.2998046875,5399.86181640625,11400
2026-03-26,5366.66015625,5492.0,5319.0,5435.97021484375,5430.50146484375,14800
2026-03-27,5400.0,5579.02978515625,5400.0,5554.43017578125,5548.84228515625,17000
2026-03-30,5540.77001953125,5579.5,5456.1298828125,5515.0,5509.45166015625,9400
2026-03-31,5509.0,5717.14013671875,5509.0,5654.02001953125,5648.33203125,10700
2026-04-01,5700.0,5791.0498046875,5669.5,5761.2099609375,5755.4140625,8000
2026-04-02,5730.0,5932.39013671875,5690.009765625,5906.77978515625,5900.83740234375,11200
2026-04-06,5911.4501953125,5911.4501953125,5726.97998046875,5807.52001953125,5801.67724609375,12300
2026-04-07,5792.919921875,5888.3701171875,5768.47021484375,5769.97021484375,5764.1650390625,12300
2026-04-08,5814.93017578125,5873.1298828125,5630.64990234375,5868.419921875,5862.515625,18400
2026-04-09,5825.5498046875,5974.02978515625,5806.0,5958.89013671875,5952.89501953125,12300
2026-04-10,5923.0,5989.3701171875,5580.0,5791.830078125,5786.0029296875,14300
2026-04-13,5804.919921875,5820.6298828125,5715.330078125,5799.08984375,5793.255859375,15300
2026-04-14,5760.0,5806.509765625,5700.0,5749.83984375,5744.05517578125,10100
2026-04-15,5722.7099609375,5800.0,5535.0,5591.43017578125,5585.8046875,9800
2026-04-16,5636.0,5727.5400390625,5509.60986328125,5557.740234375,5552.14892578125,10100
2026-04-17,5553.8798828125,5600.0,5398.22021484375,5539.2900390625,5533.71728515625,11700
2026-04-20,5518.330078125,5649.75,5480.0,5634.27978515625,5628.611328125,10600
2026-04-21,5637.3701171875,5834.85986328125,5599.02001953125,5786.2001953125,5780.37890625,11800
2026-04-22,5810.0400390625,5964.1201171875,5787.68017578125,5795.259765625,5789.4296875,8700
2026-04-23,5795.5,5870.0,5719.75,5824.35986328125,5818.5,10800
2026-04-24,5852.85009765625,5852.85009765625,5714.0,5833.06005859375,5827.19189453125,8600
2026-04-27,5853.259765625,5949.169921875,5820.0,5870.52978515625,5864.62353515625,8000
2026-04-28,5905.9501953125,5961.759765625,5781.75,5833.0498046875,5827.181640625,10400
2026-04-29,5855.0,5855.0,5313.4501953125,5396.64013671875,5391.21044921875,16400
2026-04-30,5474.22998046875,5702.81982421875,5474.22998046875,5685.93017578125,5680.2099609375,6500
2026-05-01,5718.41015625,5810.22998046875,5572.22021484375,5574.83984375,5569.23095703125,7300
2026-05-04,5597.97021484375,5619.18994140625,5507.66015625,5584.31005859375,5578.69189453125,7300
2026-05-05,5595.0498046875,5793.740234375,5595.0498046875,5687.08984375,5681.36865234375,3900
2026-05-06,5687.08984375,5687.14013671875,4897.68017578125,4903.81982421875,4898.88623046875,7200
2026-05-07,4846.41015625,4901.25,4512.18017578125,4527.18994140625,4522.63525390625,8300
2026-05-08,4532.0,4590.2099609375,4278.080078125,4540.14013671875,4535.57275390625,6900
2026-05-11,4563.66015625,4706.169921875,4560.009765625,4592.1298828125,4587.51025390625,5700
2026-05-12,4572.259765625,4664.5498046875,4471.02978515625,4639.990234375,4635.322265625,6000
2026-05-13,4653.5400390625,4751.25,4603.009765625,4751.25,4746.4697265625,7200
2026-05-14,4690.0,4798.0,4663.06982421875,4712.27978515625,4707.5390625,7300
2026-05-15,4632.60009765625,4776.2900390625,4599.22021484375,4655.41015625,4652.9482421875,4100
2026-05-18,4627.7001953125,4709.52978515625,4620.43017578125,4653.02978515625,4650.5693359375,5500
2026-05-19,4605.52001953125,4941.0498046875,4580.60009765625,4811.2998046875,4808.75537109375,10300
2026-05-20,4843.240234375,5069.64990234375,4832.759765625,4995.080078125,4992.4384765625,9600
2026-05-21,4976.56982421875,5080.64013671875,4901.56982421875,5029.5498046875,5026.89013671875,8300
2026-05-22,4996.16015625,5056.7099609375,4861.0,4921.4599609375,4918.857421875,6300
2026-05-26,4944.72998046875,4995.2001953125,4763.68994140625,4911.2900390625,4908.69287109375,13600
2026-05-27,4885.1298828125,5121.81005859375,4885.1298828125,5049.509765625,5046.83935546875,15900
2026-05-28,5036.72021484375,5155.89013671875,5032.5400390625,5047.22021484375,5044.55126953125,11300
2026-05-29,5090.2998046875,5228.18994140625,5032.009765625,5081.93017578125,5079.24267578125,20100
2026-06-01,5085.22021484375,5261.68994140625,5012.72998046875,5195.22021484375,5192.47314453125,11600
2026-06-02,5055.58984375,5291.41015625,5050.02978515625,5254.60009765625,5251.8212890625,12200
2026-06-03,5258.85986328125,5354.2001953125,5208.2998046875,5258.10009765625,5255.3193359375,7400
2026-06-04,5300.0,5391.52001953125,5222.669921875,5360.7099609375,5357.875,12100
2026-06-05,5387.990234375,5522.5498046875,5252.77978515625,5433.10009765625,5430.22705078125,11400
2026-06-08,5483.3798828125,5521.580078125,5086.7001953125,5086.7001953125,5084.01025390625,14700
2026-06-09,5130.60009765625,5185.990234375,4832.3701171875,5048.16015625,5045.49072265625,13600
2026-06-10,5088.97998046875,5224.66015625,5071.990234375,5173.35009765625,5170.6142578125,11600
2026-06-11,5217.60986328125,5310.0,5143.0,5223.97998046875,5221.21728515625,7900
2026-06-12,5200.85986328125,5326.31982421875,5100.0,5317.39013671875,5314.578125,12300
2026-06-15,5328.97998046875,5356.35986328125,5065.2099609375,5198.0498046875,5195.30078125,16700
2026-06-16,5183.27978515625,5183.27978515625,4923.35986328125,5067.009765625,5064.330078125,19900
2026-06-17,5079.830078125,5100.169921875,4797.1298828125,4867.39013671875,4864.81640625,9100
2026-06-18,4848.759765625,4954.669921875,4745.009765625,4795.0,4792.46435546875,9800
2026-06-22,4809.7099609375,4858.0,4737.18017578125,4848.6298828125,4846.06591796875,7900
2026-06-23,4898.0,4936.41015625,4821.72021484375,4888.0,4885.4150390625,11800
2026-06-24,4911.990234375,4977.5,4688.85009765625,4777.41015625,4774.8837890625,9200
2026-06-25,4711.02001953125,4875.0,4663.56005859375,4735.669921875,4733.16552734375,6100
2026-06-26,4747.68994140625,4839.93994140625,4656.77978515625,4738.080078125,4735.57470703125,5200
2026-06-29,4760.0,4761.97021484375,4506.02978515625,4591.22998046875,4588.80224609375,4800
2026-06-30,4604.2001953125,4625.0,4464.330078125,4464.330078125,4461.96923828125,4600
2026-07-01,4499.990234375,4510.169921875,4290.990234375,4339.93994140625,4337.64501953125,4400
2026-07-02,4353.06982421875,4434.97998046875,4322.669921875,4337.14990234375,4334.8564453125,4500
2026-07-06,4339.93017578125,4506.1201171875,4339.93017578125,4431.7998046875,4429.4560546875,9800
2026-07-07,4405.52001953125,4520.0,4390.85986328125,4451.08984375,4448.73583984375,7500
2026-07-08,4489.89013671875,4621.9501953125,4430.16015625,4531.0,4528.60400390625,6900
2026-07-09,4500.0,4615.39013671875,4500.0,4578.1298828125,4575.708984375,3900
2026-07-10,4580.0,4687.0,4517.72021484375,4665.5,4663.03271484375,4400
2026-07-13,4697.97998046875,4739.759765625,4634.9501953125,4705.56005859375,4703.07177734375,3500
2026-07-14,4701.31982421875,4701.35986328125,4600.009765625,4645.75,4643.29345703125,3600
2026-07-15,4757.31982421875,4762.5,4644.22998046875,4665.93994140625,4663.47265625,4300
2026-07-16,4674.0498046875,4762.8798828125,4582.6201171875,4588.75,4586.3232421875,3100
2026-07-17,4646.0,4680.9599609375,4486.2900390625,4535.81005859375,4533.41162109375,3100
2026-07-20,4574.740234375,4597.990234375,4469.52978515625,4531.5400390625,4529.1435546875,3000
2026-07-21,4531.0,4539.06982421875,4396.35009765625,4526.22998046875,4523.83642578125,3800
2026-07-22,4565.27978515625,4692.39990234375,4545.7001953125,4618.02001953125,4615.578125,2600
2026-07-23,4605.93994140625,4637.4599609375,4511.91015625,4621.77001953125,4619.326171875,2400
2026-07-24,4650.0,4732.0,4650.0,4714.4501953125,4711.95703125,2500
2026-07-27,4680.009765625,4707.10009765625,4575.0,4610.47021484375,4608.0322265625,5700
2026-07-28,4682.22998046875,4690.169921875,4495.14013671875,4548.60986328125,4546.20458984375,6000
2026-07-29,4548.60986328125,4588.580078125,4455.009765625,4588.580078125,4586.15380859375,10200
2026-07-30,4551.35986328125,4562.7998046875,4505.27001953125,4505.27001953125,4502.8876953125,4300
2026-07-31,4492.68994140625,4539.990234375,4395.259765625,4413.259765625,4410.92578125,4600
2026-08-03,4399.77978515625,4466.75,4340.68017578125,4393.4599609375,4391.13671875,8800
2026-08-04,4439.39013671875,4439.39013671875,4290.0,4392.35009765625,4390.02734375,10800
2026-08-05,4499.89990234375,4719.169921875,4282.81982421875,4303.669921875,4301.39404296875,10900
2026-08-06,4315.0,4355.0,4089.0400390625,4279.0,4276.7373046875,14600
2026-08-07,4169.8798828125,4316.31982421875,4169.8798828125,4240.64013671875,4238.3974609375,19500
2026-08-10,4239.77978515625,4340.0,4138.39990234375,4239.16015625,4236.91845703125,28500
2026-08-11,4243.39990234375,4243.39990234375,4068.169921875,4169.64013671875,4167.43505859375,21100
2026-08-12,4135.72021484375,4272.4501953125,4135.72021484375,4201.35009765625,4199.12841796875,15800
2026-08-13,4228.4501953125,4298.64990234375,4179.0,4254.58984375,4252.33984375,13300
2026-08-14,4183.52197265625,4364.14990234375,4183.52197265625,4364.14990234375,4364.14990234375,20451
