Datetime,Open,High,Low,Close,Adj Close,Volume
2026-08-10 09:30:00,392.8399963378906,393.7969970703125,391.2449951171875,391.7099914550781,391.7099914550781,32218
2026-08-10 09:31:00,392.6400146484375,392.760009765625,389.2000122070313,389.3949890136719,389.3949890136719,7948
2026-08-10 09:32:00,389.18499755859375,390.8800048828125,389.0299987792969,390.8800048828125,390.8800048828125,10739
2026-08-10 09:33:00,390.2999877929688,390.5700073242188,389.2300109863281,389.8500061035156,389.8500061035156,6465
2026-08-10 09:34:00,389.239990234375,389.6925048828125,387.5700073242188,388.2749938964844,388.2749938964844,11799
2026-08-10 09:35:00,388.1400146484375,389.8200073242188,388.0700073242188,389.8200073242188,389.8200073242188,10989
2026-08-10 09:36:00,389.9599914550781,389.9700012207031,387.5799865722656,387.885009765625,387.885009765625,10066
2026-08-10 09:37:00,388.0,389.5199890136719,387.6000061035156,389.3800048828125,389.3800048828125,9194
2026-08-10 09:38:00,388.8699951171875,389.5950012207031,388.7591857910156,389.5299987792969,389.5299987792969,7914
2026-08-10 09:39:00,389.5299987792969,390.4400024414063,388.9901123046875,390.260009765625,390.260009765625,5854
2026-08-10 09:40:00,390.135009765625,390.3800048828125,389.0899963378906,389.7724914550781,389.7724914550781,8373
2026-08-10 09:41:00,389.7300109863281,389.7300109863281,388.6600036621094,389.2149963378906,389.2149963378906,9728
2026-08-10 09:42:00,389.3500061035156,389.4400024414063,388.91009521484375,389.4200134277344,389.4200134277344,6552
2026-08-10 09:43:00,389.4249877929688,389.4700012207031,388.6300048828125,388.6499938964844,388.6499938964844,7345
2026-08-10 09:44:00,388.7250061035156,388.7999877929688,388.25,388.4849853515625,388.4849853515625,5500
2026-08-10 09:45:00,388.4849853515625,389.1900024414063,388.25,388.3349914550781,388.3349914550781,7496
2026-08-10 09:46:00,388.364990234375,389.3250122070313,388.0350036621094,389.3250122070313,389.3250122070313,5206
2026-08-10 09:47:00,389.3299865722656,389.5,389.05999755859375,389.3999938964844,389.3999938964844,4425
2026-08-10 09:48:00,389.1400146484375,389.1749877929688,388.3800048828125,388.6400146484375,388.6400146484375,6149
2026-08-10 09:49:00,388.635009765625,388.7950134277344,387.9700012207031,388.2099914550781,388.2099914550781,6179
2026-08-10 09:50:00,388.447509765625,388.7900085449219,387.8900146484375,388.2799987792969,388.2799987792969,8775
2026-08-10 09:51:00,388.4849853515625,388.5999145507813,387.510009765625,388.25,388.25,6354
2026-08-10 09:52:00,388.2999877929688,388.2999877929688,386.9100036621094,387.30999755859375,387.30999755859375,5338
2026-08-10 09:53:00,387.0700073242188,387.2000122070313,386.55999755859375,387.0849914550781,387.0849914550781,3464
2026-08-10 09:54:00,387.2699890136719,388.9400024414063,386.2999877929688,386.3200073242188,386.3200073242188,8671
2026-08-10 09:55:00,386.3200073242188,386.7300109863281,386.1099853515625,386.3500061035156,386.3500061035156,8490
2026-08-10 09:56:00,386.6449890136719,387.0350036621094,386.6199951171875,387.0350036621094,387.0350036621094,11140
2026-08-10 09:57:00,386.885009765625,387.23150634765625,386.6799926757813,386.6799926757813,386.6799926757813,10485
2026-08-10 09:58:00,386.8200073242188,387.0,386.3599853515625,386.989990234375,386.989990234375,2574
2026-08-10 09:59:00,386.4299926757813,386.6400146484375,386.0,386.6400146484375,386.6400146484375,6038
2026-08-10 10:00:00,386.465087890625,387.0975036621094,386.465087890625,387.0975036621094,387.0975036621094,14481
2026-08-10 10:01:00,387.1174926757813,388.3349914550781,387.1174926757813,388.2950134277344,388.2950134277344,16495
2026-08-10 10:02:00,388.2950134277344,388.3599853515625,387.9800109863281,388.1300048828125,388.1300048828125,13390
2026-08-10 10:03:00,388.2099914550781,388.7999877929688,388.05999755859375,388.260009765625,388.260009765625,7274
2026-08-10 10:04:00,388.4249877929688,388.9200134277344,388.2900085449219,388.9200134277344,388.9200134277344,7267
2026-08-10 10:05:00,388.80999755859375,389.2799987792969,388.80999755859375,388.9599914550781,388.9599914550781,6188
2026-08-10 10:06:00,388.8999938964844,389.18499755859375,388.8699951171875,389.1375122070313,389.1375122070313,1651
2026-08-10 10:07:00,389.1600036621094,389.364990234375,389.0,389.1400146484375,389.1400146484375,10530
2026-08-10 10:08:00,389.0199890136719,389.05999755859375,388.739990234375,388.8500061035156,388.8500061035156,7845
2026-08-10 10:09:00,389.04730224609375,389.04730224609375,388.3900146484375,388.864990234375,388.864990234375,3188
2026-08-10 10:10:00,388.864990234375,389.3049926757813,388.864990234375,389.0650024414063,389.0650024414063,2005
2026-08-10 10:11:00,389.0650024414063,389.6059875488281,388.8699951171875,389.5799865722656,389.5799865722656,3850
2026-08-10 10:12:00,389.5549926757813,389.5549926757813,389.2200012207031,389.3699951171875,389.3699951171875,2847
2026-08-10 10:13:00,389.25,389.4450073242188,388.9500122070313,389.1570129394531,389.1570129394531,7056
2026-08-10 10:14:00,389.3049926757813,389.4999084472656,389.1099853515625,389.4999084472656,389.4999084472656,2607
2026-08-10 10:15:00,389.2950134277344,389.989990234375,389.2950134277344,389.7799987792969,389.7799987792969,2693
2026-08-10 10:16:00,389.760009765625,389.760009765625,389.3299865722656,389.7349853515625,389.7349853515625,4399
2026-08-10 10:17:00,389.7349853515625,390.1000061035156,389.7174987792969,389.7749938964844,389.7749938964844,2344
2026-08-10 10:18:00,389.8900146484375,389.9400024414063,389.0150146484375,389.0150146484375,389.0150146484375,4498
2026-08-10 10:19:00,389.0249938964844,389.0249938964844,388.760009765625,388.8699951171875,388.8699951171875,4034
2026-08-10 10:20:00,388.6405029296875,389.3550109863281,388.6405029296875,389.2200012207031,389.2200012207031,5257
2026-08-10 10:21:00,389.2099914550781,389.4150085449219,388.9375,388.9375,388.9375,4282
2026-08-10 10:22:00,388.989990234375,389.2000122070313,388.7099914550781,388.9249877929688,388.9249877929688,5404
2026-08-10 10:23:00,388.93499755859375,388.93499755859375,388.6700134277344,388.8299865722656,388.8299865722656,3038
2026-08-10 10:24:00,388.9400024414063,389.0280151367188,388.4400024414063,388.510009765625,388.510009765625,4111
2026-08-10 10:25:00,388.5849914550781,388.7300109863281,388.37200927734375,388.7300109863281,388.7300109863281,1775
2026-08-10 10:26:00,388.9100036621094,389.2051086425781,388.6700134277344,388.9049987792969,388.9049987792969,3224
2026-08-10 10:27:00,389.1099853515625,389.3049926757813,388.93499755859375,389.0050048828125,389.0050048828125,3779
2026-08-10 10:28:00,389.1549987792969,389.1550903320313,388.9200134277344,388.9949951171875,388.9949951171875,1179
2026-08-10 10:29:00,389.3200073242188,389.3699951171875,388.7200012207031,388.989990234375,388.989990234375,2195
2026-08-10 10:30:00,388.7300109863281,389.1900024414063,388.6000061035156,389.0199890136719,389.0199890136719,8025
2026-08-10 10:31:00,389.0400085449219,389.3500061035156,388.75,389.2449951171875,389.2449951171875,3562
2026-08-10 10:32:00,389.239990234375,389.239990234375,388.8399963378906,388.8875122070313,388.8875122070313,2498
2026-08-10 10:33:00,388.9400024414063,388.9400024414063,388.3949890136719,388.4849853515625,388.4849853515625,3667
2026-08-10 10:34:00,388.4549865722656,389.010009765625,388.4525146484375,388.8500061035156,388.8500061035156,2721
2026-08-10 10:35:00,388.7799987792969,388.8150024414063,388.4400024414063,388.7000122070313,388.7000122070313,5275
2026-08-10 10:36:00,388.7000122070313,388.7000122070313,388.4049987792969,388.4949951171875,388.4949951171875,1493
2026-08-10 10:37:00,388.5299987792969,388.5849914550781,388.3599853515625,388.4800109863281,388.4800109863281,3058
2026-08-10 10:38:00,388.5,388.5,388.0450134277344,388.0700073242188,388.0700073242188,4929
2026-08-10 10:39:00,388.1109008789063,388.5639953613281,388.0899963378906,388.3800048828125,388.3800048828125,5002
2026-08-10 10:40:00,388.4599914550781,388.5199890136719,388.1900024414063,388.1900024414063,388.1900024414063,2624
2026-08-10 10:41:00,388.3500061035156,388.5150146484375,388.2099914550781,388.4599914550781,388.4599914550781,1281
2026-08-10 10:42:00,388.2749938964844,388.4198913574219,387.8999938964844,388.4198913574219,388.4198913574219,666
2026-08-10 10:43:00,388.0299987792969,388.114990234375,387.7105102539063,387.93499755859375,387.93499755859375,2313
2026-08-10 10:44:00,387.93499755859375,387.9400024414063,387.8949890136719,387.8999938964844,387.8999938964844,628
2026-08-10 10:45:00,387.9949951171875,388.30999755859375,387.93499755859375,388.3049926757813,388.3049926757813,3046
2026-08-10 10:46:00,388.4200134277344,388.5700073242188,388.2349853515625,388.5700073242188,388.5700073242188,4509
2026-08-10 10:47:00,388.5,388.7449951171875,388.2900085449219,388.2900085449219,388.2900085449219,1741
2026-08-10 10:48:00,388.4299926757813,388.593994140625,388.25,388.4549865722656,388.4549865722656,2571
2026-08-10 10:49:00,388.4549865722656,388.4549865722656,388.2749938964844,388.3500061035156,388.3500061035156,2122
2026-08-10 10:50:00,388.3500061035156,388.4400024414063,388.1000061035156,388.1000061035156,388.1000061035156,2058
2026-08-10 10:51:00,388.0050048828125,388.0450134277344,387.7049865722656,387.7049865722656,387.7049865722656,1769
2026-08-10 10:52:00,387.55999755859375,387.6000061035156,387.1199951171875,387.1199951171875,387.1199951171875,2611
2026-08-10 10:53:00,387.0899963378906,387.3299865722656,387.05999755859375,387.18499755859375,387.18499755859375,3880
2026-08-10 10:54:00,387.18499755859375,387.18499755859375,386.614990234375,386.614990234375,386.614990234375,7764
2026-08-10 10:55:00,386.4700012207031,386.6199951171875,386.4700012207031,386.6199951171875,386.6199951171875,1464
2026-08-10 10:56:00,386.8299865722656,387.1325073242188,386.6449890136719,387.0650024414063,387.0650024414063,3518
2026-08-10 10:57:00,386.9599914550781,386.9599914550781,386.0299987792969,386.0299987792969,386.0299987792969,2924
2026-08-10 10:58:00,386.2749938964844,386.3800048828125,386.0400085449219,386.0400085449219,386.0400085449219,2450
2026-08-10 10:59:00,386.0400085449219,386.1050109863281,385.5650024414063,385.5650024414063,385.5650024414063,3042
2026-08-10 11:00:00,385.4849853515625,385.7699890136719,385.260009765625,385.260009765625,385.260009765625,4851
2026-08-10 11:01:00,385.2300109863281,385.7550048828125,385.05999755859375,385.7550048828125,385.7550048828125,2590
2026-08-10 11:02:00,385.5199890136719,385.5849914550781,385.239990234375,385.239990234375,385.239990234375,3172
2026-08-10 11:03:00,385.260009765625,385.6950073242188,385.25,385.2799987792969,385.2799987792969,2198
2026-08-10 11:04:00,385.3125,385.8450012207031,385.3125,385.8450012207031,385.8450012207031,1968
2026-08-10 11:05:00,386.0400085449219,386.1099853515625,385.5499877929688,385.8550109863281,385.8550109863281,3503
2026-08-10 11:06:00,385.5799865722656,385.8924865722656,385.4200134277344,385.5499877929688,385.5499877929688,2691
2026-08-10 11:07:00,385.5899963378906,386.1050109863281,385.5499877929688,385.8250122070313,385.8250122070313,4390
2026-08-10 11:08:00,385.8250122070313,385.8299865722656,385.3399963378906,385.3399963378906,385.3399963378906,2909
2026-08-10 11:09:00,385.2449951171875,385.2449951171875,384.9299926757813,384.9299926757813,384.9299926757813,2027
2026-08-10 11:10:00,385.010009765625,385.6199951171875,384.9100036621094,385.6199951171875,385.6199951171875,2458
2026-08-10 11:11:00,385.6199951171875,385.9549865722656,385.489990234375,385.7099914550781,385.7099914550781,2342
2026-08-10 11:12:00,385.9249877929688,385.93499755859375,385.385009765625,385.385009765625,385.385009765625,2303
2026-08-10 11:13:00,385.4549865722656,385.760009765625,385.4549865722656,385.4800109863281,385.4800109863281,1898
2026-08-10 11:14:00,385.7250061035156,385.7550048828125,385.202392578125,385.5400085449219,385.5400085449219,2822
2026-08-10 11:15:00,385.4200134277344,386.2200012207031,385.4200134277344,386.2200012207031,386.2200012207031,1515
2026-08-10 11:16:00,386.0799865722656,386.1600036621094,385.8699951171875,385.9200134277344,385.9200134277344,4758
2026-08-10 11:17:00,385.9200134277344,386.18499755859375,385.9200134277344,386.0350036621094,386.0350036621094,2717
2026-08-10 11:18:00,386.1449890136719,386.2799987792969,386.010009765625,386.010009765625,386.010009765625,2828
2026-08-10 11:19:00,385.9800109863281,386.4450073242188,385.9800109863281,386.3049926757813,386.3049926757813,2811
2026-08-10 11:20:00,386.2550048828125,386.4800109863281,386.0799865722656,386.0799865722656,386.0799865722656,3001
2026-08-10 11:21:00,386.0299987792969,386.0820007324219,385.760009765625,385.864990234375,385.864990234375,4511
2026-08-10 11:22:00,385.9125061035156,386.2000122070313,385.80999755859375,385.9800109863281,385.9800109863281,5118
2026-08-10 11:23:00,385.9800109863281,386.4400024414063,385.9200134277344,386.4200134277344,386.4200134277344,3945
2026-08-10 11:24:00,386.4800109863281,386.6199951171875,386.4049987792969,386.6199951171875,386.6199951171875,7162
2026-08-10 11:25:00,386.6300048828125,386.68499755859375,386.3299865722656,386.3599853515625,386.3599853515625,5434
2026-08-10 11:26:00,386.3500061035156,386.55999755859375,385.8500061035156,386.114990234375,386.114990234375,11797
2026-08-10 11:27:00,386.1700134277344,386.5,386.1050109863281,386.2900085449219,386.2900085449219,2932
2026-08-10 11:28:00,386.3699951171875,386.6199951171875,385.9599914550781,386.2699890136719,386.2699890136719,2814
2026-08-10 11:29:00,386.3699951171875,386.5700073242188,386.1099853515625,386.1799926757813,386.1799926757813,4001
2026-08-10 11:30:00,386.0499877929688,386.260009765625,386.0499877929688,386.0799865722656,386.0799865722656,3113
2026-08-10 11:31:00,386.0499877929688,386.0499877929688,385.4200134277344,385.6749877929688,385.6749877929688,1992
2026-08-10 11:32:00,385.5,385.7099914550781,385.377197265625,385.6400146484375,385.6400146484375,3882
2026-08-10 11:33:00,385.5499877929688,385.8150024414063,385.510009765625,385.8150024414063,385.8150024414063,2767
2026-08-10 11:34:00,385.8200073242188,385.9049987792969,385.5700073242188,385.7699890136719,385.7699890136719,3506
2026-08-10 11:35:00,385.9299926757813,386.0199890136719,385.5299987792969,385.8624877929688,385.8624877929688,3092
2026-08-10 11:36:00,385.7200012207031,385.7699890136719,385.4049987792969,385.4049987792969,385.4049987792969,2750
2026-08-10 11:37:00,385.3800048828125,385.4599914550781,385.3200073242188,385.4599914550781,385.4599914550781,2503
2026-08-10 11:38:00,385.4750061035156,385.6799926757813,385.30999755859375,385.6799926757813,385.6799926757813,3540
2026-08-10 11:39:00,385.6700134277344,386.0499877929688,385.6199951171875,385.8200073242188,385.8200073242188,1745
2026-08-10 11:40:00,385.8299865722656,386.5719909667969,385.6950073242188,386.3800048828125,386.3800048828125,4976
2026-08-10 11:41:00,386.3599853515625,386.5849914550781,386.1799926757813,386.3800048828125,386.3800048828125,2025
2026-08-10 11:42:00,386.3800048828125,386.3900146484375,386.25,386.3399963378906,386.3399963378906,918
2026-08-10 11:43:00,386.2300109863281,386.4400024414063,386.1700134277344,386.4400024414063,386.4400024414063,3815
2026-08-10 11:44:00,386.4200134277344,386.4200134277344,386.2099914550781,386.3150024414063,386.3150024414063,6740
2026-08-10 11:45:00,386.1700134277344,386.5199890136719,386.1700134277344,386.3949890136719,386.3949890136719,2685
2026-08-10 11:46:00,386.2900085449219,386.2900085449219,386.1600036621094,386.1799926757813,386.1799926757813,1430
2026-08-10 11:47:00,386.3800048828125,386.4574890136719,386.1799926757813,386.2799987792969,386.2799987792969,1433
2026-08-10 11:48:00,386.5199890136719,386.6700134277344,386.1099853515625,386.3150024414063,386.3150024414063,2887
2026-08-10 11:49:00,386.1600036621094,386.30999755859375,385.9599914550781,385.9599914550781,385.9599914550781,2446
2026-08-10 11:50:00,386.1300048828125,386.4100036621094,386.1300048828125,386.4100036621094,386.4100036621094,1337
2026-08-10 11:51:00,386.4075012207031,387.0,386.4075012207031,387.0,387.0,2430
2026-08-10 11:52:00,387.0700073242188,387.2850036621094,386.8999938964844,387.2850036621094,387.2850036621094,3768
2026-08-10 11:53:00,387.4100036621094,387.7799987792969,387.3900146484375,387.6300048828125,387.6300048828125,3271
2026-08-10 11:54:00,387.8900146484375,387.9299926757813,387.7099914550781,387.8699951171875,387.8699951171875,3182
2026-08-10 11:55:00,387.8699951171875,387.8699951171875,387.6700134277344,387.760009765625,387.760009765625,4374
2026-08-10 11:56:00,387.7950134277344,387.7950134277344,387.6400146484375,387.7699890136719,387.7699890136719,2255
2026-08-10 11:57:00,387.7799987792969,387.8150024414063,387.6099853515625,387.7099914550781,387.7099914550781,3284
2026-08-10 11:58:00,387.7699890136719,387.9200134277344,387.7699890136719,387.8500061035156,387.8500061035156,1289
2026-08-10 11:59:00,387.7250061035156,387.80999755859375,387.6199951171875,387.6700134277344,387.6700134277344,3365
2026-08-10 12:00:00,387.7300109863281,388.18499755859375,387.7300109863281,388.18499755859375,388.18499755859375,5769
2026-08-10 12:01:00,388.0150146484375,388.0799865722656,387.8399963378906,388.0799865722656,388.0799865722656,2315
2026-08-10 12:02:00,387.9299926757813,388.0798034667969,387.8399963378906,388.0798034667969,388.0798034667969,1466
2026-08-10 12:03:00,387.8599853515625,387.9849853515625,387.7000122070313,387.9849853515625,387.9849853515625,3181
2026-08-10 12:04:00,387.7999877929688,387.8299865722656,387.6650085449219,387.8299865722656,387.8299865722656,1574
2026-08-10 12:05:00,387.7799987792969,387.8599853515625,387.7799987792969,387.7799987792969,387.7799987792969,686
2026-08-10 12:06:00,387.7799987792969,387.8399963378906,387.6799926757813,387.7699890136719,387.7699890136719,1681
2026-08-10 12:07:00,387.7200012207031,387.8200073242188,387.6000061035156,387.6600036621094,387.6600036621094,3529
2026-08-10 12:08:00,387.625,387.7699890136719,387.489990234375,387.6300048828125,387.6300048828125,3803
2026-08-10 12:09:00,387.6300048828125,387.6300048828125,387.2650146484375,387.4599914550781,387.4599914550781,2296
2026-08-10 12:10:00,387.3299865722656,387.4549865722656,387.239990234375,387.3349914550781,387.3349914550781,3062
2026-08-10 12:11:00,387.2099914550781,387.260009765625,387.0199890136719,387.1000061035156,387.1000061035156,4081
2026-08-10 12:12:00,387.0299987792969,387.1000061035156,386.7999877929688,386.9400024414063,386.9400024414063,2145
2026-08-10 12:13:00,386.9450073242188,387.1400146484375,386.8200073242188,387.1400146484375,387.1400146484375,3068
2026-08-10 12:14:00,387.1650085449219,387.3049926757813,387.1650085449219,387.3049926757813,387.3049926757813,2828
2026-08-10 12:15:00,387.2099914550781,387.3299865722656,387.0,387.0,387.0,2117
2026-08-10 12:16:00,386.9949951171875,387.2300109863281,386.9949951171875,387.2099914550781,387.2099914550781,834
2026-08-10 12:17:00,387.4200134277344,387.4549865722656,387.3999938964844,387.4200134277344,387.4200134277344,974
2026-08-10 12:18:00,387.4200134277344,387.5199890136719,387.3699951171875,387.4649963378906,387.4649963378906,3712
2026-08-10 12:19:00,387.4299926757813,387.4299926757813,387.3250122070313,387.3250122070313,387.3250122070313,1412
2026-08-10 12:20:00,387.239990234375,387.5025024414063,387.239990234375,387.4450073242188,387.4450073242188,3098
2026-08-10 12:21:00,387.4375,387.4599914550781,387.3200073242188,387.3999938964844,387.3999938964844,2250
2026-08-10 12:22:00,387.3450012207031,387.6650085449219,387.2999877929688,387.6600036621094,387.6600036621094,1696
2026-08-10 12:23:00,387.6400146484375,387.75,387.4700012207031,387.4700012207031,387.4700012207031,7425
2026-08-10 12:24:00,387.6099853515625,387.6799926757813,387.4800109863281,387.6499938964844,387.6499938964844,1565
2026-08-10 12:25:00,387.80999755859375,387.80999755859375,387.6199951171875,387.6400146484375,387.6400146484375,1179
2026-08-10 12:26:00,387.6400146484375,387.6400146484375,387.4400024414063,387.5150146484375,387.5150146484375,1731
2026-08-10 12:27:00,387.5150146484375,387.7699890136719,387.4700012207031,387.5499877929688,387.5499877929688,3702
2026-08-10 12:28:00,387.3900146484375,387.4800109863281,387.2000122070313,387.385009765625,387.385009765625,1698
2026-08-10 12:29:00,387.2699890136719,387.5,387.1700134277344,387.2875061035156,387.2875061035156,3871
2026-08-10 12:30:00,387.1600036621094,387.3299865722656,387.05999755859375,387.05999755859375,387.05999755859375,1537
2026-08-10 12:31:00,387.0450134277344,387.4400024414063,386.2900085449219,386.2900085449219,386.2900085449219,5897
2026-08-10 12:32:00,386.4100036621094,386.93499755859375,385.739990234375,386.7900085449219,386.7900085449219,12938
2026-08-10 12:33:00,386.7749938964844,387.0698852539063,386.7749938964844,386.8049926757813,386.8049926757813,777
2026-08-10 12:34:00,386.8500061035156,386.9719848632813,386.6000061035156,386.6000061035156,386.6000061035156,3979
2026-08-10 12:35:00,386.6199951171875,387.0799865722656,386.6199951171875,387.0799865722656,387.0799865722656,1607
2026-08-10 12:36:00,387.0799865722656,387.2799987792969,386.9299926757813,386.9299926757813,386.9299926757813,3912
2026-08-10 12:37:00,386.885009765625,386.885009765625,386.477294921875,386.6099853515625,386.6099853515625,1653
2026-08-10 12:38:00,386.4599914550781,386.7300109863281,386.2289123535156,386.7300109863281,386.7300109863281,1861
2026-08-10 12:39:00,386.6900024414063,386.7300109863281,386.6799926757813,386.7149963378906,386.7149963378906,927
2026-08-10 12:40:00,386.7950134277344,386.8349914550781,386.5799865722656,386.6099853515625,386.6099853515625,2962
2026-08-10 12:41:00,386.6000061035156,386.6524963378906,386.3200073242188,386.4100036621094,386.4100036621094,2151
2026-08-10 12:42:00,386.4400024414063,386.4400024414063,386.1950073242188,386.3599853515625,386.3599853515625,684
2026-08-10 12:43:00,386.2000122070313,386.3550109863281,385.8500061035156,385.8500061035156,385.8500061035156,2898
2026-08-10 12:44:00,385.7200012207031,385.8949890136719,385.6099853515625,385.8900146484375,385.8900146484375,4471
2026-08-10 12:45:00,385.9200134277344,386.1799926757813,385.9100036621094,386.1799926757813,386.1799926757813,3050
2026-08-10 12:46:00,386.1499938964844,386.55999755859375,386.1400146484375,386.55999755859375,386.55999755859375,1444
2026-08-10 12:47:00,386.55999755859375,386.5799865722656,386.3900146484375,386.4700012207031,386.4700012207031,1630
2026-08-10 12:48:00,386.5450134277344,386.5450134277344,386.2000122070313,386.3800048828125,386.3800048828125,2496
2026-08-10 12:49:00,386.4500122070313,386.4500122070313,385.875,386.1099853515625,386.1099853515625,2620
2026-08-10 12:50:00,386.2099914550781,386.2149963378906,385.8200073242188,385.8999938964844,385.8999938964844,3331
2026-08-10 12:51:00,385.7099914550781,385.7950134277344,385.5849914550781,385.7950134277344,385.7950134277344,1102
2026-08-10 12:52:00,385.8150024414063,385.8150024414063,385.6604919433594,385.7799987792969,385.7799987792969,566
2026-08-10 12:53:00,385.8200073242188,385.8200073242188,385.5799865722656,385.5899963378906,385.5899963378906,2453
2026-08-10 12:54:00,385.6300048828125,385.9200134277344,385.5650024414063,385.7749938964844,385.7749938964844,2293
2026-08-10 12:55:00,385.7850036621094,386.0899963378906,385.6700134277344,385.8550109863281,385.8550109863281,2962
2026-08-10 12:56:00,385.6700134277344,385.9649963378906,385.6700134277344,385.9649963378906,385.9649963378906,1228
2026-08-10 12:57:00,385.9599914550781,386.0799865722656,385.93499755859375,386.0,386.0,976
2026-08-10 12:58:00,385.9800109863281,386.1099853515625,385.7699890136719,385.9200134277344,385.9200134277344,5032
2026-08-10 12:59:00,385.989990234375,385.989990234375,385.8280944824219,385.8280944824219,385.8280944824219,2548
2026-08-10 13:00:00,385.80999755859375,385.80999755859375,385.5700073242188,385.6549987792969,385.6549987792969,2529
2026-08-10 13:01:00,385.6499938964844,385.7300109863281,385.5,385.5299987792969,385.5299987792969,3702
2026-08-10 13:02:00,385.5249938964844,385.5450134277344,385.4299926757813,385.4299926757813,385.4299926757813,1806
2026-08-10 13:03:00,385.5350036621094,385.5499877929688,385.3999938964844,385.3999938964844,385.3999938964844,3174
2026-08-10 13:04:00,385.3999938964844,385.6099853515625,385.3949890136719,385.5549926757813,385.5549926757813,2213
2026-08-10 13:05:00,385.510009765625,385.55999755859375,385.4100036621094,385.4800109863281,385.4800109863281,3919
2026-08-10 13:06:00,385.5499877929688,385.5799865722656,385.4700012207031,385.4700012207031,385.4700012207031,3020
2026-08-10 13:07:00,385.5,385.7999877929688,385.5,385.7699890136719,385.7699890136719,2198
2026-08-10 13:08:00,385.9200134277344,386.1099853515625,385.8699951171875,386.1099853515625,386.1099853515625,1281
2026-08-10 13:09:00,386.05999755859375,386.1749877929688,386.0499877929688,386.1650085449219,386.1650085449219,1989
2026-08-10 13:10:00,386.1749877929688,386.3200073242188,386.1749877929688,386.2300109863281,386.2300109863281,4255
2026-08-10 13:11:00,386.1300048828125,386.1549987792969,385.8599853515625,386.0150146484375,386.0150146484375,2164
2026-08-10 13:12:00,386.0549926757813,386.2099914550781,386.0549926757813,386.1449890136719,386.1449890136719,1828
2026-08-10 13:13:00,386.1199951171875,386.2250061035156,386.0899963378906,386.2250061035156,386.2250061035156,1369
2026-08-10 13:14:00,386.2250061035156,386.4100036621094,386.1499938964844,386.375,386.375,2080
2026-08-10 13:15:00,386.3900146484375,386.5400085449219,386.260009765625,386.5400085449219,386.5400085449219,1498
2026-08-10 13:16:00,386.5400085449219,386.5400085449219,386.4100036621094,386.4299926757813,386.4299926757813,1845
2026-08-10 13:17:00,386.4500122070313,386.489990234375,386.3349914550781,386.4649963378906,386.4649963378906,2081
2026-08-10 13:18:00,386.4800109863281,386.5299987792969,386.1600036621094,386.1600036621094,386.1600036621094,2772
2026-08-10 13:19:00,386.1499938964844,386.3500061035156,386.0199890136719,386.1050109863281,386.1050109863281,1724
2026-08-10 13:20:00,386.1499938964844,386.4743957519531,386.1499938964844,386.2699890136719,386.2699890136719,3301
2026-08-10 13:21:00,386.3349914550781,386.3399963378906,386.1900024414063,386.3200073242188,386.3200073242188,7578
2026-08-10 13:22:00,386.3200073242188,386.5350036621094,386.3200073242188,386.5350036621094,386.5350036621094,1950
2026-08-10 13:23:00,386.5899963378906,386.6900024414063,386.4949951171875,386.6499938964844,386.6499938964844,1502
2026-08-10 13:24:00,386.6449890136719,386.6698913574219,386.489990234375,386.5799865722656,386.5799865722656,3273
2026-08-10 13:25:00,386.5899963378906,386.625,386.4800109863281,386.4800109863281,386.4800109863281,2866
2026-08-10 13:26:00,386.260009765625,386.3550109863281,386.2300109863281,386.239990234375,386.239990234375,10702
2026-08-10 13:27:00,386.239990234375,386.2550048828125,386.1199951171875,386.1300048828125,386.1300048828125,2648
2026-08-10 13:28:00,386.0750122070313,386.0750122070313,385.7749938964844,385.864990234375,385.864990234375,4739
2026-08-10 13:29:00,385.864990234375,386.1152038574219,385.8299865722656,385.9500122070313,385.9500122070313,3677
2026-08-10 13:30:00,385.9574890136719,386.1400146484375,385.93011474609375,386.1099853515625,386.1099853515625,2238
2026-08-10 13:31:00,386.1600036621094,386.6086120605469,386.1275024414063,386.4949951171875,386.4949951171875,6330
2026-08-10 13:32:00,386.4306945800781,386.68499755859375,386.4306945800781,386.5249938964844,386.5249938964844,4060
2026-08-10 13:33:00,386.6000061035156,386.6549987792969,386.5499877929688,386.6400146484375,386.6400146484375,2237
2026-08-10 13:34:00,386.6549987792969,386.83990478515625,386.6099853515625,386.6499938964844,386.6499938964844,2617
2026-08-10 13:35:00,386.7999877929688,386.8500061035156,386.6099853515625,386.6099853515625,386.6099853515625,2234
2026-08-10 13:36:00,386.7049865722656,386.7200012207031,386.55999755859375,386.7200012207031,386.7200012207031,3167
2026-08-10 13:37:00,386.7200012207031,386.7200012207031,386.1900024414063,386.1900024414063,386.1900024414063,9097
2026-08-10 13:38:00,386.1900024414063,386.3074951171875,386.1799926757813,386.2749938964844,386.2749938964844,2003
2026-08-10 13:39:00,386.1099853515625,386.2449951171875,386.1099853515625,386.2449951171875,386.2449951171875,759
2026-08-10 13:40:00,386.1300048828125,386.1300048828125,385.885009765625,385.989990234375,385.989990234375,5273
2026-08-10 13:41:00,385.9450073242188,386.1549987792969,385.9450073242188,386.0199890136719,386.0199890136719,2105
2026-08-10 13:42:00,386.1300048828125,386.1300048828125,385.989990234375,385.989990234375,385.989990234375,1965
2026-08-10 13:43:00,386.0750122070313,386.0750122070313,385.9800109863281,386.0450134277344,386.0450134277344,2239
2026-08-10 13:44:00,386.1199951171875,386.2449951171875,386.0874938964844,386.1199951171875,386.1199951171875,2937
2026-08-10 13:45:00,386.2000122070313,386.3699951171875,386.2000122070313,386.3699951171875,386.3699951171875,1071
2026-08-10 13:46:00,386.4200134277344,386.5450134277344,386.3599853515625,386.3599853515625,386.3599853515625,2168
2026-08-10 13:47:00,386.3500061035156,386.4200134277344,386.2699890136719,386.2749938964844,386.2749938964844,1902
2026-08-10 13:48:00,386.3599853515625,386.4049987792969,386.3150024414063,386.3699951171875,386.3699951171875,476
2026-08-10 13:49:00,386.3699951171875,386.5599060058594,386.1799926757813,386.1799926757813,386.1799926757813,1644
2026-08-10 13:50:00,386.0700073242188,386.5,386.0700073242188,386.4299926757813,386.4299926757813,2021
2026-08-10 13:51:00,386.25,386.4500122070313,386.2099914550781,386.3200073242188,386.3200073242188,1111
2026-08-10 13:52:00,386.4299926757813,386.5625,386.3949890136719,386.5625,386.5625,816
2026-08-10 13:53:00,386.4400024414063,386.5350036621094,386.4200134277344,386.4200134277344,386.4200134277344,2288
2026-08-10 13:54:00,386.5650024414063,386.5650024414063,386.43499755859375,386.4400024414063,386.4400024414063,657
2026-08-10 13:55:00,386.6499938964844,386.6499938964844,386.43499755859375,386.5350036621094,386.5350036621094,1643
2026-08-10 13:56:00,386.5,386.614990234375,386.4800109863281,386.5549926757813,386.5549926757813,1193
2026-08-10 13:57:00,386.55999755859375,386.7850036621094,386.55999755859375,386.7850036621094,386.7850036621094,1002
2026-08-10 13:58:00,386.7900085449219,386.7999877929688,386.6400146484375,386.6400146484375,386.6400146484375,2528
2026-08-10 13:59:00,386.5750122070313,386.5750122070313,386.2900085449219,386.2900085449219,386.2900085449219,2286
2026-08-10 14:00:00,386.2999877929688,386.7362060546875,386.2900085449219,386.7362060546875,386.7362060546875,2685
2026-08-10 14:01:00,386.5650024414063,386.5650024414063,386.4200134277344,386.4200134277344,386.4200134277344,832
2026-08-10 14:02:00,386.2900085449219,386.614990234375,386.260009765625,386.614990234375,386.614990234375,1193
2026-08-10 14:03:00,386.4500122070313,386.739990234375,386.4500122070313,386.739990234375,386.739990234375,1205
2026-08-10 14:04:00,386.8900146484375,386.9549865722656,386.7699890136719,386.9549865722656,386.9549865722656,2362
2026-08-10 14:05:00,386.9549865722656,387.1899108886719,386.9549865722656,387.1000061035156,387.1000061035156,1226
2026-08-10 14:06:00,387.010009765625,387.0849914550781,386.9100036621094,387.0849914550781,387.0849914550781,2704
2026-08-10 14:07:00,387.0799865722656,387.1600036621094,386.9299926757813,387.0400085449219,387.0400085449219,1551
2026-08-10 14:08:00,387.0400085449219,387.3049926757813,387.0400085449219,387.1950073242188,387.1950073242188,1399
2026-08-10 14:09:00,387.3450012207031,387.4198913574219,387.2000122070313,387.2000122070313,387.2000122070313,1699
2026-08-10 14:10:00,387.1900024414063,387.4500122070313,387.1600036621094,387.4500122070313,387.4500122070313,1038
2026-08-10 14:11:00,387.4450073242188,387.510009765625,387.2500915527344,387.3349914550781,387.3349914550781,2256
2026-08-10 14:12:00,387.364990234375,387.3900146484375,387.239990234375,387.239990234375,387.239990234375,1762
2026-08-10 14:13:00,387.2900085449219,387.2900085449219,386.9249877929688,387.05999755859375,387.05999755859375,3275
2026-08-10 14:14:00,387.1449890136719,387.1449890136719,387.0150146484375,387.0150146484375,387.0150146484375,2766
2026-08-10 14:15:00,386.9849853515625,387.1499938964844,386.9849853515625,387.135009765625,387.135009765625,1249
2026-08-10 14:16:00,387.1400146484375,387.1400146484375,387.0,387.1000061035156,387.1000061035156,2893
2026-08-10 14:17:00,387.0436096191406,387.2000122070313,387.0436096191406,387.1799926757813,387.1799926757813,1676
2026-08-10 14:18:00,387.1600036621094,387.1600036621094,386.9549865722656,387.0199890136719,387.0199890136719,1541
2026-08-10 14:19:00,387.05999755859375,387.05999755859375,386.8999938964844,386.9200134277344,386.9200134277344,1541
2026-08-10 14:20:00,386.8699951171875,386.9299926757813,386.8200073242188,386.8200073242188,386.8200073242188,1784
2026-08-10 14:21:00,386.8900146484375,386.9249877929688,386.8299865722656,386.9249877929688,386.9249877929688,1276
2026-08-10 14:22:00,386.9249877929688,387.1950073242188,386.8500061035156,387.1950073242188,387.1950073242188,4756
2026-08-10 14:23:00,387.0950012207031,387.30999755859375,387.0950012207031,387.1600036621094,387.1600036621094,1397
2026-08-10 14:24:00,387.1600036621094,387.1600036621094,387.05999755859375,387.0849914550781,387.0849914550781,2510
2026-08-10 14:25:00,387.0400085449219,387.123291015625,386.9901123046875,387.1050109863281,387.1050109863281,2553
2026-08-10 14:26:00,387.1050109863281,387.1050109863281,387.010009765625,387.0799865722656,387.0799865722656,1914
2026-08-10 14:27:00,387.1000061035156,387.1018981933594,387.0499877929688,387.0849914550781,387.0849914550781,1505
2026-08-10 14:28:00,387.0849914550781,387.1499938964844,387.05999755859375,387.1099853515625,387.1099853515625,2581
2026-08-10 14:29:00,387.2000122070313,387.2000122070313,386.9800109863281,387.0799865722656,387.0799865722656,4616
2026-08-10 14:30:00,387.0799865722656,387.260009765625,386.9849853515625,387.0899963378906,387.0899963378906,4128
2026-08-10 14:31:00,387.0700073242188,387.4100036621094,387.0700073242188,387.2950134277344,387.2950134277344,5783
2026-08-10 14:32:00,387.3450012207031,387.3450012207031,387.1900024414063,387.2250061035156,387.2250061035156,1470
2026-08-10 14:33:00,387.2174987792969,387.2699890136719,387.1099853515625,387.18499755859375,387.18499755859375,2566
2026-08-10 14:34:00,387.1950073242188,387.5,387.1950073242188,387.5,387.5,2300
2026-08-10 14:35:00,387.4100036621094,387.489990234375,387.30999755859375,387.4599914550781,387.4599914550781,2984
2026-08-10 14:36:00,387.2900085449219,387.3299865722656,387.1400146484375,387.1400146484375,387.1400146484375,1544
2026-08-10 14:37:00,387.1300048828125,387.1300048828125,386.8299865722656,386.8999938964844,386.8999938964844,2219
2026-08-10 14:38:00,386.875,386.9100036621094,386.875,386.8800048828125,386.8800048828125,1503
2026-08-10 14:39:00,386.93499755859375,387.05999755859375,386.8999938964844,386.8999938964844,386.8999938964844,1123
2026-08-10 14:40:00,387.2300109863281,387.239990234375,387.1000061035156,387.1000061035156,387.1000061035156,2504
2026-08-10 14:41:00,387.2300109863281,387.30999755859375,387.1549987792969,387.30999755859375,387.30999755859375,2025
2026-08-10 14:42:00,387.2799987792969,387.30999755859375,387.2300109863281,387.2300109863281,387.2300109863281,1361
2026-08-10 14:43:00,387.2550048828125,387.3250122070313,387.1700134277344,387.260009765625,387.260009765625,587
2026-08-10 14:44:00,387.260009765625,387.4450073242188,387.25,387.2900085449219,387.2900085449219,2993
2026-08-10 14:45:00,387.25,387.30999755859375,387.1799926757813,387.30999755859375,387.30999755859375,2950
2026-08-10 14:46:00,387.3580017089844,387.3580017089844,387.3049926757813,387.3049926757813,387.3049926757813,530
2026-08-10 14:47:00,387.239990234375,387.3500061035156,387.1199951171875,387.1300048828125,387.1300048828125,28147
2026-08-10 14:48:00,387.1925048828125,387.2200012207031,387.0400085449219,387.0400085449219,387.0400085449219,4284
2026-08-10 14:49:00,387.1000061035156,387.1000061035156,386.7799987792969,386.7799987792969,386.7799987792969,2625
2026-08-10 14:50:00,386.8399963378906,386.8399963378906,386.7099914550781,386.8150024414063,386.8150024414063,3185
2026-08-10 14:51:00,386.8599853515625,387.010009765625,386.6600036621094,386.6700134277344,386.6700134277344,8218
2026-08-10 14:52:00,386.7699890136719,386.8450012207031,386.6900024414063,386.8450012207031,386.8450012207031,7060
2026-08-10 14:53:00,386.9100036621094,386.9200134277344,386.8399963378906,386.8399963378906,386.8399963378906,2199
2026-08-10 14:54:00,386.7900085449219,386.7999877929688,386.6799926757813,386.6799926757813,386.6799926757813,2547
2026-08-10 14:55:00,386.75,386.7699890136719,386.5400085449219,386.5400085449219,386.5400085449219,2917
2026-08-10 14:56:00,386.7799072265625,386.7799072265625,386.6549987792969,386.7000122070313,386.7000122070313,1870
2026-08-10 14:57:00,386.6600036621094,386.8699951171875,386.6600036621094,386.8699951171875,386.8699951171875,1089
2026-08-10 14:58:00,386.7099914550781,386.8250122070313,386.7099914550781,386.7099914550781,386.7099914550781,2582
2026-08-10 14:59:00,386.7099914550781,387.0249938964844,386.7099914550781,387.0249938964844,387.0249938964844,5172
2026-08-10 15:00:00,387.0899963378906,387.260009765625,387.0799865722656,387.0849914550781,387.0849914550781,4259
2026-08-10 15:01:00,387.0299987792969,387.3800048828125,387.0299987792969,387.3276977539063,387.3276977539063,5230
2026-08-10 15:02:00,387.3999938964844,387.4599914550781,387.2799987792969,387.2999877929688,387.2999877929688,2622
2026-08-10 15:03:00,387.2999877929688,387.3699951171875,387.25,387.3599853515625,387.3599853515625,3385
2026-08-10 15:04:00,387.4500122070313,387.4500122070313,387.25,387.2550048828125,387.2550048828125,3902
2026-08-10 15:05:00,387.2900085449219,387.510009765625,387.260009765625,387.3450012207031,387.3450012207031,3869
2026-08-10 15:06:00,387.375,387.6050109863281,387.3699951171875,387.510009765625,387.510009765625,4178
2026-08-10 15:07:00,387.5899963378906,387.5899963378906,387.0899963378906,387.0899963378906,387.0899963378906,4178
2026-08-10 15:08:00,387.1000061035156,387.4599914550781,387.0750122070313,387.4599914550781,387.4599914550781,5514
2026-08-10 15:09:00,387.4500122070313,387.5698852539063,387.4100036621094,387.4100036621094,387.4100036621094,1728
2026-08-10 15:10:00,387.4100036621094,387.4100036621094,387.2000122070313,387.28509521484375,387.28509521484375,3537
2026-08-10 15:11:00,387.2850036621094,387.4500122070313,387.2000122070313,387.2850036621094,387.2850036621094,2673
2026-08-10 15:12:00,387.1799926757813,387.4679870605469,387.1799926757813,387.3200073242188,387.3200073242188,2407
2026-08-10 15:13:00,387.3550109863281,387.5799865722656,387.3500061035156,387.5799865722656,387.5799865722656,5690
2026-08-10 15:14:00,387.5199890136719,387.639892578125,387.5199890136719,387.5799865722656,387.5799865722656,1908
2026-08-10 15:15:00,387.5799865722656,387.7950134277344,387.5299987792969,387.7000122070313,387.7000122070313,5015
2026-08-10 15:16:00,387.6199951171875,387.75,387.5400085449219,387.5400085449219,387.5400085449219,3369
2026-08-10 15:17:00,387.68499755859375,387.68499755859375,387.6799926757813,387.6799926757813,387.6799926757813,2140
2026-08-10 15:18:00,387.68499755859375,387.8800048828125,387.6199951171875,387.6199951171875,387.6199951171875,6130
2026-08-10 15:19:00,387.6400146484375,387.6799926757813,387.5907897949219,387.5907897949219,387.5907897949219,2456
2026-08-10 15:20:00,387.6600036621094,387.6700134277344,387.3200073242188,387.3200073242188,387.3200073242188,8903
2026-08-10 15:21:00,387.5,387.5400085449219,387.3299865722656,387.4100036621094,387.4100036621094,11071
2026-08-10 15:22:00,387.4100036621094,387.4234924316406,387.3299865722656,387.3500061035156,387.3500061035156,3641
2026-08-10 15:23:00,387.2900085449219,387.4700012207031,387.2699890136719,387.385009765625,387.385009765625,4978
2026-08-10 15:24:00,387.385009765625,387.9549865722656,387.2900085449219,387.9549865722656,387.9549865722656,15787
2026-08-10 15:25:00,387.9200134277344,388.1050109863281,387.7300109863281,387.885009765625,387.885009765625,4441
2026-08-10 15:26:00,387.8900146484375,388.2799987792969,387.8900146484375,388.1050109863281,388.1050109863281,10922
2026-08-10 15:27:00,388.1050109863281,388.1600036621094,387.9100036621094,388.0750122070313,388.0750122070313,5483
2026-08-10 15:28:00,388.1099853515625,388.2099914550781,387.8599853515625,388.0300903320313,388.0300903320313,6982
2026-08-10 15:29:00,388.0299987792969,388.0499877929688,387.7699890136719,387.8800048828125,387.8800048828125,3661
2026-08-10 15:30:00,387.8800048828125,387.9249877929688,387.3699951171875,387.7799987792969,387.7799987792969,13631
2026-08-10 15:31:00,387.7999877929688,387.8049926757813,386.8999938964844,387.1300048828125,387.1300048828125,10265
2026-08-10 15:32:00,387.0299987792969,387.0299987792969,386.3500061035156,386.5199890136719,386.5199890136719,6231
2026-08-10 15:33:00,386.614990234375,386.739990234375,386.5199890136719,386.6600036621094,386.6600036621094,5326
2026-08-10 15:34:00,386.6600036621094,386.8999938964844,386.6600036621094,386.7300109863281,386.7300109863281,4639
2026-08-10 15:35:00,386.8381042480469,386.9800109863281,386.6300048828125,386.6300048828125,386.6300048828125,7285
2026-08-10 15:36:00,386.7550048828125,387.1199951171875,386.6799926757813,387.0199890136719,387.0199890136719,7997
2026-08-10 15:37:00,387.0799865722656,387.25,386.8699951171875,386.9299926757813,386.9299926757813,5161
2026-08-10 15:38:00,386.8999938964844,387.0299987792969,386.7000122070313,386.7099914550781,386.7099914550781,5230
2026-08-10 15:39:00,386.7000122070313,386.8599853515625,386.6499938964844,386.6499938964844,386.6499938964844,7362
2026-08-10 15:40:00,386.68499755859375,386.7210998535156,386.25,386.260009765625,386.260009765625,7252
2026-08-10 15:41:00,386.364990234375,386.4599914550781,386.239990234375,386.2799987792969,386.2799987792969,8051
2026-08-10 15:42:00,386.2799987792969,386.510009765625,386.2799987792969,386.5,386.5,6124
2026-08-10 15:43:00,386.510009765625,386.7200012207031,386.4299926757813,386.55999755859375,386.55999755859375,7483
2026-08-10 15:44:00,386.5350036621094,386.5700073242188,386.4100036621094,386.4100036621094,386.4100036621094,8100
2026-08-10 15:45:00,386.3949890136719,386.4500122070313,386.2200012207031,386.2900085449219,386.2900085449219,16520
2026-08-10 15:46:00,386.2300109863281,386.8250122070313,386.1700134277344,386.8250122070313,386.8250122070313,12184
2026-08-10 15:47:00,386.9500122070313,387.2300109863281,386.9500122070313,387.1300048828125,387.1300048828125,10163
2026-08-10 15:48:00,387.1300048828125,387.2000122070313,387.010009765625,387.0700073242188,387.0700073242188,4711
2026-08-10 15:49:00,387.1099853515625,387.2300109863281,387.010009765625,387.010009765625,387.010009765625,5785
2026-08-10 15:50:00,386.9599914550781,386.9599914550781,385.7699890136719,385.8399963378906,385.8399963378906,13151
2026-08-10 15:51:00,385.7799987792969,385.8299865722656,385.4400024414063,385.4400024414063,385.4400024414063,11536
2026-08-10 15:52:00,385.4750061035156,385.4949951171875,385.0799865722656,385.0799865722656,385.0799865722656,13682
2026-08-10 15:53:00,385.0799865722656,385.239990234375,384.6700134277344,384.6900024414063,384.6900024414063,17527
2026-08-10 15:54:00,384.7550048828125,384.9500122070313,384.6700134277344,384.7149963378906,384.7149963378906,21367
2026-08-10 15:55:00,384.760009765625,385.0050048828125,384.1400146484375,384.1600036621094,384.1600036621094,32746
2026-08-10 15:56:00,384.125,384.4700012207031,384.1199951171875,384.427490234375,384.427490234375,30988
2026-08-10 15:57:00,384.43499755859375,384.489990234375,383.9549865722656,384.0299987792969,384.0299987792969,62503
2026-08-10 15:58:00,384.0299987792969,384.2799987792969,383.9500122070313,383.9800109863281,383.9800109863281,73894
2026-08-10 15:59:00,384.05999755859375,384.5700073242188,383.8399963378906,383.8399963378906,383.8399963378906,188415
2026-08-11 09:30:00,389.9800109863281,389.9800109863281,387.0499877929688,387.8450012207031,387.8450012207031,31265
2026-08-11 09:31:00,387.8450012207031,388.3200073242188,386.6000061035156,387.3999938964844,387.3999938964844,7053
2026-08-11 09:32:00,387.3999938964844,388.7000122070313,386.55999755859375,387.6650085449219,387.6650085449219,7557
2026-08-11 09:33:00,387.9700012207031,388.659912109375,387.6799926757813,387.7000122070313,387.7000122070313,4717
2026-08-11 09:34:00,388.5799865722656,389.5199890136719,388.5050048828125,389.1050109863281,389.1050109863281,12231
2026-08-11 09:35:00,388.7900085449219,389.4942932128906,388.5899963378906,388.9049987792969,388.9049987792969,6085
2026-08-11 09:36:00,388.9049987792969,389.2099914550781,388.3399963378906,388.9100036621094,388.9100036621094,6953
2026-08-11 09:37:00,388.6499938964844,389.3999938964844,388.6499938964844,389.1499938964844,389.1499938964844,14494
2026-08-11 09:38:00,389.1499938964844,389.6000061035156,388.989990234375,389.6000061035156,389.6000061035156,2794
2026-08-11 09:39:00,389.5799865722656,389.5799865722656,388.6600036621094,389.0549926757813,389.0549926757813,2023
2026-08-11 09:40:00,389.0549926757813,390.0,388.68011474609375,389.6650085449219,389.6650085449219,25536
2026-08-11 09:41:00,389.55999755859375,391.2699890136719,389.510009765625,391.0199890136719,391.0199890136719,11817
2026-08-11 09:42:00,390.8800048828125,392.0,390.80999755859375,391.9549865722656,391.9549865722656,5892
2026-08-11 09:43:00,391.7550048828125,392.4299926757813,391.7250061035156,392.1650085449219,392.1650085449219,2217
2026-08-11 09:44:00,392.4700012207031,392.7550048828125,391.8999938964844,392.7099914550781,392.7099914550781,7161
2026-08-11 09:45:00,392.6700134277344,393.2650146484375,392.3299865722656,392.8999938964844,392.8999938964844,5731
2026-08-11 09:46:00,392.6700134277344,392.7300109863281,391.8399963378906,391.8399963378906,391.8399963378906,5452
2026-08-11 09:47:00,392.6799926757813,393.1499938964844,392.3299865722656,392.7850036621094,392.7850036621094,5182
2026-08-11 09:48:00,393.1499938964844,393.4800109863281,392.3399963378906,392.4024963378906,392.4024963378906,5208
2026-08-11 09:49:00,392.3900146484375,392.8045959472656,392.3758850097656,392.7300109863281,392.7300109863281,3656
2026-08-11 09:50:00,392.8974914550781,393.4299926757813,392.7300109863281,392.8999938964844,392.8999938964844,4379
2026-08-11 09:51:00,393.1300048828125,393.2900085449219,392.30999755859375,392.7650146484375,392.7650146484375,3905
2026-08-11 09:52:00,392.75,392.760009765625,391.7000122070313,391.7000122070313,391.7000122070313,2221
2026-08-11 09:53:00,392.1799926757813,392.2200012207031,391.4500122070313,391.5950012207031,391.5950012207031,3130
2026-08-11 09:54:00,391.3399963378906,391.3399963378906,390.9500122070313,391.0750122070313,391.0750122070313,1350
2026-08-11 09:55:00,391.0750122070313,391.6600036621094,391.0299987792969,391.6600036621094,391.6600036621094,4174
2026-08-11 09:56:00,391.3900146484375,391.75,391.3200073242188,391.4500122070313,391.4500122070313,3171
2026-08-11 09:57:00,391.510009765625,391.510009765625,390.8599853515625,390.8599853515625,390.8599853515625,2774
2026-08-11 09:58:00,390.7981872558594,391.125,390.6900024414063,391.0549926757813,391.0549926757813,4087
2026-08-11 09:59:00,391.3500061035156,391.5299987792969,391.239990234375,391.3200073242188,391.3200073242188,2189
2026-08-11 10:00:00,391.3150024414063,391.75,391.2950134277344,391.75,391.75,2248
2026-08-11 10:01:00,391.739990234375,392.7099914550781,391.739990234375,392.5775146484375,392.5775146484375,3913
2026-08-11 10:02:00,392.7049865722656,392.7049865722656,392.0499877929688,392.1749877929688,392.1749877929688,3215
2026-08-11 10:03:00,392.0799865722656,392.5599060058594,392.0799865722656,392.3900146484375,392.3900146484375,1648
2026-08-11 10:04:00,392.4949951171875,393.010009765625,392.3900146484375,392.7950134277344,392.7950134277344,2914
2026-08-11 10:05:00,392.4583129882813,393.1199951171875,392.3299865722656,393.1199951171875,393.1199951171875,1774
2026-08-11 10:06:00,393.0,393.4700012207031,392.6205139160156,393.1650085449219,393.1650085449219,8183
2026-08-11 10:07:00,393.1600036621094,393.5700073242188,393.010009765625,393.5700073242188,393.5700073242188,7680
2026-08-11 10:08:00,393.9599914550781,393.9599914550781,393.4800109863281,393.55999755859375,393.55999755859375,2719
2026-08-11 10:09:00,393.6000061035156,393.7000122070313,393.0199890136719,393.3200073242188,393.3200073242188,6414
2026-08-11 10:10:00,393.3200073242188,393.7349853515625,392.9500122070313,393.7349853515625,393.7349853515625,2433
2026-08-11 10:11:00,393.6499938964844,393.6499938964844,392.9800109863281,393.3966064453125,393.3966064453125,7039
2026-08-11 10:12:00,393.239990234375,393.739990234375,393.010009765625,393.739990234375,393.739990234375,2193
2026-08-11 10:13:00,394.1600036621094,394.1600036621094,393.5199890136719,393.5799865722656,393.5799865722656,3692
2026-08-11 10:14:00,393.3299865722656,393.610595703125,393.1463928222656,393.610595703125,393.610595703125,2417
2026-08-11 10:15:00,393.4549865722656,394.0,393.4549865722656,394.0,394.0,3702
2026-08-11 10:16:00,393.9800109863281,394.1050109863281,393.625,393.625,393.625,1996
2026-08-11 10:17:00,393.6300048828125,394.05999755859375,393.6099853515625,393.6300048828125,393.6300048828125,3367
2026-08-11 10:18:00,393.6799926757813,393.7900085449219,393.510009765625,393.760009765625,393.760009765625,3618
2026-08-11 10:19:00,393.8299865722656,393.9999084472656,393.5400085449219,393.6199951171875,393.6199951171875,1154
2026-08-11 10:20:00,393.4599914550781,393.9599914550781,393.4299926757813,393.6749877929688,393.6749877929688,2883
2026-08-11 10:21:00,393.6749877929688,393.6749877929688,393.2000122070313,393.3699951171875,393.3699951171875,3253
2026-08-11 10:22:00,393.4750061035156,393.7000122070313,393.2349853515625,393.7000122070313,393.7000122070313,15303
2026-08-11 10:23:00,393.2699890136719,393.4700012207031,393.2699890136719,393.4500122070313,393.4500122070313,2619
2026-08-11 10:24:00,393.260009765625,393.260009765625,392.7200012207031,392.7200012207031,392.7200012207031,2246
2026-08-11 10:25:00,392.9150085449219,393.3421020507813,392.9150085449219,393.2950134277344,393.2950134277344,3171
2026-08-11 10:26:00,393.2900085449219,393.5,393.1300048828125,393.3900146484375,393.3900146484375,2010
2026-08-11 10:27:00,393.55999755859375,393.7200012207031,393.260009765625,393.30999755859375,393.30999755859375,5191
2026-08-11 10:28:00,393.4299926757813,393.4299926757813,393.0899963378906,393.3699951171875,393.3699951171875,6110
2026-08-11 10:29:00,393.3699951171875,393.7099914550781,393.3699951171875,393.4599914550781,393.4599914550781,3261
2026-08-11 10:30:00,393.4500122070313,393.4500122070313,392.5450134277344,392.5450134277344,392.5450134277344,2041
2026-08-11 10:31:00,392.5350036621094,392.7200012207031,392.3500061035156,392.6799926757813,392.6799926757813,2625
2026-08-11 10:32:00,392.8900146484375,393.0799865722656,392.8900146484375,393.0799865722656,393.0799865722656,974
2026-08-11 10:33:00,393.0849914550781,393.21490478515625,393.0849914550781,393.1600036621094,393.1600036621094,720
2026-08-11 10:34:00,393.0700073242188,393.0932922363281,392.8699951171875,393.0299987792969,393.0299987792969,1696
2026-08-11 10:35:00,393.0950012207031,393.0950012207031,392.6700134277344,393.0050048828125,393.0050048828125,2447
2026-08-11 10:36:00,393.0299987792969,393.0299987792969,392.9949951171875,392.9949951171875,392.9949951171875,325
2026-08-11 10:37:00,392.8200073242188,392.8200073242188,392.1099853515625,392.1099853515625,392.1099853515625,6180
2026-08-11 10:38:00,392.1799926757813,392.1799926757813,391.7804870605469,392.0585021972656,392.0585021972656,1964
2026-08-11 10:39:00,391.8299865722656,391.8299865722656,391.4800109863281,391.739990234375,391.739990234375,2456
2026-08-11 10:40:00,391.5299987792969,391.6300048828125,391.2900085449219,391.3699951171875,391.3699951171875,938
2026-08-11 10:41:00,391.2999877929688,391.6700134277344,391.2999877929688,391.510009765625,391.510009765625,937
2026-08-11 10:42:00,391.76470947265625,391.8599853515625,391.5700073242188,391.5899963378906,391.5899963378906,1802
2026-08-11 10:43:00,391.3500061035156,391.3500061035156,390.8450012207031,391.1449890136719,391.1449890136719,2007
2026-08-11 10:44:00,390.9800109863281,391.1099853515625,390.7500915527344,390.9249877929688,390.9249877929688,2673
2026-08-11 10:45:00,390.9249877929688,391.1000061035156,390.6600036621094,391.0899963378906,391.0899963378906,4826
2026-08-11 10:46:00,391.2699890136719,391.3349914550781,391.0,391.2000122070313,391.2000122070313,3514
2026-08-11 10:47:00,391.2900085449219,391.3908081054688,391.1000061035156,391.2099914550781,391.2099914550781,1707
2026-08-11 10:48:00,391.489990234375,391.55999755859375,391.29010009765625,391.3049926757813,391.3049926757813,2009
2026-08-11 10:49:00,391.2999877929688,391.4800109863281,391.1799926757813,391.4400024414063,391.4400024414063,1915
2026-08-11 10:50:00,391.4200134277344,391.4200134277344,391.1199951171875,391.1199951171875,391.1199951171875,2253
2026-08-11 10:51:00,391.1400146484375,391.2999877929688,391.0499877929688,391.2999877929688,391.2999877929688,1410
2026-08-11 10:52:00,391.1300048828125,391.2999877929688,391.1300048828125,391.2900085449219,391.2900085449219,1092
2026-08-11 10:53:00,391.30999755859375,391.30999755859375,391.0199890136719,391.1799011230469,391.1799011230469,2015
2026-08-11 10:54:00,391.0750122070313,391.1293029785156,390.7586975097656,390.989990234375,390.989990234375,6143
2026-08-11 10:55:00,391.159912109375,391.159912109375,390.7699890136719,390.7699890136719,390.7699890136719,1669
2026-08-11 10:56:00,390.6799926757813,390.9150085449219,390.6799926757813,390.7550048828125,390.7550048828125,1848
2026-08-11 10:57:00,390.760009765625,391.2349853515625,390.760009765625,391.0499877929688,391.0499877929688,5202
2026-08-11 10:58:00,391.05999755859375,391.05999755859375,390.6900024414063,390.6900024414063,390.6900024414063,6665
2026-08-11 10:59:00,390.5249938964844,390.5249938964844,390.25,390.25,390.25,2044
2026-08-11 11:00:00,390.1600036621094,390.3150024414063,389.9921875,390.260009765625,390.260009765625,3034
2026-08-11 11:01:00,390.2799987792969,390.4049987792969,390.2699890136719,390.2699890136719,390.2699890136719,905
2026-08-11 11:02:00,390.2950134277344,390.6449890136719,390.2950134277344,390.6199951171875,390.6199951171875,2405
2026-08-11 11:03:00,390.5,390.7300109863281,390.4150085449219,390.62799072265625,390.62799072265625,1682
2026-08-11 11:04:00,390.7250061035156,390.8599853515625,390.7250061035156,390.8299865722656,390.8299865722656,903
2026-08-11 11:05:00,390.80999755859375,390.80999755859375,390.4100036621094,390.4100036621094,390.4100036621094,2906
2026-08-11 11:06:00,390.30999755859375,390.30999755859375,389.9200134277344,390.0150146484375,390.0150146484375,3050
2026-08-11 11:07:00,390.0950012207031,390.0950012207031,389.7699890136719,389.8049926757813,389.8049926757813,1332
2026-08-11 11:08:00,389.8200073242188,389.9700012207031,389.6300048828125,389.9049987792969,389.9049987792969,3020
2026-08-11 11:09:00,389.75,389.75,389.5450134277344,389.5849914550781,389.5849914550781,2977
2026-08-11 11:10:00,389.5,389.7900085449219,389.5,389.6700134277344,389.6700134277344,2541
2026-08-11 11:11:00,389.80999755859375,389.9200134277344,389.7799987792969,389.8299865722656,389.8299865722656,1438
2026-08-11 11:12:00,389.989990234375,390.2250061035156,389.8999938964844,390.1625061035156,390.1625061035156,2388
2026-08-11 11:13:00,390.1799926757813,390.2099914550781,389.9100036621094,389.9100036621094,389.9100036621094,2736
2026-08-11 11:14:00,389.8999938964844,389.8999938964844,389.7699890136719,389.7699890136719,389.7699890136719,1137
2026-08-11 11:15:00,389.6549987792969,389.6549987792969,389.3599853515625,389.4800109863281,389.4800109863281,1851
2026-08-11 11:16:00,389.6050109863281,389.6050109863281,389.4599914550781,389.489990234375,389.489990234375,1583
2026-08-11 11:17:00,389.4849853515625,389.5499877929688,389.4299926757813,389.4299926757813,389.4299926757813,1330
2026-08-11 11:18:00,389.4200134277344,389.4599914550781,389.3699951171875,389.4200134277344,389.4200134277344,1792
2026-08-11 11:19:00,389.3699951171875,389.3699951171875,389.1099853515625,389.1099853515625,389.1099853515625,3963
2026-08-11 11:20:00,389.1499938964844,389.2049865722656,388.4500122070313,388.9049987792969,388.9049987792969,9837
2026-08-11 11:21:00,388.7900085449219,389.2243041992188,388.7699890136719,389.2243041992188,389.2243041992188,3860
2026-08-11 11:22:00,389.114990234375,389.114990234375,389.114990234375,389.114990234375,389.114990234375,294
2026-08-11 11:23:00,389.0499877929688,389.0499877929688,388.760009765625,388.8500061035156,388.8500061035156,1768
2026-08-11 11:24:00,388.7300109863281,388.7699890136719,388.1950073242188,388.1950073242188,388.1950073242188,1992
2026-08-11 11:25:00,388.05999755859375,388.4100036621094,388.05999755859375,388.4100036621094,388.4100036621094,3246
2026-08-11 11:26:00,388.6099853515625,388.6099853515625,388.3399963378906,388.3399963378906,388.3399963378906,2164
2026-08-11 11:27:00,388.4400024414063,388.6300048828125,388.3999938964844,388.3999938964844,388.3999938964844,1433
2026-08-11 11:28:00,388.3299865722656,388.3299865722656,388.1900024414063,388.2131958007813,388.2131958007813,1528
2026-08-11 11:29:00,388.0700073242188,388.1099853515625,387.989990234375,388.1099853515625,388.1099853515625,1312
2026-08-11 11:30:00,388.0549926757813,388.3349914550781,388.0549926757813,388.3349914550781,388.3349914550781,1229
2026-08-11 11:31:00,388.2650146484375,388.5599060058594,388.2650146484375,388.5599060058594,388.5599060058594,2197
2026-08-11 11:32:00,388.43499755859375,388.659912109375,388.4200134277344,388.4200134277344,388.4200134277344,1196
2026-08-11 11:33:00,388.3800048828125,388.3800048828125,388.135009765625,388.2099914550781,388.2099914550781,6658
2026-08-11 11:34:00,388.1300048828125,388.1799926757813,387.8299865722656,387.9601135253906,387.9601135253906,3919
2026-08-11 11:35:00,388.1449890136719,388.4150085449219,388.1449890136719,388.2900085449219,388.2900085449219,3459
2026-08-11 11:36:00,388.3200073242188,388.3200073242188,388.1799926757813,388.1799926757813,388.1799926757813,437
2026-08-11 11:37:00,388.1950073242188,388.3500061035156,388.0400085449219,388.3500061035156,388.3500061035156,1093
2026-08-11 11:38:00,388.2999877929688,388.5899963378906,388.239990234375,388.58990478515625,388.58990478515625,3681
2026-08-11 11:39:00,388.30999755859375,388.5499877929688,388.30999755859375,388.4400024414063,388.4400024414063,1271
2026-08-11 11:40:00,388.2699890136719,388.3399963378906,388.0700073242188,388.3399963378906,388.3399963378906,1430
2026-08-11 11:41:00,388.2799987792969,388.3900146484375,388.1500854492188,388.3500061035156,388.3500061035156,2042
2026-08-11 11:42:00,388.3550109863281,388.6099853515625,388.3550109863281,388.5750122070313,388.5750122070313,977
2026-08-11 11:43:00,388.6600036621094,388.8200073242188,388.55999755859375,388.8200073242188,388.8200073242188,2334
2026-08-11 11:44:00,388.93499755859375,388.93499755859375,388.7699890136719,388.7699890136719,388.7699890136719,802
2026-08-11 11:45:00,388.8299865722656,388.8299865722656,388.3200073242188,388.55999755859375,388.55999755859375,1469
2026-08-11 11:46:00,388.3800048828125,388.4750061035156,388.3800048828125,388.4750061035156,388.4750061035156,668
2026-08-11 11:47:00,388.3699951171875,388.4249877929688,388.3699951171875,388.4249877929688,388.4249877929688,723
2026-08-11 11:48:00,388.4400024414063,388.53021240234375,388.3681945800781,388.43499755859375,388.43499755859375,1183
2026-08-11 11:49:00,388.4400024414063,388.6199951171875,388.3699951171875,388.3699951171875,388.3699951171875,6344
2026-08-11 11:50:00,388.4400024414063,388.6600036621094,388.4400024414063,388.6600036621094,388.6600036621094,813
2026-08-11 11:51:00,388.55999755859375,388.55999755859375,388.55999755859375,388.55999755859375,388.55999755859375,322
2026-08-11 11:52:00,388.6400146484375,388.8139953613281,388.5650024414063,388.8139953613281,388.8139953613281,1447
2026-08-11 11:53:00,388.7099914550781,388.7099914550781,388.3599853515625,388.3599853515625,388.3599853515625,1505
2026-08-11 11:54:00,388.4299926757813,388.6950988769531,388.4299926757813,388.6950073242188,388.6950073242188,2095
2026-08-11 11:55:00,388.8399963378906,388.8399963378906,388.7200012207031,388.7200012207031,388.7200012207031,375
2026-08-11 11:56:00,388.7300109863281,388.8599853515625,388.7300109863281,388.8599853515625,388.8599853515625,1721
2026-08-11 11:57:00,388.739990234375,388.739990234375,388.5,388.5400085449219,388.5400085449219,1536
2026-08-11 11:58:00,388.5698852539063,388.5698852539063,388.30999755859375,388.30999755859375,388.30999755859375,2273
2026-08-11 11:59:00,388.3949890136719,388.7250061035156,388.3949890136719,388.4649963378906,388.4649963378906,3425
2026-08-11 12:00:00,388.4649963378906,388.5899963378906,388.3900146484375,388.3900146484375,388.3900146484375,1330
2026-08-11 12:01:00,388.4100036621094,388.4249877929688,388.1900024414063,388.2699890136719,388.2699890136719,5656
2026-08-11 12:02:00,388.3699951171875,388.4700012207031,388.3699951171875,388.4700012207031,388.4700012207031,912
2026-08-11 12:03:00,388.760009765625,388.8599853515625,388.510009765625,388.6549987792969,388.6549987792969,1573
2026-08-11 12:04:00,388.6400146484375,388.7760009765625,388.4400024414063,388.4400024414063,388.4400024414063,1245
2026-08-11 12:05:00,388.5199890136719,388.5700073242188,388.3900146484375,388.5549926757813,388.5549926757813,1728
2026-08-11 12:06:00,388.6900024414063,388.80999755859375,388.6900024414063,388.760009765625,388.760009765625,1298
2026-08-11 12:07:00,388.8900146484375,388.9674987792969,388.8900146484375,388.9599914550781,388.9599914550781,876
2026-08-11 12:08:00,388.9599914550781,389.0580139160156,388.7699890136719,388.9849853515625,388.9849853515625,1636
2026-08-11 12:09:00,388.8299865722656,388.8299865722656,388.6400146484375,388.75,388.75,654
2026-08-11 12:10:00,388.7349853515625,388.8299865722656,388.6268005371094,388.8299865722656,388.8299865722656,1949
2026-08-11 12:11:00,388.864990234375,388.864990234375,388.864990234375,388.864990234375,388.864990234375,81
2026-08-11 12:12:00,388.864990234375,388.8789978027344,388.7049865722656,388.8789978027344,388.8789978027344,1392
2026-08-11 12:13:00,388.5600891113281,388.6000061035156,388.41510009765625,388.43499755859375,388.43499755859375,1286
2026-08-11 12:14:00,388.4049987792969,388.4049987792969,387.9200134277344,388.010009765625,388.010009765625,4192
2026-08-11 12:15:00,388.1180114746094,388.4200134277344,388.1180114746094,388.4200134277344,388.4200134277344,1542
2026-08-11 12:16:00,388.4750061035156,388.6499938964844,388.4750061035156,388.6400146484375,388.6400146484375,532
2026-08-11 12:17:00,388.6400146484375,388.7799072265625,388.5,388.6449890136719,388.6449890136719,1099
2026-08-11 12:18:00,388.55999755859375,388.6900024414063,388.4800109863281,388.6900024414063,388.6900024414063,6578
2026-08-11 12:19:00,388.7699890136719,388.8550109863281,388.4700012207031,388.4700012207031,388.4700012207031,1394
2026-08-11 12:20:00,388.5498962402344,388.5498962402344,388.0700073242188,388.0700073242188,388.0700073242188,1930
2026-08-11 12:21:00,388.0700073242188,388.2560119628906,388.0499877929688,388.0499877929688,388.0499877929688,1591
2026-08-11 12:22:00,388.239990234375,388.4299926757813,388.239990234375,388.4299926757813,388.4299926757813,1322
2026-08-11 12:23:00,388.4400024414063,388.5799865722656,388.4400024414063,388.5,388.5,1485
2026-08-11 12:24:00,388.5,388.5,388.2000122070313,388.2000122070313,388.2000122070313,2072
2026-08-11 12:25:00,388.1400146484375,388.1400146484375,387.9100036621094,388.0799865722656,388.0799865722656,1893
2026-08-11 12:26:00,388.0299987792969,388.0499877929688,387.6400146484375,388.0499877929688,388.0499877929688,2347
2026-08-11 12:27:00,387.7699890136719,388.0499877929688,387.7699890136719,387.9700012207031,387.9700012207031,2138
2026-08-11 12:28:00,387.9100036621094,387.9100036621094,387.7699890136719,387.7699890136719,387.7699890136719,1120
2026-08-11 12:29:00,387.7149963378906,387.8999938964844,387.7099914550781,387.8299865722656,387.8299865722656,1385
2026-08-11 12:30:00,387.8699951171875,387.9750061035156,387.8699951171875,387.8800048828125,387.8800048828125,1173
2026-08-11 12:31:00,387.7099914550781,387.7099914550781,387.3949890136719,387.3949890136719,387.3949890136719,2103
2026-08-11 12:32:00,387.239990234375,387.3800964355469,387.2099914550781,387.3800964355469,387.3800964355469,1529
2026-08-11 12:33:00,387.3010864257813,387.375,387.2699890136719,387.2749938964844,387.2749938964844,1568
2026-08-11 12:34:00,387.3200073242188,387.4800109863281,387.1900024414063,387.1900024414063,387.1900024414063,2355
2026-08-11 12:35:00,387.1199951171875,387.4700012207031,387.1199951171875,387.4100036621094,387.4100036621094,1955
2026-08-11 12:36:00,387.4400024414063,387.5450134277344,387.4400024414063,387.5450134277344,387.5450134277344,814
2026-08-11 12:37:00,387.6700134277344,387.8299865722656,387.6000061035156,387.6600036621094,387.6600036621094,1710
2026-08-11 12:38:00,387.7200012207031,387.7200012207031,387.4700012207031,387.4700012207031,387.4700012207031,1355
2026-08-11 12:39:00,387.5499877929688,387.5499877929688,387.5499877929688,387.5499877929688,387.5499877929688,368
2026-08-11 12:40:00,387.6700134277344,387.6900939941406,387.3800048828125,387.4100036621094,387.4100036621094,4482
2026-08-11 12:41:00,387.4750061035156,387.4750061035156,387.3999938964844,387.3999938964844,387.3999938964844,1732
2026-08-11 12:42:00,387.3949890136719,387.510009765625,387.3949890136719,387.510009765625,387.510009765625,1241
2026-08-11 12:43:00,387.4299926757813,387.4299926757813,387.2300109863281,387.2349853515625,387.2349853515625,1366
2026-08-11 12:44:00,387.2349853515625,387.3150024414063,387.2349853515625,387.3150024414063,387.3150024414063,1753
2026-08-11 12:45:00,387.25,387.25,386.7575073242188,386.7575073242188,386.7575073242188,1299
2026-08-11 12:46:00,386.7999877929688,386.7999877929688,386.5169067382813,386.5169067382813,386.5169067382813,1885
2026-08-11 12:47:00,386.614013671875,386.8699951171875,386.54541015625,386.8699951171875,386.8699951171875,765
2026-08-11 12:48:00,386.8200073242188,386.875,386.7200012207031,386.7900085449219,386.7900085449219,3038
2026-08-11 12:49:00,386.7950134277344,386.9249877929688,386.7950134277344,386.9200134277344,386.9200134277344,1922
2026-08-11 12:50:00,386.9249877929688,386.9400024414063,386.8399963378906,386.8999938964844,386.8999938964844,1487
2026-08-11 12:51:00,386.8399963378906,387.2099914550781,386.8299865722656,387.2099914550781,387.2099914550781,1966
2026-08-11 12:52:00,387.135009765625,387.135009765625,386.8599853515625,386.8599853515625,386.8599853515625,2251
2026-08-11 12:54:00,387.0,387.1600036621094,386.8200073242188,386.8200073242188,386.8200073242188,1484
2026-08-11 12:55:00,386.8599853515625,387.1600036621094,386.8299865722656,387.1600036621094,387.1600036621094,1061
2026-08-11 12:56:00,387.1549987792969,387.1549987792969,386.9700012207031,386.9700927734375,386.9700927734375,2130
2026-08-11 12:57:00,386.9100036621094,386.9278869628906,386.80999755859375,386.9278869628906,386.9278869628906,1101
2026-08-11 12:58:00,386.8500061035156,387.0,386.7999877929688,386.8500061035156,386.8500061035156,1990
2026-08-11 12:59:00,386.9649963378906,387.0,386.8500061035156,386.9100036621094,386.9100036621094,2319
2026-08-11 13:00:00,386.8500061035156,386.8699951171875,386.760009765625,386.8699951171875,386.8699951171875,2103
2026-08-11 13:01:00,386.8900146484375,386.9800109863281,386.8299865722656,386.8900146484375,386.8900146484375,1919
2026-08-11 13:02:00,386.8399963378906,386.9200134277344,386.7149963378906,386.7149963378906,386.7149963378906,3340
2026-08-11 13:03:00,386.6099853515625,386.6099853515625,386.55999755859375,386.6099853515625,386.6099853515625,1262
2026-08-11 13:04:00,386.64849853515625,386.64849853515625,386.4400024414063,386.4400024414063,386.4400024414063,1851
2026-08-11 13:05:00,386.3699951171875,386.3699951171875,386.3349914550781,386.3349914550781,386.3349914550781,745
2026-08-11 13:06:00,386.3399963378906,386.6300048828125,386.3399963378906,386.5700073242188,386.5700073242188,2706
2026-08-11 13:08:00,386.8800048828125,386.8800048828125,386.5400085449219,386.5400085449219,386.5400085449219,2544
2026-08-11 13:09:00,386.6499938964844,386.6499938964844,386.6499938964844,386.6499938964844,386.6499938964844,624
2026-08-11 13:10:00,386.6799926757813,386.6799926757813,386.3399963378906,386.4400024414063,386.4400024414063,2336
2026-08-11 13:11:00,386.43499755859375,386.43499755859375,386.2200012207031,386.3200073242188,386.3200073242188,3483
2026-08-11 13:12:00,386.2900085449219,386.4100036621094,386.1499938964844,386.4100036621094,386.4100036621094,1989
2026-08-11 13:13:00,386.3500061035156,386.5450134277344,386.3399963378906,386.5450134277344,386.5450134277344,1252
2026-08-11 13:14:00,386.3900146484375,386.4601135253906,386.2699890136719,386.2699890136719,386.2699890136719,2113
2026-08-11 13:15:00,386.2699890136719,386.5700073242188,386.1900024414063,386.39300537109375,386.39300537109375,11191
2026-08-11 13:16:00,386.3699951171875,386.3699951171875,386.3049926757813,386.3699951171875,386.3699951171875,1454
2026-08-11 13:17:00,386.4400024414063,386.510009765625,386.4400024414063,386.4599914550781,386.4599914550781,1058
2026-08-11 13:18:00,386.5400085449219,386.5400085449219,386.5400085449219,386.5400085449219,386.5400085449219,880
2026-08-11 13:19:00,386.5700073242188,386.7200012207031,386.5400085449219,386.5799865722656,386.5799865722656,2035
2026-08-11 13:20:00,386.6799926757813,386.6900024414063,386.5150146484375,386.5150146484375,386.5150146484375,2388
2026-08-11 13:21:00,386.5150146484375,386.6300048828125,386.375,386.6300048828125,386.6300048828125,3242
2026-08-11 13:22:00,386.5299987792969,386.5299987792969,386.5199890136719,386.5199890136719,386.5199890136719,911
2026-08-11 13:23:00,386.3299865722656,386.3699951171875,386.25,386.2900085449219,386.2900085449219,1399
2026-08-11 13:24:00,386.3500061035156,386.3550109863281,386.3500061035156,386.3550109863281,386.3550109863281,725
2026-08-11 13:25:00,386.55999755859375,386.55999755859375,386.3699951171875,386.3699951171875,386.3699951171875,2449
2026-08-11 13:26:00,386.2699890136719,386.2699890136719,386.1000061035156,386.2200012207031,386.2200012207031,2110
2026-08-11 13:27:00,386.1400146484375,386.3399963378906,386.05999755859375,386.2200012207031,386.2200012207031,2320
2026-08-11 13:28:00,386.2200012207031,386.5950012207031,386.2200012207031,386.5950012207031,386.5950012207031,2603
2026-08-11 13:29:00,386.3900146484375,386.3999938964844,386.3299865722656,386.3599853515625,386.3599853515625,1414
2026-08-11 13:30:00,386.3399963378906,386.3399963378906,385.8875122070313,385.989990234375,385.989990234375,6303
2026-08-11 13:31:00,386.0700073242188,386.0700073242188,385.8599853515625,385.8599853515625,385.8599853515625,845
2026-08-11 13:32:00,386.0150146484375,386.1400146484375,386.0150146484375,386.0199890136719,386.0199890136719,2088
2026-08-11 13:33:00,386.1600036621094,386.3399963378906,386.1600036621094,386.3399963378906,386.3399963378906,1837
2026-08-11 13:34:00,386.2799987792969,386.4649963378906,386.2799987792969,386.3450012207031,386.3450012207031,807
2026-08-11 13:35:00,386.5400085449219,386.7300109863281,386.5400085449219,386.7300109863281,386.7300109863281,1431
2026-08-11 13:36:00,386.75,386.7900085449219,386.6900024414063,386.6900024414063,386.6900024414063,990
2026-08-11 13:37:00,386.6600036621094,386.7250061035156,386.6099853515625,386.6099853515625,386.6099853515625,1057
2026-08-11 13:38:00,386.739990234375,386.7449951171875,386.5400085449219,386.5400085449219,386.5400085449219,2101
2026-08-11 13:39:00,386.4549865722656,386.5899963378906,386.2699890136719,386.5150146484375,386.5150146484375,3638
2026-08-11 13:40:00,386.6820068359375,386.6820068359375,386.6400146484375,386.6449890136719,386.6449890136719,696
2026-08-11 13:41:00,386.6449890136719,386.8900146484375,386.5400085449219,386.8900146484375,386.8900146484375,1476
2026-08-11 13:42:00,386.8900146484375,386.989990234375,386.8424987792969,386.989990234375,386.989990234375,1243
2026-08-11 13:43:00,386.9200134277344,386.9200134277344,386.75,386.75,386.75,1403
2026-08-11 13:44:00,386.8893127441406,386.8893127441406,386.5499877929688,386.5899963378906,386.5899963378906,1630
2026-08-11 13:45:00,386.5799865722656,386.5799865722656,386.3399963378906,386.3500061035156,386.3500061035156,1584
2026-08-11 13:46:00,386.3599853515625,386.4100036621094,386.1600036621094,386.1600036621094,386.1600036621094,1486
2026-08-11 13:47:00,386.2300109863281,386.3250122070313,386.1799926757813,386.1799926757813,386.1799926757813,1979
2026-08-11 13:48:00,386.4500122070313,386.489990234375,386.2900085449219,386.4299926757813,386.4299926757813,3782
2026-08-11 13:49:00,386.3299865722656,386.5285034179688,386.2900085449219,386.2900085449219,386.2900085449219,1326
2026-08-11 13:50:00,386.4299926757813,386.7049865722656,386.3399963378906,386.5700073242188,386.5700073242188,3534
2026-08-11 13:51:00,386.5499877929688,386.5499877929688,386.5499877929688,386.5499877929688,386.5499877929688,557
2026-08-11 13:52:00,386.4200134277344,386.6099853515625,386.3999938964844,386.6099853515625,386.6099853515625,1604
2026-08-11 13:53:00,386.4320068359375,386.5549926757813,386.4320068359375,386.5549926757813,386.5549926757813,772
2026-08-11 13:54:00,386.4100036621094,386.7200012207031,386.4100036621094,386.7200012207031,386.7200012207031,2595
2026-08-11 13:55:00,386.6600036621094,386.6600036621094,386.3599853515625,386.6600036621094,386.6600036621094,2356
2026-08-11 13:56:00,386.3999938964844,386.3999938964844,386.2799987792969,386.2900085449219,386.2900085449219,1530
2026-08-11 13:57:00,386.2699890136719,386.4700012207031,386.2699890136719,386.2900085449219,386.2900085449219,2075
2026-08-11 13:58:00,386.2900085449219,386.6799926757813,386.2200012207031,386.6799926757813,386.6799926757813,3153
2026-08-11 13:59:00,386.6700134277344,386.989990234375,386.6700134277344,386.7000122070313,386.7000122070313,4655
2026-08-11 14:00:00,386.760009765625,386.8550109863281,386.614990234375,386.8450012207031,386.8450012207031,4280
2026-08-11 14:01:00,386.8450012207031,386.8450012207031,386.6499938964844,386.6499938964844,386.6499938964844,1094
2026-08-11 14:02:00,386.6499938964844,386.7099914550781,386.5700073242188,386.6799926757813,386.6799926757813,2356
2026-08-11 14:03:00,386.739990234375,386.8699951171875,386.739990234375,386.8699951171875,386.8699951171875,1749
2026-08-11 14:04:00,387.010009765625,387.010009765625,386.8200073242188,386.86920166015625,386.86920166015625,1574
2026-08-11 14:05:00,386.8949890136719,386.8999938964844,386.7200012207031,386.7200012207031,386.7200012207031,1280
2026-08-11 14:06:00,386.6799926757813,386.7999877929688,386.4599914550781,386.510009765625,386.510009765625,1919
2026-08-11 14:07:00,386.5,386.8399963378906,386.4200134277344,386.8399963378906,386.8399963378906,4516
2026-08-11 14:08:00,386.5899963378906,386.5899963378906,386.4599914550781,386.4649963378906,386.4649963378906,1404
2026-08-11 14:09:00,386.4649963378906,386.5700073242188,386.3900146484375,386.5150146484375,386.5150146484375,2193
2026-08-11 14:10:00,386.5700073242188,386.6300048828125,386.4100036621094,386.50201416015625,386.50201416015625,1365
2026-08-11 14:11:00,386.6400146484375,386.6799926757813,386.6400146484375,386.6799926757813,386.6799926757813,1078
2026-08-11 14:12:00,386.6900024414063,386.75,386.6050109863281,386.7000122070313,386.7000122070313,1678
2026-08-11 14:13:00,386.8500061035156,386.9450073242188,386.7999877929688,386.7999877929688,386.7999877929688,1616
2026-08-11 14:14:00,386.75,386.8299865722656,386.739990234375,386.8299865722656,386.8299865722656,459
2026-08-11 14:15:00,386.8132019042969,386.8399963378906,386.6700134277344,386.8399963378906,386.8399963378906,3598
2026-08-11 14:16:00,386.8200073242188,386.8200073242188,386.7000122070313,386.7449951171875,386.7449951171875,2258
2026-08-11 14:17:00,386.6900024414063,386.7699890136719,386.5799865722656,386.6700134277344,386.6700134277344,2349
2026-08-11 14:18:00,386.6700134277344,386.80999755859375,386.6700134277344,386.80999755859375,386.80999755859375,1383
2026-08-11 14:19:00,386.7650146484375,386.7650146484375,386.6400146484375,386.6400146484375,386.6400146484375,1519
2026-08-11 14:20:00,386.4700012207031,386.5899963378906,386.4599914550781,386.4700012207031,386.4700012207031,1376
2026-08-11 14:21:00,386.25,386.4800109863281,386.1549987792969,386.4800109863281,386.4800109863281,3644
2026-08-11 14:22:00,386.3599853515625,386.3599853515625,386.3599853515625,386.3599853515625,386.3599853515625,867
2026-08-11 14:23:00,386.2699890136719,386.385009765625,386.0199890136719,386.2149963378906,386.2149963378906,2007
2026-08-11 14:24:00,386.2099914550781,386.2099914550781,386.0199890136719,386.2099914550781,386.2099914550781,919
2026-08-11 14:25:00,386.3900146484375,386.3900146484375,386.110107421875,386.2449951171875,386.2449951171875,1915
2026-08-11 14:26:00,386.3164978027344,386.3164978027344,386.10009765625,386.2000122070313,386.2000122070313,801
2026-08-11 14:27:00,386.2049865722656,386.2200012207031,385.9700012207031,386.0700073242188,386.0700073242188,4144
2026-08-11 14:28:00,386.0331115722656,386.0499877929688,385.9500122070313,385.9500122070313,385.9500122070313,1080
2026-08-11 14:29:00,385.9100036621094,385.9100036621094,385.4599914550781,385.7300109863281,385.7300109863281,3904
2026-08-11 14:30:00,385.9100036621094,386.0400085449219,385.7300109863281,385.80999755859375,385.80999755859375,2412
2026-08-11 14:31:00,386.1099853515625,386.1199951171875,386.1099853515625,386.1199951171875,386.1199951171875,264
2026-08-11 14:32:00,385.9849853515625,385.9849853515625,385.8500061035156,385.9599914550781,385.9599914550781,1132
2026-08-11 14:33:00,385.9280090332031,386.02880859375,385.8399963378906,385.8399963378906,385.8399963378906,1351
2026-08-11 14:34:00,385.8200073242188,385.8599853515625,385.8200073242188,385.8599853515625,385.8599853515625,1431
2026-08-11 14:35:00,385.8699951171875,385.8800048828125,385.6700134277344,385.8800048828125,385.8800048828125,2353
2026-08-11 14:36:00,386.1099853515625,386.1099853515625,385.9200134277344,385.9200134277344,385.9200134277344,1703
2026-08-11 14:37:00,385.9450988769531,385.9500122070313,385.760009765625,385.760009765625,385.760009765625,857
2026-08-11 14:38:00,385.7300109863281,385.8399963378906,385.6799926757813,385.6799926757813,385.6799926757813,1442
2026-08-11 14:39:00,385.8150024414063,385.91119384765625,385.68011474609375,385.91119384765625,385.91119384765625,1850
2026-08-11 14:40:00,385.7200012207031,385.8699951171875,385.7200012207031,385.75,385.75,1722
2026-08-11 14:41:00,385.75,385.8299865722656,385.5249938964844,385.6322937011719,385.6322937011719,2233
2026-08-11 14:42:00,385.5137939453125,385.6877136230469,385.5137939453125,385.6050109863281,385.6050109863281,1421
2026-08-11 14:43:00,385.6449890136719,385.6700134277344,385.6449890136719,385.6700134277344,385.6700134277344,2341
2026-08-11 14:44:00,385.8399963378906,385.9100036621094,385.7300109863281,385.7300109863281,385.7300109863281,2574
2026-08-11 14:45:00,385.8999938964844,385.9500122070313,385.8999938964844,385.9150085449219,385.9150085449219,1741
2026-08-11 14:46:00,385.9249877929688,386.010009765625,385.8299865722656,385.9100036621094,385.9100036621094,2389
2026-08-11 14:47:00,385.989990234375,386.1600036621094,385.989990234375,386.1600036621094,386.1600036621094,1181
2026-08-11 14:48:00,386.1600036621094,386.2699890136719,386.1499938964844,386.1900024414063,386.1900024414063,1214
2026-08-11 14:49:00,386.2550048828125,386.4450073242188,386.2550048828125,386.4400024414063,386.4400024414063,2983
2026-08-11 14:50:00,386.55999755859375,386.625,386.3900146484375,386.3900146484375,386.3900146484375,7379
2026-08-11 14:51:00,386.3900146484375,386.4699096679688,386.1799926757813,386.2999877929688,386.2999877929688,2078
2026-08-11 14:52:00,386.3049926757813,386.4299926757813,386.18011474609375,386.18011474609375,386.18011474609375,1686
2026-08-11 14:53:00,386.2900085449219,386.5199890136719,386.2900085449219,386.4599914550781,386.4599914550781,1965
2026-08-11 14:54:00,386.4649963378906,386.4808044433594,386.3699951171875,386.3999938964844,386.3999938964844,1597
2026-08-11 14:55:00,386.3500061035156,386.3599853515625,386.30999755859375,386.3599853515625,386.3599853515625,1765
2026-08-11 14:56:00,386.3699951171875,386.3699951171875,386.1400146484375,386.2300109863281,386.2300109863281,3192
2026-08-11 14:57:00,386.25,386.4100036621094,386.1600036621094,386.3699951171875,386.3699951171875,1849
2026-08-11 14:58:00,386.1700134277344,386.2650146484375,385.8599853515625,385.9100036621094,385.9100036621094,2749
2026-08-11 14:59:00,386.0899963378906,386.1600036621094,386.0,386.0,386.0,2229
2026-08-11 15:00:00,385.8599853515625,385.9049987792969,385.8550109863281,385.9049987792969,385.9049987792969,1475
2026-08-11 15:01:00,385.8949890136719,386.0549926757813,385.8250122070313,385.8250122070313,385.8250122070313,1820
2026-08-11 15:02:00,385.8250122070313,386.0,385.8250122070313,385.9200134277344,385.9200134277344,1067
2026-08-11 15:03:00,385.8599853515625,386.1099853515625,385.8399963378906,386.0799865722656,386.0799865722656,4560
2026-08-11 15:04:00,386.0499877929688,386.0650024414063,385.8399963378906,385.8399963378906,385.8399963378906,3570
2026-08-11 15:05:00,385.8049926757813,385.8049926757813,385.3949890136719,385.3949890136719,385.3949890136719,1498
2026-08-11 15:06:00,385.2799987792969,385.3299865722656,385.0,385.0,385.0,2787
2026-08-11 15:07:00,385.1700134277344,385.239990234375,385.1050109863281,385.18499755859375,385.18499755859375,1635
2026-08-11 15:08:00,385.18499755859375,385.18499755859375,384.8599853515625,384.8599853515625,384.8599853515625,3797
2026-08-11 15:09:00,384.739990234375,384.9800109863281,384.7095031738281,384.9800109863281,384.9800109863281,2679
2026-08-11 15:10:00,384.9400024414063,385.0899963378906,384.9400024414063,385.0499877929688,385.0499877929688,4336
2026-08-11 15:11:00,385.1099853515625,385.1400146484375,385.1000061035156,385.1000061035156,385.1000061035156,1834
2026-08-11 15:12:00,385.0700073242188,385.1300048828125,385.0700073242188,385.0950012207031,385.0950012207031,2488
2026-08-11 15:13:00,385.1900024414063,385.4800109863281,385.1625061035156,385.4200134277344,385.4200134277344,4898
2026-08-11 15:14:00,385.4649963378906,385.4649963378906,385.3299865722656,385.4049987792969,385.4049987792969,2610
2026-08-11 15:15:00,385.3299865722656,385.7000122070313,385.3299865722656,385.6449890136719,385.6449890136719,2233
2026-08-11 15:16:00,385.5499877929688,385.6600036621094,385.4100036621094,385.5899963378906,385.5899963378906,2789
2026-08-11 15:17:00,385.6600036621094,385.6900024414063,385.4400024414063,385.4400024414063,385.4400024414063,3390
2026-08-11 15:18:00,385.4599914550781,385.6600036621094,385.4049987792969,385.6400146484375,385.6400146484375,2164
2026-08-11 15:19:00,385.8550109863281,385.8550109863281,385.6799926757813,385.6799926757813,385.6799926757813,2730
2026-08-11 15:20:00,385.760009765625,385.9577026367188,385.760009765625,385.885009765625,385.885009765625,1226
2026-08-11 15:21:00,385.9049987792969,385.9400024414063,385.7200927734375,385.9049987792969,385.9049987792969,1734
2026-08-11 15:22:00,385.7999877929688,385.8900146484375,385.5899963378906,385.5899963378906,385.5899963378906,2600
2026-08-11 15:23:00,385.6099853515625,385.6998901367188,385.489990234375,385.489990234375,385.489990234375,3011
2026-08-11 15:24:00,385.5050048828125,385.662109375,385.5050048828125,385.5450134277344,385.5450134277344,4473
2026-08-11 15:25:00,385.5450134277344,385.5450134277344,385.3399963378906,385.43499755859375,385.43499755859375,2800
2026-08-11 15:26:00,385.5499877929688,385.5950012207031,385.4450073242188,385.5499877929688,385.5499877929688,1572
2026-08-11 15:27:00,385.5899963378906,385.8349914550781,385.5899963378906,385.7900085449219,385.7900085449219,2648
2026-08-11 15:28:00,385.8699951171875,385.9450073242188,385.760009765625,385.8599853515625,385.8599853515625,3367
2026-08-11 15:29:00,385.9599914550781,385.9750061035156,385.7099914550781,385.7099914550781,385.7099914550781,2677
2026-08-11 15:30:00,385.8399963378906,386.5899963378906,385.6499938964844,386.5899963378906,386.5899963378906,9947
2026-08-11 15:31:00,386.4700012207031,386.639892578125,386.0150146484375,386.0150146484375,386.0150146484375,5454
2026-08-11 15:32:00,385.9700012207031,386.114990234375,385.9200134277344,385.9200134277344,385.9200134277344,3134
2026-08-11 15:33:00,385.9800109863281,386.1749877929688,385.9800109863281,386.1749877929688,386.1749877929688,2641
2026-08-11 15:34:00,386.2300109863281,386.30999755859375,386.2300109863281,386.2449951171875,386.2449951171875,4217
2026-08-11 15:35:00,386.3200073242188,386.3500061035156,386.1050109863281,386.1050109863281,386.1050109863281,3052
2026-08-11 15:36:00,386.1300048828125,386.5,386.1099853515625,386.5,386.5,4185
2026-08-11 15:37:00,386.5,386.6900024414063,386.4700012207031,386.4700012207031,386.4700012207031,3179
2026-08-11 15:38:00,386.4700012207031,386.6099853515625,386.4599914550781,386.6099853515625,386.6099853515625,3952
2026-08-11 15:39:00,386.6400146484375,386.6700134277344,386.4500122070313,386.4500122070313,386.4500122070313,5668
2026-08-11 15:40:00,386.4700012207031,386.4700012207031,386.18499755859375,386.3500061035156,386.3500061035156,4390
2026-08-11 15:41:00,386.4249877929688,386.489990234375,386.2300109863281,386.2999877929688,386.2999877929688,4472
2026-08-11 15:42:00,386.3399963378906,386.3900146484375,386.25,386.3150024414063,386.3150024414063,3516
2026-08-11 15:43:00,386.3599853515625,386.5400085449219,386.1400146484375,386.269287109375,386.269287109375,4172
2026-08-11 15:44:00,386.1300048828125,386.1799926757813,386.0299987792969,386.1698913574219,386.1698913574219,3141
2026-08-11 15:45:00,386.0549926757813,386.1099853515625,385.8800048828125,385.9849853515625,385.9849853515625,6915
2026-08-11 15:46:00,386.0899963378906,386.385009765625,386.0899963378906,386.2799987792969,386.2799987792969,4417
2026-08-11 15:47:00,386.2799987792969,386.3599853515625,386.1799926757813,386.2850036621094,386.2850036621094,2983
2026-08-11 15:48:00,386.3599853515625,386.4200134277344,386.2850036621094,386.2900085449219,386.2900085449219,3590
2026-08-11 15:49:00,386.2999877929688,386.39990234375,386.2000122070313,386.2699890136719,386.2699890136719,4121
2026-08-11 15:50:00,386.1499938964844,386.739990234375,385.4200134277344,386.7000122070313,386.7000122070313,17972
2026-08-11 15:51:00,386.55999755859375,386.5700073242188,386.1600036621094,386.5499877929688,386.5499877929688,13304
2026-08-11 15:52:00,386.4299926757813,386.7749938964844,386.2000122070313,386.625,386.625,7947
2026-08-11 15:53:00,386.5299987792969,386.6600036621094,386.25,386.3399963378906,386.3399963378906,13587
2026-08-11 15:54:00,386.239990234375,386.4200134277344,386.1199951171875,386.2900085449219,386.2900085449219,17117
2026-08-11 15:55:00,386.2799987792969,386.4299926757813,385.6799926757813,386.1600036621094,386.1600036621094,25393
2026-08-11 15:56:00,386.1400146484375,386.1650085449219,385.8999938964844,385.9949951171875,385.9949951171875,15663
2026-08-11 15:57:00,385.9500122070313,385.989990234375,385.3299865722656,385.3599853515625,385.3599853515625,38623
2026-08-11 15:58:00,385.3599853515625,385.4200134277344,385.0299987792969,385.1400146484375,385.1400146484375,54630
2026-08-11 15:59:00,385.1199951171875,385.3599853515625,385.0199890136719,385.3599853515625,385.3599853515625,110340
2026-08-12 09:30:00,396.260009765625,396.260009765625,393.2333984375,393.6700134277344,393.6700134277344,37018
2026-08-12 09:31:00,393.1700134277344,393.8049926757813,391.0799865722656,391.1799926757813,391.1799926757813,9049
2026-08-12 09:32:00,391.0799865722656,392.0700073242188,391.0799865722656,391.68499755859375,391.68499755859375,5325
2026-08-12 09:33:00,390.8999938964844,393.1099853515625,390.8999938964844,391.1900939941406,391.1900939941406,8298
2026-08-12 09:34:00,391.1900024414063,391.9599914550781,391.1900024414063,391.9599914550781,391.9599914550781,4162
2026-08-12 09:35:00,391.6900024414063,393.2749938964844,391.6900024414063,393.2749938964844,393.2749938964844,7485
2026-08-12 09:36:00,392.80999755859375,393.5499877929688,392.80999755859375,392.8200073242188,392.8200073242188,3280
2026-08-12 09:37:00,392.6000061035156,394.23040771484375,392.6000061035156,393.75,393.75,5855
2026-08-12 09:38:00,393.260009765625,393.4800109863281,392.2999877929688,392.6900024414063,392.6900024414063,5912
2026-08-12 09:39:00,392.385009765625,393.6400146484375,392.0899963378906,392.2300109863281,392.2300109863281,3353
2026-08-12 09:40:00,392.57958984375,393.1000061035156,392.260009765625,392.7449951171875,392.7449951171875,4967
2026-08-12 09:41:00,392.6199951171875,392.80999755859375,391.9700012207031,392.7999877929688,392.7999877929688,5169
2026-08-12 09:42:00,392.75,393.0700073242188,392.55999755859375,392.6099853515625,392.6099853515625,5495
2026-08-12 09:43:00,392.5400085449219,393.0700073242188,392.5,392.9450073242188,392.9450073242188,5114
2026-08-12 09:44:00,393.2699890136719,393.2799987792969,392.7900085449219,392.7900085449219,392.7900085449219,2312
2026-08-12 09:45:00,393.2799072265625,394.114990234375,393.0799865722656,393.6700134277344,393.6700134277344,5435
2026-08-12 09:46:00,393.6799926757813,393.6799926757813,392.6199951171875,393.239990234375,393.239990234375,4381
2026-08-12 09:47:00,393.5249938964844,393.5249938964844,392.9800109863281,392.9800109863281,392.9800109863281,2224
2026-08-12 09:48:00,393.0199890136719,393.7300109863281,392.6726989746094,393.6300048828125,393.6300048828125,7635
2026-08-12 09:49:00,393.55999755859375,393.9299926757813,393.55999755859375,393.80999755859375,393.80999755859375,3723
2026-08-12 09:50:00,393.80999755859375,393.80999755859375,393.0400085449219,393.2749938964844,393.2749938964844,5459
2026-08-12 09:51:00,393.0899963378906,393.0899963378906,392.4800109863281,392.6900024414063,392.6900024414063,6038
2026-08-12 09:52:00,392.8399963378906,393.2000122070313,392.1499938964844,393.2000122070313,393.2000122070313,4134
2026-08-12 09:53:00,392.9200134277344,392.9200134277344,392.2999877929688,392.6300048828125,392.6300048828125,4396
2026-08-12 09:54:00,392.4599914550781,392.7300109863281,391.8699951171875,392.0650024414063,392.0650024414063,4023
2026-08-12 09:55:00,392.2099914550781,392.3200073242188,391.5799865722656,391.6300048828125,391.6300048828125,2548
2026-08-12 09:56:00,391.8699951171875,392.03460693359375,390.864990234375,390.8800048828125,390.8800048828125,4893
2026-08-12 09:57:00,390.875,391.385009765625,390.7784118652344,391.0650024414063,391.0650024414063,5628
2026-08-12 09:58:00,391.05999755859375,391.05999755859375,390.4400024414063,390.4400024414063,390.4400024414063,5000
2026-08-12 09:59:00,390.6099853515625,390.6099853515625,389.7850036621094,389.8800048828125,389.8800048828125,5133
2026-08-12 10:00:00,390.0874938964844,390.1650085449219,389.3049926757813,389.5199890136719,389.5199890136719,4005
2026-08-12 10:01:00,389.1700134277344,389.6029968261719,388.7799987792969,389.6029968261719,389.6029968261719,3862
2026-08-12 10:02:00,389.5798950195313,389.5798950195313,388.9700012207031,389.1799926757813,389.1799926757813,6468
2026-08-12 10:03:00,389.3500061035156,389.6099853515625,389.0249938964844,389.3500061035156,389.3500061035156,8522
2026-08-12 10:04:00,389.3299865722656,389.7900085449219,389.1000061035156,389.5199890136719,389.5199890136719,5962
2026-08-12 10:05:00,389.3399963378906,390.3460083007813,389.1600036621094,390.0299987792969,390.0299987792969,4863
2026-08-12 10:06:00,390.010009765625,390.3467102050781,389.7000122070313,390.1099853515625,390.1099853515625,8433
2026-08-12 10:07:00,390.0150146484375,390.1600036621094,389.2349853515625,389.2349853515625,389.2349853515625,4744
2026-08-12 10:08:00,389.4549865722656,389.5450134277344,389.0,389.1050109863281,389.1050109863281,2387
2026-08-12 10:09:00,389.3049926757813,389.875,389.2999877929688,389.7999877929688,389.7999877929688,3981
2026-08-12 10:10:00,389.875,390.1300048828125,389.7099914550781,389.9700012207031,389.9700012207031,2402
2026-08-12 10:11:00,389.93499755859375,389.93499755859375,388.9700012207031,388.989990234375,388.989990234375,3728
2026-08-12 10:12:00,388.9599914550781,388.989990234375,388.30999755859375,388.30999755859375,388.30999755859375,6911
2026-08-12 10:13:00,388.2799987792969,388.8450012207031,388.2200012207031,388.4299926757813,388.4299926757813,24201
2026-08-12 10:14:00,388.2749938964844,389.14990234375,388.1900024414063,388.25,388.25,7195
2026-08-12 10:15:00,388.4700012207031,388.989990234375,388.4299926757813,388.989990234375,388.989990234375,1983
2026-08-12 10:16:00,388.9400024414063,388.989990234375,388.6300048828125,388.885009765625,388.885009765625,2156
2026-08-12 10:17:00,388.8500061035156,389.1499938964844,388.6400146484375,388.9500122070313,388.9500122070313,6000
2026-08-12 10:18:00,389.0950012207031,389.2460021972656,388.9299926757813,389.0400085449219,389.0400085449219,7369
2026-08-12 10:19:00,389.3684997558594,389.3684997558594,388.9100036621094,388.9100036621094,388.9100036621094,2288
2026-08-12 10:20:00,388.9049987792969,389.30999755859375,388.7300109863281,389.2049865722656,389.2049865722656,14117
2026-08-12 10:21:00,388.9800109863281,389.6199951171875,388.9800109863281,389.0400085449219,389.0400085449219,2835
2026-08-12 10:22:00,389.2250061035156,389.4100036621094,388.8999938964844,388.8999938964844,388.8999938964844,5843
2026-08-12 10:23:00,389.0,389.1900024414063,388.7000122070313,389.0249938964844,389.0249938964844,1920
2026-08-12 10:24:00,389.0249938964844,389.0777893066406,388.6700134277344,388.8699951171875,388.8699951171875,1685
2026-08-12 10:25:00,388.6799926757813,388.9949951171875,388.5400085449219,388.80999755859375,388.80999755859375,3328
2026-08-12 10:26:00,388.8550109863281,389.1400146484375,388.5950012207031,389.010009765625,389.010009765625,3181
2026-08-12 10:27:00,389.2650146484375,389.4067077636719,388.739990234375,388.739990234375,388.739990234375,3774
2026-08-12 10:28:00,388.8200073242188,388.8450012207031,388.5299987792969,388.5299987792969,388.5299987792969,3222
2026-08-12 10:29:00,388.5199890136719,388.6600036621094,387.8800048828125,387.8999938964844,387.8999938964844,4675
2026-08-12 10:30:00,387.5700988769531,388.260009765625,387.5700988769531,387.8200073242188,387.8200073242188,1497
2026-08-12 10:31:00,387.6700134277344,387.8599853515625,386.36029052734375,387.3299865722656,387.3299865722656,9215
2026-08-12 10:32:00,387.3999938964844,387.3999938964844,386.7052917480469,386.80999755859375,386.80999755859375,2073
2026-08-12 10:33:00,387.0299987792969,387.1799926757813,386.6700134277344,386.7999877929688,386.7999877929688,1483
2026-08-12 10:34:00,386.6199951171875,386.848388671875,385.8599853515625,386.0700073242188,386.0700073242188,2816
2026-08-12 10:35:00,385.8599853515625,386.6966857910156,385.5400085449219,386.6966857910156,386.6966857910156,4676
2026-08-12 10:36:00,386.3599853515625,386.8450012207031,386.3599853515625,386.8450012207031,386.8450012207031,975
2026-08-12 10:37:00,386.9898986816406,386.9898986816406,386.3900146484375,386.8299865722656,386.8299865722656,1672
2026-08-12 10:38:00,386.6700134277344,386.9400024414063,386.6099853515625,386.625,386.625,2142
2026-08-12 10:39:00,386.4400024414063,386.7099914550781,386.3699951171875,386.6300048828125,386.6300048828125,4235
2026-08-12 10:40:00,386.8599853515625,387.2298889160156,386.4800109863281,386.9450073242188,386.9450073242188,890
2026-08-12 10:41:00,386.5899963378906,386.6893005371094,386.4400024414063,386.4400024414063,386.4400024414063,3331
2026-08-12 10:42:00,386.4400024414063,386.4400024414063,386.1799926757813,386.1799926757813,386.1799926757813,1597
2026-08-12 10:43:00,386.48919677734375,386.93499755859375,386.18011474609375,386.8999938964844,386.8999938964844,4768
2026-08-12 10:44:00,387.0199890136719,387.0650024414063,386.9100036621094,386.9100036621094,386.9100036621094,1026
2026-08-12 10:45:00,386.7000122070313,386.8999938964844,386.7000122070313,386.80999755859375,386.80999755859375,1437
2026-08-12 10:46:00,386.7999877929688,387.1400146484375,386.6400146484375,387.0799865722656,387.0799865722656,2405
2026-08-12 10:47:00,386.8599853515625,386.9700012207031,386.4599914550781,386.5549926757813,386.5549926757813,2161
2026-08-12 10:48:00,386.5899963378906,386.9800109863281,386.5899963378906,386.6900024414063,386.6900024414063,2470
2026-08-12 10:49:00,386.8299865722656,387.4599914550781,386.8299865722656,387.4599914550781,387.4599914550781,3085
2026-08-12 10:50:00,387.5199890136719,387.5199890136719,386.6900024414063,386.7200012207031,386.7200012207031,4656
2026-08-12 10:51:00,386.8800048828125,386.8800048828125,386.864990234375,386.864990234375,386.864990234375,857
2026-08-12 10:52:00,386.7900085449219,387.2250061035156,386.7200012207031,387.2000122070313,387.2000122070313,3380
2026-08-12 10:53:00,387.2900085449219,387.2900085449219,386.9200134277344,386.9500122070313,386.9500122070313,2571
2026-08-12 10:54:00,387.0304870605469,387.1400146484375,386.2900085449219,386.6427001953125,386.6427001953125,4239
2026-08-12 10:55:00,386.375,386.3999938964844,385.9400024414063,386.1000061035156,386.1000061035156,4907
2026-08-12 10:56:00,386.1300048828125,386.2850036621094,385.9299926757813,386.0750122070313,386.0750122070313,2304
2026-08-12 10:57:00,385.9849853515625,386.3800048828125,385.9849853515625,386.3800048828125,386.3800048828125,4913
2026-08-12 10:58:00,386.1799926757813,386.3699951171875,386.010009765625,386.1099853515625,386.1099853515625,1949
2026-08-12 10:59:00,386.010009765625,386.1000061035156,385.8900146484375,386.1000061035156,386.1000061035156,2370
2026-08-12 11:00:00,386.0650024414063,386.0650024414063,386.0650024414063,386.0650024414063,386.0650024414063,205
2026-08-12 11:01:00,386.0849914550781,386.4700012207031,385.9400024414063,386.4700012207031,386.4700012207031,3365
2026-08-12 11:02:00,386.5499877929688,386.5499877929688,386.0299987792969,386.18499755859375,386.18499755859375,2790
2026-08-12 11:03:00,386.4049987792969,386.4049987792969,385.8599853515625,385.9100036621094,385.9100036621094,1947
2026-08-12 11:04:00,385.80999755859375,386.260009765625,385.6900024414063,386.239990234375,386.239990234375,4351
2026-08-12 11:05:00,386.4949951171875,386.4949951171875,386.4949951171875,386.4949951171875,386.4949951171875,569
2026-08-12 11:06:00,386.6000061035156,387.1499938964844,386.385009765625,387.1499938964844,387.1499938964844,3260
2026-08-12 11:07:00,387.4700012207031,387.4700012207031,387.0700073242188,387.0700073242188,387.0700073242188,1783
2026-08-12 11:08:00,387.0400085449219,387.3049926757813,386.8900146484375,387.3049926757813,387.3049926757813,2063
2026-08-12 11:09:00,387.30999755859375,387.30999755859375,387.1000061035156,387.25,387.25,785
2026-08-12 11:10:00,387.1000061035156,387.18499755859375,386.5899963378906,386.5899963378906,386.5899963378906,5867
2026-08-12 11:11:00,386.7749938964844,386.9599914550781,386.7749938964844,386.9599914550781,386.9599914550781,792
2026-08-12 11:12:00,386.9599914550781,387.1199951171875,386.7699890136719,387.1199951171875,387.1199951171875,3349
2026-08-12 11:13:00,387.1199951171875,387.1199951171875,386.8599853515625,387.0,387.0,2088
2026-08-12 11:14:00,386.875,387.0299072265625,386.6099853515625,386.7099914550781,386.7099914550781,1264
2026-08-12 11:15:00,386.6099853515625,386.6138916015625,386.4299926757813,386.5799865722656,386.5799865722656,2102
2026-08-12 11:16:00,386.5299987792969,386.6050109863281,386.2699890136719,386.3200073242188,386.3200073242188,2114
2026-08-12 11:17:00,386.4378967285156,386.6600036621094,386.1400146484375,386.5549926757813,386.5549926757813,3875
2026-08-12 11:18:00,386.6700134277344,386.7998962402344,386.5299987792969,386.5400085449219,386.5400085449219,1530
2026-08-12 11:19:00,386.5400085449219,386.7850036621094,386.5,386.7850036621094,386.7850036621094,3143
2026-08-12 11:20:00,386.7900085449219,387.0299987792969,386.739990234375,386.75,386.75,4998
2026-08-12 11:21:00,386.7099914550781,386.8699951171875,386.4700012207031,386.5799865722656,386.5799865722656,3332
2026-08-12 11:22:00,386.5400085449219,386.5400085449219,386.0050048828125,386.1300048828125,386.1300048828125,7137
2026-08-12 11:23:00,386.2449951171875,386.2449951171875,386.2449951171875,386.2449951171875,386.2449951171875,365
2026-08-12 11:24:00,386.2000122070313,386.2000122070313,385.9299926757813,386.0299987792969,386.0299987792969,1954
2026-08-12 11:25:00,386.1099853515625,386.1900024414063,386.1099853515625,386.1900024414063,386.1900024414063,1097
2026-08-12 11:26:00,386.1400146484375,386.3150024414063,386.1400146484375,386.2999877929688,386.2999877929688,2098
2026-08-12 11:27:00,386.25,386.3399963378906,386.1799926757813,386.2000122070313,386.2000122070313,2084
2026-08-12 11:28:00,386.2900085449219,386.3999938964844,386.2699890136719,386.2799987792969,386.2799987792969,3597
2026-08-12 11:29:00,386.2800903320313,386.8399963378906,386.2800903320313,386.7000122070313,386.7000122070313,2010
2026-08-12 11:30:00,386.6600036621094,386.6600036621094,386.1700134277344,386.239990234375,386.239990234375,3678
2026-08-12 11:31:00,386.3250122070313,386.33880615234375,386.0899963378906,386.1749877929688,386.1749877929688,2590
2026-08-12 11:32:00,386.1749877929688,386.2408142089844,385.9100036621094,385.9599914550781,385.9599914550781,4373
2026-08-12 11:33:00,385.9500122070313,385.989990234375,385.8800048828125,385.8800048828125,385.8800048828125,2853
2026-08-12 11:34:00,385.9299926757813,385.9299926757813,385.6549987792969,385.7099914550781,385.7099914550781,9669
2026-08-12 11:35:00,385.6600036621094,385.8599853515625,385.6600036621094,385.7300109863281,385.7300109863281,2066
2026-08-12 11:36:00,385.7300109863281,385.875,385.5450134277344,385.5849914550781,385.5849914550781,5125
2026-08-12 11:37:00,385.55999755859375,385.7900085449219,385.2000122070313,385.2000122070313,385.2000122070313,16808
2026-08-12 11:38:00,385.4100036621094,385.4100036621094,385.0050048828125,385.1300048828125,385.1300048828125,6759
2026-08-12 11:39:00,385.1300048828125,385.239990234375,384.75,384.8580017089844,384.8580017089844,6044
2026-08-12 11:40:00,384.9700012207031,385.0133056640625,384.8349914550781,384.8450012207031,384.8450012207031,3786
2026-08-12 11:41:00,384.7999877929688,384.7999877929688,384.2900085449219,384.4910888671875,384.4910888671875,5522
2026-08-12 11:42:00,384.5400085449219,384.6799926757813,384.5400085449219,384.6300048828125,384.6300048828125,3447
2026-08-12 11:43:00,384.5700073242188,384.5700073242188,384.1600036621094,384.1799926757813,384.1799926757813,5367
2026-08-12 11:44:00,384.4299926757813,384.6199951171875,384.1000061035156,384.1099853515625,384.1099853515625,3582
2026-08-12 11:45:00,384.1600036621094,384.4299926757813,384.0899963378906,384.3999938964844,384.3999938964844,3857
2026-08-12 11:46:00,384.2900085449219,384.2900085449219,383.6499938964844,383.989990234375,383.989990234375,7625
2026-08-12 11:47:00,383.9500122070313,384.0899963378906,383.7000122070313,384.0899963378906,384.0899963378906,2003
2026-08-12 11:48:00,384.1000061035156,384.1000061035156,383.8500061035156,383.9299926757813,383.9299926757813,1164
2026-08-12 11:49:00,383.9299926757813,384.0299987792969,383.8299865722656,384.0299987792969,384.0299987792969,1537
2026-08-12 11:50:00,384.1000061035156,384.1199951171875,383.9100036621094,383.9100036621094,383.9100036621094,2540
2026-08-12 11:51:00,383.9400024414063,383.9400024414063,383.9400024414063,383.9400024414063,383.9400024414063,1085
2026-08-12 11:52:00,384.0299987792969,384.4249877929688,384.0299987792969,384.4249877929688,384.4249877929688,1073
2026-08-12 11:53:00,384.4500122070313,384.5899963378906,384.4500122070313,384.5899963378906,384.5899963378906,642
2026-08-12 11:54:00,384.4500122070313,384.5199890136719,384.4500122070313,384.5150146484375,384.5150146484375,1760
2026-08-12 11:55:00,384.5,384.5849914550781,384.3599853515625,384.3599853515625,384.3599853515625,1426
2026-08-12 11:56:00,384.4500122070313,384.4500122070313,384.4500122070313,384.4500122070313,384.4500122070313,450
2026-08-12 11:57:00,384.4549865722656,384.5899963378906,384.3200073242188,384.3200073242188,384.3200073242188,1570
2026-08-12 11:58:00,384.3800048828125,384.4200134277344,384.1700134277344,384.1700134277344,384.1700134277344,5656
2026-08-12 11:59:00,384.1499938964844,384.1499938964844,384.0,384.0899963378906,384.0899963378906,2470
2026-08-12 12:00:00,384.2200012207031,384.5199890136719,384.1099853515625,384.5199890136719,384.5199890136719,2262
2026-08-12 12:01:00,384.6600036621094,384.8500061035156,384.6600036621094,384.7200012207031,384.7200012207031,3938
2026-08-12 12:02:00,384.7850036621094,385.0400085449219,384.7850036621094,385.0244140625,385.0244140625,1706
2026-08-12 12:03:00,385.0400085449219,385.0400085449219,384.7200012207031,384.7200012207031,384.7200012207031,5289
2026-08-12 12:04:00,384.6400146484375,385.0700073242188,384.6400146484375,385.0700073242188,385.0700073242188,3116
2026-08-12 12:05:00,385.0400085449219,385.2850036621094,385.0400085449219,385.2850036621094,385.2850036621094,2157
2026-08-12 12:06:00,385.1900024414063,385.30999755859375,385.1000061035156,385.1199951171875,385.1199951171875,3216
2026-08-12 12:07:00,385.1199951171875,385.1199951171875,384.9800109863281,384.9800109863281,384.9800109863281,1645
2026-08-12 12:08:00,385.010009765625,385.1900024414063,385.010009765625,385.0849914550781,385.0849914550781,1191
2026-08-12 12:09:00,385.1899108886719,385.2349853515625,385.1799926757813,385.2349853515625,385.2349853515625,2046
2026-08-12 12:10:00,385.3200073242188,385.3200073242188,385.0400085449219,385.0950012207031,385.0950012207031,2165
2026-08-12 12:11:00,385.1430969238281,385.2625122070313,385.1430969238281,385.2625122070313,385.2625122070313,1269
2026-08-12 12:12:00,385.3500061035156,385.3500061035156,384.8500061035156,384.8900146484375,384.8900146484375,6275
2026-08-12 12:13:00,384.9549865722656,385.0152893066406,384.8399963378906,384.9500122070313,384.9500122070313,1074
2026-08-12 12:14:00,384.9500122070313,385.0700073242188,384.7699890136719,384.7699890136719,384.7699890136719,4143
2026-08-12 12:15:00,384.8200073242188,384.8200073242188,384.5799865722656,384.6700134277344,384.6700134277344,4661
2026-08-12 12:16:00,384.6199951171875,384.7000122070313,384.4599914550781,384.6099853515625,384.6099853515625,2857
2026-08-12 12:17:00,384.5799865722656,384.5799865722656,384.239990234375,384.2799987792969,384.2799987792969,2458
2026-08-12 12:18:00,384.3900146484375,384.4200134277344,384.2900085449219,384.3599853515625,384.3599853515625,2606
2026-08-12 12:19:00,384.4200134277344,384.4796142578125,384.3399963378906,384.4796142578125,384.4796142578125,5556
2026-08-12 12:20:00,384.364990234375,384.364990234375,384.2300109863281,384.260009765625,384.260009765625,2087
2026-08-12 12:21:00,384.3599853515625,384.5801086425781,384.3599853515625,384.5799865722656,384.5799865722656,2308
2026-08-12 12:22:00,384.5799865722656,384.739990234375,384.5799865722656,384.739990234375,384.739990234375,767
2026-08-12 12:23:00,384.8200073242188,384.8200073242188,384.6499938964844,384.6700134277344,384.6700134277344,2340
2026-08-12 12:24:00,384.6700134277344,384.75,384.6300048828125,384.7300109863281,384.7300109863281,4022
2026-08-12 12:25:00,384.6499938964844,384.6799926757813,384.510009765625,384.510009765625,384.510009765625,2950
2026-08-12 12:26:00,384.510009765625,384.5799865722656,384.4599914550781,384.4599914550781,384.4599914550781,761
2026-08-12 12:27:00,384.4400024414063,384.4500122070313,384.2000122070313,384.2000122070313,384.2000122070313,3547
2026-08-12 12:28:00,384.2999877929688,384.3800048828125,384.1499938964844,384.2850036621094,384.2850036621094,1890
2026-08-12 12:29:00,384.2000122070313,384.3599853515625,384.2000122070313,384.2749938964844,384.2749938964844,1352
2026-08-12 12:30:00,384.2749938964844,384.2749938964844,384.0199890136719,384.1000061035156,384.1000061035156,3999
2026-08-12 12:31:00,384.1123962402344,384.2699890136719,384.0199890136719,384.1400146484375,384.1400146484375,1192
2026-08-12 12:32:00,384.1400146484375,384.3200073242188,384.1400146484375,384.3200073242188,384.3200073242188,1663
2026-08-12 12:33:00,384.375,384.375,384.2900085449219,384.2900085449219,384.2900085449219,1426
2026-08-12 12:34:00,384.260009765625,384.3999938964844,384.2099914550781,384.2699890136719,384.2699890136719,2018
2026-08-12 12:35:00,384.239990234375,384.2900085449219,384.1499938964844,384.2900085449219,384.2900085449219,4413
2026-08-12 12:36:00,384.2850036621094,384.3150024414063,384.2850036621094,384.3150024414063,384.3150024414063,584
2026-08-12 12:37:00,384.3150024414063,384.5899963378906,384.3150024414063,384.5899963378906,384.5899963378906,2593
2026-08-12 12:38:00,384.625,384.8399963378906,384.625,384.75,384.75,1379
2026-08-12 12:39:00,384.7449951171875,384.8800048828125,384.7449951171875,384.7900085449219,384.7900085449219,1448
2026-08-12 12:40:00,384.7300109863281,384.7799987792969,384.5499877929688,384.7000122070313,384.7000122070313,5234
2026-08-12 12:41:00,384.7000122070313,384.7149963378906,384.5499877929688,384.55999755859375,384.55999755859375,1895
2026-08-12 12:42:00,384.5499877929688,384.614990234375,384.4299926757813,384.4299926757813,384.4299926757813,3406
2026-08-12 12:43:00,384.4299926757813,384.4299926757813,384.2900085449219,384.3875122070313,384.3875122070313,2500
2026-08-12 12:44:00,384.4100036621094,384.55999755859375,384.25,384.43499755859375,384.43499755859375,5022
2026-08-12 12:45:00,384.5199890136719,384.6700134277344,384.5199890136719,384.5899963378906,384.5899963378906,1838
2026-08-12 12:46:00,384.5950012207031,384.614990234375,384.4700012207031,384.4700012207031,384.4700012207031,1684
2026-08-12 12:47:00,384.4400024414063,384.4949951171875,384.30999755859375,384.30999755859375,384.30999755859375,2884
2026-08-12 12:48:00,384.3450012207031,384.510009765625,384.239990234375,384.510009765625,384.510009765625,2360
2026-08-12 12:49:00,384.5499877929688,384.6300048828125,384.4700012207031,384.5799865722656,384.5799865722656,2798
2026-08-12 12:50:00,384.5751037597656,384.6900024414063,384.5751037597656,384.6749877929688,384.6749877929688,1282
2026-08-12 12:51:00,384.6300048828125,384.7300109863281,384.5700073242188,384.6900024414063,384.6900024414063,1594
2026-08-12 12:52:00,384.7179870605469,384.8999938964844,384.7179870605469,384.8699951171875,384.8699951171875,3591
2026-08-12 12:53:00,384.8699951171875,384.9100036621094,384.8599853515625,384.9100036621094,384.9100036621094,2261
2026-08-12 12:54:00,384.8599853515625,384.9150085449219,384.7799987792969,384.8699951171875,384.8699951171875,4276
2026-08-12 12:55:00,384.8200073242188,384.8200073242188,384.7799987792969,384.7799987792969,384.7799987792969,568
2026-08-12 12:56:00,384.8200073242188,384.9549865722656,384.75,384.75,384.75,1831
2026-08-12 12:57:00,384.8150024414063,384.8150024414063,384.80999755859375,384.80999755859375,384.80999755859375,244
2026-08-12 12:58:00,384.9400024414063,385.0799865722656,384.9100036621094,384.9100036621094,384.9100036621094,2915
2026-08-12 12:59:00,384.860107421875,384.9700012207031,384.80999755859375,384.80999755859375,384.80999755859375,1328
2026-08-12 13:00:00,384.80999755859375,384.9599914550781,384.7999877929688,384.9599914550781,384.9599914550781,1813
2026-08-12 13:01:00,384.9649963378906,385.2099914550781,384.9649963378906,385.2099914550781,385.2099914550781,8809
2026-08-12 13:02:00,385.1099853515625,385.1099853515625,384.8599853515625,384.9299926757813,384.9299926757813,3977
2026-08-12 13:03:00,384.8599853515625,384.8999938964844,384.8550109863281,384.8900146484375,384.8900146484375,1472
2026-08-12 13:04:00,384.9500122070313,385.0050048828125,384.7999877929688,384.7999877929688,384.7999877929688,2819
2026-08-12 13:05:00,384.8200073242188,384.989990234375,384.8200073242188,384.9750061035156,384.9750061035156,2500
2026-08-12 13:06:00,384.8599853515625,384.8599853515625,384.7099914550781,384.7200012207031,384.7200012207031,5554
2026-08-12 13:07:00,384.80999755859375,385.1499938964844,384.80999755859375,385.1499938964844,385.1499938964844,4324
2026-08-12 13:08:00,384.8900146484375,384.9049987792969,384.8299865722656,384.8299865722656,384.8299865722656,1190
2026-08-12 13:09:00,384.7699890136719,384.8150024414063,384.4100036621094,384.4100036621094,384.4100036621094,5591
2026-08-12 13:10:00,384.4500122070313,384.5199890136719,384.3599853515625,384.4049987792969,384.4049987792969,3674
2026-08-12 13:11:00,384.4200134277344,384.4800109863281,384.3599853515625,384.3599853515625,384.3599853515625,4487
2026-08-12 13:12:00,384.4649963378906,384.5299987792969,384.3500061035156,384.4400024414063,384.4400024414063,1959
2026-08-12 13:13:00,384.4400024414063,384.5299987792969,384.3599853515625,384.3999938964844,384.3999938964844,3636
2026-08-12 13:14:00,384.43499755859375,384.4800109863281,384.4249877929688,384.4500122070313,384.4500122070313,1305
2026-08-12 13:15:00,384.3800048828125,384.4700012207031,384.3299865722656,384.3450012207031,384.3450012207031,4946
2026-08-12 13:16:00,384.385009765625,384.510009765625,384.30999755859375,384.4599914550781,384.4599914550781,4609
2026-08-12 13:17:00,384.4599914550781,384.4599914550781,384.3349914550781,384.4450073242188,384.4450073242188,4683
2026-08-12 13:18:00,384.4450073242188,384.5050048828125,384.4450073242188,384.4500122070313,384.4500122070313,4770
2026-08-12 13:19:00,384.4299926757813,384.55999755859375,384.3399963378906,384.3949890136719,384.3949890136719,1686
2026-08-12 13:20:00,384.3949890136719,384.55999755859375,384.3949890136719,384.4649963378906,384.4649963378906,4367
2026-08-12 13:21:00,384.3800048828125,384.489990234375,384.1600036621094,384.489990234375,384.489990234375,6939
2026-08-12 13:22:00,384.4100036621094,384.4100036621094,384.3200073242188,384.3999938964844,384.3999938964844,2274
2026-08-12 13:23:00,384.3699951171875,384.4100036621094,384.3699951171875,384.3800048828125,384.3800048828125,1651
2026-08-12 13:24:00,384.4200134277344,384.5799865722656,384.4200134277344,384.5199890136719,384.5199890136719,5414
2026-08-12 13:25:00,384.5450134277344,384.739990234375,384.510009765625,384.739990234375,384.739990234375,5699
2026-08-12 13:26:00,384.6499938964844,384.739990234375,384.6400146484375,384.739990234375,384.739990234375,1894
2026-08-12 13:27:00,384.8150024414063,384.8381042480469,384.7149963378906,384.7900085449219,384.7900085449219,1928
2026-08-12 13:28:00,384.7900085449219,384.8999938964844,384.7900085449219,384.875,384.875,2719
2026-08-12 13:29:00,384.8500061035156,384.9525146484375,384.760009765625,384.7999877929688,384.7999877929688,5234
2026-08-12 13:30:00,384.7999877929688,384.7999877929688,384.6300048828125,384.739990234375,384.739990234375,10275
2026-08-12 13:31:00,384.8049926757813,385.1300048828125,384.7799987792969,385.1000061035156,385.1000061035156,10012
2026-08-12 13:32:00,385.1000061035156,385.1000061035156,384.8800048828125,384.8800048828125,384.8800048828125,4179
2026-08-12 13:33:00,384.9649963378906,384.9649963378906,384.8200073242188,384.8800048828125,384.8800048828125,1044
2026-08-12 13:34:00,384.8299865722656,384.8299865722656,384.6700134277344,384.739990234375,384.739990234375,2691
2026-08-12 13:35:00,384.7999877929688,385.1900024414063,384.7300109863281,385.1099853515625,385.1099853515625,8423
2026-08-12 13:36:00,384.8599853515625,385.1000061035156,384.8599853515625,385.1000061035156,385.1000061035156,12101
2026-08-12 13:37:00,384.9200134277344,385.1900024414063,384.9200134277344,384.9500122070313,384.9500122070313,3311
2026-08-12 13:38:00,384.9500122070313,385.1300048828125,384.9400024414063,385.0299987792969,385.0299987792969,2470
2026-08-12 13:39:00,385.0950012207031,385.1199951171875,384.9800109863281,385.1199951171875,385.1199951171875,10636
2026-08-12 13:40:00,385.2049865722656,385.9500122070313,385.2049865722656,385.9049987792969,385.9049987792969,10952
2026-08-12 13:41:00,385.9200134277344,386.1099853515625,385.8500061035156,386.1099853515625,386.1099853515625,1707
2026-08-12 13:42:00,386.0,386.1400146484375,385.9800109863281,386.0299987792969,386.0299987792969,2597
2026-08-12 13:43:00,386.010009765625,386.1000061035156,386.010009765625,386.1000061035156,386.1000061035156,558
2026-08-12 13:44:00,386.010009765625,386.0650024414063,385.9299926757813,385.9299926757813,385.9299926757813,2932
2026-08-12 13:45:00,386.0400085449219,386.1300048828125,385.9500122070313,386.0400085449219,386.0400085449219,790
2026-08-12 13:46:00,385.9500122070313,386.0350036621094,385.9500122070313,386.0350036621094,386.0350036621094,739
2026-08-12 13:47:00,386.0350036621094,386.0450134277344,385.8399963378906,385.8399963378906,385.8399963378906,2799
2026-08-12 13:48:00,386.0398864746094,386.0400085449219,385.9450073242188,385.9599914550781,385.9599914550781,2170
2026-08-12 13:49:00,386.0299987792969,386.0299987792969,385.8299865722656,385.8399963378906,385.8399963378906,3666
2026-08-12 13:50:00,385.8999938964844,385.9100036621094,385.739990234375,385.739990234375,385.739990234375,3205
2026-08-12 13:51:00,385.739990234375,385.8450927734375,385.6300048828125,385.6600036621094,385.6600036621094,3456
2026-08-12 13:52:00,385.6600036621094,385.6600036621094,385.55999755859375,385.5700073242188,385.5700073242188,2021
2026-08-12 13:53:00,385.6549987792969,385.6600036621094,385.3800048828125,385.3800048828125,385.3800048828125,3378
2026-08-12 13:54:00,385.3500061035156,385.3500061035156,385.0499877929688,385.1549987792969,385.1549987792969,3098
2026-08-12 13:55:00,385.0700073242188,385.239990234375,385.0700073242188,385.1300048828125,385.1300048828125,857
2026-08-12 13:56:00,385.1600036621094,385.1650085449219,385.1400146484375,385.1650085449219,385.1650085449219,1444
2026-08-12 13:57:00,385.0899963378906,385.1700134277344,385.0,385.0694885253906,385.0694885253906,3257
2026-08-12 13:58:00,385.0799865722656,385.1900024414063,384.9800109863281,385.1900024414063,385.1900024414063,7913
2026-08-12 13:59:00,385.2300109863281,385.2850036621094,385.1400146484375,385.1400146484375,385.1400146484375,1913
2026-08-12 14:00:00,385.1749877929688,385.1749877929688,385.1749877929688,385.1749877929688,385.1749877929688,539
2026-08-12 14:01:00,385.0700073242188,385.1995849609375,384.8399963378906,384.9549865722656,384.9549865722656,4967
2026-08-12 14:02:00,384.9549865722656,384.9549865722656,384.9549865722656,384.9549865722656,384.9549865722656,709
2026-08-12 14:03:00,384.9549865722656,384.9599914550781,384.760009765625,384.8200073242188,384.8200073242188,4040
2026-08-12 14:04:00,384.8200073242188,385.0400085449219,384.7999877929688,385.0400085449219,385.0400085449219,1322
2026-08-12 14:05:00,384.7799987792969,385.0450134277344,384.7300109863281,385.0450134277344,385.0450134277344,2641
2026-08-12 14:06:00,385.0400085449219,385.0400085449219,384.7200012207031,384.875,384.875,2629
2026-08-12 14:07:00,384.875,384.875,384.875,384.875,384.875,422
2026-08-12 14:08:00,385.0,385.0750122070313,384.9049987792969,384.9100036621094,384.9100036621094,3319
2026-08-12 14:09:00,384.9450073242188,384.9450988769531,384.5400085449219,384.55999755859375,384.55999755859375,4671
2026-08-12 14:10:00,384.55999755859375,384.5650024414063,384.30999755859375,384.4200134277344,384.4200134277344,4120
2026-08-12 14:11:00,384.4200134277344,385.0299987792969,384.4200134277344,384.9700012207031,384.9700012207031,12158
2026-08-12 14:12:00,384.9700012207031,385.1600036621094,384.760009765625,384.8900146484375,384.8900146484375,3387
2026-08-12 14:13:00,384.9360961914063,384.9360961914063,384.8800048828125,384.8800048828125,384.8800048828125,373
2026-08-12 14:14:00,384.9700012207031,385.0650024414063,384.8875122070313,384.8949890136719,384.8949890136719,2355
2026-08-12 14:15:00,384.8299865722656,384.9100036621094,384.7699890136719,384.8450012207031,384.8450012207031,5755
2026-08-12 14:16:00,384.8450012207031,384.9299926757813,384.7799987792969,384.8949890136719,384.8949890136719,2026
2026-08-12 14:17:00,384.8949890136719,385.0499877929688,384.8800048828125,384.8800048828125,384.8800048828125,1585
2026-08-12 14:18:00,384.9649963378906,384.9750061035156,384.8299865722656,384.9649963378906,384.9649963378906,1952
2026-08-12 14:19:00,384.9849853515625,385.0050048828125,384.8699951171875,384.9500122070313,384.9500122070313,1485
2026-08-12 14:20:00,384.9599914550781,385.0899963378906,384.9599914550781,385.0150146484375,385.0150146484375,2141
2026-08-12 14:21:00,385.0499877929688,385.2749938964844,385.0499877929688,385.2699890136719,385.2699890136719,3276
2026-08-12 14:22:00,385.2099914550781,385.3200073242188,385.2099914550781,385.2900085449219,385.2900085449219,1424
2026-08-12 14:23:00,385.3599853515625,385.5199890136719,385.3500061035156,385.4800109863281,385.4800109863281,1245
2026-08-12 14:24:00,385.5199890136719,385.6675109863281,385.4599914550781,385.6675109863281,385.6675109863281,2402
2026-08-12 14:25:00,385.7799072265625,385.7799072265625,385.4200134277344,385.5150146484375,385.5150146484375,3527
2026-08-12 14:26:00,385.5700073242188,385.5700073242188,385.5150146484375,385.5201110839844,385.5201110839844,703
2026-08-12 14:27:00,385.5199890136719,385.7550048828125,385.5199890136719,385.7550048828125,385.7550048828125,1705
2026-08-12 14:28:00,385.6700134277344,385.6799926757813,385.5,385.5199890136719,385.5199890136719,4020
2026-08-12 14:29:00,385.4700012207031,385.5050048828125,385.4200134277344,385.4200134277344,385.4200134277344,1979
2026-08-12 14:30:00,385.4800109863281,385.6199951171875,385.4800109863281,385.6199951171875,385.6199951171875,1282
2026-08-12 14:31:00,385.7850036621094,385.7850036621094,385.5899963378906,385.75,385.75,2007
2026-08-12 14:32:00,385.7449951171875,385.8949890136719,385.7449951171875,385.8949890136719,385.8949890136719,836
2026-08-12 14:33:00,385.8924865722656,385.9100036621094,385.8875122070313,385.9100036621094,385.9100036621094,988
2026-08-12 14:34:00,385.8999938964844,385.9324951171875,385.6799926757813,385.760009765625,385.760009765625,7657
2026-08-12 14:35:00,385.68499755859375,385.6900024414063,385.5899963378906,385.6300048828125,385.6300048828125,1409
2026-08-12 14:36:00,385.6600036621094,385.6650085449219,385.6000061035156,385.6300048828125,385.6300048828125,1299
2026-08-12 14:37:00,385.6000061035156,385.8500061035156,385.5700073242188,385.8500061035156,385.8500061035156,2071
2026-08-12 14:38:00,385.8599853515625,385.9500122070313,385.8349914550781,385.8349914550781,385.8349914550781,2467
2026-08-12 14:39:00,385.8999938964844,385.9200134277344,385.7999877929688,385.7999877929688,385.7999877929688,1790
2026-08-12 14:40:00,385.8900146484375,385.9800109863281,385.8900146484375,385.9599914550781,385.9599914550781,1675
2026-08-12 14:41:00,385.9949951171875,386.18499755859375,385.9949951171875,386.1099853515625,386.1099853515625,3040
2026-08-12 14:42:00,386.1000061035156,386.4700012207031,385.9100036621094,386.2099914550781,386.2099914550781,17904
2026-08-12 14:43:00,386.26800537109375,386.2699890136719,386.1700134277344,386.1700134277344,386.1700134277344,1441
2026-08-12 14:44:00,386.2049865722656,386.2250061035156,386.1300048828125,386.1300048828125,386.1300048828125,2314
2026-08-12 14:45:00,386.0899963378906,386.1846923828125,385.9400024414063,385.9400939941406,385.9400939941406,1858
2026-08-12 14:46:00,385.9400024414063,385.9700012207031,385.9100036621094,385.9700012207031,385.9700012207031,1848
2026-08-12 14:47:00,386.03271484375,386.0750122070313,385.9100036621094,385.9400024414063,385.9400024414063,3946
2026-08-12 14:48:00,386.010009765625,386.010009765625,386.010009765625,386.010009765625,386.010009765625,869
2026-08-12 14:49:00,386.1000061035156,386.1099853515625,385.8900146484375,386.1099853515625,386.1099853515625,4801
2026-08-12 14:50:00,386.135009765625,386.3599853515625,386.0400085449219,386.3599853515625,386.3599853515625,1722
2026-08-12 14:51:00,386.3699951171875,386.5852966308594,386.3699951171875,386.5750122070313,386.5750122070313,2238
2026-08-12 14:52:00,386.6099853515625,386.6700134277344,386.41009521484375,386.41009521484375,386.41009521484375,2144
2026-08-12 14:53:00,386.4100036621094,386.489990234375,386.3699951171875,386.4849853515625,386.4849853515625,1798
2026-08-12 14:54:00,386.5700073242188,386.6506042480469,386.3699951171875,386.3699951171875,386.3699951171875,3236
2026-08-12 14:55:00,386.3299865722656,386.3299865722656,386.1400146484375,386.1400146484375,386.1400146484375,5296
2026-08-12 14:56:00,386.2449951171875,386.2449951171875,386.1600036621094,386.1600036621094,386.1600036621094,764
2026-08-12 14:57:00,386.1700134277344,386.3399963378906,386.1300048828125,386.1700134277344,386.1700134277344,3056
2026-08-12 14:58:00,386.3500061035156,386.3800048828125,386.2204895019531,386.3800048828125,386.3800048828125,2676
2026-08-12 14:59:00,386.4200134277344,386.4200134277344,386.239990234375,386.239990234375,386.239990234375,1214
2026-08-12 15:00:00,386.25,386.6900024414063,386.25,386.5199890136719,386.5199890136719,4331
2026-08-12 15:01:00,386.4800109863281,386.4800109863281,386.1199951171875,386.1199951171875,386.1199951171875,4888
2026-08-12 15:02:00,386.1400146484375,386.239990234375,385.9400024414063,385.9949951171875,385.9949951171875,4618
2026-08-12 15:03:00,385.9299926757813,385.9299926757813,385.75,385.75,385.75,3142
2026-08-12 15:04:00,385.7300109863281,385.7699890136719,385.6400146484375,385.7699890136719,385.7699890136719,2980
2026-08-12 15:05:00,385.6650085449219,385.75,385.55999755859375,385.75,385.75,3168
2026-08-12 15:06:00,385.6600036621094,385.9500122070313,385.55999755859375,385.8200073242188,385.8200073242188,2553
2026-08-12 15:07:00,385.7099914550781,385.8299865722656,385.6499938964844,385.7699890136719,385.7699890136719,3271
2026-08-12 15:08:00,385.6799926757813,385.75,385.5299987792969,385.75,385.75,3766
2026-08-12 15:09:00,385.5700073242188,385.5700073242188,385.510009765625,385.510009765625,385.510009765625,2251
2026-08-12 15:10:00,385.4700012207031,385.5791015625,385.3399963378906,385.3399963378906,385.3399963378906,3694
2026-08-12 15:11:00,385.3200073242188,385.6900024414063,385.3200073242188,385.5950012207031,385.5950012207031,6316
2026-08-12 15:12:00,385.6900024414063,385.75,385.4800109863281,385.7149963378906,385.7149963378906,2114
2026-08-12 15:13:00,385.6700134277344,385.9700012207031,385.6099853515625,385.9049987792969,385.9049987792969,1913
2026-08-12 15:14:00,385.8800048828125,385.8800048828125,385.7099914550781,385.7999877929688,385.7999877929688,3875
2026-08-12 15:15:00,385.8699951171875,386.2999877929688,385.8299865722656,386.0700073242188,386.0700073242188,4703
2026-08-12 15:16:00,386.1199951171875,386.25,386.1199951171875,386.1900024414063,386.1900024414063,2007
2026-08-12 15:17:00,386.2000122070313,386.6099853515625,386.1900024414063,386.4750061035156,386.4750061035156,2899
2026-08-12 15:18:00,386.5050048828125,386.6099853515625,386.3800048828125,386.5700073242188,386.5700073242188,2936
2026-08-12 15:19:00,386.6449890136719,386.75,386.4599914550781,386.7099914550781,386.7099914550781,4792
2026-08-12 15:20:00,386.5499877929688,386.5499877929688,385.9500122070313,385.9800109863281,385.9800109863281,5145
2026-08-12 15:21:00,385.8699951171875,385.8699951171875,385.80999755859375,385.8500061035156,385.8500061035156,2289
2026-08-12 15:22:00,385.9049987792969,386.0799865722656,385.9049987792969,386.0799865722656,386.0799865722656,1900
2026-08-12 15:23:00,386.2078857421875,386.2078857421875,385.9299926757813,385.9696960449219,385.9696960449219,2490
2026-08-12 15:24:00,386.14691162109375,386.14691162109375,385.5700073242188,385.5700073242188,385.5700073242188,4474
2026-08-12 15:25:00,385.6300048828125,385.6600036621094,385.4400024414063,385.6600036621094,385.6600036621094,2936
2026-08-12 15:26:00,385.5400085449219,385.8900146484375,385.5400085449219,385.6799011230469,385.6799011230469,3639
2026-08-12 15:27:00,385.5700073242188,385.5700073242188,385.1400146484375,385.1400146484375,385.1400146484375,4053
2026-08-12 15:28:00,385.135009765625,385.3999938964844,385.0899963378906,385.2950134277344,385.2950134277344,4376
2026-08-12 15:29:00,385.2000122070313,385.3599853515625,385.1700134277344,385.2449951171875,385.2449951171875,2890
2026-08-12 15:30:00,385.2449951171875,385.2449951171875,384.6199951171875,384.739990234375,384.739990234375,9298
2026-08-12 15:31:00,384.8569946289063,385.2000122070313,384.7349853515625,384.9400024414063,384.9400024414063,7863
2026-08-12 15:32:00,385.0700073242188,385.3200073242188,385.0499877929688,385.3200073242188,385.3200073242188,3375
2026-08-12 15:33:00,385.2000122070313,385.2000122070313,385.0,385.1400146484375,385.1400146484375,3195
2026-08-12 15:34:00,385.010009765625,385.1900024414063,384.9400024414063,385.1749877929688,385.1749877929688,3344
2026-08-12 15:35:00,385.1799926757813,385.5650024414063,385.05999755859375,385.55999755859375,385.55999755859375,3605
2026-08-12 15:36:00,385.6099853515625,385.7000122070313,385.0799865722656,385.2049865722656,385.2049865722656,8866
2026-08-12 15:37:00,385.0899963378906,385.1499938964844,384.8599853515625,384.989990234375,384.989990234375,4062
2026-08-12 15:38:00,385.1299133300781,385.1900024414063,384.8599853515625,385.1300048828125,385.1300048828125,5993
2026-08-12 15:39:00,385.1400146484375,385.1700134277344,384.9599914550781,385.0299987792969,385.0299987792969,4767
2026-08-12 15:40:00,385.0799865722656,385.2374877929688,384.9249877929688,385.2349853515625,385.2349853515625,7705
2026-08-12 15:41:00,385.30999755859375,385.3399963378906,384.8900146484375,384.9700012207031,384.9700012207031,5426
2026-08-12 15:42:00,384.9700012207031,384.9700012207031,384.5899963378906,384.6600036621094,384.6600036621094,8160
2026-08-12 15:43:00,384.55999755859375,384.75,384.3599853515625,384.75,384.75,5621
2026-08-12 15:44:00,384.6700134277344,384.80999755859375,384.5400085449219,384.5899963378906,384.5899963378906,5316
2026-08-12 15:45:00,384.5700073242188,384.9500122070313,384.5499877929688,384.80999755859375,384.80999755859375,6212
2026-08-12 15:46:00,384.6799926757813,384.8599853515625,384.614990234375,384.614990234375,384.614990234375,6239
2026-08-12 15:47:00,384.6799926757813,384.8599853515625,384.6300048828125,384.8599853515625,384.8599853515625,6507
2026-08-12 15:48:00,384.8599853515625,385.0499877929688,384.80999755859375,384.8200073242188,384.8200073242188,5004
2026-08-12 15:49:00,384.7799987792969,385.1300048828125,384.6600036621094,385.1300048828125,385.1300048828125,6370
2026-08-12 15:50:00,384.8900146484375,385.0499877929688,384.3500061035156,384.6799926757813,384.6799926757813,14543
2026-08-12 15:51:00,384.6900024414063,384.8999938964844,384.2799987792969,384.3299865722656,384.3299865722656,11671
2026-08-12 15:52:00,384.4100036621094,384.989990234375,384.3699951171875,384.8999938964844,384.8999938964844,8688
2026-08-12 15:53:00,384.8999938964844,385.1749877929688,384.5199890136719,384.8900146484375,384.8900146484375,10904
2026-08-12 15:54:00,384.760009765625,385.3399963378906,384.3900146484375,384.6000061035156,384.6000061035156,24624
2026-08-12 15:55:00,384.5400085449219,385.0299987792969,384.010009765625,384.2999877929688,384.2999877929688,20784
2026-08-12 15:56:00,384.4100036621094,384.5199890136719,384.1600036621094,384.2049865722656,384.2049865722656,14628
2026-08-12 15:57:00,384.2200012207031,384.4049987792969,383.7699890136719,384.3900146484375,384.3900146484375,22101
2026-08-12 15:58:00,384.3900146484375,384.55999755859375,384.1300048828125,384.1499938964844,384.1499938964844,25707
2026-08-12 15:59:00,384.0899963378906,384.4700012207031,384.0299987792969,384.2749938964844,384.2749938964844,0
2026-08-12 16:00:00,384.33,384.43,383.01,384.43,384.43,2563
2026-08-12 16:02:00,383.67,383.67,383.67,383.67,383.67,0
2026-08-12 16:04:00,384.43,384.43,384.43,384.43,384.43,0
2026-08-12 16:06:00,384.0,384.0,384.0,384.0,384.0,0
2026-08-12 16:08:00,381.5957,384.78,381.5957,384.78,384.78,0
2026-08-12 16:10:00,384.43,384.43,384.43,384.43,384.43,0
2026-08-12 16:11:00,384.43,384.43,384.43,384.43,384.43,0
2026-08-12 16:15:00,384.43,384.43,384.43,384.43,384.43,0
2026-08-12 16:16:00,384.4,384.4,384.4,384.4,384.4,0
2026-08-12 16:20:00,384.43,384.43,384.43,384.43,384.43,0
2026-08-12 16:22:00,384.08,384.26,383.1,384.2,384.2,0
2026-08-12 16:30:00,384.0,384.0,384.0,384.0,384.0,0
2026-08-12 16:38:00,384.2124,384.2124,384.2124,384.2124,384.2124,0
2026-08-12 16:39:00,384.39,384.39,384.39,384.39,384.39,0
2026-08-12 16:45:00,384.39,384.39,384.39,384.39,384.39,0
2026-08-12 16:50:00,383.0447,383.0447,383.0101,383.0101,383.0101,0
2026-08-12 16:54:00,384.43,384.43,384.43,384.43,384.43,0
2026-08-12 17:07:00,384.39,384.39,384.39,384.39,384.39,0
2026-08-12 17:09:00,386.4127,386.4127,386.4127,386.4127,386.4127,0
2026-08-12 17:14:00,384.4,384.4,384.4,384.4,384.4,0
2026-08-12 17:27:00,376.46,377.23,376.46,377.23,377.23,0
2026-08-12 17:38:00,386.49,386.49,386.49,386.49,386.49,0
2026-08-12 17:45:00,386.3485,386.3485,386.3485,386.3485,386.3485,0
2026-08-12 17:46:00,384.52,384.8191,384.52,384.8191,384.8191,0
2026-08-12 17:51:00,384.6,384.6,384.56,384.56,384.56,0
2026-08-12 17:53:00,386.398,386.398,386.398,386.398,386.398,0
2026-08-12 18:01:00,384.6,384.6,384.48,384.48,384.48,0
2026-08-12 18:03:00,384.41,384.41,384.41,384.41,384.41,0
2026-08-12 18:07:00,384.85,384.85,384.85,384.85,384.85,0
2026-08-12 18:43:00,384.49,384.8403,384.49,384.8403,384.8403,0
2026-08-12 19:18:00,386.2,386.2,386.2,386.2,386.2,0
2026-08-12 19:19:00,386.2,386.2,386.2,386.2,386.2,0
2026-08-12 19:27:00,386.0659,386.0659,386.0659,386.0659,386.0659,0
2026-08-12 19:29:00,386.2,386.2,386.2,386.2,386.2,0
2026-08-12 19:34:00,384.43,384.43,384.43,384.43,384.43,0
2026-08-12 19:35:00,384.6,384.6,384.5,384.5,384.5,0
2026-08-12 19:48:00,386.15,386.15,386.15,386.15,386.15,0
2026-08-13 04:00:00,375.58,385.83,371.94,385.83,385.83,0
2026-08-13 04:01:00,385.03,386.43,385.03,386.43,386.43,0
2026-08-13 04:05:00,385.83,385.83,385.83,385.83,385.83,0
2026-08-13 04:10:00,385.9342,387.0,385.85,387.0,387.0,0
2026-08-13 04:11:00,386.56,386.56,386.32,386.32,386.32,0
2026-08-13 04:12:00,386.42,386.82,386.02,386.02,386.02,0
2026-08-13 04:13:00,386.22,386.22,385.9,385.91,385.91,0
2026-08-13 04:17:00,385.19,385.19,385.19,385.19,385.19,0
2026-08-13 04:21:00,385.67,385.72,385.18,385.18,385.18,0
2026-08-13 04:54:00,385.34,385.34,385.34,385.34,385.34,0
2026-08-13 05:12:00,385.23,385.23,385.22,385.22,385.22,0
2026-08-13 05:13:00,385.22,385.22,385.22,385.22,385.22,0
2026-08-13 05:14:00,385.22,385.22,385.2,385.2,385.2,0
2026-08-13 05:15:00,385.19,385.19,384.98,384.98,384.98,0
2026-08-13 05:30:00,385.13,385.13,385.11,385.11,385.11,0
2026-08-13 06:25:00,385.59,385.61,384.98,385.61,385.61,0
2026-08-13 07:00:00,385.14,385.14,385.14,385.14,385.14,0
2026-08-13 07:15:00,384.52,384.52,384.52,384.52,384.52,0
2026-08-13 07:22:00,384.52,384.52,384.52,384.52,384.52,0
2026-08-13 07:24:00,385.27,385.27,385.27,385.27,385.27,0
2026-08-13 07:25:00,385.22,385.22,384.71,385.07,385.07,0
2026-08-13 07:26:00,384.97,384.97,384.92,384.92,384.92,0
2026-08-13 07:30:00,384.94,384.94,384.93,384.93,384.93,0
2026-08-13 07:31:00,385.3,385.3,385.11,385.11,385.11,0
2026-08-13 07:33:00,385.17,385.17,385.17,385.17,385.17,0
2026-08-13 07:34:00,385.17,385.24,385.07,385.1,385.1,0
2026-08-13 07:35:00,384.97,384.97,384.97,384.97,384.97,0
2026-08-13 07:36:00,387.3767,387.3767,387.3767,387.3767,387.3767,0
2026-08-13 07:41:00,384.82,384.82,384.82,384.82,384.82,0
2026-08-13 07:42:00,386.04,386.04,384.58,384.58,384.58,0
2026-08-13 07:49:00,386.51,386.51,386.51,386.51,386.51,0
2026-08-13 07:50:00,385.16,385.16,384.58,384.58,384.58,0
2026-08-13 07:51:00,384.95,384.95,384.95,384.95,384.95,0
2026-08-13 07:52:00,384.92,384.92,384.92,384.92,384.92,0
2026-08-13 07:53:00,385.24,385.24,385.24,385.24,385.24,0
2026-08-13 07:54:00,385.23,385.23,385.23,385.23,385.23,0
2026-08-13 07:55:00,385.23,385.23,385.23,385.23,385.23,0
2026-08-13 07:56:00,387.45,387.45,385.23,385.23,385.23,0
2026-08-13 07:57:00,385.22,385.22,385.22,385.22,385.22,0
2026-08-13 08:00:00,385.22,385.22,384.58,384.58,384.58,0
2026-08-13 08:03:00,387.44,387.44,387.44,387.44,387.44,0
2026-08-13 08:04:00,384.988,384.988,384.52,384.52,384.52,0
2026-08-13 08:05:00,384.48,384.48,384.48,384.48,384.48,0
2026-08-13 08:10:00,384.52,384.52,384.52,384.52,384.52,0
2026-08-13 08:11:00,384.52,384.52,384.52,384.52,384.52,0
2026-08-13 08:12:00,384.52,384.52,384.52,384.52,384.52,0
2026-08-13 08:13:00,384.5,384.5,384.5,384.5,384.5,0
2026-08-13 08:14:00,384.52,384.52,384.52,384.52,384.52,0
2026-08-13 08:16:00,384.52,384.52,384.28,384.28,384.28,0
2026-08-13 08:18:00,383.49,383.49,383.49,383.49,383.49,0
2026-08-13 08:19:00,383.45,383.45,383.4303,383.4303,383.4303,0
2026-08-13 08:28:00,387.44,387.44,387.44,387.44,387.44,0
2026-08-13 08:32:00,383.48,383.631,383.48,383.631,383.631,0
2026-08-13 08:55:00,384.43,384.43,384.43,384.43,384.43,0
2026-08-13 08:56:00,384.43,384.43,384.43,384.43,384.43,0
2026-08-13 09:11:00,385.13,385.13,385.13,385.13,385.13,0
2026-08-13 09:12:00,385.13,385.13,385.13,385.13,385.13,0
2026-08-13 09:15:00,385.13,385.13,385.13,385.13,385.13,0
2026-08-13 09:16:00,387.25,387.25,387.25,387.25,387.25,0
2026-08-13 09:25:00,387.24,387.24,387.24,387.24,387.24,0
2026-08-13 09:28:00,387.018,387.018,387.018,387.018,387.018,0
2026-08-13 09:30:00,387.44000244140625,389.70001220703125,385.6700134277344,387.92498779296875,387.92498779296875,35454
2026-08-13 09:31:00,387.7799987792969,388.2699890136719,386.04998779296875,387.7900085449219,387.7900085449219,4069
2026-08-13 09:32:00,386.67999267578125,388.07000732421875,386.67999267578125,387.1400146484375,387.1400146484375,6957
2026-08-13 09:33:00,387.1400146484375,387.716796875,386.2200012207031,387.32000732421875,387.32000732421875,2274
2026-08-13 09:34:00,386.79998779296875,388.19000244140625,386.79998779296875,387.8900146484375,387.8900146484375,2683
2026-08-13 09:35:00,387.96160888671875,388.55499267578125,387.54998779296875,388.05999755859375,388.05999755859375,5625
2026-08-13 09:36:00,388.1400146484375,388.510009765625,387.7099914550781,388.0950012207031,388.0950012207031,4399
2026-08-13 09:37:00,388.2300109863281,388.5,388.0899963378906,388.4750061035156,388.4750061035156,4046
2026-08-13 09:38:00,388.0899963378906,388.3900146484375,388.0899963378906,388.1600036621094,388.1600036621094,1619
2026-08-13 09:39:00,387.8800048828125,388.0299987792969,387.5,387.8500061035156,387.8500061035156,3552
2026-08-13 09:40:00,387.8500061035156,387.885009765625,387.260009765625,387.69000244140625,387.69000244140625,2373
2026-08-13 09:41:00,387.260009765625,387.82000732421875,387.07501220703125,387.5249938964844,387.5249938964844,6969
2026-08-13 09:42:00,387.43499755859375,387.9700012207031,387.29998779296875,387.29998779296875,387.29998779296875,7882
2026-08-13 09:43:00,387.3699951171875,387.6499938964844,386.4949951171875,386.739990234375,386.739990234375,13822
2026-08-13 09:44:00,386.7799987792969,387.0400085449219,386.1600036621094,386.32000732421875,386.32000732421875,3899
2026-08-13 09:45:00,386.3299865722656,386.8699951171875,386.05999755859375,386.4750061035156,386.4750061035156,5246
2026-08-13 09:46:00,386.5799865722656,387.1499938964844,386.2099914550781,386.8399963378906,386.8399963378906,7525
2026-08-13 09:47:00,386.8299865722656,387.510009765625,386.739990234375,387.30499267578125,387.30499267578125,6575
2026-08-13 09:48:00,387.2950134277344,387.92498779296875,387.0400085449219,387.1400146484375,387.1400146484375,9994
2026-08-13 09:49:00,387.0400085449219,387.1600036621094,386.67498779296875,386.8299865722656,386.8299865722656,4242
2026-08-13 09:50:00,386.7799987792969,387.20001220703125,386.5350036621094,387.0299987792969,387.0299987792969,4707
2026-08-13 09:51:00,387.0050048828125,387.3999938964844,386.82000732421875,387.3999938964844,387.3999938964844,4471
2026-08-13 09:52:00,387.4800109863281,387.4800109863281,386.635009765625,386.9549865722656,386.9549865722656,4052
2026-08-13 09:53:00,386.67999267578125,387.2650146484375,386.510009765625,387.25,387.25,3742
2026-08-13 09:54:00,387.25,387.7749938964844,386.8500061035156,387.7699890136719,387.7699890136719,3056
2026-08-13 09:55:00,387.7699890136719,387.7850036621094,386.9700012207031,387.2650146484375,387.2650146484375,2235
2026-08-13 09:56:00,387.17999267578125,387.8299865722656,387.17999267578125,387.5799865722656,387.5799865722656,1534
2026-08-13 09:57:00,387.55999755859375,387.5950012207031,387.30999755859375,387.4700012207031,387.4700012207031,3322
2026-08-13 09:58:00,387.4800109863281,387.8900146484375,387.4800109863281,387.6650085449219,387.6650085449219,2918
2026-08-13 09:59:00,387.6199951171875,387.8450012207031,387.3900146484375,387.68499755859375,387.68499755859375,3962
2026-08-13 10:00:00,387.79998779296875,388.3500061035156,387.3399963378906,388.2099914550781,388.2099914550781,6729
2026-08-13 10:01:00,388.2950134277344,388.3599853515625,387.67999267578125,387.8999938964844,387.8999938964844,4036
2026-08-13 10:02:00,388.010009765625,388.4800109863281,387.9700012207031,388.3810119628906,388.3810119628906,2052
2026-08-13 10:03:00,388.2300109863281,388.3599853515625,387.9800109863281,388.260009765625,388.260009765625,5257
2026-08-13 10:04:00,388.0899963378906,388.2200012207031,387.739501953125,388.0400085449219,388.0400085449219,3869
2026-08-13 10:05:00,388.125,388.44000244140625,388.125,388.4200134277344,388.4200134277344,3464
2026-08-13 10:06:00,388.42999267578125,388.6099853515625,388.1600036621094,388.30999755859375,388.30999755859375,6739
2026-08-13 10:07:00,388.30499267578125,388.30499267578125,387.8810119628906,388.0975036621094,388.0975036621094,4181
2026-08-13 10:08:00,388.0799865722656,388.3450012207031,388.0199890136719,388.2099914550781,388.2099914550781,4262
2026-08-13 10:09:00,388.30999755859375,388.7950134277344,388.30999755859375,388.43499755859375,388.43499755859375,5334
2026-08-13 10:10:00,388.2200012207031,388.739990234375,388.1099853515625,388.3900146484375,388.3900146484375,4775
2026-08-13 10:11:00,388.3900146484375,388.6650085449219,388.2300109863281,388.4200134277344,388.4200134277344,4882
2026-08-13 10:12:00,388.239990234375,388.80999755859375,388.19000244140625,388.4049987792969,388.4049987792969,8455
2026-08-13 10:13:00,388.4100036621094,388.57000732421875,388.2699890136719,388.2699890136719,388.2699890136719,4873
2026-08-13 10:14:00,388.2200012207031,388.2200012207031,387.9100036621094,388.1000061035156,388.1000061035156,4482
2026-08-13 10:15:00,388.1700134277344,388.5199890136719,388.1700134277344,388.3900146484375,388.3900146484375,2542
2026-08-13 10:16:00,388.1099853515625,388.3800048828125,388.0400085449219,388.260009765625,388.260009765625,3895
2026-08-13 10:17:00,388.2650146484375,388.2650146484375,387.81500244140625,387.8900146484375,387.8900146484375,3162
2026-08-13 10:18:00,387.760009765625,388.0,387.739990234375,387.8800048828125,387.8800048828125,3570
2026-08-13 10:19:00,387.8800048828125,387.885009765625,387.3399963378906,387.3399963378906,387.3399963378906,3654
2026-08-13 10:20:00,387.4549865722656,388.0899963378906,387.4549865722656,388.0899963378906,388.0899963378906,3990
2026-08-13 10:21:00,388.0899963378906,388.4798889160156,388.0899963378906,388.2850036621094,388.2850036621094,7025
2026-08-13 10:22:00,388.2850036621094,388.2850036621094,387.6925048828125,387.81500244140625,387.81500244140625,2687
2026-08-13 10:23:00,387.81500244140625,388.0,387.42498779296875,387.57000732421875,387.57000732421875,3622
2026-08-13 10:24:00,387.7699890136719,387.7699890136719,387.5849914550781,387.760009765625,387.760009765625,687
2026-08-13 10:25:00,387.6099853515625,387.6099853515625,387.3999938964844,387.3999938964844,387.3999938964844,2191
2026-08-13 10:26:00,387.618408203125,387.618408203125,387.2929992675781,387.3599853515625,387.3599853515625,4031
2026-08-13 10:27:00,387.44000244140625,387.56500244140625,387.29998779296875,387.30499267578125,387.30499267578125,2945
2026-08-13 10:28:00,387.2200012207031,387.9100036621094,387.0450134277344,387.8299865722656,387.8299865722656,6593
2026-08-13 10:29:00,387.989990234375,388.0,387.5199890136719,387.7460021972656,387.7460021972656,3402
2026-08-13 10:30:00,387.510009765625,387.7799987792969,387.4200134277344,387.614990234375,387.614990234375,5696
2026-08-13 10:31:00,387.57000732421875,388.0450134277344,387.5,388.0450134277344,388.0450134277344,3554
2026-08-13 10:32:00,388.19000244140625,388.19000244140625,387.8599853515625,388.010009765625,388.010009765625,3861
2026-08-13 10:33:00,388.2799987792969,388.2799987792969,387.8299865722656,387.875,387.875,2713
2026-08-13 10:34:00,387.875,388.69000244140625,387.875,388.69000244140625,388.69000244140625,1695
2026-08-13 10:35:00,388.80999755859375,388.9100036621094,388.3500061035156,388.3699951171875,388.3699951171875,3586
2026-08-13 10:36:00,388.375,388.5899963378906,388.375,388.3800048828125,388.3800048828125,3784
2026-08-13 10:37:00,388.385009765625,388.5899963378906,388.385009765625,388.510009765625,388.510009765625,2834
2026-08-13 10:38:00,388.4200134277344,388.42498779296875,388.1300048828125,388.32501220703125,388.32501220703125,3615
2026-08-13 10:39:00,388.32501220703125,389.0,388.32501220703125,389.0,389.0,5523
2026-08-13 10:40:00,388.9100036621094,389.04998779296875,388.7699890136719,388.7699890136719,388.7699890136719,3939
2026-08-13 10:41:00,388.75,389.0,388.69000244140625,388.75,388.75,5403
2026-08-13 10:42:00,388.7799987792969,388.7950134277344,388.32000732421875,388.32000732421875,388.32000732421875,2366
2026-08-13 10:43:00,388.30999755859375,388.3399963378906,387.7550048828125,387.7550048828125,387.7550048828125,16550
2026-08-13 10:44:00,387.67999267578125,387.7749938964844,387.4700012207031,387.4700012207031,387.4700012207031,3089
2026-08-13 10:45:00,387.375,387.5400085449219,387.375,387.5400085449219,387.5400085449219,1669
2026-08-13 10:46:00,387.4599914550781,387.9700012207031,387.3999938964844,387.864990234375,387.864990234375,5465
2026-08-13 10:47:00,387.82000732421875,388.0849914550781,387.82000732421875,387.8800048828125,387.8800048828125,2991
2026-08-13 10:48:00,387.8800048828125,388.0150146484375,387.7950134277344,387.8999938964844,387.8999938964844,2686
2026-08-13 10:49:00,388.0010070800781,388.0799865722656,387.75,387.8299865722656,387.8299865722656,3478
2026-08-13 10:50:00,387.8550109863281,387.9700012207031,387.6700134277344,387.6700134277344,387.6700134277344,2730
2026-08-13 10:51:00,387.6099853515625,388.04998779296875,387.6050109863281,388.04998779296875,388.04998779296875,2649
2026-08-13 10:52:00,387.8999938964844,388.07000732421875,387.875,387.90509033203125,387.90509033203125,2848
2026-08-13 10:53:00,387.8349914550781,388.1047058105469,387.8349914550781,388.0,388.0,1566
2026-08-13 10:54:00,388.0893859863281,388.3500061035156,387.9750061035156,388.30499267578125,388.30499267578125,2050
2026-08-13 10:55:00,388.3399963378906,388.5249938964844,388.2449951171875,388.2749938964844,388.2749938964844,5228
2026-08-13 10:56:00,388.322509765625,388.510009765625,388.25,388.510009765625,388.510009765625,2586
2026-08-13 10:57:00,388.55999755859375,388.68499755859375,388.239990234375,388.364990234375,388.364990234375,18459
2026-08-13 10:58:00,388.364990234375,388.5450134277344,388.2300109863281,388.5450134277344,388.5450134277344,3816
2026-08-13 10:59:00,388.5450134277344,388.5450134277344,388.3699951171875,388.5,388.5,5166
2026-08-13 11:00:00,388.4200134277344,388.9599914550781,388.4200134277344,388.6199951171875,388.6199951171875,47006
2026-08-13 11:01:00,388.6199951171875,389.0899963378906,388.6199951171875,389.0849914550781,389.0849914550781,4012
2026-08-13 11:02:00,389.1199951171875,389.1199951171875,388.6199951171875,388.6199951171875,388.6199951171875,9425
2026-08-13 11:03:00,388.6499938964844,388.6499938964844,388.1199951171875,388.2099914550781,388.2099914550781,2689
2026-08-13 11:04:00,388.0849914550781,388.3117980957031,388.0849914550781,388.2699890136719,388.2699890136719,2131
2026-08-13 11:05:00,388.32000732421875,388.45001220703125,388.1099853515625,388.3599853515625,388.3599853515625,5388
2026-08-13 11:06:00,388.3500061035156,388.5899963378906,388.2300109863281,388.2300109863281,388.2300109863281,6518
2026-08-13 11:07:00,388.2229919433594,388.3500061035156,388.0299987792969,388.2550048828125,388.2550048828125,2478
2026-08-13 11:08:00,388.1499938964844,388.5299987792969,388.1499938964844,388.4700012207031,388.4700012207031,3270
2026-08-13 11:09:00,388.5,388.5950012207031,388.3500061035156,388.489990234375,388.489990234375,4010
2026-08-13 11:10:00,388.3900146484375,388.45001220703125,388.29998779296875,388.3550109863281,388.3550109863281,2097
2026-08-13 11:11:00,388.3550109863281,388.6698913574219,388.3219909667969,388.5199890136719,388.5199890136719,5967
2026-08-13 11:12:00,388.4949951171875,388.6700134277344,388.3900146484375,388.4200134277344,388.4200134277344,11592
2026-08-13 11:13:00,388.3900146484375,388.8699951171875,388.3900146484375,388.8599853515625,388.8599853515625,2528
2026-08-13 11:14:00,388.8500061035156,388.8500061035156,388.57501220703125,388.6600036621094,388.6600036621094,4374
2026-08-13 11:15:00,388.6600036621094,389.01251220703125,388.6400146484375,388.6549987792969,388.6549987792969,7750
2026-08-13 11:16:00,388.5899963378906,388.6499938964844,388.3399963378906,388.3900146484375,388.3900146484375,4482
2026-08-13 11:17:00,388.4800109863281,388.6300048828125,388.45440673828125,388.489990234375,388.489990234375,4590
2026-08-13 11:18:00,388.4200134277344,388.4200134277344,387.93499755859375,387.947509765625,387.947509765625,3599
2026-08-13 11:19:00,387.9599914550781,388.25,387.9549865722656,388.2049865722656,388.2049865722656,3434
2026-08-13 11:20:00,388.2650146484375,388.54998779296875,388.2650146484375,388.5050048828125,388.5050048828125,2680
2026-08-13 11:21:00,388.5050048828125,388.5799865722656,388.3800048828125,388.44000244140625,388.44000244140625,2798
2026-08-13 11:22:00,388.3800048828125,388.3800048828125,388.1099853515625,388.1099853515625,388.1099853515625,2309
2026-08-13 11:23:00,388.1099853515625,388.20001220703125,387.885009765625,387.885009765625,387.885009765625,3941
2026-08-13 11:24:00,388.04998779296875,388.3999938964844,388.04998779296875,388.3900146484375,388.3900146484375,19227
2026-08-13 11:25:00,388.3900146484375,388.3900146484375,388.0400085449219,388.0400085449219,388.0400085449219,2676
2026-08-13 11:26:00,387.8599853515625,387.8599853515625,387.510009765625,387.7250061035156,387.7250061035156,7296
2026-08-13 11:27:00,387.7300109863281,387.918212890625,387.2463073730469,387.3800048828125,387.3800048828125,9613
2026-08-13 11:28:00,387.19000244140625,387.409912109375,386.7900085449219,386.8800048828125,386.8800048828125,8802
2026-08-13 11:29:00,386.5,386.739990234375,386.5,386.739990234375,386.739990234375,1575
2026-08-13 11:30:00,386.6199951171875,387.1000061035156,386.6199951171875,387.0799865722656,387.0799865722656,4100
2026-08-13 11:31:00,386.989013671875,387.31500244140625,386.8500061035156,386.8500061035156,386.8500061035156,5537
2026-08-13 11:32:00,386.94000244140625,386.94000244140625,386.3200988769531,386.6549987792969,386.6549987792969,6302
2026-08-13 11:33:00,386.6499938964844,386.8999938964844,386.3999938964844,386.80999755859375,386.80999755859375,4676
2026-08-13 11:34:00,386.6400146484375,386.6549987792969,386.0199890136719,386.2074890136719,386.2074890136719,6042
2026-08-13 11:35:00,386.239990234375,386.4549865722656,386.239990234375,386.375,386.375,1551
2026-08-13 11:36:00,386.2699890136719,386.2699890136719,385.7850036621094,386.1099853515625,386.1099853515625,4698
2026-08-13 11:37:00,385.8999938964844,386.42999267578125,385.7950134277344,386.385009765625,386.385009765625,11553
2026-08-13 11:38:00,386.2099914550781,386.340087890625,386.0299987792969,386.2250061035156,386.2250061035156,2761
2026-08-13 11:39:00,386.42999267578125,386.510009765625,386.2799987792969,386.3800048828125,386.3800048828125,1951
2026-08-13 11:40:00,386.3800048828125,386.6000061035156,386.0799865722656,386.3399963378906,386.3399963378906,2402
2026-08-13 11:41:00,386.3399963378906,386.635009765625,386.3399963378906,386.635009765625,386.635009765625,1589
2026-08-13 11:42:00,386.7250061035156,386.89990234375,386.7250061035156,386.8299865722656,386.8299865722656,2625
2026-08-13 11:43:00,386.7699890136719,387.0249938964844,386.7200012207031,386.875,386.875,3912
2026-08-13 11:44:00,386.875,386.875,386.364990234375,386.3699951171875,386.3699951171875,3663
2026-08-13 11:45:00,386.3699951171875,386.4949951171875,385.760009765625,385.7799987792969,385.7799987792969,3630
2026-08-13 11:46:00,386.0799865722656,386.1300048828125,385.8500061035156,385.8800048828125,385.8800048828125,2076
2026-08-13 11:47:00,385.9750061035156,385.9750061035156,385.739990234375,385.9549865722656,385.9549865722656,1230
2026-08-13 11:48:00,385.8500061035156,385.8599853515625,385.5450134277344,385.5450134277344,385.5450134277344,3902
2026-08-13 11:49:00,385.42999267578125,385.4649963378906,385.2099914550781,385.4649963378906,385.4649963378906,2353
2026-08-13 11:50:00,385.4599914550781,385.7950134277344,385.4599914550781,385.6600036621094,385.6600036621094,1898
2026-08-13 11:51:00,385.739990234375,385.739990234375,385.3399963378906,385.3399963378906,385.3399963378906,2397
2026-08-13 11:52:00,385.1099853515625,385.1099853515625,384.44000244140625,384.739990234375,384.739990234375,6630
2026-08-13 11:53:00,384.7300109863281,384.8800048828125,384.7300109863281,384.739990234375,384.739990234375,1042
2026-08-13 11:54:00,384.8500061035156,384.8900146484375,384.6700134277344,384.8399963378906,384.8399963378906,2321
2026-08-13 11:55:00,384.69000244140625,385.0249938964844,384.57000732421875,384.875,384.875,4383
2026-08-13 11:56:00,385.06500244140625,385.1000061035156,385.0199890136719,385.1000061035156,385.1000061035156,581
2026-08-13 11:57:00,385.1600036621094,385.6449890136719,385.1600036621094,385.2799987792969,385.2799987792969,3417
2026-08-13 11:58:00,385.3450012207031,385.3450012207031,384.8500061035156,385.0799865722656,385.0799865722656,3876
2026-08-13 11:59:00,385.05999755859375,385.125,384.79998779296875,385.0299987792969,385.0299987792969,2212
2026-08-13 12:00:00,385.1000061035156,385.6499938964844,385.1000061035156,385.6499938964844,385.6499938964844,2954
2026-08-13 12:01:00,385.7799987792969,385.8450012207031,385.5899963378906,385.8450012207031,385.8450012207031,1434
2026-08-13 12:02:00,385.8399963378906,385.8550109863281,385.6200866699219,385.80999755859375,385.80999755859375,962
2026-08-13 12:03:00,385.95001220703125,386.1330871582031,385.75,386.1330871582031,386.1330871582031,2063
2026-08-13 12:04:00,386.0526123046875,386.0899963378906,385.5899963378906,385.7449951171875,385.7449951171875,3416
2026-08-13 12:05:00,385.79998779296875,385.8500061035156,385.79998779296875,385.8500061035156,385.8500061035156,1445
2026-08-13 12:06:00,385.94000244140625,386.010009765625,385.8900146484375,385.9549865722656,385.9549865722656,2443
2026-08-13 12:07:00,386.0199890136719,386.0199890136719,386.0199890136719,386.0199890136719,386.0199890136719,461
2026-08-13 12:08:00,386.0150146484375,386.20001220703125,386.0150146484375,386.20001220703125,386.20001220703125,1224
2026-08-13 12:09:00,386.17999267578125,386.3949890136719,386.1000061035156,386.1925048828125,386.1925048828125,3441
2026-08-13 12:10:00,386.0400085449219,386.19000244140625,386.0199890136719,386.0199890136719,386.0199890136719,1935
2026-08-13 12:11:00,386.0199890136719,386.04998779296875,385.9100036621094,385.9549865722656,385.9549865722656,2358
2026-08-13 12:12:00,386.010009765625,386.010009765625,385.7900085449219,385.7900085449219,385.7900085449219,1076
2026-08-13 12:13:00,385.7900085449219,385.9100036621094,385.6099853515625,385.6650085449219,385.6650085449219,3091
2026-08-13 12:14:00,385.70001220703125,385.7099914550781,385.69500732421875,385.7049865722656,385.7049865722656,1800
2026-08-13 12:15:00,385.7099914550781,386.1600036621094,385.7099914550781,386.1600036621094,386.1600036621094,2023
2026-08-13 12:16:00,386.125,386.125,386.1025085449219,386.1025085449219,386.1025085449219,1467
2026-08-13 12:17:00,386.125,386.125,385.864990234375,386.0851135253906,386.0851135253906,3358
2026-08-13 12:18:00,385.8699951171875,386.114990234375,385.8699951171875,386.114990234375,386.114990234375,1326
2026-08-13 12:19:00,386.0950012207031,386.4200134277344,386.07000732421875,386.1700134277344,386.1700134277344,4070
2026-08-13 12:20:00,386.2049865722656,386.2099914550781,386.2049865722656,386.2049865722656,386.2049865722656,800
2026-08-13 12:21:00,386.4649963378906,386.8949890136719,386.4649963378906,386.8949890136719,386.8949890136719,883
2026-08-13 12:22:00,386.93499755859375,386.93499755859375,386.375,386.375,386.375,3820
2026-08-13 12:23:00,386.3900146484375,386.64019775390625,386.0299987792969,386.3599853515625,386.3599853515625,1772
2026-08-13 12:24:00,386.3599853515625,386.3800048828125,386.3599853515625,386.3699951171875,386.3699951171875,333
2026-08-13 12:25:00,386.44580078125,387.0058898925781,386.3949890136719,387.0058898925781,387.0058898925781,3412
2026-08-13 12:26:00,386.6099853515625,386.6099853515625,386.29998779296875,386.375,386.375,2135
2026-08-13 12:27:00,386.239990234375,386.510009765625,386.17999267578125,386.2799987792969,386.2799987792969,5335
2026-08-13 12:28:00,386.36700439453125,386.3900146484375,386.2699890136719,386.3900146484375,386.3900146484375,1979
2026-08-13 12:29:00,386.42999267578125,386.4700012207031,386.2699890136719,386.4700012207031,386.4700012207031,1684
2026-08-13 12:30:00,386.30999755859375,386.7149963378906,386.30999755859375,386.6400146484375,386.6400146484375,2478
2026-08-13 12:31:00,386.6400146484375,386.6400146484375,386.3699951171875,386.3699951171875,386.3699951171875,3705
2026-08-13 12:32:00,386.5150146484375,386.5315856933594,386.30999755859375,386.30999755859375,386.30999755859375,1638
2026-08-13 12:33:00,386.44500732421875,386.44500732421875,386.25,386.4100036621094,386.4100036621094,1699
2026-08-13 12:34:00,386.42999267578125,386.42999267578125,386.1499938964844,386.1499938964844,386.1499938964844,2999
2026-08-13 12:35:00,386.2550048828125,386.3299865722656,386.2099914550781,386.30999755859375,386.30999755859375,1798
2026-08-13 12:36:00,386.2900085449219,386.2900085449219,386.2900085449219,386.2900085449219,386.2900085449219,1236
2026-08-13 12:37:00,386.1099853515625,386.1099853515625,385.8299865722656,385.8299865722656,385.8299865722656,2507
2026-08-13 12:38:00,385.79998779296875,386.0350036621094,385.7699890136719,386.0350036621094,386.0350036621094,3405
2026-08-13 12:39:00,386.0249938964844,386.159912109375,385.5799865722656,385.8599853515625,385.8599853515625,5017
2026-08-13 12:40:00,385.9750061035156,385.9750061035156,385.7799987792969,385.7799987792969,385.7799987792969,2232
2026-08-13 12:41:00,385.7699890136719,386.0350036621094,385.7699890136719,386.0325012207031,386.0325012207031,3422
2026-08-13 12:42:00,385.8999938964844,386.05499267578125,385.8500061035156,386.05499267578125,386.05499267578125,855
2026-08-13 12:43:00,386.0899963378906,386.1549987792969,386.0299987792969,386.1400146484375,386.1400146484375,2119
2026-08-13 12:44:00,386.11749267578125,386.11749267578125,385.8800048828125,386.010009765625,386.010009765625,2238
2026-08-13 12:45:00,385.777587890625,386.0,385.75,385.7550048828125,385.7550048828125,9286
2026-08-13 12:46:00,385.8999938964844,386.0150146484375,385.6099853515625,385.80499267578125,385.80499267578125,7091
2026-08-13 12:47:00,385.7900085449219,385.7900085449219,385.5799865722656,385.5799865722656,385.5799865722656,1780
2026-08-13 12:48:00,385.760009765625,385.7699890136719,385.6300048828125,385.6300048828125,385.6300048828125,1336
2026-08-13 12:49:00,385.67999267578125,385.69000244140625,385.6650085449219,385.67498779296875,385.67498779296875,2031
2026-08-13 12:50:00,385.67498779296875,385.67498779296875,385.489990234375,385.489990234375,385.489990234375,1248
2026-08-13 12:51:00,385.5899963378906,385.7099914550781,385.45001220703125,385.489990234375,385.489990234375,5072
2026-08-13 12:52:00,385.489990234375,385.489990234375,385.29998779296875,385.29998779296875,385.29998779296875,1433
2026-08-13 12:53:00,385.3450012207031,385.55999755859375,385.3450012207031,385.5450134277344,385.5450134277344,7064
2026-08-13 12:54:00,385.3500061035156,385.55999755859375,385.3500061035156,385.4649963378906,385.4649963378906,1736
2026-08-13 12:55:00,385.4549865722656,385.70001220703125,385.4525146484375,385.70001220703125,385.70001220703125,4138
2026-08-13 12:56:00,385.7200012207031,385.8500061035156,385.7200012207031,385.8500061035156,385.8500061035156,1645
2026-08-13 12:57:00,385.7699890136719,385.92999267578125,385.7699890136719,385.7699890136719,385.7699890136719,2787
2026-08-13 12:58:00,385.760009765625,385.82501220703125,385.75,385.760009765625,385.760009765625,1990
2026-08-13 12:59:00,385.8800048828125,385.9800109863281,385.8500061035156,385.92999267578125,385.92999267578125,2398
2026-08-13 13:00:00,385.8800048828125,386.07501220703125,385.8800048828125,386.00250244140625,386.00250244140625,2181
2026-08-13 13:01:00,386.1449890136719,386.30999755859375,386.0,386.2900085449219,386.2900085449219,811
2026-08-13 13:02:00,386.2950134277344,386.29998779296875,386.1600036621094,386.239990234375,386.239990234375,2700
2026-08-13 13:03:00,386.2699890136719,386.3599853515625,386.2650146484375,386.3500061035156,386.3500061035156,4622
2026-08-13 13:04:00,386.3699951171875,386.4200134277344,386.239990234375,386.239990234375,386.239990234375,3608
2026-08-13 13:05:00,386.1700134277344,386.29998779296875,386.1300048828125,386.29998779296875,386.29998779296875,1707
2026-08-13 13:06:00,386.29998779296875,386.29998779296875,386.0299987792969,386.0299987792969,386.0299987792969,2112
2026-08-13 13:07:00,386.0199890136719,386.364990234375,386.0199890136719,386.2099914550781,386.2099914550781,3685
2026-08-13 13:08:00,386.2099914550781,386.4150085449219,386.2099914550781,386.375,386.375,2380
2026-08-13 13:09:00,386.2799987792969,386.4700012207031,386.2200012207031,386.3349914550781,386.3349914550781,3675
2026-08-13 13:10:00,386.3349914550781,386.3349914550781,386.1700134277344,386.1700134277344,386.1700134277344,1867
2026-08-13 13:11:00,386.2250061035156,386.2250061035156,386.1000061035156,386.1000061035156,386.1000061035156,1359
2026-08-13 13:12:00,386.17999267578125,386.25,386.0299987792969,386.25,386.25,4583
2026-08-13 13:13:00,386.260009765625,386.260009765625,386.2550048828125,386.2550048828125,386.2550048828125,875
2026-08-13 13:14:00,386.2650146484375,386.3699035644531,386.1199951171875,386.1199951171875,386.1199951171875,3898
2026-08-13 13:15:00,386.2300109863281,386.3699951171875,386.2300109863281,386.3699951171875,386.3699951171875,1486
2026-08-13 13:16:00,386.3699951171875,386.6400146484375,386.3699951171875,386.510009765625,386.510009765625,2600
2026-08-13 13:17:00,386.6099853515625,386.6099853515625,386.57501220703125,386.5849914550781,386.5849914550781,1666
2026-08-13 13:18:00,386.4599914550781,386.7650146484375,386.42999267578125,386.42999267578125,386.42999267578125,3949
2026-08-13 13:19:00,386.4599914550781,386.4800109863281,386.375,386.4100036621094,386.4100036621094,1821
2026-08-13 13:20:00,386.5199890136719,386.5199890136719,386.4750061035156,386.4750061035156,386.4750061035156,1293
2026-08-13 13:21:00,386.4750061035156,386.635009765625,386.3599853515625,386.635009765625,386.635009765625,1733
2026-08-13 13:22:00,386.6449890136719,386.6449890136719,386.6449890136719,386.6449890136719,386.6449890136719,706
2026-08-13 13:23:00,386.4200134277344,386.5350036621094,386.3999938964844,386.44000244140625,386.44000244140625,3012
2026-08-13 13:24:00,386.55499267578125,386.55499267578125,386.55499267578125,386.55499267578125,386.55499267578125,121
2026-08-13 13:25:00,386.5150146484375,386.5199890136719,386.3800048828125,386.3800048828125,386.3800048828125,1179
2026-08-13 13:26:00,386.4599914550781,386.56500244140625,386.3299865722656,386.5299987792969,386.5299987792969,3931
2026-08-13 13:27:00,386.69500732421875,386.69500732421875,386.5,386.5150146484375,386.5150146484375,1755
2026-08-13 13:28:00,386.5249938964844,386.5400085449219,386.3699951171875,386.3699951171875,386.3699951171875,2224
2026-08-13 13:29:00,386.3299865722656,386.4200134277344,386.2799987792969,386.2900085449219,386.2900085449219,2669
2026-08-13 13:30:00,386.2101135253906,386.4049987792969,386.0299987792969,386.18499755859375,386.18499755859375,11374
2026-08-13 13:31:00,386.18499755859375,386.2200012207031,386.05010986328125,386.1162109375,386.1162109375,2510
2026-08-13 13:32:00,386.07000732421875,386.1600036621094,385.9700012207031,386.02508544921875,386.02508544921875,3987
2026-08-13 13:33:00,386.0150146484375,386.114990234375,386.0150146484375,386.114990234375,386.114990234375,916
2026-08-13 13:34:00,386.0,386.0,385.80999755859375,385.8550109863281,385.8550109863281,2808
2026-08-13 13:35:00,385.7099914550781,385.864990234375,385.7099914550781,385.75,385.75,1647
2026-08-13 13:36:00,385.760009765625,385.81500244140625,385.7099914550781,385.81500244140625,385.81500244140625,2172
2026-08-13 13:37:00,385.7300109863281,385.82000732421875,385.6099853515625,385.7300109863281,385.7300109863281,4365
2026-08-13 13:38:00,385.7200012207031,385.7200012207031,385.7099914550781,385.7149963378906,385.7149963378906,1687
2026-08-13 13:39:00,385.9100036621094,385.9700012207031,385.9049987792969,385.9549865722656,385.9549865722656,1662
2026-08-13 13:40:00,385.9549865722656,385.9849853515625,385.79998779296875,385.93499755859375,385.93499755859375,3112
2026-08-13 13:41:00,385.93499755859375,385.93499755859375,385.7799987792969,385.7799987792969,385.7799987792969,1665
2026-08-13 13:42:00,385.875,385.9689025878906,385.8299865722656,385.875,385.875,1308
2026-08-13 13:43:00,385.8800048828125,385.9898986816406,385.8800048828125,385.8900146484375,385.8900146484375,664
2026-08-13 13:44:00,385.8900146484375,385.9179992675781,385.79998779296875,385.9179992675781,385.9179992675781,2706
2026-08-13 13:45:00,385.8550109863281,386.0249938964844,385.8550109863281,385.989990234375,385.989990234375,3340
2026-08-13 13:46:00,385.9200134277344,385.9849853515625,385.9150085449219,385.9649963378906,385.9649963378906,2413
2026-08-13 13:47:00,385.95001220703125,386.0,385.8800048828125,385.94000244140625,385.94000244140625,2408
2026-08-13 13:48:00,385.9599914550781,385.9800109863281,385.8599853515625,385.9750061035156,385.9750061035156,1909
2026-08-13 13:49:00,385.9649963378906,385.9800109863281,385.5899963378906,385.6549987792969,385.6549987792969,12537
2026-08-13 13:50:00,385.635009765625,385.6499938964844,385.635009765625,385.6499938964844,385.6499938964844,1694
2026-08-13 13:51:00,385.6499938964844,385.6549987792969,385.5199890136719,385.5199890136719,385.5199890136719,3527
2026-08-13 13:52:00,385.5,385.5400085449219,385.45001220703125,385.4800109863281,385.4800109863281,2451
2026-08-13 13:53:00,385.510009765625,385.5150146484375,385.3599853515625,385.3599853515625,385.3599853515625,1912
2026-08-13 13:54:00,385.3599853515625,385.4100036621094,385.2099914550781,385.2200012207031,385.2200012207031,3833
2026-08-13 13:55:00,385.2799987792969,385.32000732421875,385.2799987792969,385.30499267578125,385.30499267578125,1307
2026-08-13 13:56:00,385.30999755859375,385.30999755859375,385.17999267578125,385.2015075683594,385.2015075683594,1571
2026-08-13 13:57:00,385.17498779296875,385.32501220703125,385.17498779296875,385.32501220703125,385.32501220703125,2365
2026-08-13 13:58:00,385.3299865722656,385.3500061035156,385.3299865722656,385.3500061035156,385.3500061035156,2006
2026-08-13 13:59:00,385.29998779296875,385.29998779296875,385.1700134277344,385.2550048828125,385.2550048828125,2675
2026-08-13 14:00:00,385.260009765625,385.3399963378906,385.1000061035156,385.1000061035156,385.1000061035156,3669
2026-08-13 14:01:00,385.2149963378906,385.2200012207031,385.0799865722656,385.19000244140625,385.19000244140625,13203
2026-08-13 14:02:00,385.2099914550781,385.2101135253906,385.2049865722656,385.2101135253906,385.2101135253906,1639
2026-08-13 14:03:00,385.19000244140625,385.2049865722656,385.19000244140625,385.2049865722656,385.2049865722656,1112
2026-08-13 14:04:00,385.20001220703125,385.20001220703125,384.9599914550781,384.9599914550781,384.9599914550781,4919
2026-08-13 14:05:00,385.1000061035156,385.17999267578125,384.8500061035156,385.17498779296875,385.17498779296875,6195
2026-08-13 14:06:00,385.17498779296875,385.31988525390625,385.0400085449219,385.18499755859375,385.18499755859375,3128
2026-08-13 14:07:00,385.17999267578125,385.18499755859375,385.0,385.0,385.0,2752
2026-08-13 14:08:00,385.0299987792969,385.2300109863281,384.8800048828125,385.0799865722656,385.0799865722656,3805
2026-08-13 14:09:00,385.0799865722656,385.3299865722656,385.07000732421875,385.25,385.25,3631
2026-08-13 14:10:00,385.3299865722656,385.4200134277344,385.0799865722656,385.4200134277344,385.4200134277344,5102
2026-08-13 14:11:00,385.385009765625,385.5450134277344,385.3399963378906,385.3949890136719,385.3949890136719,852
2026-08-13 14:12:00,385.3900146484375,385.5450134277344,385.3299865722656,385.3299865722656,385.3299865722656,4152
2026-08-13 14:13:00,385.4822082519531,385.4822082519531,385.2300109863281,385.3349914550781,385.3349914550781,1851
2026-08-13 14:14:00,385.2200012207031,385.29998779296875,385.20001220703125,385.29998779296875,385.29998779296875,3215
2026-08-13 14:15:00,385.2950134277344,385.32000732421875,385.1499938964844,385.32000732421875,385.32000732421875,3443
2026-08-13 14:16:00,385.2950134277344,385.2950134277344,385.1600036621094,385.1600036621094,385.1600036621094,1584
2026-08-13 14:17:00,385.2749938964844,385.3900146484375,385.2699890136719,385.2699890136719,385.2699890136719,837
2026-08-13 14:18:00,385.2699890136719,385.3800048828125,384.7900085449219,384.989990234375,384.989990234375,8222
2026-08-13 14:19:00,385.05999755859375,385.05999755859375,384.8500061035156,384.8500061035156,384.8500061035156,1301
2026-08-13 14:20:00,384.760009765625,384.9549865722656,384.7200927734375,384.9549865722656,384.9549865722656,1772
2026-08-13 14:21:00,384.95001220703125,384.989990234375,384.95001220703125,384.989990234375,384.989990234375,1117
2026-08-13 14:22:00,384.9700012207031,385.010009765625,384.9700012207031,385.010009765625,385.010009765625,1048
2026-08-13 14:23:00,385.04998779296875,385.04998779296875,384.6400146484375,384.6449890136719,384.6449890136719,8126
2026-08-13 14:24:00,384.6449890136719,384.72900390625,384.5180969238281,384.56500244140625,384.56500244140625,4922
2026-08-13 14:25:00,384.56500244140625,384.70001220703125,384.5,384.6099853515625,384.6099853515625,5677
2026-08-13 14:26:00,384.67999267578125,384.8900146484375,384.67999267578125,384.8900146484375,384.8900146484375,2489
2026-08-13 14:27:00,384.82000732421875,384.8514099121094,384.54998779296875,384.54998779296875,384.54998779296875,4560
2026-08-13 14:28:00,384.54998779296875,384.6700134277344,384.5,384.6300048828125,384.6300048828125,3745
2026-08-13 14:29:00,384.67999267578125,384.68499755859375,384.6400146484375,384.6400146484375,384.6400146484375,1578
2026-08-13 14:30:00,384.7300109863281,384.80499267578125,384.67999267578125,384.7200012207031,384.7200012207031,3886
2026-08-13 14:31:00,384.7650146484375,384.7749938964844,384.7650146484375,384.7749938964844,384.7749938964844,661
2026-08-13 14:32:00,384.7749938964844,385.0400085449219,384.7749938964844,385.010009765625,385.010009765625,12298
2026-08-13 14:33:00,384.8299865722656,385.0,384.760009765625,384.864990234375,384.864990234375,2104
2026-08-13 14:34:00,384.989990234375,385.0299987792969,384.7799987792969,384.7799987792969,384.7799987792969,2913
2026-08-13 14:35:00,384.7799987792969,384.7966003417969,384.6700134277344,384.7349853515625,384.7349853515625,2041
2026-08-13 14:36:00,384.6600036621094,384.6600036621094,384.5299987792969,384.5299987792969,384.5299987792969,5614
2026-08-13 14:37:00,384.5899963378906,384.6199951171875,384.4200134277344,384.4200134277344,384.4200134277344,7221
2026-08-13 14:38:00,384.42999267578125,384.4599914550781,384.3349914550781,384.3349914550781,384.3349914550781,3401
2026-08-13 14:39:00,384.31500244140625,384.3599853515625,384.2099914550781,384.2449951171875,384.2449951171875,6907
2026-08-13 14:40:00,384.2449951171875,384.2449951171875,383.9599914550781,383.9800109863281,383.9800109863281,6584
2026-08-13 14:41:00,383.80999755859375,383.96990966796875,383.7900085449219,383.8999938964844,383.8999938964844,2558
2026-08-13 14:42:00,383.9100036621094,383.9200134277344,383.7699890136719,383.8900146484375,383.8900146484375,4036
2026-08-13 14:43:00,383.8399963378906,383.8599853515625,383.6099853515625,383.7449951171875,383.7449951171875,14659
2026-08-13 14:44:00,383.7449951171875,383.7449951171875,383.42999267578125,383.54998779296875,383.54998779296875,4450
2026-08-13 14:45:00,383.6099853515625,383.889892578125,383.42999267578125,383.7699890136719,383.7699890136719,6407
2026-08-13 14:46:00,383.75,384.0299987792969,383.6199951171875,384.0299987792969,384.0299987792969,1906
2026-08-13 14:47:00,384.0199890136719,384.0299987792969,383.7900085449219,383.79998779296875,383.79998779296875,5966
2026-08-13 14:48:00,383.8399963378906,384.010009765625,383.7900085449219,383.94500732421875,383.94500732421875,2811
2026-08-13 14:49:00,383.79998779296875,384.0,383.760009765625,383.7799987792969,383.7799987792969,4507
2026-08-13 14:50:00,383.7699890136719,383.79998779296875,383.4700012207031,383.54998779296875,383.54998779296875,7070
2026-08-13 14:51:00,383.45001220703125,383.56329345703125,383.44000244140625,383.44000244140625,383.44000244140625,2537
2026-08-13 14:52:00,383.4549865722656,383.6600036621094,383.4549865722656,383.57000732421875,383.57000732421875,3711
2026-08-13 14:53:00,383.5299987792969,383.5799865722656,383.5150146484375,383.5799865722656,383.5799865722656,1414
2026-08-13 14:54:00,383.5199890136719,383.739990234375,383.4700012207031,383.5199890136719,383.5199890136719,10459
2026-08-13 14:55:00,383.6650085449219,383.6650085449219,383.4800109863281,383.4800109863281,383.4800109863281,2607
2026-08-13 14:56:00,383.510009765625,383.54998779296875,383.3299865722656,383.3299865722656,383.3299865722656,4065
2026-08-13 14:57:00,383.32000732421875,383.44000244140625,383.2900085449219,383.44000244140625,383.44000244140625,3875
2026-08-13 14:58:00,383.3299865722656,383.3999938964844,383.1400146484375,383.17999267578125,383.17999267578125,3525
2026-08-13 14:59:00,383.239990234375,383.3699951171875,383.239990234375,383.3299865722656,383.3299865722656,3511
2026-08-13 15:00:00,383.3299865722656,383.70001220703125,383.3299865722656,383.70001220703125,383.70001220703125,3159
2026-08-13 15:01:00,383.6925048828125,383.6925048828125,383.44000244140625,383.44000244140625,383.44000244140625,6651
2026-08-13 15:02:00,383.42999267578125,383.42999267578125,383.17498779296875,383.17999267578125,383.17999267578125,3924
2026-08-13 15:03:00,383.0899963378906,383.0899963378906,382.9200134277344,382.9200134277344,382.9200134277344,3978
2026-08-13 15:04:00,382.9200134277344,382.9200134277344,382.55999755859375,382.6099853515625,382.6099853515625,1515
2026-08-13 15:05:00,382.57000732421875,382.8598937988281,382.4599914550781,382.8598937988281,382.8598937988281,7864
2026-08-13 15:06:00,382.8550109863281,382.9150085449219,382.57000732421875,382.57000732421875,382.57000732421875,4238
2026-08-13 15:07:00,382.5,382.6300048828125,382.14691162109375,382.6300048828125,382.6300048828125,4625
2026-08-13 15:08:00,382.6300048828125,382.8999938964844,382.6300048828125,382.8999938964844,382.8999938964844,2713
2026-08-13 15:09:00,382.8999938964844,382.8999938964844,382.7099914550781,382.7950134277344,382.7950134277344,2502
2026-08-13 15:10:00,382.7449951171875,382.83990478515625,382.69000244140625,382.7925109863281,382.7925109863281,4272
2026-08-13 15:11:00,382.760009765625,382.79998779296875,382.7300109863281,382.7799987792969,382.7799987792969,4103
2026-08-13 15:12:00,382.79998779296875,382.79998779296875,382.3299865722656,382.3299865722656,382.3299865722656,6429
2026-08-13 15:13:00,382.30499267578125,382.5199890136719,382.29998779296875,382.42498779296875,382.42498779296875,4027
2026-08-13 15:14:00,382.42498779296875,382.42498779296875,382.19000244140625,382.19000244140625,382.19000244140625,3507
2026-08-13 15:15:00,382.17999267578125,382.17999267578125,381.8900146484375,382.1300048828125,382.1300048828125,6101
2026-08-13 15:16:00,382.2699890136719,382.45001220703125,381.8800048828125,381.989501953125,381.989501953125,6046
2026-08-13 15:17:00,381.8699951171875,381.9800109863281,381.80999755859375,381.9800109863281,381.9800109863281,4666
2026-08-13 15:18:00,382.04998779296875,382.2200012207031,381.94000244140625,382.2200012207031,382.2200012207031,3999
2026-08-13 15:19:00,382.2099914550781,382.44000244140625,382.1099853515625,382.44000244140625,382.44000244140625,1209
2026-08-13 15:20:00,382.2699890136719,382.6000061035156,382.2650146484375,382.45001220703125,382.45001220703125,5592
2026-08-13 15:21:00,382.3299865722656,382.5,382.17498779296875,382.177490234375,382.177490234375,4673
2026-08-13 15:22:00,382.17498779296875,382.3999938964844,381.8699951171875,381.989990234375,381.989990234375,8928
2026-08-13 15:23:00,381.94000244140625,382.0,381.8599853515625,382.0,382.0,5803
2026-08-13 15:24:00,381.9949951171875,381.9949951171875,381.69000244140625,381.7200012207031,381.7200012207031,5933
2026-08-13 15:25:00,381.67498779296875,381.7149963378906,381.4599914550781,381.57000732421875,381.57000732421875,4434
2026-08-13 15:26:00,381.56500244140625,381.57501220703125,381.3299865722656,381.57501220703125,381.57501220703125,6620
2026-08-13 15:27:00,381.55499267578125,382.30999755859375,381.5299987792969,381.8999938964844,381.8999938964844,3304
2026-08-13 15:28:00,381.9700012207031,382.0799865722656,381.8800048828125,381.885009765625,381.885009765625,4924
2026-08-13 15:29:00,381.7900085449219,381.7900085449219,381.489990234375,381.69000244140625,381.69000244140625,2858
2026-08-13 15:30:00,381.4800109863281,381.7250061035156,381.19000244140625,381.4200134277344,381.4200134277344,9128
2026-08-13 15:31:00,381.5150146484375,381.6449890136719,381.5150146484375,381.6449890136719,381.6449890136719,1531
2026-08-13 15:32:00,381.7300109863281,381.9599914550781,381.6000061035156,381.7200012207031,381.7200012207031,9380
2026-08-13 15:33:00,381.55999755859375,381.6199951171875,381.3699951171875,381.5899963378906,381.5899963378906,2643
2026-08-13 15:34:00,381.5899963378906,381.75,381.5400085449219,381.6449890136719,381.6449890136719,3607
2026-08-13 15:35:00,381.6499938964844,381.7900085449219,381.42999267578125,381.489990234375,381.489990234375,9311
2026-08-13 15:36:00,381.42999267578125,381.4599914550781,381.04998779296875,381.1499938964844,381.1499938964844,8224
2026-08-13 15:37:00,381.17498779296875,381.2699890136719,380.875,381.1400146484375,381.1400146484375,9582
2026-08-13 15:38:00,381.3550109863281,381.4700012207031,381.0799865722656,381.3599853515625,381.3599853515625,9597
2026-08-13 15:39:00,381.4100036621094,381.5799865722656,381.3299865722656,381.44500732421875,381.44500732421875,8087
2026-08-13 15:40:00,381.4599914550781,381.885009765625,381.45001220703125,381.82000732421875,381.82000732421875,10930
2026-08-13 15:41:00,381.67999267578125,381.7850036621094,381.44000244140625,381.7850036621094,381.7850036621094,10079
2026-08-13 15:42:00,381.7699890136719,381.8900146484375,381.3699951171875,381.3699951171875,381.3699951171875,9027
2026-08-13 15:43:00,381.3800048828125,381.6099853515625,381.2900085449219,381.6099853515625,381.6099853515625,6250
2026-08-13 15:44:00,381.6199951171875,381.70001220703125,381.0899963378906,381.1099853515625,381.1099853515625,10858
2026-08-13 15:45:00,381.0899963378906,381.87249755859375,381.0899963378906,381.87249755859375,381.87249755859375,6835
2026-08-13 15:46:00,381.79998779296875,382.0199890136719,381.739990234375,381.8599853515625,381.8599853515625,7576
2026-08-13 15:47:00,381.7300109863281,381.9800109863281,381.6400146484375,381.80499267578125,381.80499267578125,6045
2026-08-13 15:48:00,381.8800048828125,382.17999267578125,381.8299865722656,382.0799865722656,382.0799865722656,7420
2026-08-13 15:49:00,382.1400146484375,382.1400146484375,381.7099914550781,381.9100036621094,381.9100036621094,6517
2026-08-13 15:50:00,381.8599853515625,381.8599853515625,380.8599853515625,380.9100036621094,380.9100036621094,21666
2026-08-13 15:51:00,380.6499938964844,380.8599853515625,380.5899963378906,380.8599853515625,380.8599853515625,7016
2026-08-13 15:52:00,380.8399963378906,380.9700012207031,380.7699890136719,380.864990234375,380.864990234375,9409
2026-08-13 15:53:00,380.864990234375,381.0050048828125,380.8399963378906,381.0050048828125,381.0050048828125,11178
2026-08-13 15:54:00,381.07000732421875,381.5,380.6600036621094,380.81500244140625,380.81500244140625,19444
2026-08-13 15:55:00,380.82000732421875,381.1650085449219,380.5899963378906,380.92999267578125,380.92999267578125,18442
2026-08-13 15:56:00,380.95001220703125,381.0,380.510009765625,380.57000732421875,380.57000732421875,25459
2026-08-13 15:57:00,380.6300048828125,381.0199890136719,380.6099853515625,380.6099853515625,380.6099853515625,27762
2026-08-13 15:58:00,380.69000244140625,380.84991455078125,380.6199951171875,380.80999755859375,380.80999755859375,35098
2026-08-13 15:59:00,380.80999755859375,381.29998779296875,380.80999755859375,381.29998779296875,381.29998779296875,94196
2026-08-13 16:00:00,381.17,381.97,381.17,381.17,381.17,24709
2026-08-13 16:01:00,381.17,381.17,381.17,381.17,381.17,0
2026-08-13 16:04:00,381.17,381.17,381.17,381.17,381.17,0
2026-08-13 16:05:00,381.7,381.7,381.7,381.7,381.7,0
2026-08-13 16:06:00,381.69,381.69,381.69,381.69,381.69,0
2026-08-13 16:07:00,382.0,382.0,382.0,382.0,382.0,0
2026-08-13 16:09:00,382.23,382.23,382.23,382.23,382.23,0
2026-08-13 16:10:00,381.17,381.17,381.17,381.17,381.17,0
2026-08-13 16:13:00,382.0,382.0,382.0,382.0,382.0,0
2026-08-13 16:14:00,382.0,382.0,382.0,382.0,382.0,0
2026-08-13 16:15:00,381.17,381.17,381.17,381.17,381.17,0
2026-08-13 16:20:00,382.3,382.3,382.3,382.3,382.3,0
2026-08-13 16:21:00,384.84,384.84,384.84,384.84,384.84,0
2026-08-13 16:22:00,383.0,383.0,383.0,383.0,383.0,0
2026-08-13 16:23:00,382.86,382.86,382.86,382.86,382.86,0
2026-08-13 16:29:00,382.0,382.0,382.0,382.0,382.0,0
2026-08-13 16:31:00,384.7492,384.7492,384.7492,384.7492,384.7492,0
2026-08-13 16:35:00,382.9552,382.9552,382.9552,382.9552,382.9552,0
2026-08-13 16:38:00,382.9552,382.9552,382.9552,382.9552,382.9552,0
2026-08-13 16:44:00,383.0,383.0,383.0,383.0,383.0,0
2026-08-13 16:46:00,382.9,382.9,382.9,382.9,382.9,0
2026-08-13 16:47:00,382.89,382.89,382.89,382.89,382.89,0
2026-08-13 16:49:00,381.21,381.21,381.21,381.21,381.21,0
2026-08-13 17:15:00,381.17,381.17,381.17,381.17,381.17,0
2026-08-13 17:24:00,383.35,383.35,383.35,383.35,383.35,0
2026-08-13 17:38:00,383.35,383.47,383.35,383.47,383.47,0
2026-08-13 17:41:00,383.35,383.35,383.35,383.35,383.35,0
2026-08-13 17:46:00,384.33,384.33,384.33,384.33,384.33,0
2026-08-13 17:52:00,383.47,383.47,383.47,383.47,383.47,0
2026-08-13 17:56:00,383.47,383.47,382.0,382.0,382.0,0
2026-08-13 17:59:00,383.47,383.47,383.47,383.47,383.47,0
2026-08-13 18:00:00,384.33,384.6,384.33,384.6,384.6,0
2026-08-13 18:04:00,384.6,384.6,384.6,384.6,384.6,0
2026-08-13 18:08:00,384.0,384.0,384.0,384.0,384.0,0
2026-08-13 18:27:00,382.0,382.0,382.0,382.0,382.0,0
2026-08-13 18:36:00,382.33,382.33,382.33,382.33,382.33,0
2026-08-13 18:39:00,382.33,382.33,382.33,382.33,382.33,0
2026-08-13 18:54:00,382.33,382.33,382.33,382.33,382.33,0
2026-08-13 19:03:00,384.5,384.5,384.5,384.5,384.5,0
2026-08-13 19:04:00,382.6,382.6,382.6,382.6,382.6,0
2026-08-13 19:29:00,382.63,382.63,382.63,382.63,382.63,0
2026-08-13 19:34:00,383.01,383.01,383.01,383.01,383.01,0
2026-08-13 19:47:00,384.6,384.6,384.6,384.6,384.6,0
2026-08-13 19:56:00,383.32,383.32,383.32,383.32,383.32,0
2026-08-14 04:00:00,379.08,381.5361,379.08,381.5361,381.5361,0
2026-08-14 04:01:00,383.8,383.8,380.67,381.01,381.01,0
2026-08-14 04:12:00,383.2,383.2,383.2,383.2,383.2,0
2026-08-14 04:14:00,382.15,382.15,382.15,382.15,382.15,0
2026-08-14 04:29:00,382.81,383.0,382.81,383.0,383.0,0
2026-08-14 04:32:00,383.09,383.09,383.09,383.09,383.09,0
2026-08-14 05:05:00,382.76,382.76,382.75,382.75,382.75,0
2026-08-14 05:07:00,382.79,382.79,382.79,382.79,382.79,0
2026-08-14 05:23:00,382.99,382.99,382.99,382.99,382.99,0
2026-08-14 05:26:00,384.84,384.84,384.84,384.84,384.84,0
2026-08-14 05:28:00,383.36,383.36,383.36,383.36,383.36,0
2026-08-14 05:29:00,383.37,383.37,383.37,383.37,383.37,0
2026-08-14 05:33:00,383.45,383.45,383.45,383.45,383.45,0
2026-08-14 05:34:00,383.47,383.47,382.4,382.7,382.7,0
2026-08-14 05:35:00,382.57,382.57,382.52,382.52,382.52,0
2026-08-14 05:36:00,382.91,383.0,382.91,383.0,383.0,0
2026-08-14 05:37:00,383.0,383.0,383.0,383.0,383.0,0
2026-08-14 05:40:00,383.0,383.0,381.81,381.81,381.81,0
2026-08-14 05:45:00,382.19,382.19,382.11,382.11,382.11,0
2026-08-14 05:46:00,382.19,382.19,382.16,382.16,382.16,0
2026-08-14 05:53:00,382.6,382.6,382.53,382.53,382.53,0
2026-08-14 05:56:00,384.01,384.01,384.01,384.01,384.01,0
2026-08-14 06:02:00,383.0,383.0,383.0,383.0,383.0,0
2026-08-14 06:15:00,382.94,382.94,382.93,382.93,382.93,0
2026-08-14 06:19:00,383.0,383.0,383.0,383.0,383.0,0
2026-08-14 06:20:00,383.03,383.03,383.03,383.03,383.03,0
2026-08-14 06:21:00,383.05,383.05,383.05,383.05,383.05,0
2026-08-14 06:28:00,383.19,383.19,383.19,383.19,383.19,0
2026-08-14 06:32:00,383.26,383.26,383.26,383.26,383.26,0
2026-08-14 06:34:00,383.31,383.31,383.31,383.31,383.31,0
2026-08-14 06:36:00,383.34,383.35,383.34,383.35,383.35,0
2026-08-14 06:39:00,383.4,383.4,383.4,383.4,383.4,0
2026-08-14 06:40:00,383.42,383.42,383.42,383.42,383.42,0
2026-08-14 06:41:00,383.43,383.43,383.43,383.43,383.43,0
2026-08-14 06:54:00,383.43,383.43,383.43,383.43,383.43,0
2026-08-14 07:00:00,383.43,384.0,383.43,384.0,384.0,0
2026-08-14 07:03:00,383.43,383.43,383.43,383.43,383.43,0
2026-08-14 07:10:00,383.57,383.57,383.32,383.32,383.32,0
2026-08-14 07:11:00,383.32,383.6,383.27,383.6,383.6,0
2026-08-14 07:13:00,383.57,383.57,383.47,383.47,383.47,0
2026-08-14 07:14:00,383.37,383.37,383.37,383.37,383.37,0
2026-08-14 07:15:00,383.32,383.32,383.32,383.32,383.32,0
2026-08-14 07:17:00,383.32,383.32,383.32,383.32,383.32,0
2026-08-14 07:23:00,384.33,384.33,384.33,384.33,384.33,0
2026-08-14 07:26:00,383.63,383.63,383.63,383.63,383.63,0
2026-08-14 07:27:00,383.44,383.44,383.43,383.44,383.44,0
2026-08-14 07:31:00,383.1,383.1,383.1,383.1,383.1,0
2026-08-14 07:32:00,384.84,384.84,384.84,384.84,384.84,0
2026-08-14 07:35:00,384.84,384.84,384.84,384.84,384.84,0
2026-08-14 07:39:00,383.25,383.25,383.25,383.25,383.25,0
2026-08-14 07:40:00,383.26,383.27,383.26,383.27,383.27,0
2026-08-14 07:41:00,383.3,383.3,383.3,383.3,383.3,0
2026-08-14 07:44:00,383.33,383.33,383.33,383.33,383.33,0
2026-08-14 07:45:00,383.35,383.35,383.35,383.35,383.35,0
2026-08-14 07:58:00,383.35,383.35,383.35,383.35,383.35,0
2026-08-14 08:00:00,383.51,383.51,383.51,383.51,383.51,0
2026-08-14 08:02:00,383.54,383.54,383.54,383.54,383.54,0
2026-08-14 08:03:00,383.56,383.56,383.56,383.56,383.56,0
2026-08-14 08:04:00,383.49,383.75,383.49,383.75,383.75,0
2026-08-14 08:05:00,383.15,383.15,383.15,383.15,383.15,0
2026-08-14 08:08:00,383.0,383.0,382.7145,382.7145,382.7145,0
2026-08-14 08:11:00,383.0,383.0,383.0,383.0,383.0,0
2026-08-14 08:13:00,382.74,382.74,382.52,382.53,382.53,0
2026-08-14 08:16:00,382.58,382.58,382.58,382.58,382.58,0
2026-08-14 08:21:00,382.3204,382.3204,382.3204,382.3204,382.3204,0
2026-08-14 08:22:00,382.51,382.51,382.51,382.51,382.51,0
2026-08-14 08:24:00,382.51,382.726,382.51,382.726,382.726,0
2026-08-14 08:25:00,382.51,382.51,382.51,382.51,382.51,0
2026-08-14 08:26:00,382.53,382.53,382.53,382.53,382.53,0
2026-08-14 08:27:00,382.8,382.8,382.8,382.8,382.8,0
2026-08-14 08:38:00,382.7145,382.7145,382.7145,382.7145,382.7145,0
2026-08-14 08:43:00,384.33,384.33,384.33,384.33,384.33,0
2026-08-14 08:47:00,383.02,383.02,383.02,383.02,383.02,0
2026-08-14 09:00:00,383.29,383.29,383.24,383.24,383.24,0
2026-08-14 09:01:00,383.24,383.29,383.24,383.29,383.29,0
2026-08-14 09:02:00,383.24,383.24,383.19,383.19,383.19,0
2026-08-14 09:03:00,383.19,383.24,383.12,383.24,383.24,0
2026-08-14 09:05:00,382.99,383.04,382.99,383.04,383.04,0
2026-08-14 09:06:00,382.99,382.99,382.89,382.89,382.89,0
2026-08-14 09:07:00,382.89,382.89,382.89,382.89,382.89,0
2026-08-14 09:08:00,382.94,382.94,382.89,382.89,382.89,0
2026-08-14 09:14:00,382.73,382.73,382.51,382.51,382.51,0
2026-08-14 09:15:00,382.51,382.51,382.51,382.51,382.51,0
2026-08-14 09:18:00,382.51,382.51,382.51,382.51,382.51,0
2026-08-14 09:25:00,382.51,382.51,382.51,382.51,382.51,0
2026-08-14 09:26:00,382.52,382.52,382.52,382.52,382.52,0
2026-08-14 09:27:00,382.54,384.26,382.5,382.73,382.73,0
2026-08-14 09:29:00,382.7,382.7,381.31,381.31,381.31,0
2026-08-14 09:30:00,381.94000244140625,383.0249938964844,381.0299987792969,381.6199951171875,381.6199951171875,46408
2026-08-14 09:31:00,381.3399963378906,382.6300048828125,380.5,381.0,381.0,8174
2026-08-14 09:32:00,381.0,382.510009765625,381.0,382.0,382.0,2057
2026-08-14 09:33:00,381.6990051269531,381.6990051269531,380.7900085449219,381.3800048828125,381.3800048828125,9537
2026-08-14 09:34:00,381.7515869140625,381.7515869140625,380.8599853515625,381.6300048828125,381.6300048828125,2076
2026-08-14 09:35:00,381.6600036621094,381.6600036621094,380.1700134277344,380.2900085449219,380.2900085449219,5147
2026-08-14 09:36:00,380.6300048828125,381.3500061035156,380.2200012207031,381.18499755859375,381.18499755859375,6632
2026-08-14 09:37:00,381.17999267578125,381.3999938964844,380.8089904785156,381.239990234375,381.239990234375,2600
2026-08-14 09:38:00,380.9949951171875,381.42950439453125,380.54998779296875,380.54998779296875,380.54998779296875,1740
2026-08-14 09:39:00,380.7650146484375,381.3900146484375,380.54998779296875,380.9800109863281,380.9800109863281,3241
2026-08-14 09:40:00,381.0386962890625,381.5790100097656,381.0,381.0,381.0,6460
2026-08-14 09:41:00,380.9599914550781,381.635009765625,380.614990234375,380.885009765625,380.885009765625,6151
2026-08-14 09:42:00,381.3399963378906,381.3500061035156,380.8900146484375,381.0150146484375,381.0150146484375,3196
2026-08-14 09:43:00,381.3800048828125,381.5799865722656,381.0,381.5799865722656,381.5799865722656,6352
2026-08-14 09:44:00,381.7200012207031,382.45001220703125,381.7200012207031,382.45001220703125,382.45001220703125,4373
2026-08-14 09:45:00,382.4700012207031,383.4049987792969,382.4700012207031,383.07000732421875,383.07000732421875,7718
2026-08-14 09:46:00,383.0849914550781,383.30999755859375,382.7200012207031,382.7200012207031,382.7200012207031,3943
2026-08-14 09:47:00,382.7300109863281,383.0199890136719,382.3385009765625,382.8999938964844,382.8999938964844,3424
2026-08-14 09:48:00,382.95001220703125,383.32000732421875,382.95001220703125,383.239990234375,383.239990234375,1889
2026-08-14 09:49:00,382.79998779296875,382.82000732421875,382.6000061035156,382.7900085449219,382.7900085449219,3499
2026-08-14 09:50:00,382.9700012207031,382.9800109863281,382.80499267578125,382.9100036621094,382.9100036621094,3186
2026-08-14 09:51:00,382.989990234375,383.57000732421875,382.6099853515625,383.57000732421875,383.57000732421875,13588
2026-08-14 09:52:00,383.95001220703125,384.69000244140625,383.95001220703125,384.4700012207031,384.4700012207031,15929
2026-08-14 09:53:00,384.4700012207031,384.55999755859375,384.2200012207031,384.2200012207031,384.2200012207031,3708
2026-08-14 09:54:00,384.2200012207031,384.42999267578125,383.7799987792969,383.7799987792969,383.7799987792969,4862
2026-08-14 09:55:00,383.7300109863281,383.9700012207031,383.57000732421875,383.82000732421875,383.82000732421875,2173
2026-08-14 09:56:00,383.7799987792969,384.83990478515625,383.7799987792969,384.1700134277344,384.1700134277344,2045
2026-08-14 09:57:00,384.1700134277344,385.1300048828125,384.1700134277344,385.1300048828125,385.1300048828125,6769
2026-08-14 09:58:00,384.9150085449219,385.1000061035156,384.2799987792969,384.3299865722656,384.3299865722656,3385
2026-08-14 09:59:00,384.25,384.2650146484375,383.7950134277344,384.2300109863281,384.2300109863281,4485
2026-08-14 10:00:00,383.8500061035156,384.6199951171875,383.6300048828125,384.510009765625,384.510009765625,2239
2026-08-14 10:01:00,384.75,384.989990234375,384.510009765625,384.7900085449219,384.7900085449219,6177
2026-08-14 10:02:00,384.7900085449219,385.2300109863281,384.7850036621094,385.2099914550781,385.2099914550781,5850
2026-08-14 10:03:00,385.0,385.07000732421875,384.6000061035156,384.6000061035156,384.6000061035156,4806
2026-08-14 10:04:00,384.7349853515625,385.0400085449219,384.7349853515625,385.0400085449219,385.0400085449219,834
2026-08-14 10:05:00,385.18499755859375,385.18499755859375,384.82000732421875,384.94500732421875,384.94500732421875,2454
2026-08-14 10:06:00,385.1099853515625,385.1700134277344,385.1099853515625,385.1099853515625,385.1099853515625,1142
2026-08-14 10:07:00,385.1099853515625,385.2799987792969,385.1099853515625,385.17999267578125,385.17999267578125,2034
2026-08-14 10:08:00,385.1549987792969,385.92999267578125,385.07000732421875,385.07000732421875,385.07000732421875,9319
2026-08-14 10:09:00,384.9200134277344,385.989990234375,384.9200134277344,385.739990234375,385.739990234375,1781
2026-08-14 10:10:00,385.9800109863281,386.1700134277344,385.8699951171875,385.8699951171875,385.8699951171875,6815
2026-08-14 10:11:00,386.010009765625,386.9280090332031,385.739990234375,386.9280090332031,386.9280090332031,23343
2026-08-14 10:12:00,386.6449890136719,386.8999938964844,386.3275146484375,386.8999938964844,386.8999938964844,7469
2026-08-14 10:13:00,386.7699890136719,387.4200134277344,386.7699890136719,387.1000061035156,387.1000061035156,9683
2026-08-14 10:14:00,387.06500244140625,387.55999755859375,387.06500244140625,387.55999755859375,387.55999755859375,2922
2026-08-14 10:15:00,387.30499267578125,387.99591064453125,387.30499267578125,387.99591064453125,387.99591064453125,12821
2026-08-14 10:16:00,387.8399963378906,388.2699890136719,387.6000061035156,388.25,388.25,6726
2026-08-14 10:17:00,388.19000244140625,388.6000061035156,387.6700134277344,387.8800048828125,387.8800048828125,8759
2026-08-14 10:18:00,387.8599853515625,388.0,386.4953918457031,386.6600036621094,386.6600036621094,7770
2026-08-14 10:19:00,386.6650085449219,386.6650085449219,386.0,386.05999755859375,386.05999755859375,4395
2026-08-14 10:20:00,386.0,386.2300109863281,385.4200134277344,386.0849914550781,386.0849914550781,6622
2026-08-14 10:21:00,386.17498779296875,386.2149963378906,385.7850036621094,385.94000244140625,385.94000244140625,4464
2026-08-14 10:22:00,385.6199951171875,385.6199951171875,385.2799987792969,385.2799987792969,385.2799987792969,3941
2026-08-14 10:23:00,385.239990234375,385.56500244140625,385.0199890136719,385.2799987792969,385.2799987792969,4713
2026-08-14 10:24:00,385.0400085449219,385.0400085449219,384.739990234375,384.739990234375,384.739990234375,3243
2026-08-14 10:25:00,385.1099853515625,385.1650085449219,384.8599853515625,385.1600036621094,385.1600036621094,1841
2026-08-14 10:26:00,385.2699890136719,385.3800048828125,384.8800048828125,385.04998779296875,385.04998779296875,2522
2026-08-14 10:27:00,384.9100036621094,385.29998779296875,384.82000732421875,384.82000732421875,384.82000732421875,3132
2026-08-14 10:28:00,384.70001220703125,385.2650146484375,384.6199951171875,385.2650146484375,385.2650146484375,2738
2026-08-14 10:29:00,385.1600036621094,385.4200134277344,384.9100036621094,385.1650085449219,385.1650085449219,601
2026-08-14 10:30:00,384.9309997558594,385.2049865722656,384.0799865722656,384.2699890136719,384.2699890136719,15842
2026-08-14 10:31:00,384.1499938964844,384.5799865722656,384.1499938964844,384.5799865722656,384.5799865722656,1412
2026-08-14 10:32:00,384.92498779296875,385.1300048828125,384.6099853515625,384.82000732421875,384.82000732421875,4214
2026-08-14 10:33:00,385.2200012207031,385.2200012207031,384.989990234375,385.0400085449219,385.0400085449219,1799
2026-08-14 10:34:00,385.1148986816406,385.510009765625,385.1148986816406,385.3999938964844,385.3999938964844,1784
2026-08-14 10:35:00,385.5199890136719,385.8800048828125,385.4800109863281,385.54998779296875,385.54998779296875,1754
2026-08-14 10:36:00,385.5799865722656,386.2749938964844,385.57000732421875,386.2749938964844,386.2749938964844,3424
2026-08-14 10:37:00,386.4200134277344,386.614990234375,386.2099914550781,386.614990234375,386.614990234375,4831
2026-08-14 10:38:00,386.5199890136719,386.5199890136719,386.4100036621094,386.4599914550781,386.4599914550781,3717
2026-08-14 10:39:00,386.0,386.29998779296875,385.7726135253906,386.29998779296875,386.29998779296875,1510
2026-08-14 10:40:00,386.70001220703125,386.7300109863281,386.57000732421875,386.57501220703125,386.57501220703125,986
2026-08-14 10:41:00,386.55499267578125,386.8450012207031,386.239990234375,386.54998779296875,386.54998779296875,3446
2026-08-14 10:42:00,386.4949951171875,386.4949951171875,386.4949951171875,386.4949951171875,386.4949951171875,229
2026-08-14 10:43:00,386.69000244140625,386.7099914550781,386.4800109863281,386.4800109863281,386.4800109863281,2757
2026-08-14 10:44:00,386.4100036621094,386.6499938964844,386.3800048828125,386.614990234375,386.614990234375,1485
2026-08-14 10:45:00,386.69500732421875,386.70001220703125,386.4700012207031,386.4800109863281,386.4800109863281,2318
2026-08-14 10:46:00,386.3500061035156,386.6549987792969,386.3500061035156,386.5150146484375,386.5150146484375,1416
2026-08-14 10:47:00,386.4389953613281,386.7349853515625,386.3800048828125,386.6199951171875,386.6199951171875,1627
2026-08-14 10:48:00,386.3299865722656,386.3299865722656,385.9599914550781,385.9599914550781,385.9599914550781,2177
2026-08-14 10:49:00,385.9200134277344,385.93499755859375,385.3999938964844,385.3999938964844,385.3999938964844,1655
2026-08-14 10:50:00,385.6499938964844,385.79998779296875,385.6499938964844,385.79998779296875,385.79998779296875,692
2026-08-14 10:51:00,385.7799987792969,385.8699951171875,385.54998779296875,385.54998779296875,385.54998779296875,1636
2026-08-14 10:52:00,385.489990234375,385.614990234375,385.2054138183594,385.5299987792969,385.5299987792969,3069
2026-08-14 10:53:00,385.635009765625,385.635009765625,385.489990234375,385.6199951171875,385.6199951171875,1030
2026-08-14 10:54:00,385.4200134277344,385.5899963378906,385.4100036621094,385.4100036621094,385.4100036621094,839
2026-08-14 10:55:00,385.4100036621094,385.4100036621094,385.1600036621094,385.32000732421875,385.32000732421875,2522
2026-08-14 10:56:00,385.54998779296875,385.6300048828125,385.17999267578125,385.17999267578125,385.17999267578125,1241
2026-08-14 10:57:00,385.1499938964844,385.4999084472656,385.1400146484375,385.4999084472656,385.4999084472656,1479
2026-08-14 10:58:00,385.385009765625,385.5299987792969,385.010009765625,385.0899963378906,385.0899963378906,3824
2026-08-14 10:59:00,385.135009765625,385.3550109863281,385.125,385.3550109863281,385.3550109863281,1422
2026-08-14 11:00:00,385.3500061035156,385.7300109863281,385.3500061035156,385.54998779296875,385.54998779296875,2006
2026-08-14 11:01:00,385.6499938964844,385.6499938964844,385.260009765625,385.260009765625,385.260009765625,3358
2026-08-14 11:02:00,385.32000732421875,385.3399963378906,384.6400146484375,384.6400146484375,384.6400146484375,2696
2026-08-14 11:03:00,384.635009765625,384.7379150390625,384.3500061035156,384.4100036621094,384.4100036621094,1704
2026-08-14 11:04:00,384.3800048828125,384.7699890136719,384.3800048828125,384.625,384.625,1444
2026-08-14 11:05:00,384.5199890136719,384.6400146484375,384.19000244140625,384.3949890136719,384.3949890136719,3337
2026-08-14 11:06:00,384.20001220703125,384.6549987792969,384.20001220703125,384.55999755859375,384.55999755859375,1599
2026-08-14 11:07:00,384.5350036621094,384.67999267578125,384.0299987792969,384.1050109863281,384.1050109863281,2679
2026-08-14 11:08:00,384.1400146484375,384.2699890136719,384.0050048828125,384.19500732421875,384.19500732421875,2544
2026-08-14 11:09:00,383.94000244140625,384.2749938964844,383.94000244140625,384.0249938964844,384.0249938964844,2963
2026-08-14 11:10:00,384.2300109863281,384.3999938964844,384.114990234375,384.3999938964844,384.3999938964844,1429
2026-08-14 11:11:00,384.364990234375,384.5199890136719,384.2699890136719,384.2950134277344,384.2950134277344,2437
2026-08-14 11:12:00,384.2850036621094,384.44000244140625,384.1600036621094,384.44000244140625,384.44000244140625,2319
2026-08-14 11:13:00,384.3399963378906,384.3699951171875,384.1499938964844,384.2049865722656,384.2049865722656,2350
2026-08-14 11:14:00,384.2099914550781,384.2099914550781,383.7099914550781,383.7300109863281,383.7300109863281,3510
2026-08-14 11:15:00,383.7099914550781,383.989990234375,383.6499938964844,383.6499938964844,383.6499938964844,1857
2026-08-14 11:16:00,383.7049865722656,383.989990234375,383.7049865722656,383.8800048828125,383.8800048828125,1157
2026-08-14 11:17:00,383.760009765625,384.0249938964844,383.760009765625,383.9750061035156,383.9750061035156,1635
2026-08-14 11:18:00,383.9750061035156,384.2799072265625,383.8900146484375,383.9200134277344,383.9200134277344,2642
2026-08-14 11:19:00,383.9150085449219,384.32989501953125,383.8699951171875,383.9200134277344,383.9200134277344,3223
2026-08-14 11:20:00,383.9549865722656,384.1199951171875,383.8700866699219,383.8900146484375,383.8900146484375,994
2026-08-14 11:21:00,383.8900146484375,383.8900146484375,383.5400085449219,383.6600036621094,383.6600036621094,3284
2026-08-14 11:22:00,383.6600036621094,383.6600036621094,383.0199890136719,383.0450134277344,383.0450134277344,13732
2026-08-14 11:23:00,382.9100036621094,383.0150146484375,382.6499938964844,382.8900146484375,382.8900146484375,7028
2026-08-14 11:24:00,382.6600036621094,382.739990234375,382.4100036621094,382.4100036621094,382.4100036621094,6390
2026-08-14 11:25:00,382.739990234375,382.8299865722656,382.489990234375,382.7099914550781,382.7099914550781,4832
2026-08-14 11:26:00,382.6099853515625,382.6199951171875,382.3299865722656,382.5249938964844,382.5249938964844,4392
2026-08-14 11:27:00,382.5199890136719,383.17999267578125,382.5150146484375,383.17999267578125,383.17999267578125,2350
2026-08-14 11:28:00,383.04998779296875,383.6700134277344,383.04998779296875,383.5299987792969,383.5299987792969,1793
2026-08-14 11:29:00,383.625,384.0199890136719,383.625,383.760009765625,383.760009765625,4055
2026-08-14 11:30:00,384.0299987792969,384.0299987792969,383.3678894042969,383.57000732421875,383.57000732421875,3846
2026-08-14 11:31:00,383.4767150878906,383.54998779296875,383.20001220703125,383.32000732421875,383.32000732421875,2115
2026-08-14 11:32:00,383.489990234375,383.75,383.451904296875,383.7099914550781,383.7099914550781,1496
2026-08-14 11:33:00,383.7099914550781,384.08990478515625,383.5400085449219,384.08990478515625,384.08990478515625,2564
2026-08-14 11:34:00,383.6650085449219,383.7250061035156,383.489990234375,383.5400085449219,383.5400085449219,1831
2026-08-14 11:35:00,383.760009765625,383.864990234375,383.4599914550781,383.4599914550781,383.4599914550781,1690
2026-08-14 11:36:00,383.6300048828125,383.9200134277344,383.6000061035156,383.8299865722656,383.8299865722656,2063
2026-08-14 11:37:00,383.7099914550781,383.7099914550781,383.5199890136719,383.5899963378906,383.5899963378906,2631
2026-08-14 11:38:00,383.42999267578125,383.70001220703125,383.42999267578125,383.70001220703125,383.70001220703125,1296
2026-08-14 11:39:00,383.69500732421875,383.7349853515625,383.57000732421875,383.6099853515625,383.6099853515625,2100
2026-08-14 11:40:00,383.6000061035156,383.6000061035156,383.17999267578125,383.30999755859375,383.30999755859375,1589
2026-08-14 11:41:00,383.17999267578125,383.19500732421875,383.0,383.1499938964844,383.1499938964844,2047
2026-08-14 11:42:00,383.125,383.125,382.80999755859375,382.9599914550781,382.9599914550781,1790
2026-08-14 11:43:00,383.1099853515625,383.1300048828125,382.9700012207031,383.1099853515625,383.1099853515625,2693
2026-08-14 11:44:00,383.0199890136719,383.2749938964844,382.9599914550781,383.2749938964844,383.2749938964844,1516
2026-08-14 11:45:00,383.3500061035156,384.0400085449219,383.3500061035156,383.9100036621094,383.9100036621094,1947
2026-08-14 11:46:00,384.0,384.07501220703125,383.739990234375,383.7799987792969,383.7799987792969,9100
2026-08-14 11:47:00,383.5,383.5,383.31500244140625,383.31500244140625,383.31500244140625,644
2026-08-14 11:48:00,383.30999755859375,383.5050048828125,382.9100036621094,382.9100036621094,382.9100036621094,2690
2026-08-14 11:49:00,383.0249938964844,383.20001220703125,383.0249938964844,383.1650085449219,383.1650085449219,1066
2026-08-14 11:50:00,383.29998779296875,383.3699951171875,383.29998779296875,383.3599853515625,383.3599853515625,1040
2026-08-14 11:51:00,383.2099914550781,383.45001220703125,383.0799865722656,383.45001220703125,383.45001220703125,2949
2026-08-14 11:52:00,383.6199951171875,383.7799987792969,383.6199951171875,383.7799987792969,383.7799987792969,1034
2026-08-14 11:53:00,383.81500244140625,383.92498779296875,383.67999267578125,383.92498779296875,383.92498779296875,1535
2026-08-14 11:54:00,383.9800109863281,384.0350036621094,383.79998779296875,383.80999755859375,383.80999755859375,1740
2026-08-14 11:55:00,383.79998779296875,383.94000244140625,383.7900085449219,383.9100036621094,383.9100036621094,1819
2026-08-14 11:56:00,384.05999755859375,384.0799865722656,383.9700012207031,384.0150146484375,384.0150146484375,2428
2026-08-14 11:57:00,383.94000244140625,384.2650146484375,383.92999267578125,384.20001220703125,384.20001220703125,2034
2026-08-14 11:58:00,384.25250244140625,384.2749938964844,384.1300048828125,384.2749938964844,384.2749938964844,926
2026-08-14 11:59:00,384.2200012207031,384.3999938964844,384.0199890136719,384.0199890136719,384.0199890136719,3624
2026-08-14 12:00:00,384.1000061035156,384.5299987792969,384.1000061035156,384.42498779296875,384.42498779296875,2353
2026-08-14 12:01:00,384.42999267578125,384.67999267578125,384.4200134277344,384.4700012207031,384.4700012207031,5697
2026-08-14 12:02:00,384.4700012207031,384.4700012207031,384.30999755859375,384.3800048828125,384.3800048828125,2527
2026-08-14 12:03:00,384.2799987792969,384.3450012207031,384.2349853515625,384.3450012207031,384.3450012207031,2208
2026-08-14 12:04:00,384.3550109863281,384.6400146484375,384.3550109863281,384.5899963378906,384.5899963378906,1939
2026-08-14 12:05:00,384.5874938964844,384.5874938964844,384.4949951171875,384.4949951171875,384.4949951171875,1376
2026-08-14 12:06:00,384.57000732421875,384.6099853515625,384.3599853515625,384.44000244140625,384.44000244140625,3200
2026-08-14 12:07:00,384.5400085449219,384.5400085449219,384.5,384.5400085449219,384.5400085449219,1155
2026-08-14 12:08:00,384.5400085449219,384.82000732421875,384.4700012207031,384.4700012207031,384.4700012207031,5002
2026-08-14 12:09:00,384.55999755859375,384.6600036621094,384.3599853515625,384.4800109863281,384.4800109863281,2698
2026-08-14 12:10:00,384.4800109863281,384.4800109863281,384.2449951171875,384.42498779296875,384.42498779296875,2335
2026-08-14 12:11:00,384.4750061035156,384.4750061035156,384.20001220703125,384.20001220703125,384.20001220703125,1774
2026-08-14 12:12:00,384.3999938964844,384.44000244140625,384.239990234375,384.44000244140625,384.44000244140625,1313
2026-08-14 12:13:00,384.44000244140625,384.7099914550781,384.25,384.7099914550781,384.7099914550781,2685
2026-08-14 12:14:00,384.5899963378906,384.70001220703125,384.5899963378906,384.70001220703125,384.70001220703125,1151
2026-08-14 12:15:00,384.67999267578125,384.7799987792969,384.6499938964844,384.67498779296875,384.67498779296875,416
2026-08-14 12:16:00,384.5799865722656,384.82000732421875,384.5799865722656,384.81500244140625,384.81500244140625,2772
2026-08-14 12:17:00,384.8900146484375,384.92498779296875,384.5950012207031,384.5950012207031,384.5950012207031,6453
2026-08-14 12:18:00,384.54998779296875,384.55999755859375,384.4200134277344,384.42999267578125,384.42999267578125,3311
2026-08-14 12:19:00,384.5199890136719,384.55499267578125,384.4200134277344,384.46038818359375,384.46038818359375,1672
2026-08-14 12:20:00,384.54998779296875,384.5899963378906,384.375,384.5899963378906,384.5899963378906,2325
2026-08-14 12:21:00,384.489990234375,384.6099853515625,384.489990234375,384.6099853515625,384.6099853515625,1707
2026-08-14 12:22:00,384.5400085449219,384.5899963378906,384.4200134277344,384.4200134277344,384.4200134277344,2292
2026-08-14 12:23:00,384.45001220703125,384.510009765625,384.3399963378906,384.4049987792969,384.4049987792969,4465
2026-08-14 12:24:00,384.5400085449219,384.5400085449219,384.5400085449219,384.5400085449219,384.5400085449219,229
2026-08-14 12:25:00,384.5,384.55999755859375,384.49249267578125,384.55999755859375,384.55999755859375,1552
2026-08-14 12:26:00,384.6499938964844,384.9049987792969,384.5799865722656,384.7799987792969,384.7799987792969,3802
2026-08-14 12:27:00,384.69000244140625,384.8900146484375,384.6401062011719,384.6401062011719,384.6401062011719,3568
2026-08-14 12:28:00,384.7200012207031,384.79998779296875,384.5199890136719,384.6000061035156,384.6000061035156,2586
2026-08-14 12:29:00,384.5799865722656,384.6600036621094,384.57000732421875,384.5849914550781,384.5849914550781,1469
2026-08-14 12:30:00,384.5849914550781,384.5849914550781,384.44000244140625,384.489990234375,384.489990234375,2870
2026-08-14 12:31:00,384.489990234375,384.57000732421875,384.3399963378906,384.3900146484375,384.3900146484375,1147
2026-08-14 12:32:00,384.3699951171875,384.3999938964844,384.0350036621094,384.1499938964844,384.1499938964844,3941
2026-08-14 12:33:00,384.1000061035156,384.31500244140625,384.1000061035156,384.31500244140625,384.31500244140625,1322
2026-08-14 12:34:00,384.2200012207031,384.510009765625,384.2200012207031,384.4100036621094,384.4100036621094,1542
2026-08-14 12:35:00,384.3999938964844,384.510009765625,384.385009765625,384.5050048828125,384.5050048828125,1292
2026-08-14 12:36:00,384.69000244140625,384.7149963378906,384.6400146484375,384.7131042480469,384.7131042480469,964
2026-08-14 12:37:00,384.7900085449219,384.93499755859375,384.6700134277344,384.6700134277344,384.6700134277344,2268
2026-08-14 12:38:00,384.6400146484375,384.6400146484375,384.3550109863281,384.44500732421875,384.44500732421875,1655
2026-08-14 12:39:00,384.44500732421875,384.44500732421875,384.2716064453125,384.2716064453125,384.2716064453125,2275
2026-08-14 12:40:00,384.30999755859375,384.30999755859375,384.25,384.260009765625,384.260009765625,650
2026-08-14 12:41:00,384.3299865722656,384.3599853515625,384.17999267578125,384.29998779296875,384.29998779296875,4580
2026-08-14 12:42:00,384.4200134277344,384.4200134277344,384.3299865722656,384.3299865722656,384.3299865722656,748
2026-08-14 12:43:00,384.3299865722656,384.3299865722656,384.239990234375,384.239990234375,384.239990234375,1103
2026-08-14 12:44:00,384.32000732421875,384.32000732421875,384.06500244140625,384.06500244140625,384.06500244140625,3087
2026-08-14 12:45:00,384.1400146484375,384.32000732421875,384.1000061035156,384.32000732421875,384.32000732421875,1990
2026-08-14 12:46:00,384.30999755859375,384.30999755859375,384.2099914550781,384.2200012207031,384.2200012207031,1759
2026-08-14 12:47:00,384.30999755859375,384.3500061035156,384.2200012207031,384.2200012207031,384.2200012207031,870
2026-08-14 12:48:00,384.260009765625,384.4200134277344,384.260009765625,384.4200134277344,384.4200134277344,1123
2026-08-14 12:49:00,384.4200134277344,384.5799865722656,384.4200134277344,384.4599914550781,384.4599914550781,2475
2026-08-14 12:50:00,384.45001220703125,384.45001220703125,384.1300048828125,384.260009765625,384.260009765625,10046
2026-08-14 12:51:00,384.2300109863281,384.2349853515625,383.9599914550781,383.9700012207031,383.9700012207031,3883
2026-08-14 12:52:00,383.9200134277344,384.05999755859375,383.9200134277344,383.9599914550781,383.9599914550781,1708
2026-08-14 12:53:00,383.8599853515625,384.0050048828125,383.7099914550781,383.7099914550781,383.7099914550781,3439
2026-08-14 12:54:00,383.7200012207031,383.7250061035156,383.3399963378906,383.3399963378906,383.3399963378906,5020
2026-08-14 12:55:00,383.3399963378906,383.4599914550781,383.0,383.1499938964844,383.1499938964844,16915
2026-08-14 12:56:00,383.1499938964844,383.1499938964844,383.0,383.114990234375,383.114990234375,1214
2026-08-14 12:57:00,383.1199951171875,383.1199951171875,383.1099853515625,383.1099853515625,383.1099853515625,557
2026-08-14 12:58:00,382.9599914550781,383.0400085449219,382.8599853515625,382.9649963378906,382.9649963378906,3160
2026-08-14 12:59:00,382.9800109863281,382.9800109863281,382.70001220703125,382.70001220703125,382.70001220703125,3677
2026-08-14 13:00:00,382.79998779296875,382.8699035644531,382.7300109863281,382.8699035644531,382.8699035644531,1321
2026-08-14 13:01:00,382.7200012207031,382.7650146484375,382.5199890136719,382.635009765625,382.635009765625,2818
2026-08-14 13:02:00,382.6424865722656,382.9599914550781,382.3905029296875,382.82000732421875,382.82000732421875,12679
2026-08-14 13:03:00,382.8399963378906,382.8800048828125,382.760009765625,382.8800048828125,382.8800048828125,660
2026-08-14 13:04:00,382.8800048828125,382.885009765625,382.8800048828125,382.885009765625,382.885009765625,707
2026-08-14 13:05:00,382.885009765625,382.8900146484375,382.7300109863281,382.760009765625,382.760009765625,3938
2026-08-14 13:06:00,382.739990234375,382.9100036621094,382.6199951171875,382.7699890136719,382.7699890136719,8688
2026-08-14 13:07:00,382.8900146484375,383.375,382.8900146484375,383.36749267578125,383.36749267578125,15573
2026-08-14 13:08:00,383.2900085449219,383.6499938964844,383.2799987792969,383.6499938964844,383.6499938964844,21857
2026-08-14 13:09:00,383.67999267578125,383.75750732421875,383.6499938964844,383.7442932128906,383.7442932128906,1212
2026-08-14 13:10:00,383.6382141113281,383.79998779296875,383.6382141113281,383.79998779296875,383.79998779296875,2321
2026-08-14 13:11:00,383.80999755859375,383.82000732421875,383.7049865722656,383.7099914550781,383.7099914550781,2086
2026-08-14 13:12:00,383.6099853515625,383.6099853515625,383.2250061035156,383.2250061035156,383.2250061035156,3169
2026-08-14 13:13:00,383.3599853515625,383.4100036621094,383.2699890136719,383.31500244140625,383.31500244140625,1551
2026-08-14 13:14:00,383.31500244140625,383.31500244140625,383.1400146484375,383.30999755859375,383.30999755859375,1369
2026-08-14 13:15:00,383.30999755859375,383.4299011230469,383.20001220703125,383.30999755859375,383.30999755859375,1391
2026-08-14 13:16:00,383.30999755859375,383.30999755859375,382.9700012207031,382.989990234375,382.989990234375,4204
2026-08-14 13:17:00,382.9735107421875,383.19000244140625,382.9735107421875,383.19000244140625,383.19000244140625,468
2026-08-14 13:18:00,383.322509765625,383.42498779296875,383.32000732421875,383.32000732421875,383.32000732421875,1962
2026-08-14 13:19:00,383.1300048828125,383.2200012207031,383.1300048828125,383.2200012207031,383.2200012207031,1076
2026-08-14 13:20:00,382.9700012207031,383.04998779296875,382.9700012207031,383.0400085449219,383.0400085449219,1066
2026-08-14 13:21:00,383.0899963378906,383.0899963378906,383.0899963378906,383.0899963378906,383.0899963378906,335
2026-08-14 13:22:00,383.2300109863281,383.375,383.2300109863281,383.375,383.375,708
2026-08-14 13:23:00,383.375,383.375,383.17999267578125,383.239990234375,383.239990234375,1234
2026-08-14 13:24:00,383.1700134277344,383.2449951171875,382.8699951171875,382.8699951171875,382.8699951171875,2732
2026-08-14 13:25:00,382.7799987792969,382.7799987792969,382.69000244140625,382.75,382.75,1023
2026-08-14 13:26:00,382.8299865722656,383.0199890136719,382.8299865722656,383.0199890136719,383.0199890136719,1074
2026-08-14 13:27:00,383.0199890136719,383.0299987792969,382.69000244140625,383.0299987792969,383.0299987792969,2683
2026-08-14 13:28:00,383.0350036621094,383.0450134277344,382.8999938964844,382.8999938964844,382.8999938964844,854
2026-08-14 13:29:00,382.864990234375,382.95001220703125,382.75,382.7699890136719,382.7699890136719,2494
2026-08-14 13:30:00,382.8900146484375,382.9700012207031,382.8399963378906,382.9549865722656,382.9549865722656,957
2026-08-14 13:31:00,382.7699890136719,382.8399963378906,382.6650085449219,382.8399963378906,382.8399963378906,1572
2026-08-14 13:32:00,382.7699890136719,382.8800048828125,382.7384033203125,382.82000732421875,382.82000732421875,1102
2026-08-14 13:33:00,382.82000732421875,382.82000732421875,382.7543029785156,382.7543029785156,382.7543029785156,826
2026-08-14 13:34:00,382.92999267578125,382.9549865722656,382.8999938964844,382.8999938964844,382.8999938964844,1165
2026-08-14 13:35:00,382.8500061035156,383.06500244140625,382.7900085449219,383.06500244140625,383.06500244140625,2306
2026-08-14 13:36:00,383.035888671875,383.30499267578125,383.035888671875,383.1600036621094,383.1600036621094,1498
2026-08-14 13:37:00,383.17999267578125,383.17999267578125,382.8999938964844,382.8999938964844,382.8999938964844,2440
2026-08-14 13:38:00,382.94439697265625,382.9949951171875,382.8299865722656,382.8299865722656,382.8299865722656,1226
2026-08-14 13:39:00,382.8399963378906,383.0350036621094,382.8399963378906,383.0350036621094,383.0350036621094,1612
2026-08-14 13:40:00,383.0400085449219,383.2650146484375,383.0400085449219,383.0899963378906,383.0899963378906,3112
2026-08-14 13:41:00,383.0799865722656,383.0849914550781,383.0799865722656,383.0849914550781,383.0849914550781,404
2026-08-14 13:42:00,383.1199951171875,383.1199951171875,382.9200134277344,382.9200134277344,382.9200134277344,2638
2026-08-14 13:43:00,382.8999938964844,383.0050048828125,382.760009765625,382.9024963378906,382.9024963378906,2255
2026-08-14 13:44:00,382.9049987792969,382.9049987792969,382.7900085449219,382.8949890136719,382.8949890136719,1241
2026-08-14 13:45:00,382.989990234375,383.0,382.7699890136719,382.79998779296875,382.79998779296875,2106
2026-08-14 13:46:00,382.8699951171875,382.8699951171875,382.7799987792969,382.7799987792969,382.7799987792969,473
2026-08-14 13:47:00,382.8900146484375,382.8900146484375,382.69000244140625,382.82000732421875,382.82000732421875,1413
2026-08-14 13:48:00,382.82000732421875,382.82000732421875,382.80999755859375,382.81500244140625,382.81500244140625,943
2026-08-14 13:49:00,382.70001220703125,382.739990234375,382.6400146484375,382.6400146484375,382.6400146484375,1490
2026-08-14 13:50:00,382.6400146484375,382.67999267578125,382.42999267578125,382.5150146484375,382.5150146484375,1417
2026-08-14 13:51:00,382.5199890136719,382.6499938964844,382.510009765625,382.55499267578125,382.55499267578125,2332
2026-08-14 13:52:00,382.7200012207031,382.75,382.7200012207031,382.75,382.75,1201
2026-08-14 13:53:00,382.70001220703125,382.7900085449219,382.69000244140625,382.7900085449219,382.7900085449219,2064
2026-08-14 13:54:00,382.70001220703125,382.75,382.6600036621094,382.6600036621094,382.6600036621094,1667
2026-08-14 13:55:00,382.4949951171875,382.5,382.4100036621094,382.4100036621094,382.4100036621094,1377
2026-08-14 13:56:00,382.3699951171875,382.5899963378906,382.3699951171875,382.5899963378906,382.5899963378906,937
2026-08-14 13:57:00,382.5799865722656,382.635009765625,382.489990234375,382.489990234375,382.489990234375,2824
2026-08-14 13:58:00,382.57000732421875,382.57000732421875,382.4800109863281,382.4800109863281,382.4800109863281,1244
2026-08-14 13:59:00,382.5400085449219,382.57000732421875,382.5,382.5400085449219,382.5400085449219,2700
2026-08-14 14:00:00,382.5400085449219,382.6000061035156,382.4200134277344,382.4200134277344,382.4200134277344,4245
2026-08-14 14:01:00,382.4786071777344,382.5899963378906,382.3900146484375,382.3999938964844,382.3999938964844,2860
2026-08-14 14:02:00,382.3900146484375,382.8550109863281,382.25,382.760009765625,382.760009765625,3552
2026-08-14 14:03:00,382.79998779296875,382.92498779296875,382.739990234375,382.7699890136719,382.7699890136719,3787
2026-08-14 14:04:00,382.80499267578125,382.9049987792969,382.7699890136719,382.8800048828125,382.8800048828125,3238
2026-08-14 14:05:00,382.8800048828125,382.9049987792969,382.69000244140625,382.7300109863281,382.7300109863281,2827
2026-08-14 14:06:00,382.7699890136719,382.82000732421875,382.7300109863281,382.739990234375,382.739990234375,1695
2026-08-14 14:07:00,382.79998779296875,382.8500061035156,382.75,382.8500061035156,382.8500061035156,1639
2026-08-14 14:08:00,382.8500061035156,382.885009765625,382.7200012207031,382.8800048828125,382.8800048828125,1862
2026-08-14 14:09:00,383.0,383.1099853515625,382.9800109863281,383.0899963378906,383.0899963378906,2742
2026-08-14 14:10:00,383.1700134277344,383.42999267578125,383.1099853515625,383.2149963378906,383.2149963378906,2851
2026-08-14 14:11:00,383.1300048828125,383.1400146484375,383.05999755859375,383.0899963378906,383.0899963378906,1575
2026-08-14 14:12:00,383.0799865722656,383.31500244140625,383.0799865722656,383.31500244140625,383.31500244140625,2119
2026-08-14 14:13:00,383.385009765625,383.385009765625,383.2799987792969,383.32501220703125,383.32501220703125,1525
2026-08-14 14:14:00,383.3599853515625,383.45001220703125,383.239990234375,383.239990234375,383.239990234375,1680
2026-08-14 14:15:00,383.2900085449219,383.3900146484375,383.2799987792969,383.385009765625,383.385009765625,1206
2026-08-14 14:16:00,383.3800048828125,383.5299987792969,383.2900085449219,383.5299987792969,383.5299987792969,3842
2026-08-14 14:17:00,383.56500244140625,384.0,383.5474853515625,383.94000244140625,383.94000244140625,13480
2026-08-14 14:18:00,383.9200134277344,384.0899963378906,383.8999938964844,384.05999755859375,384.05999755859375,5468
2026-08-14 14:19:00,384.04998779296875,384.2349853515625,383.8399963378906,383.8399963378906,383.8399963378906,10147
2026-08-14 14:20:00,383.6400146484375,383.69500732421875,383.3299865722656,383.3299865722656,383.3299865722656,3695
2026-08-14 14:21:00,383.4599914550781,383.4599914550781,383.3999938964844,383.3999938964844,383.3999938964844,378
2026-08-14 14:22:00,383.3999938964844,383.4700012207031,383.3500061035156,383.3500061035156,383.3500061035156,1485
2026-08-14 14:23:00,383.3800048828125,383.6300048828125,383.3800048828125,383.6300048828125,383.6300048828125,3649
2026-08-14 14:24:00,383.6199951171875,383.6199951171875,383.44000244140625,383.45001220703125,383.45001220703125,2026
2026-08-14 14:25:00,383.5199890136719,383.5199890136719,383.5199890136719,383.5199890136719,383.5199890136719,644
2026-08-14 14:26:00,383.6300048828125,383.7250061035156,383.6300048828125,383.7099914550781,383.7099914550781,1465
2026-08-14 14:27:00,383.7099914550781,383.7799987792969,383.6702880859375,383.7099914550781,383.7099914550781,688
2026-08-14 14:28:00,383.7699890136719,383.7799987792969,383.6199951171875,383.7799987792969,383.7799987792969,4439
2026-08-14 14:29:00,383.7749938964844,383.8299865722656,383.70001220703125,383.7190856933594,383.7190856933594,1618
2026-08-14 14:30:00,383.67999267578125,383.739990234375,383.5199890136719,383.6549987792969,383.6549987792969,12117
2026-08-14 14:31:00,383.67498779296875,383.67498779296875,383.54998779296875,383.54998779296875,383.54998779296875,2396
2026-08-14 14:32:00,383.3800048828125,383.47900390625,383.29998779296875,383.3407897949219,383.3407897949219,1960
2026-08-14 14:33:00,383.3337097167969,383.6199951171875,383.3337097167969,383.6199951171875,383.6199951171875,1360
2026-08-14 14:34:00,383.6199951171875,383.81500244140625,383.6199951171875,383.81500244140625,383.81500244140625,1427
2026-08-14 14:35:00,383.8999938964844,383.92498779296875,383.80499267578125,383.80499267578125,383.80499267578125,1867
2026-08-14 14:36:00,383.7774963378906,383.94000244140625,383.7774963378906,383.7900085449219,383.7900085449219,3010
2026-08-14 14:37:00,383.81500244140625,383.81500244140625,383.6300048828125,383.6300048828125,383.6300048828125,2474
2026-08-14 14:38:00,383.7250061035156,383.8299865722656,383.7250061035156,383.7974853515625,383.7974853515625,1072
2026-08-14 14:39:00,383.8599853515625,383.8599853515625,383.7300109863281,383.7300109863281,383.7300109863281,452
2026-08-14 14:40:00,383.7200012207031,384.0400085449219,383.7099914550781,383.9800109863281,383.9800109863281,1829
2026-08-14 14:41:00,383.9750061035156,384.31500244140625,383.95001220703125,384.31500244140625,384.31500244140625,3519
2026-08-14 14:42:00,384.20001220703125,384.2300109863281,384.0799865722656,384.0799865722656,384.0799865722656,2810
2026-08-14 14:43:00,384.1400146484375,384.1400146484375,383.80999755859375,383.80999755859375,383.80999755859375,2447
2026-08-14 14:44:00,383.92498779296875,383.92999267578125,383.92498779296875,383.92999267578125,383.92999267578125,346
2026-08-14 14:45:00,383.9150085449219,383.9800109863281,383.7349853515625,383.7699890136719,383.7699890136719,2166
2026-08-14 14:46:00,383.69000244140625,383.69000244140625,383.6449890136719,383.6449890136719,383.6449890136719,1712
2026-08-14 14:47:00,383.5950012207031,383.67999267578125,383.4200134277344,383.5150146484375,383.5150146484375,12885
2026-08-14 14:48:00,383.5950012207031,383.6000061035156,383.55999755859375,383.55999755859375,383.55999755859375,2222
2026-08-14 14:49:00,383.6000061035156,383.8074951171875,383.6000061035156,383.7850036621094,383.7850036621094,7785
2026-08-14 14:50:00,383.7799987792969,384.0299987792969,383.7799987792969,383.9800109863281,383.9800109863281,4836
2026-08-14 14:51:00,384.0199890136719,384.0799865722656,383.92999267578125,384.0,384.0,9946
2026-08-14 14:52:00,384.0199890136719,384.1499938964844,383.8299865722656,383.8299865722656,383.8299865722656,3282
2026-08-14 14:53:00,383.739990234375,383.739990234375,383.6400146484375,383.68499755859375,383.68499755859375,3284
2026-08-14 14:54:00,383.68499755859375,383.68499755859375,383.57501220703125,383.57501220703125,383.57501220703125,2432
2026-08-14 14:55:00,383.54998779296875,383.54998779296875,383.489990234375,383.4949951171875,383.4949951171875,1268
2026-08-14 14:56:00,383.489990234375,383.5899963378906,383.3900146484375,383.489990234375,383.489990234375,2510
2026-08-14 14:57:00,383.489990234375,383.5899963378906,383.489990234375,383.57501220703125,383.57501220703125,3613
2026-08-14 14:58:00,383.6300048828125,383.6700134277344,383.5249938964844,383.5249938964844,383.5249938964844,3179
2026-08-14 14:59:00,383.4750061035156,383.4750061035156,383.3900146484375,383.42999267578125,383.42999267578125,2900
2026-08-14 15:00:00,383.4800109863281,383.8699951171875,383.4800109863281,383.67999267578125,383.67999267578125,9530
2026-08-14 15:01:00,383.7200012207031,383.7200012207031,383.5799865722656,383.69500732421875,383.69500732421875,3040
2026-08-14 15:02:00,383.70001220703125,383.70001220703125,383.6000061035156,383.6000061035156,383.6000061035156,703
2026-08-14 15:03:00,383.6000061035156,383.9100036621094,383.6000061035156,383.9100036621094,383.9100036621094,3852
2026-08-14 15:04:00,383.9100036621094,384.0,383.7900085449219,383.95001220703125,383.95001220703125,2310
2026-08-14 15:05:00,384.0150146484375,384.1700134277344,383.9599914550781,384.1700134277344,384.1700134277344,2768
2026-08-14 15:06:00,384.1650085449219,384.385009765625,384.1099853515625,384.1099853515625,384.1099853515625,3854
2026-08-14 15:07:00,384.1099853515625,384.1099853515625,384.04998779296875,384.04998779296875,384.04998779296875,380
2026-08-14 15:08:00,384.1099853515625,384.4100036621094,384.0299987792969,384.32501220703125,384.32501220703125,3106
2026-08-14 15:09:00,384.3999938964844,384.80999755859375,384.3900146484375,384.7300109863281,384.7300109863281,2374
2026-08-14 15:10:00,384.6979064941406,384.8299865722656,384.6400146484375,384.6600036621094,384.6600036621094,6830
2026-08-14 15:11:00,384.81988525390625,384.81988525390625,384.5199890136719,384.625,384.625,1874
2026-08-14 15:12:00,384.75,384.7699890136719,384.7349853515625,384.7349853515625,384.7349853515625,1626
2026-08-14 15:13:00,384.57000732421875,384.69000244140625,384.510009765625,384.69000244140625,384.69000244140625,2271
2026-08-14 15:14:00,384.739990234375,384.8399963378906,384.6700134277344,384.7850036621094,384.7850036621094,2603
2026-08-14 15:15:00,384.8500061035156,384.8699951171875,384.7300109863281,384.8299865722656,384.8299865722656,3033
2026-08-14 15:16:00,384.8399963378906,384.8399963378906,384.79998779296875,384.80499267578125,384.80499267578125,1499
2026-08-14 15:17:00,384.80499267578125,384.8299865722656,384.7049865722656,384.8299865722656,384.8299865722656,2524
2026-08-14 15:18:00,384.8699951171875,385.19000244140625,384.80999755859375,385.1300048828125,385.1300048828125,4733
2026-08-14 15:19:00,385.04998779296875,385.04998779296875,384.9750061035156,385.0249938964844,385.0249938964844,1549
2026-08-14 15:20:00,385.0050048828125,385.0249938964844,384.9949951171875,385.0199890136719,385.0199890136719,1572
2026-08-14 15:21:00,384.94000244140625,384.94000244140625,384.7749938964844,384.8399963378906,384.8399963378906,1825
2026-08-14 15:22:00,384.8900146484375,385.2200012207031,384.8900146484375,385.2099914550781,385.2099914550781,3683
2026-08-14 15:23:00,385.1549987792969,385.5,385.1250915527344,385.5,385.5,5807
2026-08-14 15:24:00,385.45001220703125,385.4599914550781,385.2799987792969,385.4599914550781,385.4599914550781,3646
2026-08-14 15:25:00,385.45001220703125,385.8699035644531,385.45001220703125,385.6499938964844,385.6499938964844,2591
2026-08-14 15:26:00,385.7099914550781,385.9999084472656,385.7099914550781,385.9999084472656,385.9999084472656,3045
2026-08-14 15:27:00,385.8999938964844,386.0899963378906,385.7699890136719,385.7699890136719,385.7699890136719,6045
2026-08-14 15:28:00,385.7749938964844,386.20001220703125,385.7300109863281,386.0799865722656,386.0799865722656,3830
2026-08-14 15:29:00,386.2300109863281,386.32000732421875,385.7550048828125,385.8999938964844,385.8999938964844,4737
2026-08-14 15:30:00,385.8800048828125,386.2300109863281,385.7900085449219,385.8699951171875,385.8699951171875,6116
2026-08-14 15:31:00,385.75,385.8900146484375,385.43011474609375,385.6499938964844,385.6499938964844,5966
2026-08-14 15:32:00,385.7799987792969,385.7799987792969,385.54010009765625,385.6449890136719,385.6449890136719,3098
2026-08-14 15:33:00,385.7799987792969,386.0899963378906,385.760009765625,385.82000732421875,385.82000732421875,5034
2026-08-14 15:34:00,385.864990234375,385.9849853515625,385.7900085449219,385.8599853515625,385.8599853515625,2526
2026-08-14 15:35:00,385.75,385.8699951171875,385.5350036621094,385.7900085449219,385.7900085449219,8555
2026-08-14 15:36:00,385.80999755859375,385.94000244140625,385.7799987792969,385.7799987792969,385.7799987792969,2305
2026-08-14 15:37:00,385.885009765625,386.05999755859375,385.875,386.010009765625,386.010009765625,3948
2026-08-14 15:38:00,385.9599914550781,386.29998779296875,385.8800048828125,386.29998779296875,386.29998779296875,5066
2026-08-14 15:39:00,386.3900146484375,386.68499755859375,386.3009948730469,386.3009948730469,386.3009948730469,4978
2026-08-14 15:40:00,386.489990234375,386.7799987792969,386.489990234375,386.6400146484375,386.6400146484375,9240
2026-08-14 15:41:00,386.6000061035156,386.760009765625,386.4100036621094,386.760009765625,386.760009765625,5143
2026-08-14 15:42:00,386.79998779296875,386.8800048828125,386.67999267578125,386.8800048828125,386.8800048828125,2580
2026-08-14 15:43:00,386.9200134277344,387.0400085449219,386.79998779296875,387.0400085449219,387.0400085449219,6274
2026-08-14 15:44:00,387.07000732421875,387.1003112792969,386.6199951171875,386.7300109863281,386.7300109863281,6722
2026-08-14 15:45:00,386.69500732421875,386.82501220703125,386.2900085449219,386.7300109863281,386.7300109863281,8682
2026-08-14 15:46:00,386.7550048828125,387.0899963378906,386.7550048828125,386.8699951171875,386.8699951171875,6504
2026-08-14 15:47:00,386.9100036621094,387.0249938964844,386.79998779296875,386.8699951171875,386.8699951171875,7350
2026-08-14 15:48:00,386.8974914550781,387.07000732421875,386.8900146484375,387.0150146484375,387.0150146484375,9416
2026-08-14 15:49:00,386.8900146484375,387.25,386.8900146484375,387.05999755859375,387.05999755859375,4120
2026-08-14 15:50:00,386.9800109863281,387.510009765625,386.9599914550781,387.2550048828125,387.2550048828125,8430
2026-08-14 15:51:00,387.20001220703125,387.3399963378906,387.19000244140625,387.25,387.25,5573
2026-08-14 15:52:00,387.239990234375,387.3699951171875,387.0150146484375,387.1199951171875,387.1199951171875,15444
2026-08-14 15:53:00,387.1700134277344,387.4100036621094,386.8699951171875,387.2300109863281,387.2300109863281,15105
2026-08-14 15:54:00,387.2300109863281,387.56500244140625,386.9800109863281,387.4599914550781,387.4599914550781,25664
2026-08-14 15:55:00,387.6700134277344,388.19000244140625,387.6400146484375,387.7900085449219,387.7900085449219,26573
2026-08-14 15:56:00,387.80999755859375,388.2900085449219,387.7699890136719,388.1499938964844,388.1499938964844,17933
2026-08-14 15:57:00,388.19000244140625,388.5299987792969,388.1449890136719,388.489990234375,388.489990234375,38254
2026-08-14 15:58:00,388.510009765625,388.7699890136719,388.5,388.7699890136719,388.7699890136719,47729
2026-08-14 15:59:00,388.760009765625,389.45001220703125,388.760009765625,389.3900146484375,389.3900146484375,86908
2026-08-14 16:00:00,389.39,389.39,389.39,389.39,389.39,0
2026-08-14 16:03:00,389.3776,389.39,389.3776,389.39,389.39,0
2026-08-14 16:04:00,389.39,390.0,389.39,389.39,389.39,0
2026-08-14 16:05:00,389.61,389.61,389.61,389.61,389.61,0
2026-08-14 16:06:00,389.5125,389.5125,389.5125,389.5125,389.5125,0
2026-08-14 16:07:00,389.39,389.9,389.39,389.9,389.9,0
2026-08-14 16:09:00,389.49,389.58,389.46,389.58,389.58,0
2026-08-14 16:10:00,389.39,389.39,389.39,389.39,389.39,0
2026-08-14 16:14:00,389.4,389.4,389.4,389.4,389.4,0
2026-08-14 16:15:00,389.39,389.39,389.39,389.39,389.39,0
2026-08-14 16:19:00,389.39,389.39,389.39,389.39,389.39,0
2026-08-14 16:20:00,389.39,389.39,389.39,389.39,389.39,0
2026-08-14 16:22:00,389.4,389.9,389.4,389.9,389.9,0
2026-08-14 16:27:00,389.907,389.907,389.907,389.907,389.907,0
2026-08-14 16:34:00,389.907,389.907,389.907,389.907,389.907,0
2026-08-14 16:40:00,389.74,389.74,389.74,389.74,389.74,0
2026-08-14 16:42:00,389.4,389.4,389.3,389.3,389.3,0
2026-08-14 17:06:00,388.8,388.8,388.8,388.8,388.8,0
2026-08-14 17:08:00,388.8,388.8,388.8,388.8,388.8,0
2026-08-14 17:10:00,388.8,388.8,388.8,388.8,388.8,0
2026-08-14 17:11:00,388.5,388.8,388.5,388.8,388.8,0
2026-08-14 17:12:00,388.9,388.9,388.9,388.9,388.9,0
2026-08-14 17:13:00,388.9,388.9,388.9,388.9,388.9,0
2026-08-14 17:15:00,389.39,389.39,389.3,389.3,389.3,0
2026-08-14 17:17:00,387.52,387.52,387.52,387.52,387.52,0
2026-08-14 17:24:00,388.5,388.5,388.5,388.5,388.5,0
2026-08-14 17:25:00,388.5,388.5,388.5,388.5,388.5,0
2026-08-14 17:27:00,388.5,388.5,388.5,388.5,388.5,0
2026-08-14 17:28:00,388.5,388.5,388.5,388.5,388.5,0
2026-08-14 17:53:00,388.6,388.6,388.6,388.6,388.6,0
2026-08-14 18:05:00,387.52,387.52,387.52,387.52,387.52,0
2026-08-14 18:08:00,389.31,389.31,389.31,389.31,389.31,0
2026-08-14 18:09:00,389.3,389.3,389.3,389.3,389.3,0
2026-08-14 18:14:00,389.2,389.2,389.2,389.2,389.2,0
2026-08-14 18:16:00,389.29,389.29,389.29,389.29,389.29,0
2026-08-14 18:23:00,388.6,388.6,388.6,388.6,388.6,0
2026-08-14 18:26:00,389.2,389.2,389.2,389.2,389.2,0
2026-08-14 18:29:00,389.4,389.4,389.4,389.4,389.4,0
2026-08-14 18:38:00,389.35,389.38,389.35,389.38,389.38,0
2026-08-14 18:45:00,389.3,389.3,389.3,389.3,389.3,0
2026-08-14 18:48:00,389.19,389.19,389.19,389.19,389.19,0
2026-08-14 18:59:00,390.0,390.0,390.0,390.0,390.0,0
2026-08-14 19:21:00,389.0,389.0,389.0,389.0,389.0,0
2026-08-14 19:26:00,389.91,389.91,389.91,389.91,389.91,0
2026-08-14 19:29:00,389.9,389.9,389.9,389.9,389.9,0
2026-08-14 19:30:00,389.7924,389.7924,389.7924,389.7924,389.7924,0
2026-08-14 19:34:00,389.4,389.4,389.4,389.4,389.4,0
2026-08-14 19:47:00,389.8665,389.8665,389.8665,389.8665,389.8665,0
2026-08-14 19:51:00,389.2,389.2,389.2,389.2,389.2,0
2026-08-14 19:54:00,389.0,389.0,389.0,389.0,389.0,0
2026-08-14 19:55:00,390.0,390.0,390.0,390.0,390.0,0
2026-08-14 19:58:00,389.2,389.2,389.2,389.2,389.2,0
