Datetime,Open,High,Low,Close,Adj Close,Volume
2026-08-10 04:01:00,97.46,97.46,97.46,97.46,97.46,0
2026-08-10 04:02:00,97.46,97.46,97.46,97.46,97.46,0
2026-08-10 04:05:00,97.46,97.46,97.46,97.46,97.46,0
2026-08-10 04:16:00,98.0,98.0,97.45,97.45,97.45,0
2026-08-10 04:20:00,97.45,97.45,97.45,97.45,97.45,0
2026-08-10 04:31:00,97.48,97.48,97.48,97.48,97.48,0
2026-08-10 04:35:00,97.48,97.48,97.48,97.48,97.48,0
2026-08-10 04:50:00,97.48,97.48,97.48,97.48,97.48,0
2026-08-10 05:05:00,97.48,97.48,97.48,97.48,97.48,0
2026-08-10 05:08:00,97.55,97.55,97.55,97.55,97.55,0
2026-08-10 05:14:00,97.55,97.55,97.55,97.55,97.55,0
2026-08-10 05:18:00,97.55,97.55,97.55,97.55,97.55,0
2026-08-10 05:20:00,97.55,97.55,97.55,97.55,97.55,0
2026-08-10 05:30:00,97.48,97.48,97.48,97.48,97.48,0
2026-08-10 05:35:00,97.48,97.48,97.48,97.48,97.48,0
2026-08-10 05:50:00,97.48,97.48,97.48,97.48,97.48,0
2026-08-10 06:00:00,97.78,97.78,97.78,97.78,97.78,0
2026-08-10 06:05:00,97.78,97.78,97.78,97.78,97.78,0
2026-08-10 06:20:00,97.78,97.78,97.78,97.78,97.78,0
2026-08-10 06:31:00,97.78,97.78,97.78,97.78,97.78,0
2026-08-10 06:37:00,97.78,97.78,97.78,97.78,97.78,0
2026-08-10 07:00:00,97.78,97.78,97.5,97.5,97.5,0
2026-08-10 07:05:00,97.79,97.79,97.79,97.79,97.79,0
2026-08-10 07:06:00,97.79,97.79,97.79,97.79,97.79,0
2026-08-10 07:07:00,97.79,97.79,97.79,97.79,97.79,0
2026-08-10 07:08:00,97.78,97.78,97.78,97.78,97.78,0
2026-08-10 07:10:00,97.48,97.48,97.48,97.48,97.48,0
2026-08-10 07:13:00,97.48,97.48,97.48,97.48,97.48,0
2026-08-10 07:23:00,97.5,97.5,97.5,97.5,97.5,0
2026-08-10 07:31:00,97.51,97.51,97.44,97.44,97.44,0
2026-08-10 07:35:00,97.44,97.44,97.44,97.44,97.44,0
2026-08-10 07:48:00,97.46,97.46,97.46,97.46,97.46,0
2026-08-10 08:03:00,97.46,97.46,97.46,97.46,97.46,0
2026-08-10 08:08:00,97.48,97.48,97.48,97.48,97.48,0
2026-08-10 08:15:00,97.48,97.48,97.48,97.48,97.48,0
2026-08-10 08:31:00,97.48,97.48,97.48,97.48,97.48,0
2026-08-10 08:42:00,97.8,97.8,97.8,97.8,97.8,0
2026-08-10 08:43:00,97.8,97.8,97.8,97.8,97.8,0
2026-08-10 08:47:00,97.8545,97.91,97.64,97.91,97.91,0
2026-08-10 08:48:00,97.73,97.73,97.73,97.73,97.73,0
2026-08-10 08:49:00,97.47,97.47,97.47,97.47,97.47,0
2026-08-10 09:03:00,97.47,97.47,97.47,97.47,97.47,0
2026-08-10 09:07:00,97.86,98.0,97.86,97.96,97.96,0
2026-08-10 09:30:00,98.18000030517578,98.18000030517578,96.43000030517578,96.91999816894533,96.91999816894533,29876
2026-08-10 09:31:00,97.0,97.13999938964844,96.8499984741211,97.13999938964844,97.13999938964844,9012
2026-08-10 09:32:00,97.16999816894533,97.23799896240234,97.06999969482422,97.12999725341795,97.12999725341795,5741
2026-08-10 09:33:00,97.06999969482422,97.06999969482422,96.97000122070312,97.0,97.0,2540
2026-08-10 09:34:00,97.04000091552734,97.1240005493164,97.0,97.04000091552734,97.04000091552734,3791
2026-08-10 09:35:00,97.0500030517578,97.1500015258789,96.98999786376952,97.0189971923828,97.0189971923828,2140
2026-08-10 09:36:00,97.0199966430664,97.04000091552734,96.93499755859376,96.93499755859376,96.93499755859376,3224
2026-08-10 09:37:00,96.94249725341795,96.9749984741211,96.8499984741211,96.8499984741211,96.8499984741211,6696
2026-08-10 09:38:00,96.80999755859376,96.93000030517578,96.79000091552734,96.86499786376952,96.86499786376952,9250
2026-08-10 09:39:00,96.82360076904295,96.94000244140624,96.79000091552734,96.79499816894533,96.79499816894533,3509
2026-08-10 09:40:00,96.78500366210938,96.91000366210938,96.66999816894533,96.66999816894533,96.66999816894533,4246
2026-08-10 09:41:00,96.66999816894533,96.66999816894533,96.48999786376952,96.50409698486328,96.50409698486328,7672
2026-08-10 09:42:00,96.5199966430664,96.5749969482422,96.16999816894533,96.23500061035156,96.23500061035156,8359
2026-08-10 09:43:00,96.1999969482422,96.1999969482422,95.91999816894533,95.93000030517578,95.93000030517578,18128
2026-08-10 09:44:00,95.88999938964844,95.9250030517578,95.63999938964844,95.70999908447266,95.70999908447266,7212
2026-08-10 09:45:00,95.62999725341795,95.7249984741211,95.5,95.5199966430664,95.5199966430664,7414
2026-08-10 09:46:00,95.6050033569336,95.6050033569336,95.5199966430664,95.56999969482422,95.56999969482422,4687
2026-08-10 09:47:00,95.5500030517578,95.62999725341795,95.43000030517578,95.5,95.5,10639
2026-08-10 09:48:00,95.56999969482422,95.8000030517578,95.51399993896484,95.6999969482422,95.6999969482422,18130
2026-08-10 09:49:00,95.5999984741211,95.81999969482422,95.36000061035156,95.76499938964844,95.76499938964844,16183
2026-08-10 09:50:00,95.76499938964844,95.9800033569336,95.76499938964844,95.7699966430664,95.7699966430664,7620
2026-08-10 09:51:00,95.7699966430664,95.81410217285156,95.76000213623048,95.77999877929688,95.77999877929688,2932
2026-08-10 09:52:00,95.81999969482422,96.02999877929688,95.81999969482422,95.9800033569336,95.9800033569336,6549
2026-08-10 09:53:00,95.98500061035156,96.05500030517578,95.98500061035156,96.01000213623048,96.01000213623048,2365
2026-08-10 09:54:00,96.01000213623048,96.06410217285156,95.9000015258789,96.05999755859376,96.05999755859376,7795
2026-08-10 09:55:00,95.9499969482422,96.11499786376952,95.83000183105467,96.0999984741211,96.0999984741211,6723
2026-08-10 09:56:00,96.09500122070312,96.11000061035156,96.05999755859376,96.06999969482422,96.06999969482422,1691
2026-08-10 09:57:00,96.05999755859376,96.05999755859376,95.84500122070312,95.86000061035156,95.86000061035156,5734
2026-08-10 09:58:00,95.91999816894533,95.91999816894533,95.6500015258789,95.6500015258789,95.6500015258789,18982
2026-08-10 09:59:00,95.58000183105467,95.61000061035156,95.47000122070312,95.5,95.5,15801
2026-08-10 10:00:00,95.51000213623048,95.54000091552734,95.37999725341795,95.37999725341795,95.37999725341795,9982
2026-08-10 10:01:00,95.38999938964844,95.4800033569336,95.36000061035156,95.37000274658205,95.37000274658205,7355
2026-08-10 10:02:00,95.38999938964844,95.4499969482422,95.38999938964844,95.43000030517578,95.43000030517578,4506
2026-08-10 10:03:00,95.4499969482422,95.4499969482422,95.37000274658205,95.37000274658205,95.37000274658205,4420
2026-08-10 10:04:00,95.33999633789062,95.4000015258789,95.2699966430664,95.28500366210938,95.28500366210938,10358
2026-08-10 10:05:00,95.3000030517578,95.3000030517578,95.02999877929688,95.12000274658205,95.12000274658205,10713
2026-08-10 10:06:00,95.13999938964844,95.23999786376952,95.12999725341795,95.13999938964844,95.13999938964844,5984
2026-08-10 10:07:00,95.13999938964844,95.23999786376952,95.11499786376952,95.2300033569336,95.2300033569336,7108
2026-08-10 10:08:00,95.20500183105467,95.26000213623048,95.18000030517578,95.22000122070312,95.22000122070312,5346
2026-08-10 10:09:00,95.23999786376952,95.3000030517578,95.20999908447266,95.20999908447266,95.20999908447266,4445
2026-08-10 10:10:00,95.19000244140624,95.23999786376952,95.12999725341795,95.16999816894533,95.16999816894533,11902
2026-08-10 10:11:00,95.16999816894533,95.3499984741211,95.16500091552734,95.25,95.25,6450
2026-08-10 10:12:00,95.25,95.33999633789062,95.25,95.33999633789062,95.33999633789062,2736
2026-08-10 10:13:00,95.33799743652344,95.37000274658205,95.24030303955078,95.37000274658205,95.37000274658205,6388
2026-08-10 10:15:00,95.41000366210938,95.53990173339844,95.4000015258789,95.53990173339844,95.53990173339844,17980
2026-08-10 10:16:00,95.4000015258789,95.4800033569336,95.33000183105467,95.4000015258789,95.4000015258789,4029
2026-08-10 10:17:00,95.41500091552734,95.43000030517578,95.41500091552734,95.43000030517578,95.43000030517578,1365
2026-08-10 10:18:00,95.4250030517578,95.83999633789062,95.36730194091795,95.63999938964844,95.63999938964844,17041
2026-08-10 10:19:00,95.70500183105467,95.79000091552734,95.63999938964844,95.79000091552734,95.79000091552734,6106
2026-08-10 10:20:00,95.73999786376952,95.73999786376952,95.66000366210938,95.66999816894533,95.66999816894533,1113
2026-08-10 10:21:00,95.70999908447266,95.72679901123048,95.66000366210938,95.66000366210938,95.66000366210938,2451
2026-08-10 10:22:00,95.6999969482422,95.6999969482422,95.58999633789062,95.63999938964844,95.63999938964844,4845
2026-08-10 10:23:00,95.68000030517578,95.7699966430664,95.62010192871094,95.7699966430664,95.7699966430664,3137
2026-08-10 10:24:00,95.86000061035156,95.91999816894533,95.83999633789062,95.8499984741211,95.8499984741211,9224
2026-08-10 10:25:00,95.87999725341795,95.89199829101562,95.81999969482422,95.81999969482422,95.81999969482422,2049
2026-08-10 10:26:00,95.7699966430664,95.7699966430664,95.74500274658205,95.74500274658205,95.74500274658205,885
2026-08-10 10:27:00,95.74500274658205,95.76000213623048,95.66999816894533,95.72000122070312,95.72000122070312,5329
2026-08-10 10:28:00,95.79000091552734,95.81999969482422,95.79000091552734,95.81999969482422,95.81999969482422,2151
2026-08-10 10:29:00,95.81999969482422,95.87000274658205,95.76499938964844,95.85009765625,95.85009765625,1882
2026-08-10 10:30:00,95.8499984741211,95.8949966430664,95.83999633789062,95.84500122070312,95.84500122070312,1710
2026-08-10 10:31:00,95.88739776611328,95.88739776611328,95.8000030517578,95.84500122070312,95.84500122070312,3163
2026-08-10 10:32:00,95.84500122070312,95.87999725341795,95.79000091552734,95.84500122070312,95.84500122070312,1370
2026-08-10 10:33:00,95.83999633789062,95.9000015258789,95.83999633789062,95.86000061035156,95.86000061035156,2443
2026-08-10 10:34:00,95.8000030517578,95.88999938964844,95.8000030517578,95.88999938964844,95.88999938964844,5029
2026-08-10 10:35:00,95.86499786376952,95.875,95.81999969482422,95.81999969482422,95.81999969482422,2375
2026-08-10 10:36:00,95.81999969482422,95.83000183105467,95.80999755859376,95.81999969482422,95.81999969482422,2741
2026-08-10 10:37:00,95.8000030517578,95.81999969482422,95.75,95.81999969482422,95.81999969482422,2170
2026-08-10 10:38:00,95.8499984741211,95.91000366210938,95.81999969482422,95.91000366210938,95.91000366210938,2710
2026-08-10 10:39:00,95.88999938964844,95.9499969482422,95.88999938964844,95.9250030517578,95.9250030517578,1920
2026-08-10 10:40:00,95.88999938964844,95.91000366210938,95.88999938964844,95.91000366210938,95.91000366210938,755
2026-08-10 10:41:00,95.93000030517578,95.93000030517578,95.88999938964844,95.9250030517578,95.9250030517578,1459
2026-08-10 10:42:00,95.9250030517578,95.9800033569336,95.8988037109375,95.8988037109375,95.8988037109375,3116
2026-08-10 10:43:00,95.91000366210938,96.01000213623048,95.91000366210938,96.01000213623048,96.01000213623048,1837
2026-08-10 10:44:00,96.0199966430664,96.0199966430664,96.0,96.0,96.0,1159
2026-08-10 10:45:00,95.9499969482422,96.05999755859376,95.9499969482422,96.05999755859376,96.05999755859376,4037
2026-08-10 10:46:00,96.0999984741211,96.1050033569336,96.0999984741211,96.1050033569336,96.1050033569336,2501
2026-08-10 10:47:00,96.19000244140624,96.19499969482422,96.18000030517578,96.18499755859376,96.18499755859376,3593
2026-08-10 10:48:00,96.16500091552734,96.1999969482422,96.16500091552734,96.1999969482422,96.1999969482422,637
2026-08-10 10:49:00,96.12999725341795,96.18000030517578,96.0199966430664,96.02999877929688,96.02999877929688,4465
2026-08-10 10:50:00,96.06500244140624,96.13999938964844,96.06500244140624,96.11499786376952,96.11499786376952,2505
2026-08-10 10:51:00,96.16999816894533,96.19000244140624,96.0500030517578,96.0500030517578,96.0500030517578,3589
2026-08-10 10:52:00,96.0199966430664,96.0250015258789,96.0199966430664,96.0250015258789,96.0250015258789,1337
2026-08-10 10:53:00,96.0,96.12000274658205,95.97000122070312,96.12000274658205,96.12000274658205,3296
2026-08-10 10:54:00,96.04000091552734,96.08000183105467,96.0199966430664,96.04280090332033,96.04280090332033,1469
2026-08-10 10:55:00,96.09249877929688,96.18000030517578,96.08999633789062,96.08999633789062,96.08999633789062,4228
2026-08-10 10:56:00,96.1999969482422,96.1999969482422,96.16000366210938,96.16500091552734,96.16500091552734,944
2026-08-10 10:57:00,96.1999969482422,96.23999786376952,96.1999969482422,96.23999786376952,96.23999786376952,2987
2026-08-10 10:58:00,96.19000244140624,96.1999969482422,96.13999938964844,96.18000030517578,96.18000030517578,2038
2026-08-10 10:59:00,96.16999816894533,96.1999969482422,96.08999633789062,96.08999633789062,96.08999633789062,1068
2026-08-10 11:00:00,96.15499877929688,96.19000244140624,96.1500015258789,96.15499877929688,96.15499877929688,4966
2026-08-10 11:01:00,96.12999725341795,96.12999725341795,96.12999725341795,96.12999725341795,96.12999725341795,308
2026-08-10 11:02:00,96.18499755859376,96.23999786376952,96.1500015258789,96.18000030517578,96.18000030517578,3286
2026-08-10 11:03:00,96.18000030517578,96.20999908447266,96.08999633789062,96.16999816894533,96.16999816894533,3519
2026-08-10 11:04:00,96.12000274658205,96.21499633789062,96.12000274658205,96.13999938964844,96.13999938964844,8874
2026-08-10 11:05:00,96.1449966430664,96.16000366210938,96.0500030517578,96.13500213623048,96.13500213623048,8459
2026-08-10 11:06:00,96.12999725341795,96.20999908447266,96.12000274658205,96.16999816894533,96.16999816894533,5183
2026-08-10 11:07:00,96.22000122070312,96.25,96.22000122070312,96.25,96.25,3524
2026-08-10 11:08:00,96.1999969482422,96.1999969482422,96.0999984741211,96.0999984741211,96.0999984741211,2500
2026-08-10 11:09:00,96.11499786376952,96.13999938964844,96.11499786376952,96.13999938964844,96.13999938964844,539
2026-08-10 11:10:00,96.13999938964844,96.18000030517578,96.11000061035156,96.13500213623048,96.13500213623048,2421
2026-08-10 11:11:00,96.22949981689452,96.22949981689452,96.1500015258789,96.1500015258789,96.1500015258789,835
2026-08-10 11:12:00,96.19499969482422,96.30899810791016,96.19000244140624,96.23500061035156,96.23500061035156,2122
2026-08-10 11:13:00,96.2490005493164,96.2490005493164,96.24500274658205,96.24500274658205,96.24500274658205,1005
2026-08-10 11:14:00,96.2300033569336,96.3000030517578,96.2300033569336,96.3000030517578,96.3000030517578,2382
2026-08-10 11:15:00,96.29000091552734,96.30999755859376,96.27999877929688,96.30999755859376,96.30999755859376,2545
2026-08-10 11:16:00,96.33000183105467,96.3949966430664,96.33000183105467,96.33000183105467,96.33000183105467,3070
2026-08-10 11:17:00,96.36000061035156,96.38999938964844,96.27999877929688,96.27999877929688,96.27999877929688,3597
2026-08-10 11:18:00,96.2300033569336,96.23500061035156,96.2300033569336,96.23500061035156,96.23500061035156,838
2026-08-10 11:19:00,96.25499725341795,96.25499725341795,96.2300033569336,96.2300033569336,96.2300033569336,808
2026-08-10 11:20:00,96.2750015258789,96.27999877929688,96.26000213623048,96.27999877929688,96.27999877929688,814
2026-08-10 11:21:00,96.29000091552734,96.29000091552734,96.26000213623048,96.2699966430664,96.2699966430664,4040
2026-08-10 11:22:00,96.30280303955078,96.33000183105467,96.23999786376952,96.23999786376952,96.23999786376952,6054
2026-08-10 11:23:00,96.2300033569336,96.2699966430664,96.2300033569336,96.23999786376952,96.23999786376952,2050
2026-08-10 11:24:00,96.29000091552734,96.29000091552734,96.29000091552734,96.29000091552734,96.29000091552734,693
2026-08-10 11:25:00,96.28500366210938,96.31900024414062,96.22000122070312,96.22000122070312,96.22000122070312,906
2026-08-10 11:26:00,96.27999877929688,96.27999877929688,96.23600006103516,96.27999877929688,96.27999877929688,2082
2026-08-10 11:27:00,96.27999877929688,96.33999633789062,96.27999877929688,96.31500244140624,96.31500244140624,2988
2026-08-10 11:28:00,96.31500244140624,96.37999725341795,96.27999877929688,96.37999725341795,96.37999725341795,3762
2026-08-10 11:29:00,96.37999725341795,96.41999816894533,96.37999725341795,96.41999816894533,96.41999816894533,1188
2026-08-10 11:30:00,96.44000244140624,96.4499969482422,96.38999938964844,96.40499877929688,96.40499877929688,9674
2026-08-10 11:31:00,96.40499877929688,96.40499877929688,96.3550033569336,96.37999725341795,96.37999725341795,1386
2026-08-10 11:32:00,96.2699966430664,96.4250030517578,96.2699966430664,96.4250030517578,96.4250030517578,2777
2026-08-10 11:33:00,96.41000366210938,96.41000366210938,96.37000274658205,96.37000274658205,96.37000274658205,1191
2026-08-10 11:34:00,96.37999725341795,96.37999725341795,96.30999755859376,96.36000061035156,96.36000061035156,5077
2026-08-10 11:35:00,96.3550033569336,96.3550033569336,96.3000030517578,96.30169677734376,96.30169677734376,1359
2026-08-10 11:36:00,96.37999725341795,96.3949966430664,96.29000091552734,96.3949966430664,96.3949966430664,3750
2026-08-10 11:37:00,96.41000366210938,96.41000366210938,96.38999938964844,96.4000015258789,96.4000015258789,2389
2026-08-10 11:38:00,96.37000274658205,96.37000274658205,96.36499786376952,96.36499786376952,96.36499786376952,1597
2026-08-10 11:39:00,96.36000061035156,96.38999938964844,96.31390380859376,96.38999938964844,96.38999938964844,2154
2026-08-10 11:40:00,96.33999633789062,96.33999633789062,96.33999633789062,96.33999633789062,96.33999633789062,675
2026-08-10 11:41:00,96.38999938964844,96.5500030517578,96.3550033569336,96.54000091552734,96.54000091552734,4150
2026-08-10 11:42:00,96.58499908447266,96.62000274658205,96.53500366210938,96.5999984741211,96.5999984741211,4879
2026-08-10 11:43:00,96.70999908447266,96.76499938964844,96.69000244140624,96.7300033569336,96.7300033569336,4231
2026-08-10 11:44:00,96.66999816894533,96.72000122070312,96.63999938964844,96.63999938964844,96.63999938964844,12766
2026-08-10 11:45:00,96.6999969482422,96.6999969482422,96.6999969482422,96.6999969482422,96.6999969482422,975
2026-08-10 11:46:00,96.6999969482422,96.6999969482422,96.66000366210938,96.69499969482422,96.69499969482422,1603
2026-08-10 11:47:00,96.7499008178711,96.86000061035156,96.69499969482422,96.86000061035156,96.86000061035156,9655
2026-08-10 11:48:00,96.74500274658205,96.74500274658205,96.74500274658205,96.74500274658205,96.74500274658205,794
2026-08-10 11:49:00,96.81999969482422,96.83000183105467,96.6500015258789,96.73999786376952,96.73999786376952,838
2026-08-10 11:50:00,96.73999786376952,96.91000366210938,96.73999786376952,96.875,96.875,3256
2026-08-10 11:51:00,96.875,96.93000030517578,96.875,96.91999816894533,96.91999816894533,2263
2026-08-10 11:52:00,96.91999816894533,96.91999816894533,96.83000183105467,96.8949966430664,96.8949966430664,2967
2026-08-10 11:54:00,96.93499755859376,96.97000122070312,96.9000015258789,96.90499877929688,96.90499877929688,1611
2026-08-10 11:55:00,96.9530029296875,96.9530029296875,96.78500366210938,96.78500366210938,96.78500366210938,7696
2026-08-10 11:56:00,96.78500366210938,96.78500366210938,96.69000244140624,96.69000244140624,96.69000244140624,846
2026-08-10 11:57:00,96.78500366210938,96.78500366210938,96.78500366210938,96.78500366210938,96.78500366210938,892
2026-08-10 11:58:00,96.78500366210938,96.78500366210938,96.70999908447266,96.70999908447266,96.70999908447266,908
2026-08-10 11:59:00,96.84500122070312,96.87999725341795,96.84500122070312,96.87999725341795,96.87999725341795,1679
2026-08-10 12:00:00,96.87999725341795,96.92510223388672,96.87999725341795,96.8949966430664,96.8949966430664,2866
2026-08-10 12:01:00,96.86000061035156,96.875,96.82740020751952,96.8499984741211,96.8499984741211,1872
2026-08-10 12:02:00,96.79560089111328,96.79560089111328,96.79560089111328,96.79560089111328,96.79560089111328,509
2026-08-10 12:03:00,96.83000183105467,96.96499633789062,96.81999969482422,96.9499969482422,96.9499969482422,3678
2026-08-10 12:04:00,96.87000274658205,96.87000274658205,96.87000274658205,96.87000274658205,96.87000274658205,290
2026-08-10 12:05:00,96.90499877929688,96.90499877929688,96.83999633789062,96.87999725341795,96.87999725341795,1636
2026-08-10 12:06:00,96.875,96.875,96.86000061035156,96.86000061035156,96.86000061035156,634
2026-08-10 12:07:00,96.86000061035156,96.87999725341795,96.86000061035156,96.87999725341795,96.87999725341795,1908
2026-08-10 12:08:00,96.875,96.875,96.875,96.875,96.875,348
2026-08-10 12:09:00,96.91999816894533,97.01000213623048,96.88999938964844,97.01000213623048,97.01000213623048,5395
2026-08-10 12:10:00,97.02999877929688,97.02999877929688,97.01000213623048,97.0250015258789,97.0250015258789,2160
2026-08-10 12:11:00,97.0250015258789,97.0250015258789,97.0250015258789,97.0250015258789,97.0250015258789,124
2026-08-10 12:12:00,97.0250015258789,97.03500366210938,96.91500091552734,96.91500091552734,96.91500091552734,5738
2026-08-10 12:13:00,96.91500091552734,96.91500091552734,96.86000061035156,96.86499786376952,96.86499786376952,2482
2026-08-10 12:14:00,96.87000274658205,96.87000274658205,96.7699966430664,96.79499816894533,96.79499816894533,3082
2026-08-10 12:15:00,96.73500061035156,96.81999969482422,96.73500061035156,96.79000091552734,96.79000091552734,2796
2026-08-10 12:16:00,96.76000213623048,96.79000091552734,96.76000213623048,96.79000091552734,96.79000091552734,963
2026-08-10 12:17:00,96.7750015258789,96.79499816894533,96.7699966430664,96.7699966430664,96.7699966430664,1367
2026-08-10 12:18:00,96.75,96.76000213623048,96.74500274658205,96.76000213623048,96.76000213623048,1229
2026-08-10 12:19:00,96.75,96.8000030517578,96.75,96.77999877929688,96.77999877929688,1522
2026-08-10 12:20:00,96.7750015258789,96.80999755859376,96.7750015258789,96.80999755859376,96.80999755859376,1989
2026-08-10 12:21:00,96.7699966430664,96.80999755859376,96.73999786376952,96.76000213623048,96.76000213623048,6074
2026-08-10 12:22:00,96.70999908447266,96.74500274658205,96.66999816894533,96.6999969482422,96.6999969482422,4762
2026-08-10 12:23:00,96.69499969482422,96.69499969482422,96.66999816894533,96.66999816894533,96.66999816894533,887
2026-08-10 12:24:00,96.69000244140624,96.72129821777344,96.68000030517578,96.68000030517578,96.68000030517578,1709
2026-08-10 12:25:00,96.68000030517578,96.70500183105467,96.68000030517578,96.6999969482422,96.6999969482422,3726
2026-08-10 12:26:00,96.66999816894533,96.70999908447266,96.66999816894533,96.70999908447266,96.70999908447266,1855
2026-08-10 12:27:00,96.68499755859376,96.68499755859376,96.68499755859376,96.68499755859376,96.68499755859376,816
2026-08-10 12:28:00,96.68499755859376,96.8000030517578,96.68499755859376,96.79000091552734,96.79000091552734,3881
2026-08-10 12:29:00,96.81999969482422,96.91999816894533,96.81999969482422,96.91999816894533,96.91999816894533,3628
2026-08-10 12:30:00,96.88999938964844,96.88999938964844,96.875,96.875,96.875,956
2026-08-10 12:31:00,96.875,96.875,96.81999969482422,96.87000274658205,96.87000274658205,3802
2026-08-10 12:32:00,96.86499786376952,96.86499786376952,96.58999633789062,96.80500030517578,96.80500030517578,13748
2026-08-10 12:33:00,96.7300033569336,96.80500030517578,96.7300033569336,96.80500030517578,96.80500030517578,597
2026-08-10 12:34:00,96.8249969482422,96.84500122070312,96.8249969482422,96.84500122070312,96.84500122070312,1528
2026-08-10 12:35:00,96.9000015258789,96.9000015258789,96.83999633789062,96.8499984741211,96.8499984741211,2543
2026-08-10 12:36:00,96.87999725341795,96.87999725341795,96.77999877929688,96.84500122070312,96.84500122070312,1440
2026-08-10 12:37:00,96.84500122070312,96.84500122070312,96.84500122070312,96.84500122070312,96.84500122070312,287
2026-08-10 12:38:00,96.80999755859376,96.81999969482422,96.79000091552734,96.81999969482422,96.81999969482422,1019
2026-08-10 12:39:00,96.80999755859376,96.80999755859376,96.80999755859376,96.80999755859376,96.80999755859376,1296
2026-08-10 12:40:00,96.87000274658205,96.9800033569336,96.87000274658205,96.93460083007812,96.93460083007812,3404
2026-08-10 12:41:00,96.9499969482422,96.9749984741211,96.91999816894533,96.93000030517578,96.93000030517578,2534
2026-08-10 12:42:00,96.91500091552734,96.91500091552734,96.8949966430664,96.8949966430664,96.8949966430664,554
2026-08-10 12:43:00,96.83999633789062,96.83999633789062,96.80999755859376,96.80999755859376,96.80999755859376,1531
2026-08-10 12:44:00,96.80500030517578,96.80500030517578,96.80500030517578,96.80500030517578,96.80500030517578,1639
2026-08-10 12:45:00,96.80500030517578,96.80500030517578,96.75,96.79750061035156,96.79750061035156,919
2026-08-10 12:46:00,96.75,96.85050201416016,96.75,96.8000030517578,96.8000030517578,2800
2026-08-10 12:47:00,96.8000030517578,96.8000030517578,96.78500366210938,96.78500366210938,96.78500366210938,648
2026-08-10 12:48:00,96.75,96.79000091552734,96.71749877929688,96.73500061035156,96.73500061035156,5641
2026-08-10 12:49:00,96.73999786376952,96.77999877929688,96.72879791259766,96.73999786376952,96.73999786376952,1304
2026-08-10 12:50:00,96.73999786376952,96.77999877929688,96.73500061035156,96.7699966430664,96.7699966430664,1702
2026-08-10 12:51:00,96.7300033569336,96.73500061035156,96.7300033569336,96.7300033569336,96.7300033569336,467
2026-08-10 12:52:00,96.7300033569336,96.73249816894533,96.7249984741211,96.7249984741211,96.7249984741211,1185
2026-08-10 12:53:00,96.7699966430664,96.8000030517578,96.7249984741211,96.79000091552734,96.79000091552734,9755
2026-08-10 12:54:00,96.79000091552734,96.87999725341795,96.79000091552734,96.86000061035156,96.86000061035156,4546
2026-08-10 12:55:00,96.87000274658205,96.91000366210938,96.8550033569336,96.8949966430664,96.8949966430664,1604
2026-08-10 12:56:00,96.91000366210938,96.91000366210938,96.8499984741211,96.87000274658205,96.87000274658205,1995
2026-08-10 12:57:00,96.86000061035156,96.87000274658205,96.81999969482422,96.86499786376952,96.86499786376952,3181
2026-08-10 12:58:00,96.86000061035156,96.86499786376952,96.80500030517578,96.86000061035156,96.86000061035156,3037
2026-08-10 12:59:00,96.86000061035156,96.9000015258789,96.86000061035156,96.9000015258789,96.9000015258789,2936
2026-08-10 13:00:00,96.86000061035156,96.86000061035156,96.83499908447266,96.83499908447266,96.83499908447266,848
2026-08-10 13:01:00,96.83999633789062,96.84500122070312,96.83999633789062,96.83999633789062,96.83999633789062,880
2026-08-10 13:02:00,96.9198989868164,96.91999816894533,96.87000274658205,96.87000274658205,96.87000274658205,2719
2026-08-10 13:03:00,96.84500122070312,96.87999725341795,96.8000030517578,96.87999725341795,96.87999725341795,2693
2026-08-10 13:04:00,96.86499786376952,96.91999816894533,96.86499786376952,96.91999816894533,96.91999816894533,1279
2026-08-10 13:05:00,96.86499786376952,96.86499786376952,96.86499786376952,96.86499786376952,96.86499786376952,1391
2026-08-10 13:06:00,96.84500122070312,96.84500122070312,96.8000030517578,96.84500122070312,96.84500122070312,1696
2026-08-10 13:07:00,96.8499984741211,96.9000015258789,96.8499984741211,96.9000015258789,96.9000015258789,872
2026-08-10 13:08:00,96.91000366210938,96.98999786376952,96.91000366210938,96.98999786376952,96.98999786376952,3388
2026-08-10 13:09:00,96.94499969482422,96.97000122070312,96.93499755859376,96.93499755859376,96.93499755859376,7120
2026-08-10 13:10:00,96.93499755859376,96.9800033569336,96.88999938964844,96.88999938964844,96.88999938964844,8642
2026-08-10 13:11:00,96.91000366210938,96.91000366210938,96.88500213623048,96.88500213623048,96.88500213623048,1420
2026-08-10 13:12:00,96.90499877929688,96.90499877929688,96.81999969482422,96.8499984741211,96.8499984741211,2927
2026-08-10 13:13:00,96.8499984741211,96.8499984741211,96.84500122070312,96.84500122070312,96.84500122070312,910
2026-08-10 13:14:00,96.84500122070312,96.88999938964844,96.83000183105467,96.84500122070312,96.84500122070312,1299
2026-08-10 13:15:00,96.84500122070312,96.88999938964844,96.83999633789062,96.8499984741211,96.8499984741211,2499
2026-08-10 13:16:00,96.8499984741211,96.8499984741211,96.8499984741211,96.8499984741211,96.8499984741211,893
2026-08-10 13:17:00,96.84500122070312,96.87310028076172,96.81999969482422,96.87310028076172,96.87310028076172,1465
2026-08-10 13:18:00,96.87999725341795,96.93000030517578,96.87999725341795,96.93000030517578,96.93000030517578,3333
2026-08-10 13:19:00,96.90499877929688,96.91000366210938,96.86000061035156,96.86000061035156,96.86000061035156,1544
2026-08-10 13:20:00,96.91000366210938,96.95999908447266,96.87059783935548,96.87059783935548,96.87059783935548,2485
2026-08-10 13:21:00,96.87000274658205,96.90499877929688,96.86000061035156,96.9000015258789,96.9000015258789,1291
2026-08-10 13:22:00,96.86000061035156,96.90499877929688,96.86000061035156,96.90499877929688,96.90499877929688,2955
2026-08-10 13:23:00,96.90499877929688,96.90499877929688,96.90499877929688,96.90499877929688,96.90499877929688,718
2026-08-10 13:24:00,96.9000015258789,96.94000244140624,96.9000015258789,96.94000244140624,96.94000244140624,1362
2026-08-10 13:25:00,96.91999816894533,96.91999816894533,96.91999816894533,96.91999816894533,96.91999816894533,967
2026-08-10 13:26:00,96.9000015258789,96.91000366210938,96.87999725341795,96.91000366210938,96.91000366210938,1697
2026-08-10 13:27:00,96.91000366210938,96.91010284423828,96.87999725341795,96.91010284423828,96.91010284423828,881
2026-08-10 13:28:00,96.91000366210938,96.91999816894533,96.86000061035156,96.91000366210938,96.91000366210938,3002
2026-08-10 13:29:00,96.875,96.93000030517578,96.875,96.93000030517578,96.93000030517578,2867
2026-08-10 13:30:00,96.91999816894533,96.97000122070312,96.91500091552734,96.97000122070312,96.97000122070312,2969
2026-08-10 13:31:00,96.9800033569336,96.9800033569336,96.9499969482422,96.9499969482422,96.9499969482422,1692
2026-08-10 13:32:00,96.94000244140624,96.95439910888672,96.93499755859376,96.93499755859376,96.93499755859376,1312
2026-08-10 13:33:00,96.97000122070312,96.9800033569336,96.95999908447266,96.9800033569336,96.9800033569336,2338
2026-08-10 13:34:00,96.94499969482422,96.94499969482422,96.91000366210938,96.91000366210938,96.91000366210938,1461
2026-08-10 13:35:00,96.88999938964844,96.93000030517578,96.86000061035156,96.93000030517578,96.93000030517578,1256
2026-08-10 13:36:00,96.88999938964844,97.01000213623048,96.8656005859375,96.91999816894533,96.91999816894533,12760
2026-08-10 13:37:00,96.86000061035156,96.9000015258789,96.81999969482422,96.81999969482422,96.81999969482422,4467
2026-08-10 13:38:00,96.79000091552734,96.8249969482422,96.79000091552734,96.8249969482422,96.8249969482422,1347
2026-08-10 13:39:00,96.87000274658205,96.87000274658205,96.81999969482422,96.81999969482422,96.81999969482422,885
2026-08-10 13:40:00,96.81999969482422,96.81999969482422,96.76000213623048,96.76000213623048,96.76000213623048,786
2026-08-10 13:41:00,96.7699966430664,96.80500030517578,96.7699966430664,96.7699966430664,96.7699966430664,821
2026-08-10 13:42:00,96.77999877929688,96.77999877929688,96.72000122070312,96.7750015258789,96.7750015258789,868
2026-08-10 13:43:00,96.7300033569336,96.7699966430664,96.7300033569336,96.7300033569336,96.7300033569336,1484
2026-08-10 13:44:00,96.73999786376952,96.75499725341795,96.7300033569336,96.7300033569336,96.7300033569336,1688
2026-08-10 13:45:00,96.76000213623048,96.76000213623048,96.72000122070312,96.72000122070312,96.72000122070312,1940
2026-08-10 13:46:00,96.76000213623048,96.7699966430664,96.6999969482422,96.7699966430664,96.7699966430664,1665
2026-08-10 13:47:00,96.79000091552734,96.81999969482422,96.78500366210938,96.81999969482422,96.81999969482422,1688
2026-08-10 13:48:00,96.81999969482422,96.8249969482422,96.81999969482422,96.8249969482422,96.8249969482422,1618
2026-08-10 13:49:00,96.80750274658205,96.8499984741211,96.80500030517578,96.8499984741211,96.8499984741211,979
2026-08-10 13:50:00,96.76000213623048,96.8499984741211,96.76000213623048,96.83999633789062,96.83999633789062,1778
2026-08-10 13:51:00,96.81999969482422,96.81999969482422,96.77999877929688,96.77999877929688,96.77999877929688,852
2026-08-10 13:52:00,96.81999969482422,96.86000061035156,96.77999877929688,96.81999969482422,96.81999969482422,1024
2026-08-10 13:53:00,96.81999969482422,96.81999969482422,96.80999755859376,96.81999969482422,96.81999969482422,2696
2026-08-10 13:54:00,96.84130096435548,96.84130096435548,96.77999877929688,96.80500030517578,96.80500030517578,1694
2026-08-10 13:55:00,96.80500030517578,96.80500030517578,96.79499816894533,96.79499816894533,96.79499816894533,1134
2026-08-10 13:56:00,96.80500030517578,96.80500030517578,96.76519775390624,96.8000030517578,96.8000030517578,954
2026-08-10 13:57:00,96.79000091552734,96.87999725341795,96.79000091552734,96.87999725341795,96.87999725341795,4831
2026-08-10 13:58:00,96.87000274658205,96.87000274658205,96.86000061035156,96.86000061035156,96.86000061035156,933
2026-08-10 13:59:00,96.9000015258789,96.9000015258789,96.84500122070312,96.84500122070312,96.84500122070312,2389
2026-08-10 14:00:00,96.8499984741211,96.9000015258789,96.8499984741211,96.88999938964844,96.88999938964844,1345
2026-08-10 14:01:00,96.91000366210938,96.97000122070312,96.91000366210938,96.91000366210938,96.91000366210938,5649
2026-08-10 14:02:00,96.91000366210938,96.9800033569336,96.91000366210938,96.9800033569336,96.9800033569336,1250
2026-08-10 14:03:00,96.9800033569336,97.01000213623048,96.97000122070312,96.98999786376952,96.98999786376952,1559
2026-08-10 14:04:00,96.93499755859376,96.94000244140624,96.88999938964844,96.91500091552734,96.91500091552734,1934
2026-08-10 14:05:00,96.91000366210938,96.91000366210938,96.91000366210938,96.91000366210938,96.91000366210938,281
2026-08-10 14:06:00,96.91000366210938,96.94000244140624,96.9000015258789,96.94000244140624,96.94000244140624,1792
2026-08-10 14:07:00,96.91000366210938,96.94000244140624,96.87000274658205,96.91480255126952,96.91480255126952,1494
2026-08-10 14:08:00,96.90499877929688,97.0,96.87000274658205,96.97000122070312,96.97000122070312,7691
2026-08-10 14:09:00,96.94499969482422,97.0500030517578,96.94499969482422,97.0500030517578,97.0500030517578,2266
2026-08-10 14:10:00,97.04499816894533,97.04499816894533,97.04499816894533,97.04499816894533,97.04499816894533,600
2026-08-10 14:11:00,97.03500366210938,97.12999725341795,97.0,97.12999725341795,97.12999725341795,5132
2026-08-10 14:12:00,97.13999938964844,97.16000366210938,97.0999984741211,97.13500213623048,97.13500213623048,1534
2026-08-10 14:13:00,97.0999984741211,97.11000061035156,97.05999755859376,97.05999755859376,97.05999755859376,2071
2026-08-10 14:14:00,97.02999877929688,97.06500244140624,97.0199966430664,97.0199966430664,97.0199966430664,1215
2026-08-10 14:15:00,97.0,97.00499725341795,96.9499969482422,97.0,97.0,1005
2026-08-10 14:16:00,97.0,97.0,96.9499969482422,96.96499633789062,96.96499633789062,1015
2026-08-10 14:17:00,96.96499633789062,97.0500030517578,96.96499633789062,97.01000213623048,97.01000213623048,3400
2026-08-10 14:18:00,96.9749984741211,97.0199966430664,96.9749984741211,97.0199966430664,97.0199966430664,2061
2026-08-10 14:19:00,96.9800033569336,97.0199966430664,96.9800033569336,96.9800033569336,96.9800033569336,1399
2026-08-10 14:21:00,96.9499969482422,97.01000213623048,96.9499969482422,96.97000122070312,96.97000122070312,5783
2026-08-10 14:22:00,97.0,97.0500030517578,96.9749984741211,96.9749984741211,96.9749984741211,3451
2026-08-10 14:23:00,96.9749984741211,96.9749984741211,96.9000015258789,96.91999816894533,96.91999816894533,6300
2026-08-10 14:24:00,96.93000030517578,96.95999908447266,96.93000030517578,96.93499755859376,96.93499755859376,2927
2026-08-10 14:25:00,96.87030029296876,96.96849822998048,96.87030029296876,96.9250030517578,96.9250030517578,2867
2026-08-10 14:26:00,96.91999816894533,96.91999816894533,96.91999816894533,96.91999816894533,96.91999816894533,380
2026-08-10 14:27:00,96.91999816894533,96.91999816894533,96.87000274658205,96.90499877929688,96.90499877929688,1458
2026-08-10 14:28:00,96.9000015258789,96.9000015258789,96.9000015258789,96.9000015258789,96.9000015258789,699
2026-08-10 14:29:00,96.9000015258789,96.9000015258789,96.86000061035156,96.86000061035156,96.86000061035156,1238
2026-08-10 14:30:00,96.86000061035156,96.94000244140624,96.86000061035156,96.90499877929688,96.90499877929688,3130
2026-08-10 14:31:00,96.90499877929688,96.90499877929688,96.90499877929688,96.90499877929688,96.90499877929688,1102
2026-08-10 14:32:00,96.90499877929688,96.90499877929688,96.90499877929688,96.90499877929688,96.90499877929688,1090
2026-08-10 14:33:00,96.93000030517578,96.97200012207033,96.93000030517578,96.97200012207033,96.97200012207033,4220
2026-08-10 14:34:00,96.9499969482422,97.08999633789062,96.9499969482422,97.08999633789062,97.08999633789062,6653
2026-08-10 14:35:00,97.09500122070312,97.12999725341795,97.0500030517578,97.11499786376952,97.11499786376952,4782
2026-08-10 14:36:00,97.13999938964844,97.13999938964844,97.12999725341795,97.12999725341795,97.12999725341795,1127
2026-08-10 14:37:00,97.125,97.125,97.125,97.125,97.125,1816
2026-08-10 14:38:00,97.12000274658205,97.12000274658205,97.09500122070312,97.11499786376952,97.11499786376952,2836
2026-08-10 14:39:00,97.06999969482422,97.08999633789062,97.06999969482422,97.0749969482422,97.0749969482422,1798
2026-08-10 14:40:00,97.04000091552734,97.04000091552734,97.02999877929688,97.03500366210938,97.03500366210938,2638
2026-08-10 14:41:00,97.03500366210938,97.03500366210938,97.01000213623048,97.01000213623048,97.01000213623048,1707
2026-08-10 14:42:00,97.00499725341795,97.00499725341795,97.00499725341795,97.00499725341795,97.00499725341795,1229
2026-08-10 14:43:00,97.0,97.0,96.9499969482422,96.9499969482422,96.9499969482422,1031
2026-08-10 14:44:00,96.99500274658205,97.05999755859376,96.99500274658205,97.05999755859376,97.05999755859376,7474
2026-08-10 14:45:00,97.01499938964844,97.01499938964844,96.95999908447266,97.01499938964844,97.01499938964844,1143
2026-08-10 14:46:00,97.01000213623048,97.01000213623048,97.0,97.0,97.0,1511
2026-08-10 14:47:00,96.99500274658205,97.02960205078124,96.9875030517578,97.02960205078124,97.02960205078124,1546
2026-08-10 14:48:00,96.9499969482422,96.98999786376952,96.9250030517578,96.9250030517578,96.9250030517578,3967
2026-08-10 14:49:00,96.98999786376952,97.02999877929688,96.98999786376952,97.01499938964844,97.01499938964844,2727
2026-08-10 14:50:00,97.05999755859376,97.06999969482422,96.9800033569336,96.9800033569336,96.9800033569336,4875
2026-08-10 14:51:00,97.02999877929688,97.06999969482422,97.02999877929688,97.02999877929688,97.02999877929688,3127
2026-08-10 14:52:00,97.02999877929688,97.02999877929688,97.02999877929688,97.02999877929688,97.02999877929688,638
2026-08-10 14:53:00,97.0199966430664,97.0199966430664,97.0199966430664,97.0199966430664,97.0199966430664,975
2026-08-10 14:54:00,97.0199966430664,97.0199966430664,97.0199966430664,97.0199966430664,97.0199966430664,3370
2026-08-10 14:55:00,97.0500030517578,97.0500030517578,97.02999877929688,97.04000091552734,97.04000091552734,2297
2026-08-10 14:56:00,97.04000091552734,97.05999755859376,97.02999877929688,97.05999755859376,97.05999755859376,2755
2026-08-10 14:57:00,97.04000091552734,97.06500244140624,97.04000091552734,97.0425033569336,97.0425033569336,1821
2026-08-10 14:58:00,97.05500030517578,97.05500030517578,97.05500030517578,97.05500030517578,97.05500030517578,865
2026-08-10 14:59:00,97.0250015258789,97.05999755859376,97.0199966430664,97.05999755859376,97.05999755859376,1757
2026-08-10 15:00:00,97.02999877929688,97.0500030517578,96.9800033569336,97.02999877929688,97.02999877929688,2728
2026-08-10 15:01:00,97.0199966430664,97.0199966430664,96.9800033569336,96.99500274658205,96.99500274658205,1585
2026-08-10 15:02:00,96.96499633789062,96.96499633789062,96.96499633789062,96.96499633789062,96.96499633789062,1136
2026-08-10 15:03:00,96.95500183105467,97.0199966430664,96.95500183105467,96.9800033569336,96.9800033569336,3973
2026-08-10 15:04:00,96.97000122070312,96.97000122070312,96.96499633789062,96.97000122070312,96.97000122070312,1142
2026-08-10 15:05:00,96.96499633789062,96.96499633789062,96.9000015258789,96.9000015258789,96.9000015258789,10971
2026-08-10 15:06:00,96.88999938964844,96.8949966430664,96.88999938964844,96.8949966430664,96.8949966430664,1692
2026-08-10 15:07:00,96.88500213623048,96.88999938964844,96.86499786376952,96.88999938964844,96.88999938964844,3485
2026-08-10 15:08:00,96.93000030517578,96.93000030517578,96.91000366210938,96.91000366210938,96.91000366210938,2089
2026-08-10 15:09:00,96.93000030517578,96.94000244140624,96.9000015258789,96.90499877929688,96.90499877929688,4472
2026-08-10 15:10:00,96.90499877929688,96.90499877929688,96.90499877929688,96.90499877929688,96.90499877929688,314
2026-08-10 15:11:00,96.86000061035156,96.91500091552734,96.8499984741211,96.86000061035156,96.86000061035156,4530
2026-08-10 15:12:00,96.86499786376952,96.86499786376952,96.8000030517578,96.83509826660156,96.83509826660156,3100
2026-08-10 15:13:00,96.79000091552734,96.83999633789062,96.77999877929688,96.80500030517578,96.80500030517578,10196
2026-08-10 15:14:00,96.81999969482422,96.88500213623048,96.81500244140624,96.88500213623048,96.88500213623048,4377
2026-08-10 15:15:00,96.91999816894533,96.9499969482422,96.91999816894533,96.9250030517578,96.9250030517578,5033
2026-08-10 15:16:00,96.91500091552734,96.91500091552734,96.91500091552734,96.91500091552734,96.91500091552734,840
2026-08-10 15:17:00,96.88999938964844,96.9000015258789,96.8499984741211,96.87000274658205,96.87000274658205,7638
2026-08-10 15:18:00,96.8949966430664,96.91999816894533,96.87000274658205,96.87000274658205,96.87000274658205,3836
2026-08-10 15:19:00,96.8000030517578,96.8550033569336,96.8000030517578,96.8550033569336,96.8550033569336,2193
2026-08-10 15:20:00,96.91000366210938,96.99009704589844,96.91000366210938,96.99009704589844,96.99009704589844,3518
2026-08-10 15:21:00,96.98999786376952,97.02189636230467,96.9800033569336,96.98999786376952,96.98999786376952,2610
2026-08-10 15:22:00,97.0,97.0,96.97000122070312,96.9800033569336,96.9800033569336,2863
2026-08-10 15:23:00,96.9800033569336,97.0500030517578,96.9800033569336,97.02999877929688,97.02999877929688,3267
2026-08-10 15:24:00,97.05999755859376,97.05999755859376,97.0199966430664,97.02999877929688,97.02999877929688,3257
2026-08-10 15:25:00,97.0,97.02999877929688,97.0,97.0,97.0,2548
2026-08-10 15:26:00,97.0,97.01000213623048,97.0,97.0,97.0,2177
2026-08-10 15:27:00,96.97000122070312,97.0500030517578,96.97000122070312,97.0250015258789,97.0250015258789,5029
2026-08-10 15:28:00,97.0500030517578,97.09500122070312,97.0500030517578,97.09500122070312,97.09500122070312,2861
2026-08-10 15:29:00,97.09500122070312,97.12000274658205,97.08000183105467,97.1050033569336,97.1050033569336,4303
2026-08-10 15:30:00,97.1050033569336,97.1050033569336,97.02999877929688,97.02999877929688,97.02999877929688,5098
2026-08-10 15:31:00,97.03500366210938,97.06999969482422,97.02999877929688,97.0500030517578,97.0500030517578,5902
2026-08-10 15:32:00,97.0500030517578,97.06999969482422,97.02999877929688,97.02999877929688,97.02999877929688,4476
2026-08-10 15:33:00,97.02999877929688,97.16999816894533,97.02999877929688,97.16500091552734,97.16500091552734,9737
2026-08-10 15:34:00,97.1500015258789,97.1500015258789,97.08000183105467,97.0999984741211,97.0999984741211,5183
2026-08-10 15:35:00,97.07250213623048,97.16000366210938,97.0199966430664,97.1500015258789,97.1500015258789,8777
2026-08-10 15:36:00,97.20999908447266,97.22000122070312,97.0999984741211,97.22000122070312,97.22000122070312,9204
2026-08-10 15:37:00,97.19000244140624,97.26000213623048,97.19000244140624,97.25,97.25,2856
2026-08-10 15:38:00,97.29000091552734,97.36000061035156,97.2699966430664,97.36000061035156,97.36000061035156,7197
2026-08-10 15:39:00,97.36000061035156,97.38999938964844,97.33000183105467,97.34719848632812,97.34719848632812,7098
2026-08-10 15:40:00,97.33000183105467,97.33000183105467,97.33000183105467,97.33000183105467,97.33000183105467,1063
2026-08-10 15:41:00,97.33000183105467,97.33000183105467,97.18099975585938,97.23999786376952,97.23999786376952,7282
2026-08-10 15:42:00,97.23999786376952,97.2699966430664,97.18000030517578,97.22000122070312,97.22000122070312,11197
2026-08-10 15:43:00,97.26000213623048,97.2699966430664,97.21499633789062,97.23999786376952,97.23999786376952,6909
2026-08-10 15:44:00,97.2300033569336,97.2300033569336,97.16999816894533,97.20999908447266,97.20999908447266,4175
2026-08-10 15:45:00,97.19499969482422,97.19499969482422,97.12000274658205,97.12000274658205,97.12000274658205,5115
2026-08-10 15:46:00,97.16000366210938,97.1750030517578,97.12999725341795,97.16000366210938,97.16000366210938,4369
2026-08-10 15:47:00,97.16000366210938,97.19000244140624,97.13999938964844,97.1675033569336,97.1675033569336,6782
2026-08-10 15:48:00,97.13999938964844,97.29000091552734,97.13999938964844,97.2699966430664,97.2699966430664,11978
2026-08-10 15:49:00,97.2699966430664,97.36000061035156,97.2699966430664,97.3000030517578,97.3000030517578,6770
2026-08-10 15:50:00,97.2750015258789,97.33000183105467,97.2699966430664,97.3249969482422,97.3249969482422,5435
2026-08-10 15:51:00,97.33999633789062,97.4000015258789,97.31999969482422,97.4000015258789,97.4000015258789,13649
2026-08-10 15:52:00,97.38999938964844,97.4000015258789,97.36000061035156,97.37000274658205,97.37000274658205,8935
2026-08-10 15:53:00,97.36000061035156,97.36499786376952,97.31500244140624,97.33999633789062,97.33999633789062,13443
2026-08-10 15:54:00,97.33499908447266,97.3499984741211,97.2874984741211,97.29000091552734,97.29000091552734,7983
2026-08-10 15:55:00,97.3000030517578,97.33000183105467,97.19000244140624,97.19499969482422,97.19499969482422,15277
2026-08-10 15:56:00,97.20500183105467,97.33499908447266,97.19499969482422,97.28500366210938,97.28500366210938,26523
2026-08-10 15:57:00,97.28500366210938,97.28500366210938,97.16000366210938,97.26000213623048,97.26000213623048,28234
2026-08-10 15:58:00,97.2699966430664,97.48999786376952,97.25499725341795,97.48500061035156,97.48500061035156,46318
2026-08-10 15:59:00,97.48999786376952,97.5199966430664,97.4000015258789,97.41999816894533,97.41999816894533,63401
2026-08-10 16:00:00,97.44,97.44,97.44,97.44,97.44,260861
2026-08-10 16:04:00,97.44,97.44,97.44,97.44,97.44,0
2026-08-10 16:05:00,97.44,97.44,97.44,97.44,97.44,0
2026-08-10 16:06:00,97.44,97.44,97.44,97.44,97.44,0
2026-08-10 16:10:00,97.44,97.44,97.44,97.44,97.44,0
2026-08-10 16:15:00,97.44,97.44,97.44,97.44,97.44,0
2026-08-10 16:18:00,97.1,97.1,97.1,97.1,97.1,0
2026-08-10 16:24:00,97.5,97.5,97.5,97.5,97.5,0
2026-08-10 16:44:00,97.89,97.89,97.89,97.89,97.89,0
2026-08-10 16:46:00,97.5,97.5,97.4,97.4,97.4,0
2026-08-10 16:51:00,97.9398,97.9398,97.9398,97.9398,97.9398,0
2026-08-10 16:57:00,97.89,97.89,97.89,97.89,97.89,0
2026-08-10 17:00:00,97.2395,97.2395,97.2395,97.2395,97.2395,0
2026-08-10 17:05:00,97.2395,97.2395,97.2395,97.2395,97.2395,0
2026-08-10 17:29:00,97.44,97.44,97.44,97.44,97.44,0
2026-08-10 17:35:00,97.1,97.1,97.1,97.1,97.1,0
2026-08-10 18:09:00,97.1,97.1,97.1,97.1,97.1,0
2026-08-10 18:21:00,98.0,98.0,97.55,97.55,97.55,0
2026-08-10 18:45:00,97.9372,97.9372,97.9372,97.9372,97.9372,0
2026-08-10 18:57:00,97.1649,97.1649,97.1649,97.1649,97.1649,0
2026-08-10 19:06:00,97.68,97.68,97.68,97.68,97.68,0
2026-08-10 19:15:00,97.68,97.68,97.68,97.68,97.68,0
2026-08-10 19:22:00,97.68,97.68,97.68,97.68,97.68,0
2026-08-10 19:26:00,97.42,97.42,97.42,97.42,97.42,0
2026-08-10 19:27:00,97.45,97.45,97.45,97.45,97.45,0
2026-08-10 19:34:00,97.68,97.68,97.68,97.68,97.68,0
2026-08-10 19:47:00,97.68,97.68,97.68,97.68,97.68,0
2026-08-11 04:00:00,97.2,97.8,97.19,97.19,97.19,0
2026-08-11 04:06:00,97.19,97.19,97.19,97.19,97.19,0
2026-08-11 04:16:00,97.19,97.19,97.19,97.19,97.19,0
2026-08-11 04:29:00,97.19,97.19,97.19,97.19,97.19,0
2026-08-11 04:43:00,97.19,97.19,97.19,97.19,97.19,0
2026-08-11 05:00:00,97.05,97.05,97.0,97.0,97.0,0
2026-08-11 05:01:00,96.98,96.98,96.7,96.84,96.84,0
2026-08-11 05:02:00,96.84,96.84,96.71,96.71,96.71,0
2026-08-11 05:03:00,96.3,96.3,96.12,96.12,96.12,0
2026-08-11 05:05:00,95.81,95.81,95.8,95.81,95.81,0
2026-08-11 05:11:00,95.78,95.8,95.78,95.8,95.8,0
2026-08-11 05:17:00,95.57,95.78,95.03,95.78,95.78,0
2026-08-11 05:20:00,95.26,95.26,95.26,95.26,95.26,0
2026-08-11 05:26:00,95.78,95.78,95.78,95.78,95.78,0
2026-08-11 05:28:00,96.3,96.3,96.3,96.3,96.3,0
2026-08-11 05:29:00,95.55,95.55,95.55,95.55,95.55,0
2026-08-11 05:33:00,95.55,95.55,95.55,95.55,95.55,0
2026-08-11 05:45:00,95.84,95.84,95.84,95.84,95.84,0
2026-08-11 05:46:00,95.84,95.84,95.84,95.84,95.84,0
2026-08-11 05:49:00,96.01,96.01,95.965,95.965,95.965,0
2026-08-11 05:50:00,95.85,95.9,95.85,95.9,95.9,0
2026-08-11 05:51:00,95.9,95.9,95.9,95.9,95.9,0
2026-08-11 05:56:00,95.84,95.84,95.8,95.8,95.8,0
2026-08-11 05:59:00,95.52,95.52,95.52,95.52,95.52,0
2026-08-11 06:01:00,95.79,95.79,95.79,95.79,95.79,0
2026-08-11 06:02:00,95.79,95.79,95.79,95.79,95.79,0
2026-08-11 06:04:00,95.74,95.74,95.74,95.74,95.74,0
2026-08-11 06:05:00,95.74,95.74,95.74,95.74,95.74,0
2026-08-11 06:10:00,95.79,95.8,95.79,95.8,95.8,0
2026-08-11 06:17:00,95.8,95.8,95.8,95.8,95.8,0
2026-08-11 06:18:00,96.0,96.0,96.0,96.0,96.0,0
2026-08-11 06:22:00,96.0,96.0,96.0,96.0,96.0,0
2026-08-11 06:23:00,95.94,95.94,95.94,95.94,95.94,0
2026-08-11 06:24:00,95.99,96.0,95.99,96.0,96.0,0
2026-08-11 06:25:00,95.6,95.6,95.6,95.6,95.6,0
2026-08-11 06:28:00,96.0,96.15,96.0,96.15,96.15,0
2026-08-11 06:29:00,96.6,96.64,95.75,95.75,95.75,0
2026-08-11 06:31:00,96.2,96.47,96.2,96.47,96.47,0
2026-08-11 06:36:00,96.63,96.87,96.48,96.48,96.48,0
2026-08-11 06:49:00,96.5,96.5,96.5,96.5,96.5,0
2026-08-11 07:00:00,96.49,96.49,96.49,96.49,96.49,0
2026-08-11 07:04:00,96.5,96.5,96.5,96.5,96.5,0
2026-08-11 07:05:00,96.01,96.01,96.01,96.01,96.01,0
2026-08-11 07:06:00,96.0,96.0,96.0,96.0,96.0,0
2026-08-11 07:07:00,96.49,96.49,95.8489,95.8489,95.8489,0
2026-08-11 07:11:00,96.49,96.49,96.49,96.49,96.49,0
2026-08-11 07:21:00,96.49,96.49,96.49,96.49,96.49,0
2026-08-11 07:28:00,96.44,96.45,96.44,96.45,96.45,0
2026-08-11 07:30:00,96.48,96.5,96.4,96.45,96.45,0
2026-08-11 07:35:00,96.44,96.44,96.44,96.44,96.44,0
2026-08-11 07:36:00,96.4,96.44,96.4,96.44,96.44,0
2026-08-11 07:38:00,96.44,96.44,96.36,96.3603,96.3603,0
2026-08-11 07:39:00,96.44,96.45,96.4,96.45,96.45,0
2026-08-11 07:40:00,96.4,96.4,96.4,96.4,96.4,0
2026-08-11 07:41:00,96.4,96.42,96.4,96.4,96.4,0
2026-08-11 07:42:00,96.44,96.44,96.44,96.44,96.44,0
2026-08-11 07:44:00,96.44,96.44,96.44,96.44,96.44,0
2026-08-11 07:45:00,96.07,96.21,96.07,96.21,96.21,0
2026-08-11 07:48:00,96.44,96.5,96.44,96.5,96.5,0
2026-08-11 07:49:00,96.5,96.5,96.5,96.5,96.5,0
2026-08-11 07:53:00,96.5,96.5,96.5,96.5,96.5,0
2026-08-11 07:54:00,96.42,96.5,96.42,96.45,96.45,0
2026-08-11 07:59:00,96.9775,96.9775,96.45,96.45,96.45,0
2026-08-11 08:07:00,96.25,96.25,96.1,96.2,96.2,0
2026-08-11 08:08:00,96.1,96.25,96.1,96.1,96.1,0
2026-08-11 08:09:00,96.25,96.4598,96.25,96.4598,96.4598,0
2026-08-11 08:12:00,96.4,96.4,96.4,96.4,96.4,0
2026-08-11 08:14:00,96.45,96.45,96.45,96.45,96.45,0
2026-08-11 08:17:00,96.44,96.44,96.44,96.44,96.44,0
2026-08-11 08:20:00,96.44,96.44,96.44,96.44,96.44,0
2026-08-11 08:23:00,96.4,96.4,96.4,96.4,96.4,0
2026-08-11 08:26:00,96.8,96.8,96.8,96.8,96.8,0
2026-08-11 08:27:00,96.8,96.8,96.8,96.8,96.8,0
2026-08-11 08:34:00,96.43,96.43,96.39,96.39,96.39,0
2026-08-11 08:35:00,96.39,96.39,96.39,96.39,96.39,0
2026-08-11 08:38:00,96.74,96.74,96.74,96.74,96.74,0
2026-08-11 08:40:00,96.5,96.61,96.4,96.6,96.6,0
2026-08-11 08:41:00,96.55,96.55,96.55,96.55,96.55,0
2026-08-11 08:45:00,96.75,96.75,96.75,96.75,96.75,0
2026-08-11 08:46:00,96.75,96.75,96.75,96.75,96.75,0
2026-08-11 08:56:00,96.7,96.75,96.69,96.75,96.75,0
2026-08-11 08:57:00,96.5,96.6,96.5,96.6,96.6,0
2026-08-11 08:59:00,96.5,96.5,96.5,96.5,96.5,0
2026-08-11 09:00:00,96.5,96.5,96.5,96.5,96.5,0
2026-08-11 09:01:00,96.5,96.5,96.5,96.5,96.5,0
2026-08-11 09:02:00,96.5,96.5,96.5,96.5,96.5,0
2026-08-11 09:03:00,96.21,96.21,96.21,96.21,96.21,0
2026-08-11 09:10:00,96.4,96.4,96.4,96.4,96.4,0
2026-08-11 09:12:00,96.4,96.4,95.95,95.95,95.95,0
2026-08-11 09:14:00,95.8001,95.81,95.8001,95.81,95.81,0
2026-08-11 09:30:00,95.0,95.75499725341795,94.63999938964844,94.94499969482422,94.94499969482422,92366
2026-08-11 09:31:00,94.94499969482422,94.94499969482422,93.62000274658205,93.9000015258789,93.9000015258789,49068
2026-08-11 09:32:00,94.0,94.31999969482422,93.29000091552734,93.29000091552734,93.29000091552734,24861
2026-08-11 09:33:00,93.55999755859376,93.88990020751952,93.5199966430664,93.61000061035156,93.61000061035156,5486
2026-08-11 09:34:00,93.74500274658205,94.2300033569336,93.5999984741211,94.0250015258789,94.0250015258789,26388
2026-08-11 09:35:00,94.01000213623048,94.38500213623048,93.8000030517578,94.2249984741211,94.2249984741211,11155
2026-08-11 09:36:00,94.44000244140624,94.44000244140624,93.80999755859376,93.9749984741211,93.9749984741211,15035
2026-08-11 09:37:00,93.91000366210938,94.0,93.4000015258789,93.9499969482422,93.9499969482422,17516
2026-08-11 09:38:00,93.80010223388672,94.08999633789062,93.8000030517578,93.8000030517578,93.8000030517578,2296
2026-08-11 09:39:00,93.78500366210938,94.05999755859376,93.5999984741211,94.0250015258789,94.0250015258789,5831
2026-08-11 09:40:00,94.0199966430664,94.36000061035156,93.95999908447266,94.11000061035156,94.11000061035156,13036
2026-08-11 09:41:00,94.11000061035156,94.44000244140624,93.9800033569336,94.31999969482422,94.31999969482422,26801
2026-08-11 09:42:00,94.29000091552734,94.43000030517578,94.13999938964844,94.16000366210938,94.16000366210938,9494
2026-08-11 09:43:00,94.19000244140624,94.1999969482422,93.6500015258789,93.94000244140624,93.94000244140624,14430
2026-08-11 09:44:00,93.94000244140624,93.94000244140624,93.66000366210938,93.71499633789062,93.71499633789062,7386
2026-08-11 09:45:00,93.70999908447266,93.81999969482422,93.62000274658205,93.81990051269533,93.81990051269533,5081
2026-08-11 09:46:00,93.73500061035156,93.93000030517578,93.66999816894533,93.83499908447266,93.83499908447266,5614
2026-08-11 09:47:00,93.88999938964844,94.0,93.87999725341795,93.98500061035156,93.98500061035156,8332
2026-08-11 09:48:00,93.98500061035156,94.0,93.77999877929688,93.80999755859376,93.80999755859376,8648
2026-08-11 09:49:00,93.86499786376952,93.91000366210938,93.73999786376952,93.76499938964844,93.76499938964844,12739
2026-08-11 09:50:00,93.7750015258789,93.9000015258789,93.6500015258789,93.9000015258789,93.9000015258789,8014
2026-08-11 09:51:00,93.87000274658205,94.1500015258789,93.87000274658205,94.0199966430664,94.0199966430664,4590
2026-08-11 09:52:00,94.0199966430664,94.22000122070312,94.0199966430664,94.15499877929688,94.15499877929688,36361
2026-08-11 09:53:00,94.18000030517578,94.46900177001952,94.18000030517578,94.4000015258789,94.4000015258789,7761
2026-08-11 09:54:00,94.48999786376952,94.52999877929688,94.37999725341795,94.45999908447266,94.45999908447266,4118
2026-08-11 09:55:00,94.50499725341795,94.61000061035156,94.28459930419922,94.36499786376952,94.36499786376952,20059
2026-08-11 09:56:00,94.47000122070312,94.5999984741211,94.44000244140624,94.58499908447266,94.58499908447266,5716
2026-08-11 09:57:00,94.5749969482422,94.7699966430664,94.52999877929688,94.62999725341795,94.62999725341795,8724
2026-08-11 09:58:00,94.7300033569336,94.8499984741211,94.69039916992188,94.74500274658205,94.74500274658205,3480
2026-08-11 09:59:00,94.75499725341795,94.75499725341795,94.44000244140624,94.49749755859376,94.49749755859376,7583
2026-08-11 10:00:00,94.5,94.62000274658205,94.3499984741211,94.4749984741211,94.4749984741211,12569
2026-08-11 10:01:00,94.33499908447266,94.47000122070312,94.33000183105467,94.41500091552734,94.41500091552734,4823
2026-08-11 10:02:00,94.375,94.52999877929688,94.375,94.52999877929688,94.52999877929688,2155
2026-08-11 10:03:00,94.45999908447266,94.54499816894533,94.45999908447266,94.54499816894533,94.54499816894533,2593
2026-08-11 10:04:00,94.4800033569336,94.54000091552734,94.37999725341795,94.4375,94.4375,8332
2026-08-11 10:05:00,94.46499633789062,94.63999938964844,94.41999816894533,94.61000061035156,94.61000061035156,68574
2026-08-11 10:06:00,94.5999984741211,94.73999786376952,94.5999984741211,94.66000366210938,94.66000366210938,12274
2026-08-11 10:07:00,94.6999969482422,94.77999877929688,94.3499984741211,94.36499786376952,94.36499786376952,4465
2026-08-11 10:08:00,94.3499984741211,94.50509643554688,94.3499984741211,94.4800033569336,94.4800033569336,4295
2026-08-11 10:09:00,94.48999786376952,94.48999786376952,94.4000015258789,94.4000015258789,94.4000015258789,1824
2026-08-11 10:10:00,94.37999725341795,94.40499877929688,94.16000366210938,94.16000366210938,94.16000366210938,8412
2026-08-11 10:11:00,94.1750030517578,94.27999877929688,94.1178970336914,94.1178970336914,94.1178970336914,5770
2026-08-11 10:12:00,94.20500183105467,94.40499877929688,94.20500183105467,94.3550033569336,94.3550033569336,6356
2026-08-11 10:13:00,94.29000091552734,94.36289978027344,94.29000091552734,94.33499908447266,94.33499908447266,2643
2026-08-11 10:14:00,94.27999877929688,94.55999755859376,94.2385025024414,94.48999786376952,94.48999786376952,5261
2026-08-11 10:15:00,94.53500366210938,94.69000244140624,94.48999786376952,94.58999633789062,94.58999633789062,6738
2026-08-11 10:16:00,94.4800033569336,94.52999877929688,94.4800033569336,94.51000213623048,94.51000213623048,1347
2026-08-11 10:17:00,94.49500274658205,94.51000213623048,94.22000122070312,94.22000122070312,94.22000122070312,9459
2026-08-11 10:18:00,94.22000122070312,94.37960052490234,94.0500030517578,94.37000274658205,94.37000274658205,16908
2026-08-11 10:19:00,94.38500213623048,94.38999938964844,94.27999877929688,94.36000061035156,94.36000061035156,2945
2026-08-11 10:20:00,94.27999877929688,94.36000061035156,94.20999908447266,94.22000122070312,94.22000122070312,3982
2026-08-11 10:21:00,94.30249786376952,94.30249786376952,94.26000213623048,94.2874984741211,94.2874984741211,1229
2026-08-11 10:22:00,94.29499816894533,94.33000183105467,94.1999969482422,94.20999908447266,94.20999908447266,5923
2026-08-11 10:23:00,94.27999877929688,94.41000366210938,94.27999877929688,94.4000015258789,94.4000015258789,4491
2026-08-11 10:24:00,94.41000366210938,94.72000122070312,94.41000366210938,94.52999877929688,94.52999877929688,9104
2026-08-11 10:25:00,94.57219696044922,94.57219696044922,94.56999969482422,94.56999969482422,94.56999969482422,2811
2026-08-11 10:26:00,94.61000061035156,94.7300033569336,94.5999984741211,94.7300033569336,94.7300033569336,5151
2026-08-11 10:27:00,94.5999984741211,94.6500015258789,94.58000183105467,94.58999633789062,94.58999633789062,3593
2026-08-11 10:28:00,94.61000061035156,94.75,94.54000091552734,94.75,94.75,6093
2026-08-11 10:29:00,94.80999755859376,94.9000015258789,94.7300033569336,94.9000015258789,94.9000015258789,2257
2026-08-11 10:30:00,94.81999969482422,94.81999969482422,94.55999755859376,94.58999633789062,94.58999633789062,13974
2026-08-11 10:31:00,94.69000244140624,94.72000122070312,94.5999984741211,94.72000122070312,94.72000122070312,5726
2026-08-11 10:32:00,94.71499633789062,94.71499633789062,94.63999938964844,94.6999969482422,94.6999969482422,1749
2026-08-11 10:33:00,94.58999633789062,94.7300033569336,94.58999633789062,94.6750030517578,94.6750030517578,2570
2026-08-11 10:34:00,94.7300033569336,94.80999755859376,94.61000061035156,94.80999755859376,94.80999755859376,2156
2026-08-11 10:35:00,94.73500061035156,94.81999969482422,94.69000244140624,94.80999755859376,94.80999755859376,3406
2026-08-11 10:36:00,94.75499725341795,94.75499725341795,94.66000366210938,94.70999908447266,94.70999908447266,3954
2026-08-11 10:37:00,94.70999908447266,94.80500030517578,94.70999908447266,94.76000213623048,94.76000213623048,2637
2026-08-11 10:38:00,94.75,94.81500244140624,94.70999908447266,94.70999908447266,94.70999908447266,4909
2026-08-11 10:39:00,94.73500061035156,94.83000183105467,94.7300033569336,94.83000183105467,94.83000183105467,996
2026-08-11 10:40:00,94.79499816894533,94.8311996459961,94.7300033569336,94.73999786376952,94.73999786376952,1342
2026-08-11 10:41:00,94.7300033569336,94.79499816894533,94.62999725341795,94.62999725341795,94.62999725341795,4779
2026-08-11 10:42:00,94.62999725341795,94.63999938964844,94.62999725341795,94.63999938964844,94.63999938964844,922
2026-08-11 10:43:00,94.6750030517578,94.7300033569336,94.63999938964844,94.6500015258789,94.6500015258789,4751
2026-08-11 10:44:00,94.62999725341795,94.62999725341795,94.5,94.5,94.5,3347
2026-08-11 10:45:00,94.5,94.6500015258789,94.5,94.6500015258789,94.6500015258789,5830
2026-08-11 10:46:00,94.68000030517578,94.7699966430664,94.6500015258789,94.7699966430664,94.7699966430664,4548
2026-08-11 10:47:00,94.70500183105467,94.7699966430664,94.68499755859376,94.70999908447266,94.70999908447266,2147
2026-08-11 10:48:00,94.76000213623048,94.77999877929688,94.68000030517578,94.77999877929688,94.77999877929688,1483
2026-08-11 10:49:00,94.77999877929688,94.77999877929688,94.66000366210938,94.77999877929688,94.77999877929688,1647
2026-08-11 10:50:00,94.7300033569336,94.77999877929688,94.62000274658205,94.6449966430664,94.6449966430664,12412
2026-08-11 10:51:00,94.6500015258789,94.66500091552734,94.61000061035156,94.61000061035156,94.61000061035156,2168
2026-08-11 10:52:00,94.6750030517578,94.76000213623048,94.6750030517578,94.6999969482422,94.6999969482422,2591
2026-08-11 10:53:00,94.6999969482422,94.70500183105467,94.61000061035156,94.61000061035156,94.61000061035156,3336
2026-08-11 10:54:00,94.62999725341795,94.68000030517578,94.58999633789062,94.68000030517578,94.68000030517578,1745
2026-08-11 10:55:00,94.58000183105467,94.58000183105467,94.44000244140624,94.44000244140624,94.44000244140624,4171
2026-08-11 10:56:00,94.41999816894533,94.4499969482422,94.1999969482422,94.26499938964844,94.26499938964844,7526
2026-08-11 10:57:00,94.22000122070312,94.27999877929688,94.20999908447266,94.2300033569336,94.2300033569336,2598
2026-08-11 10:58:00,94.26000213623048,94.3000030517578,94.25,94.25,94.25,2546
2026-08-11 10:59:00,94.29499816894533,94.29499816894533,94.29499816894533,94.29499816894533,94.29499816894533,3567
2026-08-11 11:00:00,94.33999633789062,94.44000244140624,94.3000030517578,94.37069702148438,94.37069702148438,2558
2026-08-11 11:01:00,94.4800033569336,94.62000274658205,94.30999755859376,94.62000274658205,94.62000274658205,5171
2026-08-11 11:02:00,94.51000213623048,94.5250015258789,94.47000122070312,94.47000122070312,94.47000122070312,4793
2026-08-11 11:03:00,94.47000122070312,94.4749984741211,94.3499984741211,94.37999725341795,94.37999725341795,5520
2026-08-11 11:04:00,94.3949966430664,94.3949966430664,94.3000030517578,94.3000030517578,94.3000030517578,4486
2026-08-11 11:05:00,94.3000030517578,94.31999969482422,94.20999908447266,94.31999969482422,94.31999969482422,9758
2026-08-11 11:06:00,94.23999786376952,94.27950286865234,94.20500183105467,94.26000213623048,94.26000213623048,3837
2026-08-11 11:07:00,94.26000213623048,94.26000213623048,94.1999969482422,94.1999969482422,94.1999969482422,1848
2026-08-11 11:08:00,94.2249984741211,94.27999877929688,94.1500015258789,94.18000030517578,94.18000030517578,5948
2026-08-11 11:09:00,94.16000366210938,94.25499725341795,94.12999725341795,94.25499725341795,94.25499725341795,2594
2026-08-11 11:10:00,94.26850128173828,94.33999633789062,94.1999969482422,94.33999633789062,94.33999633789062,1868
2026-08-11 11:11:00,94.33000183105467,94.33000183105467,94.2300033569336,94.25,94.25,4933
2026-08-11 11:12:00,94.2699966430664,94.38999938964844,94.2699966430664,94.375,94.375,3209
2026-08-11 11:13:00,94.37999725341795,94.45999908447266,94.3499984741211,94.4000015258789,94.4000015258789,15683
2026-08-11 11:14:00,94.4000015258789,94.47000122070312,94.37999725341795,94.38999938964844,94.38999938964844,7963
2026-08-11 11:15:00,94.3499984741211,94.3949966430664,94.33000183105467,94.36000061035156,94.36000061035156,3285
2026-08-11 11:16:00,94.38999938964844,94.38999938964844,94.31999969482422,94.36799621582033,94.36799621582033,4510
2026-08-11 11:17:00,94.33999633789062,94.33999633789062,94.19499969482422,94.19499969482422,94.19499969482422,4390
2026-08-11 11:18:00,94.20950317382812,94.26000213623048,94.1999969482422,94.2300033569336,94.2300033569336,4749
2026-08-11 11:19:00,94.3000030517578,94.36000061035156,94.2699966430664,94.36000061035156,94.36000061035156,5734
2026-08-11 11:20:00,94.31999969482422,94.31999969482422,94.31999969482422,94.31999969482422,94.31999969482422,776
2026-08-11 11:21:00,94.30799865722656,94.36000061035156,94.29000091552734,94.3499984741211,94.3499984741211,8073
2026-08-11 11:22:00,94.33999633789062,94.4000015258789,94.33999633789062,94.4000015258789,94.4000015258789,815
2026-08-11 11:23:00,94.36499786376952,94.36499786376952,94.29000091552734,94.3249969482422,94.3249969482422,11295
2026-08-11 11:24:00,94.33000183105467,94.33999633789062,94.33000183105467,94.33999633789062,94.33999633789062,1374
2026-08-11 11:25:00,94.3499984741211,94.3499984741211,94.26000213623048,94.26499938964844,94.26499938964844,8872
2026-08-11 11:26:00,94.2300033569336,94.24749755859376,94.22000122070312,94.2249984741211,94.2249984741211,3381
2026-08-11 11:27:00,94.2249984741211,94.26000213623048,94.22000122070312,94.23500061035156,94.23500061035156,1526
2026-08-11 11:28:00,94.23500061035156,94.24500274658205,94.23500061035156,94.24500274658205,94.24500274658205,1923
2026-08-11 11:29:00,94.24500274658205,94.27999877929688,94.24500274658205,94.2750015258789,94.2750015258789,4970
2026-08-11 11:30:00,94.27040100097656,94.33000183105467,94.26000213623048,94.27999877929688,94.27999877929688,9361
2026-08-11 11:31:00,94.29499816894533,94.29499816894533,94.23999786376952,94.23999786376952,94.23999786376952,6395
2026-08-11 11:32:00,94.22000122070312,94.24500274658205,94.16000366210938,94.16000366210938,94.16000366210938,4207
2026-08-11 11:33:00,94.1999969482422,94.37999725341795,94.1999969482422,94.36000061035156,94.36000061035156,7009
2026-08-11 11:34:00,94.36000061035156,94.36000061035156,94.2300033569336,94.26499938964844,94.26499938964844,4316
2026-08-11 11:35:00,94.26499938964844,94.29000091552734,94.25,94.27999877929688,94.27999877929688,2789
2026-08-11 11:36:00,94.27999877929688,94.27999877929688,94.23999786376952,94.24500274658205,94.24500274658205,2585
2026-08-11 11:37:00,94.2750015258789,94.27999877929688,94.16999816894533,94.19000244140624,94.19000244140624,4516
2026-08-11 11:38:00,94.19000244140624,94.19000244140624,94.0999984741211,94.12000274658205,94.12000274658205,6365
2026-08-11 11:39:00,94.1500015258789,94.20809936523438,94.1449966430664,94.20809936523438,94.20809936523438,2616
2026-08-11 11:40:00,94.1500015258789,94.15499877929688,94.1500015258789,94.15499877929688,94.15499877929688,1185
2026-08-11 11:41:00,94.16000366210938,94.16000366210938,94.1500015258789,94.1500015258789,94.1500015258789,993
2026-08-11 11:42:00,94.13999938964844,94.1500015258789,94.13999938964844,94.13999938964844,94.13999938964844,720
2026-08-11 11:43:00,94.1750030517578,94.1750030517578,94.13999938964844,94.1449966430664,94.1449966430664,2515
2026-08-11 11:44:00,94.16000366210938,94.23999786376952,94.13500213623048,94.23999786376952,94.23999786376952,2212
2026-08-11 11:45:00,94.1999969482422,94.23999786376952,94.13999938964844,94.19000244140624,94.19000244140624,1340
2026-08-11 11:46:00,94.19000244140624,94.19000244140624,94.08000183105467,94.08000183105467,94.08000183105467,4429
2026-08-11 11:47:00,94.060302734375,94.18000030517578,94.060302734375,94.13500213623048,94.13500213623048,2701
2026-08-11 11:48:00,94.13999938964844,94.13999938964844,94.13999938964844,94.13999938964844,94.13999938964844,858
2026-08-11 11:49:00,94.19000244140624,94.2300033569336,94.1500015258789,94.18000030517578,94.18000030517578,13218
2026-08-11 11:50:00,94.13999938964844,94.13999938964844,94.08999633789062,94.12999725341795,94.12999725341795,12175
2026-08-11 11:51:00,94.12999725341795,94.19000244140624,94.12999725341795,94.19000244140624,94.19000244140624,11202
2026-08-11 11:52:00,94.1500015258789,94.1500015258789,94.05999755859376,94.11000061035156,94.11000061035156,2163
2026-08-11 11:53:00,94.09500122070312,94.09500122070312,94.0,94.02999877929688,94.02999877929688,6825
2026-08-11 11:54:00,94.01000213623048,94.01000213623048,93.91000366210938,93.91000366210938,93.91000366210938,5907
2026-08-11 11:55:00,93.91000366210938,93.91000366210938,93.8000030517578,93.86000061035156,93.86000061035156,4472
2026-08-11 11:56:00,93.81999969482422,93.81999969482422,93.75,93.75,93.75,3312
2026-08-11 11:57:00,93.75,93.83000183105467,93.75,93.83000183105467,93.83000183105467,3485
2026-08-11 11:58:00,93.86000061035156,93.875,93.76000213623048,93.76000213623048,93.76000213623048,5621
2026-08-11 11:59:00,93.79499816894533,93.8000030517578,93.7699966430664,93.7699966430664,93.7699966430664,2509
2026-08-11 12:00:00,93.8000030517578,93.91999816894533,93.79000091552734,93.86000061035156,93.86000061035156,4917
2026-08-11 12:01:00,93.91999816894533,93.95999908447266,93.91999816894533,93.95999908447266,93.95999908447266,2132
2026-08-11 12:02:00,93.9499969482422,94.00499725341795,93.94000244140624,93.9499969482422,93.9499969482422,20866
2026-08-11 12:03:00,94.02999877929688,94.02999877929688,93.8550033569336,93.8550033569336,93.8550033569336,11077
2026-08-11 12:04:00,93.9177017211914,93.9177017211914,93.77040100097656,93.8000030517578,93.8000030517578,3848
2026-08-11 12:05:00,93.8000030517578,93.8499984741211,93.7699966430664,93.8376007080078,93.8376007080078,2982
2026-08-11 12:06:00,93.80999755859376,93.80999755859376,93.69000244140624,93.69000244140624,93.69000244140624,2826
2026-08-11 12:07:00,93.6999969482422,93.76000213623048,93.6999969482422,93.70999908447266,93.70999908447266,2188
2026-08-11 12:08:00,93.71499633789062,93.83000183105467,93.62999725341795,93.83000183105467,93.83000183105467,9937
2026-08-11 12:09:00,93.8000030517578,93.83000183105467,93.69000244140624,93.7780990600586,93.7780990600586,2742
2026-08-11 12:11:00,93.74250030517578,93.8000030517578,93.73500061035156,93.76000213623048,93.76000213623048,2415
2026-08-11 12:12:00,93.83000183105467,93.93000030517578,93.80999755859376,93.93000030517578,93.93000030517578,4281
2026-08-11 12:13:00,93.91999816894533,93.94000244140624,93.80999755859376,93.8499984741211,93.8499984741211,7004
2026-08-11 12:14:00,93.93000030517578,93.93000030517578,93.88500213623048,93.88500213623048,93.88500213623048,1248
2026-08-11 12:15:00,93.94000244140624,93.98999786376952,93.94000244140624,93.98999786376952,93.98999786376952,1392
2026-08-11 12:16:00,94.01000213623048,94.0500030517578,93.93000030517578,94.0500030517578,94.0500030517578,3818
2026-08-11 12:17:00,94.05999755859376,94.18499755859376,93.99810028076172,94.14250183105467,94.14250183105467,3423
2026-08-11 12:18:00,94.18000030517578,94.19000244140624,94.12000274658205,94.16999816894533,94.16999816894533,4090
2026-08-11 12:19:00,94.18000030517578,94.1999969482422,94.12000274658205,94.19000244140624,94.19000244140624,4763
2026-08-11 12:20:00,94.22000122070312,94.26000213623048,94.19000244140624,94.2480010986328,94.2480010986328,4282
2026-08-11 12:21:00,94.2699966430664,94.29000091552734,94.08999633789062,94.12000274658205,94.12000274658205,7093
2026-08-11 12:22:00,94.1395034790039,94.1999969482422,94.12770080566406,94.1750030517578,94.1750030517578,3094
2026-08-11 12:23:00,94.1750030517578,94.23999786376952,94.0999984741211,94.2300033569336,94.2300033569336,5062
2026-08-11 12:24:00,94.2300033569336,94.2698974609375,94.2300033569336,94.2698974609375,94.2698974609375,1670
2026-08-11 12:25:00,94.19499969482422,94.1999969482422,94.16999816894533,94.1999969482422,94.1999969482422,1218
2026-08-11 12:26:00,94.22000122070312,94.33999633789062,94.22000122070312,94.33999633789062,94.33999633789062,3894
2026-08-11 12:27:00,94.33999633789062,94.33999633789062,94.29000091552734,94.31999969482422,94.31999969482422,3792
2026-08-11 12:28:00,94.36990356445312,94.36990356445312,94.23999786376952,94.23999786376952,94.23999786376952,5106
2026-08-11 12:29:00,94.1999969482422,94.29000091552734,94.1999969482422,94.25,94.25,2331
2026-08-11 12:30:00,94.33999633789062,94.33999633789062,94.26000213623048,94.29499816894533,94.29499816894533,1517
2026-08-11 12:31:00,94.29499816894533,94.33999633789062,94.19000244140624,94.19000244140624,94.19000244140624,1890
2026-08-11 12:32:00,94.18499755859376,94.22000122070312,94.18499755859376,94.22000122070312,94.22000122070312,803
2026-08-11 12:33:00,94.19499969482422,94.19499969482422,94.08999633789062,94.15499877929688,94.15499877929688,6779
2026-08-11 12:34:00,94.15499877929688,94.23999786376952,94.12000274658205,94.2300033569336,94.2300033569336,4569
2026-08-11 12:35:00,94.19499969482422,94.19499969482422,94.19499969482422,94.19499969482422,94.19499969482422,428
2026-08-11 12:36:00,94.2699966430664,94.2699966430664,94.2699966430664,94.2699966430664,94.2699966430664,397
2026-08-11 12:37:00,94.27999877929688,94.27999877929688,94.23999786376952,94.23999786376952,94.23999786376952,2244
2026-08-11 12:38:00,94.1999969482422,94.1999969482422,94.19989776611328,94.19989776611328,94.19989776611328,1502
2026-08-11 12:39:00,94.12000274658205,94.1500015258789,94.12000274658205,94.1500015258789,94.1500015258789,1429
2026-08-11 12:40:00,94.13999938964844,94.13999938964844,94.0,94.11000061035156,94.11000061035156,5869
2026-08-11 12:41:00,94.11000061035156,94.13999938964844,94.09500122070312,94.13999938964844,94.13999938964844,1622
2026-08-11 12:42:00,94.16000366210938,94.16000366210938,94.11000061035156,94.16000366210938,94.16000366210938,4427
2026-08-11 12:43:00,94.12999725341795,94.15499877929688,94.12999725341795,94.13999938964844,94.13999938964844,1420
2026-08-11 12:44:00,94.13999938964844,94.13999938964844,94.0500030517578,94.06500244140624,94.06500244140624,4454
2026-08-11 12:45:00,94.06510162353516,94.0999984741211,94.0500030517578,94.06500244140624,94.06500244140624,3454
2026-08-11 12:46:00,94.08000183105467,94.08270263671876,94.08000183105467,94.08270263671876,94.08270263671876,832
2026-08-11 12:47:00,94.0500030517578,94.0500030517578,93.95999908447266,93.95999908447266,93.95999908447266,6205
2026-08-11 12:48:00,93.9499969482422,93.95500183105467,93.9499969482422,93.95500183105467,93.95500183105467,2450
2026-08-11 12:49:00,93.98999786376952,93.98999786376952,93.91999816894533,93.93879699707033,93.93879699707033,3583
2026-08-11 12:50:00,93.9499969482422,93.9499969482422,93.76000213623048,93.79000091552734,93.79000091552734,12038
2026-08-11 12:51:00,93.8000030517578,93.8000030517578,93.6999969482422,93.6999969482422,93.6999969482422,7157
2026-08-11 12:52:00,93.6999969482422,93.72000122070312,93.62999725341795,93.72000122070312,93.72000122070312,2541
2026-08-11 12:53:00,93.66500091552734,93.66999816894533,93.62000274658205,93.62000274658205,93.62000274658205,3140
2026-08-11 12:54:00,93.62000274658205,93.62000274658205,93.48999786376952,93.54000091552734,93.54000091552734,16978
2026-08-11 12:55:00,93.52120208740234,93.52120208740234,93.4000015258789,93.44000244140624,93.44000244140624,7923
2026-08-11 12:56:00,93.44000244140624,93.47000122070312,93.43000030517578,93.44000244140624,93.44000244140624,3056
2026-08-11 12:57:00,93.44000244140624,93.4800033569336,93.44000244140624,93.47000122070312,93.47000122070312,2249
2026-08-11 12:58:00,93.44000244140624,93.44000244140624,93.2699966430664,93.30999755859376,93.30999755859376,17371
2026-08-11 12:59:00,93.33000183105467,93.33999633789062,93.25,93.30999755859376,93.30999755859376,4263
2026-08-11 13:00:00,93.30999755859376,93.3499984741211,93.30999755859376,93.3499984741211,93.3499984741211,3974
2026-08-11 13:01:00,93.38999938964844,93.38999938964844,93.29000091552734,93.33000183105467,93.33000183105467,7269
2026-08-11 13:02:00,93.3000030517578,93.3000030517578,93.26000213623048,93.2750015258789,93.2750015258789,3072
2026-08-11 13:03:00,93.2750015258789,93.2750015258789,93.2500991821289,93.2500991821289,93.2500991821289,881
2026-08-11 13:04:00,93.2699966430664,93.2750015258789,93.22000122070312,93.23500061035156,93.23500061035156,5409
2026-08-11 13:05:00,93.23500061035156,93.2699966430664,93.19000244140624,93.25,93.25,16024
2026-08-11 13:06:00,93.25,93.3499984741211,93.2300033569336,93.2300033569336,93.2300033569336,4210
2026-08-11 13:07:00,93.25,93.25,93.2300033569336,93.2300033569336,93.2300033569336,1242
2026-08-11 13:08:00,93.23500061035156,93.26000213623048,93.2300033569336,93.23500061035156,93.23500061035156,2748
2026-08-11 13:09:00,93.24500274658205,93.24500274658205,93.1999969482422,93.23500061035156,93.23500061035156,1238
2026-08-11 13:10:00,93.2253646850586,93.2699966430664,93.2253646850586,93.26000213623048,93.26000213623048,2209
2026-08-11 13:11:00,93.26000213623048,93.26000213623048,93.18000030517578,93.19499969482422,93.19499969482422,3479
2026-08-11 13:12:00,93.16999816894533,93.1990966796875,93.11000061035156,93.11000061035156,93.11000061035156,2844
2026-08-11 13:13:00,93.16999816894533,93.18000030517578,93.1500015258789,93.1500015258789,93.1500015258789,3725
2026-08-11 13:14:00,93.16000366210938,93.19000244140624,93.1500015258789,93.1750030517578,93.1750030517578,3150
2026-08-11 13:15:00,93.1750030517578,93.1999969482422,93.1750030517578,93.1999969482422,93.1999969482422,1543
2026-08-11 13:16:00,93.20999908447266,93.36000061035156,93.20999908447266,93.33999633789062,93.33999633789062,6906
2026-08-11 13:17:00,93.33000183105467,93.37000274658205,93.28500366210938,93.28500366210938,93.28500366210938,2526
2026-08-11 13:18:00,93.30999755859376,93.36940002441406,93.26000213623048,93.36940002441406,93.36940002441406,3196
2026-08-11 13:19:00,93.33499908447266,93.43000030517578,93.33000183105467,93.36499786376952,93.36499786376952,2524
2026-08-11 13:20:00,93.38500213623048,93.40499877929688,93.38500213623048,93.40499877929688,93.40499877929688,549
2026-08-11 13:21:00,93.41999816894533,93.41999816894533,93.37999725341795,93.40499877929688,93.40499877929688,2774
2026-08-11 13:22:00,93.40499877929688,93.47000122070312,93.38999938964844,93.46499633789062,93.46499633789062,3083
2026-08-11 13:23:00,93.46499633789062,93.46499633789062,93.46499633789062,93.46499633789062,93.46499633789062,491
2026-08-11 13:24:00,93.5,93.52999877929688,93.5,93.52999877929688,93.52999877929688,1184
2026-08-11 13:25:00,93.53510284423828,93.5500030517578,93.47000122070312,93.49500274658205,93.49500274658205,7465
2026-08-11 13:26:00,93.52999877929688,93.5500030517578,93.47000122070312,93.53500366210938,93.53500366210938,4012
2026-08-11 13:27:00,93.56500244140624,93.56999969482422,93.55999755859376,93.55999755859376,93.55999755859376,1618
2026-08-11 13:28:00,93.5500030517578,93.58999633789062,93.53500366210938,93.56999969482422,93.56999969482422,4687
2026-08-11 13:29:00,93.58000183105467,93.62000274658205,93.54000091552734,93.6050033569336,93.6050033569336,8646
2026-08-11 13:30:00,93.6050033569336,93.6050033569336,93.6050033569336,93.6050033569336,93.6050033569336,1953
2026-08-11 13:31:00,93.63999938964844,93.68000030517578,93.62000274658205,93.62000274658205,93.62000274658205,2468
2026-08-11 13:32:00,93.66999816894533,93.6750030517578,93.66999816894533,93.6750030517578,93.6750030517578,1335
2026-08-11 13:33:00,93.6999969482422,93.72000122070312,93.63999938964844,93.66500091552734,93.66500091552734,6469
2026-08-11 13:34:00,93.66500091552734,93.75,93.66500091552734,93.6999969482422,93.6999969482422,1525
2026-08-11 13:35:00,93.73999786376952,93.73999786376952,93.5999984741211,93.61000061035156,93.61000061035156,6853
2026-08-11 13:36:00,93.5999984741211,93.6449966430664,93.56999969482422,93.56999969482422,93.56999969482422,2887
2026-08-11 13:37:00,93.5500030517578,93.55500030517578,93.5500030517578,93.55500030517578,93.55500030517578,572
2026-08-11 13:38:00,93.55500030517578,93.58999633789062,93.55500030517578,93.5749969482422,93.5749969482422,1452
2026-08-11 13:39:00,93.5749969482422,93.5749969482422,93.5749969482422,93.5749969482422,93.5749969482422,1107
2026-08-11 13:40:00,93.5749969482422,93.62000274658205,93.55999755859376,93.58499908447266,93.58499908447266,6080
2026-08-11 13:41:00,93.58499908447266,93.58999633789062,93.58499908447266,93.58499908447266,93.58499908447266,1353
2026-08-11 13:42:00,93.58999633789062,93.69000244140624,93.58999633789062,93.69000244140624,93.69000244140624,2099
2026-08-11 13:43:00,93.63500213623048,93.63500213623048,93.63500213623048,93.63500213623048,93.63500213623048,715
2026-08-11 13:44:00,93.6500015258789,93.73999786376952,93.6500015258789,93.7300033569336,93.7300033569336,4098
2026-08-11 13:45:00,93.73500061035156,93.73999786376952,93.70999908447266,93.73500061035156,93.73500061035156,2866
2026-08-11 13:46:00,93.74500274658205,93.74500274658205,93.74500274658205,93.74500274658205,93.74500274658205,1039
2026-08-11 13:47:00,93.72000122070312,93.7300033569336,93.70999908447266,93.7300033569336,93.7300033569336,2256
2026-08-11 13:48:00,93.74810028076172,93.7699966430664,93.74810028076172,93.76000213623048,93.76000213623048,3408
2026-08-11 13:49:00,93.76000213623048,93.76000213623048,93.68000030517578,93.69000244140624,93.69000244140624,3694
2026-08-11 13:50:00,93.72000122070312,93.7699966430664,93.71499633789062,93.7699966430664,93.7699966430664,2600
2026-08-11 13:51:00,93.73999786376952,93.75499725341795,93.7300033569336,93.75499725341795,93.75499725341795,2890
2026-08-11 13:53:00,93.80999755859376,93.83999633789062,93.79499816894533,93.81510162353516,93.81510162353516,2255
2026-08-11 13:54:00,93.84500122070312,93.91000366210938,93.83000183105467,93.8949966430664,93.8949966430664,2568
2026-08-11 13:55:00,93.8949966430664,93.8949966430664,93.8499984741211,93.8499984741211,93.8499984741211,2656
2026-08-11 13:56:00,93.88500213623048,93.88500213623048,93.77999877929688,93.77999877929688,93.77999877929688,5409
2026-08-11 13:57:00,93.7300033569336,93.79000091552734,93.7300033569336,93.79000091552734,93.79000091552734,1981
2026-08-11 13:58:00,93.79000091552734,93.79000091552734,93.75,93.77999877929688,93.77999877929688,2116
2026-08-11 13:59:00,93.8000030517578,93.85990142822266,93.8000030517578,93.81500244140624,93.81500244140624,1881
2026-08-11 14:00:00,93.80999755859376,93.87000274658205,93.7699966430664,93.87000274658205,93.87000274658205,4326
2026-08-11 14:01:00,93.8499984741211,93.8499984741211,93.80999755859376,93.80999755859376,93.80999755859376,3030
2026-08-11 14:02:00,93.80999755859376,93.80999755859376,93.8000030517578,93.8000030517578,93.8000030517578,1148
2026-08-11 14:03:00,93.81999969482422,93.81999969482422,93.77999877929688,93.77999877929688,93.77999877929688,3650
2026-08-11 14:04:00,93.73999786376952,93.75,93.6449966430664,93.6449966430664,93.6449966430664,6831
2026-08-11 14:05:00,93.5999984741211,93.72000122070312,93.5999984741211,93.72000122070312,93.72000122070312,3105
2026-08-11 14:06:00,93.76000213623048,93.76000213623048,93.75,93.75,93.75,1059
2026-08-11 14:07:00,93.75,93.75,93.74500274658205,93.74500274658205,93.74500274658205,750
2026-08-11 14:08:00,93.76000213623048,93.76000213623048,93.73500061035156,93.73500061035156,93.73500061035156,1430
2026-08-11 14:09:00,93.73500061035156,93.77999877929688,93.70999908447266,93.74500274658205,93.74500274658205,3462
2026-08-11 14:10:00,93.74500274658205,93.79000091552734,93.74500274658205,93.76000213623048,93.76000213623048,1811
2026-08-11 14:11:00,93.77999877929688,93.79000091552734,93.7699966430664,93.78949737548828,93.78949737548828,1869
2026-08-11 14:12:00,93.7699966430664,93.81500244140624,93.7699966430664,93.7750015258789,93.7750015258789,4680
2026-08-11 14:13:00,93.7750015258789,93.7750015258789,93.70999908447266,93.70999908447266,93.70999908447266,3039
2026-08-11 14:14:00,93.72000122070312,93.7699966430664,93.72000122070312,93.76000213623048,93.76000213623048,3420
2026-08-11 14:15:00,93.7699966430664,93.8249969482422,93.7699966430664,93.78500366210938,93.78500366210938,1989
2026-08-11 14:16:00,93.78500366210938,93.83000183105467,93.78500366210938,93.81500244140624,93.81500244140624,4130
2026-08-11 14:17:00,93.79000091552734,93.81500244140624,93.77999877929688,93.81500244140624,93.81500244140624,1375
2026-08-11 14:18:00,93.81999969482422,93.87000274658205,93.79010009765624,93.87000274658205,93.87000274658205,3323
2026-08-11 14:19:00,93.86499786376952,93.91999816894533,93.86499786376952,93.88999938964844,93.88999938964844,2131
2026-08-11 14:20:00,93.88999938964844,93.88999938964844,93.83999633789062,93.83999633789062,93.83999633789062,2740
2026-08-11 14:21:00,93.81999969482422,93.83000183105467,93.79000091552734,93.83000183105467,93.83000183105467,3649
2026-08-11 14:22:00,93.80500030517578,93.80500030517578,93.80500030517578,93.80500030517578,93.80500030517578,529
2026-08-11 14:23:00,93.77999877929688,93.78500366210938,93.7699966430664,93.78500366210938,93.78500366210938,2491
2026-08-11 14:24:00,93.7699966430664,93.79000091552734,93.76000213623048,93.76000213623048,93.76000213623048,1948
2026-08-11 14:25:00,93.76000213623048,93.79000091552734,93.70999908447266,93.72000122070312,93.72000122070312,8676
2026-08-11 14:26:00,93.6999969482422,93.768798828125,93.58999633789062,93.768798828125,93.768798828125,16698
2026-08-11 14:27:00,93.73500061035156,93.73500061035156,93.7300033569336,93.7300033569336,93.7300033569336,980
2026-08-11 14:28:00,93.7594985961914,93.7594985961914,93.7300033569336,93.7300033569336,93.7300033569336,1336
2026-08-11 14:29:00,93.72250366210938,93.72250366210938,93.62000274658205,93.62000274658205,93.62000274658205,5941
2026-08-11 14:30:00,93.6500015258789,93.68000030517578,93.63999938964844,93.66500091552734,93.66500091552734,2630
2026-08-11 14:31:00,93.66500091552734,93.66999816894533,93.66500091552734,93.66500091552734,93.66500091552734,1866
2026-08-11 14:32:00,93.66500091552734,93.75,93.66500091552734,93.72000122070312,93.72000122070312,1895
2026-08-11 14:33:00,93.7300033569336,93.77989959716795,93.71199798583984,93.71199798583984,93.71199798583984,2899
2026-08-11 14:34:00,93.69499969482422,93.76319885253906,93.69000244140624,93.76319885253906,93.76319885253906,1756
2026-08-11 14:35:00,93.72000122070312,93.73999786376952,93.70999908447266,93.73999786376952,93.73999786376952,1645
2026-08-11 14:36:00,93.70999908447266,93.70999908447266,93.6500015258789,93.66999816894533,93.66999816894533,2280
2026-08-11 14:37:00,93.70999908447266,93.73999786376952,93.7051010131836,93.7051010131836,93.7051010131836,1551
2026-08-11 14:38:00,93.70500183105467,93.70500183105467,93.69000244140624,93.70500183105467,93.70500183105467,2211
2026-08-11 14:39:00,93.70500183105467,93.7300033569336,93.70500183105467,93.7300033569336,93.7300033569336,2569
2026-08-11 14:40:00,93.68000030517578,93.6999969482422,93.5999984741211,93.6050033569336,93.6050033569336,13338
2026-08-11 14:41:00,93.6050033569336,93.6050033569336,93.58000183105467,93.58000183105467,93.58000183105467,3154
2026-08-11 14:42:00,93.62000274658205,93.62550354003906,93.56999969482422,93.56999969482422,93.56999969482422,5468
2026-08-11 14:43:00,93.55500030517578,93.55999755859376,93.5199966430664,93.52999877929688,93.52999877929688,1886
2026-08-11 14:44:00,93.5500030517578,93.58999633789062,93.5500030517578,93.55999755859376,93.55999755859376,4052
2026-08-11 14:45:00,93.55999755859376,93.58999633789062,93.55999755859376,93.56999969482422,93.56999969482422,1543
2026-08-11 14:46:00,93.5199966430664,93.5199966430664,93.5199966430664,93.5199966430664,93.5199966430664,205
2026-08-11 14:47:00,93.5199966430664,93.5199966430664,93.47000122070312,93.5,93.5,7103
2026-08-11 14:48:00,93.48999786376952,93.54000091552734,93.48999786376952,93.5199966430664,93.5199966430664,4441
2026-08-11 14:49:00,93.5500030517578,93.55999755859376,93.5500030517578,93.55999755859376,93.55999755859376,1489
2026-08-11 14:50:00,93.54000091552734,93.54000091552734,93.52999877929688,93.52999877929688,93.52999877929688,1955
2026-08-11 14:51:00,93.5,93.5199966430664,93.4800033569336,93.49500274658205,93.49500274658205,2971
2026-08-11 14:52:00,93.51000213623048,93.58999633789062,93.49500274658205,93.52999877929688,93.52999877929688,4947
2026-08-11 14:53:00,93.52287292480467,93.55999755859376,93.5199966430664,93.53500366210938,93.53500366210938,2503
2026-08-11 14:54:00,93.53500366210938,93.53500366210938,93.4250030517578,93.45500183105467,93.45500183105467,13139
2026-08-11 14:55:00,93.44000244140624,93.48999786376952,93.44000244140624,93.48999786376952,93.48999786376952,3960
2026-08-11 14:56:00,93.48999786376952,93.48999786376952,93.45999908447266,93.48500061035156,93.48500061035156,1587
2026-08-11 14:57:00,93.48999786376952,93.5199966430664,93.48999786376952,93.5199966430664,93.5199966430664,2042
2026-08-11 14:58:00,93.4800033569336,93.4800033569336,93.45999908447266,93.47000122070312,93.47000122070312,3087
2026-08-11 14:59:00,93.48999786376952,93.54000091552734,93.45500183105467,93.5,93.5,10176
2026-08-11 15:01:00,93.46499633789062,93.5,93.46499633789062,93.48999786376952,93.48999786376952,4223
2026-08-11 15:02:00,93.4800033569336,93.50990295410156,93.4749984741211,93.4749984741211,93.4749984741211,4080
2026-08-11 15:03:00,93.4499969482422,93.48999786376952,93.44000244140624,93.46499633789062,93.46499633789062,4060
2026-08-11 15:04:00,93.45999908447266,93.46499633789062,93.45999908447266,93.46499633789062,93.46499633789062,919
2026-08-11 15:05:00,93.45999908447266,93.45999908447266,93.45500183105467,93.45500183105467,93.45500183105467,642
2026-08-11 15:06:00,93.44000244140624,93.44000244140624,93.41000366210938,93.41000366210938,93.41000366210938,4612
2026-08-11 15:07:00,93.38999938964844,93.38999938964844,93.3499984741211,93.3499984741211,93.3499984741211,2120
2026-08-11 15:08:00,93.32749938964844,93.32749938964844,93.2699966430664,93.29190063476562,93.29190063476562,2529
2026-08-11 15:09:00,93.3000030517578,93.3499984741211,93.3000030517578,93.3499984741211,93.3499984741211,6202
2026-08-11 15:10:00,93.345703125,93.36000061035156,93.345703125,93.36000061035156,93.36000061035156,1634
2026-08-11 15:11:00,93.31999969482422,93.31999969482422,93.29000091552734,93.29000091552734,93.29000091552734,2432
2026-08-11 15:12:00,93.25,93.30999755859376,93.25,93.29499816894533,93.29499816894533,4330
2026-08-11 15:13:00,93.31999969482422,93.31999969482422,93.29499816894533,93.29499816894533,93.29499816894533,4034
2026-08-11 15:14:00,93.2699966430664,93.27999877929688,93.25,93.26000213623048,93.26000213623048,2188
2026-08-11 15:15:00,93.26000213623048,93.4000015258789,93.25,93.3499984741211,93.3499984741211,17390
2026-08-11 15:16:00,93.37000274658205,93.37000274658205,93.33000183105467,93.33999633789062,93.33999633789062,1715
2026-08-11 15:17:00,93.36000061035156,93.36000061035156,93.29010009765624,93.29010009765624,93.29010009765624,2089
2026-08-11 15:18:00,93.29010009765624,93.31999969482422,93.29010009765624,93.30549621582033,93.30549621582033,1667
2026-08-11 15:19:00,93.29499816894533,93.44000244140624,93.29499816894533,93.44000244140624,93.44000244140624,4119
2026-08-11 15:20:00,93.47000122070312,93.47000122070312,93.4010009765625,93.4010009765625,93.4010009765625,2944
2026-08-11 15:21:00,93.38999938964844,93.44000244140624,93.38999938964844,93.41000366210938,93.41000366210938,9275
2026-08-11 15:22:00,93.4000015258789,93.43000030517578,93.4000015258789,93.43000030517578,93.43000030517578,1878
2026-08-11 15:23:00,93.44000244140624,93.5198974609375,93.44000244140624,93.5198974609375,93.5198974609375,2962
2026-08-11 15:24:00,93.47699737548828,93.5,93.47100067138672,93.48999786376952,93.48999786376952,2831
2026-08-11 15:25:00,93.48999786376952,93.52999877929688,93.47000122070312,93.52999877929688,93.52999877929688,3029
2026-08-11 15:26:00,93.52120208740234,93.54499816894533,93.5199966430664,93.5250015258789,93.5250015258789,3365
2026-08-11 15:27:00,93.48999786376952,93.625,93.48999786376952,93.61499786376952,93.61499786376952,9788
2026-08-11 15:28:00,93.61499786376952,93.68499755859376,93.6010971069336,93.68499755859376,93.68499755859376,4392
2026-08-11 15:29:00,93.6500015258789,93.66000366210938,93.62000274658205,93.66000366210938,93.66000366210938,4849
2026-08-11 15:30:00,93.66000366210938,93.72000122070312,93.66000366210938,93.70999908447266,93.70999908447266,4282
2026-08-11 15:31:00,93.70999908447266,93.7699966430664,93.70999908447266,93.70999908447266,93.70999908447266,4759
2026-08-11 15:32:00,93.72000122070312,93.76000213623048,93.6999969482422,93.72000122070312,93.72000122070312,2499
2026-08-11 15:33:00,93.6999969482422,93.72509765625,93.66999816894533,93.6999969482422,93.6999969482422,5583
2026-08-11 15:34:00,93.72000122070312,93.7300033569336,93.69000244140624,93.6999969482422,93.6999969482422,14017
2026-08-11 15:35:00,93.71949768066406,93.8000030517578,93.6999969482422,93.75499725341795,93.75499725341795,13086
2026-08-11 15:36:00,93.75499725341795,93.83999633789062,93.72000122070312,93.83999633789062,93.83999633789062,4858
2026-08-11 15:37:00,93.83799743652344,93.83799743652344,93.79100036621094,93.80999755859376,93.80999755859376,2795
2026-08-11 15:38:00,93.83000183105467,93.87999725341795,93.81999969482422,93.87999725341795,93.87999725341795,5630
2026-08-11 15:39:00,93.9000015258789,93.9000015258789,93.87409973144533,93.8949966430664,93.8949966430664,2809
2026-08-11 15:40:00,93.8949966430664,93.97000122070312,93.8949966430664,93.9499969482422,93.9499969482422,7273
2026-08-11 15:41:00,93.95999908447266,94.0,93.93599700927734,93.97000122070312,93.97000122070312,8152
2026-08-11 15:42:00,93.9800033569336,93.9800033569336,93.91500091552734,93.91500091552734,93.91500091552734,6175
2026-08-11 15:43:00,93.91999816894533,93.9800033569336,93.91000366210938,93.94960021972656,93.94960021972656,3766
2026-08-11 15:44:00,93.94000244140624,93.94000244140624,93.87000274658205,93.87999725341795,93.87999725341795,7839
2026-08-11 15:45:00,93.8499984741211,93.8499984741211,93.70999908447266,93.70999908447266,93.70999908447266,12349
2026-08-11 15:46:00,93.6750030517578,93.75,93.66999816894533,93.68499755859376,93.68499755859376,8794
2026-08-11 15:47:00,93.70999908447266,93.7300033569336,93.68499755859376,93.6999969482422,93.6999969482422,6210
2026-08-11 15:48:00,93.66000366210938,93.73999786376952,93.66000366210938,93.73999786376952,93.73999786376952,11553
2026-08-11 15:49:00,93.71499633789062,93.80999755859376,93.68000030517578,93.76000213623048,93.76000213623048,13144
2026-08-11 15:50:00,93.73999786376952,93.86000061035156,93.73999786376952,93.8499984741211,93.8499984741211,12406
2026-08-11 15:51:00,93.87000274658205,93.9499969482422,93.86000061035156,93.93000030517578,93.93000030517578,13351
2026-08-11 15:52:00,93.93000030517578,94.0,93.91999816894533,93.98200225830078,93.98200225830078,9299
2026-08-11 15:53:00,93.96499633789062,93.9800033569336,93.86000061035156,93.86000061035156,93.86000061035156,9751
2026-08-11 15:54:00,93.87000274658205,94.0999984741211,93.83999633789062,93.9800033569336,93.9800033569336,16815
2026-08-11 15:55:00,93.9800033569336,94.0199966430664,93.94200134277344,93.95999908447266,93.95999908447266,16065
2026-08-11 15:56:00,93.9499969482422,93.9499969482422,93.79000091552734,93.81999969482422,93.81999969482422,21365
2026-08-11 15:57:00,93.81500244140624,93.83000183105467,93.70999908447266,93.70999908447266,93.70999908447266,40984
2026-08-11 15:58:00,93.7249984741211,93.79000091552734,93.69000244140624,93.77999877929688,93.77999877929688,45473
2026-08-11 15:59:00,93.79000091552734,93.8550033569336,93.7249984741211,93.81999969482422,93.81999969482422,116095
2026-08-11 16:00:00,93.84,93.84,93.51,93.84,93.84,283203
2026-08-11 16:02:00,94.5,94.5,94.5,94.5,94.5,0
2026-08-11 16:03:00,93.755,93.755,93.755,93.755,93.755,0
2026-08-11 16:04:00,94.2021,94.2021,93.84,93.84,93.84,0
2026-08-11 16:06:00,93.98,93.98,93.98,93.98,93.98,0
2026-08-11 16:10:00,93.84,93.84,93.84,93.84,93.84,0
2026-08-11 16:14:00,93.99,93.99,93.92,93.92,93.92,0
2026-08-11 16:15:00,93.84,93.84,93.84,93.84,93.84,0
2026-08-11 16:16:00,93.9668,93.9668,93.9668,93.9668,93.9668,0
2026-08-11 16:18:00,93.89,93.89,93.89,93.89,93.89,0
2026-08-11 16:20:00,93.84,93.84,93.84,93.84,93.84,0
2026-08-11 16:23:00,93.99,93.99,93.99,93.99,93.99,0
2026-08-11 16:26:00,94.0,94.0,94.0,94.0,94.0,0
2026-08-11 16:27:00,93.99,94.19,93.99,94.19,94.19,0
2026-08-11 16:28:00,94.0,94.0,94.0,94.0,94.0,0
2026-08-11 16:29:00,94.2,94.2,94.2,94.2,94.2,0
2026-08-11 16:31:00,94.19,94.19,94.1736,94.1736,94.1736,0
2026-08-11 16:33:00,94.15,94.15,94.15,94.15,94.15,0
2026-08-11 16:39:00,93.84,93.84,93.84,93.84,93.84,0
2026-08-11 16:48:00,94.0,94.0,94.0,94.0,94.0,0
2026-08-11 16:50:00,94.1736,94.1736,94.1736,94.1736,94.1736,0
2026-08-11 16:56:00,94.0,94.0,94.0,94.0,94.0,0
2026-08-11 17:01:00,93.85,93.85,93.85,93.85,93.85,0
2026-08-11 17:06:00,93.85,93.85,93.85,93.85,93.85,0
2026-08-11 17:08:00,94.0,94.0,94.0,94.0,94.0,0
2026-08-11 17:09:00,94.0037,94.0037,93.95,93.95,93.95,0
2026-08-11 17:10:00,94.19,94.19,94.19,94.19,94.19,0
2026-08-11 17:11:00,94.08,94.08,94.08,94.08,94.08,0
2026-08-11 17:12:00,94.08,94.08,94.08,94.08,94.08,0
2026-08-11 17:13:00,94.08,94.1389,93.87,94.1389,94.1389,0
2026-08-11 17:15:00,93.84,94.0,93.84,94.0,94.0,0
2026-08-11 17:17:00,93.84,94.08,93.84,94.08,94.08,0
2026-08-11 17:19:00,93.84,93.84,93.84,93.84,93.84,0
2026-08-11 17:29:00,94.08,94.08,94.08,94.08,94.08,0
2026-08-11 17:31:00,94.08,94.08,94.08,94.08,94.08,0
2026-08-11 17:43:00,94.0,94.0,94.0,94.0,94.0,0
2026-08-11 17:46:00,94.08,94.08,94.08,94.08,94.08,0
2026-08-11 17:47:00,93.97,93.97,93.97,93.97,93.97,0
2026-08-11 17:52:00,93.97,93.97,93.97,93.97,93.97,0
2026-08-11 17:55:00,94.08,94.08,94.08,94.08,94.08,0
2026-08-11 17:57:00,94.0,94.0,94.0,94.0,94.0,0
2026-08-11 18:03:00,94.0,94.0,94.0,94.0,94.0,0
2026-08-11 18:10:00,94.04,94.04,94.04,94.04,94.04,0
2026-08-11 18:12:00,94.04,94.04,94.04,94.04,94.04,0
2026-08-11 18:13:00,93.99,93.99,93.99,93.99,93.99,0
2026-08-11 18:16:00,93.99,93.99,93.99,93.99,93.99,0
2026-08-11 18:22:00,94.08,94.08,94.08,94.08,94.08,0
2026-08-11 18:26:00,94.08,94.08,94.08,94.08,94.08,0
2026-08-11 18:27:00,94.04,94.04,94.04,94.04,94.04,0
2026-08-11 18:32:00,93.99,93.99,93.99,93.99,93.99,0
2026-08-11 18:35:00,94.0267,94.0267,94.0267,94.0267,94.0267,0
2026-08-11 18:42:00,93.9,93.9,93.9,93.9,93.9,0
2026-08-11 18:43:00,93.9,93.9,93.9,93.9,93.9,0
2026-08-11 18:44:00,93.9,93.9,93.9,93.9,93.9,0
2026-08-11 19:03:00,93.99,93.99,93.95,93.95,93.95,0
2026-08-11 19:12:00,93.97,93.97,93.97,93.97,93.97,0
2026-08-11 19:16:00,94.0183,94.0183,94.0183,94.0183,94.0183,0
2026-08-11 19:26:00,94.03,94.03,94.03,94.03,94.03,0
2026-08-11 19:34:00,93.95,93.95,93.95,93.95,93.95,0
2026-08-11 19:43:00,94.03,94.03,94.03,94.03,94.03,0
2026-08-11 19:45:00,94.04,94.04,94.04,94.04,94.04,0
2026-08-11 19:52:00,94.04,94.04,94.04,94.04,94.04,0
2026-08-11 19:53:00,94.01,94.01,94.01,94.01,94.01,0
2026-08-11 19:59:00,94.05,94.05,94.04,94.04,94.04,0
2026-08-12 04:00:00,94.2,94.2,94.19,94.2,94.2,0
2026-08-12 04:01:00,94.0,94.24,94.0,94.0,94.0,0
2026-08-12 04:03:00,94.24,94.24,93.95,93.95,93.95,0
2026-08-12 04:05:00,93.85,93.85,93.84,93.84,93.84,0
2026-08-12 04:15:00,94.01,94.01,94.01,94.01,94.01,0
2026-08-12 04:23:00,94.01,94.01,94.01,94.01,94.01,0
2026-08-12 04:36:00,94.01,94.01,94.01,94.01,94.01,0
2026-08-12 04:53:00,94.01,94.01,94.01,94.01,94.01,0
2026-08-12 04:56:00,93.9,93.9,93.9,93.9,93.9,0
2026-08-12 04:58:00,94.0,94.0,93.95,93.98,93.98,0
2026-08-12 05:08:00,93.98,93.98,93.98,93.98,93.98,0
2026-08-12 05:09:00,94.0,94.0,94.0,94.0,94.0,0
2026-08-12 05:10:00,94.45,94.45,94.45,94.45,94.45,0
2026-08-12 05:13:00,94.07,94.07,94.07,94.07,94.07,0
2026-08-12 05:14:00,94.04,94.06,94.03,94.03,94.03,0
2026-08-12 05:17:00,94.04,94.04,94.0,94.0,94.0,0
2026-08-12 05:23:00,94.0,94.0,94.0,94.0,94.0,0
2026-08-12 05:33:00,94.3,94.41,94.3,94.41,94.41,0
2026-08-12 05:36:00,94.41,94.41,94.41,94.41,94.41,0
2026-08-12 05:50:00,94.4,94.4,94.4,94.4,94.4,0
2026-08-12 05:52:00,94.12,94.12,94.12,94.12,94.12,0
2026-08-12 05:54:00,94.4287,94.4287,94.12,94.12,94.12,0
2026-08-12 05:57:00,94.12,94.12,94.12,94.12,94.12,0
2026-08-12 06:49:00,94.0,94.1,94.0,94.1,94.1,0
2026-08-12 06:53:00,94.1,94.1,94.1,94.1,94.1,0
2026-08-12 07:00:00,94.01,94.5,94.01,94.05,94.05,0
2026-08-12 07:01:00,94.05,94.05,94.05,94.05,94.05,0
2026-08-12 07:02:00,94.05,94.05,94.05,94.05,94.05,0
2026-08-12 07:03:00,94.15,94.15,94.15,94.15,94.15,0
2026-08-12 07:05:00,94.45,94.45,94.15,94.15,94.15,0
2026-08-12 07:18:00,94.15,94.15,94.15,94.15,94.15,0
2026-08-12 07:20:00,94.15,94.15,94.01,94.05,94.05,0
2026-08-12 07:46:00,94.0,94.0,94.0,94.0,94.0,0
2026-08-12 07:47:00,94.45,94.45,94.45,94.45,94.45,0
2026-08-12 07:48:00,94.12,94.12,94.12,94.12,94.12,0
2026-08-12 07:49:00,94.3,94.3,94.3,94.3,94.3,0
2026-08-12 07:50:00,94.3,94.3,94.3,94.3,94.3,0
2026-08-12 07:57:00,94.45,94.45,94.3,94.3,94.3,0
2026-08-12 07:58:00,94.15,94.15,94.15,94.15,94.15,0
2026-08-12 07:59:00,94.15,94.15,94.15,94.15,94.15,0
2026-08-12 08:04:00,94.01,94.01,94.01,94.01,94.01,0
2026-08-12 08:06:00,94.01,94.01,94.01,94.01,94.01,0
2026-08-12 08:10:00,94.13,94.15,94.13,94.15,94.15,0
2026-08-12 08:12:00,94.15,94.15,94.15,94.15,94.15,0
2026-08-12 08:16:00,94.3,94.3,94.3,94.3,94.3,0
2026-08-12 08:19:00,94.2,94.2,94.2,94.2,94.2,0
2026-08-12 08:20:00,94.16,94.2,94.16,94.2,94.2,0
2026-08-12 08:21:00,94.18,94.19,94.18,94.19,94.19,0
2026-08-12 08:26:00,94.02,94.02,94.02,94.02,94.02,0
2026-08-12 08:27:00,94.14,94.14,94.0,94.0,94.0,0
2026-08-12 08:28:00,94.0,94.0,94.0,94.0,94.0,0
2026-08-12 08:31:00,94.42,94.42,94.42,94.42,94.42,0
2026-08-12 08:37:00,94.5,94.5,94.26,94.26,94.26,0
2026-08-12 08:43:00,94.23,94.23,94.23,94.23,94.23,0
2026-08-12 08:44:00,94.2,94.2,94.2,94.2,94.2,0
2026-08-12 08:45:00,94.33,94.33,94.33,94.33,94.33,0
2026-08-12 08:46:00,94.33,94.33,94.33,94.33,94.33,0
2026-08-12 08:57:00,94.3,94.3,94.3,94.3,94.3,0
2026-08-12 09:00:00,94.19,94.2,94.15,94.2,94.2,0
2026-08-12 09:01:00,94.3,94.3,94.3,94.3,94.3,0
2026-08-12 09:06:00,94.24,94.24,94.0,94.08,94.08,0
2026-08-12 09:08:00,93.85,93.85,93.85,93.85,93.85,0
2026-08-12 09:12:00,94.04,94.04,94.04,94.04,94.04,0
2026-08-12 09:30:00,93.77999877929688,93.9499969482422,93.5999984741211,93.75,93.75,47202
2026-08-12 09:31:00,93.6999969482422,93.7699966430664,93.6999969482422,93.7699966430664,93.7699966430664,1126
2026-08-12 09:33:00,93.77249908447266,93.94000244140624,93.77249908447266,93.94000244140624,93.94000244140624,1000
2026-08-12 09:34:00,93.95999908447266,94.18000030517578,93.95999908447266,94.18000030517578,94.18000030517578,15077
2026-08-12 09:35:00,94.02970123291016,94.19499969482422,94.02970123291016,94.18000030517578,94.18000030517578,4270
2026-08-12 09:36:00,94.1500015258789,94.16999816894533,93.95999908447266,93.9800033569336,93.9800033569336,9640
2026-08-12 09:37:00,93.93000030517578,94.08499908447266,93.93000030517578,94.08499908447266,94.08499908447266,1929
2026-08-12 09:38:00,94.18000030517578,94.28500366210938,94.0500030517578,94.13999938964844,94.13999938964844,5665
2026-08-12 09:39:00,94.1500015258789,94.16000366210938,94.13999938964844,94.13999938964844,94.13999938964844,2561
2026-08-12 09:40:00,94.19000244140624,94.22000122070312,94.08999633789062,94.20500183105467,94.20500183105467,2265
2026-08-12 09:41:00,94.33999633789062,94.36499786376952,94.16999816894533,94.18000030517578,94.18000030517578,4773
2026-08-12 09:42:00,94.11000061035156,94.11000061035156,93.76000213623048,93.76000213623048,93.76000213623048,4995
2026-08-12 09:43:00,93.70999908447266,93.72650146484376,93.66000366210938,93.66000366210938,93.66000366210938,1732
2026-08-12 09:44:00,93.5999984741211,93.63500213623048,93.27999877929688,93.30999755859376,93.30999755859376,9330
2026-08-12 09:45:00,93.33999633789062,93.41999816894533,93.12999725341795,93.12999725341795,93.12999725341795,5508
2026-08-12 09:46:00,93.19000244140624,93.38899993896484,93.19000244140624,93.2699966430664,93.2699966430664,6366
2026-08-12 09:47:00,93.31500244140624,93.41000366210938,93.23999786376952,93.38500213623048,93.38500213623048,7967
2026-08-12 09:48:00,93.38500213623048,93.40499877929688,93.30999755859376,93.31999969482422,93.31999969482422,1637
2026-08-12 09:49:00,93.4250030517578,93.4499969482422,93.31999969482422,93.4000015258789,93.4000015258789,2168
2026-08-12 09:50:00,93.31999969482422,93.43000030517578,93.31999969482422,93.4250030517578,93.4250030517578,1170
2026-08-12 09:51:00,93.4250030517578,93.44000244140624,93.36000061035156,93.38500213623048,93.38500213623048,7380
2026-08-12 09:52:00,93.4499969482422,93.4499969482422,93.30500030517578,93.3499984741211,93.3499984741211,3348
2026-08-12 09:53:00,93.4000015258789,93.5199966430664,93.4000015258789,93.45999908447266,93.45999908447266,2823
2026-08-12 09:54:00,93.4250030517578,93.48999786376952,93.4250030517578,93.48999786376952,93.48999786376952,1364
2026-08-12 09:55:00,93.48999786376952,93.5,93.22000122070312,93.22000122070312,93.22000122070312,5741
2026-08-12 09:56:00,93.29000091552734,93.3000030517578,93.16999816894533,93.1999969482422,93.1999969482422,6355
2026-08-12 09:57:00,93.28500366210938,93.28500366210938,93.20999908447266,93.2300033569336,93.2300033569336,2526
2026-08-12 09:58:00,93.27999877929688,93.29000091552734,93.08000183105467,93.0999984741211,93.0999984741211,20789
2026-08-12 09:59:00,93.0500030517578,93.0500030517578,92.83999633789062,92.8499984741211,92.8499984741211,21568
2026-08-12 10:00:00,92.86000061035156,92.86000061035156,92.6999969482422,92.6999969482422,92.6999969482422,4940
2026-08-12 10:01:00,92.7699966430664,92.80500030517578,92.6999969482422,92.72000122070312,92.72000122070312,2522
2026-08-12 10:02:00,92.69000244140624,92.7300033569336,92.66000366210938,92.68000030517578,92.68000030517578,10908
2026-08-12 10:03:00,92.6750030517578,92.70500183105467,92.5500030517578,92.5500030517578,92.5500030517578,10113
2026-08-12 10:04:00,92.58000183105467,92.6999969482422,92.5500030517578,92.65499877929688,92.65499877929688,35844
2026-08-12 10:05:00,92.6999969482422,92.7300033569336,92.65499877929688,92.69000244140624,92.69000244140624,36445
2026-08-12 10:06:00,92.69000244140624,92.69499969482422,92.56999969482422,92.66669464111328,92.66669464111328,31071
2026-08-12 10:07:00,92.66000366210938,92.72000122070312,92.56999969482422,92.68000030517578,92.68000030517578,20229
2026-08-12 10:08:00,92.7300033569336,92.7300033569336,92.6675033569336,92.6675033569336,92.6675033569336,10212
2026-08-12 10:09:00,92.6750030517578,92.77999877929688,92.6750030517578,92.7300033569336,92.7300033569336,5753
2026-08-12 10:10:00,92.8000030517578,92.83000183105467,92.8000030517578,92.83000183105467,92.83000183105467,2995
2026-08-12 10:11:00,92.8000030517578,92.87000274658205,92.65499877929688,92.70999908447266,92.70999908447266,10520
2026-08-12 10:12:00,92.66000366210938,92.8000030517578,92.54000091552734,92.79000091552734,92.79000091552734,32110
2026-08-12 10:13:00,92.81999969482422,92.93000030517578,92.81999969482422,92.93000030517578,92.93000030517578,3120
2026-08-12 10:14:00,92.98999786376952,93.0500030517578,92.88999938964844,92.95999908447266,92.95999908447266,20830
2026-08-12 10:15:00,92.95999908447266,93.08000183105467,92.95999908447266,93.08000183105467,93.08000183105467,2804
2026-08-12 10:16:00,93.11000061035156,93.1750030517578,93.00499725341795,93.00499725341795,93.00499725341795,9953
2026-08-12 10:17:00,93.12999725341795,93.13500213623048,93.125,93.13500213623048,93.13500213623048,1356
2026-08-12 10:18:00,93.1500015258789,93.3000030517578,93.1500015258789,93.2249984741211,93.2249984741211,1844
2026-08-12 10:19:00,93.2249984741211,93.27999877929688,93.12999725341795,93.12999725341795,93.12999725341795,4508
2026-08-12 10:20:00,93.07869720458984,93.16000366210938,93.06999969482422,93.11000061035156,93.11000061035156,3488
2026-08-12 10:21:00,93.11499786376952,93.22000122070312,93.08999633789062,93.1500015258789,93.1500015258789,5561
2026-08-12 10:22:00,93.16000366210938,93.37000274658205,93.11000061035156,93.37000274658205,93.37000274658205,16471
2026-08-12 10:23:00,93.4000015258789,93.41500091552734,93.2699966430664,93.3000030517578,93.3000030517578,8630
2026-08-12 10:24:00,93.36000061035156,93.41000366210938,93.23999786376952,93.23999786376952,93.23999786376952,3950
2026-08-12 10:25:00,93.22000122070312,93.24500274658205,93.1999969482422,93.20500183105467,93.20500183105467,1680
2026-08-12 10:26:00,93.20500183105467,93.47979736328124,93.12999725341795,93.38999938964844,93.38999938964844,15490
2026-08-12 10:27:00,93.3000030517578,93.3000030517578,93.26499938964844,93.26499938964844,93.26499938964844,1074
2026-08-12 10:28:00,93.18000030517578,93.22000122070312,93.18000030517578,93.22000122070312,93.22000122070312,1825
2026-08-12 10:29:00,93.29000091552734,93.3499984741211,93.1500015258789,93.1500015258789,93.1500015258789,9722
2026-08-12 10:30:00,93.16500091552734,93.16500091552734,93.11000061035156,93.1147003173828,93.1147003173828,3500
2026-08-12 10:31:00,93.15499877929688,93.15499877929688,93.0500030517578,93.13999938964844,93.13999938964844,4716
2026-08-12 10:32:00,93.0,93.06999969482422,92.99500274658205,92.99500274658205,92.99500274658205,2787
2026-08-12 10:33:00,93.0,93.08999633789062,92.9800033569336,93.08999633789062,93.08999633789062,5675
2026-08-12 10:34:00,93.08499908447266,93.08999633789062,93.0,93.05999755859376,93.05999755859376,17203
2026-08-12 10:35:00,93.0,93.0,92.9625015258789,92.96499633789062,92.96499633789062,15596
2026-08-12 10:36:00,92.91000366210938,92.98999786376952,92.9000015258789,92.93000030517578,92.93000030517578,25465
2026-08-12 10:37:00,92.8949966430664,92.93990325927734,92.8949966430664,92.91999816894533,92.91999816894533,1894
2026-08-12 10:38:00,92.87000274658205,92.94000244140624,92.76000213623048,92.81500244140624,92.81500244140624,15475
2026-08-12 10:39:00,92.83000183105467,92.83000183105467,92.81749725341795,92.81999969482422,92.81999969482422,9481
2026-08-12 10:40:00,92.7699966430664,92.86000061035156,92.76000213623048,92.8499984741211,92.8499984741211,3405
2026-08-12 10:41:00,92.8000030517578,92.87000274658205,92.8000030517578,92.83499908447266,92.83499908447266,6747
2026-08-12 10:42:00,92.8000030517578,92.81999969482422,92.73999786376952,92.75,92.75,11463
2026-08-12 10:43:00,92.73500061035156,92.73500061035156,92.6999969482422,92.6999969482422,92.6999969482422,2785
2026-08-12 10:44:00,92.73500061035156,92.8499984741211,92.73500061035156,92.80500030517578,92.80500030517578,9279
2026-08-12 10:45:00,92.81999969482422,92.8625030517578,92.81999969482422,92.8625030517578,92.8625030517578,3055
2026-08-12 10:46:00,92.87000274658205,92.87000274658205,92.81999969482422,92.81999969482422,92.81999969482422,7615
2026-08-12 10:47:00,92.83000183105467,92.8550033569336,92.77999877929688,92.79000091552734,92.79000091552734,15626
2026-08-12 10:48:00,92.78250122070312,92.78500366210938,92.69000244140624,92.72000122070312,92.72000122070312,7859
2026-08-12 10:49:00,92.70999908447266,92.79000091552734,92.70999908447266,92.7699966430664,92.7699966430664,1659
2026-08-12 10:50:00,92.7699966430664,92.80999755859376,92.7699966430664,92.7699966430664,92.7699966430664,1212
2026-08-12 10:51:00,92.8000030517578,92.86000061035156,92.76499938964844,92.83999633789062,92.83999633789062,3129
2026-08-12 10:52:00,92.9000015258789,92.9000015258789,92.83499908447266,92.83499908447266,92.83499908447266,1214
2026-08-12 10:53:00,92.83499908447266,92.88999938964844,92.83000183105467,92.83000183105467,92.83000183105467,1539
2026-08-12 10:54:00,92.83000183105467,92.98999786376952,92.83000183105467,92.98999786376952,92.98999786376952,7391
2026-08-12 10:55:00,92.95500183105467,93.05999755859376,92.93000030517578,93.04000091552734,93.04000091552734,5428
2026-08-12 10:56:00,92.98999786376952,93.01499938964844,92.9800033569336,92.98999786376952,92.98999786376952,5860
2026-08-12 10:57:00,92.97679901123048,93.0,92.93499755859376,93.0,93.0,4965
2026-08-12 10:58:00,92.9800033569336,93.04000091552734,92.9800033569336,93.04000091552734,93.04000091552734,2378
2026-08-12 10:59:00,93.0,93.12000274658205,93.0,93.0500030517578,93.0500030517578,5891
2026-08-12 11:00:00,93.0250015258789,93.0250015258789,92.97010040283205,92.97010040283205,92.97010040283205,430
2026-08-12 11:01:00,93.0250015258789,93.06999969482422,93.0250015258789,93.06500244140624,93.06500244140624,1538
2026-08-12 11:02:00,93.05999755859376,93.08999633789062,93.04000091552734,93.06999969482422,93.06999969482422,2069
2026-08-12 11:03:00,93.06999969482422,93.06999969482422,93.04000091552734,93.04000091552734,93.04000091552734,1397
2026-08-12 11:04:00,93.12000274658205,93.12000274658205,93.0000991821289,93.0000991821289,93.0000991821289,2719
2026-08-12 11:05:00,93.05500030517578,93.05500030517578,93.04000091552734,93.04000091552734,93.04000091552734,3113
2026-08-12 11:06:00,93.0199966430664,93.06999969482422,93.0,93.0199966430664,93.0199966430664,2431
2026-08-12 11:07:00,93.06999969482422,93.08000183105467,93.04000091552734,93.06999969482422,93.06999969482422,1817
2026-08-12 11:08:00,93.08000183105467,93.2300033569336,93.04499816894533,93.22000122070312,93.22000122070312,2769
2026-08-12 11:09:00,93.2249984741211,93.4000015258789,93.1999969482422,93.4000015258789,93.4000015258789,3322
2026-08-12 11:10:00,93.38999938964844,93.55999755859376,93.38999938964844,93.55999755859376,93.55999755859376,3801
2026-08-12 11:11:00,93.55999755859376,93.55999755859376,93.38999938964844,93.38999938964844,93.38999938964844,3596
2026-08-12 11:12:00,93.43000030517578,93.4800033569336,93.43000030517578,93.4800033569336,93.4800033569336,673
2026-08-12 11:13:00,93.45999908447266,93.5,93.4499969482422,93.5,93.5,1358
2026-08-12 11:14:00,93.55999755859376,93.55999755859376,93.55999755859376,93.55999755859376,93.55999755859376,775
2026-08-12 11:15:00,93.5,93.5,93.45999908447266,93.45999908447266,93.45999908447266,4411
2026-08-12 11:16:00,93.45999908447266,93.45999908447266,93.45999908447266,93.45999908447266,93.45999908447266,951
2026-08-12 11:17:00,93.45999908447266,93.54000091552734,93.45500183105467,93.5,93.5,2605
2026-08-12 11:18:00,93.62989807128906,93.62999725341795,93.54000091552734,93.56500244140624,93.56500244140624,6868
2026-08-12 11:19:00,93.5,93.5,93.44000244140624,93.49500274658205,93.49500274658205,3194
2026-08-12 11:20:00,93.4499969482422,93.4499969482422,93.41000366210938,93.4499969482422,93.4499969482422,4154
2026-08-12 11:21:00,93.47000122070312,93.47000122070312,93.30500030517578,93.30500030517578,93.30500030517578,3090
2026-08-12 11:22:00,93.37999725341795,93.46990203857422,93.33989715576172,93.4000015258789,93.4000015258789,3690
2026-08-12 11:23:00,93.41000366210938,93.41000366210938,93.41000366210938,93.41000366210938,93.41000366210938,851
2026-08-12 11:25:00,93.40499877929688,93.44499969482422,93.40499877929688,93.43499755859376,93.43499755859376,1737
2026-08-12 11:26:00,93.4499969482422,93.4800033569336,93.41500091552734,93.45500183105467,93.45500183105467,31219
2026-08-12 11:27:00,93.45999908447266,93.45999908447266,93.3499984741211,93.38999938964844,93.38999938964844,33456
2026-08-12 11:28:00,93.38249969482422,93.38249969482422,93.375,93.375,93.375,1800
2026-08-12 11:29:00,93.41000366210938,93.44499969482422,93.41000366210938,93.41999816894533,93.41999816894533,1981
2026-08-12 11:30:00,93.40670013427734,93.4250030517578,93.08999633789062,93.11000061035156,93.11000061035156,8588
2026-08-12 11:31:00,93.01000213623048,93.01000213623048,92.7699966430664,92.80999755859376,92.80999755859376,4956
2026-08-12 11:32:00,92.83999633789062,92.88999938964844,92.7300033569336,92.77999877929688,92.77999877929688,5189
2026-08-12 11:33:00,92.75,92.79000091552734,92.70999908447266,92.7699966430664,92.7699966430664,8268
2026-08-12 11:34:00,92.7699966430664,92.7699966430664,92.66999816894533,92.68000030517578,92.68000030517578,9276
2026-08-12 11:35:00,92.70500183105467,92.72000122070312,92.5999984741211,92.6449966430664,92.6449966430664,12535
2026-08-12 11:36:00,92.6449966430664,92.66500091552734,92.37000274658205,92.45500183105467,92.45500183105467,28621
2026-08-12 11:37:00,92.4000015258789,92.4499969482422,92.37000274658205,92.41999816894533,92.41999816894533,3857
2026-08-12 11:38:00,92.38999938964844,92.45999908447266,92.38999938964844,92.4499969482422,92.4499969482422,3803
2026-08-12 11:39:00,92.45999908447266,92.46499633789062,92.4000015258789,92.4000015258789,92.4000015258789,6428
2026-08-12 11:40:00,92.41999816894533,92.41999816894533,92.30999755859376,92.30999755859376,92.30999755859376,3692
2026-08-12 11:41:00,92.36499786376952,92.36900329589844,92.25,92.25,92.25,20345
2026-08-12 11:42:00,92.33000183105467,92.3499984741211,92.33000183105467,92.3499984741211,92.3499984741211,2707
2026-08-12 11:43:00,92.3499984741211,92.4800033569336,92.3249969482422,92.4800033569336,92.4800033569336,3880
2026-08-12 11:44:00,92.4800033569336,92.4800033569336,92.375,92.375,92.375,5067
2026-08-12 11:45:00,92.5199966430664,92.5199966430664,92.43499755859376,92.43499755859376,92.43499755859376,1442
2026-08-12 11:46:00,92.43499755859376,92.43499755859376,92.30999755859376,92.30999755859376,92.30999755859376,3739
2026-08-12 11:47:00,92.3000030517578,92.36990356445312,92.26000213623048,92.3000030517578,92.3000030517578,6778
2026-08-12 11:48:00,92.3249969482422,92.3550033569336,92.25,92.3000030517578,92.3000030517578,6108
2026-08-12 11:49:00,92.3040008544922,92.37999725341795,92.3000030517578,92.3550033569336,92.3550033569336,11762
2026-08-12 11:50:00,92.41000366210938,92.489501953125,92.37000274658205,92.41000366210938,92.41000366210938,4956
2026-08-12 11:51:00,92.41000366210938,92.4250030517578,92.37000274658205,92.4250030517578,92.4250030517578,2093
2026-08-12 11:52:00,92.4250030517578,92.4250030517578,92.36499786376952,92.36499786376952,92.36499786376952,7178
2026-08-12 11:53:00,92.375,92.45999908447266,92.375,92.4000015258789,92.4000015258789,8344
2026-08-12 11:54:00,92.33000183105467,92.37000274658205,92.33000183105467,92.37000274658205,92.37000274658205,1031
2026-08-12 11:55:00,92.3550033569336,92.3550033569336,92.3000030517578,92.3000030517578,92.3000030517578,2820
2026-08-12 11:56:00,92.25050354003906,92.26499938964844,92.20999908447266,92.26499938964844,92.26499938964844,2724
2026-08-12 11:57:00,92.26499938964844,92.26499938964844,92.25,92.26000213623048,92.26000213623048,6927
2026-08-12 11:58:00,92.26000213623048,92.26000213623048,92.20999908447266,92.20999908447266,92.20999908447266,2586
2026-08-12 11:59:00,92.20999908447266,92.21499633789062,92.19000244140624,92.21499633789062,92.21499633789062,14618
2026-08-12 12:00:00,92.1999969482422,92.2699966430664,92.1999969482422,92.22000122070312,92.22000122070312,1984
2026-08-12 12:01:00,92.2699966430664,92.30999755859376,92.25,92.30999755859376,92.30999755859376,3190
2026-08-12 12:02:00,92.29499816894533,92.38999938964844,92.29499816894533,92.38999938964844,92.38999938964844,1772
2026-08-12 12:03:00,92.33999633789062,92.47000122070312,92.33999633789062,92.47000122070312,92.47000122070312,3420
2026-08-12 12:04:00,92.47000122070312,92.4800033569336,92.37999725341795,92.37999725341795,92.37999725341795,4994
2026-08-12 12:05:00,92.4000015258789,92.43000030517578,92.4000015258789,92.43000030517578,92.43000030517578,3175
2026-08-12 12:06:00,92.41000366210938,92.44499969482422,92.16000366210938,92.25,92.25,8077
2026-08-12 12:07:00,92.27999877929688,92.29000091552734,92.27999877929688,92.28500366210938,92.28500366210938,1690
2026-08-12 12:08:00,92.29499816894533,92.31999969482422,92.28500366210938,92.31999969482422,92.31999969482422,1702
2026-08-12 12:09:00,92.33999633789062,92.37999725341795,92.33999633789062,92.37999725341795,92.37999725341795,1494
2026-08-12 12:10:00,92.33999633789062,92.41999816894533,92.31999969482422,92.41999816894533,92.41999816894533,8569
2026-08-12 12:11:00,92.5,92.5,92.44000244140624,92.46499633789062,92.46499633789062,4731
2026-08-12 12:12:00,92.47000122070312,92.61000061035156,92.45999908447266,92.5999984741211,92.5999984741211,13696
2026-08-12 12:13:00,92.61000061035156,92.62999725341795,92.5749969482422,92.5749969482422,92.5749969482422,6374
2026-08-12 12:14:00,92.58999633789062,92.58999633789062,92.54000091552734,92.56500244140624,92.56500244140624,11326
2026-08-12 12:15:00,92.54000091552734,92.54000091552734,92.53500366210938,92.53500366210938,92.53500366210938,1594
2026-08-12 12:16:00,92.53500366210938,92.53500366210938,92.41999816894533,92.41999816894533,92.41999816894533,8581
2026-08-12 12:17:00,92.41000366210938,92.41000366210938,92.30500030517578,92.37999725341795,92.37999725341795,5217
2026-08-12 12:18:00,92.31999969482422,92.3550033569336,92.31999969482422,92.3375015258789,92.3375015258789,1010
2026-08-12 12:19:00,92.36000061035156,92.36499786376952,92.3395004272461,92.3395004272461,92.3395004272461,1258
2026-08-12 12:20:00,92.36499786376952,92.37000274658205,92.32869720458984,92.3499984741211,92.3499984741211,4538
2026-08-12 12:21:00,92.3499984741211,92.37000274658205,92.33000183105467,92.33000183105467,92.33000183105467,4255
2026-08-12 12:22:00,92.33499908447266,92.36000061035156,92.3249969482422,92.3249969482422,92.3249969482422,1968
2026-08-12 12:23:00,92.3249969482422,92.3324966430664,92.30500030517578,92.30500030517578,92.30500030517578,1742
2026-08-12 12:24:00,92.30500030517578,92.3550033569336,92.27999877929688,92.31999969482422,92.31999969482422,4219
2026-08-12 12:25:00,92.31999969482422,92.33999633789062,92.31999969482422,92.33999633789062,92.33999633789062,458
2026-08-12 12:26:00,92.33499908447266,92.33499908447266,92.31999969482422,92.31999969482422,92.31999969482422,1183
2026-08-12 12:27:00,92.31500244140624,92.31500244140624,92.21499633789062,92.25,92.25,2723
2026-08-12 12:28:00,92.25,92.27999877929688,92.23999786376952,92.2750015258789,92.2750015258789,6185
2026-08-12 12:29:00,92.28500366210938,92.3000030517578,92.25,92.25,92.25,4846
2026-08-12 12:30:00,92.27999877929688,92.27999877929688,92.25,92.25,92.25,1597
2026-08-12 12:31:00,92.2699966430664,92.2699966430664,92.22000122070312,92.23600006103516,92.23600006103516,3857
2026-08-12 12:32:00,92.23999786376952,92.23999786376952,92.22000122070312,92.2300033569336,92.2300033569336,2443
2026-08-12 12:33:00,92.1999969482422,92.2249984741211,92.1999969482422,92.1999969482422,92.1999969482422,1775
2026-08-12 12:34:00,92.19499969482422,92.1999969482422,92.16000366210938,92.16000366210938,92.16000366210938,1869
2026-08-12 12:35:00,92.19000244140624,92.21900177001952,92.15350341796876,92.1798324584961,92.1798324584961,5799
2026-08-12 12:36:00,92.1500015258789,92.23999786376952,92.1500015258789,92.23999786376952,92.23999786376952,13224
2026-08-12 12:37:00,92.23999786376952,92.29000091552734,92.23999786376952,92.29000091552734,92.29000091552734,3676
2026-08-12 12:38:00,92.28500366210938,92.28500366210938,92.26000213623048,92.28500366210938,92.28500366210938,1499
2026-08-12 12:39:00,92.3000030517578,92.31500244140624,92.27999877929688,92.27999877929688,92.27999877929688,1172
2026-08-12 12:40:00,92.28600311279295,92.33000183105467,92.28600311279295,92.33000183105467,92.33000183105467,1857
2026-08-12 12:41:00,92.30740356445312,92.33000183105467,92.3000030517578,92.33000183105467,92.33000183105467,3149
2026-08-12 12:42:00,92.3000030517578,92.3000030517578,92.3000030517578,92.3000030517578,92.3000030517578,2209
2026-08-12 12:43:00,92.27400207519533,92.30500030517578,92.27400207519533,92.30500030517578,92.30500030517578,1481
2026-08-12 12:44:00,92.27999877929688,92.30999755859376,92.27999877929688,92.30999755859376,92.30999755859376,1677
2026-08-12 12:45:00,92.3249969482422,92.33999633789062,92.2750015258789,92.2750015258789,92.2750015258789,12699
2026-08-12 12:46:00,92.2750015258789,92.31999969482422,92.26360321044922,92.31999969482422,92.31999969482422,3557
2026-08-12 12:47:00,92.30999755859376,92.33999633789062,92.30249786376952,92.30500030517578,92.30500030517578,7384
2026-08-12 12:48:00,92.30500030517578,92.32119750976562,92.26499938964844,92.32119750976562,92.32119750976562,5114
2026-08-12 12:49:00,92.33999633789062,92.38999938964844,92.33499908447266,92.38999938964844,92.38999938964844,2730
2026-08-12 12:50:00,92.37999725341795,92.37999725341795,92.37999725341795,92.37999725341795,92.37999725341795,705
2026-08-12 12:51:00,92.41000366210938,92.41999816894533,92.38999938964844,92.41999816894533,92.41999816894533,2158
2026-08-12 12:52:00,92.4000015258789,92.43000030517578,92.38629913330078,92.38629913330078,92.38629913330078,2311
2026-08-12 12:53:00,92.3949966430664,92.3949966430664,92.30999755859376,92.30999755859376,92.30999755859376,4298
2026-08-12 12:54:00,92.30500030517578,92.3249969482422,92.27999877929688,92.28500366210938,92.28500366210938,8067
2026-08-12 12:55:00,92.29000091552734,92.31500244140624,92.18000030517578,92.30999755859376,92.30999755859376,14376
2026-08-12 12:56:00,92.3249969482422,92.3249969482422,92.3249969482422,92.3249969482422,92.3249969482422,1139
2026-08-12 12:57:00,92.3000030517578,92.3000030517578,92.3000030517578,92.3000030517578,92.3000030517578,1434
2026-08-12 12:58:00,92.3000030517578,92.3000030517578,92.2699966430664,92.2699966430664,92.2699966430664,3497
2026-08-12 12:59:00,92.2699966430664,92.2699966430664,92.2699966430664,92.2699966430664,92.2699966430664,1310
2026-08-12 13:00:00,92.25,92.27999877929688,92.25,92.2699966430664,92.2699966430664,1455
2026-08-12 13:01:00,92.2699966430664,92.29499816894533,92.25,92.25,92.25,4933
2026-08-12 13:02:00,92.22000122070312,92.22000122070312,92.15350341796876,92.15599822998048,92.15599822998048,2677
2026-08-12 13:03:00,92.18000030517578,92.18499755859376,92.13999938964844,92.1500015258789,92.1500015258789,4497
2026-08-12 13:04:00,92.1698989868164,92.16999816894533,92.1500015258789,92.16000366210938,92.16000366210938,4329
2026-08-12 13:05:00,92.1500015258789,92.16500091552734,92.1500015258789,92.1500015258789,92.1500015258789,2716
2026-08-12 13:06:00,92.13999938964844,92.13999938964844,92.12000274658205,92.12999725341795,92.12999725341795,1947
2026-08-12 13:07:00,92.12999725341795,92.12999725341795,92.0999984741211,92.0999984741211,92.0999984741211,5433
2026-08-12 13:08:00,92.08999633789062,92.11499786376952,92.08999633789062,92.11499786376952,92.11499786376952,4940
2026-08-12 13:09:00,92.12000274658205,92.12999725341795,92.12000274658205,92.12000274658205,92.12000274658205,1406
2026-08-12 13:10:00,92.12000274658205,92.12999725341795,92.1050033569336,92.1050033569336,92.1050033569336,1775
2026-08-12 13:11:00,92.0999984741211,92.0999984741211,92.05999755859376,92.0999984741211,92.0999984741211,8669
2026-08-12 13:12:00,92.08499908447266,92.1999969482422,92.08499908447266,92.1999969482422,92.1999969482422,5363
2026-08-12 13:13:00,92.19000244140624,92.19000244140624,92.13500213623048,92.13500213623048,92.13500213623048,2454
2026-08-12 13:14:00,92.12999725341795,92.12999725341795,92.12999725341795,92.12999725341795,92.12999725341795,620
2026-08-12 13:15:00,92.1500015258789,92.16500091552734,92.12000274658205,92.12999725341795,92.12999725341795,4425
2026-08-12 13:16:00,92.12999725341795,92.1500015258789,92.12999725341795,92.13999938964844,92.13999938964844,2792
2026-08-12 13:17:00,92.12000274658205,92.13990020751952,92.12000274658205,92.12000274658205,92.12000274658205,4102
2026-08-12 13:18:00,92.12000274658205,92.23500061035156,92.12000274658205,92.20999908447266,92.20999908447266,8637
2026-08-12 13:19:00,92.1999969482422,92.22989654541016,92.1999969482422,92.22989654541016,92.22989654541016,2350
2026-08-12 13:20:00,92.1750030517578,92.19000244140624,92.1750030517578,92.18000030517578,92.18000030517578,1278
2026-08-12 13:21:00,92.1500015258789,92.18000030517578,92.125,92.16999816894533,92.16999816894533,3932
2026-08-12 13:22:00,92.1999969482422,92.22000122070312,92.16999816894533,92.16999816894533,92.16999816894533,5674
2026-08-12 13:23:00,92.16999816894533,92.18250274658205,92.15499877929688,92.15499877929688,92.15499877929688,2512
2026-08-12 13:24:00,92.16000366210938,92.18499755859376,92.16000366210938,92.18499755859376,92.18499755859376,1901
2026-08-12 13:25:00,92.19000244140624,92.2300033569336,92.18000030517578,92.20500183105467,92.20500183105467,7197
2026-08-12 13:26:00,92.23999786376952,92.23999786376952,92.20999908447266,92.2249984741211,92.2249984741211,2702
2026-08-12 13:27:00,92.2300033569336,92.23999786376952,92.1999969482422,92.23999786376952,92.23999786376952,3955
2026-08-12 13:28:00,92.23999786376952,92.23999786376952,92.23999786376952,92.23999786376952,92.23999786376952,717
2026-08-12 13:29:00,92.22000122070312,92.22949981689452,92.19000244140624,92.19000244140624,92.19000244140624,3634
2026-08-12 13:30:00,92.1521987915039,92.16999816894533,92.13999938964844,92.13999938964844,92.13999938964844,8303
2026-08-12 13:31:00,92.16000366210938,92.16999816894533,92.15499877929688,92.16999816894533,92.16999816894533,3324
2026-08-12 13:32:00,92.18499755859376,92.25,92.18499755859376,92.22000122070312,92.22000122070312,4397
2026-08-12 13:33:00,92.20500183105467,92.21900177001952,92.1999969482422,92.1999969482422,92.1999969482422,883
2026-08-12 13:34:00,92.1999969482422,92.20999908447266,92.1999969482422,92.20999908447266,92.20999908447266,880
2026-08-12 13:35:00,92.21499633789062,92.2699966430664,92.21499633789062,92.26499938964844,92.26499938964844,2468
2026-08-12 13:36:00,92.26000213623048,92.27999877929688,92.26000213623048,92.27999877929688,92.27999877929688,7820
2026-08-12 13:37:00,92.26000213623048,92.28500366210938,92.24500274658205,92.25,92.25,4326
2026-08-12 13:38:00,92.25,92.2699966430664,92.25,92.26499938964844,92.26499938964844,1379
2026-08-12 13:39:00,92.25,92.25399780273438,92.2300033569336,92.2300033569336,92.2300033569336,2887
2026-08-12 13:40:00,92.20999908447266,92.2300033569336,92.18000030517578,92.19000244140624,92.19000244140624,5234
2026-08-12 13:41:00,92.19499969482422,92.19499969482422,92.1500015258789,92.18990325927734,92.18990325927734,4414
2026-08-12 13:42:00,92.1500015258789,92.22000122070312,92.1500015258789,92.22000122070312,92.22000122070312,3375
2026-08-12 13:43:00,92.2300033569336,92.2300033569336,92.18000030517578,92.18000030517578,92.18000030517578,2065
2026-08-12 13:44:00,92.18000030517578,92.18000030517578,92.0999984741211,92.0999984741211,92.0999984741211,4580
2026-08-12 13:45:00,92.08999633789062,92.0999984741211,91.97000122070312,92.0199966430664,92.0199966430664,11244
2026-08-12 13:46:00,91.98999786376952,92.0,91.98500061035156,91.98999786376952,91.98999786376952,3296
2026-08-12 13:47:00,91.98999786376952,92.05999755859376,91.98999786376952,92.02999877929688,92.02999877929688,3560
2026-08-12 13:48:00,92.06999969482422,92.06999969482422,92.06999969482422,92.06999969482422,92.06999969482422,1059
2026-08-12 13:49:00,92.06500244140624,92.06500244140624,92.02999877929688,92.0500030517578,92.0500030517578,3733
2026-08-12 13:50:00,92.0,92.04000091552734,92.0,92.00499725341795,92.00499725341795,8533
2026-08-12 13:51:00,92.01000213623048,92.01000213623048,91.9800033569336,92.01000213623048,92.01000213623048,12498
2026-08-12 13:52:00,91.99500274658205,92.12000274658205,91.99500274658205,92.05999755859376,92.05999755859376,10255
2026-08-12 13:54:00,92.0500030517578,92.11000061035156,92.0500030517578,92.0999984741211,92.0999984741211,12834
2026-08-12 13:55:00,92.0749969482422,92.08999633789062,92.0749969482422,92.08000183105467,92.08000183105467,2812
2026-08-12 13:56:00,92.0999984741211,92.13999938964844,92.05059814453124,92.05059814453124,92.05059814453124,3195
2026-08-12 13:57:00,92.04000091552734,92.04000091552734,92.0,92.01499938964844,92.01499938964844,1497
2026-08-12 13:58:00,91.98999786376952,92.01499938964844,91.98999786376952,92.01499938964844,92.01499938964844,1401
2026-08-12 13:59:00,92.01499938964844,92.04000091552734,92.01499938964844,92.04000091552734,92.04000091552734,2288
2026-08-12 14:00:00,92.08000183105467,92.08000183105467,92.03199768066406,92.04499816894533,92.04499816894533,9566
2026-08-12 14:01:00,92.05999755859376,92.0749969482422,92.05999755859376,92.0749969482422,92.0749969482422,2198
2026-08-12 14:02:00,92.0749969482422,92.0749969482422,92.02999877929688,92.02999877929688,92.02999877929688,4871
2026-08-12 14:03:00,92.03500366210938,92.03500366210938,92.03500366210938,92.03500366210938,92.03500366210938,1405
2026-08-12 14:04:00,92.03500366210938,92.03500366210938,91.98999786376952,91.98999786376952,91.98999786376952,5130
2026-08-12 14:05:00,91.98999786376952,92.04000091552734,91.98999786376952,92.04000091552734,92.04000091552734,2618
2026-08-12 14:06:00,92.0199966430664,92.0199966430664,91.9800033569336,91.98999786376952,91.98999786376952,8239
2026-08-12 14:07:00,91.9800033569336,91.9800033569336,91.9000015258789,91.91999816894533,91.91999816894533,13764
2026-08-12 14:08:00,91.9000015258789,91.9000015258789,91.83999633789062,91.87000274658205,91.87000274658205,2801
2026-08-12 14:09:00,91.87000274658205,91.91999816894533,91.87000274658205,91.91999816894533,91.91999816894533,3223
2026-08-12 14:10:00,91.91999816894533,91.91999816894533,91.85399627685548,91.89900207519533,91.89900207519533,3103
2026-08-12 14:11:00,91.9000015258789,91.93499755859376,91.88999938964844,91.91999816894533,91.91999816894533,8557
2026-08-12 14:12:00,91.8949966430664,91.8949966430664,91.8949966430664,91.8949966430664,91.8949966430664,1154
2026-08-12 14:13:00,91.87999725341795,91.88500213623048,91.87999725341795,91.88500213623048,91.88500213623048,3383
2026-08-12 14:14:00,91.87000274658205,91.90339660644533,91.86000061035156,91.86599731445312,91.86599731445312,958
2026-08-12 14:15:00,91.88500213623048,91.88500213623048,91.8311996459961,91.8550033569336,91.8550033569336,3704
2026-08-12 14:16:00,91.8550033569336,91.88999938964844,91.8550033569336,91.86720275878906,91.86720275878906,2847
2026-08-12 14:17:00,91.87000274658205,91.9000015258789,91.86499786376952,91.9000015258789,91.9000015258789,2845
2026-08-12 14:18:00,91.87999725341795,91.88999938964844,91.87000274658205,91.875,91.875,2709
2026-08-12 14:19:00,91.88999938964844,91.91999816894533,91.88999938964844,91.9000015258789,91.9000015258789,4527
2026-08-12 14:20:00,91.9000015258789,91.91999816894533,91.87999725341795,91.9000015258789,91.9000015258789,2233
2026-08-12 14:21:00,91.8949966430664,91.9499969482422,91.8949966430664,91.9499969482422,91.9499969482422,2902
2026-08-12 14:22:00,91.95999908447266,91.96880340576172,91.91500091552734,91.91500091552734,91.91500091552734,8720
2026-08-12 14:23:00,91.91500091552734,91.918701171875,91.8949966430664,91.918701171875,91.918701171875,5968
2026-08-12 14:24:00,91.90499877929688,91.90499877929688,91.90499877929688,91.90499877929688,91.90499877929688,556
2026-08-12 14:25:00,91.91999816894533,91.91999816894533,91.87000274658205,91.87470245361328,91.87470245361328,4976
2026-08-12 14:26:00,91.8499984741211,91.9499969482422,91.8499984741211,91.93499755859376,91.93499755859376,16420
2026-08-12 14:27:00,91.95999908447266,91.98999786376952,91.93000030517578,91.98999786376952,91.98999786376952,14253
2026-08-12 14:28:00,91.94000244140624,91.94000244140624,91.93000030517578,91.93000030517578,91.93000030517578,2223
2026-08-12 14:29:00,91.9250030517578,91.9800033569336,91.83999633789062,91.83999633789062,91.83999633789062,21908
2026-08-12 14:30:00,91.83999633789062,91.88999938964844,91.83499908447266,91.88999938964844,91.88999938964844,5019
2026-08-12 14:31:00,91.87000274658205,91.8949966430664,91.87000274658205,91.8949966430664,91.8949966430664,615
2026-08-12 14:32:00,91.8949966430664,91.9250030517578,91.86119842529295,91.91999816894533,91.91999816894533,5836
2026-08-12 14:33:00,91.9250030517578,92.01000213623048,91.9250030517578,92.00499725341795,92.00499725341795,2760
2026-08-12 14:34:00,92.0199966430664,92.13999938964844,92.0199966430664,92.11000061035156,92.11000061035156,5095
2026-08-12 14:35:00,92.11000061035156,92.12000274658205,92.03500366210938,92.03500366210938,92.03500366210938,12862
2026-08-12 14:36:00,92.03500366210938,92.05999755859376,92.03500366210938,92.05500030517578,92.05500030517578,6533
2026-08-12 14:37:00,92.01000213623048,92.0199966430664,91.9499969482422,91.9499969482422,91.9499969482422,4982
2026-08-12 14:38:00,91.96499633789062,91.96499633789062,91.95999908447266,91.95999908447266,91.95999908447266,2992
2026-08-12 14:39:00,91.93000030517578,91.9800033569336,91.93000030517578,91.94000244140624,91.94000244140624,6436
2026-08-12 14:40:00,91.9499969482422,91.9499969482422,91.93000030517578,91.93000030517578,91.93000030517578,1772
2026-08-12 14:41:00,91.91999816894533,91.93000030517578,91.89810180664062,91.9001007080078,91.9001007080078,4408
2026-08-12 14:42:00,91.91999816894533,91.91999816894533,91.91500091552734,91.91500091552734,91.91500091552734,3680
2026-08-12 14:43:00,91.9000015258789,91.9499969482422,91.9000015258789,91.94000244140624,91.94000244140624,9162
2026-08-12 14:44:00,91.94499969482422,91.98560333251952,91.94499969482422,91.98560333251952,91.98560333251952,1950
2026-08-12 14:45:00,91.9800033569336,91.9800033569336,91.95999908447266,91.95999908447266,91.95999908447266,2583
2026-08-12 14:46:00,91.95500183105467,91.97000122070312,91.9499969482422,91.97000122070312,91.97000122070312,2873
2026-08-12 14:47:00,91.97000122070312,91.97000122070312,91.9499969482422,91.95999908447266,91.95999908447266,10230
2026-08-12 14:48:00,91.94000244140624,91.9800033569336,91.90599822998048,91.95500183105467,91.95500183105467,6813
2026-08-12 14:49:00,91.95500183105467,92.03060150146484,91.95500183105467,92.03060150146484,92.03060150146484,3647
2026-08-12 14:50:00,92.04000091552734,92.06999969482422,92.04000091552734,92.04499816894533,92.04499816894533,3827
2026-08-12 14:51:00,92.04499816894533,92.04499816894533,92.0199966430664,92.0199966430664,92.0199966430664,2923
2026-08-12 14:52:00,92.01000213623048,92.0199966430664,91.97000122070312,91.9800033569336,91.9800033569336,2854
2026-08-12 14:53:00,92.02999877929688,92.02999877929688,91.98999786376952,91.98999786376952,91.98999786376952,2322
2026-08-12 14:54:00,91.98999786376952,91.98999786376952,91.9499969482422,91.95600128173828,91.95600128173828,2215
2026-08-12 14:55:00,91.98500061035156,91.98500061035156,91.98500061035156,91.98500061035156,91.98500061035156,1048
2026-08-12 14:56:00,91.97000122070312,92.0199966430664,91.96499633789062,92.01000213623048,92.01000213623048,6837
2026-08-12 14:58:00,91.98999786376952,91.98999786376952,91.9499969482422,91.9499969482422,91.9499969482422,2778
2026-08-12 14:59:00,91.93000030517578,91.93599700927734,91.93000030517578,91.93599700927734,91.93599700927734,1486
2026-08-12 15:00:00,91.96499633789062,92.00499725341795,91.96499633789062,92.00499725341795,92.00499725341795,4055
2026-08-12 15:01:00,92.0199966430664,92.0250015258789,92.01599884033205,92.01599884033205,92.01599884033205,4006
2026-08-12 15:02:00,92.01000213623048,92.01000213623048,91.9499969482422,91.9499969482422,91.9499969482422,3953
2026-08-12 15:03:00,91.95999908447266,91.95999908447266,91.9459991455078,91.9459991455078,91.9459991455078,566
2026-08-12 15:04:00,91.96499633789062,92.01000213623048,91.96499633789062,92.01000213623048,92.01000213623048,3612
2026-08-12 15:05:00,91.98999786376952,92.01000213623048,91.96600341796876,91.98500061035156,91.98500061035156,2126
2026-08-12 15:06:00,91.9499969482422,91.9499969482422,91.86000061035156,91.86000061035156,91.86000061035156,7977
2026-08-12 15:07:00,91.86599731445312,91.8949966430664,91.86599731445312,91.87999725341795,91.87999725341795,2828
2026-08-12 15:08:00,91.875,91.875,91.86000061035156,91.86599731445312,91.86599731445312,2181
2026-08-12 15:09:00,91.87000274658205,91.87899780273438,91.83000183105467,91.83000183105467,91.83000183105467,4652
2026-08-12 15:10:00,91.83000183105467,91.83999633789062,91.81999969482422,91.83999633789062,91.83999633789062,3221
2026-08-12 15:11:00,91.8499984741211,91.8499984741211,91.84500122070312,91.8499984741211,91.8499984741211,2979
2026-08-12 15:12:00,91.84149932861328,91.88510131835938,91.81999969482422,91.8499984741211,91.8499984741211,11487
2026-08-12 15:13:00,91.8499984741211,91.9250030517578,91.8499984741211,91.9250030517578,91.9250030517578,6779
2026-08-12 15:14:00,91.9250030517578,91.9800033569336,91.91000366210938,91.9800033569336,91.9800033569336,4764
2026-08-12 15:15:00,91.97000122070312,91.9800033569336,91.93599700927734,91.93599700927734,91.93599700927734,3762
2026-08-12 15:16:00,91.95500183105467,91.95500183105467,91.8635025024414,91.8635025024414,91.8635025024414,2031
2026-08-12 15:17:00,91.8499984741211,91.85399627685548,91.77999877929688,91.78500366210938,91.78500366210938,9645
2026-08-12 15:18:00,91.76000213623048,91.76000213623048,91.72000122070312,91.72000122070312,91.72000122070312,2085
2026-08-12 15:19:00,91.73999786376952,91.79000091552734,91.73999786376952,91.78500366210938,91.78500366210938,6366
2026-08-12 15:20:00,91.78500366210938,91.79000091552734,91.72000122070312,91.72000122070312,91.72000122070312,7818
2026-08-12 15:21:00,91.73500061035156,91.73999786376952,91.70999908447266,91.73999786376952,91.73999786376952,5557
2026-08-12 15:22:00,91.7249984741211,91.75,91.7249984741211,91.7300033569336,91.7300033569336,2532
2026-08-12 15:23:00,91.7249984741211,91.7249984741211,91.6999969482422,91.7249984741211,91.7249984741211,3274
2026-08-12 15:24:00,91.7249984741211,91.75,91.6999969482422,91.7249984741211,91.7249984741211,5145
2026-08-12 15:25:00,91.72000122070312,91.75499725341795,91.6999969482422,91.75499725341795,91.75499725341795,6684
2026-08-12 15:26:00,91.74600219726562,91.83000183105467,91.74600219726562,91.81400299072266,91.81400299072266,4358
2026-08-12 15:27:00,91.8000030517578,91.8000030517578,91.75,91.78500366210938,91.78500366210938,4072
2026-08-12 15:28:00,91.78500366210938,91.78500366210938,91.75,91.7750015258789,91.7750015258789,8490
2026-08-12 15:29:00,91.7750015258789,91.77999877929688,91.76499938964844,91.7750015258789,91.7750015258789,7110
2026-08-12 15:30:00,91.75,91.7750015258789,91.66000366210938,91.66000366210938,91.66000366210938,12254
2026-08-12 15:31:00,91.66500091552734,91.6999969482422,91.58000183105467,91.5999984741211,91.5999984741211,13383
2026-08-12 15:32:00,91.61000061035156,91.61000061035156,91.5500030517578,91.55500030517578,91.55500030517578,5047
2026-08-12 15:33:00,91.52999877929688,91.52999877929688,91.4800033569336,91.48999786376952,91.48999786376952,6801
2026-08-12 15:34:00,91.48999786376952,91.5199966430664,91.44000244140624,91.44000244140624,91.44000244140624,9479
2026-08-12 15:35:00,91.42009735107422,91.5199966430664,91.42009735107422,91.5,91.5,10887
2026-08-12 15:36:00,91.5,91.55500030517578,91.5,91.51499938964844,91.51499938964844,8931
2026-08-12 15:37:00,91.51010131835938,91.58000183105467,91.5,91.55999755859376,91.55999755859376,9261
2026-08-12 15:38:00,91.55999755859376,91.61000061035156,91.55999755859376,91.5999984741211,91.5999984741211,6120
2026-08-12 15:39:00,91.61000061035156,91.61000061035156,91.52999877929688,91.5500030517578,91.5500030517578,5721
2026-08-12 15:40:00,91.55780029296876,91.55999755859376,91.48999786376952,91.5199966430664,91.5199966430664,9538
2026-08-12 15:41:00,91.5,91.56999969482422,91.5,91.55999755859376,91.55999755859376,17298
2026-08-12 15:42:00,91.54000091552734,91.61000061035156,91.54000091552734,91.58999633789062,91.58999633789062,7716
2026-08-12 15:43:00,91.56099700927734,91.56099700927734,91.48049926757812,91.50499725341795,91.50499725341795,22731
2026-08-12 15:44:00,91.52999877929688,91.56999969482422,91.4800033569336,91.5500030517578,91.5500030517578,29178
2026-08-12 15:45:00,91.51000213623048,91.54000091552734,91.4499969482422,91.4800033569336,91.4800033569336,36214
2026-08-12 15:46:00,91.44000244140624,91.44000244140624,91.34500122070312,91.34500122070312,91.34500122070312,9682
2026-08-12 15:47:00,91.3499984741211,91.41999816894533,91.2699966430664,91.41999816894533,91.41999816894533,19520
2026-08-12 15:48:00,91.41999816894533,91.4800033569336,91.36000061035156,91.40499877929688,91.40499877929688,15950
2026-08-12 15:49:00,91.37999725341795,91.47000122070312,91.36000061035156,91.45500183105467,91.45500183105467,14019
2026-08-12 15:50:00,91.4499969482422,91.54000091552734,91.33000183105467,91.5,91.5,27997
2026-08-12 15:51:00,91.5,91.50499725341795,91.37999725341795,91.37999725341795,91.37999725341795,34175
2026-08-12 15:52:00,91.38500213623048,91.39800262451172,91.21749877929688,91.24500274658205,91.24500274658205,16621
2026-08-12 15:53:00,91.2300033569336,91.27999877929688,91.22000122070312,91.2300033569336,91.2300033569336,18768
2026-08-12 15:54:00,91.22000122070312,91.26000213623048,91.1500015258789,91.16000366210938,91.16000366210938,23588
2026-08-12 15:55:00,91.16500091552734,91.27999877929688,91.13999938964844,91.16999816894533,91.16999816894533,32248
2026-08-12 15:56:00,91.16999816894533,91.29000091552734,91.16999816894533,91.27999877929688,91.27999877929688,32112
2026-08-12 15:57:00,91.29000091552734,91.29000091552734,91.16999816894533,91.25499725341795,91.25499725341795,49876
2026-08-12 15:58:00,91.26000213623048,91.26000213623048,91.08000183105467,91.08999633789062,91.08999633789062,82757
2026-08-12 15:59:00,91.1050033569336,91.25,91.08000183105467,91.1999969482422,91.1999969482422,107497
2026-08-12 16:00:00,91.2,91.25,91.16,91.25,91.25,437509
2026-08-12 16:01:00,91.25,91.25,91.25,91.25,91.25,0
2026-08-12 16:04:00,91.2,91.2,91.2,91.2,91.2,0
2026-08-12 16:08:00,91.2,91.2,91.2,91.2,91.2,0
2026-08-12 16:09:00,91.01,91.01,91.01,91.01,91.01,0
2026-08-12 16:10:00,91.2,92.0,91.2,92.0,92.0,0
2026-08-12 16:15:00,91.2,91.2,91.2,91.2,91.2,0
2026-08-12 16:18:00,91.83,91.83,91.83,91.83,91.83,0
2026-08-12 16:19:00,91.5,91.5,91.5,91.5,91.5,0
2026-08-12 16:20:00,91.2,91.8167,91.2,91.8167,91.8167,0
2026-08-12 16:21:00,91.37,91.82,91.37,91.82,91.82,0
2026-08-12 16:22:00,91.5,91.5,91.37,91.5,91.5,0
2026-08-12 16:23:00,91.35,92.3,91.31,92.3,92.3,0
2026-08-12 16:24:00,92.3,92.3,92.3,92.3,92.3,0
2026-08-12 16:25:00,91.608,91.608,91.608,91.608,91.608,0
2026-08-12 16:27:00,91.4,91.5199,91.32,91.5199,91.5199,0
2026-08-12 16:29:00,91.52,91.52,91.52,91.52,91.52,0
2026-08-12 16:30:00,91.3,91.3,91.3,91.3,91.3,0
2026-08-12 16:31:00,91.3,91.3,91.3,91.3,91.3,0
2026-08-12 16:35:00,91.4,91.4,91.4,91.4,91.4,0
2026-08-12 16:36:00,91.4,91.4,91.4,91.4,91.4,0
2026-08-12 16:37:00,91.5,91.5,91.5,91.5,91.5,0
2026-08-12 16:38:00,91.5,91.5,91.41,91.41,91.41,0
2026-08-12 16:43:00,91.42,91.48,91.42,91.48,91.48,0
2026-08-12 16:45:00,91.4861,91.4861,91.4861,91.4861,91.4861,0
2026-08-12 16:47:00,91.2,91.38,91.2,91.38,91.38,0
2026-08-12 16:48:00,91.3864,91.3864,91.3864,91.3864,91.3864,0
2026-08-12 16:51:00,91.3351,91.3351,91.3351,91.3351,91.3351,0
2026-08-12 16:52:00,91.35,91.35,91.35,91.35,91.35,0
2026-08-12 16:54:00,91.33,91.3349,91.33,91.3349,91.3349,0
2026-08-12 16:55:00,91.35,91.35,91.35,91.35,91.35,0
2026-08-12 16:56:00,91.3489,91.3489,91.3489,91.3489,91.3489,0
2026-08-12 16:58:00,91.33,91.35,91.3,91.35,91.35,0
2026-08-12 17:00:00,91.35,91.35,91.35,91.35,91.35,0
2026-08-12 17:03:00,91.45,91.45,91.45,91.45,91.45,0
2026-08-12 17:07:00,91.49,91.5,91.49,91.5,91.5,0
2026-08-12 17:13:00,91.49,91.49,91.49,91.49,91.49,0
2026-08-12 17:16:00,91.49,91.55,91.49,91.55,91.55,0
2026-08-12 17:23:00,91.5,91.5,91.5,91.5,91.5,0
2026-08-12 17:25:00,91.2,91.2,91.2,91.2,91.2,0
2026-08-12 17:32:00,91.4,91.55,91.3,91.55,91.55,0
2026-08-12 17:33:00,91.3,91.3,91.3,91.3,91.3,0
2026-08-12 17:38:00,91.3,91.3,91.3,91.3,91.3,0
2026-08-12 17:40:00,91.5,91.5,91.5,91.5,91.5,0
2026-08-12 17:43:00,91.5113,91.5113,91.5113,91.5113,91.5113,0
2026-08-12 17:49:00,91.5,91.52,91.5,91.52,91.52,0
2026-08-12 17:50:00,91.52,91.52,91.52,91.52,91.52,0
2026-08-12 17:55:00,91.5338,91.5338,91.5338,91.5338,91.5338,0
2026-08-12 17:57:00,91.4,91.4,91.4,91.4,91.4,0
2026-08-12 18:01:00,91.5,91.5,91.5,91.5,91.5,0
2026-08-12 18:02:00,91.5113,91.5113,91.5113,91.5113,91.5113,0
2026-08-12 18:05:00,91.51,91.51,91.51,91.51,91.51,0
2026-08-12 18:09:00,91.43,91.43,91.31,91.31,91.31,0
2026-08-12 18:15:00,91.2,91.469,91.2,91.2,91.2,0
2026-08-12 18:30:00,91.45,91.5,91.35,91.5,91.5,0
2026-08-12 18:31:00,91.5,91.5,91.469,91.469,91.469,0
2026-08-12 18:33:00,91.5,91.5,91.5,91.5,91.5,0
2026-08-12 18:35:00,91.3,91.3,91.3,91.3,91.3,0
2026-08-12 18:48:00,91.5,91.5,91.5,91.5,91.5,0
2026-08-12 18:54:00,91.5,91.5,91.5,91.5,91.5,0
2026-08-12 18:56:00,91.45,91.45,91.45,91.45,91.45,0
2026-08-12 19:06:00,91.49,91.49,91.3,91.3,91.3,0
2026-08-12 19:10:00,91.4861,91.4861,91.4861,91.4861,91.4861,0
2026-08-12 19:13:00,91.47,91.47,91.47,91.47,91.47,0
2026-08-12 19:16:00,91.45,91.47,91.45,91.47,91.47,0
2026-08-12 19:17:00,91.47,91.47,91.47,91.47,91.47,0
2026-08-12 19:20:00,91.46,91.46,91.46,91.46,91.46,0
2026-08-12 19:21:00,91.45,91.45,91.45,91.45,91.45,0
2026-08-12 19:26:00,91.45,91.45,91.45,91.45,91.45,0
2026-08-12 19:28:00,91.5,91.5,91.5,91.5,91.5,0
2026-08-12 19:34:00,91.5,91.5,91.5,91.5,91.5,0
2026-08-12 19:36:00,91.469,91.469,91.469,91.469,91.469,0
2026-08-12 19:43:00,91.47,91.47,91.47,91.47,91.47,0
2026-08-12 19:44:00,91.4,91.4,91.31,91.31,91.31,0
2026-08-12 19:45:00,91.47,91.47,91.47,91.47,91.47,0
2026-08-12 19:52:00,91.47,91.47,91.47,91.47,91.47,0
2026-08-12 19:55:00,91.4862,91.4862,91.4862,91.4862,91.4862,0
2026-08-12 19:56:00,91.5,91.5,91.5,91.5,91.5,0
2026-08-12 19:57:00,91.45,91.45,91.45,91.45,91.45,0
2026-08-12 19:59:00,91.45,91.4862,91.45,91.4862,91.4862,0
2026-08-13 04:00:00,90.09,92.2187,90.09,92.0,92.0,0
2026-08-13 04:01:00,91.75,92.1,91.51,91.52,91.52,0
2026-08-13 04:02:00,92.1,92.1,92.1,92.1,92.1,0
2026-08-13 04:12:00,91.99,91.99,91.99,91.99,91.99,0
2026-08-13 04:25:00,91.99,91.99,91.99,91.99,91.99,0
2026-08-13 04:28:00,91.67,91.75,91.67,91.67,91.67,0
2026-08-13 04:30:00,91.67,91.67,91.66,91.66,91.66,0
2026-08-13 04:32:00,91.66,91.66,91.65,91.65,91.65,0
2026-08-13 04:34:00,91.65,91.65,91.64,91.64,91.64,0
2026-08-13 04:36:00,91.62,91.62,91.62,91.62,91.62,0
2026-08-13 04:38:00,91.62,91.62,91.62,91.62,91.62,0
2026-08-13 04:53:00,91.62,91.62,91.62,91.62,91.62,0
2026-08-13 05:02:00,92.0,92.0,92.0,92.0,92.0,0
2026-08-13 05:06:00,92.25,92.25,92.25,92.25,92.25,0
2026-08-13 05:10:00,92.25,92.25,92.25,92.25,92.25,0
2026-08-13 05:25:00,92.25,92.25,92.25,92.25,92.25,0
2026-08-13 05:32:00,92.25,92.25,92.25,92.25,92.25,0
2026-08-13 05:40:00,92.25,92.25,92.25,92.25,92.25,0
2026-08-13 05:44:00,92.25,92.25,92.25,92.25,92.25,0
2026-08-13 05:46:00,92.25,92.25,92.25,92.25,92.25,0
2026-08-13 05:50:00,91.79,91.79,91.79,91.79,91.79,0
2026-08-13 05:54:00,91.79,91.79,91.79,91.79,91.79,0
2026-08-13 05:57:00,92.02,92.02,92.02,92.02,92.02,0
2026-08-13 06:05:00,91.3203,91.3203,91.3203,91.3203,91.3203,0
2026-08-13 06:06:00,91.85,91.9,91.775,91.87,91.87,0
2026-08-13 06:07:00,91.24,91.24,91.24,91.24,91.24,0
2026-08-13 06:10:00,91.24,91.24,91.24,91.24,91.24,0
2026-08-13 06:19:00,91.94,91.94,91.94,91.94,91.94,0
2026-08-13 06:24:00,91.94,91.94,91.94,91.94,91.94,0
2026-08-13 06:30:00,91.95,91.95,91.95,91.95,91.95,0
2026-08-13 06:39:00,91.95,91.95,91.95,91.95,91.95,0
2026-08-13 06:52:00,92.2247,92.2247,92.2247,92.2247,92.2247,0
2026-08-13 06:54:00,91.89,91.89,91.745,91.87,91.87,0
2026-08-13 06:58:00,91.62,91.62,91.62,91.62,91.62,0
2026-08-13 06:59:00,91.25,91.25,91.25,91.25,91.25,0
2026-08-13 07:00:00,91.87,91.99,91.87,91.99,91.99,0
2026-08-13 07:01:00,92.25,92.25,92.25,92.25,92.25,0
2026-08-13 07:03:00,92.0,92.0,92.0,92.0,92.0,0
2026-08-13 07:05:00,92.0,92.0,92.0,92.0,92.0,0
2026-08-13 07:06:00,91.61,91.99,91.51,91.99,91.99,0
2026-08-13 07:09:00,91.7,91.99,91.7,91.99,91.99,0
2026-08-13 07:10:00,91.92,91.95,91.92,91.95,91.95,0
2026-08-13 07:11:00,91.7,91.7,91.7,91.7,91.7,0
2026-08-13 07:12:00,92.0,92.0,91.965,91.965,91.965,0
2026-08-13 07:14:00,91.9,91.96,91.9,91.96,91.96,0
2026-08-13 07:18:00,92.0,92.0,92.0,92.0,92.0,0
2026-08-13 07:19:00,91.94,92.0,91.94,92.0,92.0,0
2026-08-13 07:20:00,92.0,92.0,92.0,92.0,92.0,0
2026-08-13 07:25:00,92.0,92.0,92.0,92.0,92.0,0
2026-08-13 07:26:00,92.0,92.0,92.0,92.0,92.0,0
2026-08-13 07:27:00,91.57,91.57,91.57,91.57,91.57,0
2026-08-13 07:30:00,91.6366,91.6366,91.6366,91.6366,91.6366,0
2026-08-13 07:33:00,91.7,91.7,91.63,91.63,91.63,0
2026-08-13 07:34:00,91.5701,91.5701,91.5701,91.5701,91.5701,0
2026-08-13 07:35:00,91.61,91.61,91.61,91.61,91.61,0
2026-08-13 07:39:00,91.9309,91.9309,91.9309,91.9309,91.9309,0
2026-08-13 07:43:00,91.93,91.93,91.93,91.93,91.93,0
2026-08-13 07:46:00,91.9303,91.9303,91.9303,91.9303,91.9303,0
2026-08-13 07:47:00,91.9,91.9,91.9,91.9,91.9,0
2026-08-13 07:49:00,91.93,91.93,91.93,91.93,91.93,0
2026-08-13 07:52:00,91.84,91.84,91.84,91.84,91.84,0
2026-08-13 07:53:00,91.84,91.84,91.84,91.84,91.84,0
2026-08-13 07:54:00,91.84,91.84,91.84,91.84,91.84,0
2026-08-13 08:08:00,91.9,91.9,91.84,91.84,91.84,0
2026-08-13 08:09:00,91.84,91.84,91.84,91.84,91.84,0
2026-08-13 08:10:00,91.84,91.84,91.79,91.79,91.79,0
2026-08-13 08:12:00,91.9,91.9,91.9,91.9,91.9,0
2026-08-13 08:13:00,91.94,91.94,91.94,91.94,91.94,0
2026-08-13 08:17:00,91.94,91.94,91.94,91.94,91.94,0
2026-08-13 08:20:00,91.9,91.9,91.9,91.9,91.9,0
2026-08-13 08:21:00,91.9,91.9,91.9,91.9,91.9,0
2026-08-13 08:25:00,91.9,91.9,91.9,91.9,91.9,0
2026-08-13 08:26:00,91.84,91.9334,91.84,91.9334,91.9334,0
2026-08-13 08:29:00,91.95,91.95,91.9,91.9,91.9,0
2026-08-13 08:30:00,91.9,91.9,91.8,91.8,91.8,0
2026-08-13 08:37:00,91.99,91.99,91.99,91.99,91.99,0
2026-08-13 08:40:00,92.0,92.0,92.0,92.0,92.0,0
2026-08-13 08:41:00,91.961,91.99,91.9334,91.99,91.99,0
2026-08-13 08:42:00,92.0,92.0,91.961,91.961,91.961,0
2026-08-13 08:43:00,91.99,91.99,91.99,91.99,91.99,0
2026-08-13 08:44:00,92.0,92.0,92.0,92.0,92.0,0
2026-08-13 08:45:00,91.961,92.0,91.961,92.0,92.0,0
2026-08-13 08:46:00,92.0,92.0,92.0,92.0,92.0,0
2026-08-13 08:47:00,91.961,91.961,91.961,91.961,91.961,0
2026-08-13 08:48:00,91.99,91.99,91.961,91.961,91.961,0
2026-08-13 08:49:00,91.961,92.0,91.961,91.99,91.99,0
2026-08-13 08:50:00,91.99,91.99,91.99,91.99,91.99,0
2026-08-13 08:51:00,91.961,92.2,91.96,92.2,92.2,0
2026-08-13 08:53:00,92.02,92.02,91.85,91.85,91.85,0
2026-08-13 08:54:00,92.25,92.25,92.25,92.25,92.25,0
2026-08-13 08:55:00,92.0,92.0,92.0,92.0,92.0,0
2026-08-13 08:59:00,92.2,92.2,91.992,91.992,91.992,0
2026-08-13 09:00:00,92.0,92.0,92.0,92.0,92.0,0
2026-08-13 09:01:00,91.99,92.0,91.99,92.0,92.0,0
2026-08-13 09:08:00,92.0,92.0,92.0,92.0,92.0,0
2026-08-13 09:10:00,92.1,92.1,92.0,92.0,92.0,0
2026-08-13 09:11:00,92.1,92.1,92.0619,92.1,92.1,0
2026-08-13 09:12:00,92.02,92.02,92.02,92.02,92.02,0
2026-08-13 09:13:00,92.02,92.02,92.02,92.02,92.02,0
2026-08-13 09:14:00,92.09,92.1,92.07,92.1,92.1,0
2026-08-13 09:30:00,92.5,92.97000122070312,92.45999908447266,92.45999908447266,92.45999908447266,53167
2026-08-13 09:31:00,92.45999908447266,92.9000015258789,92.45999908447266,92.71499633789062,92.71499633789062,20361
2026-08-13 09:32:00,92.87000274658203,93.45999908447266,92.87000274658203,93.36499786376953,93.36499786376953,12076
2026-08-13 09:33:00,93.2699966430664,93.69000244140625,93.25,93.68000030517578,93.68000030517578,21523
2026-08-13 09:34:00,93.4000015258789,93.48999786376953,93.0199966430664,93.02999877929688,93.02999877929688,4247
2026-08-13 09:35:00,93.0,93.11000061035156,92.8499984741211,92.95500183105469,92.95500183105469,3156
2026-08-13 09:36:00,92.95249938964844,93.08589935302734,92.7699966430664,92.91429901123047,92.91429901123047,8504
2026-08-13 09:37:00,92.91999816894531,93.0999984741211,92.91999816894531,92.96499633789062,92.96499633789062,3167
2026-08-13 09:38:00,92.9000015258789,92.95999908447266,92.83999633789062,92.875,92.875,5279
2026-08-13 09:39:00,92.785400390625,92.785400390625,92.66000366210938,92.66000366210938,92.66000366210938,4041
2026-08-13 09:40:00,92.78849792480469,92.78849792480469,92.18499755859375,92.25,92.25,8148
2026-08-13 09:41:00,92.18000030517578,92.25,92.16999816894531,92.20999908447266,92.20999908447266,2904
2026-08-13 09:42:00,92.19999694824219,92.19999694824219,92.05000305175781,92.13999938964844,92.13999938964844,37737
2026-08-13 09:43:00,92.16999816894531,92.23880004882812,92.05999755859375,92.1500015258789,92.1500015258789,2683
2026-08-13 09:44:00,92.1500015258789,92.1500015258789,91.81999969482422,91.8499984741211,91.8499984741211,5621
2026-08-13 09:45:00,91.94000244140625,91.94000244140625,91.8499984741211,91.94000244140625,91.94000244140625,2804
2026-08-13 09:46:00,92.0,92.0,91.79000091552734,91.93000030517578,91.93000030517578,5318
2026-08-13 09:47:00,91.88500213623047,91.9800033569336,91.87999725341797,91.9800033569336,91.9800033569336,3982
2026-08-13 09:48:00,92.0,92.13990020751953,91.95999908447266,91.95999908447266,91.95999908447266,3358
2026-08-13 09:49:00,91.95999908447266,92.11000061035156,91.95999908447266,92.11000061035156,92.11000061035156,2911
2026-08-13 09:50:00,92.01000213623047,92.01000213623047,91.80000305175781,91.80000305175781,91.80000305175781,4219
2026-08-13 09:51:00,91.93000030517578,92.29000091552734,91.8499984741211,92.25,92.25,12718
2026-08-13 09:52:00,92.25,92.47000122070312,92.11499786376953,92.11499786376953,92.11499786376953,9829
2026-08-13 09:53:00,92.13500213623047,92.31999969482422,92.13500213623047,92.2750015258789,92.2750015258789,1144
2026-08-13 09:54:00,92.43000030517578,92.55000305175781,92.3499984741211,92.44999694824219,92.44999694824219,4396
2026-08-13 09:55:00,92.4749984741211,92.58999633789062,92.44999694824219,92.44999694824219,92.44999694824219,4056
2026-08-13 09:56:00,92.44000244140625,92.52999877929688,92.35009765625,92.43000030517578,92.43000030517578,3944
2026-08-13 09:57:00,92.375,92.44999694824219,92.37000274658203,92.43499755859375,92.43499755859375,2911
2026-08-13 09:58:00,92.41999816894531,92.43000030517578,92.38999938964844,92.4000015258789,92.4000015258789,1702
2026-08-13 09:59:00,92.4000015258789,92.5999984741211,92.375,92.59500122070312,92.59500122070312,8463
2026-08-13 10:00:00,92.59500122070312,92.73999786376953,92.59500122070312,92.70999908447266,92.70999908447266,6498
2026-08-13 10:01:00,92.7300033569336,92.81500244140625,92.72000122070312,92.81500244140625,92.81500244140625,15713
2026-08-13 10:02:00,92.81999969482422,92.9739990234375,92.80000305175781,92.93000030517578,92.93000030517578,2524
2026-08-13 10:03:00,92.91999816894531,92.97000122070312,92.8499984741211,92.91500091552734,92.91500091552734,9166
2026-08-13 10:04:00,92.9000015258789,92.94999694824219,92.8949966430664,92.8949966430664,92.8949966430664,1353
2026-08-13 10:05:00,92.87000274658203,92.88999938964844,92.80000305175781,92.88999938964844,92.88999938964844,945
2026-08-13 10:06:00,92.91000366210938,92.9800033569336,92.81999969482422,92.82499694824219,92.82499694824219,2440
2026-08-13 10:07:00,92.87999725341797,92.93450164794922,92.63999938964844,92.72000122070312,92.72000122070312,6771
2026-08-13 10:08:00,92.7300033569336,92.87000274658203,92.72000122070312,92.82499694824219,92.82499694824219,2403
2026-08-13 10:09:00,92.79000091552734,92.81500244140625,92.73500061035156,92.73500061035156,92.73500061035156,4547
2026-08-13 10:10:00,92.81500244140625,92.81510162353516,92.71499633789062,92.80999755859375,92.80999755859375,1791
2026-08-13 10:11:00,92.70999908447266,92.80999755859375,92.70999908447266,92.80000305175781,92.80000305175781,9115
2026-08-13 10:12:00,92.80000305175781,92.91999816894531,92.79000091552734,92.82499694824219,92.82499694824219,4399
2026-08-13 10:13:00,92.82499694824219,92.82499694824219,92.5999984741211,92.62999725341797,92.62999725341797,9831
2026-08-13 10:14:00,92.5999984741211,92.625,92.13999938964844,92.1500015258789,92.1500015258789,12925
2026-08-13 10:15:00,92.2249984741211,92.33000183105469,92.05000305175781,92.05000305175781,92.05000305175781,5312
2026-08-13 10:16:00,92.0999984741211,92.1050033569336,92.05010223388672,92.1050033569336,92.1050033569336,2654
2026-08-13 10:17:00,92.0999984741211,92.0999984741211,91.8499984741211,91.90499877929688,91.90499877929688,4107
2026-08-13 10:18:00,91.91500091552734,91.93000030517578,91.8499984741211,91.93000030517578,91.93000030517578,3631
2026-08-13 10:19:00,91.91000366210938,92.06500244140625,91.90499877929688,92.06500244140625,92.06500244140625,5941
2026-08-13 10:20:00,92.16000366210938,92.22000122070312,92.1104965209961,92.1500015258789,92.1500015258789,3882
2026-08-13 10:21:00,92.2300033569336,92.2300033569336,92.18000030517578,92.18000030517578,92.18000030517578,3654
2026-08-13 10:22:00,92.22000122070312,92.37999725341797,92.22000122070312,92.26000213623047,92.26000213623047,3101
2026-08-13 10:23:00,92.31999969482422,92.3499984741211,92.27999877929688,92.30999755859375,92.30999755859375,5420
2026-08-13 10:24:00,92.29000091552734,92.36000061035156,92.26499938964844,92.26499938964844,92.26499938964844,9043
2026-08-13 10:25:00,92.25,92.25,92.05999755859375,92.08000183105469,92.08000183105469,10074
2026-08-13 10:26:00,92.08999633789062,92.16000366210938,92.05000305175781,92.16000366210938,92.16000366210938,4364
2026-08-13 10:27:00,92.18000030517578,92.20999908447266,92.01000213623047,92.0999984741211,92.0999984741211,8681
2026-08-13 10:28:00,92.08999633789062,92.17949676513672,92.08999633789062,92.08999633789062,92.08999633789062,2118
2026-08-13 10:29:00,92.16999816894531,92.16999816894531,91.91999816894531,91.91999816894531,91.91999816894531,6038
2026-08-13 10:30:00,91.98999786376953,92.2699966430664,91.98999786376953,92.25150299072266,92.25150299072266,22762
2026-08-13 10:31:00,92.2699966430664,92.31999969482422,92.2699966430664,92.30000305175781,92.30000305175781,3063
2026-08-13 10:32:00,92.30000305175781,92.41000366210938,92.2699966430664,92.31500244140625,92.31500244140625,11503
2026-08-13 10:33:00,92.31500244140625,92.31500244140625,92.31500244140625,92.31500244140625,92.31500244140625,2778
2026-08-13 10:34:00,92.30000305175781,92.33999633789062,92.25,92.29000091552734,92.29000091552734,5706
2026-08-13 10:35:00,92.27999877929688,92.33999633789062,92.27999877929688,92.30999755859375,92.30999755859375,2763
2026-08-13 10:36:00,92.22000122070312,92.22000122070312,92.0999984741211,92.0999984741211,92.0999984741211,9822
2026-08-13 10:37:00,92.12999725341797,92.12999725341797,92.03500366210938,92.0999984741211,92.0999984741211,2528
2026-08-13 10:38:00,92.12999725341797,92.1449966430664,92.12999725341797,92.1449966430664,92.1449966430664,531
2026-08-13 10:39:00,92.0999984741211,92.14510345458984,92.04000091552734,92.04000091552734,92.04000091552734,6220
2026-08-13 10:40:00,92.04000091552734,92.08000183105469,92.0199966430664,92.0199966430664,92.0199966430664,1259
2026-08-13 10:41:00,92.0199966430664,92.13999938964844,91.95999908447266,92.11000061035156,92.11000061035156,7795
2026-08-13 10:42:00,92.18000030517578,92.22949981689453,92.12999725341797,92.22949981689453,92.22949981689453,2199
2026-08-13 10:43:00,92.125,92.13500213623047,92.11000061035156,92.13500213623047,92.13500213623047,1134
2026-08-13 10:44:00,92.08999633789062,92.18000030517578,92.0199966430664,92.04499816894531,92.04499816894531,5877
2026-08-13 10:45:00,92.0199966430664,92.0199966430664,91.8499984741211,91.86000061035156,91.86000061035156,3600
2026-08-13 10:46:00,91.88500213623047,91.9800033569336,91.88500213623047,91.97000122070312,91.97000122070312,3049
2026-08-13 10:47:00,91.95999908447266,92.01000213623047,91.95999908447266,92.01000213623047,92.01000213623047,526
2026-08-13 10:48:00,91.94499969482422,92.02999877929688,91.88999938964844,92.02999877929688,92.02999877929688,9853
2026-08-13 10:49:00,91.92500305175781,91.95500183105469,91.92500305175781,91.95500183105469,91.95500183105469,1561
2026-08-13 10:50:00,92.0,92.05999755859375,91.87999725341797,91.9000015258789,91.9000015258789,6808
2026-08-13 10:51:00,91.87999725341797,91.9481201171875,91.87999725341797,91.92500305175781,91.92500305175781,4228
2026-08-13 10:52:00,91.93499755859375,91.93499755859375,91.93499755859375,91.93499755859375,91.93499755859375,928
2026-08-13 10:53:00,91.87999725341797,91.91999816894531,91.87999725341797,91.87999725341797,91.87999725341797,1120
2026-08-13 10:54:00,91.9000015258789,91.9000015258789,91.80000305175781,91.80000305175781,91.80000305175781,5118
2026-08-13 10:55:00,91.80000305175781,91.80000305175781,91.80000305175781,91.80000305175781,91.80000305175781,853
2026-08-13 10:56:00,91.80000305175781,91.8499984741211,91.80000305175781,91.8499984741211,91.8499984741211,1017
2026-08-13 10:57:00,91.80000305175781,91.8499984741211,91.75,91.7605972290039,91.7605972290039,1755
2026-08-13 10:58:00,91.80000305175781,91.8499984741211,91.75,91.80000305175781,91.80000305175781,4811
2026-08-13 10:59:00,91.76000213623047,91.80000305175781,91.68000030517578,91.70500183105469,91.70500183105469,8302
2026-08-13 11:00:00,91.66999816894531,91.7750015258789,91.66999816894531,91.74500274658203,91.74500274658203,6335
2026-08-13 11:01:00,91.7699966430664,91.8386001586914,91.76000213623047,91.79499816894531,91.79499816894531,2261
2026-08-13 11:02:00,91.75,91.75,91.69000244140625,91.71499633789062,91.71499633789062,3099
2026-08-13 11:03:00,91.71499633789062,91.94999694824219,91.71499633789062,91.86499786376953,91.86499786376953,7630
2026-08-13 11:04:00,91.86499786376953,91.875,91.69999694824219,91.69999694824219,91.69999694824219,3229
2026-08-13 11:05:00,91.72000122070312,91.75,91.72000122070312,91.75,91.75,1832
2026-08-13 11:06:00,91.73999786376953,91.79000091552734,91.73999786376953,91.79000091552734,91.79000091552734,2562
2026-08-13 11:07:00,91.69999694824219,91.75,91.66000366210938,91.70500183105469,91.70500183105469,3872
2026-08-13 11:08:00,91.75879669189453,91.76000213623047,91.75879669189453,91.76000213623047,91.76000213623047,1335
2026-08-13 11:09:00,91.68000030517578,91.8386001586914,91.68000030517578,91.80999755859375,91.80999755859375,10167
2026-08-13 11:10:00,91.80999755859375,91.8499984741211,91.79000091552734,91.79000091552734,91.79000091552734,9155
2026-08-13 11:11:00,91.79000091552734,91.83000183105469,91.79000091552734,91.83000183105469,91.83000183105469,1603
2026-08-13 11:12:00,91.83000183105469,91.83000183105469,91.69999694824219,91.69999694824219,91.69999694824219,2926
2026-08-13 11:13:00,91.70999908447266,91.75,91.68000030517578,91.71499633789062,91.71499633789062,1269
2026-08-13 11:14:00,91.7300033569336,91.91999816894531,91.72000122070312,91.83499908447266,91.83499908447266,7868
2026-08-13 11:15:00,91.83000183105469,91.83000183105469,91.76000213623047,91.82499694824219,91.82499694824219,4152
2026-08-13 11:16:00,91.87999725341797,91.88999938964844,91.83000183105469,91.84500122070312,91.84500122070312,3763
2026-08-13 11:17:00,91.84500122070312,91.84500122070312,91.75,91.79499816894531,91.79499816894531,5043
2026-08-13 11:18:00,91.83000183105469,91.83000183105469,91.76000213623047,91.79499816894531,91.79499816894531,1729
2026-08-13 11:19:00,91.79000091552734,91.92500305175781,91.79000091552734,91.92500305175781,91.92500305175781,4990
2026-08-13 11:20:00,91.92500305175781,92.05000305175781,91.92500305175781,92.05000305175781,92.05000305175781,3899
2026-08-13 11:21:00,92.05500030517578,92.0999984741211,92.04499816894531,92.08999633789062,92.08999633789062,2700
2026-08-13 11:22:00,92.05500030517578,92.05999755859375,91.98999786376953,92.04000091552734,92.04000091552734,5589
2026-08-13 11:23:00,92.05000305175781,92.11000061035156,91.97000122070312,91.97000122070312,91.97000122070312,1667
2026-08-13 11:24:00,92.01000213623047,92.01000213623047,92.01000213623047,92.01000213623047,92.01000213623047,1185
2026-08-13 11:25:00,92.03500366210938,92.03500366210938,92.03500366210938,92.03500366210938,92.03500366210938,1326
2026-08-13 11:26:00,92.05000305175781,92.05999755859375,91.99500274658203,92.05000305175781,92.05000305175781,3675
2026-08-13 11:27:00,92.02999877929688,92.16000366210938,92.01000213623047,92.01000213623047,92.01000213623047,6480
2026-08-13 11:28:00,92.0,92.06500244140625,92.0,92.05999755859375,92.05999755859375,4283
2026-08-13 11:29:00,92.06500244140625,92.06500244140625,92.0199966430664,92.0199966430664,92.0199966430664,3642
2026-08-13 11:30:00,92.0199966430664,92.04399871826172,92.0199966430664,92.04399871826172,92.04399871826172,2194
2026-08-13 11:31:00,91.96759796142578,92.04000091552734,91.94999694824219,92.02999877929688,92.02999877929688,2629
2026-08-13 11:32:00,92.02999877929688,92.2750015258789,92.02999877929688,92.06999969482422,92.06999969482422,57605
2026-08-13 11:33:00,92.06999969482422,92.16999816894531,92.06999969482422,92.12999725341797,92.12999725341797,6092
2026-08-13 11:34:00,92.19999694824219,92.26000213623047,92.13009643554688,92.13009643554688,92.13009643554688,2398
2026-08-13 11:35:00,92.31999969482422,92.31999969482422,92.20010375976562,92.27999877929688,92.27999877929688,1618
2026-08-13 11:36:00,92.27999877929688,92.38999938964844,92.27999877929688,92.34500122070312,92.34500122070312,4851
2026-08-13 11:37:00,92.33499908447266,92.41000366210938,92.33499908447266,92.37000274658203,92.37000274658203,941
2026-08-13 11:38:00,92.37000274658203,92.37000274658203,92.37000274658203,92.37000274658203,92.37000274658203,1697
2026-08-13 11:39:00,92.3499984741211,92.47000122070312,92.3499984741211,92.47000122070312,92.47000122070312,9177
2026-08-13 11:40:00,92.4800033569336,92.50499725341797,92.43000030517578,92.43000030517578,92.43000030517578,2890
2026-08-13 11:41:00,92.38999938964844,92.3949966430664,92.12999725341797,92.13500213623047,92.13500213623047,11105
2026-08-13 11:42:00,92.12000274658203,92.19999694824219,92.11000061035156,92.16999816894531,92.16999816894531,3070
2026-08-13 11:43:00,92.16500091552734,92.16500091552734,92.01000213623047,92.01000213623047,92.01000213623047,2986
2026-08-13 11:44:00,92.11000061035156,92.11000061035156,92.05999755859375,92.08000183105469,92.08000183105469,3516
2026-08-13 11:45:00,92.02999877929688,92.08000183105469,92.01599884033203,92.07499694824219,92.07499694824219,2478
2026-08-13 11:46:00,92.07499694824219,92.08000183105469,92.01000213623047,92.01000213623047,92.01000213623047,2815
2026-08-13 11:47:00,92.01000213623047,92.0199966430664,92.01000213623047,92.0199966430664,92.0199966430664,1819
2026-08-13 11:48:00,91.96499633789062,91.96499633789062,91.96499633789062,91.96499633789062,91.96499633789062,1505
2026-08-13 11:49:00,91.96499633789062,91.96499633789062,91.91000366210938,91.94000244140625,91.94000244140625,1225
2026-08-13 11:50:00,91.91000366210938,91.91999816894531,91.875,91.875,91.875,1178
2026-08-13 11:51:00,91.87000274658203,91.87000274658203,91.87000274658203,91.87000274658203,91.87000274658203,874
2026-08-13 11:52:00,91.87000274658203,91.91999816894531,91.80000305175781,91.80000305175781,91.80000305175781,3295
2026-08-13 11:53:00,91.87000274658203,91.9000015258789,91.86000061035156,91.9000015258789,91.9000015258789,1912
2026-08-13 11:54:00,91.9000015258789,91.99500274658203,91.9000015258789,91.96499633789062,91.96499633789062,3134
2026-08-13 11:55:00,91.95500183105469,91.95500183105469,91.95500183105469,91.95500183105469,91.95500183105469,233
2026-08-13 11:56:00,91.9551010131836,91.9551010131836,91.9551010131836,91.9551010131836,91.9551010131836,481
2026-08-13 11:57:00,92.0199966430664,92.11000061035156,91.95500183105469,92.05999755859375,92.05999755859375,3635
2026-08-13 11:58:00,92.0999984741211,92.16999816894531,92.05000305175781,92.16999816894531,92.16999816894531,3747
2026-08-13 11:59:00,92.1500015258789,92.19000244140625,92.1500015258789,92.19000244140625,92.19000244140625,1388
2026-08-13 12:00:00,92.23999786376953,92.30000305175781,92.22000122070312,92.26000213623047,92.26000213623047,1544
2026-08-13 12:01:00,92.23500061035156,92.2699966430664,92.21499633789062,92.22000122070312,92.22000122070312,12965
2026-08-13 12:02:00,92.2699966430664,92.2699966430664,92.12979888916016,92.19999694824219,92.19999694824219,7409
2026-08-13 12:03:00,92.18000030517578,92.25499725341797,92.16000366210938,92.25499725341797,92.25499725341797,10758
2026-08-13 12:04:00,92.20999908447266,92.2300033569336,92.16500091552734,92.16500091552734,92.16500091552734,2491
2026-08-13 12:05:00,92.125,92.29000091552734,92.125,92.29000091552734,92.29000091552734,37900
2026-08-13 12:06:00,92.30999755859375,92.3499984741211,92.30500030517578,92.34500122070312,92.34500122070312,3966
2026-08-13 12:07:00,92.33000183105469,92.33999633789062,92.33000183105469,92.33999633789062,92.33999633789062,1567
2026-08-13 12:08:00,92.33000183105469,92.36499786376953,92.31999969482422,92.36499786376953,92.36499786376953,1722
2026-08-13 12:09:00,92.32499694824219,92.32499694824219,92.20500183105469,92.20500183105469,92.20500183105469,2271
2026-08-13 12:10:00,92.20999908447266,92.20999908447266,92.20999908447266,92.20999908447266,92.20999908447266,1572
2026-08-13 12:11:00,92.26000213623047,92.2699966430664,92.26000213623047,92.2699966430664,92.2699966430664,1112
2026-08-13 12:12:00,92.30999755859375,92.33999633789062,92.2699966430664,92.2699966430664,92.2699966430664,2271
2026-08-13 12:13:00,92.30000305175781,92.30500030517578,92.30000305175781,92.30500030517578,92.30500030517578,1309
2026-08-13 12:14:00,92.3499984741211,92.37999725341797,92.3499984741211,92.37999725341797,92.37999725341797,2358
2026-08-13 12:15:00,92.37999725341797,92.37999725341797,92.33999633789062,92.33999633789062,92.33999633789062,2278
2026-08-13 12:16:00,92.29000091552734,92.31999969482422,92.26000213623047,92.26000213623047,92.26000213623047,3385
2026-08-13 12:17:00,92.30000305175781,92.30999755859375,92.29000091552734,92.30000305175781,92.30000305175781,2302
2026-08-13 12:18:00,92.29499816894531,92.33000183105469,92.29499816894531,92.33000183105469,92.33000183105469,827
2026-08-13 12:19:00,92.33999633789062,92.37000274658203,92.33999633789062,92.34010314941406,92.34010314941406,1887
2026-08-13 12:20:00,92.38999938964844,92.45500183105469,92.38999938964844,92.41999816894531,92.41999816894531,9060
2026-08-13 12:22:00,92.41000366210938,92.41000366210938,92.3499984741211,92.38999938964844,92.38999938964844,3117
2026-08-13 12:23:00,92.37999725341797,92.47000122070312,92.37999725341797,92.45500183105469,92.45500183105469,3027
2026-08-13 12:24:00,92.44000244140625,92.44000244140625,92.44000244140625,92.44000244140625,92.44000244140625,1115
2026-08-13 12:25:00,92.43000030517578,92.43000030517578,92.30000305175781,92.33000183105469,92.33000183105469,6581
2026-08-13 12:26:00,92.33499908447266,92.33999633789062,92.16000366210938,92.20999908447266,92.20999908447266,54095
2026-08-13 12:27:00,92.16999816894531,92.34750366210938,92.16000366210938,92.34750366210938,92.34750366210938,4158
2026-08-13 12:28:00,92.37000274658203,92.41000366210938,92.37000274658203,92.41000366210938,92.41000366210938,1204
2026-08-13 12:29:00,92.32872772216797,92.4000015258789,92.32872772216797,92.4000015258789,92.4000015258789,1677
2026-08-13 12:30:00,92.36000061035156,92.44999694824219,92.36000061035156,92.4000015258789,92.4000015258789,4707
2026-08-13 12:31:00,92.41000366210938,92.41000366210938,92.4000015258789,92.40499877929688,92.40499877929688,994
2026-08-13 12:32:00,92.40499877929688,92.40499877929688,92.37000274658203,92.40499877929688,92.40499877929688,1230
2026-08-13 12:33:00,92.40499877929688,92.43000030517578,92.37000274658203,92.38500213623047,92.38500213623047,3228
2026-08-13 12:34:00,92.3949966430664,92.41000366210938,92.37000274658203,92.41000366210938,92.41000366210938,3095
2026-08-13 12:35:00,92.375,92.375,92.34500122070312,92.34500122070312,92.34500122070312,1055
2026-08-13 12:36:00,92.37000274658203,92.37000274658203,92.37000274658203,92.37000274658203,92.37000274658203,957
2026-08-13 12:37:00,92.4000015258789,92.41000366210938,92.4000015258789,92.41000366210938,92.41000366210938,964
2026-08-13 12:38:00,92.4000015258789,92.4000015258789,92.4000015258789,92.4000015258789,92.4000015258789,477
2026-08-13 12:39:00,92.41000366210938,92.41999816894531,92.37000274658203,92.41999816894531,92.41999816894531,4057
2026-08-13 12:40:00,92.44999694824219,92.48999786376953,92.44999694824219,92.48999786376953,92.48999786376953,1208
2026-08-13 12:41:00,92.45999908447266,92.52999877929688,92.45999908447266,92.5199966430664,92.5199966430664,11002
2026-08-13 12:42:00,92.51000213623047,92.5199966430664,92.37999725341797,92.37999725341797,92.37999725341797,22231
2026-08-13 12:43:00,92.43499755859375,92.43499755859375,92.43499755859375,92.43499755859375,92.43499755859375,377
2026-08-13 12:44:00,92.45999908447266,92.45999908447266,92.38349914550781,92.43000030517578,92.43000030517578,5211
2026-08-13 12:45:00,92.45999908447266,92.45999908447266,92.29000091552734,92.29000091552734,92.29000091552734,3301
2026-08-13 12:46:00,92.32009887695312,92.37999725341797,92.30249786376953,92.37999725341797,92.37999725341797,2106
2026-08-13 12:47:00,92.30500030517578,92.30500030517578,92.30500030517578,92.30500030517578,92.30500030517578,593
2026-08-13 12:48:00,92.2780990600586,92.41999816894531,92.2780990600586,92.41500091552734,92.41500091552734,2609
2026-08-13 12:49:00,92.37000274658203,92.37000274658203,92.37000274658203,92.37000274658203,92.37000274658203,362
2026-08-13 12:50:00,92.4000015258789,92.41500091552734,92.4000015258789,92.41500091552734,92.41500091552734,1450
2026-08-13 12:51:00,92.41000366210938,92.41000366210938,92.41000366210938,92.41000366210938,92.41000366210938,693
2026-08-13 12:52:00,92.41000366210938,92.41000366210938,92.41000366210938,92.41000366210938,92.41000366210938,460
2026-08-13 12:53:00,92.41000366210938,92.41000366210938,92.41000366210938,92.41000366210938,92.41000366210938,742
2026-08-13 12:54:00,92.41000366210938,92.46880340576172,92.4000015258789,92.4000015258789,92.4000015258789,1072
2026-08-13 12:55:00,92.41000366210938,92.41000366210938,92.4000015258789,92.4000015258789,92.4000015258789,703
2026-08-13 12:56:00,92.41000366210938,92.42500305175781,92.30999755859375,92.37000274658203,92.37000274658203,8985
2026-08-13 12:57:00,92.38749694824219,92.38749694824219,92.33999633789062,92.33999633789062,92.33999633789062,2827
2026-08-13 12:58:00,92.33000183105469,92.37000274658203,92.32499694824219,92.3499984741211,92.3499984741211,7925
2026-08-13 12:59:00,92.3499984741211,92.3499984741211,92.3499984741211,92.3499984741211,92.3499984741211,127
2026-08-13 13:00:00,92.32499694824219,92.36000061035156,92.30000305175781,92.36000061035156,92.36000061035156,1948
2026-08-13 13:01:00,92.33000183105469,92.33000183105469,92.30500030517578,92.30500030517578,92.30500030517578,1423
2026-08-13 13:02:00,92.30999755859375,92.30999755859375,92.30999755859375,92.30999755859375,92.30999755859375,941
2026-08-13 13:03:00,92.30999755859375,92.3499984741211,92.30999755859375,92.3499984741211,92.3499984741211,914
2026-08-13 13:04:00,92.33999633789062,92.3499984741211,92.33000183105469,92.33000183105469,92.33000183105469,1802
2026-08-13 13:05:00,92.30999755859375,92.30999755859375,92.25,92.2699966430664,92.2699966430664,1619
2026-08-13 13:06:00,92.30000305175781,92.30999755859375,92.29499816894531,92.29499816894531,92.29499816894531,1923
2026-08-13 13:07:00,92.31999969482422,92.3499984741211,92.31999969482422,92.3499984741211,92.3499984741211,2112
2026-08-13 13:08:00,92.31999969482422,92.33000183105469,92.19999694824219,92.19999694824219,92.19999694824219,3387
2026-08-13 13:09:00,92.26000213623047,92.26000213623047,92.26000213623047,92.26000213623047,92.26000213623047,1302
2026-08-13 13:10:00,92.30000305175781,92.30000305175781,92.29000091552734,92.29000091552734,92.29000091552734,1775
2026-08-13 13:11:00,92.2699966430664,92.30000305175781,92.2699966430664,92.29499816894531,92.29499816894531,2427
2026-08-13 13:13:00,92.31999969482422,92.33000183105469,92.29000091552734,92.31500244140625,92.31500244140625,3851
2026-08-13 13:14:00,92.30999755859375,92.31500244140625,92.30500030517578,92.30500030517578,92.30500030517578,1016
2026-08-13 13:15:00,92.30500030517578,92.37999725341797,92.30500030517578,92.375,92.375,2517
2026-08-13 13:16:00,92.375,92.38500213623047,92.37000274658203,92.38500213623047,92.38500213623047,2652
2026-08-13 13:17:00,92.3499984741211,92.3499984741211,92.32499694824219,92.32499694824219,92.32499694824219,4637
2026-08-13 13:18:00,92.33999633789062,92.3499984741211,92.32499694824219,92.32499694824219,92.32499694824219,3733
2026-08-13 13:19:00,92.33000183105469,92.33000183105469,92.33000183105469,92.33000183105469,92.33000183105469,585
2026-08-13 13:20:00,92.32499694824219,92.32499694824219,92.32499694824219,92.32499694824219,92.32499694824219,1150
2026-08-13 13:21:00,92.3499984741211,92.37000274658203,92.3499984741211,92.36499786376953,92.36499786376953,1461
2026-08-13 13:22:00,92.33999633789062,92.33999633789062,92.33499908447266,92.33499908447266,92.33499908447266,2205
2026-08-13 13:24:00,92.33000183105469,92.36000061035156,92.33000183105469,92.36000061035156,92.36000061035156,2301
2026-08-13 13:25:00,92.41999816894531,92.41999816894531,92.41000366210938,92.41000366210938,92.41000366210938,1219
2026-08-13 13:26:00,92.41500091552734,92.41500091552734,92.41500091552734,92.41500091552734,92.41500091552734,391
2026-08-13 13:27:00,92.4000015258789,92.41500091552734,92.37999725341797,92.37999725341797,92.37999725341797,3186
2026-08-13 13:28:00,92.375,92.375,92.375,92.375,92.375,690
2026-08-13 13:30:00,92.38999938964844,92.41999816894531,92.38999938964844,92.40499877929688,92.40499877929688,1957
2026-08-13 13:31:00,92.37999725341797,92.4000015258789,92.37999725341797,92.3949966430664,92.3949966430664,1879
2026-08-13 13:32:00,92.36000061035156,92.4000015258789,92.31999969482422,92.33999633789062,92.33999633789062,2093
2026-08-13 13:33:00,92.33499908447266,92.33499908447266,92.33499908447266,92.33499908447266,92.33499908447266,573
2026-08-13 13:34:00,92.37999725341797,92.37999725341797,92.37999725341797,92.37999725341797,92.37999725341797,1263
2026-08-13 13:36:00,92.34500122070312,92.37999725341797,92.34500122070312,92.34500122070312,92.34500122070312,3116
2026-08-13 13:37:00,92.37999725341797,92.37999725341797,92.37999725341797,92.37999725341797,92.37999725341797,428
2026-08-13 13:38:00,92.37999725341797,92.37999725341797,92.37999725341797,92.37999725341797,92.37999725341797,918
2026-08-13 13:39:00,92.34500122070312,92.34500122070312,92.29000091552734,92.33999633789062,92.33999633789062,6056
2026-08-13 13:40:00,92.31999969482422,92.31999969482422,92.23999786376953,92.25,92.25,2190
2026-08-13 13:41:00,92.21499633789062,92.21499633789062,92.21499633789062,92.21499633789062,92.21499633789062,1044
2026-08-13 13:42:00,92.18000030517578,92.18000030517578,92.0999984741211,92.12000274658203,92.12000274658203,5373
2026-08-13 13:43:00,92.08999633789062,92.2300033569336,92.08999633789062,92.2300033569336,92.2300033569336,5521
2026-08-13 13:44:00,92.20500183105469,92.30000305175781,92.20500183105469,92.23999786376953,92.23999786376953,11956
2026-08-13 13:45:00,92.23500061035156,92.23500061035156,92.2300033569336,92.2300033569336,92.2300033569336,872
2026-08-13 13:46:00,92.2249984741211,92.27999877929688,92.2249984741211,92.2699966430664,92.2699966430664,2178
2026-08-13 13:47:00,92.2300033569336,92.2300033569336,92.22000122070312,92.2300033569336,92.2300033569336,892
2026-08-13 13:48:00,92.222900390625,92.2300033569336,92.20999908447266,92.2300033569336,92.2300033569336,924
2026-08-13 13:49:00,92.19499969482422,92.19499969482422,92.1500015258789,92.16999816894531,92.16999816894531,3675
2026-08-13 13:50:00,92.16999816894531,92.16999816894531,92.16999816894531,92.16999816894531,92.16999816894531,1186
2026-08-13 13:51:00,92.16999816894531,92.16999816894531,92.12999725341797,92.13500213623047,92.13500213623047,1995
2026-08-13 13:52:00,92.12999725341797,92.19999694824219,92.12999725341797,92.16000366210938,92.16000366210938,2513
2026-08-13 13:53:00,92.0999984741211,92.19000244140625,92.0999984741211,92.19000244140625,92.19000244140625,1294
2026-08-13 13:54:00,92.1449966430664,92.1449966430664,92.1449966430664,92.1449966430664,92.1449966430664,422
2026-08-13 13:55:00,92.18000030517578,92.18000030517578,92.18000030517578,92.18000030517578,92.18000030517578,705
2026-08-13 13:56:00,92.19000244140625,92.19000244140625,92.16999816894531,92.16999816894531,92.16999816894531,1673
2026-08-13 13:57:00,92.1500015258789,92.2300033569336,92.1500015258789,92.2300033569336,92.2300033569336,2674
2026-08-13 13:58:00,92.26000213623047,92.30000305175781,92.26000213623047,92.28050231933594,92.28050231933594,2379
2026-08-13 13:59:00,92.30000305175781,92.30000305175781,92.13999938964844,92.13999938964844,92.13999938964844,14712
2026-08-13 14:00:00,92.22000122070312,92.26499938964844,92.20989990234375,92.26499938964844,92.26499938964844,4633
2026-08-13 14:01:00,92.2750015258789,92.36000061035156,92.26000213623047,92.36000061035156,92.36000061035156,67343
2026-08-13 14:02:00,92.36000061035156,92.37000274658203,92.36000061035156,92.37000274658203,92.37000274658203,2542
2026-08-13 14:03:00,92.44000244140625,92.55999755859375,92.41000366210938,92.41000366210938,92.41000366210938,11440
2026-08-13 14:04:00,92.45500183105469,92.51000213623047,92.41999816894531,92.51000213623047,92.51000213623047,3300
2026-08-13 14:05:00,92.55000305175781,92.58000183105469,92.5199966430664,92.55500030517578,92.55500030517578,3075
2026-08-13 14:06:00,92.66000366210938,92.66000366210938,92.61000061035156,92.61499786376953,92.61499786376953,1808
2026-08-13 14:07:00,92.62000274658203,92.62000274658203,92.55000305175781,92.55000305175781,92.55000305175781,1966
2026-08-13 14:08:00,92.56500244140625,92.58000183105469,92.5199966430664,92.54000091552734,92.54000091552734,2499
2026-08-13 14:09:00,92.55999755859375,92.55999755859375,92.55500030517578,92.55500030517578,92.55500030517578,1291
2026-08-13 14:10:00,92.58000183105469,92.65499877929688,92.58000183105469,92.65499877929688,92.65499877929688,1614
2026-08-13 14:11:00,92.69999694824219,92.70999908447266,92.68499755859375,92.68499755859375,92.68499755859375,1282
2026-08-13 14:12:00,92.68499755859375,92.70500183105469,92.68000030517578,92.68000030517578,92.68000030517578,1742
2026-08-13 14:13:00,92.69642639160156,92.69642639160156,92.6500015258789,92.6500015258789,92.6500015258789,7303
2026-08-13 14:14:00,92.6500015258789,92.77999877929688,92.6500015258789,92.77999877929688,92.77999877929688,2741
2026-08-13 14:15:00,92.77999877929688,92.77999877929688,92.75499725341797,92.75499725341797,92.75499725341797,2974
2026-08-13 14:16:00,92.75499725341797,92.77999877929688,92.70999908447266,92.72000122070312,92.72000122070312,3571
2026-08-13 14:17:00,92.66500091552734,92.66999816894531,92.66500091552734,92.66999816894531,92.66999816894531,1043
2026-08-13 14:18:00,92.66999816894531,92.66999816894531,92.63500213623047,92.66999816894531,92.66999816894531,2096
2026-08-13 14:20:00,92.62000274658203,92.64530181884766,92.58000183105469,92.62000274658203,92.62000274658203,3037
2026-08-13 14:21:00,92.61499786376953,92.63999938964844,92.58000183105469,92.63999938964844,92.63999938964844,1866
2026-08-13 14:22:00,92.63999938964844,92.73500061035156,92.63999938964844,92.7300033569336,92.7300033569336,3860
2026-08-13 14:23:00,92.76000213623047,92.80999755859375,92.75,92.80999755859375,92.80999755859375,1256
2026-08-13 14:24:00,92.7699966430664,92.9000015258789,92.7699966430664,92.9000015258789,92.9000015258789,2760
2026-08-13 14:25:00,92.8499984741211,92.8499984741211,92.81999969482422,92.8499984741211,92.8499984741211,3344
2026-08-13 14:26:00,92.80999755859375,92.81999969482422,92.79340362548828,92.79340362548828,92.79340362548828,4089
2026-08-13 14:27:00,92.77999877929688,92.77999877929688,92.74749755859375,92.74749755859375,92.74749755859375,2607
2026-08-13 14:28:00,92.70999908447266,92.70999908447266,92.68499755859375,92.68499755859375,92.68499755859375,3032
2026-08-13 14:29:00,92.66000366210938,92.66000366210938,92.5999984741211,92.5999984741211,92.5999984741211,3543
2026-08-13 14:30:00,92.5999984741211,92.6500015258789,92.58000183105469,92.5999984741211,92.5999984741211,1149
2026-08-13 14:31:00,92.59500122070312,92.59500122070312,92.58000183105469,92.58000183105469,92.58000183105469,2265
2026-08-13 14:32:00,92.61000061035156,92.61000061035156,92.61000061035156,92.61000061035156,92.61000061035156,1124
2026-08-13 14:33:00,92.55000305175781,92.56500244140625,92.55000305175781,92.55329895019531,92.55329895019531,2273
2026-08-13 14:34:00,92.56999969482422,92.62000274658203,92.56999969482422,92.62000274658203,92.62000274658203,3200
2026-08-13 14:35:00,92.58000183105469,92.58000183105469,92.5199966430664,92.55000305175781,92.55000305175781,4870
2026-08-13 14:36:00,92.5999984741211,92.5999984741211,92.5999984741211,92.5999984741211,92.5999984741211,830
2026-08-13 14:37:00,92.59880065917969,92.59880065917969,92.5,92.5,92.5,988
2026-08-13 14:38:00,92.55000305175781,92.75,92.55000305175781,92.7249984741211,92.7249984741211,5335
2026-08-13 14:39:00,92.7249984741211,92.7249984741211,92.69000244140625,92.69000244140625,92.69000244140625,2894
2026-08-13 14:40:00,92.68499755859375,92.68499755859375,92.68499755859375,92.68499755859375,92.68499755859375,217
2026-08-13 14:41:00,92.72000122070312,92.75,92.69499969482422,92.73999786376953,92.73999786376953,4035
2026-08-13 14:42:00,92.7699966430664,92.91000366210938,92.7699966430664,92.91000366210938,92.91000366210938,4997
2026-08-13 14:43:00,92.86499786376953,92.875,92.83000183105469,92.875,92.875,1681
2026-08-13 14:44:00,92.875,92.88999938964844,92.83999633789062,92.86000061035156,92.86000061035156,4737
2026-08-13 14:45:00,92.9000015258789,92.91000366210938,92.88500213623047,92.88500213623047,92.88500213623047,1946
2026-08-13 14:46:00,92.8949966430664,92.91999816894531,92.80000305175781,92.81999969482422,92.81999969482422,8910
2026-08-13 14:47:00,92.81999969482422,92.8499984741211,92.79000091552734,92.79000091552734,92.79000091552734,2912
2026-08-13 14:48:00,92.79000091552734,92.79000091552734,92.76000213623047,92.79000091552734,92.79000091552734,3479
2026-08-13 14:49:00,92.80999755859375,92.80999755859375,92.77999877929688,92.77999877929688,92.77999877929688,959
2026-08-13 14:50:00,92.80000305175781,92.83000183105469,92.79499816894531,92.83000183105469,92.83000183105469,3869
2026-08-13 14:51:00,92.83000183105469,92.91000366210938,92.81999969482422,92.91000366210938,92.91000366210938,2409
2026-08-13 14:52:00,92.91000366210938,92.93000030517578,92.9000015258789,92.91000366210938,92.91000366210938,3758
2026-08-13 14:53:00,92.91000366210938,92.94000244140625,92.91000366210938,92.94000244140625,92.94000244140625,947
2026-08-13 14:54:00,92.94000244140625,93.0,92.94000244140625,93.0,93.0,3309
2026-08-13 14:55:00,92.97000122070312,93.1500015258789,92.97000122070312,93.10250091552734,93.10250091552734,7881
2026-08-13 14:56:00,93.11000061035156,93.19999694824219,93.08000183105469,93.19999694824219,93.19999694824219,5368
2026-08-13 14:57:00,93.18000030517578,93.19499969482422,93.11000061035156,93.16999816894531,93.16999816894531,3697
2026-08-13 14:58:00,93.1449966430664,93.1449966430664,93.1449966430664,93.1449966430664,93.1449966430664,709
2026-08-13 14:59:00,93.12999725341797,93.22000122070312,93.12999725341797,93.22000122070312,93.22000122070312,3199
2026-08-13 15:00:00,93.22000122070312,93.29000091552734,93.11000061035156,93.11000061035156,93.11000061035156,6644
2026-08-13 15:01:00,93.12000274658203,93.125,93.12000274658203,93.125,93.125,893
2026-08-13 15:02:00,93.125,93.1500015258789,93.09010314941406,93.1500015258789,93.1500015258789,1376
2026-08-13 15:03:00,93.125,93.16000366210938,93.08999633789062,93.16000366210938,93.16000366210938,2821
2026-08-13 15:04:00,93.16010284423828,93.16010284423828,93.13999938964844,93.13999938964844,93.13999938964844,2445
2026-08-13 15:05:00,93.13999938964844,93.23999786376953,93.08999633789062,93.2051010131836,93.2051010131836,26520
2026-08-13 15:06:00,93.26000213623047,93.27999877929688,93.2300033569336,93.23999786376953,93.23999786376953,2075
2026-08-13 15:07:00,93.21189880371094,93.23999786376953,93.21189880371094,93.23999786376953,93.23999786376953,1312
2026-08-13 15:08:00,93.27999877929688,93.3499984741211,93.26000213623047,93.30999755859375,93.30999755859375,2783
2026-08-13 15:09:00,93.30500030517578,93.37000274658203,93.30000305175781,93.30500030517578,93.30500030517578,3613
2026-08-13 15:10:00,93.30500030517578,93.33000183105469,93.30500030517578,93.31999969482422,93.31999969482422,2253
2026-08-13 15:11:00,93.28500366210938,93.29000091552734,93.2699966430664,93.2699966430664,93.2699966430664,1099
2026-08-13 15:12:00,93.2699966430664,93.2699966430664,93.2300033569336,93.26000213623047,93.26000213623047,2838
2026-08-13 15:13:00,93.26000213623047,93.26000213623047,93.2300033569336,93.23500061035156,93.23500061035156,2692
2026-08-13 15:14:00,93.19999694824219,93.23999786376953,93.19999694824219,93.23500061035156,93.23500061035156,1843
2026-08-13 15:15:00,93.23500061035156,93.27999877929688,93.19999694824219,93.2699966430664,93.2699966430664,3364
2026-08-13 15:16:00,93.27999877929688,93.29499816894531,93.21150207519531,93.25,93.25,4632
2026-08-13 15:17:00,93.25,93.25,93.25,93.25,93.25,2244
2026-08-13 15:18:00,93.25,93.37000274658203,93.25,93.37000274658203,93.37000274658203,3567
2026-08-13 15:19:00,93.37000274658203,93.37000274658203,93.30000305175781,93.33000183105469,93.33000183105469,6329
2026-08-13 15:20:00,93.32499694824219,93.32499694824219,93.30000305175781,93.31999969482422,93.31999969482422,1301
2026-08-13 15:21:00,93.31999969482422,93.31999969482422,93.2249984741211,93.26000213623047,93.26000213623047,3290
2026-08-13 15:22:00,93.29000091552734,93.31999969482422,93.2750015258789,93.30000305175781,93.30000305175781,2090
2026-08-13 15:23:00,93.29000091552734,93.29000091552734,93.2699966430664,93.2699966430664,93.2699966430664,1458
2026-08-13 15:24:00,93.26000213623047,93.30000305175781,93.26000213623047,93.28500366210938,93.28500366210938,2522
2026-08-13 15:25:00,93.28500366210938,93.31999969482422,93.27999877929688,93.30999755859375,93.30999755859375,3345
2026-08-13 15:26:00,93.31999969482422,93.38999938964844,93.31999969482422,93.37000274658203,93.37000274658203,5025
2026-08-13 15:27:00,93.38999938964844,93.38999938964844,93.33000183105469,93.37000274658203,93.37000274658203,7701
2026-08-13 15:28:00,93.38999938964844,93.43000030517578,93.36499786376953,93.3949966430664,93.3949966430664,3045
2026-08-13 15:29:00,93.38999938964844,93.38999938964844,93.30999755859375,93.30999755859375,93.30999755859375,5124
2026-08-13 15:30:00,93.33000183105469,93.3395004272461,93.26000213623047,93.3395004272461,93.3395004272461,2832
2026-08-13 15:31:00,93.30000305175781,93.31999969482422,93.29499816894531,93.30000305175781,93.30000305175781,2161
2026-08-13 15:32:00,93.2750015258789,93.33999633789062,93.2699966430664,93.29000091552734,93.29000091552734,4443
2026-08-13 15:33:00,93.31999969482422,93.37000274658203,93.31999969482422,93.3499984741211,93.3499984741211,2438
2026-08-13 15:34:00,93.38999938964844,93.44000244140625,93.38999938964844,93.43000030517578,93.43000030517578,2053
2026-08-13 15:35:00,93.42500305175781,93.42500305175781,93.30999755859375,93.30999755859375,93.30999755859375,6716
2026-08-13 15:36:00,93.30999755859375,93.36000061035156,93.29000091552734,93.36000061035156,93.36000061035156,3194
2026-08-13 15:37:00,93.33999633789062,93.37000274658203,93.33000183105469,93.33999633789062,93.33999633789062,2080
2026-08-13 15:38:00,93.35990142822266,93.36000061035156,93.33999633789062,93.3499984741211,93.3499984741211,3490
2026-08-13 15:39:00,93.33000183105469,93.3499984741211,93.30999755859375,93.31999969482422,93.31999969482422,14614
2026-08-13 15:40:00,93.32499694824219,93.44999694824219,93.32499694824219,93.37999725341797,93.37999725341797,12771
2026-08-13 15:41:00,93.38999938964844,93.4800033569336,93.38999938964844,93.44000244140625,93.44000244140625,8130
2026-08-13 15:42:00,93.44000244140625,93.47000122070312,93.41010284423828,93.44000244140625,93.44000244140625,7767
2026-08-13 15:43:00,93.4619369506836,93.4800033569336,93.44000244140625,93.44000244140625,93.44000244140625,6231
2026-08-13 15:44:00,93.41999816894531,93.5,93.41999816894531,93.47000122070312,93.47000122070312,7121
2026-08-13 15:45:00,93.5,93.51000213623047,93.44000244140625,93.44000244140625,93.44000244140625,6928
2026-08-13 15:46:00,93.41000366210938,93.41000366210938,93.3499984741211,93.37000274658203,93.37000274658203,5106
2026-08-13 15:47:00,93.37999725341797,93.37999725341797,93.29000091552734,93.29499816894531,93.29499816894531,5822
2026-08-13 15:48:00,93.29499816894531,93.3134994506836,93.29499816894531,93.30999755859375,93.30999755859375,2648
2026-08-13 15:49:00,93.30999755859375,93.33000183105469,93.23999786376953,93.30500030517578,93.30500030517578,10470
2026-08-13 15:50:00,93.27999877929688,93.29000091552734,93.13999938964844,93.19999694824219,93.19999694824219,8758
2026-08-13 15:51:00,93.2300033569336,93.28500366210938,93.2249984741211,93.27999877929688,93.27999877929688,6580
2026-08-13 15:52:00,93.2699966430664,93.27999877929688,93.16000366210938,93.18000030517578,93.18000030517578,6719
2026-08-13 15:53:00,93.19000244140625,93.20999908447266,93.1500015258789,93.16999816894531,93.16999816894531,10700
2026-08-13 15:54:00,93.16000366210938,93.19999694824219,93.13999938964844,93.1500015258789,93.1500015258789,14078
2026-08-13 15:55:00,93.17500305175781,93.29000091552734,93.12999725341797,93.20999908447266,93.20999908447266,32148
2026-08-13 15:56:00,93.19000244140625,93.26000213623047,93.16000366210938,93.25,93.25,21294
2026-08-13 15:57:00,93.24500274658203,93.30999755859375,93.20999908447266,93.30999755859375,93.30999755859375,23122
2026-08-13 15:58:00,93.31500244140625,93.33000183105469,93.20999908447266,93.23999786376953,93.23999786376953,38841
2026-08-13 15:59:00,93.25,93.3499984741211,93.25,93.31999969482422,93.31999969482422,51787
2026-08-13 16:00:00,93.3,93.64,93.11,93.3,93.3,268985
2026-08-13 16:01:00,93.3,93.3,93.3,93.3,93.3,0
2026-08-13 16:04:00,93.3,93.3,93.3,93.3,93.3,0
2026-08-13 16:06:00,93.3,93.3,93.3,93.3,93.3,0
2026-08-13 16:08:00,93.3,93.3,93.3,93.3,93.3,0
2026-08-13 16:09:00,93.4481,93.4481,92.6697,92.6697,92.6697,0
2026-08-13 16:10:00,93.3,93.3,93.3,93.3,93.3,0
2026-08-13 16:13:00,93.0,93.0,93.0,93.0,93.0,0
2026-08-13 16:15:00,93.3,93.3,93.01,93.01,93.01,0
2026-08-13 16:20:00,93.3,93.3,93.3,93.3,93.3,0
2026-08-13 16:22:00,93.5837,93.5837,93.5837,93.5837,93.5837,0
2026-08-13 16:32:00,93.4988,93.4988,93.4988,93.4988,93.4988,0
2026-08-13 16:36:00,93.6,93.6,93.6,93.6,93.6,0
2026-08-13 16:38:00,93.5,93.5,93.5,93.5,93.5,0
2026-08-13 16:41:00,93.6,93.6,93.6,93.6,93.6,0
2026-08-13 16:54:00,92.5,93.3,92.5,93.01,93.01,0
2026-08-13 16:55:00,93.0,93.0,93.0,93.0,93.0,0
2026-08-13 17:00:00,93.0,93.0,93.0,93.0,93.0,0
2026-08-13 17:02:00,93.25,93.25,93.25,93.25,93.25,0
2026-08-13 17:05:00,93.25,93.25,93.25,93.25,93.25,0
2026-08-13 17:13:00,93.3,93.3,93.3,93.3,93.3,0
2026-08-13 17:15:00,93.3,93.3,93.3,93.3,93.3,0
2026-08-13 17:16:00,93.3,93.3,93.3,93.3,93.3,0
2026-08-13 17:22:00,92.5,92.5,92.5,92.5,92.5,0
2026-08-13 17:34:00,92.5,92.5,92.5,92.5,92.5,0
2026-08-13 17:36:00,92.5,92.5,92.5,92.5,92.5,0
2026-08-13 17:37:00,93.0,93.0,93.0,93.0,93.0,0
2026-08-13 17:43:00,92.6191,92.6191,92.6191,92.6191,92.6191,0
2026-08-13 17:47:00,93.29,93.29,93.29,93.29,93.29,0
2026-08-13 17:48:00,93.01,93.01,93.01,93.01,93.01,0
2026-08-13 17:49:00,93.29,93.29,93.29,93.29,93.29,0
2026-08-13 18:01:00,93.411,93.411,93.411,93.411,93.411,0
2026-08-13 18:08:00,93.411,93.411,93.411,93.411,93.411,0
2026-08-13 18:21:00,93.411,93.411,93.411,93.411,93.411,0
2026-08-13 18:46:00,93.3,93.41,93.3,93.41,93.41,0
2026-08-13 18:52:00,93.41,93.41,93.41,93.41,93.41,0
2026-08-13 19:21:00,93.42,93.42,93.42,93.42,93.42,0
2026-08-13 19:22:00,93.41,93.41,93.41,93.41,93.41,0
2026-08-13 19:34:00,93.411,93.411,93.411,93.411,93.411,0
2026-08-13 19:45:00,93.35,93.35,93.35,93.35,93.35,0
2026-08-13 19:46:00,93.4,93.41,93.3,93.3,93.3,0
2026-08-13 19:51:00,93.5,93.5,93.5,93.5,93.5,0
2026-08-13 19:55:00,93.5,93.5,93.5,93.5,93.5,0
2026-08-14 04:00:00,93.25,93.79,93.25,93.67,93.67,0
2026-08-14 04:01:00,93.67,93.67,93.26,93.5,93.5,0
2026-08-14 04:10:00,93.5,93.5,93.5,93.5,93.5,0
2026-08-14 04:19:00,93.5,93.5,93.5,93.5,93.5,0
2026-08-14 04:42:00,93.5,93.5,93.5,93.5,93.5,0
2026-08-14 04:52:00,93.54,93.54,93.4,93.4,93.4,0
2026-08-14 04:55:00,93.4,93.4,93.4,93.4,93.4,0
2026-08-14 04:57:00,93.4,93.4,93.3,93.3,93.3,0
2026-08-14 05:08:00,94.0,94.0,94.0,94.0,94.0,0
2026-08-14 05:13:00,93.5,93.5,93.5,93.5,93.5,0
2026-08-14 05:27:00,93.43,93.43,93.43,93.43,93.43,0
2026-08-14 05:34:00,93.43,93.43,93.43,93.43,93.43,0
2026-08-14 05:54:00,93.43,93.43,93.43,93.43,93.43,0
2026-08-14 05:57:00,93.3,93.3,93.3,93.3,93.3,0
2026-08-14 06:25:00,93.4,93.4,93.4,93.4,93.4,0
2026-08-14 06:31:00,93.4,93.4,93.4,93.4,93.4,0
2026-08-14 06:44:00,93.4,93.4,93.4,93.4,93.4,0
2026-08-14 06:59:00,94.3022,94.3022,94.3022,94.3022,94.3022,0
2026-08-14 07:00:00,93.4,93.79,93.4,93.79,93.79,0
2026-08-14 07:08:00,93.79,93.79,93.79,93.79,93.79,0
2026-08-14 07:11:00,93.79,93.79,93.79,93.79,93.79,0
2026-08-14 07:24:00,93.66,93.66,93.66,93.66,93.66,0
2026-08-14 07:41:00,93.66,93.66,93.66,93.66,93.66,0
2026-08-14 07:55:00,93.66,93.66,93.66,93.66,93.66,0
2026-08-14 07:58:00,93.65,93.75,93.65,93.75,93.75,0
2026-08-14 07:59:00,93.68,93.68,93.68,93.68,93.68,0
2026-08-14 08:01:00,93.7,93.7,93.7,93.7,93.7,0
2026-08-14 08:04:00,93.7,93.7,93.7,93.7,93.7,0
2026-08-14 08:07:00,93.79,93.79,93.79,93.79,93.79,0
2026-08-14 08:10:00,92.9612,92.9612,92.9612,92.9612,92.9612,0
2026-08-14 08:14:00,93.6,93.6,93.6,93.6,93.6,0
2026-08-14 08:15:00,93.5,93.5,93.5,93.5,93.5,0
2026-08-14 08:20:00,93.38,93.38,93.36,93.36,93.36,0
2026-08-14 08:26:00,93.36,93.36,93.36,93.36,93.36,0
2026-08-14 08:27:00,93.5,93.5,93.5,93.5,93.5,0
2026-08-14 08:28:00,93.69,93.69,93.69,93.69,93.69,0
2026-08-14 08:30:00,93.5,93.5,93.5,93.5,93.5,0
2026-08-14 08:37:00,93.69,93.69,93.62,93.62,93.62,0
2026-08-14 08:40:00,92.8765,92.8765,92.8765,92.8765,92.8765,0
2026-08-14 08:41:00,93.0725,93.0725,93.0725,93.0725,93.0725,0
2026-08-14 08:42:00,93.0725,93.0725,93.0725,93.0725,93.0725,0
2026-08-14 08:45:00,93.37,93.37,93.37,93.37,93.37,0
2026-08-14 08:47:00,93.69,93.69,93.69,93.69,93.69,0
2026-08-14 08:49:00,93.6261,93.6261,93.6261,93.6261,93.6261,0
2026-08-14 09:03:00,93.35,93.35,93.35,93.35,93.35,0
2026-08-14 09:10:00,93.54,93.54,93.54,93.54,93.54,0
2026-08-14 09:11:00,92.85,92.85,92.85,92.85,92.85,0
2026-08-14 09:30:00,92.5,92.83000183105469,92.3010025024414,92.77999877929688,92.77999877929688,19275
2026-08-14 09:31:00,92.88999938964844,93.35250091552734,92.75,93.35250091552734,93.35250091552734,3578
2026-08-14 09:32:00,93.30000305175781,93.30000305175781,93.30000305175781,93.30000305175781,93.30000305175781,827
2026-08-14 09:33:00,93.30500030517578,93.30500030517578,93.27770233154297,93.27770233154297,93.27770233154297,977
2026-08-14 09:34:00,93.27999877929688,93.5,92.91999816894531,93.28500366210938,93.28500366210938,2797
2026-08-14 09:35:00,93.55899810791016,93.55899810791016,93.27999877929688,93.30500030517578,93.30500030517578,3363
2026-08-14 09:36:00,93.30500030517578,93.44999694824219,93.30500030517578,93.44999694824219,93.44999694824219,2075
2026-08-14 09:37:00,93.44999694824219,93.44999694824219,93.30999755859375,93.30999755859375,93.30999755859375,1313
2026-08-14 09:38:00,93.25,93.30999755859375,93.12000274658203,93.12000274658203,93.12000274658203,2703
2026-08-14 09:39:00,93.19999694824219,93.26110076904297,93.08499908447266,93.08499908447266,93.08499908447266,3089
2026-08-14 09:40:00,93.09732055664062,93.1500015258789,93.08999633789062,93.08999633789062,93.08999633789062,1508
2026-08-14 09:41:00,93.08999633789062,93.08999633789062,93.0,93.02999877929688,93.02999877929688,4446
2026-08-14 09:42:00,93.05999755859375,93.05999755859375,92.91999816894531,92.91999816894531,92.91999816894531,1708
2026-08-14 09:43:00,92.87999725341797,92.93000030517578,92.79000091552734,92.93000030517578,92.93000030517578,1740
2026-08-14 09:44:00,92.8949966430664,92.93000030517578,92.7699966430664,92.82499694824219,92.82499694824219,2903
2026-08-14 09:45:00,92.75,93.0250015258789,92.75,92.9749984741211,92.9749984741211,3964
2026-08-14 09:46:00,92.9749984741211,93.05999755859375,92.97000122070312,92.9800033569336,92.9800033569336,2623
2026-08-14 09:47:00,92.9800033569336,93.01499938964844,92.91000366210938,92.91000366210938,92.91000366210938,2494
2026-08-14 09:48:00,92.875,93.08499908447266,92.875,93.05500030517578,93.05500030517578,9471
2026-08-14 09:49:00,93.05999755859375,93.22000122070312,93.04499816894531,93.16000366210938,93.16000366210938,6460
2026-08-14 09:50:00,93.16999816894531,93.28500366210938,93.16000366210938,93.19000244140625,93.19000244140625,2444
2026-08-14 09:51:00,93.19999694824219,93.26000213623047,93.19000244140625,93.19999694824219,93.19999694824219,2278
2026-08-14 09:52:00,93.20500183105469,93.2249984741211,93.19999694824219,93.2249984741211,93.2249984741211,1702
2026-08-14 09:53:00,93.13999938964844,93.21499633789062,93.0199966430664,93.0199966430664,93.0199966430664,2489
2026-08-14 09:54:00,92.93000030517578,92.93000030517578,92.93000030517578,92.93000030517578,92.93000030517578,529
2026-08-14 09:55:00,93.02999877929688,93.02999877929688,92.94000244140625,92.94000244140625,92.94000244140625,995
2026-08-14 09:56:00,92.91000366210938,92.93000030517578,92.80999755859375,92.80999755859375,92.80999755859375,2332
2026-08-14 09:57:00,92.87999725341797,92.97000122070312,92.87999725341797,92.95999908447266,92.95999908447266,3685
2026-08-14 09:58:00,92.93000030517578,93.02220153808594,92.93000030517578,92.93499755859375,92.93499755859375,1343
2026-08-14 09:59:00,92.92500305175781,92.92500305175781,92.83999633789062,92.83999633789062,92.83999633789062,1653
2026-08-14 10:00:00,92.94999694824219,92.94999694824219,92.8499984741211,92.8499984741211,92.8499984741211,1546
2026-08-14 10:01:00,92.86000061035156,92.9000015258789,92.86000061035156,92.9000015258789,92.9000015258789,1639
2026-08-14 10:02:00,92.91999816894531,92.94668579101562,92.8499984741211,92.88999938964844,92.88999938964844,6677
2026-08-14 10:03:00,92.8949966430664,92.8949966430664,92.88999938964844,92.88999938964844,92.88999938964844,1352
2026-08-14 10:04:00,92.97000122070312,93.0199966430664,92.9000015258789,92.92500305175781,92.92500305175781,3587
2026-08-14 10:05:00,92.87999725341797,93.01899719238281,92.87999725341797,93.01899719238281,93.01899719238281,2072
2026-08-14 10:06:00,92.8499984741211,92.91000366210938,92.7699966430664,92.7699966430664,92.7699966430664,7632
2026-08-14 10:07:00,92.8499984741211,93.0199966430664,92.8499984741211,93.01000213623047,93.01000213623047,5864
2026-08-14 10:08:00,92.97000122070312,93.12999725341797,92.97000122070312,93.12999725341797,93.12999725341797,3691
2026-08-14 10:09:00,93.08999633789062,93.20999908447266,93.08000183105469,93.18000030517578,93.18000030517578,3593
2026-08-14 10:10:00,93.23999786376953,93.29000091552734,93.16999816894531,93.21499633789062,93.21499633789062,4299
2026-08-14 10:11:00,93.2249984741211,93.3949966430664,93.19999694824219,93.3949966430664,93.3949966430664,7972
2026-08-14 10:12:00,93.33999633789062,93.375,93.27999877929688,93.30000305175781,93.30000305175781,3661
2026-08-14 10:13:00,93.30000305175781,93.62000274658203,93.30000305175781,93.47000122070312,93.47000122070312,12163
2026-08-14 10:14:00,93.50499725341797,93.50499725341797,93.44000244140625,93.44000244140625,93.44000244140625,2072
2026-08-14 10:15:00,93.52999877929688,93.86000061035156,93.52999877929688,93.86000061035156,93.86000061035156,8586
2026-08-14 10:16:00,93.87000274658203,94.08999633789062,93.83000183105469,94.05999755859375,94.05999755859375,11516
2026-08-14 10:17:00,94.08999633789062,94.13999938964844,94.02999877929688,94.05999755859375,94.05999755859375,3444
2026-08-14 10:18:00,94.01000213623047,94.01000213623047,93.94000244140625,93.97000122070312,93.97000122070312,2942
2026-08-14 10:19:00,93.98999786376953,93.98999786376953,93.83999633789062,93.83999633789062,93.83999633789062,2650
2026-08-14 10:20:00,93.87000274658203,93.875,93.69999694824219,93.73500061035156,93.73500061035156,8719
2026-08-14 10:21:00,93.68000030517578,93.68000030517578,93.5999984741211,93.6050033569336,93.6050033569336,12421
2026-08-14 10:22:00,93.63999938964844,93.875,93.63999938964844,93.875,93.875,2264
2026-08-14 10:23:00,93.88500213623047,93.88500213623047,93.8499984741211,93.8499984741211,93.8499984741211,1686
2026-08-14 10:24:00,93.87999725341797,93.87999725341797,93.87999725341797,93.87999725341797,93.87999725341797,628
2026-08-14 10:25:00,93.875,93.875,93.875,93.875,93.875,1927
2026-08-14 10:26:00,93.83000183105469,93.83000183105469,93.77999877929688,93.77999877929688,93.77999877929688,2987
2026-08-14 10:27:00,93.7750015258789,93.7750015258789,93.76000213623047,93.76000213623047,93.76000213623047,1169
2026-08-14 10:28:00,93.77999877929688,94.02069854736328,93.7750015258789,94.02069854736328,94.02069854736328,5813
2026-08-14 10:29:00,94.04000091552734,94.05000305175781,93.98999786376953,94.05000305175781,94.05000305175781,5074
2026-08-14 10:30:00,94.0999984741211,94.23500061035156,94.05000305175781,94.19999694824219,94.19999694824219,6319
2026-08-14 10:31:00,94.19499969482422,94.19499969482422,94.0999984741211,94.12000274658203,94.12000274658203,1890
2026-08-14 10:32:00,94.12999725341797,94.12999725341797,93.9801025390625,94.06999969482422,94.06999969482422,2747
2026-08-14 10:33:00,94.11000061035156,94.16000366210938,94.0999984741211,94.11000061035156,94.11000061035156,1492
2026-08-14 10:34:00,94.1500015258789,94.1500015258789,94.1500015258789,94.1500015258789,94.1500015258789,364
2026-08-14 10:35:00,94.11000061035156,94.32499694824219,94.11000061035156,94.30999755859375,94.30999755859375,6142
2026-08-14 10:36:00,94.32499694824219,94.32499694824219,94.27999877929688,94.31500244140625,94.31500244140625,3812
2026-08-14 10:37:00,94.30000305175781,94.30999755859375,94.16000366210938,94.20500183105469,94.20500183105469,3658
2026-08-14 10:38:00,94.20500183105469,94.20999908447266,94.19999694824219,94.20999908447266,94.20999908447266,2060
2026-08-14 10:40:00,94.18000030517578,94.26000213623047,94.11000061035156,94.20500183105469,94.20500183105469,14823
2026-08-14 10:41:00,94.22650146484375,94.22650146484375,93.97000122070312,94.01000213623047,94.01000213623047,6574
2026-08-14 10:42:00,93.95999908447266,93.95999908447266,93.91999816894531,93.93499755859375,93.93499755859375,1446
2026-08-14 10:43:00,93.877197265625,94.0999984741211,93.877197265625,94.0999984741211,94.0999984741211,3245
2026-08-14 10:44:00,94.04000091552734,94.12999725341797,94.03500366210938,94.05000305175781,94.05000305175781,1506
2026-08-14 10:45:00,94.08499908447266,94.1521987915039,94.05999755859375,94.05999755859375,94.05999755859375,2981
2026-08-14 10:46:00,94.05999755859375,94.12000274658203,94.0199966430664,94.11499786376953,94.11499786376953,6506
2026-08-14 10:47:00,94.07620239257812,94.07620239257812,93.98999786376953,94.05999755859375,94.05999755859375,2860
2026-08-14 10:48:00,94.0,94.02999877929688,93.96499633789062,93.96499633789062,93.96499633789062,1622
2026-08-14 10:49:00,93.9186019897461,93.94000244140625,93.7300033569336,93.7300033569336,93.7300033569336,6277
2026-08-14 10:50:00,93.7300033569336,93.78019714355469,93.66000366210938,93.66000366210938,93.66000366210938,2249
2026-08-14 10:51:00,93.68499755859375,93.72000122070312,93.6500015258789,93.66000366210938,93.66000366210938,4357
2026-08-14 10:52:00,93.62000274658203,93.62000274658203,93.5999984741211,93.5999984741211,93.5999984741211,1450
2026-08-14 10:53:00,93.61000061035156,93.61000061035156,93.61000061035156,93.61000061035156,93.61000061035156,744
2026-08-14 10:54:00,93.55000305175781,93.66999816894531,93.55000305175781,93.6449966430664,93.6449966430664,3116
2026-08-14 10:55:00,93.69000244140625,93.72000122070312,93.69000244140625,93.70500183105469,93.70500183105469,1388
2026-08-14 10:56:00,93.7300033569336,93.7300033569336,93.66000366210938,93.67500305175781,93.67500305175781,2326
2026-08-14 10:57:00,93.70999908447266,93.70999908447266,93.66999816894531,93.66999816894531,93.66999816894531,642
2026-08-14 10:58:00,93.69999694824219,93.70500183105469,93.66000366210938,93.66999816894531,93.66999816894531,1776
2026-08-14 10:59:00,93.66999816894531,93.7300033569336,93.66500091552734,93.69999694824219,93.69999694824219,2459
2026-08-14 11:00:00,93.69999694824219,93.69999694824219,93.69499969482422,93.69499969482422,93.69499969482422,632
2026-08-14 11:01:00,93.69999694824219,93.69999694824219,93.6500015258789,93.65499877929688,93.65499877929688,2840
2026-08-14 11:02:00,93.72000122070312,93.79000091552734,93.72000122070312,93.77999877929688,93.77999877929688,3183
2026-08-14 11:03:00,93.72100067138672,93.72100067138672,93.72100067138672,93.72100067138672,93.72100067138672,235
2026-08-14 11:04:00,93.77999877929688,93.77999877929688,93.69999694824219,93.69999694824219,93.69999694824219,11188
2026-08-14 11:05:00,93.73999786376953,93.83999633789062,93.73500061035156,93.80999755859375,93.80999755859375,4783
2026-08-14 11:06:00,93.80500030517578,93.8499984741211,93.79000091552734,93.8499984741211,93.8499984741211,1695
2026-08-14 11:07:00,93.7699966430664,93.81999969482422,93.69000244140625,93.76000213623047,93.76000213623047,4270
2026-08-14 11:08:00,93.70249938964844,93.70249938964844,93.63999938964844,93.68000030517578,93.68000030517578,1075
2026-08-14 11:09:00,93.68000030517578,93.68000030517578,93.66000366210938,93.66290283203125,93.66290283203125,2516
2026-08-14 11:10:00,93.66000366210938,93.79000091552734,93.66000366210938,93.79000091552734,93.79000091552734,2331
2026-08-14 11:11:00,93.72000122070312,93.7300033569336,93.72000122070312,93.7300033569336,93.7300033569336,2456
2026-08-14 11:13:00,93.7300033569336,93.79000091552734,93.7300033569336,93.79000091552734,93.79000091552734,1581
2026-08-14 11:14:00,93.74500274658203,93.74500274658203,93.62439727783203,93.62439727783203,93.62439727783203,1171
2026-08-14 11:15:00,93.7249984741211,93.7249984741211,93.69000244140625,93.72000122070312,93.72000122070312,1180
2026-08-14 11:16:00,93.66000366210938,93.66000366210938,93.66000366210938,93.66000366210938,93.66000366210938,1091
2026-08-14 11:17:00,93.72000122070312,93.86000061035156,93.72000122070312,93.8550033569336,93.8550033569336,3523
2026-08-14 11:19:00,93.88999938964844,93.88999938964844,93.88500213623047,93.88500213623047,93.88500213623047,1470
2026-08-14 11:20:00,93.94999694824219,93.95500183105469,93.92500305175781,93.92500305175781,93.92500305175781,1519
2026-08-14 11:21:00,93.86000061035156,93.91000366210938,93.86000061035156,93.91000366210938,93.91000366210938,845
2026-08-14 11:22:00,93.87999725341797,93.87999725341797,93.87999725341797,93.87999725341797,93.87999725341797,532
2026-08-14 11:23:00,93.91999816894531,94.08000183105469,93.91999816894531,94.05500030517578,94.05500030517578,2740
2026-08-14 11:24:00,94.05000305175781,94.05500030517578,94.04499816894531,94.04660034179688,94.04660034179688,2412
2026-08-14 11:25:00,94.05500030517578,94.05999755859375,94.05500030517578,94.05999755859375,94.05999755859375,417
2026-08-14 11:26:00,94.0199966430664,94.0199966430664,94.00499725341797,94.00499725341797,94.00499725341797,3437
2026-08-14 11:27:00,93.95999908447266,93.98500061035156,93.92500305175781,93.95999908447266,93.95999908447266,1901
2026-08-14 11:28:00,93.91999816894531,93.9800033569336,93.91999816894531,93.94499969482422,93.94499969482422,992
2026-08-14 11:29:00,93.95500183105469,93.9800033569336,93.9166030883789,93.9800033569336,93.9800033569336,2773
2026-08-14 11:30:00,94.0,94.16999816894531,93.95999908447266,94.0999984741211,94.0999984741211,10300
2026-08-14 11:31:00,94.11499786376953,94.1344985961914,94.11000061035156,94.11499786376953,94.11499786376953,1612
2026-08-14 11:32:00,94.1449966430664,94.1449966430664,94.0999984741211,94.0999984741211,94.0999984741211,2610
2026-08-14 11:33:00,94.12000274658203,94.12999725341797,94.08999633789062,94.0999984741211,94.0999984741211,2981
2026-08-14 11:34:00,94.09249877929688,94.09500122070312,93.98999786376953,94.04000091552734,94.04000091552734,4485
2026-08-14 11:35:00,94.0,94.09500122070312,94.0,94.09500122070312,94.09500122070312,4608
2026-08-14 11:36:00,94.16999816894531,94.2699966430664,94.16999816894531,94.23999786376953,94.23999786376953,2067
2026-08-14 11:37:00,94.23999786376953,94.26950073242188,94.23999786376953,94.24500274658203,94.24500274658203,1269
2026-08-14 11:38:00,94.29000091552734,94.29000091552734,94.26000213623047,94.26000213623047,94.26000213623047,1209
2026-08-14 11:39:00,94.22000122070312,94.22000122070312,93.9800033569336,94.00499725341797,94.00499725341797,6958
2026-08-14 11:40:00,93.9800033569336,94.05000305175781,93.95500183105469,94.05000305175781,94.05000305175781,4703
2026-08-14 11:41:00,94.08000183105469,94.16000366210938,93.98999786376953,93.98999786376953,93.98999786376953,12134
2026-08-14 11:42:00,94.06500244140625,94.08000183105469,93.97750091552734,93.97750091552734,93.97750091552734,14489
2026-08-14 11:43:00,94.04000091552734,94.13999938964844,93.9530029296875,94.13999938964844,94.13999938964844,5154
2026-08-14 11:44:00,94.0199966430664,94.06999969482422,94.0199966430664,94.06999969482422,94.06999969482422,646
2026-08-14 11:45:00,94.06999969482422,94.06999969482422,93.98500061035156,93.98750305175781,93.98750305175781,5602
2026-08-14 11:46:00,94.0250015258789,94.0250015258789,93.97000122070312,93.9749984741211,93.9749984741211,6658
2026-08-14 11:47:00,93.99500274658203,93.99500274658203,93.98500061035156,93.98500061035156,93.98500061035156,5796
2026-08-14 11:48:00,93.94000244140625,93.9800033569336,93.94000244140625,93.9800033569336,93.9800033569336,1532
2026-08-14 11:49:00,93.97000122070312,94.0199966430664,93.97000122070312,94.01000213623047,94.01000213623047,3498
2026-08-14 11:50:00,93.96499633789062,94.0199966430664,93.96499633789062,93.98500061035156,93.98500061035156,1288
2026-08-14 11:51:00,93.98999786376953,93.98999786376953,93.91999816894531,93.95999908447266,93.95999908447266,3105
2026-08-14 11:52:00,93.95999908447266,93.95999908447266,93.88999938964844,93.93000030517578,93.93000030517578,4038
2026-08-14 11:53:00,93.95500183105469,93.98999786376953,93.95500183105469,93.9800033569336,93.9800033569336,4054
2026-08-14 11:54:00,93.94999694824219,93.94999694824219,93.93499755859375,93.93499755859375,93.93499755859375,957
2026-08-14 11:55:00,93.93499755859375,93.93499755859375,93.8499984741211,93.8949966430664,93.8949966430664,3949
2026-08-14 11:56:00,93.88999938964844,93.88999938964844,93.86000061035156,93.86000061035156,93.86000061035156,2043
2026-08-14 11:57:00,93.80999755859375,93.80999755859375,93.75,93.78500366210938,93.78500366210938,3182
2026-08-14 11:58:00,93.7699966430664,93.7699966430664,93.7300033569336,93.7300033569336,93.7300033569336,795
2026-08-14 11:59:00,93.70999908447266,93.70999908447266,93.68499755859375,93.68499755859375,93.68499755859375,2522
2026-08-14 12:00:00,93.68499755859375,93.73999786376953,93.68499755859375,93.73999786376953,93.73999786376953,3863
2026-08-14 12:01:00,93.69499969482422,93.7699966430664,93.68000030517578,93.76000213623047,93.76000213623047,4683
2026-08-14 12:02:00,93.76000213623047,93.76000213623047,93.69000244140625,93.7249984741211,93.7249984741211,4084
2026-08-14 12:03:00,93.73500061035156,93.73500061035156,93.61000061035156,93.63999938964844,93.63999938964844,5432
2026-08-14 12:04:00,93.62000274658203,93.62000274658203,93.58000183105469,93.59500122070312,93.59500122070312,3223
2026-08-14 12:05:00,93.5999984741211,93.5999984741211,93.5999984741211,93.5999984741211,93.5999984741211,537
2026-08-14 12:06:00,93.5999984741211,93.5999984741211,93.56999969482422,93.5999984741211,93.5999984741211,1238
2026-08-14 12:07:00,93.5999984741211,93.5999984741211,93.55000305175781,93.58000183105469,93.58000183105469,1472
2026-08-14 12:08:00,93.54000091552734,93.62999725341797,93.54000091552734,93.62999725341797,93.62999725341797,1474
2026-08-14 12:09:00,93.58999633789062,93.5999984741211,93.52999877929688,93.52999877929688,93.52999877929688,1951
2026-08-14 12:10:00,93.55850219726562,93.56999969482422,93.55850219726562,93.56999969482422,93.56999969482422,1352
2026-08-14 12:11:00,93.5999984741211,93.61000061035156,93.5999984741211,93.61000061035156,93.61000061035156,1158
2026-08-14 12:12:00,93.57499694824219,93.57499694824219,93.54000091552734,93.54000091552734,93.54000091552734,1311
2026-08-14 12:13:00,93.52999877929688,93.52999877929688,93.5199966430664,93.5199966430664,93.5199966430664,2085
2026-08-14 12:14:00,93.48999786376953,93.48999786376953,93.44000244140625,93.48999786376953,93.48999786376953,1907
2026-08-14 12:15:00,93.54000091552734,93.5999984741211,93.54000091552734,93.56999969482422,93.56999969482422,2964
2026-08-14 12:16:00,93.55500030517578,93.60990142822266,93.55500030517578,93.55500030517578,93.55500030517578,1377
2026-08-14 12:17:00,93.55000305175781,93.58000183105469,93.55000305175781,93.58000183105469,93.58000183105469,985
2026-08-14 12:18:00,93.55000305175781,93.55000305175781,93.48750305175781,93.48750305175781,93.48750305175781,3237
2026-08-14 12:19:00,93.4800033569336,93.4800033569336,93.41000366210938,93.45999908447266,93.45999908447266,2610
2026-08-14 12:20:00,93.45999908447266,93.51000213623047,93.44999694824219,93.51000213623047,93.51000213623047,3047
2026-08-14 12:21:00,93.47000122070312,93.47000122070312,93.41999816894531,93.42500305175781,93.42500305175781,2525
2026-08-14 12:22:00,93.42500305175781,93.42500305175781,93.40499877929688,93.40750122070312,93.40750122070312,1764
2026-08-14 12:23:00,93.36000061035156,93.36000061035156,93.29000091552734,93.29000091552734,93.29000091552734,2634
2026-08-14 12:24:00,93.31999969482422,93.32499694824219,93.2500991821289,93.31999969482422,93.31999969482422,2604
2026-08-14 12:25:00,93.31999969482422,93.31999969482422,93.25,93.25,93.25,1221
2026-08-14 12:26:00,93.25,93.4000015258789,93.24500274658203,93.38999938964844,93.38999938964844,3925
2026-08-14 12:28:00,93.3499984741211,93.38999938964844,93.33499908447266,93.33499908447266,93.33499908447266,1151
2026-08-14 12:29:00,93.33499908447266,93.33499908447266,93.33000183105469,93.33000183105469,93.33000183105469,1254
2026-08-14 12:30:00,93.33000183105469,93.37999725341797,93.32499694824219,93.37999725341797,93.37999725341797,1584
2026-08-14 12:31:00,93.3550033569336,93.4000015258789,93.3550033569336,93.38999938964844,93.38999938964844,1554
2026-08-14 12:32:00,93.36000061035156,93.38999938964844,93.3499984741211,93.37999725341797,93.37999725341797,3215
2026-08-14 12:33:00,93.41000366210938,93.41999816894531,93.37999725341797,93.37999725341797,93.37999725341797,1475
2026-08-14 12:34:00,93.375,93.44999694824219,93.375,93.44999694824219,93.44999694824219,2307
2026-08-14 12:35:00,93.44499969482422,93.44499969482422,93.44499969482422,93.44499969482422,93.44499969482422,813
2026-08-14 12:36:00,93.47000122070312,93.51000213623047,93.47000122070312,93.51000213623047,93.51000213623047,1979
2026-08-14 12:37:00,93.52999877929688,93.52999877929688,93.52999877929688,93.52999877929688,93.52999877929688,1914
2026-08-14 12:38:00,93.52999877929688,93.55000305175781,93.52999877929688,93.55000305175781,93.55000305175781,664
2026-08-14 12:39:00,93.52999877929688,93.52999877929688,93.52999877929688,93.52999877929688,93.52999877929688,1029
2026-08-14 12:40:00,93.54000091552734,93.54000091552734,93.5199966430664,93.5199966430664,93.5199966430664,318
2026-08-14 12:41:00,93.54499816894531,93.58999633789062,93.54499816894531,93.55999755859375,93.55999755859375,5948
2026-08-14 12:42:00,93.55500030517578,93.55500030517578,93.51000213623047,93.51000213623047,93.51000213623047,2651
2026-08-14 12:43:00,93.50499725341797,93.50499725341797,93.48999786376953,93.48999786376953,93.48999786376953,1541
2026-08-14 12:44:00,93.45999908447266,93.45999908447266,93.44499969482422,93.44499969482422,93.44499969482422,1059
2026-08-14 12:45:00,93.44499969482422,93.4800033569336,93.44499969482422,93.4800033569336,93.4800033569336,1994
2026-08-14 12:46:00,93.45999908447266,93.45999908447266,93.44000244140625,93.44000244140625,93.44000244140625,695
2026-08-14 12:47:00,93.4800033569336,93.52999877929688,93.46009826660156,93.46009826660156,93.46009826660156,3054
2026-08-14 12:48:00,93.44999694824219,93.45999908447266,93.44999694824219,93.44999694824219,93.44999694824219,669
2026-08-14 12:49:00,93.44999694824219,93.4574966430664,93.44499969482422,93.44999694824219,93.44999694824219,1231
2026-08-14 12:50:00,93.44999694824219,93.44999694824219,93.37000274658203,93.37000274658203,93.37000274658203,1618
2026-08-14 12:51:00,93.41000366210938,93.43000030517578,93.41000366210938,93.41500091552734,93.41500091552734,1309
2026-08-14 12:52:00,93.44499969482422,93.44499969482422,93.41000366210938,93.41999816894531,93.41999816894531,2108
2026-08-14 12:53:00,93.40499877929688,93.40499877929688,93.3949966430664,93.3949966430664,93.3949966430664,1432
2026-08-14 12:54:00,93.31999969482422,93.4000015258789,93.31999969482422,93.4000015258789,93.4000015258789,1535
2026-08-14 12:55:00,93.43000030517578,93.43000030517578,93.40499877929688,93.40499877929688,93.40499877929688,2175
2026-08-14 12:57:00,93.45999908447266,93.45999908447266,93.37000274658203,93.4000015258789,93.4000015258789,2368
2026-08-14 12:58:00,93.43679809570312,93.43679809570312,93.4000015258789,93.43000030517578,93.43000030517578,714
2026-08-14 12:59:00,93.4000015258789,93.4800033569336,93.36599731445312,93.47000122070312,93.47000122070312,3091
2026-08-14 13:00:00,93.48999786376953,93.5,93.45999908447266,93.5,93.5,1506
2026-08-14 13:01:00,93.51000213623047,93.52999877929688,93.50499725341797,93.50499725341797,93.50499725341797,3090
2026-08-14 13:03:00,93.53250122070312,93.53250122070312,93.53250122070312,93.53250122070312,93.53250122070312,301
2026-08-14 13:04:00,93.5,93.5,93.44000244140625,93.44000244140625,93.44000244140625,3606
2026-08-14 13:05:00,93.44999694824219,93.44999694824219,93.43000030517578,93.44999694824219,93.44999694824219,1243
2026-08-14 13:06:00,93.41999816894531,93.41999816894531,93.41999816894531,93.41999816894531,93.41999816894531,547
2026-08-14 13:07:00,93.4800033569336,93.4800033569336,93.45500183105469,93.47000122070312,93.47000122070312,2102
2026-08-14 13:08:00,93.44999694824219,93.44999694824219,93.44499969482422,93.44499969482422,93.44499969482422,388
2026-08-14 13:09:00,93.44499969482422,93.46499633789062,93.41999816894531,93.46499633789062,93.46499633789062,1564
2026-08-14 13:10:00,93.4800033569336,93.5,93.4800033569336,93.5,93.5,2109
2026-08-14 13:11:00,93.50499725341797,93.5374984741211,93.50499725341797,93.5374984741211,93.5374984741211,1253
2026-08-14 13:12:00,93.47000122070312,93.47000122070312,93.43000030517578,93.43000030517578,93.43000030517578,2078
2026-08-14 13:14:00,93.43000030517578,93.43000030517578,93.41000366210938,93.41000366210938,93.41000366210938,2076
2026-08-14 13:16:00,93.42500305175781,93.42500305175781,93.42500305175781,93.42500305175781,93.42500305175781,576
2026-08-14 13:17:00,93.43939971923828,93.45999908447266,93.43939971923828,93.44499969482422,93.44499969482422,2505
2026-08-14 13:18:00,93.44999694824219,93.46499633789062,93.44999694824219,93.46499633789062,93.46499633789062,550
2026-08-14 13:19:00,93.46499633789062,93.46499633789062,93.41000366210938,93.43000030517578,93.43000030517578,2140
2026-08-14 13:20:00,93.43000030517578,93.43000030517578,93.43000030517578,93.43000030517578,93.43000030517578,1189
2026-08-14 13:21:00,93.44999694824219,93.44999694824219,93.41500091552734,93.41500091552734,93.41500091552734,2436
2026-08-14 13:22:00,93.42500305175781,93.42500305175781,93.42500305175781,93.42500305175781,93.42500305175781,266
2026-08-14 13:23:00,93.4000015258789,93.4800033569336,93.4000015258789,93.43499755859375,93.43499755859375,6323
2026-08-14 13:25:00,93.44000244140625,93.44000244140625,93.44000244140625,93.44000244140625,93.44000244140625,2381
2026-08-14 13:27:00,93.42500305175781,93.42500305175781,93.42500305175781,93.42500305175781,93.42500305175781,543
2026-08-14 13:28:00,93.42500305175781,93.42500305175781,93.4000015258789,93.4000015258789,93.4000015258789,1245
2026-08-14 13:29:00,93.42500305175781,93.42500305175781,93.42500305175781,93.42500305175781,93.42500305175781,133
2026-08-14 13:30:00,93.44999694824219,93.48999786376953,93.44999694824219,93.48999786376953,93.48999786376953,3194
2026-08-14 13:31:00,93.44999694824219,93.45249938964844,93.44000244140625,93.44000244140625,93.44000244140625,4491
2026-08-14 13:33:00,93.44499969482422,93.44499969482422,93.4000015258789,93.4000015258789,93.4000015258789,1867
2026-08-14 13:34:00,93.41999816894531,93.41999816894531,93.37999725341797,93.37999725341797,93.37999725341797,830
2026-08-14 13:35:00,93.38999938964844,93.40499877929688,93.37999725341797,93.40499877929688,93.40499877929688,1432
2026-08-14 13:36:00,93.36000061035156,93.36000061035156,93.36000061035156,93.36000061035156,93.36000061035156,663
2026-08-14 13:37:00,93.40499877929688,93.40499877929688,93.40499877929688,93.40499877929688,93.40499877929688,522
2026-08-14 13:38:00,93.37000274658203,93.4000015258789,93.37000274658203,93.4000015258789,93.4000015258789,469
2026-08-14 13:39:00,93.3949966430664,93.3949966430664,93.3949966430664,93.3949966430664,93.3949966430664,690
2026-08-14 13:40:00,93.4000015258789,93.4000015258789,93.37000274658203,93.37000274658203,93.37000274658203,898
2026-08-14 13:41:00,93.37750244140625,93.4000015258789,93.36000061035156,93.36499786376953,93.36499786376953,2080
2026-08-14 13:42:00,93.4000015258789,93.41999816894531,93.4000015258789,93.41999816894531,93.41999816894531,878
2026-08-14 13:43:00,93.43000030517578,93.43000030517578,93.38739776611328,93.43000030517578,93.43000030517578,1530
2026-08-14 13:44:00,93.40499877929688,93.41999816894531,93.40499877929688,93.41999816894531,93.41999816894531,618
2026-08-14 13:45:00,93.41999816894531,93.41999816894531,93.4000015258789,93.4000015258789,93.4000015258789,1482
2026-08-14 13:46:00,93.42500305175781,93.42500305175781,93.42500305175781,93.42500305175781,93.42500305175781,893
2026-08-14 13:47:00,93.44000244140625,93.44000244140625,93.44000244140625,93.44000244140625,93.44000244140625,392
2026-08-14 13:48:00,93.41999816894531,93.45999908447266,93.41999816894531,93.45999908447266,93.45999908447266,1708
2026-08-14 13:49:00,93.45500183105469,93.45500183105469,93.42500305175781,93.42500305175781,93.42500305175781,1952
2026-08-14 13:50:00,93.44999694824219,93.44999694824219,93.44000244140625,93.44000244140625,93.44000244140625,1073
2026-08-14 13:51:00,93.45999908447266,93.45999908447266,93.45500183105469,93.45500183105469,93.45500183105469,717
2026-08-14 13:52:00,93.44000244140625,93.47000122070312,93.43000030517578,93.44000244140625,93.44000244140625,3809
2026-08-14 13:53:00,93.44999694824219,93.47000122070312,93.44000244140625,93.47000122070312,93.47000122070312,1540
2026-08-14 13:54:00,93.4800033569336,93.4800033569336,93.41999816894531,93.41999816894531,93.41999816894531,4854
2026-08-14 13:55:00,93.41000366210938,93.41000366210938,93.41000366210938,93.41000366210938,93.41000366210938,542
2026-08-14 13:56:00,93.37999725341797,93.37999725341797,93.37999725341797,93.37999725341797,93.37999725341797,1146
2026-08-14 13:57:00,93.36499786376953,93.37000274658203,93.36499786376953,93.37000274658203,93.37000274658203,661
2026-08-14 13:58:00,93.36499786376953,93.36499786376953,93.36499786376953,93.36499786376953,93.36499786376953,679
2026-08-14 13:59:00,93.36000061035156,93.36499786376953,93.36000061035156,93.36000061035156,93.36000061035156,2006
2026-08-14 14:00:00,93.4000015258789,93.4000015258789,93.37000274658203,93.37000274658203,93.37000274658203,2179
2026-08-14 14:01:00,93.38999938964844,93.43000030517578,93.37999725341797,93.43000030517578,93.43000030517578,3146
2026-08-14 14:02:00,93.44999694824219,93.48500061035156,93.44999694824219,93.48500061035156,93.48500061035156,3027
2026-08-14 14:03:00,93.44999694824219,93.47000122070312,93.44999694824219,93.47000122070312,93.47000122070312,456
2026-08-14 14:04:00,93.47000122070312,93.47000122070312,93.43000030517578,93.43000030517578,93.43000030517578,3199
2026-08-14 14:05:00,93.46499633789062,93.4800033569336,93.46499633789062,93.4800033569336,93.4800033569336,564
2026-08-14 14:06:00,93.4800033569336,93.4800033569336,93.4800033569336,93.4800033569336,93.4800033569336,757
2026-08-14 14:07:00,93.44000244140625,93.44000244140625,93.44000244140625,93.44000244140625,93.44000244140625,1108
2026-08-14 14:09:00,93.51000213623047,93.51000213623047,93.47000122070312,93.47000122070312,93.47000122070312,1206
2026-08-14 14:10:00,93.5199966430664,93.5199966430664,93.51000213623047,93.51000213623047,93.51000213623047,810
2026-08-14 14:11:00,93.52999877929688,93.58999633789062,93.52999877929688,93.58999633789062,93.58999633789062,3581
2026-08-14 14:12:00,93.63999938964844,93.63999938964844,93.63999938964844,93.63999938964844,93.63999938964844,1286
2026-08-14 14:13:00,93.69000244140625,93.72000122070312,93.69000244140625,93.70999908447266,93.70999908447266,1740
2026-08-14 14:14:00,93.68000030517578,93.68000030517578,93.66000366210938,93.66000366210938,93.66000366210938,2194
2026-08-14 14:15:00,93.6500015258789,93.6500015258789,93.6500015258789,93.6500015258789,93.6500015258789,1136
2026-08-14 14:16:00,93.6449966430664,93.6449966430664,93.6449966430664,93.6449966430664,93.6449966430664,591
2026-08-14 14:17:00,93.58999633789062,93.58999633789062,93.58000183105469,93.58000183105469,93.58000183105469,1655
2026-08-14 14:18:00,93.56500244140625,93.56500244140625,93.56500244140625,93.56500244140625,93.56500244140625,1049
2026-08-14 14:19:00,93.56500244140625,93.57250213623047,93.56500244140625,93.57250213623047,93.57250213623047,1167
2026-08-14 14:20:00,93.52999877929688,93.55500030517578,93.52999877929688,93.55500030517578,93.55500030517578,1026
2026-08-14 14:21:00,93.55500030517578,93.55999755859375,93.55500030517578,93.55500030517578,93.55500030517578,1283
2026-08-14 14:22:00,93.58999633789062,93.625,93.56999969482422,93.62000274658203,93.62000274658203,5118
2026-08-14 14:23:00,93.62000274658203,93.62000274658203,93.62000274658203,93.62000274658203,93.62000274658203,1528
2026-08-14 14:25:00,93.63999938964844,93.63999938964844,93.62000274658203,93.62000274658203,93.62000274658203,2873
2026-08-14 14:26:00,93.62000274658203,93.62000274658203,93.6050033569336,93.6050033569336,93.6050033569336,1145
2026-08-14 14:27:00,93.62999725341797,93.6500015258789,93.6050033569336,93.6500015258789,93.6500015258789,1179
2026-08-14 14:28:00,93.6500015258789,93.6500015258789,93.60749816894531,93.63999938964844,93.63999938964844,1612
2026-08-14 14:29:00,93.6500015258789,93.6500015258789,93.5999984741211,93.5999984741211,93.5999984741211,2767
2026-08-14 14:30:00,93.62999725341797,93.66000366210938,93.6050033569336,93.6050033569336,93.6050033569336,4537
2026-08-14 14:31:00,93.59500122070312,93.59500122070312,93.59500122070312,93.59500122070312,93.59500122070312,623
2026-08-14 14:32:00,93.59750366210938,93.59750366210938,93.58000183105469,93.58999633789062,93.58999633789062,3249
2026-08-14 14:33:00,93.56999969482422,93.56999969482422,93.48999786376953,93.49500274658203,93.49500274658203,3809
2026-08-14 14:34:00,93.44999694824219,93.4800033569336,93.44999694824219,93.4800033569336,93.4800033569336,789
2026-08-14 14:35:00,93.44999694824219,93.44999694824219,93.44999694824219,93.44999694824219,93.44999694824219,4322
2026-08-14 14:36:00,93.44999694824219,93.5,93.44999694824219,93.47000122070312,93.47000122070312,2851
2026-08-14 14:37:00,93.5,93.58000183105469,93.5,93.58000183105469,93.58000183105469,4016
2026-08-14 14:38:00,93.58000183105469,93.61000061035156,93.58000183105469,93.59850311279297,93.59850311279297,1168
2026-08-14 14:39:00,93.625,93.625,93.625,93.625,93.625,1196
2026-08-14 14:40:00,93.62999725341797,93.62999725341797,93.62999725341797,93.62999725341797,93.62999725341797,948
2026-08-14 14:41:00,93.62999725341797,93.66999816894531,93.62999725341797,93.66999816894531,93.66999816894531,4210
2026-08-14 14:42:00,93.63999938964844,93.63999938964844,93.62000274658203,93.63749694824219,93.63749694824219,1814
2026-08-14 14:43:00,93.69000244140625,93.70999908447266,93.69000244140625,93.70999908447266,93.70999908447266,1346
2026-08-14 14:44:00,93.70999908447266,93.72000122070312,93.69499969482422,93.69499969482422,93.69499969482422,1443
2026-08-14 14:45:00,93.69499969482422,93.69499969482422,93.66500091552734,93.67500305175781,93.67500305175781,2028
2026-08-14 14:47:00,93.66000366210938,93.66000366210938,93.62000274658203,93.62000274658203,93.62000274658203,1781
2026-08-14 14:48:00,93.625,93.625,93.62000274658203,93.62000274658203,93.62000274658203,1325
2026-08-14 14:49:00,93.61499786376953,93.61499786376953,93.55500030517578,93.55500030517578,93.55500030517578,1705
2026-08-14 14:50:00,93.57140350341797,93.57140350341797,93.54499816894531,93.54499816894531,93.54499816894531,1264
2026-08-14 14:51:00,93.56999969482422,93.58999633789062,93.56999969482422,93.56999969482422,93.56999969482422,2283
2026-08-14 14:52:00,93.56500244140625,93.56999969482422,93.56500244140625,93.56999969482422,93.56999969482422,1227
2026-08-14 14:53:00,93.56999969482422,93.58000183105469,93.56999969482422,93.56999969482422,93.56999969482422,1633
2026-08-14 14:54:00,93.55999755859375,93.55999755859375,93.54000091552734,93.54000091552734,93.54000091552734,2530
2026-08-14 14:55:00,93.5199966430664,93.5199966430664,93.44999694824219,93.48999786376953,93.48999786376953,2575
2026-08-14 14:56:00,93.47000122070312,93.47000122070312,93.47000122070312,93.47000122070312,93.47000122070312,301
2026-08-14 14:57:00,93.47000122070312,93.48999786376953,93.47000122070312,93.47000122070312,93.47000122070312,4020
2026-08-14 14:58:00,93.48249816894531,93.51000213623047,93.4749984741211,93.49500274658203,93.49500274658203,5681
2026-08-14 14:59:00,93.4800033569336,93.49500274658203,93.47000122070312,93.47000122070312,93.47000122070312,3385
2026-08-14 15:00:00,93.45999908447266,93.46499633789062,93.44000244140625,93.46499633789062,93.46499633789062,2196
2026-08-14 15:01:00,93.43009948730469,93.46499633789062,93.43000030517578,93.43000030517578,93.43000030517578,4238
2026-08-14 15:02:00,93.41000366210938,93.41999816894531,93.36000061035156,93.37000274658203,93.37000274658203,7781
2026-08-14 15:03:00,93.36000061035156,93.37999725341797,93.33499908447266,93.37999725341797,93.37999725341797,4324
2026-08-14 15:04:00,93.34500122070312,93.3499984741211,93.33999633789062,93.34500122070312,93.34500122070312,2372
2026-08-14 15:06:00,93.3550033569336,93.3550033569336,93.3550033569336,93.3550033569336,93.3550033569336,1881
2026-08-14 15:07:00,93.36499786376953,93.36499786376953,93.31999969482422,93.33000183105469,93.33000183105469,3753
2026-08-14 15:08:00,93.36000061035156,93.36000061035156,93.33999633789062,93.33999633789062,93.33999633789062,1100
2026-08-14 15:09:00,93.33999633789062,93.33999633789062,93.30999755859375,93.32499694824219,93.32499694824219,1867
2026-08-14 15:10:00,93.32499694824219,93.32499694824219,93.32499694824219,93.32499694824219,93.32499694824219,1155
2026-08-14 15:11:00,93.30999755859375,93.33000183105469,93.30999755859375,93.31999969482422,93.31999969482422,2027
2026-08-14 15:12:00,93.31999969482422,93.36000061035156,93.31500244140625,93.36000061035156,93.36000061035156,3586
2026-08-14 15:13:00,93.33999633789062,93.41000366210938,93.33000183105469,93.41000366210938,93.41000366210938,2929
2026-08-14 15:14:00,93.43499755859375,93.44999694824219,93.3550033569336,93.40499877929688,93.40499877929688,4947
2026-08-14 15:15:00,93.43000030517578,93.43000030517578,93.33000183105469,93.33999633789062,93.33999633789062,6807
2026-08-14 15:18:00,93.30500030517578,93.36000061035156,93.30500030517578,93.31999969482422,93.31999969482422,4988
2026-08-14 15:19:00,93.29000091552734,93.33999633789062,93.27999877929688,93.27999877929688,93.27999877929688,13922
2026-08-14 15:20:00,93.27999877929688,93.33000183105469,93.2699966430664,93.32499694824219,93.32499694824219,6105
2026-08-14 15:21:00,93.3499984741211,93.36000061035156,93.33000183105469,93.33999633789062,93.33999633789062,2133
2026-08-14 15:22:00,93.31099700927734,93.37999725341797,93.30999755859375,93.36100006103516,93.36100006103516,3315
2026-08-14 15:23:00,93.36000061035156,93.36100006103516,93.36000061035156,93.36100006103516,93.36100006103516,1335
2026-08-14 15:24:00,93.38999938964844,93.38999938964844,93.29000091552734,93.32499694824219,93.32499694824219,6739
2026-08-14 15:25:00,93.32499694824219,93.4000015258789,93.32499694824219,93.37000274658203,93.37000274658203,4821
2026-08-14 15:26:00,93.34100341796875,93.37000274658203,93.34100341796875,93.37000274658203,93.37000274658203,1158
2026-08-14 15:27:00,93.375,93.375,93.33999633789062,93.36000061035156,93.36000061035156,3948
2026-08-14 15:28:00,93.36000061035156,93.47000122070312,93.36000061035156,93.45999908447266,93.45999908447266,12724
2026-08-14 15:29:00,93.44999694824219,93.48999786376953,93.44999694824219,93.47000122070312,93.47000122070312,1957
2026-08-14 15:30:00,93.44100189208984,93.5199966430664,93.2699966430664,93.2699966430664,93.2699966430664,14864
2026-08-14 15:31:00,93.30000305175781,93.3499984741211,93.2699966430664,93.30999755859375,93.30999755859375,2679
2026-08-14 15:32:00,93.33000183105469,93.38999938964844,93.33000183105469,93.38999938964844,93.38999938964844,5648
2026-08-14 15:33:00,93.37999725341797,93.56999969482422,93.37999725341797,93.56999969482422,93.56999969482422,8102
2026-08-14 15:34:00,93.56999969482422,93.5999984741211,93.51000213623047,93.51499938964844,93.51499938964844,4140
2026-08-14 15:35:00,93.48380279541016,93.48999786376953,93.43000030517578,93.44499969482422,93.44499969482422,2872
2026-08-14 15:36:00,93.44000244140625,93.44999694824219,93.4000015258789,93.44999694824219,93.44999694824219,2774
2026-08-14 15:37:00,93.42500305175781,93.42500305175781,93.37999725341797,93.4000015258789,93.4000015258789,4297
2026-08-14 15:38:00,93.41999816894531,93.44000244140625,93.33999633789062,93.33999633789062,93.33999633789062,7710
2026-08-14 15:39:00,93.33000183105469,93.33000183105469,93.15499877929688,93.17500305175781,93.17500305175781,8635
2026-08-14 15:40:00,93.18000030517578,93.20999908447266,93.16000366210938,93.19499969482422,93.19499969482422,5961
2026-08-14 15:41:00,93.19499969482422,93.22000122070312,93.18499755859375,93.19499969482422,93.19499969482422,3780
2026-08-14 15:42:00,93.20999908447266,93.23999786376953,93.16999816894531,93.2300033569336,93.2300033569336,9728
2026-08-14 15:43:00,93.25499725341797,93.27999877929688,93.23999786376953,93.25499725341797,93.25499725341797,4063
2026-08-14 15:44:00,93.26000213623047,93.31500244140625,93.25,93.29000091552734,93.29000091552734,5837
2026-08-14 15:45:00,93.29499816894531,93.29499816894531,93.22000122070312,93.22000122070312,93.22000122070312,5004
2026-08-14 15:46:00,93.21499633789062,93.22000122070312,93.16999816894531,93.19000244140625,93.19000244140625,4640
2026-08-14 15:47:00,93.20999908447266,93.22000122070312,93.19999694824219,93.19999694824219,93.19999694824219,5362
2026-08-14 15:48:00,93.19999694824219,93.25,93.18000030517578,93.23999786376953,93.23999786376953,4938
2026-08-14 15:49:00,93.22100067138672,93.26000213623047,93.20999908447266,93.21099853515625,93.21099853515625,7683
2026-08-14 15:50:00,93.25,93.31999969482422,93.25,93.27999877929688,93.27999877929688,11348
2026-08-14 15:51:00,93.27999877929688,93.27999877929688,93.11000061035156,93.12000274658203,93.12000274658203,17524
2026-08-14 15:52:00,93.13999938964844,93.19000244140625,93.125,93.19000244140625,93.19000244140625,6941
2026-08-14 15:53:00,93.22000122070312,93.22000122070312,93.13999938964844,93.18000030517578,93.18000030517578,12204
2026-08-14 15:54:00,93.19000244140625,93.22000122070312,93.16000366210938,93.22000122070312,93.22000122070312,9217
2026-08-14 15:55:00,93.18000030517578,93.31500244140625,93.13009643554688,93.18000030517578,93.18000030517578,22590
2026-08-14 15:56:00,93.16000366210938,93.18080139160156,93.02999877929688,93.08200073242188,93.08200073242188,22373
2026-08-14 15:57:00,93.06999969482422,93.08499908447266,92.88999938964844,92.91000366210938,92.91000366210938,38451
2026-08-14 15:58:00,92.9000015258789,93.0199966430664,92.83999633789062,92.83999633789062,92.83999633789062,64754
2026-08-14 15:59:00,92.83999633789062,93.12999725341797,92.83000183105469,93.08499908447266,93.08499908447266,69958
2026-08-14 16:00:00,93.09,93.8,93.09,93.8,93.8,243346
2026-08-14 16:04:00,93.09,93.09,93.09,93.09,93.09,0
2026-08-14 16:08:00,93.09,93.09,93.09,93.09,93.09,0
2026-08-14 16:10:00,93.09,93.09,93.09,93.09,93.09,0
2026-08-14 16:15:00,93.09,93.09,93.09,93.09,93.09,0
2026-08-14 16:17:00,93.63,93.63,93.63,93.63,93.63,0
2026-08-14 16:20:00,93.09,93.09,93.09,93.09,93.09,0
2026-08-14 16:26:00,93.63,93.63,93.63,93.63,93.63,0
2026-08-14 16:32:00,93.6,93.6,93.6,93.6,93.6,0
2026-08-14 16:41:00,93.6,93.6,93.6,93.6,93.6,0
2026-08-14 16:43:00,93.09,93.09,93.09,93.09,93.09,0
2026-08-14 17:05:00,93.09,93.09,93.09,93.09,93.09,0
2026-08-14 17:15:00,93.09,93.09,93.09,93.09,93.09,0
2026-08-14 17:16:00,93.09,93.09,93.09,93.09,93.09,0
2026-08-14 17:26:00,93.35,93.35,93.35,93.35,93.35,0
2026-08-14 17:42:00,93.35,93.35,93.1,93.1,93.1,0
2026-08-14 17:44:00,93.1,93.1,93.09,93.09,93.09,0
2026-08-14 17:48:00,93.25,93.25,93.25,93.25,93.25,0
2026-08-14 18:05:00,93.26,93.26,93.26,93.26,93.26,0
2026-08-14 18:08:00,93.26,93.26,93.26,93.26,93.26,0
2026-08-14 18:16:00,93.17,93.17,93.17,93.17,93.17,0
2026-08-14 18:19:00,93.45,93.45,93.45,93.45,93.45,0
2026-08-14 18:29:00,93.34,93.34,93.34,93.34,93.34,0
2026-08-14 19:04:00,93.231,93.231,93.231,93.231,93.231,0
2026-08-14 19:34:00,93.35,93.35,93.35,93.35,93.35,0
2026-08-14 19:42:00,93.2,93.2,93.2,93.2,93.2,0
2026-08-14 19:43:00,93.2,93.2,93.2,93.2,93.2,0
2026-08-14 19:48:00,94.0,94.0,94.0,94.0,94.0,0
2026-08-14 19:55:00,94.0,94.0,94.0,94.0,94.0,0
2026-08-14 19:59:00,94.0,94.0,94.0,94.0,94.0,0
