Datetime,Open,High,Low,Close,Adj Close,Volume
2026-02-17 04:00:00,100.49,100.6,100.49,100.6,100.6,0
2026-02-17 08:00:00,99.75,102.0,99.75,101.1,101.1,0
2026-02-17 09:00:00,101.02,101.99,97.5,101.8,101.8,0
2026-02-17 09:30:00,101.72000122070312,103.9000015258789,100.66999816894531,100.81999969482422,100.81999969482422,258605
2026-02-17 10:30:00,100.9800033569336,101.25,100.37000274658203,100.77999877929688,100.77999877929688,138514
2026-02-17 11:30:00,100.78500366210938,100.78500366210938,100.19000244140625,100.55999755859375,100.55999755859375,135218
2026-02-17 12:30:00,100.58499908447266,100.75800323486328,100.16500091552734,100.67500305175781,100.67500305175781,93482
2026-02-17 13:30:00,100.69999694824219,101.43000030517578,100.48999786376953,101.2300033569336,101.2300033569336,107122
2026-02-17 14:30:00,101.2300033569336,101.2300033569336,100.55999755859375,101.06999969482422,101.06999969482422,133502
2026-02-17 15:30:00,101.02999877929688,101.45999908447266,100.84500122070312,101.11000061035156,101.11000061035156,262125
2026-02-17 16:00:00,101.16,101.16,100.07,101.16,101.16,0
2026-02-17 17:00:00,101.16,101.16,101.16,101.16,101.16,0
2026-02-17 18:00:00,101.15,101.15,101.15,101.15,101.15,0
2026-02-18 08:00:00,102.3875,102.3875,100.0,100.0,100.0,0
2026-02-18 09:00:00,101.22,101.22,100.44,100.44,100.44,0
2026-02-18 09:30:00,100.7699966430664,103.02999877929688,100.6449966430664,102.43000030517578,102.43000030517578,182607
2026-02-18 10:30:00,102.37999725341797,103.13999938964844,102.28009796142578,103.05000305175781,103.05000305175781,130455
2026-02-18 11:30:00,103.05000305175781,103.41999816894531,102.80000305175781,103.3499984741211,103.3499984741211,114709
2026-02-18 12:30:00,103.47989654541016,103.66999816894531,103.18000030517578,103.25499725341797,103.25499725341797,68361
2026-02-18 13:30:00,103.29000091552734,103.67500305175781,102.94999694824219,103.3550033569336,103.3550033569336,72679
2026-02-18 14:30:00,103.31999969482422,103.37999725341797,102.47000122070312,102.86000061035156,102.86000061035156,165417
2026-02-18 15:30:00,102.83000183105469,103.2699966430664,102.80000305175781,102.97000122070312,102.97000122070312,277335
2026-02-18 16:00:00,102.99,102.99,101.135,101.74,101.74,0
2026-02-18 17:00:00,103.03,103.03,101.75,101.75,101.75,0
2026-02-19 07:00:00,103.0,103.0,103.0,103.0,103.0,0
2026-02-19 08:00:00,102.0,102.0,101.9035,101.9035,101.9035,0
2026-02-19 09:30:00,102.12999725341797,102.80999755859375,100.0,100.62000274658203,100.62000274658203,191616
2026-02-19 10:30:00,100.6050033569336,101.08999633789062,100.51000213623047,100.87999725341797,100.87999725341797,97711
2026-02-19 11:30:00,100.91999816894531,101.6050033569336,100.63999938964844,101.45999908447266,101.45999908447266,72361
2026-02-19 12:30:00,101.45500183105469,101.48999786376953,101.01000213623047,101.23999786376953,101.23999786376953,70560
2026-02-19 13:30:00,101.27999877929688,101.54000091552734,100.8949966430664,101.38999938964844,101.38999938964844,74210
2026-02-19 14:30:00,101.3499984741211,101.88999938964844,101.04000091552734,101.75,101.75,94924
2026-02-19 15:30:00,101.69000244140625,101.79000091552734,101.48500061035156,101.76000213623047,101.76000213623047,226180
2026-02-19 16:00:00,101.73,103.5,101.63,101.73,101.73,0
2026-02-19 17:00:00,101.56,101.74,101.56,101.74,101.74,0
2026-02-19 18:00:00,101.73,101.73,101.73,101.73,101.73,0
2026-02-20 07:00:00,100.97,100.97,100.97,100.97,100.97,0
2026-02-20 08:00:00,100.4405,100.4405,100.4405,100.4405,100.4405,0
2026-02-20 09:00:00,100.965,100.97,100.965,100.97,100.97,0
2026-02-20 09:30:00,101.62999725341797,102.5,101.47000122070312,102.0199966430664,102.0199966430664,186174
2026-02-20 10:30:00,102.0199966430664,102.6500015258789,101.2500991821289,101.4800033569336,101.4800033569336,164568
2026-02-20 11:30:00,101.36000061035156,101.61000061035156,100.08999633789062,100.3550033569336,100.3550033569336,115862
2026-02-20 12:30:00,100.36000061035156,100.69000244140625,100.27999877929688,100.66999816894531,100.66999816894531,62897
2026-02-20 13:30:00,100.52999877929688,101.22000122070312,100.48999786376953,100.91999816894531,100.91999816894531,99599
2026-02-20 14:30:00,100.9800033569336,101.29000091552734,100.62999725341797,101.2249984741211,101.2249984741211,141685
2026-02-20 15:30:00,101.2249984741211,101.56999969482422,101.05999755859375,101.33000183105469,101.33000183105469,176346
2026-02-20 16:00:00,101.32,101.5818,101.32,101.32,101.32,0
2026-02-20 17:00:00,101.32,101.5,100.5,101.5,101.5,0
2026-02-20 18:00:00,101.75,101.75,101.75,101.75,101.75,0
2026-02-23 04:00:00,99.87,99.87,99.87,99.87,99.87,0
2026-02-23 08:00:00,101.44,101.44,98.01,99.0001,99.0001,0
2026-02-23 09:00:00,101.4246,101.5,101.4246,101.5,101.5,0
2026-02-23 09:30:00,101.31999969482422,103.16000366210938,100.3499984741211,100.38009643554688,100.38009643554688,174946
2026-02-23 10:30:00,100.37000274658203,101.0250015258789,100.1500015258789,100.38999938964844,100.38999938964844,104233
2026-02-23 11:30:00,100.30000305175781,100.51000213623047,100.05000305175781,100.38099670410156,100.38099670410156,63605
2026-02-23 12:30:00,100.33000183105469,100.83000183105469,100.2750015258789,100.55999755859375,100.55999755859375,86322
2026-02-23 13:30:00,100.54000091552734,100.71499633789062,100.05000305175781,100.52999877929688,100.52999877929688,69786
2026-02-23 14:30:00,100.5250015258789,100.79000091552734,100.23999786376953,100.41000366210938,100.41000366210938,121878
2026-02-23 15:30:00,100.40499877929688,100.88999938964844,100.26499938964844,100.87999725341797,100.87999725341797,193962
2026-02-23 16:00:00,100.845,101.75,100.0,100.84,100.84,0
2026-02-23 17:00:00,101.41,101.41,100.44,100.44,100.44,0
2026-02-24 04:00:00,101.35,101.35,101.35,101.35,101.35,0
2026-02-24 08:00:00,100.92,100.95,100.92,100.92,100.92,0
2026-02-24 09:00:00,100.88,101.0564,100.88,100.92,100.92,0
2026-02-24 09:30:00,100.86000061035156,102.25,100.43000030517578,100.54000091552734,100.54000091552734,280488
2026-02-24 10:30:00,100.37999725341797,101.23999786376953,100.08000183105469,100.93499755859375,100.93499755859375,84915
2026-02-24 11:30:00,101.04000091552734,101.04000091552734,100.54000091552734,100.77010345458984,100.77010345458984,52609
2026-02-24 12:30:00,100.94000244140625,101.33499908447266,100.91999816894531,100.94999694824219,100.94999694824219,42169
2026-02-24 13:30:00,100.94499969482422,101.12999725341797,100.6500015258789,100.6500015258789,100.6500015258789,85782
2026-02-24 14:30:00,100.69000244140625,101.19999694824219,100.6449966430664,101.05000305175781,101.05000305175781,142249
2026-02-24 15:30:00,101.08000183105469,101.42500305175781,100.83000183105469,101.05000305175781,101.05000305175781,480434
2026-02-24 16:00:00,101.05,101.05,101.05,101.05,101.05,0
2026-02-24 17:00:00,100.0,101.0,100.0,101.0,101.0,0
2026-02-25 05:00:00,99.95,99.95,99.95,99.95,99.95,0
2026-02-25 08:00:00,98.4634,101.99,98.4634,101.01,101.01,0
2026-02-25 09:00:00,100.0,101.19,100.0,101.19,101.19,0
2026-02-25 09:30:00,101.05000305175781,101.15499877929688,98.94499969482422,99.1500015258789,99.1500015258789,201411
2026-02-25 10:30:00,99.125,99.2249984741211,98.56999969482422,98.91999816894531,98.91999816894531,123503
2026-02-25 11:30:00,98.91999816894531,99.30500030517578,98.77999877929688,98.88999938964844,98.88999938964844,99224
2026-02-25 12:30:00,98.91000366210938,99.77999877929688,98.87999725341797,99.33499908447266,99.33499908447266,132865
2026-02-25 13:30:00,99.31500244140625,99.55999755859375,99.12000274658203,99.41500091552734,99.41500091552734,135817
2026-02-25 14:30:00,99.44000244140625,99.87999725341797,99.38999938964844,99.5999984741211,99.5999984741211,85602
2026-02-25 15:30:00,99.58000183105469,100.04499816894531,99.57499694824219,99.94000244140625,99.94000244140625,152829
2026-02-25 16:00:00,99.98,99.9857,99.28,99.98,99.98,0
2026-02-25 17:00:00,100.0,100.48,100.0,100.48,100.48,0
2026-02-25 18:00:00,99.5,99.5,98.3197,98.3197,98.3197,0
2026-02-26 05:00:00,99.59,99.59,99.59,99.59,99.59,0
2026-02-26 08:00:00,100.0,100.0,98.02,99.95,99.95,0
2026-02-26 09:00:00,99.97,100.0,99.95,100.0,100.0,0
2026-02-26 09:30:00,99.91000366210938,100.00499725341797,97.8499984741211,97.94499969482422,97.94499969482422,183276
2026-02-26 10:30:00,97.95999908447266,98.17870330810547,97.46499633789062,97.625,97.625,192213
2026-02-26 11:30:00,97.62999725341797,98.44000244140625,97.31500244140625,97.87000274658203,97.87000274658203,208681
2026-02-26 12:30:00,97.86000061035156,98.61499786376953,97.7699966430664,98.55000305175781,98.55000305175781,179101
2026-02-26 13:30:00,98.52999877929688,99.44000244140625,98.5199966430664,99.40499877929688,99.40499877929688,94778
2026-02-26 14:30:00,99.40499877929688,100.05000305175781,99.19000244140625,99.93000030517578,99.93000030517578,175962
2026-02-26 15:30:00,99.91999816894531,100.20500183105469,99.70999908447266,100.08000183105469,100.08000183105469,317057
2026-02-26 16:00:00,100.09,100.09,97.25,99.9794,99.9794,0
2026-02-26 17:00:00,100.09,100.3231,100.09,100.3231,100.3231,0
2026-02-26 18:00:00,100.09,100.09,100.09,100.09,100.09,0
2026-02-27 04:00:00,100.2,100.2,100.2,100.2,100.2,0
2026-02-27 08:00:00,98.92,100.1599,98.92,98.92,98.92,0
2026-02-27 09:00:00,98.92,98.92,98.21,98.21,98.21,0
2026-02-27 09:30:00,99.04000091552734,101.48999786376953,98.91000366210938,100.45500183105469,100.45500183105469,157660
2026-02-27 10:30:00,100.52999877929688,101.4800033569336,100.4000015258789,101.4800033569336,101.4800033569336,86771
2026-02-27 11:30:00,101.41000366210938,101.68000030517578,101.05999755859375,101.44000244140625,101.44000244140625,100015
2026-02-27 12:30:00,101.44499969482422,101.7699966430664,101.04000091552734,101.18000030517578,101.18000030517578,72523
2026-02-27 13:30:00,101.20999908447266,101.41999816894531,100.94000244140625,101.41000366210938,101.41000366210938,69965
2026-02-27 14:30:00,101.31999969482422,101.36000061035156,101.02999877929688,101.33499908447266,101.33499908447266,90371
2026-02-27 15:30:00,101.33499908447266,101.51000213623047,100.94000244140625,101.27999877929688,101.27999877929688,195719
2026-02-27 16:00:00,101.27,101.2837,101.01,101.27,101.27,0
2026-02-27 17:00:00,101.1982,101.27,100.89,101.0,101.0,0
2026-02-27 18:00:00,98.8448,98.8448,98.8448,98.8448,98.8448,0
2026-03-02 04:00:00,99.0,99.0,99.0,99.0,99.0,0
2026-03-02 07:00:00,99.88,99.88,99.82,99.82,99.82,0
2026-03-02 08:00:00,99.82,101.27,97.25,101.27,101.27,0
2026-03-02 09:00:00,99.0,101.27,99.0,101.27,101.27,0
2026-03-02 09:30:00,99.94000244140625,101.0,98.38999938964844,98.6500015258789,98.6500015258789,148788
2026-03-02 10:30:00,98.6500015258789,98.9000015258789,97.76000213623047,97.83999633789062,97.83999633789062,110833
2026-03-02 11:30:00,97.82499694824219,98.52999877929688,97.7300033569336,97.99500274658203,97.99500274658203,63709
2026-03-02 12:30:00,97.95999908447266,99.30000305175781,97.54000091552734,99.1500015258789,99.1500015258789,86020
2026-03-02 13:30:00,99.25,100.18000030517578,99.0,100.0,100.0,134680
2026-03-02 14:30:00,100.01000213623047,100.12999725341797,99.29000091552734,99.44999694824219,99.44999694824219,111672
2026-03-02 15:30:00,99.51000213623047,100.12999725341797,99.51000213623047,99.98999786376953,99.98999786376953,249607
2026-03-02 16:00:00,100.04,100.08,98.71,98.75,98.75,0
2026-03-02 17:00:00,100.04,100.04,99.54,99.54,99.54,0
2026-03-03 04:00:00,97.99,97.99,97.99,97.99,97.99,0
2026-03-03 07:00:00,98.89,99.0,98.89,99.0,99.0,0
2026-03-03 08:00:00,98.7,98.7,98.7,98.7,98.7,0
2026-03-03 09:30:00,98.4800033569336,99.57440185546875,97.62999725341797,99.00499725341797,99.00499725341797,201479
2026-03-03 10:30:00,99.2300033569336,99.27999877929688,97.87999725341797,98.69000244140625,98.69000244140625,181117
2026-03-03 11:30:00,98.76000213623047,99.06999969482422,98.5199966430664,98.76000213623047,98.76000213623047,130161
2026-03-03 12:30:00,98.81999969482422,98.81999969482422,98.16000366210938,98.31999969482422,98.31999969482422,107240
2026-03-03 13:30:00,98.3949966430664,98.70999908447266,98.17500305175781,98.46499633789062,98.46499633789062,99297
2026-03-03 14:30:00,98.4749984741211,98.77999877929688,98.06999969482422,98.33999633789062,98.33999633789062,132047
2026-03-03 15:30:00,98.23190307617188,98.35990142822266,97.12000274658203,98.02999877929688,98.02999877929688,472375
2026-03-03 16:00:00,98.05,98.08,98.05,98.07,98.07,0
2026-03-03 18:00:00,98.2,98.58,98.2,98.58,98.58,0
2026-03-04 06:00:00,98.8,98.8,98.8,98.8,98.8,0
2026-03-04 08:00:00,98.08,98.08,98.08,98.08,98.08,0
2026-03-04 09:00:00,98.58,99.48,98.58,99.25,99.25,0
2026-03-04 09:30:00,99.16000366210938,99.16000366210938,97.4000015258789,97.69000244140625,97.69000244140625,270720
2026-03-04 10:30:00,97.55000305175781,97.75,96.91000366210938,97.51000213623047,97.51000213623047,149956
2026-03-04 11:30:00,97.54499816894531,98.16000366210938,97.44499969482422,97.8499984741211,97.8499984741211,113506
2026-03-04 12:30:00,97.91000366210938,98.25,97.81999969482422,98.17330169677734,98.17330169677734,120350
2026-03-04 13:30:00,98.19000244140625,98.90899658203125,98.06999969482422,98.80500030517578,98.80500030517578,172316
2026-03-04 14:30:00,98.88999938964844,99.41000366210938,98.83999633789062,98.92289733886719,98.92289733886719,163886
2026-03-04 15:30:00,98.91000366210938,99.2249984741211,98.75,98.83999633789062,98.83999633789062,347279
2026-03-04 16:00:00,98.86,98.86,98.84,98.86,98.86,0
2026-03-04 17:00:00,98.86,98.86,98.0,98.0,98.0,0
2026-03-05 06:00:00,98.86,98.86,98.86,98.86,98.86,0
2026-03-05 08:00:00,99.0,100.0,97.9,98.29,98.29,0
2026-03-05 09:30:00,97.98999786376953,99.34989929199219,97.33499908447266,98.43000030517578,98.43000030517578,135515
2026-03-05 10:30:00,98.4000015258789,98.4000015258789,97.5999984741211,97.5999984741211,97.5999984741211,138109
2026-03-05 11:30:00,97.47000122070312,97.5,96.08499908447266,96.75,96.75,173765
2026-03-05 12:30:00,96.75,97.48999786376953,96.66000366210938,97.0,97.0,92486
2026-03-05 13:30:00,97.09249877929688,97.5199966430664,96.93000030517578,97.11840057373047,97.11840057373047,88111
2026-03-05 14:30:00,97.06500244140625,97.5,96.93009948730469,97.41000366210938,97.41000366210938,105075
2026-03-05 15:30:00,97.41000366210938,97.5199966430664,97.1500015258789,97.30999755859375,97.30999755859375,252272
2026-03-05 16:00:00,97.33,97.5,95.51,97.33,97.33,0
2026-03-05 17:00:00,97.37,97.37,97.33,97.33,97.33,0
2026-03-05 18:00:00,97.26,98.86,96.01,97.35,97.35,0
2026-03-06 06:00:00,97.33,97.38,96.33,97.33,97.33,0
2026-03-06 08:00:00,98.27,98.33,96.03,96.03,96.03,0
2026-03-06 09:00:00,96.03,96.71,96.03,96.23,96.23,0
2026-03-06 09:30:00,96.2300033569336,96.23999786376953,94.80000305175781,95.11499786376953,95.11499786376953,220154
2026-03-06 10:30:00,95.16999816894531,95.83999633789062,95.01000213623047,95.16999816894531,95.16999816894531,149616
2026-03-06 11:30:00,95.12000274658203,95.12000274658203,94.61000061035156,94.7300033569336,94.7300033569336,113176
2026-03-06 12:30:00,94.76499938964844,95.66000366210938,94.66010284423828,95.58499908447266,95.58499908447266,112175
2026-03-06 13:30:00,95.6500015258789,95.88999938964844,95.45010375976562,95.7699966430664,95.7699966430664,74629
2026-03-06 14:30:00,95.72460174560547,96.0999984741211,95.72460174560547,96.01000213623047,96.01000213623047,118245
2026-03-06 15:30:00,96.01000213623047,96.30000305175781,95.87999725341797,95.98999786376953,95.98999786376953,223225
2026-03-06 16:00:00,95.94,95.98,95.42,95.98,95.98,0
2026-03-06 17:00:00,96.02,96.02,95.39,95.4,95.4,0
2026-03-06 18:00:00,94.7138,95.4,94.7138,95.4,95.4,0
2026-03-09 04:00:00,94.21,94.21,94.21,94.21,94.21,0
2026-03-09 05:00:00,94.43,94.5,94.43,94.5,94.5,0
2026-03-09 07:00:00,94.81,94.81,94.81,94.81,94.81,0
2026-03-09 08:00:00,94.81,94.81,92.6,94.68,94.68,0
2026-03-09 09:00:00,94.5,95.9,93.82,95.9,95.9,0
2026-03-09 09:30:00,95.94000244140625,97.25,94.65499877929688,94.69999694824219,94.69999694824219,214448
2026-03-09 10:30:00,94.69999694824219,95.68000030517578,94.54000091552734,95.44999694824219,95.44999694824219,166035
2026-03-09 11:30:00,95.44999694824219,95.94000244140625,95.0199966430664,95.75499725341797,95.75499725341797,87542
2026-03-09 12:30:00,95.74500274658203,96.17500305175781,95.65010070800781,95.95999908447266,95.95999908447266,86145
2026-03-09 13:30:00,95.95500183105469,96.375,95.7300033569336,96.08000183105469,96.08000183105469,85600
2026-03-09 14:30:00,96.06999969482422,97.5999984741211,96.01000213623047,97.3499984741211,97.3499984741211,193044
2026-03-09 15:30:00,97.29499816894531,97.41500091552734,96.91000366210938,97.0999984741211,97.0999984741211,329803
2026-03-09 16:00:00,97.1,97.1,95.0,97.1,97.1,0
2026-03-09 17:00:00,97.0,97.0,97.0,97.0,97.0,0
2026-03-10 04:00:00,97.05,97.05,97.05,97.05,97.05,0
2026-03-10 07:00:00,96.88,96.88,96.75,96.75,96.75,0
2026-03-10 08:00:00,96.77,107.1,90.02,94.22,94.22,0
2026-03-10 09:00:00,96.8,97.66,92.1,97.66,97.66,0
2026-03-10 09:30:00,97.5199966430664,97.62000274658203,96.7300033569336,97.0199966430664,97.0199966430664,125315
2026-03-10 10:30:00,97.0770034790039,97.66000366210938,96.93009948730469,97.66000366210938,97.66000366210938,112086
2026-03-10 11:30:00,97.625,97.85990142822266,97.20999908447266,97.48999786376953,97.48999786376953,77170
2026-03-10 12:30:00,97.47000122070312,97.77999877929688,97.20999908447266,97.5199966430664,97.5199966430664,65455
2026-03-10 13:30:00,97.48999786376953,97.54000091552734,96.5199966430664,96.9000015258789,96.9000015258789,92426
2026-03-10 14:30:00,96.93000030517578,97.02999877929688,96.36000061035156,96.55000305175781,96.55000305175781,142835
2026-03-10 15:30:00,96.5199966430664,96.70999908447266,95.9000015258789,96.0,96.0,343182
2026-03-10 16:00:00,96.02,96.5,96.02,96.5,96.5,0
2026-03-10 17:00:00,96.5949,96.5949,95.035,96.02,96.02,0
2026-03-10 18:00:00,96.02,96.02,95.51,95.51,95.51,0
2026-03-10 19:00:00,95.5,95.5,95.218,95.218,95.218,0
2026-03-11 08:00:00,95.25,95.25,95.25,95.25,95.25,0
2026-03-11 09:00:00,95.51,95.94,95.5,95.94,95.94,0
2026-03-11 09:30:00,95.9800033569336,96.51000213623047,94.87000274658203,96.05000305175781,96.05000305175781,143661
2026-03-11 10:30:00,96.08000183105469,96.19999694824219,95.41999816894531,95.41999816894531,95.41999816894531,118034
2026-03-11 11:30:00,95.4800033569336,95.61000061035156,94.86000061035156,95.30999755859375,95.30999755859375,120184
2026-03-11 12:30:00,95.31999969482422,95.7699966430664,95.27999877929688,95.5999984741211,95.5999984741211,99106
2026-03-11 13:30:00,95.58999633789062,95.58999633789062,95.06999969482422,95.36000061035156,95.36000061035156,169654
2026-03-11 14:30:00,95.37000274658203,95.51499938964844,94.87999725341797,94.91000366210938,94.91000366210938,217491
2026-03-11 15:30:00,94.94000244140625,95.0199966430664,94.61499786376953,94.6500015258789,94.6500015258789,406610
2026-03-11 16:00:00,94.66,94.9799,94.57,94.57,94.57,0
2026-03-11 17:00:00,91.1113,91.1113,91.1113,91.1113,91.1113,0
2026-03-11 18:00:00,94.57,94.71,93.75,94.71,94.71,0
2026-03-11 19:00:00,94.7,94.7,94.7,94.7,94.7,0
2026-03-12 07:00:00,93.76,93.76,93.76,93.76,93.76,0
2026-03-12 08:00:00,93.76,94.7,93.76,94.7,94.7,0
2026-03-12 09:00:00,94.68,94.68,92.8588,92.8588,92.8588,0
2026-03-12 09:30:00,93.0,93.44999694824219,92.1500015258789,92.1500015258789,92.1500015258789,321236
2026-03-12 10:30:00,92.1500015258789,92.5,91.8499984741211,92.19999694824219,92.19999694824219,172356
2026-03-12 11:30:00,92.16999816894531,92.6500015258789,91.77999877929688,92.05999755859375,92.05999755859375,143212
2026-03-12 12:30:00,91.98999786376953,92.30000305175781,91.70500183105469,92.05500030517578,92.05500030517578,133922
2026-03-12 13:30:00,92.05500030517578,92.44499969482422,92.01000213623047,92.08000183105469,92.08000183105469,139353
2026-03-12 14:30:00,92.05000305175781,92.12000274658203,91.54000091552734,91.62000274658203,91.62000274658203,188475
2026-03-12 15:30:00,91.66500091552734,92.1500015258789,91.5999984741211,92.02999877929688,92.02999877929688,486005
2026-03-12 16:00:00,92.03,92.03,91.0,92.0,92.0,0
2026-03-12 17:00:00,92.14,92.14,91.481,91.481,91.481,0
2026-03-12 19:00:00,91.96,91.96,91.96,91.96,91.96,0
2026-03-13 07:00:00,92.03,92.03,92.03,92.03,92.03,0
2026-03-13 08:00:00,91.9,92.2,91.75,91.75,91.75,0
2026-03-13 09:00:00,91.75,93.5667,91.75,93.5667,93.5667,0
2026-03-13 09:30:00,93.25,93.63999938964844,92.41999816894531,92.63500213623047,92.63500213623047,204033
2026-03-13 10:30:00,92.63500213623047,92.75,91.69999694824219,91.69999694824219,91.69999694824219,115171
2026-03-13 11:30:00,91.73999786376953,91.73999786376953,91.27999877929688,91.3499984741211,91.3499984741211,130784
2026-03-13 12:30:00,91.3499984741211,91.86499786376953,91.30500030517578,91.75499725341797,91.75499725341797,145200
2026-03-13 13:30:00,91.75499725341797,92.22000122070312,91.62999725341797,92.15499877929688,92.15499877929688,132265
2026-03-13 14:30:00,92.20999908447266,92.66999816894531,92.11000061035156,92.47000122070312,92.47000122070312,210794
2026-03-13 15:30:00,92.4800033569336,92.6500015258789,92.05000305175781,92.54000091552734,92.54000091552734,423376
2026-03-13 16:00:00,92.54,92.62,92.54,92.54,92.54,0
2026-03-16 04:00:00,92.06,92.5,92.06,92.5,92.5,0
2026-03-16 05:00:00,92.8,92.8,92.8,92.8,92.8,0
2026-03-16 06:00:00,92.86,93.01,92.86,93.01,93.01,0
2026-03-16 07:00:00,93.0,93.0,93.0,93.0,93.0,0
2026-03-16 08:00:00,92.97,93.0,91.5,93.0,93.0,0
2026-03-16 09:00:00,92.65,97.54,87.54,91.83,91.83,0
2026-03-16 09:30:00,92.16999816894531,93.6500015258789,91.1500015258789,92.80000305175781,92.80000305175781,175418
2026-03-16 10:30:00,92.91000366210938,93.45500183105469,92.61000061035156,92.87999725341797,92.87999725341797,104764
2026-03-16 11:30:00,92.91500091552734,93.19999694824219,92.79000091552734,92.94000244140625,92.94000244140625,102894
2026-03-16 12:30:00,92.91999816894531,93.30999755859375,92.8550033569336,93.23999786376953,93.23999786376953,74849
2026-03-16 13:30:00,93.19000244140625,93.19000244140625,92.63999938964844,92.80000305175781,92.80000305175781,83686
2026-03-16 14:30:00,92.80000305175781,92.84600067138672,92.51010131835938,92.6500015258789,92.6500015258789,79580
2026-03-16 15:30:00,92.6500015258789,93.12999725341797,92.45999908447266,93.0,93.0,192900
2026-03-16 16:00:00,93.0,93.1,91.4719,91.4719,91.4719,0
2026-03-16 18:00:00,91.9184,91.9184,91.9184,91.9184,91.9184,0
2026-03-16 19:00:00,92.069,92.069,92.069,92.069,92.069,0
2026-03-17 08:00:00,91.9,92.97,91.9,92.97,92.97,0
2026-03-17 09:00:00,92.97,93.83,92.97,93.83,93.83,0
2026-03-17 09:30:00,93.04000091552734,94.86000061035156,93.04000091552734,94.79000091552734,94.79000091552734,152553
2026-03-17 10:30:00,94.79000091552734,94.90499877929688,94.0999984741211,94.0999984741211,94.0999984741211,84850
2026-03-17 11:30:00,94.12000274658203,94.12999725341797,93.54000091552734,93.91000366210938,93.91000366210938,69818
2026-03-17 12:30:00,93.90499877929688,94.26000213623047,93.86499786376953,94.13999938964844,94.13999938964844,55936
2026-03-17 13:30:00,94.18499755859375,94.75499725341797,94.0,94.53500366210938,94.53500366210938,86176
2026-03-17 14:30:00,94.5250015258789,94.83999633789062,94.05000305175781,94.05000305175781,94.05000305175781,146017
2026-03-17 15:30:00,94.07499694824219,94.41000366210938,94.04000091552734,94.19999694824219,94.19999694824219,247587
2026-03-17 16:00:00,94.22,94.2702,92.45,92.45,92.45,0
2026-03-17 17:00:00,94.3298,94.3298,94.3298,94.3298,94.3298,0
2026-03-18 08:00:00,92.28,94.25,92.28,94.25,94.25,0
2026-03-18 09:00:00,93.99,94.12,93.7,93.7,93.7,0
2026-03-18 09:30:00,93.3499984741211,93.91000366210938,91.62000274658203,92.09429931640625,92.09429931640625,209391
2026-03-18 10:30:00,92.06999969482422,92.3499984741211,91.70999908447266,91.87000274658203,91.87000274658203,137947
2026-03-18 11:30:00,91.80999755859375,92.33000183105469,91.7699966430664,92.30000305175781,92.30000305175781,80254
2026-03-18 12:30:00,92.2300033569336,92.69000244140625,92.06999969482422,92.58000183105469,92.58000183105469,101822
2026-03-18 13:30:00,92.56999969482422,93.16999816894531,92.33000183105469,93.07499694824219,93.07499694824219,124519
2026-03-18 14:30:00,93.02999877929688,93.02999877929688,92.4800033569336,92.61000061035156,92.61000061035156,133428
2026-03-18 15:30:00,92.6500015258789,92.75,92.18000030517578,92.2300033569336,92.2300033569336,194730
2026-03-18 16:00:00,92.24,92.3321,91.2,91.2,91.2,0
2026-03-18 17:00:00,92.13,92.42,91.2,92.24,92.24,0
2026-03-18 18:00:00,91.2,91.2,91.2,91.2,91.2,0
2026-03-18 19:00:00,91.16,91.16,91.16,91.16,91.16,0
2026-03-19 05:00:00,93.46,93.46,93.46,93.46,93.46,0
2026-03-19 08:00:00,91.32,92.22,91.0,92.22,92.22,0
2026-03-19 09:00:00,92.4,92.4,91.52,91.94,91.94,0
2026-03-19 09:30:00,91.87999725341797,93.20500183105469,91.71499633789062,92.55999755859375,92.55999755859375,119712
2026-03-19 10:30:00,92.55000305175781,93.55999755859375,92.55000305175781,93.08000183105469,93.08000183105469,65481
2026-03-19 11:30:00,93.04000091552734,93.04499816894531,92.33000183105469,92.45999908447266,92.45999908447266,139404
2026-03-19 12:30:00,92.47000122070312,92.84500122070312,92.06999969482422,92.21499633789062,92.21499633789062,82214
2026-03-19 13:30:00,92.13999938964844,92.55999755859375,91.98999786376953,92.19000244140625,92.19000244140625,70235
2026-03-19 14:30:00,92.17500305175781,93.2300033569336,92.05999755859375,92.69999694824219,92.69999694824219,99042
2026-03-19 15:30:00,92.6500015258789,93.05000305175781,92.5999984741211,92.87000274658203,92.87000274658203,172591
2026-03-19 16:00:00,92.87,92.95,91.99,92.95,92.95,0
2026-03-19 17:00:00,91.9532,91.9532,91.01,91.01,91.01,0
2026-03-19 19:00:00,91.99,91.99,91.99,91.99,91.99,0
2026-03-20 07:00:00,92.12,92.12,92.12,92.12,92.12,0
2026-03-20 08:00:00,92.95,93.03,92.95,93.03,93.03,0
2026-03-20 09:00:00,93.78,93.78,92.31,92.31,92.31,0
2026-03-20 09:30:00,92.44999694824219,93.27999877929688,91.5999984741211,91.90499877929688,91.90499877929688,412314
2026-03-20 10:30:00,91.80999755859375,92.27999877929688,91.55000305175781,91.80509948730469,91.80509948730469,127417
2026-03-20 11:30:00,91.72000122070312,92.29499816894531,91.69000244140625,92.06999969482422,92.06999969482422,210920
2026-03-20 12:30:00,92.06999969482422,92.08000183105469,91.0999984741211,91.27999877929688,91.27999877929688,178260
2026-03-20 13:30:00,91.26000213623047,91.7300033569336,91.06999969482422,91.1449966430664,91.1449966430664,147109
2026-03-20 14:30:00,91.12000274658203,91.2249984741211,90.33999633789062,90.46499633789062,90.46499633789062,188309
2026-03-20 15:30:00,90.41999816894531,91.13050079345703,90.4000015258789,90.79000091552734,90.79000091552734,490148
2026-03-20 16:00:00,90.78,90.8254,90.63,90.76,90.76,0
2026-03-20 17:00:00,90.5,90.5,90.5,90.5,90.5,0
2026-03-23 04:00:00,91.0,91.01,91.0,91.01,91.01,0
2026-03-23 05:00:00,90.66,90.75,90.66,90.75,90.75,0
2026-03-23 07:00:00,90.2,93.98,90.2,93.98,93.98,0
2026-03-23 08:00:00,92.98,93.0,90.0,92.06,92.06,0
2026-03-23 09:00:00,92.06,92.07,90.87,91.03,91.03,0
2026-03-23 09:30:00,91.9000015258789,92.33000183105469,90.0,90.43499755859375,90.43499755859375,293933
2026-03-23 10:30:00,90.37999725341797,90.9000015258789,90.17500305175781,90.66999816894531,90.66999816894531,151716
2026-03-23 11:30:00,90.67500305175781,90.94000244140625,90.06999969482422,90.12000274658203,90.12000274658203,169794
2026-03-23 12:30:00,90.19999694824219,90.76000213623047,90.19999694824219,90.4800033569336,90.4800033569336,70715
2026-03-23 13:30:00,90.44999694824219,91.07499694824219,90.44999694824219,90.9000015258789,90.9000015258789,100368
2026-03-23 14:30:00,90.9000015258789,91.22000122070312,90.72000122070312,91.00499725341797,91.00499725341797,109660
2026-03-23 15:30:00,90.94000244140625,90.94000244140625,90.4000015258789,90.44000244140625,90.44000244140625,217872
2026-03-23 16:00:00,90.45,90.5515,90.3,90.45,90.45,0
2026-03-23 17:00:00,90.45,90.45,90.45,90.45,90.45,0
2026-03-23 19:00:00,90.54,90.54,90.54,90.54,90.54,0
2026-03-24 05:00:00,89.99,90.0,89.99,90.0,90.0,0
2026-03-24 07:00:00,90.87,90.87,90.01,90.01,90.01,0
2026-03-24 08:00:00,91.49,91.49,90.55,90.85,90.85,0
2026-03-24 09:00:00,90.85,90.85,89.51,89.51,89.51,0
2026-03-24 09:30:00,89.62999725341797,90.11000061035156,89.25,89.88999938964844,89.88999938964844,114535
2026-03-24 10:30:00,89.91999816894531,90.66000366210938,89.86000061035156,90.55999755859375,90.55999755859375,117703
2026-03-24 11:30:00,90.5199966430664,91.69000244140625,90.4000015258789,91.65499877929688,91.65499877929688,97754
2026-03-24 12:30:00,91.69999694824219,91.69999694824219,90.8949966430664,91.07499694824219,91.07499694824219,138624
2026-03-24 13:30:00,91.08000183105469,91.16000366210938,90.02999877929688,90.20500183105469,90.20500183105469,151367
2026-03-24 14:30:00,90.19999694824219,90.63999938964844,90.18000030517578,90.4000015258789,90.4000015258789,147379
2026-03-24 15:30:00,90.44000244140625,90.9000015258789,90.41999816894531,90.62999725341797,90.62999725341797,220340
2026-03-24 16:00:00,90.62,91.0,89.65,90.62,90.62,0
2026-03-24 17:00:00,91.98,91.98,91.26,91.26,91.26,0
2026-03-25 04:00:00,90.4,90.4,90.4,90.4,90.4,0
2026-03-25 08:00:00,90.69,91.22,90.25,91.11,91.11,0
2026-03-25 09:00:00,92.55,92.55,91.11,91.11,91.11,0
2026-03-25 09:30:00,91.0,93.83000183105469,91.0,92.12999725341797,92.12999725341797,253051
2026-03-25 10:30:00,92.12999725341797,92.22000122070312,91.13999938964844,91.87000274658203,91.87000274658203,120775
2026-03-25 11:30:00,91.97000122070312,92.49500274658203,91.77999877929688,92.2699966430664,92.2699966430664,80963
2026-03-25 12:30:00,92.20999908447266,92.76000213623047,92.20999908447266,92.76000213623047,92.76000213623047,45672
2026-03-25 13:30:00,92.7699966430664,92.81999969482422,92.48999786376953,92.56999969482422,92.56999969482422,54678
2026-03-25 14:30:00,92.58499908447266,92.75,92.33999633789062,92.48999786376953,92.48999786376953,71555
2026-03-25 15:30:00,92.51000213623047,92.58000183105469,92.16999816894531,92.25,92.25,199323
2026-03-25 16:00:00,92.25,92.87,92.23,92.6,92.6,0
2026-03-25 17:00:00,92.23,92.23,92.23,92.23,92.23,0
2026-03-25 18:00:00,92.6,92.6,92.6,92.6,92.6,0
2026-03-25 19:00:00,92.36,92.36,92.36,92.36,92.36,0
2026-03-26 08:00:00,89.01,89.01,89.01,89.01,89.01,0
2026-03-26 09:00:00,91.04,91.04,91.03,91.04,91.04,0
2026-03-26 09:30:00,90.98999786376953,93.02999877929688,90.98999786376953,92.81500244140625,92.81500244140625,173009
2026-03-26 10:30:00,92.70999908447266,93.0,92.37999725341797,92.92500305175781,92.92500305175781,78448
2026-03-26 11:30:00,92.87999725341797,93.1500015258789,92.5,92.83999633789062,92.83999633789062,94834
2026-03-26 12:30:00,92.84500122070312,93.48999786376953,92.70999908447266,93.48999786376953,93.48999786376953,103485
2026-03-26 13:30:00,93.43000030517578,93.7300033569336,92.69999694824219,92.79000091552734,92.79000091552734,221155
2026-03-26 14:30:00,92.83999633789062,93.02999877929688,92.19999694824219,92.5999984741211,92.5999984741211,118304
2026-03-26 15:30:00,92.58000183105469,92.58000183105469,92.04499816894531,92.2699966430664,92.2699966430664,205764
2026-03-26 16:00:00,92.26,92.6818,91.9294,91.9294,91.9294,0
2026-03-26 17:00:00,92.26,92.26,92.26,92.26,92.26,0
2026-03-26 19:00:00,91.61,91.61,90.7093,90.7093,90.7093,0
2026-03-27 07:00:00,92.76,92.76,92.76,92.76,92.76,0
2026-03-27 08:00:00,92.3,92.3,90.76,90.76,90.76,0
2026-03-27 09:00:00,91.7563,93.0,91.7563,93.0,93.0,0
2026-03-27 09:30:00,92.27999877929688,92.5,91.5,91.56999969482422,91.56999969482422,84400
2026-03-27 10:30:00,91.53500366210938,92.03500366210938,91.41999816894531,91.70999908447266,91.70999908447266,137381
2026-03-27 11:30:00,91.7249984741211,92.08000183105469,91.04000091552734,91.11000061035156,91.11000061035156,101056
2026-03-27 12:30:00,91.20999908447266,91.61000061035156,90.94000244140625,91.32499694824219,91.32499694824219,140307
2026-03-27 13:30:00,91.27999877929688,91.57890319824219,90.86000061035156,90.86000061035156,90.86000061035156,117608
2026-03-27 14:30:00,90.91500091552734,91.0250015258789,90.55999755859375,90.7300033569336,90.7300033569336,150634
2026-03-27 15:30:00,90.76000213623047,90.83499908447266,90.20500183105469,90.30999755859375,90.30999755859375,313539
2026-03-27 16:00:00,90.34,92.06,90.2,90.97,90.97,0
2026-03-27 17:00:00,90.3,92.1,90.3,92.1,92.1,0
2026-03-27 18:00:00,92.1,92.1,92.1,92.1,92.1,0
2026-03-27 19:00:00,90.3,90.3,90.3,90.3,90.3,0
2026-03-30 07:00:00,90.5,90.5,90.5,90.5,90.5,0
2026-03-30 08:00:00,91.57,91.57,91.55,91.55,91.55,0
2026-03-30 09:30:00,91.12999725341797,91.69000244140625,90.33999633789062,91.3499984741211,91.3499984741211,166842
2026-03-30 10:30:00,91.30999755859375,91.66999816894531,91.02030181884766,91.08999633789062,91.08999633789062,116699
2026-03-30 11:30:00,91.02999877929688,91.30999755859375,90.75,90.81500244140625,90.81500244140625,114888
2026-03-30 12:30:00,90.81500244140625,90.94499969482422,90.48999786376953,90.57499694824219,90.57499694824219,92031
2026-03-30 13:30:00,90.54000091552734,90.71499633789062,90.2699966430664,90.4800033569336,90.4800033569336,110007
2026-03-30 14:30:00,90.4749984741211,90.80000305175781,90.08439636230469,90.19249725341797,90.19249725341797,153518
2026-03-30 15:30:00,90.18000030517578,90.62000274658203,90.08999633789062,90.29000091552734,90.29000091552734,367333
2026-03-30 16:00:00,90.33,91.08,89.77,90.33,90.33,0
2026-03-30 17:00:00,91.08,91.08,90.33,91.08,91.08,0
2026-03-30 18:00:00,90.39,90.4,89.77,89.77,89.77,0
2026-03-31 05:00:00,90.33,90.33,90.33,90.33,90.33,0
2026-03-31 07:00:00,90.0,91.0,90.0,91.0,91.0,0
2026-03-31 09:00:00,90.9367,91.08,90.7,91.08,91.08,0
2026-03-31 09:30:00,91.54000091552734,93.12000274658203,91.19999694824219,92.98999786376953,92.98999786376953,171155
2026-03-31 10:30:00,92.9800033569336,93.27999877929688,92.33499908447266,92.7300033569336,92.7300033569336,130969
2026-03-31 11:30:00,92.62999725341797,93.11000061035156,92.62999725341797,92.95999908447266,92.95999908447266,67574
2026-03-31 12:30:00,92.95999908447266,94.12999725341797,92.86000061035156,93.56999969482422,93.56999969482422,106021
2026-03-31 13:30:00,93.55999755859375,93.6500015258789,93.16999816894531,93.6050033569336,93.6050033569336,64769
2026-03-31 14:30:00,93.62999725341797,93.87000274658203,93.44000244140625,93.87000274658203,93.87000274658203,88237
2026-03-31 15:30:00,93.88999938964844,94.37999725341797,93.80999755859375,94.16000366210938,94.16000366210938,444700
2026-03-31 16:00:00,94.15,95.98,94.12,95.98,95.98,0
2026-03-31 17:00:00,94.12,94.15,94.12,94.15,94.15,0
2026-04-01 04:00:00,94.87,94.87,94.87,94.87,94.87,0
2026-04-01 06:00:00,94.9,94.9,94.9,94.9,94.9,0
2026-04-01 07:00:00,96.0,96.0,94.99,95.0,95.0,0
2026-04-01 08:00:00,95.0,95.49,94.12,95.49,95.49,0
2026-04-01 09:00:00,94.12,95.0,94.12,95.0,95.0,0
2026-04-01 09:30:00,94.69000244140625,95.48999786376953,94.20999908447266,95.08000183105469,95.08000183105469,183801
2026-04-01 10:30:00,95.06999969482422,95.36000061035156,94.26000213623047,94.26000213623047,94.26000213623047,100595
2026-04-01 11:30:00,94.2300033569336,95.30000305175781,94.1500015258789,94.59500122070312,94.59500122070312,158663
2026-04-01 12:30:00,94.56749725341797,94.81999969482422,94.46499633789062,94.7699966430664,94.7699966430664,85409
2026-04-01 13:30:00,94.72000122070312,95.0,94.47000122070312,94.54499816894531,94.54499816894531,85479
2026-04-01 14:30:00,94.54499816894531,94.63999938964844,94.29000091552734,94.45500183105469,94.45500183105469,117039
2026-04-01 15:30:00,94.45500183105469,94.51000213623047,93.80000305175781,94.29000091552734,94.29000091552734,446057
2026-04-01 16:00:00,94.28,94.3994,94.25,94.25,94.25,0
2026-04-01 17:00:00,91.041,91.041,91.041,91.041,91.041,0
2026-04-01 18:00:00,94.3,96.0,94.3,96.0,96.0,0
2026-04-01 19:00:00,94.91,94.91,94.91,94.91,94.91,0
2026-04-02 04:00:00,90.8,94.3,90.8,94.3,94.3,0
2026-04-02 06:00:00,93.34,93.34,93.34,93.34,93.34,0
2026-04-02 09:00:00,94.3,94.3,93.52,93.52,93.52,0
2026-04-02 09:30:00,93.0199966430664,94.70500183105469,92.55000305175781,94.70500183105469,94.70500183105469,101858
2026-04-02 10:30:00,94.72000122070312,95.6500015258789,94.58999633789062,94.76000213623047,94.76000213623047,92715
2026-04-02 11:30:00,94.75,94.91000366210938,94.39009857177734,94.75,94.75,60285
2026-04-02 12:30:00,94.79000091552734,95.19000244140625,94.79000091552734,94.91010284423828,94.91010284423828,90701
2026-04-02 13:30:00,94.87999725341797,95.69000244140625,94.86000061035156,95.18000030517578,95.18000030517578,115349
2026-04-02 14:30:00,95.16999816894531,95.62000274658203,95.16500091552734,95.31999969482422,95.31999969482422,132257
2026-04-02 15:30:00,95.37000274658203,96.05000305175781,95.27999877929688,95.91999816894531,95.91999816894531,247750
2026-04-02 16:00:00,95.93,95.93,95.0,95.0,95.0,0
2026-04-06 04:00:00,98.46,98.46,96.97,96.97,96.97,0
2026-04-06 05:00:00,97.22,97.22,95.93,95.93,95.93,0
2026-04-06 07:00:00,95.9,95.9,95.9,95.9,95.9,0
2026-04-06 08:00:00,95.91,95.99,95.91,95.93,95.93,0
2026-04-06 09:00:00,95.24,95.24,95.23,95.23,95.23,0
2026-04-06 09:30:00,94.95999908447266,95.91999816894531,94.81500244140625,95.51000213623047,95.51000213623047,78063
2026-04-06 10:30:00,95.54000091552734,95.8375015258789,95.48999786376953,95.58000183105469,95.58000183105469,56897
2026-04-06 11:30:00,95.62999725341797,96.12999725341797,95.61000061035156,95.70999908447266,95.70999908447266,75018
2026-04-06 12:30:00,95.75499725341797,96.01000213623047,95.26000213623047,95.32499694824219,95.32499694824219,47516
2026-04-06 13:30:00,95.26000213623047,95.37000274658203,94.97000122070312,94.97000122070312,94.97000122070312,48103
2026-04-06 14:30:00,94.97000122070312,95.0425033569336,94.63999938964844,94.88999938964844,94.88999938964844,136484
2026-04-06 15:30:00,94.81999969482422,94.97000122070312,94.57499694824219,94.88999938964844,94.88999938964844,324109
2026-04-06 16:00:00,94.86,95.57,94.83,94.85,94.85,0
2026-04-06 17:00:00,94.94,94.94,94.84,94.84,94.84,0
2026-04-06 18:00:00,94.84,94.84,94.83,94.84,94.84,0
2026-04-07 07:00:00,94.41,94.41,91.0835,92.9071,92.9071,0
2026-04-07 09:00:00,94.7,98.0,94.5,94.8,94.8,0
2026-04-07 09:30:00,94.43000030517578,95.06999969482422,93.29000091552734,93.45999908447266,93.45999908447266,194585
2026-04-07 10:30:00,93.625,94.02999877929688,93.2300033569336,93.50990295410156,93.50990295410156,117836
2026-04-07 11:30:00,93.55000305175781,94.29000091552734,93.26000213623047,94.05000305175781,94.05000305175781,121576
2026-04-07 12:30:00,94.04499816894531,94.11000061035156,93.69000244140625,93.81999969482422,93.81999969482422,82634
2026-04-07 13:30:00,93.8499984741211,94.31500244140625,93.77999877929688,94.16999816894531,94.16999816894531,135097
2026-04-07 14:30:00,94.1050033569336,94.16999816894531,93.36000061035156,93.63999938964844,93.63999938964844,208491
2026-04-07 15:30:00,93.5999984741211,93.75,93.29000091552734,93.69000244140625,93.69000244140625,247688
2026-04-07 16:00:00,93.71,93.75,93.05,93.69,93.69,0
2026-04-07 17:00:00,94.29,94.29,91.388,93.69,93.69,0
2026-04-07 18:00:00,94.28,95.55,94.28,95.55,95.55,0
2026-04-07 19:00:00,96.6,96.6,93.73,93.73,93.73,0
2026-04-08 04:00:00,97.46,97.46,97.46,97.46,97.46,0
2026-04-08 07:00:00,96.79,96.8099,95.24,96.8099,96.8099,0
2026-04-08 08:00:00,96.21,96.21,94.01,95.5,95.5,0
2026-04-08 09:00:00,94.3,95.0,90.07,90.07,90.07,0
2026-04-08 09:30:00,95.38999938964844,95.54989624023438,93.5,94.5999984741211,94.5999984741211,108173
2026-04-08 10:30:00,94.55999755859375,94.7699966430664,94.22000122070312,94.5199966430664,94.5199966430664,78268
2026-04-08 11:30:00,94.54000091552734,94.8499984741211,94.36000061035156,94.68000030517578,94.68000030517578,97922
2026-04-08 12:30:00,94.68000030517578,95.04499816894531,94.62000274658203,94.68000030517578,94.68000030517578,61034
2026-04-08 13:30:00,94.7300033569336,95.53990173339844,94.65499877929688,95.12999725341797,95.12999725341797,77058
2026-04-08 14:30:00,95.16999816894531,95.36499786376953,95.11499786376953,95.22000122070312,95.22000122070312,70107
2026-04-08 15:30:00,95.26000213623047,95.9800033569336,95.23999786376953,95.9000015258789,95.9000015258789,207723
2026-04-08 16:00:00,95.9,96.0,91.1113,95.89,95.89,0
2026-04-08 17:00:00,91.1113,91.1113,91.1113,91.1113,91.1113,0
2026-04-08 19:00:00,95.92,95.92,95.92,95.92,95.92,0
2026-04-09 04:00:00,95.89,95.89,95.89,95.89,95.89,0
2026-04-09 09:00:00,95.89,96.33,94.42,95.27,95.27,0
2026-04-09 09:30:00,95.12999725341797,95.80000305175781,94.65499877929688,95.5,95.5,90851
2026-04-09 10:30:00,95.47000122070312,95.95999908447266,95.44000244140625,95.95500183105469,95.95500183105469,67547
2026-04-09 11:30:00,95.9000015258789,97.05999755859375,95.9000015258789,96.81999969482422,96.81999969482422,175559
2026-04-09 12:30:00,96.87999725341797,97.33999633789062,96.76000213623047,97.33999633789062,97.33999633789062,70320
2026-04-09 13:30:00,97.33999633789062,97.37989807128906,96.87999725341797,97.02999877929688,97.02999877929688,64271
2026-04-09 14:30:00,97.05000305175781,97.41999816894531,96.91500091552734,97.31999969482422,97.31999969482422,94190
2026-04-09 15:30:00,97.3550033569336,97.41999816894531,96.7300033569336,96.95999908447266,96.95999908447266,220804
2026-04-09 16:00:00,96.96,97.53,96.96,97.41,97.41,0
2026-04-09 17:00:00,96.89,96.89,96.89,96.89,96.89,0
2026-04-09 18:00:00,97.0,97.0,97.0,97.0,97.0,0
2026-04-10 06:00:00,96.96,96.96,96.96,96.96,96.96,0
2026-04-10 09:00:00,97.01,97.1,97.01,97.1,97.1,0
2026-04-10 09:30:00,97.52999877929688,97.52999877929688,95.44999694824219,96.29000091552734,96.29000091552734,142982
2026-04-10 10:30:00,96.26000213623047,96.36000061035156,95.68329620361328,95.88500213623047,95.88500213623047,105125
2026-04-10 11:30:00,95.88999938964844,96.19000244140625,95.69999694824219,96.1343994140625,96.1343994140625,101104
2026-04-10 12:30:00,96.16500091552734,96.3499984741211,96.0,96.19999694824219,96.19999694824219,62080
2026-04-10 13:30:00,96.18460083007812,96.2699966430664,95.5999984741211,95.8499984741211,95.8499984741211,83736
2026-04-10 14:30:00,95.8499984741211,95.91999816894531,95.70999908447266,95.83999633789062,95.83999633789062,90398
2026-04-10 15:30:00,95.83999633789062,96.23999786376953,95.75499725341797,96.06999969482422,96.06999969482422,246320
2026-04-10 16:00:00,96.07,97.94,92.23,97.94,97.94,0
2026-04-13 04:00:00,96.07,96.07,96.07,96.07,96.07,0
2026-04-13 07:00:00,96.95,96.95,96.44,96.44,96.44,0
2026-04-13 08:00:00,95.01,95.1634,95.0,95.1634,95.1634,0
2026-04-13 09:30:00,96.12999725341797,96.81999969482422,95.94000244140625,96.20999908447266,96.20999908447266,108282
2026-04-13 10:30:00,96.125,96.3499984741211,94.5999984741211,94.73999786376953,94.73999786376953,121385
2026-04-13 11:30:00,94.68000030517578,95.1500015258789,94.28500366210938,94.5999984741211,94.5999984741211,90993
2026-04-13 12:30:00,94.58000183105469,94.58000183105469,93.86499786376953,94.29000091552734,94.29000091552734,108858
2026-04-13 13:30:00,94.29000091552734,94.72000122070312,93.97000122070312,94.29499816894531,94.29499816894531,138519
2026-04-13 14:30:00,94.2699966430664,95.44000244140625,94.07499694824219,95.27999877929688,95.27999877929688,97633
2026-04-13 15:30:00,95.30999755859375,95.5999984741211,95.02999877929688,95.58000183105469,95.58000183105469,171251
2026-04-13 16:00:00,95.55,96.0,95.55,95.55,95.55,0
2026-04-13 17:00:00,95.55,96.11,95.55,95.9999,95.9999,0
2026-04-13 18:00:00,95.95,95.95,95.34,95.34,95.34,0
2026-04-13 19:00:00,95.34,95.99,93.042,93.042,93.042,0
2026-04-14 05:00:00,96.54,96.54,96.54,96.54,96.54,0
2026-04-14 07:00:00,96.0,96.0,96.0,96.0,96.0,0
2026-04-14 09:00:00,96.0,96.0,95.4,95.5,95.5,0
2026-04-14 09:30:00,95.76000213623047,97.69999694824219,95.76000213623047,97.38999938964844,97.38999938964844,135824
2026-04-14 10:30:00,97.375,97.80999755859375,96.94000244140625,97.48999786376953,97.48999786376953,103345
2026-04-14 11:30:00,97.58999633789062,97.68000030517578,97.31800079345703,97.56999969482422,97.56999969482422,82304
2026-04-14 12:30:00,97.54000091552734,97.77999877929688,97.3499984741211,97.4000015258789,97.4000015258789,84783
2026-04-14 13:30:00,97.33000183105469,97.5199966430664,97.1500015258789,97.19999694824219,97.19999694824219,74672
2026-04-14 14:30:00,97.16000366210938,97.43000030517578,97.125,97.2300033569336,97.2300033569336,110793
2026-04-14 15:30:00,97.30999755859375,97.9000015258789,97.30000305175781,97.68000030517578,97.68000030517578,215014
2026-04-14 16:00:00,97.69,97.99,97.4688,97.69,97.69,0
2026-04-14 17:00:00,92.23,96.12,92.23,96.12,96.12,0
2026-04-15 04:00:00,97.69,97.69,97.69,97.69,97.69,0
2026-04-15 07:00:00,97.69,98.215,97.68,97.69,97.69,0
2026-04-15 08:00:00,97.69,97.69,97.43,97.5027,97.5027,0
2026-04-15 09:00:00,98.08,99.03,98.08,98.94,98.94,0
2026-04-15 09:30:00,98.45999908447266,99.91999816894531,97.79000091552734,97.92500305175781,97.92500305175781,249050
2026-04-15 10:30:00,98.0199966430664,98.16000366210938,97.17500305175781,97.63500213623047,97.63500213623047,93703
2026-04-15 11:30:00,97.62999725341797,97.7300033569336,97.34500122070312,97.41999816894531,97.41999816894531,76448
2026-04-15 12:30:00,97.44999694824219,97.81999969482422,97.44000244140625,97.65499877929688,97.65499877929688,50476
2026-04-15 13:30:00,97.66500091552734,97.76000213623047,97.28500366210938,97.54000091552734,97.54000091552734,87285
2026-04-15 14:30:00,97.61000061035156,97.9800033569336,97.5,97.69999694824219,97.69999694824219,83318
2026-04-15 15:30:00,97.68000030517578,97.7300033569336,97.0,97.0999984741211,97.0999984741211,213258
2026-04-15 16:00:00,97.1,97.1,96.0,97.1,97.1,0
2026-04-15 17:00:00,96.15,96.15,96.15,96.15,96.15,0
2026-04-15 18:00:00,97.51,97.51,96.15,96.15,96.15,0
2026-04-16 07:00:00,96.3785,96.3785,96.3785,96.3785,96.3785,0
2026-04-16 08:00:00,97.19,97.19,96.6244,96.6244,96.6244,0
2026-04-16 09:00:00,96.69,96.69,96.69,96.69,96.69,0
2026-04-16 09:30:00,97.52999877929688,97.52999877929688,95.51000213623047,95.66500091552734,95.66500091552734,187955
2026-04-16 10:30:00,95.71499633789062,96.1500015258789,95.69000244140625,95.96499633789062,95.96499633789062,135597
2026-04-16 11:30:00,96.0,96.01000213623047,95.09500122070312,95.30999755859375,95.30999755859375,119379
2026-04-16 12:30:00,95.34500122070312,95.34500122070312,94.5999984741211,94.5999984741211,94.5999984741211,162726
2026-04-16 13:30:00,94.6050033569336,95.3499984741211,94.55999755859375,95.08499908447266,95.08499908447266,163727
2026-04-16 14:30:00,95.08499908447266,95.31999969482422,94.69000244140625,95.06999969482422,95.06999969482422,155707
2026-04-16 15:30:00,95.02999877929688,95.68000030517578,94.77999877929688,95.33000183105469,95.33000183105469,266491
2026-04-16 16:00:00,95.32,95.32,95.32,95.32,95.32,0
2026-04-16 17:00:00,95.32,95.32,95.32,95.32,95.32,0
2026-04-16 19:00:00,96.48,96.48,96.48,96.48,96.48,0
2026-04-17 04:00:00,95.32,95.32,95.32,95.32,95.32,0
2026-04-17 05:00:00,95.32,95.32,95.32,95.32,95.32,0
2026-04-17 08:00:00,95.69,95.69,95.69,95.69,95.69,0
2026-04-17 09:00:00,95.6,96.67,95.25,96.66,96.66,0
2026-04-17 09:30:00,96.69000244140625,97.83000183105469,95.6332015991211,97.7300033569336,97.7300033569336,267526
2026-04-17 10:30:00,97.61000061035156,97.7699966430664,96.73999786376953,97.30000305175781,97.30000305175781,98458
2026-04-17 11:30:00,97.25,97.5999984741211,97.2300033569336,97.46499633789062,97.46499633789062,106976
2026-04-17 12:30:00,97.48500061035156,97.7750015258789,97.13500213623047,97.13999938964844,97.13999938964844,84991
2026-04-17 13:30:00,97.12999725341797,97.54000091552734,97.12999725341797,97.31999969482422,97.31999969482422,100298
2026-04-17 14:30:00,97.31999969482422,97.63999938964844,97.08000183105469,97.23999786376953,97.23999786376953,138446
2026-04-17 15:30:00,97.2300033569336,97.9000015258789,97.19499969482422,97.81999969482422,97.81999969482422,252772
2026-04-17 16:00:00,97.82,98.0,97.75,98.0,98.0,0
2026-04-17 17:00:00,92.4906,96.71,92.4906,96.71,96.71,0
2026-04-17 18:00:00,96.71,96.71,91.6301,95.87,95.87,0
2026-04-17 19:00:00,96.88,97.9,96.88,97.9,97.9,0
2026-04-20 07:00:00,96.52,96.52,96.52,96.52,96.52,0
2026-04-20 09:00:00,97.92,98.89,92.26,98.89,98.89,0
2026-04-20 09:30:00,98.6500015258789,98.69999694824219,96.58000183105469,98.12999725341797,98.12999725341797,162869
2026-04-20 10:30:00,98.18000030517578,98.18000030517578,97.51000213623047,97.70500183105469,97.70500183105469,92970
2026-04-20 11:30:00,97.68000030517578,97.72000122070312,97.1449966430664,97.1449966430664,97.1449966430664,80379
2026-04-20 12:30:00,97.19000244140625,97.40499877929688,97.0999984741211,97.30000305175781,97.30000305175781,65507
2026-04-20 13:30:00,97.26119995117188,97.45500183105469,97.18000030517578,97.22000122070312,97.22000122070312,98155
2026-04-20 14:30:00,97.23999786376953,97.28990173339844,96.91000366210938,97.08999633789062,97.08999633789062,125919
2026-04-20 15:30:00,97.1050033569336,97.19499969482422,96.9000015258789,96.93000030517578,96.93000030517578,180193
2026-04-20 16:00:00,96.92,97.246,96.76,97.246,97.246,0
2026-04-20 18:00:00,97.51,97.51,97.51,97.51,97.51,0
2026-04-20 19:00:00,97.51,97.51,97.51,97.51,97.51,0
2026-04-21 04:00:00,96.93,98.0,96.93,98.0,98.0,0
2026-04-21 08:00:00,97.0,97.0,97.0,97.0,97.0,0
2026-04-21 09:00:00,97.25,98.06,96.54,96.54,96.54,0
2026-04-21 09:30:00,97.05500030517578,97.05500030517578,94.95500183105469,96.68000030517578,96.68000030517578,132026
2026-04-21 10:30:00,96.66500091552734,96.68399810791016,95.80999755859375,95.94000244140625,95.94000244140625,129659
2026-04-21 11:30:00,96.0199966430664,96.93499755859375,95.9800033569336,96.91999816894531,96.91999816894531,227883
2026-04-21 12:30:00,96.91999816894531,97.04499816894531,96.5199966430664,96.69000244140625,96.69000244140625,90391
2026-04-21 13:30:00,96.69499969482422,97.16999816894531,96.5199966430664,96.79499816894531,96.79499816894531,96008
2026-04-21 14:30:00,96.80000305175781,97.23999786376953,96.75,97.08499908447266,97.08499908447266,100500
2026-04-21 15:30:00,97.05999755859375,97.12999725341797,95.95999908447266,96.25,96.25,291804
2026-04-21 16:00:00,96.22,96.22,96.21,96.21,96.21,0
2026-04-21 17:00:00,96.22,96.22,96.22,96.22,96.22,0
2026-04-21 18:00:00,95.2756,95.2756,95.2756,95.2756,95.2756,0
2026-04-21 19:00:00,97.6269,98.0,97.6269,98.0,98.0,0
2026-04-22 09:00:00,96.7,96.7,96.26,96.26,96.26,0
2026-04-22 09:30:00,97.0,98.12000274658203,96.66000366210938,98.1050033569336,98.1050033569336,108234
2026-04-22 10:30:00,98.12999725341797,98.19499969482422,97.0199966430664,97.11000061035156,97.11000061035156,129183
2026-04-22 11:30:00,97.09500122070312,97.11000061035156,96.62000274658203,96.70999908447266,96.70999908447266,87727
2026-04-22 12:30:00,96.6500015258789,96.98500061035156,96.58000183105469,96.85990142822266,96.85990142822266,60318
2026-04-22 13:30:00,96.81999969482422,96.81999969482422,96.3499984741211,96.47000122070312,96.47000122070312,56685
2026-04-22 14:30:00,96.4800033569336,96.625,96.2300033569336,96.27999877929688,96.27999877929688,62795
2026-04-22 15:30:00,96.2699966430664,96.7699966430664,96.0,96.69999694824219,96.69999694824219,196120
2026-04-22 16:00:00,96.67,96.74,96.66,96.72,96.72,0
2026-04-22 17:00:00,91.1113,97.2,91.1113,97.2,97.2,0
2026-04-22 18:00:00,96.74,97.0,96.74,97.0,97.0,0
2026-04-22 19:00:00,97.04,97.1,97.04,97.1,97.1,0
2026-04-23 06:00:00,100.68,100.68,100.68,100.68,100.68,0
2026-04-23 09:00:00,96.91,97.69,96.4457,96.46,96.46,0
2026-04-23 09:30:00,96.37000274658203,97.23999786376953,95.9000015258789,96.0999984741211,96.0999984741211,83617
2026-04-23 10:30:00,96.0999984741211,96.58499908447266,95.98999786376953,96.11499786376953,96.11499786376953,66056
2026-04-23 11:30:00,96.11000061035156,96.47000122070312,95.87999725341797,96.30000305175781,96.30000305175781,81492
2026-04-23 12:30:00,96.30000305175781,96.47000122070312,95.45999908447266,95.45999908447266,95.45999908447266,82438
2026-04-23 13:30:00,95.41999816894531,95.8499984741211,95.22000122070312,95.8499984741211,95.8499984741211,86971
2026-04-23 14:30:00,95.8499984741211,95.9000015258789,95.19000244140625,95.47000122070312,95.47000122070312,102745
2026-04-23 15:30:00,95.47000122070312,95.57499694824219,95.0999984741211,95.47000122070312,95.47000122070312,184379
2026-04-23 16:00:00,95.47,95.47,94.95,95.47,95.47,0
2026-04-23 17:00:00,95.47,95.47,95.47,95.47,95.47,0
2026-04-23 18:00:00,95.03,95.03,95.03,95.03,95.03,0
2026-04-24 04:00:00,93.99,96.1,93.99,96.1,96.1,0
2026-04-24 06:00:00,95.0,95.0,95.0,95.0,95.0,0
2026-04-24 07:00:00,96.5,96.5,95.01,95.03,95.03,0
2026-04-24 08:00:00,95.06,95.2151,92.17,92.17,92.17,0
2026-04-24 09:30:00,94.94999694824219,95.02999877929688,93.62999725341797,94.5999984741211,94.5999984741211,143878
2026-04-24 10:30:00,94.77999877929688,94.8499984741211,93.9800033569336,94.03500366210938,94.03500366210938,104724
2026-04-24 11:30:00,94.08000183105469,94.75,93.93000030517578,94.58000183105469,94.58000183105469,58862
2026-04-24 12:30:00,94.62999725341797,94.87000274658203,94.51000213623047,94.80000305175781,94.80000305175781,72329
2026-04-24 13:30:00,94.77010345458984,95.13999938964844,94.77010345458984,94.95999908447266,94.95999908447266,106304
2026-04-24 14:30:00,94.95999908447266,95.19999694824219,94.91500091552734,95.0,95.0,94541
2026-04-24 15:30:00,94.94000244140625,94.95999908447266,94.41999816894531,94.66000366210938,94.66000366210938,209587
2026-04-24 16:00:00,94.65,94.65,94.01,94.65,94.65,0
2026-04-24 17:00:00,94.65,95.954,92.3,92.3,92.3,0
2026-04-24 19:00:00,95.3,95.3,95.3,95.3,95.3,0
2026-04-27 04:00:00,94.0,94.0,94.0,94.0,94.0,0
2026-04-27 07:00:00,94.99,94.99,94.0,94.65,94.65,0
2026-04-27 08:00:00,93.9074,93.9074,93.5347,93.7263,93.7263,0
2026-04-27 09:30:00,94.5,97.66000366210938,94.5,96.61499786376953,96.61499786376953,401370
2026-04-27 10:30:00,96.61499786376953,97.13999938964844,96.20500183105469,96.20500183105469,96.20500183105469,184484
2026-04-27 11:30:00,96.20500183105469,96.41000366210938,95.87999725341797,96.4000015258789,96.4000015258789,126659
2026-04-27 12:30:00,96.31999969482422,96.5199966430664,95.37999725341797,95.37999725341797,95.37999725341797,126526
2026-04-27 13:30:00,95.37999725341797,95.8499984741211,95.11160278320312,95.62999725341797,95.62999725341797,152433
2026-04-27 14:30:00,95.5999984741211,96.62999725341797,95.55000305175781,95.70999908447266,95.70999908447266,434804
2026-04-27 15:30:00,95.7249984741211,96.3499984741211,95.6050033569336,95.73999786376953,95.73999786376953,386015
2026-04-27 16:00:00,95.715,98.8,95.093,95.71,95.71,0
2026-04-27 17:00:00,95.7,97.0681,93.8,96.6,96.6,0
2026-04-27 18:00:00,95.59,96.3,95.59,96.3,96.3,0
2026-04-27 19:00:00,96.6,96.6,96.4687,96.4687,96.4687,0
2026-04-28 04:00:00,98.99,98.99,96.0,98.99,98.99,0
2026-04-28 05:00:00,96.0,96.0,96.0,96.0,96.0,0
2026-04-28 07:00:00,91.81,94.99,87.12,94.0,94.0,0
2026-04-28 08:00:00,93.24,94.99,93.0,94.99,94.99,0
2026-04-28 09:00:00,95.003,98.34,94.69,94.69,94.69,0
2026-04-28 09:30:00,94.75,97.95999908447266,94.0,96.41000366210938,96.41000366210938,660533
2026-04-28 10:30:00,96.36000061035156,96.80000305175781,93.0,93.04000091552734,93.04000091552734,220053
2026-04-28 11:30:00,92.87000274658203,94.0780029296875,92.83000183105469,93.7699966430664,93.7699966430664,143846
2026-04-28 12:30:00,93.73999786376953,94.26000213623047,93.01750183105469,94.11499786376953,94.11499786376953,139126
2026-04-28 13:30:00,93.98999786376953,95.05500030517578,93.80999755859375,94.61000061035156,94.61000061035156,185015
2026-04-28 14:30:00,94.61000061035156,97.0,94.36000061035156,96.98999786376953,96.98999786376953,236413
2026-04-28 15:30:00,96.8499984741211,98.36000061035156,96.73999786376953,97.80000305175781,97.80000305175781,516739
2026-04-28 16:00:00,97.74,98.6,96.4014,98.6,98.6,0
2026-04-28 17:00:00,97.7,97.7,97.7,97.7,97.7,0
2026-04-28 19:00:00,97.7,97.7,97.7,97.7,97.7,0
2026-04-29 06:00:00,97.74,97.74,97.74,97.74,97.74,0
2026-04-29 07:00:00,97.74,98.11,97.74,98.0,98.0,0
2026-04-29 08:00:00,97.91,98.0,97.8,98.0,98.0,0
2026-04-29 09:00:00,97.41,99.69,97.41,98.9,98.9,0
2026-04-29 09:30:00,99.18000030517578,102.8550033569336,96.66999816894531,96.8949966430664,96.8949966430664,666091
2026-04-29 10:30:00,96.8949966430664,99.0199966430664,96.68000030517578,98.62000274658203,98.62000274658203,196589
2026-04-29 11:30:00,98.88999938964844,99.29499816894531,98.25,98.3949966430664,98.3949966430664,156722
2026-04-29 12:30:00,98.3499984741211,98.44989776611328,97.5999984741211,97.7699966430664,97.7699966430664,122118
2026-04-29 13:30:00,97.83499908447266,98.31500244140625,97.66500091552734,98.26499938964844,98.26499938964844,144555
2026-04-29 14:30:00,98.19999694824219,99.38999938964844,98.01000213623047,99.0999984741211,99.0999984741211,315590
2026-04-29 15:30:00,99.11000061035156,99.30000305175781,98.70999908447266,99.11000061035156,99.11000061035156,332741
2026-04-29 16:00:00,99.1,99.1,99.1,99.1,99.1,0
2026-04-29 18:00:00,100.492,101.94,100.0,101.94,101.94,0
2026-04-30 04:00:00,98.2725,98.2725,98.2725,98.2725,98.2725,0
2026-04-30 07:00:00,99.98,99.98,97.13,97.13,97.13,0
2026-04-30 09:00:00,99.0,101.3656,99.0,100.12,100.12,0
2026-04-30 09:30:00,100.33000183105469,100.8499984741211,98.44999694824219,98.97000122070312,98.97000122070312,158230
2026-04-30 10:30:00,99.0250015258789,99.51000213623047,98.33000183105469,98.55999755859375,98.55999755859375,119896
2026-04-30 11:30:00,98.48500061035156,98.94000244140625,98.45999908447266,98.83000183105469,98.83000183105469,97741
2026-04-30 12:30:00,98.83000183105469,98.83000183105469,98.02999877929688,98.17500305175781,98.17500305175781,122195
2026-04-30 13:30:00,98.16000366210938,98.33999633789062,97.70999908447266,97.75,97.75,100161
2026-04-30 14:30:00,97.76000213623047,97.76000213623047,95.23999786376953,95.33499908447266,95.33499908447266,325076
2026-04-30 15:30:00,95.33499908447266,96.03990173339844,94.92500305175781,95.27999877929688,95.27999877929688,525488
2026-04-30 16:00:00,95.27,97.46,85.9,95.27,95.27,0
2026-04-30 17:00:00,95.24,95.24,94.0,94.0,94.0,0
2026-04-30 18:00:00,95.25,95.25,95.21,95.21,95.21,0
2026-04-30 19:00:00,95.0,95.095,94.0,94.0,94.0,0
2026-05-01 07:00:00,94.09,94.09,94.0409,94.0409,94.0409,0
2026-05-01 09:00:00,95.27,95.27,93.4304,95.19,95.19,0
2026-05-01 09:30:00,95.01000213623047,96.93000030517578,94.81500244140625,96.7979965209961,96.7979965209961,189600
2026-05-01 10:30:00,96.82099914550781,96.9800033569336,96.31999969482422,96.43000030517578,96.43000030517578,116857
2026-05-01 11:30:00,96.42500305175781,96.7300033569336,96.20999908447266,96.30500030517578,96.30500030517578,89390
2026-05-01 12:30:00,96.30000305175781,96.87999725341797,96.2699966430664,96.76499938964844,96.76499938964844,86481
2026-05-01 13:30:00,96.76499938964844,96.94999694824219,96.25,96.43000030517578,96.43000030517578,114329
2026-05-01 14:30:00,96.41500091552734,96.79000091552734,96.18499755859375,96.27999877929688,96.27999877929688,104453
2026-05-01 15:30:00,96.29499816894531,97.05000305175781,96.29499816894531,96.8948974609375,96.8948974609375,266630
2026-05-01 16:00:00,96.91,96.94,96.88,96.88,96.88,0
2026-05-01 17:00:00,97.0,98.92,96.8,96.8,96.8,0
2026-05-01 18:00:00,97.4,97.4,97.4,97.4,97.4,0
2026-05-01 19:00:00,97.88,97.88,97.6437,97.6437,97.6437,0
2026-05-04 07:00:00,96.66,96.94,96.55,96.74,96.74,0
2026-05-04 08:00:00,96.74,97.0,96.74,97.0,97.0,0
2026-05-04 09:00:00,96.0,96.8999,96.0,96.8999,96.8999,0
2026-05-04 09:30:00,96.54000091552734,97.5999984741211,96.34010314941406,97.0199966430664,97.0199966430664,124159
2026-05-04 10:30:00,97.01000213623047,97.09500122070312,96.65499877929688,96.69999694824219,96.69999694824219,116403
2026-05-04 11:30:00,96.68000030517578,97.01000213623047,96.50499725341797,96.56999969482422,96.56999969482422,93660
2026-05-04 12:30:00,96.51000213623047,96.97000122070312,96.48999786376953,96.9000015258789,96.9000015258789,77929
2026-05-04 13:30:00,96.88999938964844,97.0199966430664,96.62999725341797,96.87999725341797,96.87999725341797,58941
2026-05-04 14:30:00,96.8949966430664,97.30999755859375,96.83999633789062,96.98500061035156,96.98500061035156,91279
2026-05-04 15:30:00,96.97000122070312,97.29000091552734,96.81999969482422,97.13999938964844,97.13999938964844,156422
2026-05-04 16:00:00,97.14,97.14,97.14,97.14,97.14,0
2026-05-05 04:00:00,96.53,96.53,96.53,96.53,96.53,0
2026-05-05 05:00:00,96.53,96.53,96.53,96.53,96.53,0
2026-05-05 07:00:00,97.5,98.0,95.39,98.0,98.0,0
2026-05-05 08:00:00,97.15,97.2518,97.15,97.2518,97.2518,0
2026-05-05 09:30:00,97.79000091552734,98.9000015258789,96.1500015258789,96.87999725341797,96.87999725341797,117781
2026-05-05 10:30:00,96.85009765625,97.22000122070312,96.73999786376953,97.08000183105469,97.08000183105469,71096
2026-05-05 11:30:00,97.05000305175781,97.12999725341797,96.94000244140625,97.05000305175781,97.05000305175781,53101
2026-05-05 12:30:00,97.13999938964844,97.36000061035156,96.54000091552734,96.69000244140625,96.69000244140625,76738
2026-05-05 13:30:00,96.66999816894531,97.07499694824219,96.66999816894531,97.05000305175781,97.05000305175781,54765
2026-05-05 14:30:00,97.05999755859375,97.7249984741211,97.05999755859375,97.29000091552734,97.29000091552734,92219
2026-05-05 15:30:00,97.31999969482422,97.72899627685547,97.26000213623047,97.4800033569336,97.4800033569336,182992
2026-05-05 16:00:00,97.47,97.47,97.47,97.47,97.47,0
2026-05-05 17:00:00,97.58,97.9454,97.0,97.0,97.0,0
2026-05-05 18:00:00,96.25,96.25,95.88,96.2364,96.2364,0
2026-05-05 19:00:00,96.2569,96.2569,96.2569,96.2569,96.2569,0
2026-05-06 04:00:00,97.46,97.46,97.46,97.46,97.46,0
2026-05-06 05:00:00,97.46,97.46,97.46,97.46,97.46,0
2026-05-06 07:00:00,97.6,97.6,97.6,97.6,97.6,0
2026-05-06 09:00:00,98.0,98.5,96.76,98.4,98.4,0
2026-05-06 09:30:00,98.29000091552734,99.13999938964844,97.61009979248047,98.72129821777344,98.72129821777344,68977
2026-05-06 10:30:00,98.91999816894531,99.4800033569336,98.51000213623047,99.20999908447266,99.20999908447266,66801
2026-05-06 11:30:00,99.26000213623047,99.30999755859375,98.91999816894531,99.05999755859375,99.05999755859375,40570
2026-05-06 12:30:00,99.11000061035156,99.43000030517578,99.0199966430664,99.2249984741211,99.2249984741211,53474
2026-05-06 13:30:00,99.16999816894531,99.36000061035156,98.80000305175781,98.95500183105469,98.95500183105469,84610
2026-05-06 14:30:00,98.9000015258789,99.97000122070312,98.88999938964844,99.87000274658203,99.87000274658203,142749
2026-05-06 15:30:00,99.87000274658203,100.00499725341797,99.5199966430664,99.83000183105469,99.83000183105469,258411
2026-05-06 16:00:00,99.85,99.93,99.85,99.9,99.9,0
2026-05-06 17:00:00,91.1113,91.1113,91.1113,91.1113,91.1113,0
2026-05-06 18:00:00,99.85,99.85,99.85,99.85,99.85,0
2026-05-06 19:00:00,97.893,97.893,95.78,95.78,95.78,0
2026-05-07 04:00:00,99.85,99.85,99.85,99.85,99.85,0
2026-05-07 05:00:00,99.69,99.69,99.69,99.69,99.69,0
2026-05-07 06:00:00,99.68,99.68,99.68,99.68,99.68,0
2026-05-07 08:00:00,99.85,99.85,99.85,99.85,99.85,0
2026-05-07 09:00:00,103.0,103.0,99.32,99.32,99.32,0
2026-05-07 09:30:00,99.68000030517578,99.68000030517578,97.12000274658203,97.12000274658203,97.12000274658203,115201
2026-05-07 10:30:00,97.22250366210938,98.91999816894531,97.20500183105469,98.2249984741211,98.2249984741211,102394
2026-05-07 11:30:00,98.22000122070312,98.45500183105469,97.54000091552734,98.02999877929688,98.02999877929688,109677
2026-05-07 12:30:00,97.9800033569336,98.04000091552734,97.19999694824219,97.54000091552734,97.54000091552734,71381
2026-05-07 13:30:00,97.54000091552734,98.5199966430664,97.44999694824219,98.33000183105469,98.33000183105469,59403
2026-05-07 14:30:00,98.19999694824219,98.25,97.80000305175781,98.04499816894531,98.04499816894531,116671
2026-05-07 15:30:00,98.04499816894531,98.06999969482422,97.59500122070312,97.80000305175781,97.80000305175781,209309
2026-05-07 16:00:00,97.77,97.77,97.7695,97.77,97.77,0
2026-05-07 18:00:00,96.5858,96.5858,96.5858,96.5858,96.5858,0
2026-05-07 19:00:00,96.58,96.58,96.58,96.58,96.58,0
2026-05-08 04:00:00,98.02,98.02,98.02,98.02,98.02,0
2026-05-08 06:00:00,99.72,100.0,98.78,100.0,100.0,0
2026-05-08 08:00:00,102.0,102.0,99.19,99.92,99.92,0
2026-05-08 09:00:00,98.57,99.24,98.3,98.3,98.3,0
2026-05-08 09:30:00,98.5999984741211,99.33000183105469,97.47000122070312,98.28500366210938,98.28500366210938,101418
2026-05-08 10:30:00,98.33000183105469,98.76499938964844,97.95999908447266,98.20999908447266,98.20999908447266,60306
2026-05-08 11:30:00,98.16000366210938,98.48999786376953,97.91999816894531,98.4000015258789,98.4000015258789,56336
2026-05-08 12:30:00,98.41000366210938,99.0999984741211,98.33000183105469,99.05000305175781,99.05000305175781,59354
2026-05-08 13:30:00,99.0,99.87000274658203,98.67009735107422,99.36000061035156,99.36000061035156,105143
2026-05-08 14:30:00,99.29000091552734,99.29000091552734,98.13500213623047,98.30999755859375,98.30999755859375,81111
2026-05-08 15:30:00,98.30999755859375,98.7300033569336,98.2300033569336,98.56999969482422,98.56999969482422,161197
2026-05-08 16:00:00,98.56,99.18,98.56,98.64,98.64,0
2026-05-08 17:00:00,98.56,98.56,98.56,98.56,98.56,0
2026-05-08 18:00:00,98.64,98.64,98.18,98.18,98.18,0
2026-05-08 19:00:00,98.18,98.18,98.18,98.18,98.18,0
2026-05-11 04:00:00,99.98,99.99,97.29,99.98,99.98,0
2026-05-11 05:00:00,99.94,99.94,99.94,99.94,99.94,0
2026-05-11 07:00:00,99.63,99.63,97.1907,97.1907,97.1907,0
2026-05-11 09:00:00,99.0,99.34,99.0,99.14,99.14,0
2026-05-11 09:30:00,99.04000091552734,102.33000183105469,99.04000091552734,102.01000213623047,102.01000213623047,213624
2026-05-11 10:30:00,102.0,103.01000213623047,101.90499877929688,102.58999633789062,102.58999633789062,231779
2026-05-11 11:30:00,102.56999969482422,102.6500015258789,101.2300033569336,101.2300033569336,101.2300033569336,172376
2026-05-11 12:30:00,101.2300033569336,101.54000091552734,100.66000366210938,100.79000091552734,100.79000091552734,88464
2026-05-11 13:30:00,100.73500061035156,100.86499786376953,99.91000366210938,100.20999908447266,100.20999908447266,106539
2026-05-11 14:30:00,100.16000366210938,100.26000213623047,99.9000015258789,100.19000244140625,100.19000244140625,124794
2026-05-11 15:30:00,100.19000244140625,100.46499633789062,99.88999938964844,100.3499984741211,100.3499984741211,243950
2026-05-11 16:00:00,100.32,101.28,100.32,101.28,101.28,0
2026-05-11 17:00:00,102.31,102.31,101.28,101.28,101.28,0
2026-05-11 18:00:00,101.28,101.28,98.9719,98.9719,98.9719,0
2026-05-12 04:00:00,101.32,102.46,101.32,102.46,102.46,0
2026-05-12 06:00:00,100.669,100.669,100.669,100.669,100.669,0
2026-05-12 09:00:00,100.67,100.72,100.67,100.72,100.72,0
2026-05-12 09:30:00,100.83999633789062,101.16000366210938,99.02999877929688,100.11000061035156,100.11000061035156,172146
2026-05-12 10:30:00,100.11000061035156,101.13999938964844,100.11000061035156,101.0198974609375,101.0198974609375,95022
2026-05-12 11:30:00,101.01000213623047,101.16000366210938,99.36000061035156,99.86000061035156,99.86000061035156,202797
2026-05-12 12:30:00,99.75,100.5,99.11000061035156,100.37000274658203,100.37000274658203,140483
2026-05-12 13:30:00,100.30000305175781,101.08000183105469,99.55000305175781,99.63500213623047,99.63500213623047,160280
2026-05-12 14:30:00,99.6050033569336,99.96499633789062,99.18499755859375,99.19000244140625,99.19000244140625,124669
2026-05-12 15:30:00,99.23500061035156,99.5,99.01000213623047,99.1500015258789,99.1500015258789,213528
2026-05-12 16:00:00,99.13,100.0,99.13,99.5,99.5,0
2026-05-12 17:00:00,99.13,99.13,99.13,99.13,99.13,0
2026-05-13 07:00:00,98.44,98.44,98.44,98.44,98.44,0
2026-05-13 08:00:00,98.5639,98.7403,98.5639,98.7403,98.7403,0
2026-05-13 09:00:00,98.24,100.0,98.2,98.44,98.44,0
2026-05-13 09:30:00,98.80000305175781,99.0,97.61000061035156,97.70999908447266,97.70999908447266,169536
2026-05-13 10:30:00,98.0,98.36000061035156,97.33999633789062,97.80000305175781,97.80000305175781,162038
2026-05-13 11:30:00,97.80999755859375,98.04000091552734,97.06999969482422,97.69999694824219,97.69999694824219,186284
2026-05-13 12:30:00,97.69499969482422,98.4800033569336,97.51000213623047,98.11000061035156,98.11000061035156,95001
2026-05-13 13:30:00,98.21499633789062,98.58000183105469,98.06999969482422,98.33999633789062,98.33999633789062,98308
2026-05-13 14:30:00,98.45999908447266,99.0199966430664,98.0199966430664,98.83999633789062,98.83999633789062,146851
2026-05-13 15:30:00,98.86000061035156,98.95500183105469,98.38999938964844,98.81999969482422,98.81999969482422,255678
2026-05-13 16:00:00,98.82,98.9,98.82,98.9,98.9,0
2026-05-13 19:00:00,99.0,99.0,99.0,99.0,99.0,0
2026-05-14 04:00:00,98.83,98.83,98.83,98.83,98.83,0
2026-05-14 06:00:00,98.83,98.83,98.83,98.83,98.83,0
2026-05-14 08:00:00,98.51,99.2583,97.645,97.645,97.645,0
2026-05-14 09:00:00,98.98,98.99,98.07,98.07,98.07,0
2026-05-14 09:30:00,99.0199966430664,99.36229705810547,97.12000274658203,98.37999725341797,98.37999725341797,154441
2026-05-14 10:30:00,98.54000091552734,98.6500015258789,97.88999938964844,97.9000015258789,97.9000015258789,119228
2026-05-14 11:30:00,97.94999694824219,98.26000213623047,97.22000122070312,97.51000213623047,97.51000213623047,147120
2026-05-14 12:30:00,97.51000213623047,97.87000274658203,97.45999908447266,97.67500305175781,97.67500305175781,118832
2026-05-14 13:30:00,97.72000122070312,98.22000122070312,97.54000091552734,97.69000244140625,97.69000244140625,93830
2026-05-14 14:30:00,97.69000244140625,98.20999908447266,97.62000274658203,98.11750030517578,98.11750030517578,121015
2026-05-14 15:30:00,98.0895004272461,98.19000244140625,97.58000183105469,97.5999984741211,97.5999984741211,287388
2026-05-14 16:00:00,97.63,97.63,97.58,97.63,97.63,0
2026-05-14 18:00:00,97.63,97.63,97.63,97.63,97.63,0
2026-05-14 19:00:00,97.47,97.47,97.25,97.25,97.25,0
2026-05-15 04:00:00,97.6,97.6,97.6,97.6,97.6,0
2026-05-15 08:00:00,97.4,97.4,97.4,97.4,97.4,0
2026-05-15 09:00:00,96.17,97.37,96.17,97.35,97.35,0
2026-05-15 09:30:00,97.44000244140625,97.69999694824219,95.5999984741211,95.9749984741211,95.9749984741211,150585
2026-05-15 10:30:00,96.06999969482422,96.20999908447266,95.20500183105469,95.30000305175781,95.30000305175781,206596
2026-05-15 11:30:00,95.3499984741211,95.83999633789062,94.81999969482422,95.55500030517578,95.55500030517578,201306
2026-05-15 12:30:00,95.55500030517578,95.62000274658203,94.95999908447266,95.21990203857422,95.21990203857422,182984
2026-05-15 13:30:00,95.11499786376953,95.72000122070312,94.30999755859375,95.6500015258789,95.6500015258789,134248
2026-05-15 14:30:00,95.58499908447266,95.94999694824219,95.2750015258789,95.77999877929688,95.77999877929688,151579
2026-05-15 15:30:00,95.76000213623047,95.86000061035156,95.27999877929688,95.33000183105469,95.33000183105469,255458
2026-05-15 16:00:00,95.31,95.33,94.0039,95.31,95.31,0
2026-05-15 17:00:00,95.31,95.31,95.31,95.31,95.31,0
2026-05-15 18:00:00,96.82,96.82,96.82,96.82,96.82,0
2026-05-18 05:00:00,94.0,94.0,94.0,94.0,94.0,0
2026-05-18 08:00:00,96.1512,96.1512,96.1512,96.1512,96.1512,0
2026-05-18 09:00:00,95.33,96.14,95.33,96.14,96.14,0
2026-05-18 09:30:00,95.47000122070312,96.5999984741211,94.7699966430664,96.05500030517578,96.05500030517578,133906
2026-05-18 10:30:00,96.06999969482422,96.06999969482422,94.79000091552734,94.79000091552734,94.79000091552734,84778
2026-05-18 11:30:00,94.7699966430664,94.9749984741211,94.62999725341797,94.86000061035156,94.86000061035156,80463
2026-05-18 12:30:00,94.88999938964844,95.43499755859375,94.7300033569336,95.38999938964844,95.38999938964844,69882
2026-05-18 13:30:00,95.38999938964844,95.48999786376953,94.9800033569336,95.06999969482422,95.06999969482422,72739
2026-05-18 14:30:00,95.06999969482422,95.23999786376953,94.87999725341797,95.09249877929688,95.09249877929688,90430
2026-05-18 15:30:00,95.05000305175781,95.37999725341797,94.83499908447266,95.19000244140625,95.19000244140625,197928
2026-05-18 16:00:00,95.19,95.19,95.19,95.19,95.19,0
2026-05-19 06:00:00,95.2,95.2,95.2,95.2,95.2,0
2026-05-19 09:30:00,95.19000244140625,95.55000305175781,94.0999984741211,95.51499938964844,95.51499938964844,137469
2026-05-19 10:30:00,95.37999725341797,96.36000061035156,95.37000274658203,95.95999908447266,95.95999908447266,66936
2026-05-19 11:30:00,95.91000366210938,96.19000244140625,95.61000061035156,96.08999633789062,96.08999633789062,57566
2026-05-19 12:30:00,96.04000091552734,96.08529663085938,95.4800033569336,95.52999877929688,95.52999877929688,70949
2026-05-19 13:30:00,95.48999786376953,96.0999984741211,95.48999786376953,95.58999633789062,95.58999633789062,56014
2026-05-19 14:30:00,95.51000213623047,95.91999816894531,95.51000213623047,95.69999694824219,95.69999694824219,103211
2026-05-19 15:30:00,95.62999725341797,95.69499969482422,95.2699966430664,95.58999633789062,95.58999633789062,218969
2026-05-19 16:00:00,95.6,95.6,95.6,95.6,95.6,0
2026-05-19 18:00:00,94.94,94.94,94.7,94.7,94.7,0
2026-05-19 19:00:00,95.0,95.0,95.0,95.0,95.0,0
2026-05-20 07:00:00,99.55,99.55,95.27,95.27,95.27,0
2026-05-20 08:00:00,95.35,96.0,95.35,96.0,96.0,0
2026-05-20 09:00:00,95.15,96.76,95.15,96.44,96.44,0
2026-05-20 09:30:00,98.4000015258789,98.4000015258789,96.03500366210938,97.16000366210938,97.16000366210938,182257
2026-05-20 10:30:00,97.16000366210938,97.70500183105469,97.08999633789062,97.43000030517578,97.43000030517578,65671
2026-05-20 11:30:00,97.5,97.87999725341797,97.16000366210938,97.43000030517578,97.43000030517578,62238
2026-05-20 12:30:00,97.31999969482422,97.31999969482422,96.76000213623047,96.94000244140625,96.94000244140625,93834
2026-05-20 13:30:00,96.94999694824219,96.95999908447266,96.0999984741211,96.29000091552734,96.29000091552734,65312
2026-05-20 14:30:00,96.54000091552734,96.83000183105469,96.36000061035156,96.72000122070312,96.72000122070312,77633
2026-05-20 15:30:00,96.8499984741211,97.18000030517578,96.83000183105469,97.06999969482422,97.06999969482422,157503
2026-05-20 16:00:00,97.08,97.99,95.49,97.08,97.08,0
2026-05-20 19:00:00,96.832,96.832,96.06,96.06,96.06,0
2026-05-21 07:00:00,97.09,97.09,97.09,97.09,97.09,0
2026-05-21 09:30:00,95.9000015258789,97.0199966430664,95.1500015258789,96.76000213623047,96.76000213623047,118857
2026-05-21 10:30:00,96.5999984741211,97.04000091552734,96.3949966430664,97.0,97.0,44447
2026-05-21 11:30:00,96.95999908447266,96.98999786376953,96.55000305175781,96.87000274658203,96.87000274658203,69824
2026-05-21 12:30:00,96.87999725341797,97.66000366210938,96.70999908447266,97.38999938964844,97.38999938964844,44858
2026-05-21 13:30:00,97.43000030517578,97.93499755859375,97.31999969482422,97.8499984741211,97.8499984741211,48290
2026-05-21 14:30:00,97.81999969482422,97.81999969482422,97.48999786376953,97.48999786376953,97.48999786376953,55254
2026-05-21 15:30:00,97.48999786376953,97.76000213623047,97.37000274658203,97.4000015258789,97.4000015258789,173489
2026-05-21 16:00:00,97.41,97.41,97.41,97.41,97.41,0
2026-05-21 17:00:00,97.81,97.81,97.81,97.81,97.81,0
2026-05-22 04:00:00,97.91,97.91,97.91,97.91,97.91,0
2026-05-22 07:00:00,97.6,97.6,97.41,97.41,97.41,0
2026-05-22 08:00:00,97.4027,97.4027,97.39,97.39,97.39,0
2026-05-22 09:00:00,97.35,99.46,97.35,99.46,99.46,0
2026-05-22 09:30:00,97.82499694824219,98.01499938964844,96.29000091552734,96.33999633789062,96.33999633789062,99858
2026-05-22 10:30:00,96.41999816894531,96.57499694824219,96.04000091552734,96.41999816894531,96.41999816894531,68921
2026-05-22 11:30:00,96.41999816894531,96.86000061035156,96.31999969482422,96.80999755859375,96.80999755859375,69487
2026-05-22 12:30:00,96.79499816894531,97.22000122070312,96.75,97.20999908447266,97.20999908447266,40814
2026-05-22 13:30:00,97.11990356445312,97.22000122070312,96.97000122070312,97.08000183105469,97.08000183105469,42586
2026-05-22 14:30:00,97.03500366210938,97.31999969482422,96.9800033569336,97.31999969482422,97.31999969482422,71553
2026-05-22 15:30:00,97.23999786376953,97.44000244140625,96.98500061035156,97.16999816894531,97.16999816894531,194961
2026-05-22 16:00:00,97.16,97.16,97.12,97.16,97.16,0
2026-05-26 04:00:00,96.5,96.5,96.01,96.01,96.01,0
2026-05-26 06:00:00,97.8,99.07,96.09,96.09,96.09,0
2026-05-26 08:00:00,98.9662,98.9662,97.06,98.38,98.38,0
2026-05-26 09:00:00,97.18,98.16,97.18,97.99,97.99,0
2026-05-26 09:30:00,97.6500015258789,98.06999969482422,96.64219665527344,97.19000244140625,97.19000244140625,190907
2026-05-26 10:30:00,97.25499725341797,97.73999786376953,96.96150207519531,97.0199966430664,97.0199966430664,76682
2026-05-26 11:30:00,97.06999969482422,97.1500015258789,96.83999633789062,97.06999969482422,97.06999969482422,68993
2026-05-26 12:30:00,97.09500122070312,97.36499786376953,96.91000366210938,97.20999908447266,97.20999908447266,49356
2026-05-26 13:30:00,97.21499633789062,97.36000061035156,97.13999938964844,97.19000244140625,97.19000244140625,60289
2026-05-26 14:30:00,97.19999694824219,97.54989624023438,97.18000030517578,97.49500274658203,97.49500274658203,72623
2026-05-26 15:30:00,97.4749984741211,97.5,96.87000274658203,97.12000274658203,97.12000274658203,124116
2026-05-26 16:00:00,97.1,97.1,94.494,97.1,97.1,0
2026-05-26 17:00:00,97.07,97.07,97.07,97.07,97.07,0
2026-05-26 18:00:00,97.05,97.05,96.52,96.6705,96.6705,0
2026-05-26 19:00:00,96.27,97.03,96.27,97.03,97.03,0
2026-05-27 04:00:00,98.99,98.99,97.85,97.85,97.85,0
2026-05-27 07:00:00,97.0,97.0,97.0,97.0,97.0,0
2026-05-27 09:00:00,97.0,97.79,97.0,97.79,97.79,0
2026-05-27 09:30:00,97.5199966430664,98.79000091552734,97.12999725341797,98.76000213623047,98.76000213623047,140709
2026-05-27 10:30:00,98.68499755859375,98.68499755859375,97.79000091552734,98.08000183105469,98.08000183105469,54257
2026-05-27 11:30:00,98.05999755859375,98.43000030517578,97.70999908447266,97.87000274658203,97.87000274658203,78975
2026-05-27 12:30:00,97.79000091552734,97.8499984741211,97.02999877929688,97.12999725341797,97.12999725341797,78438
2026-05-27 13:30:00,97.12999725341797,97.55000305175781,96.92500305175781,97.36000061035156,97.36000061035156,78426
2026-05-27 14:30:00,97.30999755859375,97.66999816894531,97.19000244140625,97.51000213623047,97.51000213623047,98974
2026-05-27 15:30:00,97.51000213623047,97.6500015258789,97.08499908447266,97.37000274658203,97.37000274658203,199605
2026-05-27 16:00:00,97.34,97.34,94.0,97.34,97.34,0
2026-05-27 17:00:00,98.7,98.7,98.7,98.7,98.7,0
2026-05-27 18:00:00,97.45,97.45,97.45,97.45,97.45,0
2026-05-27 19:00:00,97.35,97.55,95.45,95.45,95.45,0
2026-05-28 04:00:00,95.73,96.2522,95.15,95.77,95.77,0
2026-05-28 07:00:00,95.0,96.5,95.0,96.5,96.5,0
2026-05-28 09:00:00,95.65,98.23,95.65,98.23,98.23,0
2026-05-28 09:30:00,97.16000366210938,97.79000091552734,96.56999969482422,96.91000366210938,96.91000366210938,121963
2026-05-28 10:30:00,96.91999816894531,97.18000030517578,96.70500183105469,96.79000091552734,96.79000091552734,79998
2026-05-28 11:30:00,96.81999969482422,97.44000244140625,96.7249984741211,97.36000061035156,97.36000061035156,98362
2026-05-28 12:30:00,97.33999633789062,97.34980010986328,96.87000274658203,97.1500015258789,97.1500015258789,107415
2026-05-28 13:30:00,97.1500015258789,97.33999633789062,96.97000122070312,97.25499725341797,97.25499725341797,109539
2026-05-28 14:30:00,97.3550033569336,97.56500244140625,97.05000305175781,97.56500244140625,97.56500244140625,155291
2026-05-28 15:30:00,97.54000091552734,97.58999633789062,97.30000305175781,97.4800033569336,97.4800033569336,243571
2026-05-28 16:00:00,97.5,97.5,97.43,97.43,97.43,0
2026-05-28 17:00:00,97.5,97.5,97.5,97.5,97.5,0
2026-05-28 18:00:00,94.9711,96.6,94.9711,96.6,96.6,0
2026-05-29 04:00:00,97.0,97.0,96.54,96.54,96.54,0
2026-05-29 06:00:00,98.0,98.47,97.2273,97.2273,97.2273,0
2026-05-29 08:00:00,97.84,99.0,97.84,99.0,99.0,0
2026-05-29 09:00:00,99.495,99.69,97.62,97.9,97.9,0
2026-05-29 09:30:00,97.75,97.98999786376953,96.55999755859375,97.62999725341797,97.62999725341797,134034
2026-05-29 10:30:00,97.66999816894531,97.77999877929688,96.98500061035156,97.33000183105469,97.33000183105469,113705
2026-05-29 11:30:00,97.37000274658203,97.75,97.1050033569336,97.58000183105469,97.58000183105469,171849
2026-05-29 12:30:00,97.53500366210938,97.8499984741211,97.27999877929688,97.54000091552734,97.54000091552734,88337
2026-05-29 13:30:00,97.51000213623047,97.79000091552734,97.27999877929688,97.3499984741211,97.3499984741211,53982
2026-05-29 14:30:00,97.38500213623047,97.38500213623047,96.7699966430664,96.77999877929688,96.77999877929688,104881
2026-05-29 15:30:00,96.66999816894531,96.94999694824219,96.2300033569336,96.7300033569336,96.7300033569336,220707
2026-05-29 16:00:00,96.74,97.5,96.67,96.74,96.74,0
2026-05-29 17:00:00,96.74,96.74,96.74,96.74,96.74,0
2026-05-29 18:00:00,96.72,96.72,96.7,96.72,96.72,0
2026-05-29 19:00:00,96.7,96.7,96.48,96.48,96.48,0
2026-06-01 04:00:00,96.74,96.74,96.62,96.74,96.74,0
2026-06-01 06:00:00,96.74,96.74,96.17,96.23,96.23,0
2026-06-01 07:00:00,96.74,97.5,96.15,96.52,96.52,0
2026-06-01 08:00:00,96.7,97.62,96.7,97.62,97.62,0
2026-06-01 09:00:00,98.9,98.9,96.7,96.7,96.7,0
2026-06-01 09:30:00,96.4800033569336,96.83000183105469,94.69999694824219,94.9000015258789,94.9000015258789,238986
2026-06-01 10:30:00,94.95999908447266,95.08999633789062,94.20999908447266,94.87000274658203,94.87000274658203,153047
2026-06-01 11:30:00,94.83999633789062,96.08000183105469,94.7300033569336,95.44000244140625,95.44000244140625,166008
2026-06-01 12:30:00,95.375,95.52999877929688,95.06999969482422,95.30999755859375,95.30999755859375,151492
2026-06-01 13:30:00,95.27999877929688,95.75,95.19000244140625,95.68000030517578,95.68000030517578,75232
2026-06-01 14:30:00,95.72000122070312,95.72000122070312,95.11000061035156,95.16809844970703,95.16809844970703,175929
2026-06-01 15:30:00,95.16999816894531,95.7300033569336,95.05000305175781,95.58999633789062,95.58999633789062,287739
2026-06-01 16:00:00,95.59,95.59,95.01,95.0726,95.0726,0
2026-06-01 17:00:00,95.59,95.59,95.59,95.59,95.59,0
2026-06-01 18:00:00,95.59,95.59,95.59,95.59,95.59,0
2026-06-02 04:00:00,94.71,95.89,94.71,95.89,95.89,0
2026-06-02 06:00:00,95.89,95.89,95.89,95.89,95.89,0
2026-06-02 07:00:00,95.89,95.89,95.89,95.89,95.89,0
2026-06-02 09:00:00,95.7053,95.7053,94.51,94.51,94.51,0
2026-06-02 09:30:00,94.69999694824219,94.8550033569336,93.12000274658203,93.43000030517578,93.43000030517578,243896
2026-06-02 10:30:00,93.54000091552734,93.7699966430664,92.75,93.05999755859375,93.05999755859375,207170
2026-06-02 11:30:00,93.05000305175781,93.62999725341797,92.93000030517578,93.5250015258789,93.5250015258789,157433
2026-06-02 12:30:00,93.49500274658203,94.0250015258789,93.48999786376953,93.48999786376953,93.48999786376953,103665
2026-06-02 13:30:00,93.49500274658203,93.76000213623047,92.99500274658203,93.7249984741211,93.7249984741211,212427
2026-06-02 14:30:00,93.75,94.05000305175781,93.5,93.54499816894531,93.54499816894531,232736
2026-06-02 15:30:00,93.54499816894531,93.58999633789062,92.19000244140625,92.22000122070312,92.22000122070312,379360
2026-06-02 16:00:00,92.22,92.55,92.22,92.39,92.39,0
2026-06-02 17:00:00,92.2744,92.44,90.56,92.24,92.24,0
2026-06-02 18:00:00,92.24,92.24,92.2312,92.24,92.24,0
2026-06-02 19:00:00,92.0572,92.44,92.0,92.44,92.44,0
2026-06-03 04:00:00,92.23,92.23,92.23,92.23,92.23,0
2026-06-03 08:00:00,93.99,94.0,90.44,94.0,94.0,0
2026-06-03 09:00:00,92.24,93.99,91.23,93.99,93.99,0
2026-06-03 09:30:00,93.0199966430664,95.33000183105469,92.66339874267578,95.13500213623047,95.13500213623047,216282
2026-06-03 10:30:00,95.16999816894531,97.7699966430664,95.04000091552734,97.38999938964844,97.38999938964844,222999
2026-06-03 11:30:00,97.3949966430664,98.2699966430664,96.88999938964844,96.88999938964844,96.88999938964844,402411
2026-06-03 12:30:00,96.93000030517578,98.2699966430664,96.93000030517578,98.25,98.25,138347
2026-06-03 13:30:00,98.25,98.47840118408203,97.62000274658203,97.69000244140625,97.69000244140625,152343
2026-06-03 14:30:00,97.72000122070312,98.41999816894531,97.44000244140625,98.38500213623047,98.38500213623047,229409
2026-06-03 15:30:00,98.3499984741211,98.44999694824219,97.12999725341797,97.97000122070312,97.97000122070312,463060
2026-06-03 16:00:00,97.98,100.9084,97.88,97.98,97.98,0
2026-06-03 17:00:00,97.98,98.02,97.8,97.97,97.97,0
2026-06-03 18:00:00,101.2865,101.2865,101.2865,101.2865,101.2865,0
2026-06-03 19:00:00,101.2865,101.2865,97.0,98.51,98.51,0
2026-06-04 04:00:00,97.79,97.9,96.0,97.9,97.9,0
2026-06-04 05:00:00,97.931,97.931,97.9,97.9,97.9,0
2026-06-04 07:00:00,97.9,98.97,97.9,98.97,98.97,0
2026-06-04 08:00:00,98.69,98.69,98.68,98.69,98.69,0
2026-06-04 09:00:00,98.84,98.8472,98.84,98.8472,98.8472,0
2026-06-04 09:30:00,99.41000366210938,100.55999755859375,98.75,100.0999984741211,100.0999984741211,277292
2026-06-04 10:30:00,100.05000305175781,100.86000061035156,100.0,100.8499984741211,100.8499984741211,170657
2026-06-04 11:30:00,100.8550033569336,101.29000091552734,100.52999877929688,100.9000015258789,100.9000015258789,203948
2026-06-04 12:30:00,100.95999908447266,101.45999908447266,100.76000213623047,100.80000305175781,100.80000305175781,148068
2026-06-04 13:30:00,100.75499725341797,100.94999694824219,100.45999908447266,100.86000061035156,100.86000061035156,218723
2026-06-04 14:30:00,100.83499908447266,101.22000122070312,100.69000244140625,101.08999633789062,101.08999633789062,148590
2026-06-04 15:30:00,101.0999984741211,101.38999938964844,97.9800033569336,101.30000305175781,101.30000305175781,325247
2026-06-04 16:00:00,101.24,101.24,100.62,101.24,101.24,0
2026-06-04 17:00:00,101.24,101.24,101.24,101.24,101.24,0
2026-06-05 04:00:00,97.41,101.1,97.41,101.1,101.1,0
2026-06-05 06:00:00,101.1,101.1,101.1,101.1,101.1,0
2026-06-05 07:00:00,101.1,101.1,100.02,101.0483,101.0483,0
2026-06-05 09:00:00,101.1,101.1,101.03,101.03,101.03,0
2026-06-05 09:30:00,101.19999694824219,106.1500015258789,100.81999969482422,106.06999969482422,106.06999969482422,479326
2026-06-05 10:30:00,106.12000274658203,106.25,105.33000183105469,105.94999694824219,105.94999694824219,357524
2026-06-05 11:30:00,105.79000091552734,106.36499786376953,104.31999969482422,104.43499755859375,104.43499755859375,187919
2026-06-05 12:30:00,104.44000244140625,104.68000030517578,104.05999755859375,104.06999969482422,104.06999969482422,140988
2026-06-05 13:30:00,104.11000061035156,104.73500061035156,103.86000061035156,104.44000244140625,104.44000244140625,149746
2026-06-05 14:30:00,104.44000244140625,104.5,102.34500122070312,102.41999816894531,102.41999816894531,190970
2026-06-05 15:30:00,102.37000274658203,102.87999725341797,102.02999877929688,102.4000015258789,102.4000015258789,515327
2026-06-05 16:00:00,102.38,104.9999,102.38,104.9999,104.9999,0
2026-06-05 17:00:00,104.41,104.41,101.0,102.38,102.38,0
2026-06-05 18:00:00,102.07,103.83,100.91,103.83,103.83,0
2026-06-05 19:00:00,103.5,103.5,100.0,102.0,102.0,0
2026-06-08 04:00:00,103.9997,104.3802,103.99,103.99,103.99,0
2026-06-08 05:00:00,102.37,102.38,102.37,102.38,102.38,0
2026-06-08 07:00:00,104.78,104.8,102.07,104.65,104.65,0
2026-06-08 08:00:00,104.53,104.64,102.354,104.38,104.38,0
2026-06-08 09:00:00,104.38,104.8,102.3001,102.3001,102.3001,0
2026-06-08 09:30:00,102.77200317382812,104.62999725341797,102.52249908447266,102.55000305175781,102.55000305175781,680674
2026-06-08 10:30:00,102.51000213623047,102.55000305175781,101.05000305175781,101.3949966430664,101.3949966430664,206505
2026-06-08 11:30:00,101.48999786376953,101.94999694824219,100.19999694824219,100.2300033569336,100.2300033569336,358182
2026-06-08 12:30:00,100.11000061035156,100.41999816894531,99.0999984741211,99.18000030517578,99.18000030517578,150578
2026-06-08 13:30:00,99.18000030517578,100.9800033569336,98.77999877929688,100.46499633789062,100.46499633789062,239957
2026-06-08 14:30:00,100.55000305175781,101.5199966430664,100.48500061035156,101.19499969482422,101.19499969482422,228333
2026-06-08 15:30:00,101.16999816894531,101.80999755859375,100.44999694824219,100.62999725341797,100.62999725341797,518147
2026-06-08 16:00:00,100.64,100.65,100.64,100.65,100.65,0
2026-06-08 18:00:00,100.132,100.132,100.132,100.132,100.132,0
2026-06-08 19:00:00,100.76,100.76,100.76,100.76,100.76,0
2026-06-09 04:00:00,100.64,100.64,100.64,100.64,100.64,0
2026-06-09 05:00:00,96.225,96.225,96.225,96.225,96.225,0
2026-06-09 07:00:00,100.64,100.64,100.64,100.64,100.64,0
2026-06-09 09:00:00,101.0,101.02,100.64,101.02,101.02,0
2026-06-09 09:30:00,102.16000366210938,103.52999877929688,101.52999877929688,103.44000244140625,103.44000244140625,214435
2026-06-09 10:30:00,103.44999694824219,103.69999694824219,102.79000091552734,102.80000305175781,102.80000305175781,244042
2026-06-09 11:30:00,102.77999877929688,103.23999786376953,102.69000244140625,102.86000061035156,102.86000061035156,175737
2026-06-09 12:30:00,102.80000305175781,103.75,102.55500030517578,103.6500015258789,103.6500015258789,198582
2026-06-09 13:30:00,103.69999694824219,104.18000030517578,103.54000091552734,104.05999755859375,104.05999755859375,179781
2026-06-09 14:30:00,104.11000061035156,104.11000061035156,103.44999694824219,103.55000305175781,103.55000305175781,169195
2026-06-09 15:30:00,103.5250015258789,103.5999984741211,102.94499969482422,103.2699966430664,103.2699966430664,414607
2026-06-09 16:00:00,103.23,103.3,103.13,103.23,103.23,0
2026-06-09 17:00:00,103.43,104.3,103.23,104.05,104.05,0
2026-06-09 18:00:00,104.23,104.23,104.23,104.23,104.23,0
2026-06-09 19:00:00,104.02,104.02,104.02,104.02,104.02,0
2026-06-10 04:00:00,103.36,104.65,103.35,104.65,104.65,0
2026-06-10 08:00:00,103.7365,104.5135,103.57,103.57,103.57,0
2026-06-10 09:00:00,104.02,104.1,103.35,103.7,103.7,0
2026-06-10 09:30:00,103.37000274658203,108.97000122070312,103.30000305175781,108.81500244140625,108.81500244140625,566715
2026-06-10 10:30:00,108.81500244140625,110.33999633789062,106.54499816894531,107.0,107.0,590869
2026-06-10 11:30:00,107.0,107.33999633789062,106.0,106.66000366210938,106.66000366210938,295026
2026-06-10 12:30:00,106.68000030517578,107.13990020751953,106.22000122070312,106.50499725341797,106.50499725341797,164355
2026-06-10 13:30:00,106.50499725341797,106.50499725341797,105.48999786376953,105.57749938964844,105.57749938964844,135616
2026-06-10 14:30:00,105.56500244140625,105.8499984741211,105.26000213623047,105.38999938964844,105.38999938964844,205426
2026-06-10 15:30:00,105.4000015258789,105.69000244140625,105.2699966430664,105.38999938964844,105.38999938964844,323585
2026-06-10 16:00:00,105.39,106.0,105.39,105.7,105.7,0
2026-06-10 18:00:00,105.39,105.39,105.39,105.39,105.39,0
2026-06-10 19:00:00,105.87,105.87,105.87,105.87,105.87,0
2026-06-11 04:00:00,106.035,106.035,105.4,105.6,105.6,0
2026-06-11 06:00:00,107.105,107.105,106.89,106.89,106.89,0
2026-06-11 07:00:00,105.89,105.89,105.89,105.89,105.89,0
2026-06-11 08:00:00,107.89,107.89,107.0,107.0,107.0,0
2026-06-11 09:00:00,109.1096,109.48,105.97,105.97,105.97,0
2026-06-11 09:30:00,105.97000122070312,107.47000122070312,104.07499694824219,107.13999938964844,107.13999938964844,334317
2026-06-11 10:30:00,107.26000213623047,108.7699966430664,107.2249984741211,108.41000366210938,108.41000366210938,297826
2026-06-11 11:30:00,108.37999725341797,108.94999694824219,108.2699966430664,108.76000213623047,108.76000213623047,189383
2026-06-11 12:30:00,108.83000183105469,109.22000122070312,108.33000183105469,109.0,109.0,189644
2026-06-11 13:30:00,109.33000183105469,109.69000244140625,108.69999694824219,109.06999969482422,109.06999969482422,197988
2026-06-11 14:30:00,108.94999694824219,109.2300033569336,108.55999755859375,109.02999877929688,109.02999877929688,223138
2026-06-11 15:30:00,109.02999877929688,109.12999725341797,107.77999877929688,107.83999633789062,107.83999633789062,504966
2026-06-11 16:00:00,107.83,108.21,105.65,107.39,107.39,0
2026-06-11 17:00:00,106.5,109.53,106.5,109.53,109.53,0
2026-06-11 18:00:00,107.83,107.83,107.83,107.83,107.83,0
2026-06-11 19:00:00,108.83,108.83,107.5,107.5,107.5,0
2026-06-12 04:00:00,108.12,108.12,108.12,108.12,108.12,0
2026-06-12 08:00:00,108.0,108.0,106.88,106.88,106.88,0
2026-06-12 09:00:00,107.84,107.84,107.84,107.84,107.84,0
2026-06-12 09:30:00,108.27999877929688,108.5,106.52999877929688,107.94000244140625,107.94000244140625,179270
2026-06-12 10:30:00,107.94999694824219,108.69999694824219,107.77010345458984,108.55999755859375,108.55999755859375,139698
2026-06-12 11:30:00,108.4000015258789,108.73999786376953,108.22000122070312,108.48999786376953,108.48999786376953,114713
2026-06-12 12:30:00,108.2615966796875,109.63999938964844,108.26000213623047,109.37999725341797,109.37999725341797,182094
2026-06-12 13:30:00,109.48999786376953,109.5,108.80999755859375,109.11000061035156,109.11000061035156,109296
2026-06-12 14:30:00,109.12999725341797,109.15339660644531,108.6449966430664,108.88999938964844,108.88999938964844,112709
2026-06-12 15:30:00,108.88999938964844,108.98999786376953,108.37999725341797,108.55999755859375,108.55999755859375,340871
2026-06-12 16:00:00,108.53,108.56,107.88,108.0,108.0,0
2026-06-12 17:00:00,107.0,108.0,107.0,107.88,107.88,0
2026-06-12 18:00:00,108.53,108.53,108.53,108.53,108.53,0
2026-06-12 19:00:00,108.57,108.57,108.57,108.57,108.57,0
2026-06-15 04:00:00,109.1,109.1,104.0,108.8,108.8,0
2026-06-15 06:00:00,108.85,108.85,108.5187,108.5187,108.5187,0
2026-06-15 07:00:00,108.01,108.5,107.8167,108.0,108.0,0
2026-06-15 08:00:00,107.23,107.23,106.59,106.59,106.59,0
2026-06-15 09:00:00,107.01,107.98,106.55,106.85,106.85,0
2026-06-15 09:30:00,107.9800033569336,107.9800033569336,102.25499725341797,103.75,103.75,532358
2026-06-15 10:30:00,103.75,104.63500213623047,102.83000183105469,103.30000305175781,103.30000305175781,171733
2026-06-15 11:30:00,103.24500274658203,103.35990142822266,101.98999786376953,102.44499969482422,102.44499969482422,334460
2026-06-15 12:30:00,102.44499969482422,103.0,102.1500015258789,102.27999877929688,102.27999877929688,126780
2026-06-15 13:30:00,102.30999755859375,102.58999633789062,101.31999969482422,101.97000122070312,101.97000122070312,256050
2026-06-15 14:30:00,101.9000015258789,102.36000061035156,101.625,102.12000274658203,102.12000274658203,226807
2026-06-15 15:30:00,102.13999938964844,102.55000305175781,101.70999908447266,101.98999786376953,101.98999786376953,575843
2026-06-15 16:00:00,101.98,102.925,100.0,101.98,101.98,0
2026-06-15 17:00:00,102.0,102.08,102.0,102.08,102.08,0
2026-06-15 18:00:00,101.505,101.505,101.4208,101.4208,101.4208,0
2026-06-15 19:00:00,102.0,102.0,102.0,102.0,102.0,0
2026-06-16 04:00:00,103.52,103.52,103.52,103.52,103.52,0
2026-06-16 05:00:00,103.0,103.0,103.0,103.0,103.0,0
2026-06-16 06:00:00,103.0,103.0,103.0,103.0,103.0,0
2026-06-16 08:00:00,102.0,102.5,102.0,102.0001,102.0001,0
2026-06-16 09:00:00,102.02,103.5,102.0,102.7,102.7,0
2026-06-16 09:30:00,103.0,103.32499694824219,100.25,100.25,100.25,152471
2026-06-16 10:30:00,100.31999969482422,101.26000213623047,100.1449966430664,100.22000122070312,100.22000122070312,159519
2026-06-16 11:30:00,100.20999908447266,100.68000030517578,99.75,100.44000244140625,100.44000244140625,140480
2026-06-16 12:30:00,100.44000244140625,100.52999877929688,100.1449966430664,100.15499877929688,100.15499877929688,80827
2026-06-16 13:30:00,100.15499877929688,100.31999969482422,99.58000183105469,99.61000061035156,99.61000061035156,108514
2026-06-16 14:30:00,99.62000274658203,100.38500213623047,99.53500366210938,100.11499786376953,100.11499786376953,139636
2026-06-16 15:30:00,100.11000061035156,100.16999816894531,99.69999694824219,99.73999786376953,99.73999786376953,282472
2026-06-16 16:00:00,99.75,101.53,99.3,99.39,99.39,0
2026-06-16 17:00:00,99.75,99.75,99.75,99.75,99.75,0
2026-06-16 19:00:00,99.8,99.8,99.8,99.8,99.8,0
2026-06-17 05:00:00,99.13,99.13,99.13,99.13,99.13,0
2026-06-17 07:00:00,99.2024,99.2024,99.2024,99.2024,99.2024,0
2026-06-17 08:00:00,100.0,100.0,100.0,100.0,100.0,0
2026-06-17 09:30:00,99.81999969482422,100.75,99.5999984741211,100.05999755859375,100.05999755859375,108210
2026-06-17 10:30:00,100.2249984741211,100.2249984741211,99.44000244140625,100.05000305175781,100.05000305175781,157175
2026-06-17 11:30:00,100.05000305175781,100.66500091552734,99.9000015258789,100.3550033569336,100.3550033569336,138537
2026-06-17 12:30:00,100.3550033569336,101.01499938964844,100.2699966430664,100.67500305175781,100.67500305175781,87863
2026-06-17 13:30:00,100.6500015258789,100.66999816894531,99.19499969482422,99.66999816894531,99.66999816894531,119894
2026-06-17 14:30:00,99.55000305175781,100.0,98.3499984741211,98.49500274658203,98.49500274658203,179076
2026-06-17 15:30:00,98.40499877929688,99.33999633789062,98.26000213623047,99.0199966430664,99.0199966430664,305655
2026-06-17 16:00:00,98.99,99.5,98.99,98.99,98.99,0
2026-06-17 17:00:00,98.99,98.99,98.01,98.0517,98.0517,0
2026-06-17 18:00:00,98.8613,98.99,98.0495,98.1287,98.1287,0
2026-06-17 19:00:00,98.07,98.94,98.0,98.94,98.94,0
2026-06-18 05:00:00,98.0,98.0,98.0,98.0,98.0,0
2026-06-18 06:00:00,98.14,99.0,98.14,99.0,99.0,0
2026-06-18 08:00:00,99.01,99.01,98.6492,98.6492,98.6492,0
2026-06-18 09:00:00,100.0,100.85,99.51,99.51,99.51,0
2026-06-18 09:30:00,99.44000244140625,99.62000274658203,96.44499969482422,96.47000122070312,96.47000122070312,436426
2026-06-18 10:30:00,96.45999908447266,96.61000061035156,96.08999633789062,96.44999694824219,96.44999694824219,176431
2026-06-18 11:30:00,96.40499877929688,96.79000091552734,96.30999755859375,96.66999816894531,96.66999816894531,79208
2026-06-18 12:30:00,96.65499877929688,96.95500183105469,96.3499984741211,96.87999725341797,96.87999725341797,135189
2026-06-18 13:30:00,96.9000015258789,97.58000183105469,96.9000015258789,97.56999969482422,97.56999969482422,64133
2026-06-18 14:30:00,97.56999969482422,97.5999984741211,97.06500244140625,97.13999938964844,97.13999938964844,112727
2026-06-18 15:30:00,97.12999725341797,98.4749984741211,97.00499725341797,98.24500274658203,98.24500274658203,395485
2026-06-18 16:00:00,98.22,100.0,98.21,98.21,98.21,0
2026-06-18 17:00:00,98.41,99.0,98.22,98.22,98.22,0
2026-06-18 19:00:00,99.0,99.0,99.0,99.0,99.0,0
2026-06-22 04:00:00,97.68,99.72,97.68,99.72,99.72,0
2026-06-22 06:00:00,99.5375,99.5375,99.5375,99.5375,99.5375,0
2026-06-22 07:00:00,100.21,100.21,99.56,100.0,100.0,0
2026-06-22 08:00:00,99.68,99.7,99.5,99.66,99.66,0
2026-06-22 09:00:00,100.0,100.0,99.2405,99.98,99.98,0
2026-06-22 09:30:00,100.0,102.25499725341797,99.841796875,101.57499694824219,101.57499694824219,202790
2026-06-22 10:30:00,101.54499816894531,102.0250015258789,101.43000030517578,101.83999633789062,101.83999633789062,212076
2026-06-22 11:30:00,101.7925033569336,102.30500030517578,101.76249694824219,102.13999938964844,102.13999938964844,118276
2026-06-22 12:30:00,102.11499786376953,102.45999908447266,102.08999633789062,102.37999725341797,102.37999725341797,121814
2026-06-22 13:30:00,102.3550033569336,103.47000122070312,102.22000122070312,103.44499969482422,103.44499969482422,182495
2026-06-22 14:30:00,103.43499755859375,103.44000244140625,103.0,103.11000061035156,103.11000061035156,141970
2026-06-22 15:30:00,103.11499786376953,103.70999908447266,103.11499786376953,103.70999908447266,103.70999908447266,342456
2026-06-22 16:00:00,103.66,103.71,103.11,103.11,103.11,0
2026-06-22 17:00:00,103.558,103.66,103.558,103.66,103.66,0
2026-06-22 18:00:00,103.66,103.66,103.52,103.52,103.52,0
2026-06-22 19:00:00,103.0,103.58,103.0,103.58,103.58,0
2026-06-23 04:00:00,103.61,104.01,103.61,104.0,104.0,0
2026-06-23 06:00:00,103.6,104.0,103.6,104.0,104.0,0
2026-06-23 07:00:00,103.6,103.6,103.06,103.06,103.06,0
2026-06-23 08:00:00,103.67,104.542,103.06,103.67,103.67,0
2026-06-23 09:00:00,103.67,104.5,95.55,104.5,104.5,0
2026-06-23 09:30:00,104.61000061035156,105.0199966430664,103.09200286865234,104.17500305175781,104.17500305175781,154964
2026-06-23 10:30:00,104.18499755859375,104.4000015258789,103.91999816894531,103.9574966430664,103.9574966430664,98625
2026-06-23 11:30:00,104.02999877929688,104.58000183105469,103.81999969482422,104.45999908447266,104.45999908447266,96206
2026-06-23 12:30:00,104.5199966430664,105.4800033569336,104.51499938964844,105.125,105.125,129410
2026-06-23 13:30:00,105.18000030517578,105.18000030517578,104.80999755859375,104.9800033569336,104.9800033569336,97997
2026-06-23 14:30:00,104.93499755859375,104.95999908447266,104.41000366210938,104.61000061035156,104.61000061035156,134200
2026-06-23 15:30:00,104.62000274658203,104.70500183105469,104.22000122070312,104.41999816894531,104.41999816894531,241411
2026-06-23 16:00:00,104.4,104.4,104.4,104.4,104.4,0
2026-06-23 17:00:00,104.4,104.4,104.3,104.4,104.4,0
2026-06-23 19:00:00,103.7325,103.7325,103.7325,103.7325,103.7325,0
2026-06-24 04:00:00,109.0067,109.0067,109.0,109.0,109.0,0
2026-06-24 08:00:00,105.2664,105.27,104.5775,104.5775,104.5775,0
2026-06-24 09:00:00,104.57,105.91,104.0,105.6,105.6,0
2026-06-24 09:30:00,105.52999877929688,108.69999694824219,104.48999786376953,107.91999816894531,107.91999816894531,300264
2026-06-24 10:30:00,107.87999725341797,109.0,107.66999816894531,108.58999633789062,108.58999633789062,188403
2026-06-24 11:30:00,108.51000213623047,108.79000091552734,107.86000061035156,108.77999877929688,108.77999877929688,136051
2026-06-24 12:30:00,108.69999694824219,109.0999984741211,108.44000244140625,108.53500366210938,108.53500366210938,125770
2026-06-24 13:30:00,108.48999786376953,108.72000122070312,108.22000122070312,108.68000030517578,108.68000030517578,146710
2026-06-24 14:30:00,108.72000122070312,109.03500366210938,108.62999725341797,108.7300033569336,108.7300033569336,135025
2026-06-24 15:30:00,108.71499633789062,108.83999633789062,108.18000030517578,108.48999786376953,108.48999786376953,380476
2026-06-24 16:00:00,108.46,108.97,107.0,107.0,107.0,0
2026-06-24 17:00:00,107.37,108.5,107.01,107.01,107.01,0
2026-06-24 18:00:00,108.46,108.46,108.46,108.46,108.46,0
2026-06-24 19:00:00,108.8529,108.8529,108.8529,108.8529,108.8529,0
2026-06-25 04:00:00,107.93,107.93,107.93,107.93,107.93,0
2026-06-25 05:00:00,108.02,108.02,107.54,107.54,107.54,0
2026-06-25 07:00:00,108.9,108.9,107.716,107.716,107.716,0
2026-06-25 09:00:00,107.8,108.5,107.2573,108.43,108.43,0
2026-06-25 09:30:00,108.3499984741211,110.33999633789062,106.4800033569336,109.91999816894531,109.91999816894531,202953
2026-06-25 10:30:00,109.94000244140625,110.74500274658203,109.23999786376953,109.62000274658203,109.62000274658203,267521
2026-06-25 11:30:00,109.54000091552734,109.54000091552734,107.66000366210938,107.87000274658203,107.87000274658203,105132
2026-06-25 12:30:00,107.73999786376953,108.18499755859375,107.27999877929688,107.69999694824219,107.69999694824219,176684
2026-06-25 13:30:00,107.75,107.75,107.05999755859375,107.4000015258789,107.4000015258789,86275
2026-06-25 14:30:00,107.4000015258789,107.875,107.33999633789062,107.53500366210938,107.53500366210938,223150
2026-06-25 15:30:00,107.48999786376953,107.7699966430664,107.0,107.52999877929688,107.52999877929688,377882
2026-06-25 16:00:00,107.53,108.08,107.37,107.53,107.53,0
2026-06-25 17:00:00,108.0,108.21,107.0,107.0,107.0,0
2026-06-25 18:00:00,106.57,106.57,106.5,106.5,106.5,0
2026-06-25 19:00:00,109.829,109.83,109.829,109.83,109.83,0
2026-06-26 04:00:00,108.0,108.0,108.0,108.0,108.0,0
2026-06-26 07:00:00,110.47,111.0,107.9,109.0,109.0,0
2026-06-26 08:00:00,108.0,110.8411,108.0,109.32,109.32,0
2026-06-26 09:00:00,109.05,109.81,108.02,109.81,109.81,0
2026-06-26 09:30:00,109.94999694824219,115.55999755859375,109.5,114.05000305175781,114.05000305175781,789738
2026-06-26 10:30:00,114.04000091552734,115.33989715576172,113.47000122070312,115.1449966430664,115.1449966430664,262896
2026-06-26 11:30:00,115.11000061035156,115.26000213623047,112.80999755859375,113.30950164794922,113.30950164794922,288961
2026-06-26 12:30:00,113.62000274658203,113.79000091552734,113.0199966430664,113.5,113.5,139256
2026-06-26 13:30:00,113.55500030517578,113.62799835205078,112.3499984741211,113.32499694824219,113.32499694824219,225518
2026-06-26 14:30:00,113.30999755859375,113.68000030517578,113.08000183105469,113.18000030517578,113.18000030517578,138885
2026-06-26 15:30:00,113.13999938964844,113.87000274658203,112.52999877929688,113.76000213623047,113.76000213623047,337785
2026-06-26 16:00:00,113.75,114.257,113.7,113.75,113.75,0
2026-06-26 17:00:00,114.0,114.2,113.75,114.0,114.0,0
2026-06-26 18:00:00,114.03,114.1,113.92,113.92,113.92,0
2026-06-26 19:00:00,114.22,114.22,111.99,113.92,113.92,0
2026-06-29 04:00:00,114.87,114.87,113.5,113.51,113.51,0
2026-06-29 06:00:00,113.52,114.25,113.52,114.25,114.25,0
2026-06-29 07:00:00,113.75,114.05,113.75,113.75,113.75,0
2026-06-29 08:00:00,114.0,115.5,113.96,115.25,115.25,0
2026-06-29 09:00:00,115.5,115.5,114.87,115.5,115.5,0
2026-06-29 09:30:00,115.4800033569336,115.4800033569336,113.33999633789062,114.26499938964844,114.26499938964844,207838
2026-06-29 10:30:00,114.09500122070312,114.87989807128906,113.43499755859375,113.44000244140625,113.44000244140625,118480
2026-06-29 11:30:00,113.5199966430664,113.88990020751953,113.19499969482422,113.5199966430664,113.5199966430664,105310
2026-06-29 12:30:00,113.45999908447266,113.54499816894531,113.09500122070312,113.12000274658203,113.12000274658203,97638
2026-06-29 13:30:00,113.08499908447266,114.15799713134766,112.88999938964844,114.0199966430664,114.0199966430664,169210
2026-06-29 14:30:00,113.91999816894531,114.5999984741211,113.9000015258789,114.58499908447266,114.58499908447266,119950
2026-06-29 15:30:00,114.54000091552734,114.91500091552734,114.25,114.66999816894531,114.66999816894531,232961
2026-06-29 16:00:00,114.66,114.86,113.0,114.86,114.86,0
2026-06-29 17:00:00,114.75,115.5,114.66,115.49,115.49,0
2026-06-29 18:00:00,115.49,115.7,115.49,115.6,115.6,0
2026-06-29 19:00:00,115.6727,115.68,115.49,115.49,115.49,0
2026-06-30 04:00:00,114.53,116.6,113.2358,113.2358,113.2358,0
2026-06-30 05:00:00,116.1311,116.1311,114.7,114.7,114.7,0
2026-06-30 07:00:00,116.6,116.6,115.0,115.0,115.0,0
2026-06-30 08:00:00,114.1371,115.74,114.04,114.04,114.04,0
2026-06-30 09:00:00,115.0,115.0,114.9142,114.99,114.99,0
2026-06-30 09:30:00,115.0,115.02999877929688,113.27210235595703,113.36499786376953,113.36499786376953,146530
2026-06-30 10:30:00,113.375,115.30000305175781,112.83999633789062,115.2886962890625,115.2886962890625,118975
2026-06-30 11:30:00,115.2345962524414,115.45999908447266,114.48999786376953,114.56999969482422,114.56999969482422,134849
2026-06-30 12:30:00,114.51000213623047,114.95999908447266,114.36000061035156,114.55000305175781,114.55000305175781,92739
2026-06-30 13:30:00,114.58999633789062,114.6449966430664,114.0199966430664,114.19999694824219,114.19999694824219,61118
2026-06-30 14:30:00,114.23999786376953,114.80000305175781,113.94999694824219,113.94999694824219,113.94999694824219,179368
2026-06-30 15:30:00,113.94000244140625,114.1500015258789,113.24500274658203,113.37999725341797,113.37999725341797,307695
2026-06-30 16:00:00,113.36,114.45,113.025,114.2117,114.2117,0
2026-06-30 17:00:00,113.38,113.38,112.55,112.55,112.55,0
2026-06-30 18:00:00,113.1,114.5,112.9985,113.62,113.62,0
2026-06-30 19:00:00,113.5,114.0,113.5,114.0,114.0,0
2026-07-01 04:00:00,113.55,113.55,113.55,113.55,113.55,0
2026-07-01 05:00:00,113.5,113.5,113.5,113.5,113.5,0
2026-07-01 07:00:00,118.47,118.47,113.5,114.0,114.0,0
2026-07-01 08:00:00,113.56,114.99,113.36,113.5,113.5,0
2026-07-01 09:00:00,114.32,114.75,113.8,114.75,114.75,0
2026-07-01 09:30:00,115.22000122070312,116.0,113.61499786376953,114.06999969482422,114.06999969482422,231945
2026-07-01 10:30:00,114.05999755859375,114.28250122070312,113.30999755859375,113.56999969482422,113.56999969482422,98428
2026-07-01 11:30:00,113.56999969482422,115.22000122070312,113.48169708251953,114.94499969482422,114.94499969482422,101243
2026-07-01 12:30:00,115.0,115.0,114.41999816894531,114.58999633789062,114.58999633789062,58487
2026-07-01 13:30:00,114.5999984741211,114.77999877929688,113.92500305175781,114.12000274658203,114.12000274658203,159059
2026-07-01 14:30:00,114.08999633789062,114.26499938964844,113.70999908447266,113.97000122070312,113.97000122070312,102191
2026-07-01 15:30:00,113.94999694824219,114.5199966430664,113.61000061035156,113.81999969482422,113.81999969482422,478074
2026-07-01 16:00:00,113.81,115.0,113.4,115.0,115.0,0
2026-07-01 17:00:00,113.81,113.81,113.81,113.81,113.81,0
2026-07-01 18:00:00,113.81,113.81,113.81,113.81,113.81,0
2026-07-02 04:00:00,113.26,113.26,113.26,113.26,113.26,0
2026-07-02 05:00:00,113.8,113.8,113.8,113.8,113.8,0
2026-07-02 06:00:00,113.8,113.81,111.93,111.93,111.93,0
2026-07-02 07:00:00,113.9817,114.37,113.9817,114.37,114.37,0
2026-07-02 09:00:00,115.6087,115.6087,114.37,114.37,114.37,0
2026-07-02 09:30:00,114.18000030517578,118.66999816894531,113.5,117.76000213623047,117.76000213623047,487165
2026-07-02 10:30:00,117.81500244140625,118.69000244140625,117.68000030517578,117.83999633789062,117.83999633789062,325913
2026-07-02 11:30:00,117.72000122070312,117.76000213623047,116.01000213623047,116.1050033569336,116.1050033569336,328327
2026-07-02 12:30:00,116.02999877929688,116.13999938964844,114.79000091552734,115.27999877929688,115.27999877929688,206276
2026-07-02 13:30:00,115.33499908447266,115.48999786376953,114.77999877929688,115.44000244140625,115.44000244140625,175677
2026-07-02 14:30:00,115.47000122070312,116.2699966430664,114.87000274658203,115.9800033569336,115.9800033569336,356961
2026-07-02 15:30:00,115.94000244140625,116.97000122070312,115.65499877929688,116.8499984741211,116.8499984741211,328769
2026-07-02 16:00:00,116.86,120.0,114.59,116.88,116.88,0
2026-07-02 17:00:00,114.82,116.88,112.9402,116.86,116.86,0
2026-07-02 18:00:00,116.8,116.86,114.55,116.0,116.0,0
2026-07-02 19:00:00,116.0,116.77,116.0,116.74,116.74,0
2026-07-06 05:00:00,118.01,118.72,118.01,118.72,118.72,0
2026-07-06 06:00:00,120.36,120.36,118.0,119.25,119.25,0
2026-07-06 07:00:00,120.36,120.36,117.11,119.0,119.0,0
2026-07-06 08:00:00,117.3,118.6385,115.0,115.0,115.0,0
2026-07-06 09:00:00,116.2587,117.49,116.2,116.2,116.2,0
2026-07-06 09:30:00,116.5,116.5,114.2699966430664,115.41000366210938,115.41000366210938,202954
2026-07-06 10:30:00,115.30500030517578,116.0999984741211,114.81999969482422,115.90499877929688,115.90499877929688,107983
2026-07-06 11:30:00,115.91000366210938,116.01000213623047,115.2699966430664,115.54000091552734,115.54000091552734,100615
2026-07-06 12:30:00,115.55999755859375,115.78500366210938,115.06999969482422,115.06999969482422,115.06999969482422,99591
2026-07-06 13:30:00,115.11000061035156,115.83999633789062,115.04000091552734,115.83000183105469,115.83000183105469,81976
2026-07-06 14:30:00,115.82499694824219,115.8499984741211,115.2300033569336,115.74500274658203,115.74500274658203,100438
2026-07-06 15:30:00,115.76000213623047,115.88999938964844,115.25,115.63999938964844,115.63999938964844,204951
2026-07-06 16:00:00,115.62,115.97,115.0,115.69,115.69,0
2026-07-06 17:00:00,115.6741,115.73,115.0,115.73,115.73,0
2026-07-06 18:00:00,115.94,117.5,115.94,117.5,117.5,0
2026-07-06 19:00:00,116.06,116.06,116.06,116.06,116.06,0
2026-07-07 04:00:00,115.0,115.62,113.11,113.25,113.25,0
2026-07-07 06:00:00,117.63,117.63,117.63,117.63,117.63,0
2026-07-07 07:00:00,116.05,116.05,116.0,116.0,116.0,0
2026-07-07 08:00:00,117.0,117.0,116.83,116.83,116.83,0
2026-07-07 09:00:00,116.83,117.4,115.99,117.4,117.4,0
2026-07-07 09:30:00,117.52999877929688,117.72000122070312,116.54499816894531,116.73999786376953,116.73999786376953,188096
2026-07-07 10:30:00,116.875,118.05999755859375,116.69999694824219,117.43499755859375,117.43499755859375,156570
2026-07-07 11:30:00,117.58000183105469,117.91999816894531,116.83999633789062,117.37999725341797,117.37999725341797,142405
2026-07-07 12:30:00,117.44000244140625,117.62000274658203,117.02999877929688,117.29499816894531,117.29499816894531,94909
2026-07-07 13:30:00,117.30000305175781,117.8499984741211,117.19010162353516,117.7249984741211,117.7249984741211,113441
2026-07-07 14:30:00,117.71499633789062,117.8499984741211,117.25,117.73500061035156,117.73500061035156,120723
2026-07-07 15:30:00,117.66000366210938,118.13999938964844,117.61000061035156,118.05000305175781,118.05000305175781,251782
2026-07-07 16:00:00,118.05,118.05,117.0,118.05,118.05,0
2026-07-07 17:00:00,118.05,118.05,118.05,118.05,118.05,0
2026-07-07 18:00:00,117.0,118.521,117.0,117.8,117.8,0
2026-07-07 19:00:00,118.5287,118.6,117.208,117.208,117.208,0
2026-07-08 04:00:00,116.87,116.87,116.87,116.87,116.87,0
2026-07-08 05:00:00,116.87,116.87,116.87,116.87,116.87,0
2026-07-08 07:00:00,118.03,118.03,116.8829,116.9,116.9,0
2026-07-08 08:00:00,116.425,118.132,116.425,117.5,117.5,0
2026-07-08 09:00:00,117.48,118.4,117.22,118.4,118.4,0
2026-07-08 09:30:00,118.0,118.05999755859375,116.93499755859375,117.26000213623047,117.26000213623047,147233
2026-07-08 10:30:00,117.33999633789062,118.77169799804688,116.8676986694336,117.20999908447266,117.20999908447266,298000
2026-07-08 11:30:00,117.0999984741211,117.48999786376953,116.625,117.0,117.0,113357
2026-07-08 12:30:00,116.93000030517578,117.1500015258789,116.6449966430664,116.68000030517578,116.68000030517578,109236
2026-07-08 13:30:00,116.6500015258789,117.33000183105469,116.46080017089844,117.33000183105469,117.33000183105469,108095
2026-07-08 14:30:00,117.24500274658203,117.55000305175781,116.47000122070312,116.48999786376953,116.48999786376953,135256
2026-07-08 15:30:00,116.5,117.48999786376953,116.41000366210938,117.20999908447266,117.20999908447266,297646
2026-07-08 16:00:00,117.26,118.0,117.26,118.0,118.0,0
2026-07-08 17:00:00,119.0,119.0,117.26,117.3,117.3,0
2026-07-08 18:00:00,117.35,119.0,110.39,117.85,117.85,0
2026-07-09 04:00:00,118.37,118.37,117.36,117.36,117.36,0
2026-07-09 07:00:00,117.42,117.42,117.42,117.42,117.42,0
2026-07-09 08:00:00,118.7188,119.0,118.4163,118.4163,118.4163,0
2026-07-09 09:00:00,117.0,118.84,116.78,116.97,116.97,0
2026-07-09 09:30:00,116.43000030517578,118.52999877929688,116.43000030517578,118.19999694824219,118.19999694824219,202876
2026-07-09 10:30:00,118.21499633789062,118.97000122070312,117.81500244140625,118.16000366210938,118.16000366210938,139219
2026-07-09 11:30:00,117.8301010131836,118.0999984741211,117.2249984741211,117.65499877929688,117.65499877929688,98923
2026-07-09 12:30:00,117.7300033569336,117.83999633789062,117.30000305175781,117.48500061035156,117.48500061035156,65938
2026-07-09 13:30:00,117.48999786376953,118.30000305175781,117.48999786376953,118.0999984741211,118.0999984741211,71963
2026-07-09 14:30:00,118.11499786376953,118.7300033569336,117.97000122070312,118.58999633789062,118.58999633789062,101760
2026-07-09 15:30:00,118.61000061035156,118.90499877929688,118.29000091552734,118.5250015258789,118.5250015258789,235657
2026-07-09 16:00:00,118.52,119.0,118.0,118.0,118.0,0
2026-07-09 17:00:00,116.755,116.755,116.755,116.755,116.755,0
2026-07-09 18:00:00,117.5,117.5,117.5,117.5,117.5,0
2026-07-09 19:00:00,117.5,118.68,117.5,118.68,118.68,0
2026-07-10 04:00:00,118.396,119.02,118.396,118.7,118.7,0
2026-07-10 05:00:00,118.7,118.7,118.7,118.7,118.7,0
2026-07-10 07:00:00,115.14,118.7,114.6715,118.48,118.48,0
2026-07-10 08:00:00,118.8958,118.8958,118.8958,118.8958,118.8958,0
2026-07-10 09:30:00,118.66999816894531,118.92990112304688,115.72000122070312,116.875,116.875,367227
2026-07-10 10:30:00,116.8499984741211,116.8499984741211,115.27999877929688,115.87999725341797,115.87999725341797,186916
2026-07-10 11:30:00,115.88999938964844,116.33000183105469,115.51000213623047,115.99500274658203,115.99500274658203,91608
2026-07-10 12:30:00,116.05999755859375,116.73999786376953,115.9000015258789,116.36000061035156,116.36000061035156,81367
2026-07-10 13:30:00,116.30000305175781,116.55000305175781,116.1500015258789,116.45999908447266,116.45999908447266,101112
2026-07-10 14:30:00,116.45999908447266,116.77999877929688,116.0199966430664,116.625,116.625,94516
2026-07-10 15:30:00,116.66999816894531,116.98999786376953,116.47000122070312,116.69999694824219,116.69999694824219,211538
2026-07-10 16:00:00,116.71,118.0,116.424,116.71,116.71,0
2026-07-10 17:00:00,116.71,116.71,116.71,116.71,116.71,0
2026-07-10 18:00:00,116.71,116.71,116.71,116.71,116.71,0
2026-07-10 19:00:00,114.51,117.4252,114.51,116.8,116.8,0
2026-07-13 06:00:00,116.71,116.71,116.71,116.71,116.71,0
2026-07-13 07:00:00,117.0,117.0,116.5,116.5,116.5,0
2026-07-13 08:00:00,117.0,117.0,112.0,115.894,115.894,0
2026-07-13 09:30:00,115.97000122070312,116.0199966430664,113.80000305175781,114.29499816894531,114.29499816894531,155856
2026-07-13 10:30:00,114.16000366210938,114.66000366210938,113.97000122070312,114.26000213623047,114.26000213623047,123941
2026-07-13 11:30:00,114.15499877929688,114.80000305175781,114.0250015258789,114.16000366210938,114.16000366210938,81197
2026-07-13 12:30:00,114.08999633789062,114.69000244140625,113.9656982421875,114.58999633789062,114.58999633789062,106826
2026-07-13 13:30:00,114.62000274658203,114.85749816894531,114.44999694824219,114.54000091552734,114.54000091552734,78966
2026-07-13 14:30:00,114.51249694824219,115.20999908447266,114.30999755859375,115.0,115.0,123282
2026-07-13 15:30:00,115.04499816894531,115.11000061035156,114.08999633789062,114.23999786376953,114.23999786376953,295344
2026-07-13 16:00:00,114.23,114.23,114.0,114.0,114.0,0
2026-07-13 17:00:00,114.13,114.7172,114.0715,114.433,114.433,0
2026-07-13 19:00:00,114.105,114.105,114.0,114.0,114.0,0
2026-07-14 05:00:00,114.0,114.0,114.0,114.0,114.0,0
2026-07-14 07:00:00,117.8975,117.8975,113.9,113.9,113.9,0
2026-07-14 09:00:00,113.9,115.95,113.5,113.5,113.5,0
2026-07-14 09:30:00,114.2699966430664,114.2699966430664,112.80999755859375,113.75,113.75,157119
2026-07-14 10:30:00,113.8499984741211,114.52999877929688,113.8499984741211,114.26499938964844,114.26499938964844,123687
2026-07-14 11:30:00,114.25250244140625,115.30999755859375,114.25,114.87000274658203,114.87000274658203,118143
2026-07-14 12:30:00,114.91000366210938,115.29000091552734,114.91000366210938,115.0199966430664,115.0199966430664,54486
2026-07-14 13:30:00,115.0199966430664,115.11000061035156,114.62000274658203,114.62000274658203,114.62000274658203,80438
2026-07-14 14:30:00,114.69999694824219,114.99500274658203,114.47000122070312,114.63999938964844,114.63999938964844,76027
2026-07-14 15:30:00,114.63249969482422,114.98500061035156,114.33499908447266,114.88999938964844,114.88999938964844,184195
2026-07-14 16:00:00,114.88,115.9341,114.88,115.9341,115.9341,0
2026-07-14 17:00:00,113.16,115.0,113.16,115.0,115.0,0
2026-07-14 18:00:00,116.89,116.89,114.87,114.87,114.87,0
2026-07-14 19:00:00,114.87,114.87,113.22,113.22,113.22,0
2026-07-15 04:00:00,112.0,112.0,112.0,112.0,112.0,0
2026-07-15 05:00:00,114.0,114.88,114.0,114.88,114.88,0
2026-07-15 07:00:00,113.0138,114.0,113.0138,113.15,113.15,0
2026-07-15 09:00:00,117.2483,117.2483,113.15,113.15,113.15,0
2026-07-15 09:30:00,113.54000091552734,114.31999969482422,110.55999755859375,114.1500015258789,114.1500015258789,248843
2026-07-15 10:30:00,114.16000366210938,114.88999938964844,113.66999816894531,114.69000244140625,114.69000244140625,139630
2026-07-15 11:30:00,114.83000183105469,115.16000366210938,114.47000122070312,114.94000244140625,114.94000244140625,123627
2026-07-15 12:30:00,114.93000030517578,115.80000305175781,114.85009765625,115.23999786376953,115.23999786376953,143965
2026-07-15 13:30:00,115.20999908447266,115.31500244140625,114.68000030517578,114.76000213623047,114.76000213623047,86575
2026-07-15 14:30:00,114.80999755859375,115.33999633789062,114.68000030517578,114.73999786376953,114.73999786376953,137629
2026-07-15 15:30:00,114.73999786376953,115.18000030517578,114.41000366210938,115.08000183105469,115.08000183105469,342930
2026-07-15 16:00:00,115.09,115.09,114.0,114.0,114.0,0
2026-07-15 17:00:00,114.5,114.5,113.9397,113.9397,113.9397,0
2026-07-15 18:00:00,115.23,115.23,114.87,114.87,114.87,0
2026-07-15 19:00:00,114.87,114.87,113.63,113.63,113.63,0
2026-07-16 04:00:00,116.0,116.0,116.0,116.0,116.0,0
2026-07-16 05:00:00,115.5638,115.5638,115.5638,115.5638,115.5638,0
2026-07-16 07:00:00,115.75,115.99,115.55,115.99,115.99,0
2026-07-16 09:00:00,115.6817,116.0,113.62,113.62,113.62,0
2026-07-16 09:30:00,115.05999755859375,117.18000030517578,114.13009643554688,116.4000015258789,116.4000015258789,324906
2026-07-16 10:30:00,116.5199966430664,116.7300033569336,115.88500213623047,116.43000030517578,116.43000030517578,122504
2026-07-16 11:30:00,116.5199966430664,116.52999877929688,115.08999633789062,115.95500183105469,115.95500183105469,86837
2026-07-16 12:30:00,115.95999908447266,116.06500244140625,115.66000366210938,115.95999908447266,115.95999908447266,52031
2026-07-16 13:30:00,115.93000030517578,116.25499725341797,115.90499877929688,116.20999908447266,116.20999908447266,61394
2026-07-16 14:30:00,116.17500305175781,116.5,115.86009979248047,115.97000122070312,115.97000122070312,131911
2026-07-16 15:30:00,115.98999786376953,116.7699966430664,115.97000122070312,116.6500015258789,116.6500015258789,215063
2026-07-16 16:00:00,116.65,116.65,114.4,116.557,116.557,0
2026-07-16 17:00:00,116.53,116.53,116.53,116.53,116.53,0
2026-07-16 18:00:00,116.0,116.0,116.0,116.0,116.0,0
2026-07-16 19:00:00,116.0,116.0,116.0,116.0,116.0,0
2026-07-17 04:00:00,115.51,115.87,115.51,115.87,115.87,0
2026-07-17 05:00:00,115.87,115.87,115.87,115.87,115.87,0
2026-07-17 06:00:00,115.87,116.35,115.87,116.35,116.35,0
2026-07-17 07:00:00,116.35,116.35,116.35,116.35,116.35,0
2026-07-17 08:00:00,116.35,116.35,116.35,116.35,116.35,0
2026-07-17 09:00:00,116.35,116.48,115.02,115.02,115.02,0
2026-07-17 09:30:00,116.2699966430664,119.5999984741211,116.2699966430664,118.80999755859375,118.80999755859375,576044
2026-07-17 10:30:00,118.80999755859375,118.9000015258789,117.75,117.91000366210938,117.91000366210938,147961
2026-07-17 11:30:00,117.77999877929688,117.83499908447266,116.73500061035156,116.91999816894531,116.91999816894531,170615
2026-07-17 12:30:00,116.91999816894531,117.5,116.83999633789062,117.42500305175781,117.42500305175781,112098
2026-07-17 13:30:00,117.37000274658203,117.69000244140625,117.06999969482422,117.16500091552734,117.16500091552734,118905
2026-07-17 14:30:00,117.0916976928711,117.6050033569336,117.0916976928711,117.41500091552734,117.41500091552734,150044
2026-07-17 15:30:00,117.37000274658203,117.7699966430664,117.01000213623047,117.26000213623047,117.26000213623047,362620
2026-07-17 16:00:00,117.25,117.35,117.25,117.35,117.35,0
2026-07-17 17:00:00,117.6,117.6,115.49,117.25,117.25,0
2026-07-17 19:00:00,117.65,119.132,117.65,119.132,119.132,0
2026-07-20 04:00:00,118.0,118.0,117.75,117.75,117.75,0
2026-07-20 07:00:00,119.0,119.0,116.75,116.75,116.75,0
2026-07-20 08:00:00,117.37,117.37,117.37,117.37,117.37,0
2026-07-20 09:00:00,117.1941,117.77,115.8,116.33,116.33,0
2026-07-20 09:30:00,117.62000274658203,118.6500015258789,116.1500015258789,116.30500030517578,116.30500030517578,148281
2026-07-20 10:30:00,116.23999786376953,116.27999877929688,115.81999969482422,115.91000366210938,115.91000366210938,102303
2026-07-20 11:30:00,115.94499969482422,116.02999877929688,115.61499786376953,115.65499877929688,115.65499877929688,85211
2026-07-20 12:30:00,115.65499877929688,115.9000015258789,115.2249984741211,115.54499816894531,115.54499816894531,68948
2026-07-20 13:30:00,115.52999877929688,115.58000183105469,115.04000091552734,115.13999938964844,115.13999938964844,87424
2026-07-20 14:30:00,115.1500015258789,115.67500305175781,114.95500183105469,115.56999969482422,115.56999969482422,134089
2026-07-20 15:30:00,115.56999969482422,115.81999969482422,115.2300033569336,115.66999816894531,115.66999816894531,298984
2026-07-20 16:00:00,115.65,115.94,114.4508,114.4508,114.4508,0
2026-07-20 17:00:00,115.65,115.65,115.6309,115.65,115.65,0
2026-07-20 18:00:00,114.3588,114.3588,114.0932,114.0932,114.0932,0
2026-07-20 19:00:00,115.93,115.93,115.93,115.93,115.93,0
2026-07-21 04:00:00,115.65,115.65,115.65,115.65,115.65,0
2026-07-21 05:00:00,115.72,115.72,115.7,115.7,115.7,0
2026-07-21 07:00:00,115.7,115.7,115.7,115.7,115.7,0
2026-07-21 08:00:00,115.7,115.7,115.65,115.65,115.65,0
2026-07-21 09:00:00,115.7,115.7,113.98,113.98,113.98,0
2026-07-21 09:30:00,115.43000030517578,118.94950103759766,114.83000183105469,117.56500244140625,117.56500244140625,218358
2026-07-21 10:30:00,117.41999816894531,118.2300033569336,117.30000305175781,117.81999969482422,117.81999969482422,207956
2026-07-21 11:30:00,117.7300033569336,117.95999908447266,117.4729995727539,117.94000244140625,117.94000244140625,151566
2026-07-21 12:30:00,117.93000030517578,118.26000213623047,117.7300033569336,117.94000244140625,117.94000244140625,123856
2026-07-21 13:30:00,117.9749984741211,118.06999969482422,117.66000366210938,117.99500274658203,117.99500274658203,129162
2026-07-21 14:30:00,117.94000244140625,117.99500274658203,117.56999969482422,117.58999633789062,117.58999633789062,117591
2026-07-21 15:30:00,117.55999755859375,118.12000274658203,117.28500366210938,117.33000183105469,117.33000183105469,453840
2026-07-21 16:00:00,117.39,117.39,117.39,117.39,117.39,0
2026-07-21 17:00:00,117.39,117.39,117.39,117.39,117.39,0
2026-07-21 19:00:00,117.39,117.39,117.39,117.39,117.39,0
2026-07-22 07:00:00,117.39,117.39,117.0,117.0,117.0,0
2026-07-22 09:00:00,117.0,117.0,117.0,117.0,117.0,0
2026-07-22 09:30:00,116.2699966430664,118.66000366210938,116.2699966430664,117.63999938964844,117.63999938964844,156287
2026-07-22 10:30:00,117.63500213623047,117.76000213623047,117.14990234375,117.4000015258789,117.4000015258789,79321
2026-07-22 11:30:00,117.44000244140625,117.54000091552734,116.91999816894531,116.95999908447266,116.95999908447266,70769
2026-07-22 12:30:00,116.87519836425781,117.13500213623047,116.59500122070312,116.87000274658203,116.87000274658203,49581
2026-07-22 13:30:00,116.81999969482422,116.88500213623047,116.56999969482422,116.86000061035156,116.86000061035156,76493
2026-07-22 14:30:00,116.87000274658203,116.94499969482422,116.4000015258789,116.4000015258789,116.4000015258789,91060
2026-07-22 15:30:00,116.31999969482422,116.62000274658203,115.7699966430664,115.79000091552734,115.79000091552734,215819
2026-07-22 16:00:00,115.79,115.79,115.79,115.79,115.79,0
2026-07-22 17:00:00,115.95,115.95,115.95,115.95,115.95,0
2026-07-22 18:00:00,116.0995,116.0995,116.0995,116.0995,116.0995,0
2026-07-22 19:00:00,115.79,115.79,115.79,115.79,115.79,0
2026-07-23 06:00:00,115.0,115.0,115.0,115.0,115.0,0
2026-07-23 07:00:00,115.79,115.79,115.79,115.79,115.79,0
2026-07-23 09:00:00,117.32,117.32,115.0,115.0,115.0,0
2026-07-23 09:30:00,115.04000091552734,116.48999786376953,114.50499725341797,116.48999786376953,116.48999786376953,115241
2026-07-23 10:30:00,116.5999984741211,117.45999908447266,116.41500091552734,116.80000305175781,116.80000305175781,67487
2026-07-23 11:30:00,116.70999908447266,116.80500030517578,116.01000213623047,116.02010345458984,116.02010345458984,57782
2026-07-23 12:30:00,116.11499786376953,116.30999755859375,115.94499969482422,116.16010284423828,116.16010284423828,44938
2026-07-23 13:30:00,116.22000122070312,116.31999969482422,115.87000274658203,116.13999938964844,116.13999938964844,61103
2026-07-23 14:30:00,116.13999938964844,116.76000213623047,115.95999908447266,116.56999969482422,116.56999969482422,102106
2026-07-23 15:30:00,116.62000274658203,116.90499877929688,116.18499755859375,116.68000030517578,116.68000030517578,201714
2026-07-23 16:00:00,116.69,116.69,114.0,114.9835,114.9835,0
2026-07-23 17:00:00,116.69,116.69,116.69,116.69,116.69,0
2026-07-23 19:00:00,117.0,117.0,114.0,114.847,114.847,0
2026-07-24 08:00:00,117.0,117.0,117.0,117.0,117.0,0
2026-07-24 09:00:00,116.52,116.52,116.0,116.0,116.0,0
2026-07-24 09:30:00,117.70999908447266,119.12999725341797,116.69999694824219,118.16000366210938,118.16000366210938,188041
2026-07-24 10:30:00,118.19999694824219,118.23999786376953,117.05999755859375,117.73999786376953,117.73999786376953,115218
2026-07-24 11:30:00,117.79000091552734,117.95999908447266,117.55000305175781,117.8550033569336,117.8550033569336,77278
2026-07-24 12:30:00,117.9000015258789,118.38999938964844,117.66999816894531,118.23999786376953,118.23999786376953,113027
2026-07-24 13:30:00,118.2750015258789,118.41999816894531,117.70999908447266,117.80000305175781,117.80000305175781,122204
2026-07-24 14:30:00,117.80000305175781,118.0199966430664,117.56999969482422,117.58999633789062,117.58999633789062,157361
2026-07-24 15:30:00,117.58999633789062,117.87000274658203,117.5,117.66999816894531,117.66999816894531,186770
2026-07-24 16:00:00,117.67,119.73,114.0,116.33,116.33,0
2026-07-24 19:00:00,114.0,117.0,114.0,116.96,116.96,0
2026-07-27 04:00:00,116.96,116.96,116.96,116.96,116.96,0
2026-07-27 05:00:00,117.0,117.0,117.0,117.0,117.0,0
2026-07-27 06:00:00,116.01,117.0,115.99,117.0,117.0,0
2026-07-27 07:00:00,117.4,118.2892,117.33,118.2892,118.2892,0
2026-07-27 08:00:00,118.901,118.901,117.31,117.48,117.48,0
2026-07-27 09:00:00,118.33,118.33,118.05,118.05,118.05,0
2026-07-27 09:30:00,117.66999816894531,120.70999908447266,117.55500030517578,119.63500213623047,119.63500213623047,583623
2026-07-27 10:30:00,119.63500213623047,120.0,118.91999816894531,119.45999908447266,119.45999908447266,238606
2026-07-27 11:30:00,119.55999755859375,120.02999877929688,119.06999969482422,119.30500030517578,119.30500030517578,197899
2026-07-27 12:30:00,119.29000091552734,119.41000366210938,118.92500305175781,119.09500122070312,119.09500122070312,181309
2026-07-27 13:30:00,119.05999755859375,120.0,118.8499984741211,119.58999633789062,119.58999633789062,178527
2026-07-27 14:30:00,119.58000183105469,119.81500244140625,118.88999938964844,118.88999938964844,118.88999938964844,351756
2026-07-27 15:30:00,118.94000244140625,119.30500030517578,118.44999694824219,118.91999816894531,118.91999816894531,529440
2026-07-27 16:00:00,119.01,120.88,117.95,120.0199,120.0199,0
2026-07-27 17:00:00,120.5,120.5,116.5859,116.9684,116.9684,0
2026-07-27 18:00:00,117.11,117.11,117.11,117.11,117.11,0
2026-07-27 19:00:00,116.9684,119.77,116.9684,118.4924,118.4924,0
2026-07-28 04:00:00,116.6272,116.6272,116.6272,116.6272,116.6272,0
2026-07-28 07:00:00,119.05,119.99,116.0,118.5,118.5,0
2026-07-28 08:00:00,118.5,119.4,118.0,118.9953,118.9953,0
2026-07-28 09:00:00,119.0,119.39,117.45,119.3,119.3,0
2026-07-28 09:30:00,118.87000274658203,125.63999938964844,118.6449966430664,124.94000244140625,124.94000244140625,942389
2026-07-28 10:30:00,125.0999984741211,127.86250305175781,124.68000030517578,127.54000091552734,127.54000091552734,494471
2026-07-28 11:30:00,127.54000091552734,128.2825927734375,123.2699966430664,124.88999938964844,124.88999938964844,758725
2026-07-28 12:30:00,124.9000015258789,131.33999633789062,124.87000274658203,128.69500732421875,128.69500732421875,797026
2026-07-28 13:30:00,128.6999969482422,131.08999633789062,127.99500274658203,129.55999755859375,129.55999755859375,547658
2026-07-28 14:30:00,129.60000610351562,132.5399932861328,129.60000610351562,130.47000122070312,130.47000122070312,1104185
2026-07-28 15:30:00,130.4499969482422,132.5800018310547,129.75999450683594,129.97000122070312,129.97000122070312,775278
2026-07-28 16:00:00,129.93,134.25,128.0,129.93,129.93,0
2026-07-28 17:00:00,132.0,132.5,120.0,120.0,120.0,0
2026-07-28 18:00:00,129.5,132.0,128.42,132.0,132.0,0
2026-07-28 19:00:00,130.0,131.5,129.87,129.87,129.87,0
2026-07-29 04:00:00,131.66,131.66,131.66,131.66,131.66,0
2026-07-29 05:00:00,131.9997,131.9997,131.9997,131.9997,131.9997,0
2026-07-29 06:00:00,131.56,133.41,131.0,132.0,132.0,0
2026-07-29 07:00:00,131.42,133.41,129.93,130.0,130.0,0
2026-07-29 08:00:00,131.38,131.38,128.5,130.88,130.88,0
2026-07-29 09:00:00,131.0,132.5,126.182,128.75,128.75,0
2026-07-29 09:30:00,128.8699951171875,129.9459991455078,127.2699966430664,128.33999633789062,128.33999633789062,411186
2026-07-29 10:30:00,128.08999633789062,128.19500732421875,126.16500091552734,126.72000122070312,126.72000122070312,303349
2026-07-29 11:30:00,126.6500015258789,127.17990112304688,125.83000183105469,126.13999938964844,126.13999938964844,187336
2026-07-29 12:30:00,126.0,127.8375015258789,125.93000030517578,127.67500305175781,127.67500305175781,255020
2026-07-29 13:30:00,127.66000366210938,129.0,127.43000030517578,128.22500610351562,128.22500610351562,256908
2026-07-29 14:30:00,128.24000549316406,128.3000030517578,126.64179992675781,126.93499755859375,126.93499755859375,268265
2026-07-29 15:30:00,126.93000030517578,127.45999908447266,126.19999694824219,127.05999755859375,127.05999755859375,611596
2026-07-29 16:00:00,127.1,127.1,120.0,127.1,127.1,0
2026-07-29 17:00:00,127.1,127.2,126.75,127.2,127.2,0
2026-07-29 18:00:00,126.084,127.1,125.8305,126.83,126.83,0
2026-07-29 19:00:00,126.46,129.33,126.46,127.6674,127.6674,0
2026-07-30 04:00:00,126.72,126.72,126.72,126.72,126.72,0
2026-07-30 07:00:00,126.75,128.0,126.67,126.67,126.67,0
2026-07-30 08:00:00,126.5,126.94,126.1,126.1,126.1,0
2026-07-30 09:00:00,127.87,128.0,123.42,123.81,123.81,0
2026-07-30 09:30:00,123.98999786376953,126.41000366210938,121.83999633789062,122.11499786376953,122.11499786376953,376746
2026-07-30 10:30:00,122.10749816894531,122.8499984741211,121.81999969482422,122.25,122.25,234425
2026-07-30 11:30:00,122.13999938964844,122.55000305175781,121.62999725341797,122.04000091552734,122.04000091552734,220730
2026-07-30 12:30:00,122.0999984741211,123.13619995117188,122.0999984741211,122.30000305175781,122.30000305175781,175260
2026-07-30 13:30:00,122.30000305175781,123.0,122.29000091552734,123.0,123.0,189509
2026-07-30 14:30:00,123.01000213623047,123.52999877929688,122.86000061035156,123.18499755859375,123.18499755859375,277289
2026-07-30 15:30:00,123.19000244140625,123.30999755859375,122.37000274658203,123.16000366210938,123.16000366210938,624379
2026-07-30 16:00:00,122.99,124.0285,122.286,123.55,123.55,0
2026-07-30 17:00:00,122.88,123.5,122.88,123.5,123.5,0
2026-07-30 18:00:00,123.0,123.0,122.88,122.88,122.88,0
2026-07-30 19:00:00,122.88,123.0,122.88,123.0,123.0,0
2026-07-31 04:00:00,122.05,122.05,122.05,122.05,122.05,0
2026-07-31 06:00:00,123.13,123.13,123.13,123.13,123.13,0
2026-07-31 07:00:00,122.9819,123.6,122.98,123.0,123.0,0
2026-07-31 08:00:00,122.5791,122.5791,122.5791,122.5791,122.5791,0
2026-07-31 09:00:00,123.7233,123.7233,122.0,122.0,122.0,0
2026-07-31 09:30:00,122.19000244140625,122.66999816894531,118.44000244140625,119.25,119.25,320273
2026-07-31 10:30:00,119.19000244140625,120.18000030517578,118.98999786376953,120.12999725341797,120.12999725341797,163115
2026-07-31 11:30:00,120.04000091552734,120.05999755859375,119.26000213623047,119.58999633789062,119.58999633789062,140367
2026-07-31 12:30:00,119.66500091552734,120.22000122070312,119.41999816894531,120.13999938964844,120.13999938964844,87203
2026-07-31 13:30:00,120.125,120.25,119.7699966430664,120.125,120.125,118158
2026-07-31 14:30:00,120.04000091552734,120.28500366210938,119.6500015258789,120.18499755859375,120.18499755859375,191140
2026-07-31 15:30:00,120.18000030517578,120.31500244140625,119.48999786376953,119.48999786376953,119.48999786376953,315299
2026-07-31 16:00:00,119.52,119.81,119.52,119.52,119.52,0
2026-07-31 17:00:00,119.52,121.7295,119.52,121.7295,121.7295,0
2026-07-31 18:00:00,117.45,119.52,117.45,119.52,119.52,0
2026-07-31 19:00:00,119.52,119.52,117.7538,117.7538,117.7538,0
2026-08-03 06:00:00,119.53,119.53,119.52,119.52,119.52,0
2026-08-03 07:00:00,119.52,121.7,119.01,119.95,119.95,0
2026-08-03 08:00:00,120.1,120.1,120.1,120.1,120.1,0
2026-08-03 09:00:00,120.62,122.0,120.01,120.01,120.01,0
2026-08-03 09:30:00,120.06999969482422,121.31500244140625,119.02890014648438,120.26000213623047,120.26000213623047,235134
2026-08-03 10:30:00,120.23999786376953,120.38999938964844,119.23999786376953,119.6500015258789,119.6500015258789,103352
2026-08-03 11:30:00,119.58999633789062,119.66000366210938,118.54499816894531,118.86000061035156,118.86000061035156,126911
2026-08-03 12:30:00,118.82499694824219,119.06999969482422,118.54000091552734,118.58000183105469,118.58000183105469,81410
2026-08-03 13:30:00,118.57499694824219,119.20989990234375,118.57499694824219,118.95999908447266,118.95999908447266,93254
2026-08-03 14:30:00,118.92500305175781,119.15499877929688,118.70999908447266,118.81999969482422,118.81999969482422,129378
2026-08-03 15:30:00,118.8499984741211,118.92500305175781,118.0199966430664,118.44000244140625,118.44000244140625,296362
2026-08-03 16:00:00,118.43,119.2,117.36,118.43,118.43,0
2026-08-03 17:00:00,118.43,118.43,118.43,118.43,118.43,0
2026-08-03 18:00:00,117.7139,118.9883,117.36,118.9499,118.9499,0
2026-08-03 19:00:00,118.5,118.9567,117.97,118.374,118.374,0
2026-08-04 04:00:00,120.13,120.13,119.69,119.69,119.69,0
2026-08-04 05:00:00,118.97,118.97,118.97,118.97,118.97,0
2026-08-04 06:00:00,118.41,118.41,118.41,118.41,118.41,0
2026-08-04 07:00:00,118.92,120.0,117.76,117.76,117.76,0
2026-08-04 08:00:00,118.43,119.0,118.43,119.0,119.0,0
2026-08-04 09:00:00,120.98,120.98,118.2,118.21,118.21,0
2026-08-04 09:30:00,119.08000183105469,119.08000183105469,117.0,117.66999816894531,117.66999816894531,276386
2026-08-04 10:30:00,117.81999969482422,119.20999908447266,117.80500030517578,119.02999877929688,119.02999877929688,146600
2026-08-04 11:30:00,119.1500015258789,119.9480972290039,118.98999786376953,119.81999969482422,119.81999969482422,131198
2026-08-04 12:30:00,119.80000305175781,120.6698989868164,119.5199966430664,119.79000091552734,119.79000091552734,374119
2026-08-04 13:30:00,119.74500274658203,120.45989990234375,119.70999908447266,120.09500122070312,120.09500122070312,142867
2026-08-04 14:30:00,120.13999938964844,120.26000213623047,119.2300033569336,120.16000366210938,120.16000366210938,281297
2026-08-04 15:30:00,120.16999816894531,120.93000030517578,120.1500015258789,120.5999984741211,120.5999984741211,283630
2026-08-04 16:00:00,120.6,120.98,120.6,120.97,120.97,0
2026-08-04 17:00:00,119.9,120.98,119.9,120.77,120.77,0
2026-08-04 18:00:00,120.88,120.88,120.1364,120.8,120.8,0
2026-08-04 19:00:00,120.7436,120.88,120.55,120.55,120.55,0
2026-08-05 04:00:00,121.5,123.47,121.5,123.47,123.47,0
2026-08-05 05:00:00,121.0617,123.47,121.0617,121.23,121.23,0
2026-08-05 06:00:00,121.24,121.72,121.24,121.72,121.72,0
2026-08-05 07:00:00,121.72,121.99,120.3945,121.43,121.43,0
2026-08-05 08:00:00,121.6971,121.99,121.06,121.75,121.75,0
2026-08-05 09:00:00,121.76,125.4,121.1,125.4,125.4,0
2026-08-05 09:30:00,124.0199966430664,124.56999969482422,121.30000305175781,121.48999786376953,121.48999786376953,355780
2026-08-05 10:30:00,121.86000061035156,121.86000061035156,120.33000183105469,120.66999816894531,120.66999816894531,249532
2026-08-05 11:30:00,120.58000183105469,121.55989837646484,120.3499984741211,121.05500030517578,121.05500030517578,189581
2026-08-05 12:30:00,121.05999755859375,121.17990112304688,120.53500366210938,120.98500061035156,120.98500061035156,137901
2026-08-05 13:30:00,120.98500061035156,120.98500061035156,120.4000015258789,120.5199966430664,120.5199966430664,138400
2026-08-05 14:30:00,120.51499938964844,120.58000183105469,119.86499786376953,119.94999694824219,119.94999694824219,88428
2026-08-05 15:30:00,119.9000015258789,119.98999786376953,119.5199966430664,119.7699966430664,119.7699966430664,247628
2026-08-05 16:00:00,119.8,119.8,119.2,119.8,119.8,0
2026-08-05 17:00:00,119.8,120.0,119.8,120.0,120.0,0
2026-08-05 19:00:00,120.0,120.5,119.4776,119.4776,119.4776,0
2026-08-06 04:00:00,121.9865,121.9865,121.9865,121.9865,121.9865,0
2026-08-06 07:00:00,121.5202,121.5202,119.0001,119.49,119.49,0
2026-08-06 09:00:00,119.8,119.9,119.0001,119.2477,119.2477,0
2026-08-06 09:30:00,119.80000305175781,120.0,115.7699966430664,116.25,116.25,280191
2026-08-06 10:30:00,116.25499725341797,116.7750015258789,115.91000366210938,116.40499877929688,116.40499877929688,167867
2026-08-06 11:30:00,116.37000274658203,117.86000061035156,115.80999755859375,117.48500061035156,117.48500061035156,549758
2026-08-06 12:30:00,117.48500061035156,117.55999755859375,116.76499938964844,116.91999816894531,116.91999816894531,132943
2026-08-06 13:30:00,116.93000030517578,117.19999694824219,116.63500213623047,116.83000183105469,116.83000183105469,93887
2026-08-06 14:30:00,116.73500061035156,117.75,116.51000213623047,117.70999908447266,117.70999908447266,237140
2026-08-06 15:30:00,117.70999908447266,118.7249984741211,117.62999725341797,118.38999938964844,118.38999938964844,542663
2026-08-06 16:00:00,118.38,118.39,118.38,118.39,118.39,0
2026-08-06 17:00:00,118.38,118.81,118.0,118.81,118.81,0
2026-08-06 19:00:00,118.38,118.38,118.38,118.38,118.38,0
2026-08-07 04:00:00,118.38,119.76,118.38,119.76,119.76,0
2026-08-07 07:00:00,118.38,118.38,116.5,116.5,116.5,0
2026-08-07 08:00:00,118.5,118.5,118.5,118.5,118.5,0
2026-08-07 09:00:00,118.81,118.81,116.8,116.8,116.8,0
2026-08-07 09:30:00,118.80999755859375,119.96990203857422,117.37999725341797,119.54000091552734,119.54000091552734,173459
2026-08-07 10:30:00,119.54000091552734,120.81999969482422,119.16000366210938,120.31500244140625,120.31500244140625,154196
2026-08-07 11:30:00,120.25,120.58000183105469,119.79000091552734,119.91999816894531,119.91999816894531,114163
2026-08-07 12:30:00,119.92500305175781,120.44999694824219,119.68000030517578,120.38500213623047,120.38500213623047,195414
2026-08-07 13:30:00,120.41500091552734,120.6500015258789,120.23999786376953,120.50499725341797,120.50499725341797,91400
2026-08-07 14:30:00,120.43499755859375,120.87999725341797,120.1449966430664,120.2300033569336,120.2300033569336,271266
2026-08-07 15:30:00,120.37000274658203,120.69000244140625,120.19000244140625,120.55999755859375,120.55999755859375,236172
2026-08-07 16:00:00,120.56,120.6778,119.925,120.6778,120.6778,0
2026-08-07 17:00:00,120.37,120.37,117.275,117.275,117.275,0
2026-08-07 18:00:00,120.8,120.8,120.8,120.8,120.8,0
2026-08-07 19:00:00,120.0,120.0,120.0,120.0,120.0,0
2026-08-10 04:00:00,121.67,121.67,121.67,121.67,121.67,0
2026-08-10 06:00:00,118.67,120.7,118.67,120.52,120.52,0
2026-08-10 07:00:00,120.52,121.99,120.0,120.01,120.01,0
2026-08-10 08:00:00,120.0,120.01,119.49,119.49,119.49,0
2026-08-10 09:00:00,117.2401,121.5,117.2401,121.5,121.5,0
2026-08-10 09:30:00,120.55999755859375,122.26000213623047,120.5,121.83999633789062,121.83999633789062,137259
2026-08-10 10:30:00,121.84500122070312,122.41999816894531,121.45999908447266,122.20500183105469,122.20500183105469,115123
2026-08-10 11:30:00,122.20999908447266,122.37999725341797,121.80000305175781,122.31500244140625,122.31500244140625,81214
2026-08-10 12:30:00,122.33999633789062,122.68800354003906,122.09500122070312,122.5,122.5,88683
2026-08-10 13:30:00,122.51000213623047,122.51000213623047,121.91500091552734,121.96009826660156,121.96009826660156,61136
2026-08-10 14:30:00,122.0199966430664,122.2699966430664,121.69049835205078,121.8949966430664,121.8949966430664,87709
2026-08-10 15:30:00,121.87000274658203,122.12000274658203,121.30999755859375,121.55000305175781,121.55000305175781,274158
2026-08-10 16:00:00,121.55,122.6,121.0,121.83,121.83,0
2026-08-10 17:00:00,121.55,122.5,121.55,122.5,122.5,0
2026-08-10 18:00:00,122.5,122.5,122.5,122.5,122.5,0
2026-08-10 19:00:00,122.0,122.0,120.555,120.555,120.555,0
2026-08-11 04:00:00,121.0,121.0,121.0,121.0,121.0,0
2026-08-11 09:00:00,121.96,121.96,121.0,121.0,121.0,0
2026-08-11 09:30:00,121.13999938964844,122.27999877929688,120.41000366210938,120.66000366210938,120.66000366210938,148615
2026-08-11 10:30:00,120.59500122070312,120.88999938964844,120.05879974365234,120.70999908447266,120.70999908447266,84020
2026-08-11 11:30:00,120.63500213623047,121.22989654541016,120.58000183105469,121.0999984741211,121.0999984741211,89431
2026-08-11 12:30:00,121.07949829101562,121.33000183105469,121.06999969482422,121.19999694824219,121.19999694824219,80493
2026-08-11 13:30:00,121.18000030517578,121.30000305175781,120.58999633789062,120.67500305175781,120.67500305175781,96807
2026-08-11 14:30:00,120.66000366210938,120.86000061035156,120.41999816894531,120.67500305175781,120.67500305175781,93007
2026-08-11 15:30:00,120.7249984741211,121.4000015258789,120.66000366210938,121.06999969482422,121.06999969482422,212984
2026-08-11 16:00:00,121.07,122.0,121.07,121.07,121.07,0
2026-08-11 17:00:00,121.07,121.07,120.9,120.9,120.9,0
2026-08-11 18:00:00,121.07,121.07,121.07,121.07,121.07,0
2026-08-11 19:00:00,121.87,121.9,121.07,121.9,121.9,0
2026-08-12 05:00:00,121.08,121.08,121.08,121.08,121.08,0
2026-08-12 06:00:00,121.08,121.08,121.07,121.07,121.07,0
2026-08-12 07:00:00,121.1,121.1,120.5,121.1,121.1,0
2026-08-12 09:00:00,120.51,120.61,119.55,119.55,119.55,0
2026-08-12 09:30:00,119.54000091552734,120.68000030517578,118.87999725341797,120.44499969482422,120.44499969482422,125015
2026-08-12 10:30:00,120.41500091552734,121.26000213623047,120.32140350341797,121.25,121.25,73722
2026-08-12 11:30:00,121.20999908447266,121.56999969482422,121.08999633789062,121.23999786376953,121.23999786376953,82244
2026-08-12 12:30:00,121.1500015258789,121.16999816894531,120.71859741210938,120.72000122070312,120.72000122070312,76277
2026-08-12 13:30:00,120.7699966430664,120.87000274658203,120.44499969482422,120.58000183105469,120.58000183105469,90748
2026-08-12 14:30:00,120.54000091552734,120.79000091552734,120.53500366210938,120.72000122070312,120.72000122070312,119948
2026-08-12 15:30:00,120.69499969482422,120.95999908447266,120.44999694824219,120.75,120.75,279113
2026-08-12 16:00:00,120.77,121.41,120.77,121.41,121.41,0
2026-08-12 17:00:00,115.4086,116.055,115.4086,116.055,116.055,0
2026-08-12 19:00:00,120.77,120.77,120.77,120.77,120.77,0
2026-08-13 07:00:00,120.77,120.77,120.77,120.77,120.77,0
2026-08-13 08:00:00,121.58,121.58,119.2,119.789,119.789,0
2026-08-13 09:00:00,121.41,121.41,119.0,121.41,121.41,0
2026-08-13 09:30:00,122.2300033569336,122.2300033569336,119.70999908447266,120.4800033569336,120.4800033569336,122846
2026-08-13 10:30:00,120.41999816894531,120.9198989868164,120.12000274658203,120.5250015258789,120.5250015258789,86167
2026-08-13 11:30:00,120.56500244140625,120.66000366210938,120.22000122070312,120.28880310058594,120.28880310058594,54896
2026-08-13 12:30:00,120.33000183105469,120.52999877929688,120.16999816894531,120.22000122070312,120.22000122070312,37476
2026-08-13 13:30:00,120.18000030517578,120.57240295410156,120.09500122070312,120.36000061035156,120.36000061035156,83865
2026-08-13 14:30:00,120.31999969482422,120.31999969482422,119.93000030517578,119.95500183105469,119.95500183105469,63020
2026-08-13 15:30:00,120.01000213623047,120.73999786376953,119.80000305175781,120.48999786376953,120.48999786376953,175064
2026-08-13 16:00:00,120.52,120.52,119.99,120.15,120.15,0
2026-08-13 17:00:00,120.52,120.52,120.51,120.51,120.51,0
2026-08-13 18:00:00,120.5,120.5,120.5,120.5,120.5,0
2026-08-13 19:00:00,120.52,120.52,118.5,118.5,118.5,0
2026-08-14 04:00:00,120.51,122.6424,120.51,122.6424,122.6424,0
2026-08-14 07:00:00,120.0,120.0,120.0,120.0,120.0,0
2026-08-14 08:00:00,120.27,120.27,120.27,120.27,120.27,0
2026-08-14 09:00:00,120.0,120.52,120.0,120.52,120.52,0
2026-08-14 09:30:00,119.16000366210938,119.4800033569336,117.55999755859375,119.37999725341797,119.37999725341797,87065
2026-08-14 10:30:00,119.30999755859375,119.65499877929688,118.95999908447266,119.46929931640625,119.46929931640625,72514
2026-08-14 11:30:00,119.56999969482422,119.64810180664062,119.0,119.58499908447266,119.58499908447266,47790
2026-08-14 12:30:00,119.62999725341797,120.11000061035156,119.44999694824219,120.04000091552734,120.04000091552734,60521
2026-08-14 13:30:00,120.04000091552734,120.2699966430664,119.88999938964844,120.05000305175781,120.05000305175781,74785
2026-08-14 14:30:00,120.12999725341797,120.22000122070312,119.83000183105469,120.02999877929688,120.02999877929688,79845
2026-08-14 15:30:00,120.02999877929688,120.43499755859375,120.0,120.16999816894531,120.16999816894531,138645
2026-08-14 16:00:00,120.16,120.16,120.16,120.16,120.16,0
2026-08-14 17:00:00,120.16,120.8,120.15,120.8,120.8,0
2026-08-14 18:00:00,118.655,118.655,118.35,118.35,118.35,0
2026-08-14 19:00:00,120.16,120.17,120.16,120.17,120.17,0
